Datetime,Actual,Predicted
2016-07-07 02:00:00,12922.0,12949.262
2016-07-07 03:00:00,12655.0,12568.829
2016-07-07 04:00:00,12626.0,12572.396
2016-07-07 05:00:00,13044.0,13013.306
2016-07-07 06:00:00,13631.0,13859.071
2016-07-07 07:00:00,14566.0,14501.32
2016-07-07 08:00:00,15306.0,15285.658
2016-07-07 09:00:00,15979.0,15993.826
2016-07-07 10:00:00,16815.0,16772.643
2016-07-07 11:00:00,17697.0,17581.996
2016-07-07 12:00:00,18362.0,18382.69
2016-07-07 13:00:00,19052.0,18971.525
2016-07-07 14:00:00,19184.0,19502.947
2016-07-07 15:00:00,19243.0,19332.275
2016-07-07 16:00:00,19263.0,19183.955
2016-07-07 17:00:00,19078.0,19032.287
2016-07-07 18:00:00,19083.0,18588.467
2016-07-07 19:00:00,18615.0,18483.113
2016-07-07 20:00:00,18084.0,18191.084
2016-07-07 21:00:00,17831.0,17890.225
2016-07-07 22:00:00,16900.0,16850.95
2016-07-07 23:00:00,15546.0,15484.309
2016-07-08 00:00:00,14335.0,14371.937
2016-07-08 01:00:00,13566.0,13558.147
2016-07-08 02:00:00,13165.0,12979.477
2016-07-08 03:00:00,12817.0,12891.644
2016-07-08 04:00:00,12879.0,12820.22
2016-07-08 05:00:00,13319.0,13322.855
2016-07-08 06:00:00,14022.0,14112.397
2016-07-08 07:00:00,14651.0,14924.514
2016-07-08 08:00:00,15407.0,15414.431
2016-07-08 09:00:00,16301.0,16050.294
2016-07-08 10:00:00,16961.0,17186.463
2016-07-08 11:00:00,17829.0,17595.19
2016-07-08 12:00:00,18548.0,18454.004
2016-07-08 13:00:00,19145.0,19173.627
2016-07-08 14:00:00,19257.0,19454.86
2016-07-08 15:00:00,19010.0,19346.023
2016-07-08 16:00:00,18999.0,18826.748
2016-07-08 17:00:00,18923.0,18719.94
2016-07-08 18:00:00,18383.0,18500.3
2016-07-08 19:00:00,17738.0,17728.336
2016-07-08 20:00:00,17125.0,17314.104
2016-07-08 21:00:00,16701.0,16868.908
2016-07-08 22:00:00,15989.0,15778.091
2016-07-08 23:00:00,14779.0,14686.251
2016-07-09 00:00:00,13695.0,13716.275
2016-07-09 01:00:00,12768.0,12869.952
2016-07-09 02:00:00,12252.0,12277.043
2016-07-09 03:00:00,11856.0,11850.67
2016-07-09 04:00:00,11694.0,11709.624
2016-07-09 05:00:00,11740.0,11768.745
2016-07-09 06:00:00,11720.0,11925.153
2016-07-09 07:00:00,12282.0,12340.648
2016-07-09 08:00:00,13225.0,13203.876
2016-07-09 09:00:00,14253.0,14049.706
2016-07-09 10:00:00,15167.0,15169.876
2016-07-09 11:00:00,15655.0,15961.832
2016-07-09 12:00:00,15995.0,16189.429
2016-07-09 13:00:00,16336.0,16361.082
2016-07-09 14:00:00,16563.0,16425.832
2016-07-09 15:00:00,16811.0,16681.504
2016-07-09 16:00:00,16937.0,16928.451
2016-07-09 17:00:00,17003.0,16956.16
2016-07-09 18:00:00,16768.0,16756.396
2016-07-09 19:00:00,16208.0,16296.363
2016-07-09 20:00:00,15443.0,15755.994
2016-07-09 21:00:00,15066.0,15211.171
2016-07-09 22:00:00,14356.0,14209.029
2016-07-09 23:00:00,13304.0,13366.393
2016-07-10 00:00:00,12218.0,12360.81
2016-07-10 01:00:00,11564.0,11624.954
2016-07-10 02:00:00,11056.0,11109.949
2016-07-10 03:00:00,10738.0,10786.709
2016-07-10 04:00:00,10608.0,10622.884
2016-07-10 05:00:00,10556.0,10637.1455
2016-07-10 06:00:00,10501.0,10689.731
2016-07-10 07:00:00,11060.0,11102.755
2016-07-10 08:00:00,11947.0,12042.714
2016-07-10 09:00:00,13023.0,12838.233
2016-07-10 10:00:00,13923.0,13779.168
2016-07-10 11:00:00,14698.0,14698.093
2016-07-10 12:00:00,15377.0,15471.566
2016-07-10 13:00:00,15855.0,15890.079
2016-07-10 14:00:00,16446.0,16289.489
2016-07-10 15:00:00,16931.0,16861.738
2016-07-10 16:00:00,17339.0,17380.297
2016-07-10 17:00:00,17597.0,17687.018
2016-07-10 18:00:00,17621.0,17469.646
2016-07-10 19:00:00,17336.0,17235.648
2016-07-10 20:00:00,16594.0,16966.242
2016-07-10 21:00:00,16265.0,16390.902
2016-07-10 22:00:00,15316.0,15565.683
2016-07-10 23:00:00,14186.0,14171.676
2016-07-11 00:00:00,13074.0,13207.682
2016-07-11 01:00:00,12365.0,12417.578
2016-07-11 02:00:00,11894.0,11963.478
2016-07-11 03:00:00,11789.0,11685.117
2016-07-11 04:00:00,11909.0,11781.125
2016-07-11 05:00:00,12359.0,12412.178
2016-07-11 06:00:00,12973.0,13059.117
2016-07-11 07:00:00,13886.0,13864.715
2016-07-11 08:00:00,14935.0,14802.356
2016-07-11 09:00:00,15894.0,15799.334
2016-07-11 10:00:00,17113.0,16835.63
2016-07-11 11:00:00,18079.0,18013.56
2016-07-11 12:00:00,19050.0,18879.396
2016-07-11 13:00:00,19740.0,19800.59
2016-07-11 14:00:00,20219.0,20147.86
2016-07-11 15:00:00,20531.0,20514.545
2016-07-11 16:00:00,20860.0,20774.836
2016-07-11 17:00:00,20984.0,20877.71
2016-07-11 18:00:00,20738.0,20638.795
2016-07-11 19:00:00,20161.0,20183.713
2016-07-11 20:00:00,19432.0,19469.127
2016-07-11 21:00:00,18834.0,19127.986
2016-07-11 22:00:00,17662.0,17813.986
2016-07-11 23:00:00,15953.0,16224.211
2016-07-12 00:00:00,14720.0,14796.53
2016-07-12 01:00:00,13761.0,13974.8955
2016-07-12 02:00:00,13125.0,13186.79
2016-07-12 03:00:00,12761.0,12763.611
2016-07-12 04:00:00,12723.0,12747.257
2016-07-12 05:00:00,13143.0,13123.926
2016-07-12 06:00:00,13672.0,13803.579
2016-07-12 07:00:00,14648.0,14593.607
2016-07-12 08:00:00,15628.0,15498.6
2016-07-12 09:00:00,16896.0,16555.957
2016-07-12 10:00:00,18136.0,18015.105
2016-07-12 11:00:00,19178.0,19000.346
2016-07-12 12:00:00,20149.0,20058.34
2016-07-12 13:00:00,20830.0,20971.742
2016-07-12 14:00:00,21235.0,21152.871
2016-07-12 15:00:00,20969.0,21340.932
2016-07-12 16:00:00,20797.0,20893.23
2016-07-12 17:00:00,20482.0,20516.314
2016-07-12 18:00:00,20240.0,19992.123
2016-07-12 19:00:00,19670.0,19634.9
2016-07-12 20:00:00,18994.0,19192.008
2016-07-12 21:00:00,18616.0,18747.941
2016-07-12 22:00:00,17515.0,17494.484
2016-07-12 23:00:00,16083.0,16059.447
2016-07-13 00:00:00,14831.0,14864.341
2016-07-13 01:00:00,14055.0,14027.19
2016-07-13 02:00:00,13565.0,13530.845
2016-07-13 03:00:00,13224.0,13188.152
2016-07-13 04:00:00,13298.0,13166.42
2016-07-13 05:00:00,13689.0,13788.047
2016-07-13 06:00:00,14286.0,14370.58
2016-07-13 07:00:00,15181.0,15126.8955
2016-07-13 08:00:00,16174.0,16089.875
2016-07-13 09:00:00,17195.0,17034.72
2016-07-13 10:00:00,18315.0,18202.668
2016-07-13 11:00:00,19125.0,19180.098
2016-07-13 12:00:00,20193.0,19838.572
2016-07-13 13:00:00,20839.0,20865.344
2016-07-13 14:00:00,21160.0,21134.01
2016-07-13 15:00:00,21125.0,21097.215
2016-07-13 16:00:00,21002.0,21028.053
2016-07-13 17:00:00,20921.0,20851.746
2016-07-13 18:00:00,20683.0,20483.408
2016-07-13 19:00:00,20117.0,20029.5
2016-07-13 20:00:00,19263.0,19517.85
2016-07-13 21:00:00,18817.0,18990.992
2016-07-13 22:00:00,17644.0,17771.766
2016-07-13 23:00:00,15950.0,16128.806
2016-07-14 00:00:00,14645.0,14710.418
2016-07-14 01:00:00,13735.0,13837.698
2016-07-14 02:00:00,13199.0,13138.778
2016-07-14 03:00:00,12877.0,12814.242
2016-07-14 04:00:00,12838.0,12816.623
2016-07-14 05:00:00,13312.0,13315.481
2016-07-14 06:00:00,13911.0,14115.733
2016-07-14 07:00:00,14880.0,14716.7
2016-07-14 08:00:00,15901.0,15779.562
2016-07-14 09:00:00,16931.0,16788.88
2016-07-14 10:00:00,18100.0,17970.62
2016-07-14 11:00:00,18988.0,18953.945
2016-07-14 12:00:00,19791.0,19692.312
2016-07-14 13:00:00,20380.0,20366.965
2016-07-14 14:00:00,20535.0,20773.24
2016-07-14 15:00:00,20387.0,20633.625
2016-07-14 16:00:00,20085.0,20332.822
2016-07-14 17:00:00,19657.0,19883.863
2016-07-14 18:00:00,19366.0,19187.79
2016-07-14 19:00:00,18844.0,18803.15
2016-07-14 20:00:00,18181.0,18322.43
2016-07-14 21:00:00,17866.0,17934.242
2016-07-14 22:00:00,16841.0,16816.096
2016-07-14 23:00:00,15382.0,15397.77
2016-07-15 00:00:00,14309.0,14240.062
2016-07-15 01:00:00,13569.0,13520.055
2016-07-15 02:00:00,12987.0,13007.2705
2016-07-15 03:00:00,12758.0,12638.342
2016-07-15 04:00:00,12759.0,12746.696
2016-07-15 05:00:00,13206.0,13285.186
2016-07-15 06:00:00,13888.0,13865.299
2016-07-15 07:00:00,14746.0,14684.431
2016-07-15 08:00:00,15827.0,15584.364
2016-07-15 09:00:00,16551.0,16676.082
2016-07-15 10:00:00,17481.0,17474.818
2016-07-15 11:00:00,18230.0,18173.473
2016-07-15 12:00:00,18770.0,18879.586
2016-07-15 13:00:00,19256.0,19319.68
2016-07-15 14:00:00,19629.0,19525.975
2016-07-15 15:00:00,19764.0,19697.232
2016-07-15 16:00:00,19861.0,19812.564
2016-07-15 17:00:00,19624.0,19709.676
2016-07-15 18:00:00,19090.0,19155.135
2016-07-15 19:00:00,18223.0,18358.736
2016-07-15 20:00:00,17341.0,17692.143
2016-07-15 21:00:00,16998.0,17082.404
2016-07-15 22:00:00,15868.0,16016.921
2016-07-15 23:00:00,14511.0,14589.73
2016-07-16 00:00:00,13372.0,13446.871
2016-07-16 01:00:00,12584.0,12628.159
2016-07-16 02:00:00,11984.0,12075.28
2016-07-16 03:00:00,11703.0,11683.631
2016-07-16 04:00:00,11514.0,11507.882
2016-07-16 05:00:00,11628.0,11632.676
2016-07-16 06:00:00,11645.0,11624.074
2016-07-16 07:00:00,12060.0,12134.612
2016-07-16 08:00:00,12808.0,13093.004
2016-07-16 09:00:00,13758.0,13717.263
2016-07-16 10:00:00,14566.0,14611.538
2016-07-16 11:00:00,15359.0,15191.793
2016-07-16 12:00:00,15857.0,15915.271
2016-07-16 13:00:00,16345.0,16254.2705
2016-07-16 14:00:00,16668.0,16615.06
2016-07-16 15:00:00,17009.0,16932.947
2016-07-16 16:00:00,17246.0,17301.756
2016-07-16 17:00:00,17284.0,17269.957
2016-07-16 18:00:00,17093.0,16926.25
2016-07-16 19:00:00,16578.0,16594.037
2016-07-16 20:00:00,15872.0,16184.091
2016-07-16 21:00:00,15415.0,15706.955
2016-07-16 22:00:00,14576.0,14555.051
2016-07-16 23:00:00,13541.0,13528.006
2016-07-17 00:00:00,12560.0,12563.735
2016-07-17 01:00:00,11757.0,11918.277
2016-07-17 02:00:00,11329.0,11368.39
2016-07-17 03:00:00,11014.0,11075.811
2016-07-17 04:00:00,10858.0,10907.371
2016-07-17 05:00:00,10777.0,10897.7
2016-07-17 06:00:00,10760.0,10653.448
2016-07-17 07:00:00,11148.0,11092.71
2016-07-17 08:00:00,12069.0,12198.47
2016-07-17 09:00:00,13210.0,13083.592
2016-07-17 10:00:00,14279.0,14111.088
2016-07-17 11:00:00,15464.0,15128.387
2016-07-17 12:00:00,16390.0,16298.173
2016-07-17 13:00:00,17130.0,17217.549
2016-07-17 14:00:00,17605.0,17715.275
2016-07-17 15:00:00,17997.0,18066.025
2016-07-17 16:00:00,18394.0,18366.275
2016-07-17 17:00:00,18619.0,18575.064
2016-07-17 18:00:00,18629.0,18478.58
2016-07-17 19:00:00,18235.0,18213.955
2016-07-17 20:00:00,17745.0,17795.133
2016-07-17 21:00:00,17649.0,17551.771
2016-07-17 22:00:00,16744.0,16764.244
2016-07-17 23:00:00,15488.0,15555.086
2016-07-18 00:00:00,14603.0,14912.899
2016-07-18 01:00:00,13885.0,13900.167
2016-07-18 02:00:00,13514.0,13338.624
2016-07-18 03:00:00,13205.0,13161.686
2016-07-18 04:00:00,13211.0,13180.369
2016-07-18 05:00:00,13696.0,13657.427
2016-07-18 06:00:00,14565.0,14418.154
2016-07-18 07:00:00,15330.0,15547.316
2016-07-18 08:00:00,15965.0,16362.41
2016-07-18 09:00:00,16611.0,16862.668
2016-07-18 10:00:00,17568.0,17476.36
2016-07-18 11:00:00,18460.0,18290.24
2016-07-18 12:00:00,19301.0,19241.635
2016-07-18 13:00:00,19999.0,19994.053
2016-07-18 14:00:00,20269.0,20454.309
2016-07-18 15:00:00,20149.0,20449.654
2016-07-18 16:00:00,20573.0,20139.928
2016-07-18 17:00:00,20585.0,20390.062
2016-07-18 18:00:00,20455.0,20264.607
2016-07-18 19:00:00,19922.0,19775.246
2016-07-18 20:00:00,19147.0,19369.11
2016-07-18 21:00:00,18695.0,18890.736
2016-07-18 22:00:00,17523.0,17679.848
2016-07-18 23:00:00,15957.0,16135.167
2016-07-19 00:00:00,14674.0,14764.517
2016-07-19 01:00:00,13888.0,13901.016
2016-07-19 02:00:00,13353.0,13302.371
2016-07-19 03:00:00,12981.0,12986.71
2016-07-19 04:00:00,12992.0,12965.296
2016-07-19 05:00:00,13322.0,13345.082
2016-07-19 06:00:00,13987.0,14059.846
2016-07-19 07:00:00,14844.0,14857.176
2016-07-19 08:00:00,15864.0,15679.046
2016-07-19 09:00:00,16916.0,16764.586
2016-07-19 10:00:00,18072.0,17957.873
2016-07-19 11:00:00,18830.0,18880.256
2016-07-19 12:00:00,19598.0,19520.184
2016-07-19 13:00:00,20333.0,20190.322
2016-07-19 14:00:00,20732.0,20639.393
2016-07-19 15:00:00,21006.0,21069.018
2016-07-19 16:00:00,21061.0,21140.51
2016-07-19 17:00:00,20953.0,20932.842
2016-07-19 18:00:00,20740.0,20463.314
2016-07-19 19:00:00,20018.0,20130.344
2016-07-19 20:00:00,19184.0,19469.635
2016-07-19 21:00:00,18742.0,18963.748
2016-07-19 22:00:00,17401.0,17661.016
2016-07-19 23:00:00,15752.0,15907.239
2016-07-20 00:00:00,14451.0,14556.74
2016-07-20 01:00:00,13584.0,13620.004
2016-07-20 02:00:00,12933.0,13000.286
2016-07-20 03:00:00,12528.0,12592.041
2016-07-20 04:00:00,12574.0,12475.359
2016-07-20 05:00:00,12979.0,12981.954
2016-07-20 06:00:00,13561.0,13646.992
2016-07-20 07:00:00,14346.0,14411.58
2016-07-20 08:00:00,15303.0,15177.787
2016-07-20 09:00:00,16324.0,16172.946
2016-07-20 10:00:00,17470.0,17293.277
2016-07-20 11:00:00,18449.0,18315.295
2016-07-20 12:00:00,19273.0,19244.197
2016-07-20 13:00:00,20082.0,19897.75
2016-07-20 14:00:00,20553.0,20628.695
2016-07-20 15:00:00,20884.0,20807.014
2016-07-20 16:00:00,21110.0,21215.305
2016-07-20 17:00:00,21062.0,21093.879
2016-07-20 18:00:00,20729.0,20704.236
2016-07-20 19:00:00,20100.0,20140.227
2016-07-20 20:00:00,19202.0,19482.22
2016-07-20 21:00:00,18704.0,18916.3
2016-07-20 22:00:00,17482.0,17661.59
2016-07-20 23:00:00,15773.0,15997.453
2016-07-21 00:00:00,14583.0,14603.736
2016-07-21 01:00:00,13726.0,13734.463
2016-07-21 02:00:00,13032.0,13155.25
2016-07-21 03:00:00,12700.0,12636.837
2016-07-21 04:00:00,12655.0,12622.986
2016-07-21 05:00:00,13070.0,13004.636
2016-07-21 06:00:00,13712.0,13714.855
2016-07-21 07:00:00,14660.0,14536.024
2016-07-21 08:00:00,15768.0,15481.557
2016-07-21 09:00:00,16808.0,16698.902
2016-07-21 10:00:00,18113.0,17940.904
2016-07-21 11:00:00,19181.0,19077.072
2016-07-21 12:00:00,20080.0,20037.223
2016-07-21 13:00:00,20845.0,20827.742
2016-07-21 14:00:00,21045.0,21276.584
2016-07-21 15:00:00,20972.0,21254.094
2016-07-21 16:00:00,20954.0,20956.93
2016-07-21 17:00:00,20658.0,20695.133
2016-07-21 18:00:00,20454.0,20131.23
2016-07-21 19:00:00,19880.0,19680.807
2016-07-21 20:00:00,19337.0,19340.936
2016-07-21 21:00:00,18868.0,18964.006
2016-07-21 22:00:00,17641.0,17757.107
2016-07-21 23:00:00,16281.0,16119.66
2016-07-22 00:00:00,15165.0,15016.047
2016-07-22 01:00:00,14124.0,14275.911
2016-07-22 02:00:00,13645.0,13491.131
2016-07-22 03:00:00,13199.0,13276.441
2016-07-22 04:00:00,13158.0,13096.748
2016-07-22 05:00:00,13673.0,13510.109
2016-07-22 06:00:00,14286.0,14278.264
2016-07-22 07:00:00,15126.0,15076.504
2016-07-22 08:00:00,16199.0,16059.012
2016-07-22 09:00:00,17281.0,17080.463
2016-07-22 10:00:00,18207.0,18316.6
2016-07-22 11:00:00,18850.0,19063.875
2016-07-22 12:00:00,19636.0,19455.803
2016-07-22 13:00:00,19984.0,20180.926
2016-07-22 14:00:00,20110.0,20189.967
2016-07-22 15:00:00,20225.0,20082.229
2016-07-22 16:00:00,20468.0,20089.498
2016-07-22 17:00:00,20451.0,20180.77
2016-07-22 18:00:00,20271.0,19978.137
2016-07-22 19:00:00,19915.0,19606.066
2016-07-22 20:00:00,19161.0,19263.412
2016-07-22 21:00:00,18578.0,18862.24
2016-07-22 22:00:00,17560.0,17541.408
2016-07-22 23:00:00,16072.0,16148.418
2016-07-23 00:00:00,14867.0,14856.19
2016-07-23 01:00:00,13916.0,14017.818
2016-07-23 02:00:00,13303.0,13318.558
2016-07-23 03:00:00,12817.0,12851.615
2016-07-23 04:00:00,12520.0,12672.929
2016-07-23 05:00:00,12560.0,12592.254
2016-07-23 06:00:00,12741.0,12528.568
2016-07-23 07:00:00,13265.0,13284.95
2016-07-23 08:00:00,14585.0,14351.909
2016-07-23 09:00:00,16046.0,15774.675
2016-07-23 10:00:00,17650.0,17237.129
2016-07-23 11:00:00,18679.0,18553.664
2016-07-23 12:00:00,19591.0,19241.658
2016-07-23 13:00:00,20205.0,20235.607
2016-07-23 14:00:00,20622.0,20617.588
2016-07-23 15:00:00,20975.0,20896.621
2016-07-23 16:00:00,21195.0,21091.258
2016-07-23 17:00:00,21261.0,21209.262
2016-07-23 18:00:00,20858.0,20779.969
2016-07-23 19:00:00,20202.0,20044.13
2016-07-23 20:00:00,19571.0,19411.11
2016-07-23 21:00:00,19126.0,19241.463
2016-07-23 22:00:00,17945.0,18202.387
2016-07-23 23:00:00,16694.0,16623.646
2016-07-24 00:00:00,15386.0,15422.933
2016-07-24 01:00:00,14406.0,14514.67
2016-07-24 02:00:00,13845.0,13634.912
2016-07-24 03:00:00,13330.0,13388.709
2016-07-24 04:00:00,12955.0,13047.839
2016-07-24 05:00:00,12878.0,12853.576
2016-07-24 06:00:00,12634.0,12783.584
2016-07-24 07:00:00,13154.0,13052.781
2016-07-24 08:00:00,14372.0,14303.874
2016-07-24 09:00:00,15679.0,15546.815
2016-07-24 10:00:00,17099.0,16884.094
2016-07-24 11:00:00,18307.0,18318.795
2016-07-24 12:00:00,19194.0,19222.512
2016-07-24 13:00:00,19823.0,19808.838
2016-07-24 14:00:00,20112.0,20297.713
2016-07-24 15:00:00,20446.0,20356.896
2016-07-24 16:00:00,20510.0,20501.576
2016-07-24 17:00:00,20335.0,20511.607
2016-07-24 18:00:00,20119.0,19901.043
2016-07-24 19:00:00,19784.0,19505.447
2016-07-24 20:00:00,19294.0,19200.193
2016-07-24 21:00:00,19085.0,18945.87
2016-07-24 22:00:00,17985.0,18139.822
2016-07-24 23:00:00,16733.0,16690.033
2016-07-25 00:00:00,15578.0,15558.583
2016-07-25 01:00:00,14799.0,14761.971
2016-07-25 02:00:00,14232.0,14220.541
2016-07-25 03:00:00,13960.0,13919.94
2016-07-25 04:00:00,13949.0,13932.349
2016-07-25 05:00:00,14393.0,14347.421
2016-07-25 06:00:00,15154.0,15090.118
2016-07-25 07:00:00,16127.0,16198.539
2016-07-25 08:00:00,17240.0,17210.17
2016-07-25 09:00:00,18560.0,18417.68
2016-07-25 10:00:00,19693.0,19869.768
2016-07-25 11:00:00,20868.0,20619.746
2016-07-25 12:00:00,21616.0,21789.062
2016-07-25 13:00:00,22165.0,22283.465
2016-07-25 14:00:00,22273.0,22596.033
2016-07-25 15:00:00,22281.0,22436.342
2016-07-25 16:00:00,22257.0,22306.459
2016-07-25 17:00:00,22216.0,22068.97
2016-07-25 18:00:00,21842.0,21933.277
2016-07-25 19:00:00,21165.0,21262.629
2016-07-25 20:00:00,20362.0,20746.363
2016-07-25 21:00:00,19733.0,20107.588
2016-07-25 22:00:00,18441.0,18557.375
2016-07-25 23:00:00,16960.0,16898.096
2016-07-26 00:00:00,15628.0,15753.526
2016-07-26 01:00:00,14720.0,14764.905
2016-07-26 02:00:00,14061.0,14094.18
2016-07-26 03:00:00,13688.0,13727.001
2016-07-26 04:00:00,13617.0,13662.297
2016-07-26 05:00:00,14070.0,14056.311
2016-07-26 06:00:00,14839.0,14890.191
2016-07-26 07:00:00,15522.0,15737.074
2016-07-26 08:00:00,16574.0,16319.87
2016-07-26 09:00:00,17612.0,17489.29
2016-07-26 10:00:00,18782.0,18577.635
2016-07-26 11:00:00,19800.0,19594.47
2016-07-26 12:00:00,20719.0,20660.266
2016-07-26 13:00:00,21201.0,21204.29
2016-07-26 14:00:00,21277.0,21520.168
2016-07-26 15:00:00,21162.0,21258.861
2016-07-26 16:00:00,21066.0,20920.057
2016-07-26 17:00:00,20692.0,20836.973
2016-07-26 18:00:00,20592.0,20217.924
2016-07-26 19:00:00,20024.0,19858.363
2016-07-26 20:00:00,19431.0,19455.146
2016-07-26 21:00:00,18929.0,19119.553
2016-07-26 22:00:00,17631.0,17863.566
2016-07-26 23:00:00,16236.0,16136.676
2016-07-27 00:00:00,15001.0,14968.729
2016-07-27 01:00:00,14080.0,14178.925
2016-07-27 02:00:00,13624.0,13464.131
2016-07-27 03:00:00,13280.0,13255.536
2016-07-27 04:00:00,13245.0,13248.779
2016-07-27 05:00:00,13699.0,13759.557
2016-07-27 06:00:00,14316.0,14362.801
2016-07-27 07:00:00,14973.0,15111.602
2016-07-27 08:00:00,15860.0,15830.391
2016-07-27 09:00:00,16994.0,16683.254
2016-07-27 10:00:00,18284.0,18049.385
2016-07-27 11:00:00,19375.0,19174.914
2016-07-27 12:00:00,20270.0,20115.016
2016-07-27 13:00:00,20933.0,20976.191
2016-07-27 14:00:00,21131.0,21350.484
2016-07-27 15:00:00,21065.0,21186.672
2016-07-27 16:00:00,21050.0,21050.54
2016-07-27 17:00:00,20935.0,20897.186
2016-07-27 18:00:00,20954.0,20529.91
2016-07-27 19:00:00,20326.0,20327.32
2016-07-27 20:00:00,19526.0,19705.018
2016-07-27 21:00:00,19249.0,19241.283
2016-07-27 22:00:00,18009.0,18149.408
2016-07-27 23:00:00,16528.0,16502.607
2016-07-28 00:00:00,15410.0,15228.371
2016-07-28 01:00:00,14548.0,14564.537
2016-07-28 02:00:00,14049.0,13992.388
2016-07-28 03:00:00,13625.0,13697.362
2016-07-28 04:00:00,13652.0,13588.75
2016-07-28 05:00:00,14117.0,14079.118
2016-07-28 06:00:00,14956.0,14921.843
2016-07-28 07:00:00,15716.0,15837.52
2016-07-28 08:00:00,16426.0,16563.332
2016-07-28 09:00:00,17047.0,17242.889
2016-07-28 10:00:00,17850.0,17893.49
2016-07-28 11:00:00,18520.0,18660.59
2016-07-28 12:00:00,18882.0,19171.037
2016-07-28 13:00:00,19404.0,19276.484
2016-07-28 14:00:00,19381.0,19585.285
2016-07-28 15:00:00,19498.0,19378.709
2016-07-28 16:00:00,19451.0,19447.72
2016-07-28 17:00:00,19419.0,19242.47
2016-07-28 18:00:00,18964.0,18971.344
2016-07-28 19:00:00,18455.0,18416.45
2016-07-28 20:00:00,17998.0,18009.502
2016-07-28 21:00:00,17663.0,17728.578
2016-07-28 22:00:00,16562.0,16711.926
2016-07-28 23:00:00,15246.0,15301.726
2016-07-29 00:00:00,14163.0,14153.133
2016-07-29 01:00:00,13431.0,13394.209
2016-07-29 02:00:00,12985.0,12908.006
2016-07-29 03:00:00,12786.0,12665.423
2016-07-29 04:00:00,12845.0,12823.645
2016-07-29 05:00:00,13338.0,13322.11
2016-07-29 06:00:00,14150.0,14145.979
2016-07-29 07:00:00,14722.0,14989.812
2016-07-29 08:00:00,15475.0,15374.038
2016-07-29 09:00:00,16439.0,16157.647
2016-07-29 10:00:00,17180.0,17376.9
2016-07-29 11:00:00,18099.0,17685.156
2016-07-29 12:00:00,18877.0,18652.53
2016-07-29 13:00:00,19603.0,19384.174
2016-07-29 14:00:00,19838.0,19951.527
2016-07-29 15:00:00,19827.0,19952.578
2016-07-29 16:00:00,19701.0,19841.176
2016-07-29 17:00:00,19325.0,19359.965
2016-07-29 18:00:00,18900.0,18742.012
2016-07-29 19:00:00,18111.0,18164.803
2016-07-29 20:00:00,17557.0,17535.742
2016-07-29 21:00:00,17221.0,17358.383
2016-07-29 22:00:00,16202.0,16191.985
2016-07-29 23:00:00,14895.0,14839.74
2016-07-30 00:00:00,13852.0,13768.066
2016-07-30 01:00:00,13048.0,13085.8
2016-07-30 02:00:00,12608.0,12533.743
2016-07-30 03:00:00,12308.0,12240.456
2016-07-30 04:00:00,12151.0,12217.885
2016-07-30 05:00:00,12266.0,12173.747
2016-07-30 06:00:00,12356.0,12356.925
2016-07-30 07:00:00,12668.0,12823.718
2016-07-30 08:00:00,13402.0,13636.308
2016-07-30 09:00:00,14437.0,14338.457
2016-07-30 10:00:00,15306.0,15276.324
2016-07-30 11:00:00,16107.0,15972.909
2016-07-30 12:00:00,16752.0,16785.148
2016-07-30 13:00:00,17468.0,17153.09
2016-07-30 14:00:00,17896.0,17889.91
2016-07-30 15:00:00,18228.0,18205.26
2016-07-30 16:00:00,18461.0,18455.717
2016-07-30 17:00:00,18485.0,18511.672
2016-07-30 18:00:00,18216.0,18199.496
2016-07-30 19:00:00,17619.0,17684.771
2016-07-30 20:00:00,17040.0,17073.494
2016-07-30 21:00:00,16595.0,16830.455
2016-07-30 22:00:00,15693.0,15715.575
2016-07-30 23:00:00,14448.0,14416.123
2016-07-31 00:00:00,13493.0,13327.502
2016-07-31 01:00:00,12678.0,12704.4
2016-07-31 02:00:00,12245.0,12194.4795
2016-07-31 03:00:00,11870.0,11874.54
2016-07-31 04:00:00,11637.0,11681.367
2016-07-31 05:00:00,11683.0,11628.204
2016-07-31 06:00:00,11684.0,11646.233
2016-07-31 07:00:00,11971.0,12078.369
2016-07-31 08:00:00,12954.0,12892.233
2016-07-31 09:00:00,14115.0,13855.725
2016-07-31 10:00:00,15189.0,15056.463
2016-07-31 11:00:00,16233.0,16103.516
2016-07-31 12:00:00,17066.0,17076.604
2016-07-31 13:00:00,17630.0,17854.502
2016-07-31 14:00:00,18063.0,18100.916
2016-07-31 15:00:00,18440.0,18438.346
2016-07-31 16:00:00,18761.0,18817.111
2016-07-31 17:00:00,18857.0,18928.752
2016-07-31 18:00:00,18663.0,18531.49
2016-07-31 19:00:00,18128.0,18097.44
2016-07-31 20:00:00,17537.0,17624.164
2016-07-31 21:00:00,17239.0,17283.967
2016-07-31 22:00:00,16272.0,16405.89
2016-07-31 23:00:00,15048.0,15050.457
2016-08-01 00:00:00,14001.0,14031.507
2016-08-01 01:00:00,13281.0,13234.013
2016-08-01 02:00:00,12794.0,12863.0
2016-08-01 03:00:00,12570.0,12499.167
2016-08-01 04:00:00,12716.0,12586.988
2016-08-01 05:00:00,13181.0,13318.469
2016-08-01 06:00:00,13938.0,14177.655
2016-08-01 07:00:00,14733.0,14649.97
2016-08-01 08:00:00,15852.0,15516.632
2016-08-01 09:00:00,16932.0,16763.404
2016-08-01 10:00:00,18096.0,18039.352
2016-08-01 11:00:00,18967.0,19088.22
2016-08-01 12:00:00,19688.0,19683.92
2016-08-01 13:00:00,20305.0,20350.285
2016-08-01 14:00:00,20779.0,20664.723
2016-08-01 15:00:00,20933.0,21103.586
2016-08-01 16:00:00,20879.0,21032.434
2016-08-01 17:00:00,20691.0,20857.99
2016-08-01 18:00:00,20287.0,20198.867
2016-08-01 19:00:00,19612.0,19665.055
2016-08-01 20:00:00,19045.0,19248.816
2016-08-01 21:00:00,18635.0,18719.44
2016-08-01 22:00:00,17393.0,17237.184
2016-08-01 23:00:00,15947.0,15870.613
2016-08-02 00:00:00,14746.0,14706.297
2016-08-02 01:00:00,13857.0,13995.865
2016-08-02 02:00:00,13317.0,13332.95
2016-08-02 03:00:00,13018.0,13004.126
2016-08-02 04:00:00,13061.0,13030.295
2016-08-02 05:00:00,13490.0,13563.505
2016-08-02 06:00:00,14280.0,14498.74
2016-08-02 07:00:00,14980.0,15001.409
2016-08-02 08:00:00,15832.0,15754.535
2016-08-02 09:00:00,16750.0,16575.215
2016-08-02 10:00:00,17829.0,17721.512
2016-08-02 11:00:00,18724.0,18673.74
2016-08-02 12:00:00,19587.0,19454.326
2016-08-02 13:00:00,20206.0,20321.516
2016-08-02 14:00:00,20533.0,20635.545
2016-08-02 15:00:00,20807.0,20727.016
2016-08-02 16:00:00,20953.0,20968.172
2016-08-02 17:00:00,20818.0,20835.074
2016-08-02 18:00:00,20605.0,20395.11
2016-08-02 19:00:00,19893.0,19994.71
2016-08-02 20:00:00,19317.0,19451.871
2016-08-02 21:00:00,18762.0,18941.32
2016-08-02 22:00:00,17421.0,17464.809
2016-08-02 23:00:00,15920.0,15912.751
2016-08-03 00:00:00,14756.0,14652.792
2016-08-03 01:00:00,13948.0,13969.439
2016-08-03 02:00:00,13370.0,13412.012
2016-08-03 03:00:00,13063.0,13050.454
2016-08-03 04:00:00,13136.0,13047.637
2016-08-03 05:00:00,13575.0,13587.305
2016-08-03 06:00:00,14487.0,14513.288
2016-08-03 07:00:00,15130.0,15153.345
2016-08-03 08:00:00,16054.0,15864.823
2016-08-03 09:00:00,17012.0,16854.0
2016-08-03 10:00:00,18040.0,18096.115
2016-08-03 11:00:00,19052.0,18908.732
2016-08-03 12:00:00,19910.0,19901.537
2016-08-03 13:00:00,20470.0,20651.098
2016-08-03 14:00:00,20781.0,20761.986
2016-08-03 15:00:00,20926.0,20955.275
2016-08-03 16:00:00,20979.0,21004.037
2016-08-03 17:00:00,20904.0,20794.389
2016-08-03 18:00:00,20602.0,20477.66
2016-08-03 19:00:00,20026.0,19987.977
2016-08-03 20:00:00,19529.0,19589.803
2016-08-03 21:00:00,19029.0,19176.283
2016-08-03 22:00:00,17790.0,17663.018
2016-08-03 23:00:00,16247.0,16281.182
2016-08-04 00:00:00,15045.0,15044.442
2016-08-04 01:00:00,14258.0,14209.884
2016-08-04 02:00:00,13758.0,13669.576
2016-08-04 03:00:00,13330.0,13429.487
2016-08-04 04:00:00,13257.0,13290.431
2016-08-04 05:00:00,13766.0,13773.723
2016-08-04 06:00:00,14583.0,14627.124
2016-08-04 07:00:00,15256.0,15329.476
2016-08-04 08:00:00,16115.0,15995.395
2016-08-04 09:00:00,17112.0,16934.664
2016-08-04 10:00:00,18165.0,18140.445
2016-08-04 11:00:00,18951.0,19073.656
2016-08-04 12:00:00,19806.0,19634.209
2016-08-04 13:00:00,20602.0,20523.588
2016-08-04 14:00:00,20856.0,21074.023
2016-08-04 15:00:00,20968.0,21011.205
2016-08-04 16:00:00,21245.0,20895.072
2016-08-04 17:00:00,21107.0,21059.002
2016-08-04 18:00:00,20812.0,20659.445
2016-08-04 19:00:00,20140.0,20127.098
2016-08-04 20:00:00,19616.0,19608.018
2016-08-04 21:00:00,19246.0,19206.303
2016-08-04 22:00:00,17943.0,17948.863
2016-08-04 23:00:00,16491.0,16459.533
2016-08-05 00:00:00,15319.0,15238.382
2016-08-05 01:00:00,14492.0,14425.841
2016-08-05 02:00:00,13945.0,13930.184
2016-08-05 03:00:00,13619.0,13565.002
2016-08-05 04:00:00,13598.0,13612.936
2016-08-05 05:00:00,14022.0,14068.317
2016-08-05 06:00:00,14738.0,14976.763
2016-08-05 07:00:00,15502.0,15394.08
2016-08-05 08:00:00,16405.0,16220.039
2016-08-05 09:00:00,17346.0,17255.965
2016-08-05 10:00:00,18266.0,18273.871
2016-08-05 11:00:00,19062.0,19081.248
2016-08-05 12:00:00,19808.0,19796.268
2016-08-05 13:00:00,20442.0,20374.006
2016-08-05 14:00:00,20917.0,20729.342
2016-08-05 15:00:00,20985.0,21058.08
2016-08-05 16:00:00,21127.0,20953.0
2016-08-05 17:00:00,20892.0,20820.895
2016-08-05 18:00:00,20444.0,20342.268
2016-08-05 19:00:00,19855.0,19604.213
2016-08-05 20:00:00,19227.0,19333.992
2016-08-05 21:00:00,18859.0,18883.773
2016-08-05 22:00:00,17717.0,17567.45
2016-08-05 23:00:00,16239.0,16228.805
2016-08-06 00:00:00,15083.0,15014.463
2016-08-06 01:00:00,14297.0,14197.41
2016-08-06 02:00:00,13594.0,13731.998
2016-08-06 03:00:00,13257.0,13193.537
2016-08-06 04:00:00,12993.0,13063.738
2016-08-06 05:00:00,13027.0,13053.335
2016-08-06 06:00:00,13072.0,13223.089
2016-08-06 07:00:00,13427.0,13343.14
2016-08-06 08:00:00,14352.0,14205.45
2016-08-06 09:00:00,15430.0,15336.769
2016-08-06 10:00:00,16394.0,16485.176
2016-08-06 11:00:00,17074.0,17288.283
2016-08-06 12:00:00,17657.0,17791.885
2016-08-06 13:00:00,18201.0,18031.477
2016-08-06 14:00:00,18534.0,18473.467
2016-08-06 15:00:00,18853.0,18758.262
2016-08-06 16:00:00,19043.0,19014.086
2016-08-06 17:00:00,18955.0,19105.256
2016-08-06 18:00:00,18639.0,18579.506
2016-08-06 19:00:00,18064.0,18060.14
2016-08-06 20:00:00,17384.0,17624.262
2016-08-06 21:00:00,16878.0,17034.107
2016-08-06 22:00:00,15541.0,15869.837
2016-08-06 23:00:00,14425.0,14403.996
2016-08-07 00:00:00,13383.0,13346.683
2016-08-07 01:00:00,12564.0,12631.106
2016-08-07 02:00:00,11985.0,12087.719
2016-08-07 03:00:00,11697.0,11668.296
2016-08-07 04:00:00,11487.0,11459.547
2016-08-07 05:00:00,11323.0,11471.944
2016-08-07 06:00:00,11155.0,11443.116
2016-08-07 07:00:00,11596.0,11412.073
2016-08-07 08:00:00,12622.0,12433.778
2016-08-07 09:00:00,13735.0,13559.912
2016-08-07 10:00:00,14613.0,14664.801
2016-08-07 11:00:00,15648.0,15499.871
2016-08-07 12:00:00,16293.0,16486.164
2016-08-07 13:00:00,16958.0,16843.012
2016-08-07 14:00:00,17287.0,17473.484
2016-08-07 15:00:00,17656.0,17602.943
2016-08-07 16:00:00,18100.0,17866.115
2016-08-07 17:00:00,18280.0,18226.627
2016-08-07 18:00:00,18199.0,18186.066
2016-08-07 19:00:00,17703.0,17771.807
2016-08-07 20:00:00,17067.0,17383.55
2016-08-07 21:00:00,16760.0,16752.182
2016-08-07 22:00:00,15645.0,15798.688
2016-08-07 23:00:00,14519.0,14496.407
2016-08-08 00:00:00,13604.0,13524.508
2016-08-08 01:00:00,12828.0,12909.582
2016-08-08 02:00:00,12527.0,12380.596
2016-08-08 03:00:00,12423.0,12290.921
2016-08-08 04:00:00,12323.0,12527.139
2016-08-08 05:00:00,12860.0,12857.554
2016-08-08 06:00:00,13723.0,13719.851
2016-08-08 07:00:00,14458.0,14465.166
2016-08-08 08:00:00,15151.0,15207.56
2016-08-08 09:00:00,15929.0,16018.025
2016-08-08 10:00:00,16755.0,16894.389
2016-08-08 11:00:00,17364.0,17464.127
2016-08-08 12:00:00,18257.0,17919.688
2016-08-08 13:00:00,18707.0,19037.06
2016-08-08 14:00:00,19162.0,19197.928
2016-08-08 15:00:00,19383.0,19498.096
2016-08-08 16:00:00,19645.0,19590.133
2016-08-08 17:00:00,19614.0,19638.197
2016-08-08 18:00:00,19474.0,19168.574
2016-08-08 19:00:00,18897.0,18879.793
2016-08-08 20:00:00,18456.0,18576.28
2016-08-08 21:00:00,17969.0,18092.996
2016-08-08 22:00:00,16717.0,16775.541
2016-08-08 23:00:00,15274.0,15262.178
2016-08-09 00:00:00,14106.0,14175.446
2016-08-09 01:00:00,13418.0,13375.846
2016-08-09 02:00:00,12988.0,12937.96
2016-08-09 03:00:00,12734.0,12742.855
2016-08-09 04:00:00,12791.0,12773.863
2016-08-09 05:00:00,13278.0,13366.729
2016-08-09 06:00:00,14240.0,14350.599
2016-08-09 07:00:00,14840.0,14938.215
2016-08-09 08:00:00,15732.0,15460.674
2016-08-09 09:00:00,16839.0,16462.443
2016-08-09 10:00:00,17810.0,17818.717
2016-08-09 11:00:00,18897.0,18541.955
2016-08-09 12:00:00,19875.0,19606.34
2016-08-09 13:00:00,20606.0,20568.129
2016-08-09 14:00:00,21038.0,21099.139
2016-08-09 15:00:00,21245.0,21258.139
2016-08-09 16:00:00,21458.0,21346.07
2016-08-09 17:00:00,21416.0,21341.191
2016-08-09 18:00:00,20907.0,21046.889
2016-08-09 19:00:00,20327.0,20410.947
2016-08-09 20:00:00,19905.0,19796.547
2016-08-09 21:00:00,19319.0,19486.098
2016-08-09 22:00:00,17914.0,17846.367
2016-08-09 23:00:00,16467.0,16404.047
2016-08-10 00:00:00,15284.0,15224.586
2016-08-10 01:00:00,14550.0,14464.367
2016-08-10 02:00:00,14033.0,14015.935
2016-08-10 03:00:00,13728.0,13718.383
2016-08-10 04:00:00,13705.0,13702.568
2016-08-10 05:00:00,14249.0,14199.642
2016-08-10 06:00:00,15184.0,15221.9375
2016-08-10 07:00:00,15745.0,15947.306
2016-08-10 08:00:00,16563.0,16429.604
2016-08-10 09:00:00,17580.0,17428.229
2016-08-10 10:00:00,18565.0,18651.012
2016-08-10 11:00:00,19557.0,19536.373
2016-08-10 12:00:00,20359.0,20425.299
2016-08-10 13:00:00,20946.0,21071.875
2016-08-10 14:00:00,21192.0,21258.062
2016-08-10 15:00:00,21129.0,21312.11
2016-08-10 16:00:00,21242.0,20952.283
2016-08-10 17:00:00,21281.0,20952.654
2016-08-10 18:00:00,21181.0,20801.855
2016-08-10 19:00:00,20649.0,20574.025
2016-08-10 20:00:00,20274.0,20184.514
2016-08-10 21:00:00,19811.0,19875.277
2016-08-10 22:00:00,18287.0,18548.928
2016-08-10 23:00:00,16873.0,16741.002
2016-08-11 00:00:00,15627.0,15657.863
2016-08-11 01:00:00,14714.0,14719.883
2016-08-11 02:00:00,14171.0,14113.868
2016-08-11 03:00:00,13951.0,13858.578
2016-08-11 04:00:00,13982.0,13851.331
2016-08-11 05:00:00,14466.0,14413.901
2016-08-11 06:00:00,15540.0,15303.254
2016-08-11 07:00:00,16209.0,16246.287
2016-08-11 08:00:00,17344.0,16940.645
2016-08-11 09:00:00,18588.0,18287.242
2016-08-11 10:00:00,19966.0,19759.844
2016-08-11 11:00:00,21130.0,21000.525
2016-08-11 12:00:00,21918.0,21898.836
2016-08-11 13:00:00,22356.0,22562.428
2016-08-11 14:00:00,22488.0,22554.492
2016-08-11 15:00:00,22477.0,22195.295
2016-08-11 16:00:00,22459.0,22052.324
2016-08-11 17:00:00,22303.0,21969.889
2016-08-11 18:00:00,22065.0,21861.57
2016-08-11 19:00:00,21677.0,21361.494
2016-08-11 20:00:00,21279.0,21145.12
2016-08-11 21:00:00,20645.0,20814.928
2016-08-11 22:00:00,19120.0,19326.092
2016-08-11 23:00:00,17639.0,17498.113
2016-08-12 00:00:00,16503.0,16315.144
2016-08-12 01:00:00,15545.0,15490.936
2016-08-12 02:00:00,14940.0,14863.109
2016-08-12 03:00:00,14604.0,14500.192
2016-08-12 04:00:00,14663.0,14451.689
2016-08-12 05:00:00,15146.0,15093.695
2016-08-12 06:00:00,16001.0,16071.669
2016-08-12 07:00:00,16726.0,16751.535
2016-08-12 08:00:00,17793.0,17709.463
2016-08-12 09:00:00,19049.0,18893.84
2016-08-12 10:00:00,20225.0,20212.764
2016-08-12 11:00:00,21192.0,21175.074
2016-08-12 12:00:00,21952.0,21945.246
2016-08-12 13:00:00,22288.0,22436.684
2016-08-12 14:00:00,22295.0,22415.871
2016-08-12 15:00:00,22182.0,22134.652
2016-08-12 16:00:00,22023.0,21996.793
2016-08-12 17:00:00,21879.0,21600.463
2016-08-12 18:00:00,21524.0,21297.182
2016-08-12 19:00:00,20719.0,20693.514
2016-08-12 20:00:00,20380.0,20165.863
2016-08-12 21:00:00,19801.0,19957.125
2016-08-12 22:00:00,18585.0,18629.176
2016-08-12 23:00:00,17198.0,17044.643
2016-08-13 00:00:00,16101.0,15948.7705
2016-08-13 01:00:00,15232.0,15106.86
2016-08-13 02:00:00,14534.0,14544.186
2016-08-13 03:00:00,14187.0,14063.551
2016-08-13 04:00:00,13981.0,13985.345
2016-08-13 05:00:00,14023.0,14061.737
2016-08-13 06:00:00,14144.0,14251.918
2016-08-13 07:00:00,14529.0,14415.414
2016-08-13 08:00:00,15655.0,15524.874
2016-08-13 09:00:00,16950.0,16837.025
2016-08-13 10:00:00,18261.0,18006.29
2016-08-13 11:00:00,19279.0,19134.115
2016-08-13 12:00:00,19913.0,19809.922
2016-08-13 13:00:00,20178.0,20444.559
2016-08-13 14:00:00,20349.0,20352.246
2016-08-13 15:00:00,20292.0,20311.559
2016-08-13 16:00:00,20094.0,20153.615
2016-08-13 17:00:00,19742.0,19744.996
2016-08-13 18:00:00,19175.0,19263.172
2016-08-13 19:00:00,18573.0,18620.297
2016-08-13 20:00:00,18208.0,18117.574
2016-08-13 21:00:00,17812.0,17875.156
2016-08-13 22:00:00,16759.0,16804.176
2016-08-13 23:00:00,15583.0,15444.42
2016-08-14 00:00:00,14641.0,14446.936
2016-08-14 01:00:00,13897.0,13803.092
2016-08-14 02:00:00,13317.0,13315.582
2016-08-14 03:00:00,12941.0,12904.397
2016-08-14 04:00:00,12689.0,12743.839
2016-08-14 05:00:00,12705.0,12675.751
2016-08-14 06:00:00,12892.0,12737.0
2016-08-14 07:00:00,13086.0,13266.105
2016-08-14 08:00:00,14134.0,14060.781
2016-08-14 09:00:00,15210.0,15212.581
2016-08-14 10:00:00,16004.0,16265.095
2016-08-14 11:00:00,16690.0,16779.451
2016-08-14 12:00:00,17238.0,17347.309
2016-08-14 13:00:00,17491.0,17701.867
2016-08-14 14:00:00,17582.0,17728.344
2016-08-14 15:00:00,17739.0,17654.463
2016-08-14 16:00:00,17749.0,17817.807
2016-08-14 17:00:00,17915.0,17645.06
2016-08-14 18:00:00,17752.0,17666.004
2016-08-14 19:00:00,17326.0,17418.908
2016-08-14 20:00:00,17143.0,17103.377
2016-08-14 21:00:00,16923.0,16963.2
2016-08-14 22:00:00,15826.0,16066.586
2016-08-14 23:00:00,14814.0,14683.583
2016-08-15 00:00:00,13919.0,13785.0625
2016-08-15 01:00:00,13303.0,13294.771
2016-08-15 02:00:00,12935.0,12927.864
2016-08-15 03:00:00,12846.0,12765.261
2016-08-15 04:00:00,13033.0,12959.315
2016-08-15 05:00:00,13521.0,13684.62
2016-08-15 06:00:00,14590.0,14594.095
2016-08-15 07:00:00,15316.0,15308.005
2016-08-15 08:00:00,16097.0,16124.059
2016-08-15 09:00:00,16746.0,17039.389
2016-08-15 10:00:00,17544.0,17528.97
2016-08-15 11:00:00,18167.0,18146.578
2016-08-15 12:00:00,18777.0,18686.822
2016-08-15 13:00:00,19510.0,19267.5
2016-08-15 14:00:00,19760.0,19969.818
2016-08-15 15:00:00,19700.0,20055.566
2016-08-15 16:00:00,19581.0,19679.918
2016-08-15 17:00:00,19423.0,19506.438
2016-08-15 18:00:00,19087.0,19082.523
2016-08-15 19:00:00,18634.0,18596.287
2016-08-15 20:00:00,18398.0,18374.96
2016-08-15 21:00:00,17814.0,18078.543
2016-08-15 22:00:00,16362.0,16622.822
2016-08-15 23:00:00,15190.0,15000.538
2016-08-16 00:00:00,14297.0,14059.007
2016-08-16 01:00:00,13626.0,13608.844
2016-08-16 02:00:00,13137.0,13205.499
2016-08-16 03:00:00,12926.0,12911.861
2016-08-16 04:00:00,13111.0,12974.908
2016-08-16 05:00:00,13701.0,13615.723
2016-08-16 06:00:00,14780.0,14715.65
2016-08-16 07:00:00,15470.0,15440.674
2016-08-16 08:00:00,16232.0,16027.463
2016-08-16 09:00:00,17086.0,16901.994
2016-08-16 10:00:00,18078.0,17899.922
2016-08-16 11:00:00,19071.0,18733.88
2016-08-16 12:00:00,19865.0,19777.076
2016-08-16 13:00:00,20261.0,20398.959
2016-08-16 14:00:00,20295.0,20604.604
2016-08-16 15:00:00,20152.0,20238.52
2016-08-16 16:00:00,20123.0,20003.406
2016-08-16 17:00:00,19906.0,19841.27
2016-08-16 18:00:00,19416.0,19557.775
2016-08-16 19:00:00,18964.0,18854.746
2016-08-16 20:00:00,18591.0,18682.611
2016-08-16 21:00:00,18072.0,18197.582
2016-08-16 22:00:00,16808.0,16834.834
2016-08-16 23:00:00,15511.0,15336.83
2016-08-17 00:00:00,14418.0,14384.594
2016-08-17 01:00:00,13737.0,13658.586
2016-08-17 02:00:00,13223.0,13279.58
2016-08-17 03:00:00,12901.0,12945.38
2016-08-17 04:00:00,12967.0,12956.066
2016-08-17 05:00:00,13641.0,13462.945
2016-08-17 06:00:00,14913.0,14621.431
2016-08-17 07:00:00,15500.0,15535.815
2016-08-17 08:00:00,16175.0,15974.399
2016-08-17 09:00:00,16769.0,16847.615
2016-08-17 10:00:00,17509.0,17572.736
2016-08-17 11:00:00,18175.0,18080.633
2016-08-17 12:00:00,18645.0,18741.715
2016-08-17 13:00:00,19038.0,19080.21
2016-08-17 14:00:00,19189.0,19339.625
2016-08-17 15:00:00,19140.0,19224.178
2016-08-17 16:00:00,19278.0,18986.756
2016-08-17 17:00:00,19214.0,19049.951
2016-08-17 18:00:00,18921.0,18872.396
2016-08-17 19:00:00,18326.0,18491.447
2016-08-17 20:00:00,18141.0,17947.184
2016-08-17 21:00:00,17602.0,17738.117
2016-08-17 22:00:00,16352.0,16464.055
2016-08-17 23:00:00,15008.0,14972.534
2016-08-18 00:00:00,13969.0,13913.092
2016-08-18 01:00:00,13321.0,13249.876
2016-08-18 02:00:00,12856.0,12877.853
2016-08-18 03:00:00,12664.0,12662.172
2016-08-18 04:00:00,12787.0,12665.053
2016-08-18 05:00:00,13413.0,13330.199
2016-08-18 06:00:00,14591.0,14461.731
2016-08-18 07:00:00,15267.0,15186.066
2016-08-18 08:00:00,15799.0,15877.7705
2016-08-18 09:00:00,16548.0,16425.922
2016-08-18 10:00:00,17310.0,17461.646
2016-08-18 11:00:00,17983.0,17919.639
2016-08-18 12:00:00,18725.0,18553.426
2016-08-18 13:00:00,19481.0,19268.549
2016-08-18 14:00:00,19973.0,19883.979
2016-08-18 15:00:00,20135.0,20279.812
2016-08-18 16:00:00,20343.0,20227.21
2016-08-18 17:00:00,20205.0,20157.562
2016-08-18 18:00:00,19720.0,19813.352
2016-08-18 19:00:00,19157.0,19151.338
2016-08-18 20:00:00,18804.0,18805.076
2016-08-18 21:00:00,18170.0,18484.877
2016-08-18 22:00:00,16839.0,16829.537
2016-08-18 23:00:00,15358.0,15367.825
2016-08-19 00:00:00,14236.0,14223.18
2016-08-19 01:00:00,13522.0,13565.228
2016-08-19 02:00:00,13171.0,13016.922
2016-08-19 03:00:00,12896.0,12970.875
2016-08-19 04:00:00,12997.0,12950.207
2016-08-19 05:00:00,13492.0,13528.028
2016-08-19 06:00:00,14695.0,14520.72
2016-08-19 07:00:00,15289.0,15311.766
2016-08-19 08:00:00,15906.0,15923.712
2016-08-19 09:00:00,16732.0,16555.662
2016-08-19 10:00:00,17576.0,17622.203
2016-08-19 11:00:00,18334.0,18241.35
2016-08-19 12:00:00,19042.0,18985.357
2016-08-19 13:00:00,19601.0,19715.412
2016-08-19 14:00:00,20063.0,19973.701
2016-08-19 15:00:00,20069.0,20293.291
2016-08-19 16:00:00,19999.0,20151.553
2016-08-19 17:00:00,19784.0,19751.113
2016-08-19 18:00:00,19162.0,19247.773
2016-08-19 19:00:00,18370.0,18550.19
2016-08-19 20:00:00,17990.0,17858.957
2016-08-19 21:00:00,17466.0,17616.258
2016-08-19 22:00:00,16297.0,16287.934
2016-08-19 23:00:00,14790.0,14941.24
2016-08-20 00:00:00,13811.0,13797.666
2016-08-20 01:00:00,12968.0,13046.001
2016-08-20 02:00:00,12577.0,12496.453
2016-08-20 03:00:00,12273.0,12220.73
2016-08-20 04:00:00,12183.0,12128.132
2016-08-20 05:00:00,12265.0,12228.499
2016-08-20 06:00:00,12481.0,12523.625
2016-08-20 07:00:00,12713.0,12859.929
2016-08-20 08:00:00,13612.0,13574.652
2016-08-20 09:00:00,14865.0,14519.696
2016-08-20 10:00:00,16030.0,15873.329
2016-08-20 11:00:00,16923.0,16850.734
2016-08-20 12:00:00,17485.0,17479.637
2016-08-20 13:00:00,17880.0,17933.84
2016-08-20 14:00:00,18124.0,18172.477
2016-08-20 15:00:00,18201.0,18331.209
2016-08-20 16:00:00,18195.0,18237.516
2016-08-20 17:00:00,17997.0,17895.3
2016-08-20 18:00:00,17526.0,17477.62
2016-08-20 19:00:00,16942.0,16891.193
2016-08-20 20:00:00,16722.0,16584.682
2016-08-20 21:00:00,16313.0,16397.14
2016-08-20 22:00:00,15407.0,15214.559
2016-08-20 23:00:00,14298.0,14198.808
2016-08-21 00:00:00,13475.0,13288.502
2016-08-21 01:00:00,12809.0,12741.609
2016-08-21 02:00:00,12352.0,12327.565
2016-08-21 03:00:00,12100.0,12055.925
2016-08-21 04:00:00,11864.0,11924.484
2016-08-21 05:00:00,11858.0,11849.998
2016-08-21 06:00:00,11967.0,11913.103
2016-08-21 07:00:00,12129.0,12197.889
2016-08-21 08:00:00,12878.0,12944.976
2016-08-21 09:00:00,13630.0,13745.746
2016-08-21 10:00:00,14283.0,14401.157
2016-08-21 11:00:00,14824.0,14951.591
2016-08-21 12:00:00,15182.0,15365.715
2016-08-21 13:00:00,15528.0,15457.788
2016-08-21 14:00:00,15730.0,15728.741
2016-08-21 15:00:00,15907.0,15851.691
2016-08-21 16:00:00,16160.0,16082.45
2016-08-21 17:00:00,16283.0,16227.819
2016-08-21 18:00:00,16106.0,16110.676
2016-08-21 19:00:00,15608.0,15802.936
2016-08-21 20:00:00,15386.0,15484.428
2016-08-21 21:00:00,15106.0,15186.275
2016-08-21 22:00:00,14002.0,14250.402
2016-08-21 23:00:00,12999.0,13005.561
2016-08-22 00:00:00,12220.0,12207.4
2016-08-22 01:00:00,11778.0,11758.882
2016-08-22 02:00:00,11412.0,11528.68
2016-08-22 03:00:00,11293.0,11262.394
2016-08-22 04:00:00,11422.0,11388.957
2016-08-22 05:00:00,12040.0,12020.892
2016-08-22 06:00:00,13134.0,13096.091
2016-08-22 07:00:00,13687.0,13689.282
2016-08-22 08:00:00,14310.0,14318.721
2016-08-22 09:00:00,14964.0,14880.844
2016-08-22 10:00:00,15633.0,15583.067
2016-08-22 11:00:00,16159.0,16199.752
2016-08-22 12:00:00,16645.0,16595.05
2016-08-22 13:00:00,17077.0,17019.02
2016-08-22 14:00:00,17373.0,17291.12
2016-08-22 15:00:00,17679.0,17570.38
2016-08-22 16:00:00,17917.0,17916.146
2016-08-22 17:00:00,17931.0,17949.29
2016-08-22 18:00:00,17601.0,17692.887
2016-08-22 19:00:00,16967.0,17237.291
2016-08-22 20:00:00,16692.0,16838.477
2016-08-22 21:00:00,16122.0,16284.895
2016-08-22 22:00:00,14709.0,14850.956
2016-08-22 23:00:00,13383.0,13495.863
2016-08-23 00:00:00,12522.0,12601.795
2016-08-23 01:00:00,11892.0,11984.902
2016-08-23 02:00:00,11529.0,11598.028
2016-08-23 03:00:00,11425.0,11371.79
2016-08-23 04:00:00,11546.0,11531.142
2016-08-23 05:00:00,12033.0,12122.441
2016-08-23 06:00:00,13201.0,13035.49
2016-08-23 07:00:00,13588.0,13713.429
2016-08-23 08:00:00,14046.0,14160.167
2016-08-23 09:00:00,14715.0,14648.271
2016-08-23 10:00:00,15494.0,15465.512
2016-08-23 11:00:00,16124.0,16029.018
2016-08-23 12:00:00,16803.0,16570.906
2016-08-23 13:00:00,17385.0,17377.994
2016-08-23 14:00:00,17967.0,17810.953
2016-08-23 15:00:00,18349.0,18281.506
2016-08-23 16:00:00,18680.0,18631.004
2016-08-23 17:00:00,18685.0,18692.113
2016-08-23 18:00:00,18399.0,18311.04
2016-08-23 19:00:00,17811.0,17937.408
2016-08-23 20:00:00,17470.0,17576.963
2016-08-23 21:00:00,16748.0,17128.242
2016-08-23 22:00:00,15266.0,15387.889
2016-08-23 23:00:00,13859.0,14042.774
2016-08-24 00:00:00,12909.0,12961.274
2016-08-24 01:00:00,12292.0,12291.317
2016-08-24 02:00:00,11910.0,11935.235
2016-08-24 03:00:00,11657.0,11709.05
2016-08-24 04:00:00,11686.0,11767.753
2016-08-24 05:00:00,12302.0,12260.95
2016-08-24 06:00:00,13447.0,13255.143
2016-08-24 07:00:00,13874.0,14008.531
2016-08-24 08:00:00,14323.0,14403.689
2016-08-24 09:00:00,14886.0,14881.987
2016-08-24 10:00:00,15601.0,15667.464
2016-08-24 11:00:00,16183.0,16274.119
2016-08-24 12:00:00,16863.0,16770.568
2016-08-24 13:00:00,17810.0,17383.834
2016-08-24 14:00:00,18515.0,18293.912
2016-08-24 15:00:00,18915.0,18934.992
2016-08-24 16:00:00,19200.0,19210.52
2016-08-24 17:00:00,19291.0,19192.217
2016-08-24 18:00:00,18963.0,19082.707
2016-08-24 19:00:00,18595.0,18420.363
2016-08-24 20:00:00,18547.0,18272.012
2016-08-24 21:00:00,18094.0,18048.967
2016-08-24 22:00:00,16768.0,16810.2
2016-08-24 23:00:00,15445.0,15313.127
2016-08-25 00:00:00,14444.0,14362.553
2016-08-25 01:00:00,13719.0,13718.885
2016-08-25 02:00:00,13283.0,13284.005
2016-08-25 03:00:00,13090.0,13037.751
2016-08-25 04:00:00,13166.0,13132.858
2016-08-25 05:00:00,13864.0,13750.345
2016-08-25 06:00:00,15097.0,15077.319
2016-08-25 07:00:00,15742.0,15881.841
2016-08-25 08:00:00,16337.0,16381.917
2016-08-25 09:00:00,17273.0,17066.307
2016-08-25 10:00:00,18275.0,18224.809
2016-08-25 11:00:00,19257.0,19163.76
2016-08-25 12:00:00,20121.0,20116.299
2016-08-25 13:00:00,20936.0,20787.604
2016-08-25 14:00:00,21496.0,21448.201
2016-08-25 15:00:00,21909.0,21847.916
2016-08-25 16:00:00,22064.0,22126.488
2016-08-25 17:00:00,21993.0,21784.88
2016-08-25 18:00:00,21629.0,21500.521
2016-08-25 19:00:00,21063.0,21120.195
2016-08-25 20:00:00,20688.0,20732.324
2016-08-25 21:00:00,19884.0,20119.625
2016-08-25 22:00:00,18243.0,18415.514
2016-08-25 23:00:00,16668.0,16637.812
2016-08-26 00:00:00,15436.0,15499.281
2016-08-26 01:00:00,14533.0,14583.003
2016-08-26 02:00:00,13962.0,14014.254
2016-08-26 03:00:00,13646.0,13608.295
2016-08-26 04:00:00,13578.0,13678.358
2016-08-26 05:00:00,14081.0,14124.703
2016-08-26 06:00:00,15254.0,15103.359
2016-08-26 07:00:00,15873.0,15990.696
2016-08-26 08:00:00,16655.0,16515.324
2016-08-26 09:00:00,17629.0,17395.564
2016-08-26 10:00:00,18778.0,18704.027
2016-08-26 11:00:00,19733.0,19766.473
2016-08-26 12:00:00,20607.0,20622.559
2016-08-26 13:00:00,21199.0,21307.672
2016-08-26 14:00:00,21534.0,21538.678
2016-08-26 15:00:00,21730.0,21516.861
2016-08-26 16:00:00,21781.0,21597.12
2016-08-26 17:00:00,21561.0,21450.9
2016-08-26 18:00:00,21040.0,20824.172
2016-08-26 19:00:00,20191.0,20302.445
2016-08-26 20:00:00,19630.0,19607.71
2016-08-26 21:00:00,18851.0,19064.93
2016-08-26 22:00:00,17532.0,17435.283
2016-08-26 23:00:00,16072.0,16016.941
2016-08-27 00:00:00,14846.0,14836.565
2016-08-27 01:00:00,14028.0,14012.843
2016-08-27 02:00:00,13285.0,13456.724
2016-08-27 03:00:00,12943.0,12942.794
2016-08-27 04:00:00,12770.0,12793.791
2016-08-27 05:00:00,12736.0,12880.387
2016-08-27 06:00:00,13017.0,12884.451
2016-08-27 07:00:00,13426.0,13449.612
2016-08-27 08:00:00,14288.0,14275.041
2016-08-27 09:00:00,15572.0,15259.552
2016-08-27 10:00:00,16751.0,16522.484
2016-08-27 11:00:00,18026.0,17483.049
2016-08-27 12:00:00,18773.0,18839.217
2016-08-27 13:00:00,19574.0,19316.455
2016-08-27 14:00:00,20056.0,20034.018
2016-08-27 15:00:00,20330.0,20187.96
2016-08-27 16:00:00,20362.0,20352.89
2016-08-27 17:00:00,19958.0,20192.432
2016-08-27 18:00:00,19389.0,19374.297
2016-08-27 19:00:00,18658.0,18665.523
2016-08-27 20:00:00,18292.0,18283.736
2016-08-27 21:00:00,17483.0,17796.621
2016-08-27 22:00:00,16420.0,16290.465
2016-08-27 23:00:00,15181.0,15093.516
2016-08-28 00:00:00,14198.0,13992.628
2016-08-28 01:00:00,13403.0,13386.041
2016-08-28 02:00:00,12937.0,12836.012
2016-08-28 03:00:00,12459.0,12556.413
2016-08-28 04:00:00,12280.0,12296.269
2016-08-28 05:00:00,12266.0,12290.9795
2016-08-28 06:00:00,12279.0,12409.404
2016-08-28 07:00:00,12516.0,12580.424
2016-08-28 08:00:00,13703.0,13463.314
2016-08-28 09:00:00,14880.0,14763.281
2016-08-28 10:00:00,16118.0,16019.085
2016-08-28 11:00:00,17376.0,17123.494
2016-08-28 12:00:00,18481.0,18241.205
2016-08-28 13:00:00,19338.0,19205.21
2016-08-28 14:00:00,19861.0,19760.283
2016-08-28 15:00:00,20203.0,20214.25
2016-08-28 16:00:00,20348.0,20403.934
2016-08-28 17:00:00,20208.0,20172.521
2016-08-28 18:00:00,19623.0,19759.285
2016-08-28 19:00:00,18830.0,18999.652
2016-08-28 20:00:00,18500.0,18495.23
2016-08-28 21:00:00,17683.0,18078.008
2016-08-28 22:00:00,16261.0,16508.824
2016-08-28 23:00:00,15105.0,15077.642
2016-08-29 00:00:00,14192.0,14071.968
2016-08-29 01:00:00,13399.0,13479.142
2016-08-29 02:00:00,13033.0,12899.219
2016-08-29 03:00:00,12835.0,12719.098
2016-08-29 04:00:00,13019.0,12895.332
2016-08-29 05:00:00,13487.0,13640.438
2016-08-29 06:00:00,14794.0,14626.745
2016-08-29 07:00:00,15264.0,15621.518
2016-08-29 08:00:00,16027.0,16030.179
2016-08-29 09:00:00,16992.0,16923.428
2016-08-29 10:00:00,18139.0,18017.775
2016-08-29 11:00:00,18962.0,19038.08
2016-08-29 12:00:00,20079.0,19688.85
2016-08-29 13:00:00,20918.0,20848.7
2016-08-29 14:00:00,21325.0,21486.373
2016-08-29 15:00:00,21621.0,21556.672
2016-08-29 16:00:00,21781.0,21775.785
2016-08-29 17:00:00,21573.0,21568.64
2016-08-29 18:00:00,21416.0,20925.457
2016-08-29 19:00:00,20571.0,20782.09
2016-08-29 20:00:00,20120.0,20154.045
2016-08-29 21:00:00,19071.0,19518.918
2016-08-29 22:00:00,17262.0,17616.344
2016-08-29 23:00:00,15753.0,15816.715
2016-08-30 00:00:00,14579.0,14652.037
2016-08-30 01:00:00,13803.0,13759.864
2016-08-30 02:00:00,13191.0,13247.877
2016-08-30 03:00:00,12876.0,12874.026
2016-08-30 04:00:00,12827.0,12891.828
2016-08-30 05:00:00,13404.0,13322.408
2016-08-30 06:00:00,14565.0,14440.754
2016-08-30 07:00:00,15042.0,15324.932
2016-08-30 08:00:00,15662.0,15793.81
2016-08-30 09:00:00,16455.0,16501.924
2016-08-30 10:00:00,17395.0,17353.205
2016-08-30 11:00:00,18431.0,18183.137
2016-08-30 12:00:00,19496.0,19199.947
2016-08-30 13:00:00,20271.0,20278.78
2016-08-30 14:00:00,20827.0,20810.084
2016-08-30 15:00:00,21162.0,21127.418
2016-08-30 16:00:00,21304.0,21120.09
2016-08-30 17:00:00,21142.0,21155.166
2016-08-30 18:00:00,20599.0,20688.13
2016-08-30 19:00:00,19834.0,19808.197
2016-08-30 20:00:00,19553.0,19469.906
2016-08-30 21:00:00,18491.0,19061.566
2016-08-30 22:00:00,16856.0,17007.89
2016-08-30 23:00:00,15441.0,15417.422
2016-08-31 00:00:00,14247.0,14322.141
2016-08-31 01:00:00,13493.0,13512.478
2016-08-31 02:00:00,13106.0,12926.19
2016-08-31 03:00:00,12817.0,12819.055
2016-08-31 04:00:00,12906.0,12878.157
2016-08-31 05:00:00,13543.0,13472.463
2016-08-31 06:00:00,14879.0,14718.627
2016-08-31 07:00:00,15399.0,15578.165
2016-08-31 08:00:00,15903.0,16024.852
2016-08-31 09:00:00,16566.0,16604.225
2016-08-31 10:00:00,17459.0,17404.81
2016-08-31 11:00:00,18537.0,18243.756
2016-08-31 12:00:00,19506.0,19355.266
2016-08-31 13:00:00,20253.0,20236.418
2016-08-31 14:00:00,20671.0,20818.42
2016-08-31 15:00:00,20734.0,20961.443
2016-08-31 16:00:00,20526.0,20907.12
2016-08-31 17:00:00,19995.0,20326.465
2016-08-31 18:00:00,19293.0,19605.527
2016-08-31 19:00:00,18760.0,18693.756
2016-08-31 20:00:00,18589.0,18495.4
2016-08-31 21:00:00,17852.0,18149.564
2016-08-31 22:00:00,16505.0,16514.793
2016-08-31 23:00:00,14897.0,15067.885
2016-09-01 00:00:00,13929.0,13883.917
2016-09-01 01:00:00,13305.0,13265.897
2016-09-01 02:00:00,12782.0,12876.998
2016-09-01 03:00:00,12549.0,12536.336
2016-09-01 04:00:00,12623.0,12622.386
2016-09-01 05:00:00,13187.0,13160.574
2016-09-01 06:00:00,14322.0,14308.938
2016-09-01 07:00:00,14821.0,14898.618
2016-09-01 08:00:00,15242.0,15384.5205
2016-09-01 09:00:00,15789.0,15882.864
2016-09-01 10:00:00,16399.0,16584.7
2016-09-01 11:00:00,16742.0,17068.234
2016-09-01 12:00:00,17150.0,17279.133
2016-09-01 13:00:00,17376.0,17552.227
2016-09-01 14:00:00,17365.0,17527.01
2016-09-01 15:00:00,17333.0,17333.498
2016-09-01 16:00:00,17476.0,17317.521
2016-09-01 17:00:00,17329.0,17281.117
2016-09-01 18:00:00,16924.0,16990.291
2016-09-01 19:00:00,16443.0,16610.625
2016-09-01 20:00:00,16409.0,16365.475
2016-09-01 21:00:00,15751.0,15907.692
2016-09-01 22:00:00,14557.0,14747.2295
2016-09-01 23:00:00,13351.0,13391.363
2016-09-02 00:00:00,12471.0,12433.037
2016-09-02 01:00:00,11987.0,11939.297
2016-09-02 02:00:00,11711.0,11646.778
2016-09-02 03:00:00,11562.0,11578.201
2016-09-02 04:00:00,11593.0,11565.936
2016-09-02 05:00:00,12149.0,12022.535
2016-09-02 06:00:00,13299.0,13001.223
2016-09-02 07:00:00,13641.0,13767.098
2016-09-02 08:00:00,14078.0,14117.43
2016-09-02 09:00:00,14633.0,14576.845
2016-09-02 10:00:00,15045.0,15209.324
2016-09-02 11:00:00,15360.0,15487.444
2016-09-02 12:00:00,15651.0,15577.621
2016-09-02 13:00:00,15942.0,15862.797
2016-09-02 14:00:00,16082.0,16076.692
2016-09-02 15:00:00,16055.0,16099.255
2016-09-02 16:00:00,16107.0,16053.485
2016-09-02 17:00:00,16034.0,16003.007
2016-09-02 18:00:00,15572.0,15737.906
2016-09-02 19:00:00,14973.0,15295.018
2016-09-02 20:00:00,14947.0,14914.774
2016-09-02 21:00:00,14405.0,14435.291
2016-09-02 22:00:00,13517.0,13540.11
2016-09-02 23:00:00,12419.0,12571.059
2016-09-03 00:00:00,11518.0,11600.323
2016-09-03 01:00:00,11046.0,10966.722
2016-09-03 02:00:00,10670.0,10699.366
2016-09-03 03:00:00,10430.0,10529.327
2016-09-03 04:00:00,10443.0,10344.175
2016-09-03 05:00:00,10497.0,10464.81
2016-09-03 06:00:00,10587.0,10868.659
2016-09-03 07:00:00,10784.0,10928.879
2016-09-03 08:00:00,11366.0,11347.508
2016-09-03 09:00:00,12082.0,12043.726
2016-09-03 10:00:00,12702.0,12621.906
2016-09-03 11:00:00,13251.0,13115.923
2016-09-03 12:00:00,13706.0,13636.309
2016-09-03 13:00:00,14005.0,13967.597
2016-09-03 14:00:00,14463.0,14217.046
2016-09-03 15:00:00,14873.0,14669.983
2016-09-03 16:00:00,15201.0,15071.163
2016-09-03 17:00:00,15302.0,15275.717
2016-09-03 18:00:00,14985.0,15112.556
2016-09-03 19:00:00,14456.0,14752.599
2016-09-03 20:00:00,14295.0,14375.198
2016-09-03 21:00:00,13699.0,13840.422
2016-09-03 22:00:00,12860.0,12919.744
2016-09-03 23:00:00,11937.0,11940.055
2016-09-04 00:00:00,11159.0,11172.91
2016-09-04 01:00:00,10697.0,10601.023
2016-09-04 02:00:00,10355.0,10341.663
2016-09-04 03:00:00,10135.0,10068.946
2016-09-04 04:00:00,10034.0,10017.622
2016-09-04 05:00:00,10118.0,10139.5205
2016-09-04 06:00:00,10185.0,10341.411
2016-09-04 07:00:00,10314.0,10448.195
2016-09-04 08:00:00,11024.0,10820.226
2016-09-04 09:00:00,11729.0,11570.421
2016-09-04 10:00:00,12416.0,12307.854
2016-09-04 11:00:00,13122.0,12912.746
2016-09-04 12:00:00,13869.0,13595.781
2016-09-04 13:00:00,14466.0,14356.462
2016-09-04 14:00:00,15047.0,14812.541
2016-09-04 15:00:00,15517.0,15445.934
2016-09-04 16:00:00,15895.0,15909.602
2016-09-04 17:00:00,16017.0,16033.274
2016-09-04 18:00:00,15682.0,15929.1045
2016-09-04 19:00:00,14985.0,15414.836
2016-09-04 20:00:00,14667.0,15012.152
2016-09-04 21:00:00,14018.0,14287.748
2016-09-04 22:00:00,13040.0,13144.241
2016-09-04 23:00:00,12130.0,12254.596
2016-09-05 00:00:00,11369.0,11541.235
2016-09-05 01:00:00,10720.0,10918.063
2016-09-05 02:00:00,10364.0,10513.883
2016-09-05 03:00:00,10171.0,10219.166
2016-09-05 04:00:00,10132.0,10207.199
2016-09-05 05:00:00,10152.0,10411.789
2016-09-05 06:00:00,10373.0,10450.469
2016-09-05 07:00:00,10366.0,10425.05
2016-09-05 08:00:00,10994.0,10757.152
2016-09-05 09:00:00,12078.0,11537.48
2016-09-05 10:00:00,13116.0,12912.193
2016-09-05 11:00:00,14214.0,13687.688
2016-09-05 12:00:00,15171.0,14790.508
2016-09-05 13:00:00,16028.0,15827.632
2016-09-05 14:00:00,16809.0,16551.752
2016-09-05 15:00:00,17506.0,17275.668
2016-09-05 16:00:00,17975.0,17957.55
2016-09-05 17:00:00,18234.0,18056.451
2016-09-05 18:00:00,17951.0,18063.594
2016-09-05 19:00:00,17335.0,17622.557
2016-09-05 20:00:00,17283.0,17130.637
2016-09-05 21:00:00,16401.0,16690.959
2016-09-05 22:00:00,14960.0,15204.429
2016-09-05 23:00:00,13686.0,13829.232
2016-09-06 00:00:00,12840.0,12766.541
2016-09-06 01:00:00,12247.0,12207.44
2016-09-06 02:00:00,11970.0,11793.437
2016-09-06 03:00:00,11796.0,11667.269
2016-09-06 04:00:00,11893.0,11759.13
2016-09-06 05:00:00,12545.0,12454.157
2016-09-06 06:00:00,13880.0,13899.2295
2016-09-06 07:00:00,14559.0,14572.154
2016-09-06 08:00:00,15111.0,15082.603
2016-09-06 09:00:00,16112.0,15723.284
2016-09-06 10:00:00,17104.0,17212.938
2016-09-06 11:00:00,18275.0,18041.527
2016-09-06 12:00:00,19237.0,19219.918
2016-09-06 13:00:00,20024.0,20045.914
2016-09-06 14:00:00,20863.0,20448.285
2016-09-06 15:00:00,21255.0,21258.393
2016-09-06 16:00:00,21580.0,21613.566
2016-09-06 17:00:00,21490.0,21758.377
2016-09-06 18:00:00,21108.0,21140.229
2016-09-06 19:00:00,20438.0,20536.56
2016-09-06 20:00:00,20087.0,19853.6
2016-09-06 21:00:00,18939.0,19251.967
2016-09-06 22:00:00,17345.0,17626.658
2016-09-06 23:00:00,16117.0,15882.728
2016-09-07 00:00:00,14849.0,14981.063
2016-09-07 01:00:00,14065.0,14084.629
2016-09-07 02:00:00,13591.0,13523.505
2016-09-07 03:00:00,13245.0,13291.825
2016-09-07 04:00:00,13240.0,13286.8
2016-09-07 05:00:00,13903.0,13755.88
2016-09-07 06:00:00,15087.0,15179.569
2016-09-07 07:00:00,15500.0,15886.17
2016-09-07 08:00:00,16096.0,16018.124
2016-09-07 09:00:00,17053.0,16785.15
2016-09-07 10:00:00,18235.0,18024.26
2016-09-07 11:00:00,19363.0,19152.613
2016-09-07 12:00:00,20422.0,20257.078
2016-09-07 13:00:00,21170.0,21073.887
2016-09-07 14:00:00,21688.0,21656.63
2016-09-07 15:00:00,21778.0,21841.656
2016-09-07 16:00:00,22021.0,21477.66
2016-09-07 17:00:00,21857.0,21687.953
2016-09-07 18:00:00,21718.0,21507.812
2016-09-07 19:00:00,21068.0,21033.043
2016-09-07 20:00:00,21011.0,20784.818
2016-09-07 21:00:00,19806.0,20264.814
2016-09-07 22:00:00,18207.0,18289.402
2016-09-07 23:00:00,16715.0,16677.453
2016-09-08 00:00:00,15590.0,15530.834
2016-09-08 01:00:00,14752.0,14700.342
2016-09-08 02:00:00,14156.0,14221.1455
2016-09-08 03:00:00,13864.0,13883.819
2016-09-08 04:00:00,13820.0,13815.016
2016-09-08 05:00:00,14471.0,14342.236
2016-09-08 06:00:00,15811.0,15836.653
2016-09-08 07:00:00,16281.0,16521.957
2016-09-08 08:00:00,16834.0,16826.934
2016-09-08 09:00:00,17530.0,17616.51
2016-09-08 10:00:00,18656.0,18507.234
2016-09-08 11:00:00,19549.0,19683.06
2016-09-08 12:00:00,20303.0,20454.45
2016-09-08 13:00:00,20894.0,20853.016
2016-09-08 14:00:00,21024.0,21026.807
2016-09-08 15:00:00,21109.0,20888.54
2016-09-08 16:00:00,21185.0,20780.98
2016-09-08 17:00:00,21047.0,20869.232
2016-09-08 18:00:00,20641.0,20435.4
2016-09-08 19:00:00,20221.0,19894.498
2016-09-08 20:00:00,20128.0,19666.082
2016-09-08 21:00:00,19157.0,19359.377
2016-09-08 22:00:00,17591.0,17752.86
2016-09-08 23:00:00,16069.0,16123.731
2016-09-09 00:00:00,15033.0,14969.343
2016-09-09 01:00:00,14250.0,14247.771
2016-09-09 02:00:00,13702.0,13751.041
2016-09-09 03:00:00,13445.0,13388.87
2016-09-09 04:00:00,13451.0,13439.172
2016-09-09 05:00:00,14011.0,13958.866
2016-09-09 06:00:00,15346.0,15149.393
2016-09-09 07:00:00,15897.0,16031.082
2016-09-09 08:00:00,16252.0,16343.936
2016-09-09 09:00:00,16826.0,16809.014
2016-09-09 10:00:00,17555.0,17516.596
2016-09-09 11:00:00,18245.0,18177.637
2016-09-09 12:00:00,19043.0,18768.03
2016-09-09 13:00:00,19568.0,19571.857
2016-09-09 14:00:00,19957.0,19809.168
2016-09-09 15:00:00,20151.0,19864.197
2016-09-09 16:00:00,20204.0,20002.768
2016-09-09 17:00:00,19901.0,19749.83
2016-09-09 18:00:00,19254.0,19164.283
2016-09-09 19:00:00,18592.0,18564.889
2016-09-09 20:00:00,18397.0,18302.986
2016-09-09 21:00:00,17765.0,17842.094
2016-09-09 22:00:00,16597.0,16665.002
2016-09-09 23:00:00,15344.0,15238.219
2016-09-10 00:00:00,14508.0,14209.828
2016-09-10 01:00:00,12959.0,13779.456
2016-09-10 02:00:00,13055.0,12540.581
2016-09-10 03:00:00,12784.0,12607.18
2016-09-10 04:00:00,12648.0,12698.991
2016-09-10 05:00:00,12748.0,12760.296
2016-09-10 06:00:00,13118.0,12990.314
2016-09-10 07:00:00,13402.0,13584.327
2016-09-10 08:00:00,14350.0,14163.785
2016-09-10 09:00:00,15437.0,15173.707
2016-09-10 10:00:00,16456.0,16377.985
2016-09-10 11:00:00,17347.0,17364.072
2016-09-10 12:00:00,18210.0,17998.547
2016-09-10 13:00:00,18728.0,18856.861
2016-09-10 14:00:00,18985.0,19152.834
2016-09-10 15:00:00,19071.0,19201.414
2016-09-10 16:00:00,19011.0,19012.094
2016-09-10 17:00:00,18598.0,18768.59
2016-09-10 18:00:00,17729.0,18081.48
2016-09-10 19:00:00,17024.0,17224.146
2016-09-10 20:00:00,16506.0,16643.104
2016-09-10 21:00:00,15819.0,15888.923
2016-09-10 22:00:00,14714.0,14797.71
2016-09-10 23:00:00,13671.0,13650.842
2016-09-11 00:00:00,12687.0,12681.874
2016-09-11 01:00:00,11976.0,12055.157
2016-09-11 02:00:00,11619.0,11562.183
2016-09-11 03:00:00,11259.0,11303.086
2016-09-11 04:00:00,11119.0,11195.259
2016-09-11 05:00:00,11166.0,11248.824
2016-09-11 06:00:00,11260.0,11396.963
2016-09-11 07:00:00,11390.0,11543.196
2016-09-11 08:00:00,12012.0,12150.646
2016-09-11 09:00:00,12776.0,12854.966
2016-09-11 10:00:00,13364.0,13471.988
2016-09-11 11:00:00,13972.0,13989.817
2016-09-11 12:00:00,14470.0,14450.557
2016-09-11 13:00:00,14927.0,14810.988
2016-09-11 14:00:00,15186.0,15080.753
2016-09-11 15:00:00,15434.0,15267.152
2016-09-11 16:00:00,15727.0,15594.899
2016-09-11 17:00:00,15784.0,15722.749
2016-09-11 18:00:00,15438.0,15632.72
2016-09-11 19:00:00,14873.0,15244.725
2016-09-11 20:00:00,14889.0,14836.697
2016-09-11 21:00:00,14140.0,14326.185
2016-09-11 22:00:00,13095.0,13286.286
2016-09-11 23:00:00,12356.0,12351.814
2016-09-12 00:00:00,11724.0,11719.079
2016-09-12 01:00:00,11283.0,11334.201
2016-09-12 02:00:00,11024.0,11086.22
2016-09-12 03:00:00,11067.0,10929.422
2016-09-12 04:00:00,11175.0,11141.868
2016-09-12 05:00:00,11788.0,11771.243
2016-09-12 06:00:00,13053.0,12839.186
2016-09-12 07:00:00,13558.0,13720.068
2016-09-12 08:00:00,13805.0,14119.925
2016-09-12 09:00:00,14318.0,14371.28
2016-09-12 10:00:00,15055.0,14945.026
2016-09-12 11:00:00,15555.0,15534.781
2016-09-12 12:00:00,16095.0,15997.912
2016-09-12 13:00:00,16700.0,16483.256
2016-09-12 14:00:00,17195.0,17103.793
2016-09-12 15:00:00,17645.0,17483.629
2016-09-12 16:00:00,17891.0,17958.77
2016-09-12 17:00:00,17901.0,17902.797
2016-09-12 18:00:00,17685.0,17563.91
2016-09-12 19:00:00,17106.0,17292.602
2016-09-12 20:00:00,16936.0,17008.58
2016-09-12 21:00:00,15923.0,16413.904
2016-09-12 22:00:00,14625.0,14719.503
2016-09-12 23:00:00,13360.0,13524.319
2016-09-13 00:00:00,12515.0,12596.184
2016-09-13 01:00:00,11829.0,11967.189
2016-09-13 02:00:00,11567.0,11574.731
2016-09-13 03:00:00,11508.0,11359.415
2016-09-13 04:00:00,11515.0,11575.44
2016-09-13 05:00:00,12177.0,12148.978
2016-09-13 06:00:00,13346.0,13389.739
2016-09-13 07:00:00,13797.0,13926.973
2016-09-13 08:00:00,14128.0,14307.9
2016-09-13 09:00:00,14795.0,14681.707
2016-09-13 10:00:00,15511.0,15524.938
2016-09-13 11:00:00,16170.0,16013.739
2016-09-13 12:00:00,16965.0,16682.904
2016-09-13 13:00:00,17702.0,17653.26
2016-09-13 14:00:00,18217.0,18159.836
2016-09-13 15:00:00,18685.0,18595.297
2016-09-13 16:00:00,18972.0,18954.766
2016-09-13 17:00:00,18956.0,18996.977
2016-09-13 18:00:00,18442.0,18685.207
2016-09-13 19:00:00,17843.0,17947.24
2016-09-13 20:00:00,17696.0,17762.678
2016-09-13 21:00:00,16658.0,17105.904
2016-09-13 22:00:00,15239.0,15315.637
2016-09-13 23:00:00,13884.0,13983.351
2016-09-14 00:00:00,12994.0,12996.162
2016-09-14 01:00:00,12286.0,12402.87
2016-09-14 02:00:00,11826.0,11926.114
2016-09-14 03:00:00,11607.0,11570.613
2016-09-14 04:00:00,11545.0,11616.593
2016-09-14 05:00:00,12290.0,12044.245
2016-09-14 06:00:00,13482.0,13487.814
2016-09-14 07:00:00,14032.0,14074.284
2016-09-14 08:00:00,14419.0,14452.553
2016-09-14 09:00:00,15010.0,14926.103
2016-09-14 10:00:00,15623.0,15797.088
2016-09-14 11:00:00,16266.0,16266.995
2016-09-14 12:00:00,17019.0,16805.463
2016-09-14 13:00:00,17661.0,17552.568
2016-09-14 14:00:00,17950.0,18092.121
2016-09-14 15:00:00,18166.0,18261.617
2016-09-14 16:00:00,18174.0,18332.133
2016-09-14 17:00:00,17991.0,17997.246
2016-09-14 18:00:00,17533.0,17562.695
2016-09-14 19:00:00,17011.0,17015.168
2016-09-14 20:00:00,16910.0,16857.934
2016-09-14 21:00:00,16026.0,16240.329
2016-09-14 22:00:00,14582.0,14766.384
2016-09-14 23:00:00,13380.0,13343.013
2016-09-15 00:00:00,12433.0,12501.184
2016-09-15 01:00:00,11926.0,11869.194
2016-09-15 02:00:00,11559.0,11585.943
2016-09-15 03:00:00,11384.0,11374.234
2016-09-15 04:00:00,11381.0,11467.996
2016-09-15 05:00:00,12011.0,11968.745
2016-09-15 06:00:00,13295.0,13246.047
2016-09-15 07:00:00,13762.0,13780.8955
2016-09-15 08:00:00,14001.0,14241.034
2016-09-15 09:00:00,14521.0,14562.772
2016-09-15 10:00:00,15033.0,15206.051
2016-09-15 11:00:00,15439.0,15536.8955
2016-09-15 12:00:00,15962.0,15863.438
2016-09-15 13:00:00,16479.0,16268.054
2016-09-15 14:00:00,16802.0,16715.223
2016-09-15 15:00:00,17007.0,16963.986
2016-09-15 16:00:00,17082.0,17165.781
2016-09-15 17:00:00,17040.0,17013.197
2016-09-15 18:00:00,16712.0,16682.418
2016-09-15 19:00:00,16349.0,16310.76
2016-09-15 20:00:00,16374.0,16287.6045
2016-09-15 21:00:00,15518.0,15884.876
2016-09-15 22:00:00,14263.0,14345.702
2016-09-15 23:00:00,13095.0,13159.397
2016-09-16 00:00:00,12329.0,12241.923
2016-09-16 01:00:00,11757.0,11795.744
2016-09-16 02:00:00,11376.0,11438.944
2016-09-16 03:00:00,11291.0,11230.034
2016-09-16 04:00:00,11357.0,11361.895
2016-09-16 05:00:00,11962.0,11991.406
2016-09-16 06:00:00,13201.0,13023.258
2016-09-16 07:00:00,13708.0,13627.298
2016-09-16 08:00:00,14039.0,14133.757
2016-09-16 09:00:00,14512.0,14555.983
2016-09-16 10:00:00,15252.0,15087.602
2016-09-16 11:00:00,15907.0,15643.379
2016-09-16 12:00:00,16628.0,16385.225
2016-09-16 13:00:00,17369.0,17148.602
2016-09-16 14:00:00,17791.0,17743.707
2016-09-16 15:00:00,18214.0,18122.94
2016-09-16 16:00:00,18265.0,18462.068
2016-09-16 17:00:00,18157.0,18199.371
2016-09-16 18:00:00,17607.0,17653.432
2016-09-16 19:00:00,17046.0,17089.156
2016-09-16 20:00:00,16824.0,16812.28
2016-09-16 21:00:00,16092.0,16209.26
2016-09-16 22:00:00,15071.0,14845.581
2016-09-16 23:00:00,13962.0,13815.216
2016-09-17 00:00:00,13009.0,12982.391
2016-09-17 01:00:00,12397.0,12317.079
2016-09-17 02:00:00,11982.0,11924.257
2016-09-17 03:00:00,11784.0,11692.874
2016-09-17 04:00:00,11694.0,11683.784
2016-09-17 05:00:00,11952.0,11873.485
2016-09-17 06:00:00,12264.0,12354.056
2016-09-17 07:00:00,12663.0,12661.438
2016-09-17 08:00:00,13274.0,13353.679
2016-09-17 09:00:00,14142.0,14010.797
2016-09-17 10:00:00,14908.0,14888.88
2016-09-17 11:00:00,15471.0,15538.705
2016-09-17 12:00:00,15990.0,15855.644
2016-09-17 13:00:00,16186.0,16300.822
2016-09-17 14:00:00,16397.0,16398.178
2016-09-17 15:00:00,16438.0,16501.318
2016-09-17 16:00:00,16618.0,16472.35
2016-09-17 17:00:00,16447.0,16601.46
2016-09-17 18:00:00,16131.0,16034.734
2016-09-17 19:00:00,15822.0,15734.035
2016-09-17 20:00:00,15688.0,15729.551
2016-09-17 21:00:00,15059.0,15273.147
2016-09-17 22:00:00,14153.0,14115.779
2016-09-17 23:00:00,13210.0,13113.258
2016-09-18 00:00:00,12382.0,12331.287
2016-09-18 01:00:00,11838.0,11750.723
2016-09-18 02:00:00,11413.0,11469.99
2016-09-18 03:00:00,11153.0,11158.072
2016-09-18 04:00:00,10979.0,11049.541
2016-09-18 05:00:00,11028.0,10990.884
2016-09-18 06:00:00,11276.0,11234.623
2016-09-18 07:00:00,11703.0,11533.219
2016-09-18 08:00:00,12253.0,12360.312
2016-09-18 09:00:00,13123.0,12905.76
2016-09-18 10:00:00,13881.0,13813.191
2016-09-18 11:00:00,14507.0,14569.484
2016-09-18 12:00:00,15062.0,15027.283
2016-09-18 13:00:00,15500.0,15455.456
2016-09-18 14:00:00,15780.0,15815.246
2016-09-18 15:00:00,16011.0,16044.741
2016-09-18 16:00:00,16105.0,16298.914
2016-09-18 17:00:00,16048.0,16133.015
2016-09-18 18:00:00,15787.0,15790.789
2016-09-18 19:00:00,15768.0,15553.942
2016-09-18 20:00:00,15903.0,15744.369
2016-09-18 21:00:00,15110.0,15375.442
2016-09-18 22:00:00,14147.0,14080.172
2016-09-18 23:00:00,13202.0,13093.788
2016-09-19 00:00:00,12527.0,12411.01
2016-09-19 01:00:00,12098.0,11989.371
2016-09-19 02:00:00,11740.0,11843.233
2016-09-19 03:00:00,11698.0,11634.85
2016-09-19 04:00:00,11891.0,11767.858
2016-09-19 05:00:00,12608.0,12556.04
2016-09-19 06:00:00,13923.0,13999.945
2016-09-19 07:00:00,14571.0,14680.263
2016-09-19 08:00:00,14886.0,15022.236
2016-09-19 09:00:00,15285.0,15389.489
2016-09-19 10:00:00,15984.0,15864.298
2016-09-19 11:00:00,16657.0,16339.28
2016-09-19 12:00:00,17328.0,17084.975
2016-09-19 13:00:00,17866.0,17820.281
2016-09-19 14:00:00,18403.0,18207.49
2016-09-19 15:00:00,18723.0,18671.09
2016-09-19 16:00:00,19027.0,18981.79
2016-09-19 17:00:00,18890.0,19064.37
2016-09-19 18:00:00,18387.0,18530.117
2016-09-19 19:00:00,17763.0,17934.89
2016-09-19 20:00:00,17667.0,17683.447
2016-09-19 21:00:00,16534.0,17120.84
2016-09-19 22:00:00,15101.0,15211.398
2016-09-19 23:00:00,13778.0,13868.316
2016-09-20 00:00:00,12764.0,12926.703
2016-09-20 01:00:00,12209.0,12219.397
2016-09-20 02:00:00,11855.0,11839.718
2016-09-20 03:00:00,11594.0,11736.42
2016-09-20 04:00:00,11761.0,11745.301
2016-09-20 05:00:00,12352.0,12382.715
2016-09-20 06:00:00,13583.0,13685.662
2016-09-20 07:00:00,14287.0,14211.157
2016-09-20 08:00:00,14527.0,14734.849
2016-09-20 09:00:00,15147.0,15050.487
2016-09-20 10:00:00,15912.0,15858.511
2016-09-20 11:00:00,16615.0,16476.658
2016-09-20 12:00:00,17447.0,17094.133
2016-09-20 13:00:00,18260.0,17957.709
2016-09-20 14:00:00,18876.0,18809.205
2016-09-20 15:00:00,19315.0,19261.418
2016-09-20 16:00:00,19498.0,19654.47
2016-09-20 17:00:00,19330.0,19532.81
2016-09-20 18:00:00,18683.0,18891.232
2016-09-20 19:00:00,18121.0,18151.826
2016-09-20 20:00:00,17853.0,18009.293
2016-09-20 21:00:00,16605.0,17159.22
2016-09-20 22:00:00,15275.0,15286.671
2016-09-20 23:00:00,13903.0,13972.851
2016-09-21 00:00:00,12954.0,12997.385
2016-09-21 01:00:00,12287.0,12380.119
2016-09-21 02:00:00,11910.0,11938.666
2016-09-21 03:00:00,11714.0,11751.925
2016-09-21 04:00:00,11743.0,11842.58
2016-09-21 05:00:00,12413.0,12417.104
2016-09-21 06:00:00,13527.0,13645.57
2016-09-21 07:00:00,14074.0,14282.68
2016-09-21 08:00:00,14288.0,14523.334
2016-09-21 09:00:00,14910.0,14769.524
2016-09-21 10:00:00,15571.0,15620.625
2016-09-21 11:00:00,16249.0,16170.613
2016-09-21 12:00:00,17048.0,16718.94
2016-09-21 13:00:00,17878.0,17600.104
2016-09-21 14:00:00,18540.0,18367.943
2016-09-21 15:00:00,19013.0,19041.58
2016-09-21 16:00:00,19261.0,19256.348
2016-09-21 17:00:00,19122.0,19263.54
2016-09-21 18:00:00,18538.0,18759.57
2016-09-21 19:00:00,17974.0,18029.902
2016-09-21 20:00:00,17698.0,17837.822
2016-09-21 21:00:00,16576.0,17090.174
2016-09-21 22:00:00,15196.0,15244.651
2016-09-21 23:00:00,13857.0,13935.75
2016-09-22 00:00:00,12829.0,12956.186
2016-09-22 01:00:00,12222.0,12229.368
2016-09-22 02:00:00,11832.0,11885.516
2016-09-22 03:00:00,11628.0,11723.384
2016-09-22 04:00:00,11725.0,11739.011
2016-09-22 05:00:00,12404.0,12373.583
2016-09-22 06:00:00,13796.0,13763.579
2016-09-22 07:00:00,14295.0,14435.471
2016-09-22 08:00:00,14569.0,14659.971
2016-09-22 09:00:00,15229.0,15157.012
2016-09-22 10:00:00,16031.0,15970.918
2016-09-22 11:00:00,16805.0,16690.117
2016-09-22 12:00:00,17623.0,17407.326
2016-09-22 13:00:00,18358.0,18293.018
2016-09-22 14:00:00,18842.0,18886.518
2016-09-22 15:00:00,19381.0,19169.086
2016-09-22 16:00:00,19674.0,19663.137
2016-09-22 17:00:00,19492.0,19639.635
2016-09-22 18:00:00,18875.0,19068.762
2016-09-22 19:00:00,18418.0,18402.908
2016-09-22 20:00:00,18091.0,18227.209
2016-09-22 21:00:00,16998.0,17428.904
2016-09-22 22:00:00,15682.0,15678.988
2016-09-22 23:00:00,14318.0,14349.991
2016-09-23 00:00:00,13287.0,13357.367
2016-09-23 01:00:00,12579.0,12691.053
2016-09-23 02:00:00,12262.0,12183.425
2016-09-23 03:00:00,12059.0,12048.915
2016-09-23 04:00:00,12033.0,12148.356
2016-09-23 05:00:00,12708.0,12547.247
2016-09-23 06:00:00,13942.0,13925.173
2016-09-23 07:00:00,14562.0,14715.693
2016-09-23 08:00:00,14763.0,15095.259
2016-09-23 09:00:00,15471.0,15290.987
2016-09-23 10:00:00,16347.0,16165.162
2016-09-23 11:00:00,17293.0,17053.613
2016-09-23 12:00:00,18231.0,17956.69
2016-09-23 13:00:00,19016.0,19021.293
2016-09-23 14:00:00,19491.0,19468.572
2016-09-23 15:00:00,19761.0,19841.93
2016-09-23 16:00:00,19885.0,19987.045
2016-09-23 17:00:00,19506.0,19833.334
2016-09-23 18:00:00,18646.0,18928.357
2016-09-23 19:00:00,17917.0,18020.959
2016-09-23 20:00:00,17523.0,17637.854
2016-09-23 21:00:00,16487.0,16906.621
2016-09-23 22:00:00,15295.0,15334.662
2016-09-23 23:00:00,14205.0,14014.437
2016-09-24 00:00:00,13135.0,13227.548
2016-09-24 01:00:00,12372.0,12453.6455
2016-09-24 02:00:00,11849.0,11951.798
2016-09-24 03:00:00,11595.0,11612.476
2016-09-24 04:00:00,11515.0,11537.034
2016-09-24 05:00:00,11616.0,11655.904
2016-09-24 06:00:00,11997.0,11895.181
2016-09-24 07:00:00,12326.0,12368.469
2016-09-24 08:00:00,12887.0,12997.505
2016-09-24 09:00:00,13597.0,13721.817
2016-09-24 10:00:00,14239.0,14305.189
2016-09-24 11:00:00,14790.0,14875.055
2016-09-24 12:00:00,15362.0,15173.011
2016-09-24 13:00:00,15880.0,15666.355
2016-09-24 14:00:00,16236.0,16099.926
2016-09-24 15:00:00,16532.0,16470.773
2016-09-24 16:00:00,16642.0,16747.324
2016-09-24 17:00:00,16594.0,16545.014
2016-09-24 18:00:00,16121.0,16210.949
2016-09-24 19:00:00,15571.0,15673.899
2016-09-24 20:00:00,15485.0,15340.043
2016-09-24 21:00:00,14666.0,14898.244
2016-09-24 22:00:00,13666.0,13722.335
2016-09-24 23:00:00,12598.0,12677.328
2016-09-25 00:00:00,11757.0,11791.188
2016-09-25 01:00:00,11165.0,11187.764
2016-09-25 02:00:00,10891.0,10847.27
2016-09-25 03:00:00,10657.0,10684.887
2016-09-25 04:00:00,10572.0,10583.292
2016-09-25 05:00:00,10610.0,10722.564
2016-09-25 06:00:00,10808.0,10873.344
2016-09-25 07:00:00,10973.0,11158.552
2016-09-25 08:00:00,11552.0,11650.959
2016-09-25 09:00:00,12207.0,12217.35
2016-09-25 10:00:00,12788.0,12712.299
2016-09-25 11:00:00,13432.0,13330.023
2016-09-25 12:00:00,13979.0,14033.363
2016-09-25 13:00:00,14511.0,14393.056
2016-09-25 14:00:00,15056.0,14845.421
2016-09-25 15:00:00,15463.0,15420.634
2016-09-25 16:00:00,16031.0,15833.209
2016-09-25 17:00:00,16223.0,16298.63
2016-09-25 18:00:00,15918.0,16166.896
2016-09-25 19:00:00,15751.0,15627.874
2016-09-25 20:00:00,15783.0,15683.993
2016-09-25 21:00:00,14879.0,15282.752
2016-09-25 22:00:00,13770.0,13868.605
2016-09-25 23:00:00,12796.0,12846.345
2016-09-26 00:00:00,12072.0,12091.796
2016-09-26 01:00:00,11701.0,11647.859
2016-09-26 02:00:00,11381.0,11406.379
2016-09-26 03:00:00,11313.0,11257.253
2016-09-26 04:00:00,11515.0,11377.258
2016-09-26 05:00:00,12235.0,12192.273
2016-09-26 06:00:00,13449.0,13558.446
2016-09-26 07:00:00,14193.0,14124.894
2016-09-26 08:00:00,14405.0,14576.306
2016-09-26 09:00:00,14662.0,14842.945
2016-09-26 10:00:00,15056.0,15189.745
2016-09-26 11:00:00,15392.0,15469.179
2016-09-26 12:00:00,15592.0,15769.245
2016-09-26 13:00:00,15672.0,15818.355
2016-09-26 14:00:00,15534.0,15753.084
2016-09-26 15:00:00,15276.0,15447.326
2016-09-26 16:00:00,15262.0,15231.243
2016-09-26 17:00:00,15031.0,15181.886
2016-09-26 18:00:00,14831.0,14836.357
2016-09-26 19:00:00,14893.0,14864.476
2016-09-26 20:00:00,15002.0,14990.984
2016-09-26 21:00:00,14161.0,14516.961
2016-09-26 22:00:00,13133.0,13212.687
2016-09-26 23:00:00,12316.0,12275.78
2016-09-27 00:00:00,11716.0,11682.046
2016-09-27 01:00:00,11209.0,11354.757
2016-09-27 02:00:00,10908.0,10988.708
2016-09-27 03:00:00,10873.0,10821.225
2016-09-27 04:00:00,11013.0,11013.435
2016-09-27 05:00:00,11724.0,11624.463
2016-09-27 06:00:00,13005.0,13071.9795
2016-09-27 07:00:00,13576.0,13701.8125
2016-09-27 08:00:00,13601.0,14014.525
2016-09-27 09:00:00,13719.0,14068.937
2016-09-27 10:00:00,14179.0,14197.039
2016-09-27 11:00:00,14411.0,14441.798
2016-09-27 12:00:00,14666.0,14514.495
2016-09-27 13:00:00,14860.0,14881.292
2016-09-27 14:00:00,15116.0,14965.78
2016-09-27 15:00:00,15161.0,15177.331
2016-09-27 16:00:00,15195.0,15153.3955
2016-09-27 17:00:00,15067.0,15189.44
2016-09-27 18:00:00,14768.0,14949.543
2016-09-27 19:00:00,14876.0,14867.646
2016-09-27 20:00:00,14890.0,15088.473
2016-09-27 21:00:00,14173.0,14391.325
2016-09-27 22:00:00,13098.0,13239.126
2016-09-27 23:00:00,12103.0,12250.776
2016-09-28 00:00:00,11439.0,11505.186
2016-09-28 01:00:00,11067.0,11035.274
2016-09-28 02:00:00,10927.0,10873.48
2016-09-28 03:00:00,10764.0,10821.395
2016-09-28 04:00:00,10961.0,10865.559
2016-09-28 05:00:00,11698.0,11408.365
2016-09-28 06:00:00,12934.0,12930.32
2016-09-28 07:00:00,13582.0,13885.638
2016-09-28 08:00:00,13658.0,14092.121
2016-09-28 09:00:00,13921.0,14077.394
2016-09-28 10:00:00,14176.0,14322.897
2016-09-28 11:00:00,14363.0,14347.977
2016-09-28 12:00:00,14436.0,14542.546
2016-09-28 13:00:00,14500.0,14610.259
2016-09-28 14:00:00,14531.0,14590.596
2016-09-28 15:00:00,14623.0,14566.219
2016-09-28 16:00:00,14644.0,14730.163
2016-09-28 17:00:00,14614.0,14665.474
2016-09-28 18:00:00,14536.0,14588.498
2016-09-28 19:00:00,14734.0,14829.724
2016-09-28 20:00:00,14515.0,15077.942
2016-09-28 21:00:00,13883.0,14111.703
2016-09-28 22:00:00,13050.0,12964.255
2016-09-28 23:00:00,12156.0,12192.272
2016-09-29 00:00:00,11509.0,11557.016
2016-09-29 01:00:00,11247.0,11137.482
2016-09-29 02:00:00,11024.0,11091.399
2016-09-29 03:00:00,10858.0,11011.015
2016-09-29 04:00:00,11071.0,11041.897
2016-09-29 05:00:00,11756.0,11622.016
2016-09-29 06:00:00,12998.0,13076.396
2016-09-29 07:00:00,13761.0,13909.149
2016-09-29 08:00:00,13828.0,14148.286
2016-09-29 09:00:00,14017.0,14157.029
2016-09-29 10:00:00,14237.0,14274.893
2016-09-29 11:00:00,14339.0,14336.143
2016-09-29 12:00:00,14278.0,14431.017
2016-09-29 13:00:00,14449.0,14320.437
2016-09-29 14:00:00,14374.0,14529.334
2016-09-29 15:00:00,14256.0,14326.447
2016-09-29 16:00:00,14145.0,14212.81
2016-09-29 17:00:00,14123.0,14023.821
2016-09-29 18:00:00,14029.0,14040.218
2016-09-29 19:00:00,14569.0,14304.941
2016-09-29 20:00:00,14568.0,14868.438
2016-09-29 21:00:00,13974.0,14117.002
2016-09-29 22:00:00,13146.0,13097.079
2016-09-29 23:00:00,12246.0,12219.391
2016-09-30 00:00:00,11624.0,11574.303
2016-09-30 01:00:00,11211.0,11208.946
2016-09-30 02:00:00,10976.0,10956.467
2016-09-30 03:00:00,10890.0,10843.844
2016-09-30 04:00:00,11097.0,11021.382
2016-09-30 05:00:00,11780.0,11699.963
2016-09-30 06:00:00,12995.0,13087.467
2016-09-30 07:00:00,13742.0,13918.759
2016-09-30 08:00:00,13838.0,14082.897
2016-09-30 09:00:00,14099.0,14049.625
2016-09-30 10:00:00,14174.0,14313.282
2016-09-30 11:00:00,14240.0,14176.754
2016-09-30 12:00:00,14238.0,14226.606
2016-09-30 13:00:00,14198.0,14208.836
2016-09-30 14:00:00,14133.0,14120.999
2016-09-30 15:00:00,13950.0,13978.717
2016-09-30 16:00:00,13869.0,13797.574
2016-09-30 17:00:00,13710.0,13737.335
2016-09-30 18:00:00,13483.0,13544.247
2016-09-30 19:00:00,13744.0,13632.613
2016-09-30 20:00:00,13660.0,13885.183
2016-09-30 21:00:00,13188.0,13336.573
2016-09-30 22:00:00,12506.0,12415.439
2016-09-30 23:00:00,11716.0,11832.505
2016-10-01 00:00:00,11019.0,11196.351
2016-10-01 01:00:00,10600.0,10693.792
2016-10-01 02:00:00,10384.0,10477.947
2016-10-01 03:00:00,10214.0,10275.578
2016-10-01 04:00:00,10258.0,10262.861
2016-10-01 05:00:00,10469.0,10441.484
2016-10-01 06:00:00,10901.0,10554.936
2016-10-01 07:00:00,11204.0,11286.283
2016-10-01 08:00:00,11581.0,11766.458
2016-10-01 09:00:00,12049.0,12088.542
2016-10-01 10:00:00,12296.0,12340.058
2016-10-01 11:00:00,12438.0,12408.122
2016-10-01 12:00:00,12536.0,12484.022
2016-10-01 13:00:00,12616.0,12572.258
2016-10-01 14:00:00,12620.0,12572.422
2016-10-01 15:00:00,12542.0,12554.8955
2016-10-01 16:00:00,12624.0,12529.615
2016-10-01 17:00:00,12573.0,12583.935
2016-10-01 18:00:00,12447.0,12586.711
2016-10-01 19:00:00,12744.0,12842.067
2016-10-01 20:00:00,12729.0,12865.726
2016-10-01 21:00:00,12257.0,12632.958
2016-10-01 22:00:00,11635.0,11717.447
2016-10-01 23:00:00,10981.0,11266.937
2016-10-02 00:00:00,10393.0,10544.446
2016-10-02 01:00:00,10000.0,10231.128
2016-10-02 02:00:00,9776.0,10042.061
2016-10-02 03:00:00,9623.0,10027.978
2016-10-02 04:00:00,9581.0,9995.969
2016-10-02 05:00:00,9604.0,10140.586
2016-10-02 06:00:00,9849.0,10302.496
2016-10-02 07:00:00,10204.0,10695.815
2016-10-02 08:00:00,10627.0,10937.796
2016-10-02 09:00:00,11168.0,11268.849
2016-10-02 10:00:00,11395.0,11628.144
2016-10-02 11:00:00,11581.0,11777.568
2016-10-02 12:00:00,11849.0,11944.468
2016-10-02 13:00:00,11969.0,12012.965
2016-10-02 14:00:00,12032.0,12071.162
2016-10-02 15:00:00,12125.0,12115.324
2016-10-02 16:00:00,12307.0,12221.956
2016-10-02 17:00:00,12416.0,12364.757
2016-10-02 18:00:00,12472.0,12529.699
2016-10-02 19:00:00,13018.0,12993.596
2016-10-02 20:00:00,13059.0,13292.402
2016-10-02 21:00:00,12494.0,12806.969
2016-10-02 22:00:00,11813.0,11849.125
2016-10-02 23:00:00,11042.0,11162.486
2016-10-03 00:00:00,10605.0,10723.912
2016-10-03 01:00:00,10300.0,10486.748
2016-10-03 02:00:00,10151.0,10262.75
2016-10-03 03:00:00,10143.0,10270.97
2016-10-03 04:00:00,10370.0,10280.848
2016-10-03 05:00:00,11112.0,10567.806
2016-10-03 06:00:00,12407.0,11861.557
2016-10-03 07:00:00,13178.0,13425.373
2016-10-03 08:00:00,13275.0,13875.037
2016-10-03 09:00:00,13582.0,13807.439
2016-10-03 10:00:00,13835.0,13923.202
2016-10-03 11:00:00,14072.0,13958.799
2016-10-03 12:00:00,14261.0,14131.961
2016-10-03 13:00:00,14585.0,14261.232
2016-10-03 14:00:00,14561.0,14612.627
2016-10-03 15:00:00,14626.0,14552.726
2016-10-03 16:00:00,14488.0,14601.865
2016-10-03 17:00:00,14413.0,14435.993
2016-10-03 18:00:00,14211.0,14444.858
2016-10-03 19:00:00,14581.0,14552.21
2016-10-03 20:00:00,14501.0,14748.164
2016-10-03 21:00:00,13785.0,14028.941
2016-10-03 22:00:00,12782.0,12895.863
2016-10-03 23:00:00,11775.0,11884.705
2016-10-04 00:00:00,11213.0,11284.769
2016-10-04 01:00:00,10862.0,10811.511
2016-10-04 02:00:00,10629.0,10676.118
2016-10-04 03:00:00,10543.0,10617.912
2016-10-04 04:00:00,10730.0,10863.635
2016-10-04 05:00:00,11439.0,11252.647
2016-10-04 06:00:00,12668.0,12598.746
2016-10-04 07:00:00,13416.0,13721.323
2016-10-04 08:00:00,13422.0,14054.87
2016-10-04 09:00:00,13691.0,13983.981
2016-10-04 10:00:00,14005.0,14091.755
2016-10-04 11:00:00,14237.0,14222.918
2016-10-04 12:00:00,14604.0,14298.371
2016-10-04 13:00:00,14914.0,14696.188
2016-10-04 14:00:00,15146.0,14966.349
2016-10-04 15:00:00,15188.0,15165.497
2016-10-04 16:00:00,15254.0,15168.042
2016-10-04 17:00:00,15084.0,15262.502
2016-10-04 18:00:00,14830.0,15076.833
2016-10-04 19:00:00,15125.0,15049.69
2016-10-04 20:00:00,14903.0,15205.044
2016-10-04 21:00:00,14229.0,14313.18
2016-10-04 22:00:00,13151.0,13243.802
2016-10-04 23:00:00,12174.0,12256.676
2016-10-05 00:00:00,11423.0,11578.577
2016-10-05 01:00:00,11057.0,11048.23
2016-10-05 02:00:00,10778.0,10856.292
2016-10-05 03:00:00,10739.0,10617.737
2016-10-05 04:00:00,10841.0,10888.224
2016-10-05 05:00:00,11542.0,11497.615
2016-10-05 06:00:00,12791.0,12713.164
2016-10-05 07:00:00,13478.0,13812.496
2016-10-05 08:00:00,13527.0,14017.555
2016-10-05 09:00:00,13804.0,13995.023
2016-10-05 10:00:00,14153.0,14165.796
2016-10-05 11:00:00,14541.0,14345.03
2016-10-05 12:00:00,14730.0,14725.426
2016-10-05 13:00:00,15162.0,14919.577
2016-10-05 14:00:00,15358.0,15273.219
2016-10-05 15:00:00,15441.0,15391.672
2016-10-05 16:00:00,15551.0,15501.32
2016-10-05 17:00:00,15412.0,15552.651
2016-10-05 18:00:00,15182.0,15356.575
2016-10-05 19:00:00,15371.0,15314.963
2016-10-05 20:00:00,15183.0,15363.329
2016-10-05 21:00:00,14527.0,14684.446
2016-10-05 22:00:00,13453.0,13471.251
2016-10-05 23:00:00,12462.0,12463.24
2016-10-06 00:00:00,11729.0,11776.177
2016-10-06 01:00:00,11259.0,11295.745
2016-10-06 02:00:00,11035.0,11035.274
2016-10-06 03:00:00,10814.0,10954.395
2016-10-06 04:00:00,11024.0,11062.254
2016-10-06 05:00:00,11744.0,11733.509
2016-10-06 06:00:00,12984.0,13112.848
2016-10-06 07:00:00,13705.0,14030.231
2016-10-06 08:00:00,13660.0,14042.33
2016-10-06 09:00:00,14078.0,14047.951
2016-10-06 10:00:00,14414.0,14421.795
2016-10-06 11:00:00,14660.0,14631.93
2016-10-06 12:00:00,14997.0,14865.582
2016-10-06 13:00:00,15393.0,15230.906
2016-10-06 14:00:00,15657.0,15535.203
2016-10-06 15:00:00,15797.0,15716.305
2016-10-06 16:00:00,15891.0,15959.254
2016-10-06 17:00:00,15776.0,15825.567
2016-10-06 18:00:00,15397.0,15616.058
2016-10-06 19:00:00,15623.0,15569.659
2016-10-06 20:00:00,15450.0,15587.437
2016-10-06 21:00:00,14685.0,14952.298
2016-10-06 22:00:00,13622.0,13655.124
2016-10-06 23:00:00,12643.0,12584.571
2016-10-07 00:00:00,11896.0,11909.623
2016-10-07 01:00:00,11468.0,11444.102
2016-10-07 02:00:00,11056.0,11192.421
2016-10-07 03:00:00,10957.0,10939.718
2016-10-07 04:00:00,11059.0,11008.971
2016-10-07 05:00:00,11720.0,11673.646
2016-10-07 06:00:00,12844.0,13074.955
2016-10-07 07:00:00,13557.0,13903.308
2016-10-07 08:00:00,13647.0,13979.171
2016-10-07 09:00:00,13952.0,14090.3545
2016-10-07 10:00:00,14403.0,14291.364
2016-10-07 11:00:00,14730.0,14618.429
2016-10-07 12:00:00,14983.0,14921.538
2016-10-07 13:00:00,15309.0,15179.129
2016-10-07 14:00:00,15391.0,15363.143
2016-10-07 15:00:00,15285.0,15305.067
2016-10-07 16:00:00,15280.0,15198.604
2016-10-07 17:00:00,15093.0,15119.956
2016-10-07 18:00:00,14685.0,14888.15
2016-10-07 19:00:00,14741.0,14643.785
2016-10-07 20:00:00,14407.0,14610.055
2016-10-07 21:00:00,13800.0,13957.131
2016-10-07 22:00:00,12986.0,13022.464
2016-10-07 23:00:00,12211.0,12000.353
2016-10-08 00:00:00,11459.0,11490.985
2016-10-08 01:00:00,10951.0,10997.576
2016-10-08 02:00:00,10650.0,10650.616
2016-10-08 03:00:00,10538.0,10485.062
2016-10-08 04:00:00,10444.0,10682.094
2016-10-08 05:00:00,10564.0,10621.492
2016-10-08 06:00:00,10963.0,11024.76
2016-10-08 07:00:00,11447.0,11425.974
2016-10-08 08:00:00,11875.0,12000.359
2016-10-08 09:00:00,12351.0,12417.3
2016-10-08 10:00:00,12544.0,12760.362
2016-10-08 11:00:00,12544.0,12740.178
2016-10-08 12:00:00,12590.0,12709.068
2016-10-08 13:00:00,12565.0,12604.931
2016-10-08 14:00:00,12434.0,12516.274
2016-10-08 15:00:00,12386.0,12434.485
2016-10-08 16:00:00,12375.0,12376.623
2016-10-08 17:00:00,12272.0,12392.945
2016-10-08 18:00:00,12174.0,12312.692
2016-10-08 19:00:00,12536.0,12467.598
2016-10-08 20:00:00,12467.0,12596.995
2016-10-08 21:00:00,12079.0,12490.38
2016-10-08 22:00:00,11474.0,11608.515
2016-10-08 23:00:00,10789.0,11232.823
2016-10-09 00:00:00,10278.0,10435.651
2016-10-09 01:00:00,9998.0,10130.95
2016-10-09 02:00:00,9852.0,10084.739
2016-10-09 03:00:00,9819.0,10060.476
2016-10-09 04:00:00,9798.0,10080.101
2016-10-09 05:00:00,9958.0,10229.454
2016-10-09 06:00:00,10276.0,10423.478
2016-10-09 07:00:00,10769.0,10641.782
2016-10-09 08:00:00,11180.0,11234.495
2016-10-09 09:00:00,11586.0,11646.129
2016-10-09 10:00:00,11698.0,11838.23
2016-10-09 11:00:00,11631.0,11904.973
2016-10-09 12:00:00,11698.0,11833.628
2016-10-09 13:00:00,11778.0,11792.988
2016-10-09 14:00:00,11693.0,11817.753
2016-10-09 15:00:00,11838.0,11834.775
2016-10-09 16:00:00,11993.0,12009.586
2016-10-09 17:00:00,12146.0,12118.68
2016-10-09 18:00:00,12297.0,12378.948
2016-10-09 19:00:00,13003.0,12863.381
2016-10-09 20:00:00,13041.0,13367.6045
2016-10-09 21:00:00,12488.0,12942.172
2016-10-09 22:00:00,11811.0,11928.017
2016-10-09 23:00:00,11351.0,11267.963
2016-10-10 00:00:00,10921.0,10960.438
2016-10-10 01:00:00,10646.0,10678.252
2016-10-10 02:00:00,10445.0,10600.326
2016-10-10 03:00:00,10656.0,10317.215
2016-10-10 04:00:00,10864.0,10920.138
2016-10-10 05:00:00,11585.0,11779.525
2016-10-10 06:00:00,13050.0,13027.393
2016-10-10 07:00:00,13965.0,13967.781
2016-10-10 08:00:00,14106.0,14118.514
2016-10-10 09:00:00,14115.0,14212.922
2016-10-10 10:00:00,14154.0,14197.676
2016-10-10 11:00:00,14075.0,14156.439
2016-10-10 12:00:00,14028.0,14063.903
2016-10-10 13:00:00,13993.0,14035.993
2016-10-10 14:00:00,13944.0,13907.959
2016-10-10 15:00:00,13908.0,13847.063
2016-10-10 16:00:00,13792.0,13922.471
2016-10-10 17:00:00,13655.0,13888.252
2016-10-10 18:00:00,13614.0,13795.821
2016-10-10 19:00:00,14415.0,14119.854
2016-10-10 20:00:00,14225.0,14526.515
2016-10-10 21:00:00,13547.0,13859.54
2016-10-10 22:00:00,12818.0,12765.776
2016-10-10 23:00:00,11971.0,11937.782
2016-10-11 00:00:00,11530.0,11428.272
2016-10-11 01:00:00,11220.0,11133.731
2016-10-11 02:00:00,11060.0,11026.375
2016-10-11 03:00:00,11108.0,11088.243
2016-10-11 04:00:00,11299.0,11478.835
2016-10-11 05:00:00,12112.0,12075.492
2016-10-11 06:00:00,13486.0,13527.881
2016-10-11 07:00:00,14304.0,14411.567
2016-10-11 08:00:00,14190.0,14324.321
2016-10-11 09:00:00,14229.0,14302.674
2016-10-11 10:00:00,14168.0,14341.823
2016-10-11 11:00:00,14039.0,14150.911
2016-10-11 12:00:00,13893.0,14014.18
2016-10-11 13:00:00,13948.0,13826.382
2016-10-11 14:00:00,13766.0,13829.868
2016-10-11 15:00:00,13672.0,13658.656
2016-10-11 16:00:00,13758.0,13650.61
2016-10-11 17:00:00,13670.0,13837.613
2016-10-11 18:00:00,13610.0,13835.131
2016-10-11 19:00:00,14090.0,14074.02
2016-10-11 20:00:00,14058.0,14199.758
2016-10-11 21:00:00,13671.0,13718.173
2016-10-11 22:00:00,12714.0,12952.416
2016-10-11 23:00:00,12020.0,11995.169
2016-10-12 00:00:00,11443.0,11513.475
2016-10-12 01:00:00,11065.0,11125.286
2016-10-12 02:00:00,10992.0,10931.84
2016-10-12 03:00:00,10911.0,11084.501
2016-10-12 04:00:00,11179.0,11197.27
2016-10-12 05:00:00,11927.0,11927.246
2016-10-12 06:00:00,13293.0,13352.99
2016-10-12 07:00:00,14150.0,14093.351
2016-10-12 08:00:00,14022.0,14201.821
2016-10-12 09:00:00,13942.0,14162.257
2016-10-12 10:00:00,14024.0,13984.644
2016-10-12 11:00:00,13976.0,14048.567
2016-10-12 12:00:00,14158.0,13953.512
2016-10-12 13:00:00,14146.0,14224.501
2016-10-12 14:00:00,14219.0,14095.184
2016-10-12 15:00:00,14237.0,14175.553
2016-10-12 16:00:00,14213.0,14202.246
2016-10-12 17:00:00,14204.0,14220.316
2016-10-12 18:00:00,14058.0,14290.948
2016-10-12 19:00:00,14521.0,14464.608
2016-10-12 20:00:00,14281.0,14665.505
2016-10-12 21:00:00,13692.0,13827.272
2016-10-12 22:00:00,12718.0,12842.673
2016-10-12 23:00:00,11964.0,11927.79
2016-10-13 00:00:00,11339.0,11391.785
2016-10-13 01:00:00,11048.0,11011.094
2016-10-13 02:00:00,10815.0,10868.688
2016-10-13 03:00:00,10759.0,10880.49
2016-10-13 04:00:00,11006.0,10912.7705
2016-10-13 05:00:00,11633.0,11681.434
2016-10-13 06:00:00,12952.0,12844.171
2016-10-13 07:00:00,13780.0,13923.405
2016-10-13 08:00:00,13806.0,14063.467
2016-10-13 09:00:00,13867.0,13992.376
2016-10-13 10:00:00,13889.0,14060.517
2016-10-13 11:00:00,13904.0,13931.211
2016-10-13 12:00:00,13928.0,13895.314
2016-10-13 13:00:00,13869.0,13963.802
2016-10-13 14:00:00,13771.0,13745.03
2016-10-13 15:00:00,13636.0,13634.799
2016-10-13 16:00:00,13517.0,13561.669
2016-10-13 17:00:00,13442.0,13542.36
2016-10-13 18:00:00,13416.0,13568.069
2016-10-13 19:00:00,14036.0,13817.248
2016-10-13 20:00:00,14080.0,14165.613
2016-10-13 21:00:00,13489.0,13696.687
2016-10-13 22:00:00,12670.0,12728.831
2016-10-13 23:00:00,11882.0,11930.941
2016-10-14 00:00:00,11296.0,11361.615
2016-10-14 01:00:00,10942.0,10959.17
2016-10-14 02:00:00,10781.0,10752.18
2016-10-14 03:00:00,10811.0,10636.294
2016-10-14 04:00:00,11021.0,11141.079
2016-10-14 05:00:00,11755.0,11733.804
2016-10-14 06:00:00,12932.0,13022.07
2016-10-14 07:00:00,13711.0,13917.549
2016-10-14 08:00:00,13812.0,14036.855
2016-10-14 09:00:00,13870.0,13990.774
2016-10-14 10:00:00,13874.0,13992.031
2016-10-14 11:00:00,13743.0,13837.866
2016-10-14 12:00:00,13643.0,13601.77
2016-10-14 13:00:00,13584.0,13504.975
2016-10-14 14:00:00,13456.0,13413.612
2016-10-14 15:00:00,13269.0,13305.647
2016-10-14 16:00:00,13193.0,13246.289
2016-10-14 17:00:00,13036.0,13190.91
2016-10-14 18:00:00,12987.0,13115.136
2016-10-14 19:00:00,13383.0,13447.234
2016-10-14 20:00:00,13234.0,13471.221
2016-10-14 21:00:00,12803.0,13039.3
2016-10-14 22:00:00,12232.0,12231.874
2016-10-14 23:00:00,11512.0,12019.588
2016-10-15 00:00:00,10746.0,11002.38
2016-10-15 01:00:00,10473.0,10453.193
2016-10-15 02:00:00,10323.0,10209.801
2016-10-15 03:00:00,10244.0,10092.567
2016-10-15 04:00:00,10313.0,10200.488
2016-10-15 05:00:00,10494.0,10401.092
2016-10-15 06:00:00,11035.0,10949.843
2016-10-15 07:00:00,11638.0,11490.632
2016-10-15 08:00:00,11948.0,12104.453
2016-10-15 09:00:00,12250.0,12299.702
2016-10-15 10:00:00,12377.0,12315.266
2016-10-15 11:00:00,12394.0,12407.744
2016-10-15 12:00:00,12373.0,12402.549
2016-10-15 13:00:00,12238.0,12359.517
2016-10-15 14:00:00,12313.0,12195.135
2016-10-15 15:00:00,12319.0,12339.467
2016-10-15 16:00:00,12443.0,12428.214
2016-10-15 17:00:00,12452.0,12484.866
2016-10-15 18:00:00,12430.0,12602.459
2016-10-15 19:00:00,12938.0,12854.117
2016-10-15 20:00:00,12770.0,13066.736
2016-10-15 21:00:00,12225.0,12684.066
2016-10-15 22:00:00,11668.0,11712.706
2016-10-15 23:00:00,10997.0,11277.802
2016-10-16 00:00:00,10463.0,10600.5625
2016-10-16 01:00:00,10070.0,10181.685
2016-10-16 02:00:00,9877.0,10007.117
2016-10-16 03:00:00,9744.0,9974.292
2016-10-16 04:00:00,9743.0,9945.522
2016-10-16 05:00:00,9743.0,10195.13
2016-10-16 06:00:00,10109.0,10399.543
2016-10-16 07:00:00,10520.0,10701.5625
2016-10-16 08:00:00,10936.0,11257.69
2016-10-16 09:00:00,11388.0,11505.365
2016-10-16 10:00:00,11786.0,11704.788
2016-10-16 11:00:00,12014.0,12013.18
2016-10-16 12:00:00,12317.0,12194.743
2016-10-16 13:00:00,12463.0,12439.939
2016-10-16 14:00:00,12523.0,12564.228
2016-10-16 15:00:00,12639.0,12602.239
2016-10-16 16:00:00,12813.0,12812.827
2016-10-16 17:00:00,12992.0,13041.911
2016-10-16 18:00:00,13090.0,13292.686
2016-10-16 19:00:00,13728.0,13645.638
2016-10-16 20:00:00,13489.0,13755.566
2016-10-16 21:00:00,12918.0,13121.244
2016-10-16 22:00:00,12201.0,12245.026
2016-10-16 23:00:00,11580.0,11500.5205
2016-10-17 00:00:00,10983.0,11090.501
2016-10-17 01:00:00,10745.0,10719.862
2016-10-17 02:00:00,10520.0,10590.904
2016-10-17 03:00:00,10509.0,10666.193
2016-10-17 04:00:00,10759.0,10974.815
2016-10-17 05:00:00,11445.0,11340.22
2016-10-17 06:00:00,12846.0,12665.157
2016-10-17 07:00:00,13674.0,13796.798
2016-10-17 08:00:00,13805.0,13997.675
2016-10-17 09:00:00,14101.0,14096.023
2016-10-17 10:00:00,14518.0,14438.613
2016-10-17 11:00:00,14892.0,14646.7
2016-10-17 12:00:00,15260.0,15033.147
2016-10-17 13:00:00,15620.0,15458.034
2016-10-17 14:00:00,15912.0,15703.376
2016-10-17 15:00:00,16044.0,16064.175
2016-10-17 16:00:00,16053.0,16127.374
2016-10-17 17:00:00,15908.0,16073.252
2016-10-17 18:00:00,15688.0,15854.136
2016-10-17 19:00:00,16098.0,15822.53
2016-10-17 20:00:00,15694.0,16069.62
2016-10-17 21:00:00,14857.0,15140.697
2016-10-17 22:00:00,13857.0,13779.831
2016-10-17 23:00:00,12733.0,12841.892
2016-10-18 00:00:00,11954.0,12030.335
2016-10-18 01:00:00,11557.0,11528.409
2016-10-18 02:00:00,11172.0,11249.317
2016-10-18 03:00:00,11046.0,11092.044
2016-10-18 04:00:00,11178.0,11212.816
2016-10-18 05:00:00,11911.0,11795.59
2016-10-18 06:00:00,13214.0,13298.927
2016-10-18 07:00:00,14006.0,14112.458
2016-10-18 08:00:00,13988.0,14135.105
2016-10-18 09:00:00,14343.0,14248.262
2016-10-18 10:00:00,14706.0,14699.252
2016-10-18 11:00:00,14972.0,14947.593
2016-10-18 12:00:00,15375.0,15224.68
2016-10-18 13:00:00,15694.0,15655.518
2016-10-18 14:00:00,15823.0,15809.043
2016-10-18 15:00:00,15745.0,15983.87
2016-10-18 16:00:00,15722.0,15790.567
2016-10-18 17:00:00,15653.0,15692.941
2016-10-18 18:00:00,15645.0,15670.425
2016-10-18 19:00:00,16022.0,15904.982
2016-10-18 20:00:00,15669.0,16084.951
2016-10-18 21:00:00,14908.0,15122.756
2016-10-18 22:00:00,13889.0,13834.145
2016-10-18 23:00:00,12875.0,12869.392
2016-10-19 00:00:00,12067.0,12162.634
2016-10-19 01:00:00,11604.0,11637.442
2016-10-19 02:00:00,11183.0,11315.948
2016-10-19 03:00:00,11153.0,11056.247
2016-10-19 04:00:00,11296.0,11273.554
2016-10-19 05:00:00,12018.0,11933.285
2016-10-19 06:00:00,13263.0,13432.675
2016-10-19 07:00:00,14013.0,14174.145
2016-10-19 08:00:00,14033.0,14141.126
2016-10-19 09:00:00,14145.0,14295.541
2016-10-19 10:00:00,14706.0,14387.233
2016-10-19 11:00:00,15059.0,14947.57
2016-10-19 12:00:00,15462.0,15369.096
2016-10-19 13:00:00,15853.0,15649.831
2016-10-19 14:00:00,16090.0,15932.094
2016-10-19 15:00:00,16059.0,16207.691
2016-10-19 16:00:00,16102.0,16063.259
2016-10-19 17:00:00,15823.0,15958.493
2016-10-19 18:00:00,15662.0,15636.294
2016-10-19 19:00:00,15923.0,15763.953
2016-10-19 20:00:00,15457.0,15909.826
2016-10-19 21:00:00,14647.0,14896.418
2016-10-19 22:00:00,13643.0,13619.714
2016-10-19 23:00:00,12622.0,12584.296
2016-10-20 00:00:00,11754.0,11969.424
2016-10-20 01:00:00,11291.0,11324.478
2016-10-20 02:00:00,11057.0,11041.489
2016-10-20 03:00:00,10924.0,10968.676
2016-10-20 04:00:00,11086.0,11078.685
2016-10-20 05:00:00,11769.0,11738.832
2016-10-20 06:00:00,12995.0,13117.558
2016-10-20 07:00:00,13805.0,13986.374
2016-10-20 08:00:00,13876.0,14117.589
2016-10-20 09:00:00,14142.0,14165.356
2016-10-20 10:00:00,14558.0,14485.613
2016-10-20 11:00:00,14742.0,14820.164
2016-10-20 12:00:00,15054.0,14972.976
2016-10-20 13:00:00,15278.0,15245.995
2016-10-20 14:00:00,15301.0,15327.123
2016-10-20 15:00:00,15160.0,15233.632
2016-10-20 16:00:00,15036.0,15080.342
2016-10-20 17:00:00,14858.0,14918.281
2016-10-20 18:00:00,14873.0,14773.071
2016-10-20 19:00:00,15046.0,15106.505
2016-10-20 20:00:00,14671.0,15051.362
2016-10-20 21:00:00,13831.0,14215.531
2016-10-20 22:00:00,13081.0,12907.519
2016-10-20 23:00:00,12263.0,12164.977
2016-10-21 00:00:00,11585.0,11698.491
2016-10-21 01:00:00,11220.0,11239.82
2016-10-21 02:00:00,11017.0,10943.233
2016-10-21 03:00:00,10896.0,10965.703
2016-10-21 04:00:00,11059.0,11072.022
2016-10-21 05:00:00,11711.0,11715.694
2016-10-21 06:00:00,12751.0,13044.401
2016-10-21 07:00:00,13456.0,13860.607
2016-10-21 08:00:00,13717.0,13979.796
2016-10-21 09:00:00,13920.0,14055.696
2016-10-21 10:00:00,14081.0,14227.453
2016-10-21 11:00:00,14074.0,14111.689
2016-10-21 12:00:00,14017.0,14107.503
2016-10-21 13:00:00,13968.0,13957.6045
2016-10-21 14:00:00,13749.0,13843.576
2016-10-21 15:00:00,13618.0,13619.104
2016-10-21 16:00:00,13505.0,13576.004
2016-10-21 17:00:00,13433.0,13510.812
2016-10-21 18:00:00,13586.0,13529.27
2016-10-21 19:00:00,13881.0,13909.217
2016-10-21 20:00:00,13665.0,13846.723
2016-10-21 21:00:00,13155.0,13375.706
2016-10-21 22:00:00,12452.0,12437.89
2016-10-21 23:00:00,11800.0,11933.1045
2016-10-22 00:00:00,11153.0,11292.854
2016-10-22 01:00:00,10667.0,10849.676
2016-10-22 02:00:00,10637.0,10504.853
2016-10-22 03:00:00,10495.0,10480.691
2016-10-22 04:00:00,10525.0,10715.904
2016-10-22 05:00:00,10928.0,10875.045
2016-10-22 06:00:00,11367.0,11297.418
2016-10-22 07:00:00,12015.0,11858.938
2016-10-22 08:00:00,12408.0,12465.503
2016-10-22 09:00:00,12789.0,12687.603
2016-10-22 10:00:00,12940.0,12946.189
2016-10-22 11:00:00,12924.0,12930.585
2016-10-22 12:00:00,12679.0,12863.969
2016-10-22 13:00:00,12541.0,12638.385
2016-10-22 14:00:00,12321.0,12461.292
2016-10-22 15:00:00,12121.0,12301.078
2016-10-22 16:00:00,12021.0,12105.855
2016-10-22 17:00:00,12126.0,12026.3125
2016-10-22 18:00:00,12456.0,12230.387
2016-10-22 19:00:00,13086.0,13005.728
2016-10-22 20:00:00,12993.0,13125.066
2016-10-22 21:00:00,12673.0,12816.962
2016-10-22 22:00:00,12311.0,12090.535
2016-10-22 23:00:00,11788.0,11698.02
2016-10-23 00:00:00,11370.0,11238.489
2016-10-23 01:00:00,11101.0,10929.579
2016-10-23 02:00:00,10931.0,10788.557
2016-10-23 03:00:00,10821.0,10756.758
2016-10-23 04:00:00,10909.0,10889.236
2016-10-23 05:00:00,11032.0,11098.937
2016-10-23 06:00:00,11353.0,11394.83
2016-10-23 07:00:00,11898.0,11807.123
2016-10-23 08:00:00,12327.0,12330.751
2016-10-23 09:00:00,12327.0,12501.794
2016-10-23 10:00:00,12171.0,12292.182
2016-10-23 11:00:00,12060.0,12148.858
2016-10-23 12:00:00,11938.0,12011.063
2016-10-23 13:00:00,11761.0,11829.206
2016-10-23 14:00:00,11725.0,11629.972
2016-10-23 15:00:00,11655.0,11654.853
2016-10-23 16:00:00,11833.0,11764.572
2016-10-23 17:00:00,11934.0,12003.778
2016-10-23 18:00:00,12239.0,12116.826
2016-10-23 19:00:00,13073.0,12758.373
2016-10-23 20:00:00,12954.0,13351.838
2016-10-23 21:00:00,12354.0,12920.318
2016-10-23 22:00:00,11747.0,11850.734
2016-10-23 23:00:00,11202.0,11229.051
2016-10-24 00:00:00,10831.0,10870.155
2016-10-24 01:00:00,10547.0,10744.435
2016-10-24 02:00:00,10520.0,10631.262
2016-10-24 03:00:00,10532.0,10780.255
2016-10-24 04:00:00,10700.0,10993.605
2016-10-24 05:00:00,11543.0,11291.475
2016-10-24 06:00:00,12997.0,12769.58
2016-10-24 07:00:00,13740.0,13985.975
2016-10-24 08:00:00,13817.0,14044.193
2016-10-24 09:00:00,13774.0,14022.951
2016-10-24 10:00:00,13759.0,13975.921
2016-10-24 11:00:00,13827.0,13809.528
2016-10-24 12:00:00,13751.0,13823.894
2016-10-24 13:00:00,13798.0,13714.139
2016-10-24 14:00:00,13656.0,13747.303
2016-10-24 15:00:00,13520.0,13622.996
2016-10-24 16:00:00,13387.0,13622.478
2016-10-24 17:00:00,13323.0,13458.694
2016-10-24 18:00:00,13639.0,13510.404
2016-10-24 19:00:00,14200.0,14121.998
2016-10-24 20:00:00,14086.0,14256.816
2016-10-24 21:00:00,13627.0,13785.264
2016-10-24 22:00:00,12775.0,12955.211
2016-10-24 23:00:00,12153.0,11964.621
2016-10-25 00:00:00,11621.0,11616.238
2016-10-25 01:00:00,11448.0,11273.408
2016-10-25 02:00:00,11391.0,11265.794
2016-10-25 03:00:00,11444.0,11347.786
2016-10-25 04:00:00,11804.0,11783.233
2016-10-25 05:00:00,12554.0,12635.493
2016-10-25 06:00:00,14072.0,14023.553
2016-10-25 07:00:00,14972.0,14969.479
2016-10-25 08:00:00,14913.0,15028.226
2016-10-25 09:00:00,14634.0,14897.674
2016-10-25 10:00:00,14499.0,14672.52
2016-10-25 11:00:00,14228.0,14334.131
2016-10-25 12:00:00,13978.0,14148.128
2016-10-25 13:00:00,13850.0,13841.452
2016-10-25 14:00:00,13719.0,13729.388
2016-10-25 15:00:00,13495.0,13661.957
2016-10-25 16:00:00,13361.0,13582.482
2016-10-25 17:00:00,13452.0,13514.364
2016-10-25 18:00:00,13850.0,13784.383
2016-10-25 19:00:00,14453.0,14357.655
2016-10-25 20:00:00,14349.0,14483.527
2016-10-25 21:00:00,13928.0,13917.624
2016-10-25 22:00:00,13178.0,13228.26
2016-10-25 23:00:00,12446.0,12377.005
2016-10-26 00:00:00,12001.0,11811.894
2016-10-26 01:00:00,11751.0,11650.624
2016-10-26 02:00:00,11659.0,11591.281
2016-10-26 03:00:00,11700.0,11682.412
2016-10-26 04:00:00,11992.0,11893.058
2016-10-26 05:00:00,12800.0,12745.176
2016-10-26 06:00:00,14142.0,14171.4375
2016-10-26 07:00:00,14963.0,14925.267
2016-10-26 08:00:00,14850.0,14974.448
2016-10-26 09:00:00,14751.0,14857.456
2016-10-26 10:00:00,14606.0,14746.05
2016-10-26 11:00:00,14383.0,14479.137
2016-10-26 12:00:00,14175.0,14271.977
2016-10-26 13:00:00,13944.0,14051.521
2016-10-26 14:00:00,13733.0,13743.232
2016-10-26 15:00:00,13567.0,13609.965
2016-10-26 16:00:00,13592.0,13555.268
2016-10-26 17:00:00,13679.0,13705.913
2016-10-26 18:00:00,14161.0,13936.032
2016-10-26 19:00:00,14488.0,14584.997
2016-10-26 20:00:00,14248.0,14522.949
2016-10-26 21:00:00,13829.0,13879.972
2016-10-26 22:00:00,13088.0,13089.063
2016-10-26 23:00:00,12291.0,12369.972
2016-10-27 00:00:00,11780.0,11747.963
2016-10-27 01:00:00,11465.0,11473.488
2016-10-27 02:00:00,11257.0,11332.33
2016-10-27 03:00:00,11340.0,11278.455
2016-10-27 04:00:00,11552.0,11580.385
2016-10-27 05:00:00,12313.0,12307.129
2016-10-27 06:00:00,13582.0,13762.044
2016-10-27 07:00:00,14358.0,14432.592
2016-10-27 08:00:00,14346.0,14433.181
2016-10-27 09:00:00,14376.0,14444.806
2016-10-27 10:00:00,14289.0,14525.606
2016-10-27 11:00:00,14283.0,14202.095
2016-10-27 12:00:00,14121.0,14287.446
2016-10-27 13:00:00,14106.0,14087.866
2016-10-27 14:00:00,13824.0,14000.951
2016-10-27 15:00:00,13699.0,13665.205
2016-10-27 16:00:00,13697.0,13654.527
2016-10-27 17:00:00,13669.0,13768.123
2016-10-27 18:00:00,14086.0,13870.488
2016-10-27 19:00:00,14469.0,14530.815
2016-10-27 20:00:00,14379.0,14508.007
2016-10-27 21:00:00,13929.0,14034.67
2016-10-27 22:00:00,13078.0,13203.267
2016-10-27 23:00:00,12242.0,12292.77
2016-10-28 00:00:00,11660.0,11709.394
2016-10-28 01:00:00,11275.0,11335.417
2016-10-28 02:00:00,11176.0,11118.136
2016-10-28 03:00:00,11257.0,11166.513
2016-10-28 04:00:00,11455.0,11547.92
2016-10-28 05:00:00,12209.0,12176.679
2016-10-28 06:00:00,13522.0,13465.182
2016-10-28 07:00:00,14298.0,14343.491
2016-10-28 08:00:00,14333.0,14370.727
2016-10-28 09:00:00,14291.0,14422.889
2016-10-28 10:00:00,14240.0,14354.272
2016-10-28 11:00:00,14040.0,14189.985
2016-10-28 12:00:00,13824.0,13931.372
2016-10-28 13:00:00,13807.0,13682.017
2016-10-28 14:00:00,13656.0,13602.304
2016-10-28 15:00:00,13411.0,13473.581
2016-10-28 16:00:00,13310.0,13381.608
2016-10-28 17:00:00,13263.0,13353.138
2016-10-28 18:00:00,13441.0,13497.127
2016-10-28 19:00:00,13785.0,13916.511
2016-10-28 20:00:00,13546.0,13743.622
2016-10-28 21:00:00,13180.0,13303.592
2016-10-28 22:00:00,12557.0,12575.811
2016-10-28 23:00:00,11870.0,12015.648
2016-10-29 00:00:00,11342.0,11328.736
2016-10-29 01:00:00,10998.0,11000.165
2016-10-29 02:00:00,10888.0,10863.169
2016-10-29 03:00:00,10823.0,10833.053
2016-10-29 04:00:00,10932.0,10989.107
2016-10-29 05:00:00,11208.0,11167.785
2016-10-29 06:00:00,11718.0,11616.512
2016-10-29 07:00:00,12239.0,12236.104
2016-10-29 08:00:00,12698.0,12606.506
2016-10-29 09:00:00,12776.0,12965.734
2016-10-29 10:00:00,12854.0,12825.056
2016-10-29 11:00:00,12666.0,12801.973
2016-10-29 12:00:00,12600.0,12556.259
2016-10-29 13:00:00,12527.0,12454.284
2016-10-29 14:00:00,12492.0,12429.907
2016-10-29 15:00:00,12579.0,12437.998
2016-10-29 16:00:00,12650.0,12558.93
2016-10-29 17:00:00,12674.0,12726.953
2016-10-29 18:00:00,12799.0,12905.995
2016-10-29 19:00:00,13078.0,13271.038
2016-10-29 20:00:00,12799.0,13097.353
2016-10-29 21:00:00,12233.0,12713.592
2016-10-29 22:00:00,11779.0,11745.82
2016-10-29 23:00:00,11107.0,11384.621
2016-10-30 00:00:00,10628.0,10644.887
2016-10-30 01:00:00,10261.0,10382.134
2016-10-30 02:00:00,10071.0,10165.689
2016-10-30 03:00:00,9877.0,10156.358
2016-10-30 04:00:00,9966.0,10089.564
2016-10-30 05:00:00,10046.0,10249.658
2016-10-30 06:00:00,10410.0,10479.059
2016-10-30 07:00:00,10825.0,10688.975
2016-10-30 08:00:00,11250.0,11471.402
2016-10-30 09:00:00,11622.0,11779.389
2016-10-30 10:00:00,11820.0,11840.382
2016-10-30 11:00:00,11940.0,11980.676
2016-10-30 12:00:00,12220.0,12040.637
2016-10-30 13:00:00,12293.0,12347.017
2016-10-30 14:00:00,12294.0,12334.874
2016-10-30 15:00:00,12236.0,12304.703
2016-10-30 16:00:00,12344.0,12323.189
2016-10-30 17:00:00,12408.0,12493.17
2016-10-30 18:00:00,12774.0,12670.521
2016-10-30 19:00:00,13139.0,13386.718
2016-10-30 20:00:00,12979.0,13338.537
2016-10-30 21:00:00,12532.0,12939.435
2016-10-30 22:00:00,11959.0,11945.332
2016-10-30 23:00:00,11315.0,11386.926
2016-10-31 00:00:00,10825.0,10877.682
2016-10-31 01:00:00,10662.0,10617.144
2016-10-31 02:00:00,10554.0,10483.313
2016-10-31 03:00:00,10600.0,10685.46
2016-10-31 04:00:00,10877.0,10906.369
2016-10-31 05:00:00,11710.0,11531.036
2016-10-31 06:00:00,13001.0,13197.678
2016-10-31 07:00:00,13925.0,13994.405
2016-10-31 08:00:00,13932.0,14098.281
2016-10-31 09:00:00,14091.0,14102.828
2016-10-31 10:00:00,14101.0,14275.671
2016-10-31 11:00:00,14017.0,14220.145
2016-10-31 12:00:00,14151.0,13993.373
2016-10-31 13:00:00,14025.0,14221.555
2016-10-31 14:00:00,13871.0,14044.657
2016-10-31 15:00:00,13741.0,13844.691
2016-10-31 16:00:00,13689.0,13793.03
2016-10-31 17:00:00,13541.0,13851.083
2016-10-31 18:00:00,13557.0,13823.305
2016-10-31 19:00:00,14016.0,13969.986
2016-10-31 20:00:00,14021.0,14123.055
2016-10-31 21:00:00,13777.0,13793.007
2016-10-31 22:00:00,12823.0,13139.854
2016-10-31 23:00:00,12023.0,12030.553
2016-11-01 00:00:00,11325.0,11476.271
2016-11-01 01:00:00,11148.0,11170.7295
2016-11-01 02:00:00,11017.0,11027.999
2016-11-01 03:00:00,11014.0,11082.523
2016-11-01 04:00:00,11237.0,11398.436
2016-11-01 05:00:00,11851.0,12050.8
2016-11-01 06:00:00,13303.0,13271.882
2016-11-01 07:00:00,14216.0,14105.384
2016-11-01 08:00:00,14129.0,14179.512
2016-11-01 09:00:00,14022.0,14194.668
2016-11-01 10:00:00,14097.0,14117.425
2016-11-01 11:00:00,14070.0,14089.951
2016-11-01 12:00:00,14192.0,14023.906
2016-11-01 13:00:00,14321.0,14230.416
2016-11-01 14:00:00,14392.0,14287.547
2016-11-01 15:00:00,14234.0,14459.465
2016-11-01 16:00:00,14304.0,14287.328
2016-11-01 17:00:00,14149.0,14560.705
2016-11-01 18:00:00,14392.0,14423.641
2016-11-01 19:00:00,14885.0,14628.905
2016-11-01 20:00:00,14576.0,14883.32
2016-11-01 21:00:00,13896.0,14243.671
2016-11-01 22:00:00,12935.0,13022.473
2016-11-01 23:00:00,12146.0,12116.907
2016-11-02 00:00:00,11389.0,11624.91
2016-11-02 01:00:00,10878.0,11201.372
2016-11-02 02:00:00,10827.0,10796.743
2016-11-02 03:00:00,10850.0,10868.644
2016-11-02 04:00:00,11010.0,11217.196
2016-11-02 05:00:00,11704.0,11810.009
2016-11-02 06:00:00,13065.0,12995.673
2016-11-02 07:00:00,13853.0,13948.712
2016-11-02 08:00:00,13827.0,13979.625
2016-11-02 09:00:00,13807.0,13975.611
2016-11-02 10:00:00,14073.0,13989.232
2016-11-02 11:00:00,14179.0,14198.579
2016-11-02 12:00:00,14304.0,14241.131
2016-11-02 13:00:00,14557.0,14375.972
2016-11-02 14:00:00,14649.0,14682.168
2016-11-02 15:00:00,14611.0,14645.866
2016-11-02 16:00:00,14491.0,14729.199
2016-11-02 17:00:00,14392.0,14730.844
2016-11-02 18:00:00,14719.0,14582.171
2016-11-02 19:00:00,15014.0,14998.406
2016-11-02 20:00:00,14632.0,14976.855
2016-11-02 21:00:00,13808.0,14249.47
2016-11-02 22:00:00,12833.0,12937.398
2016-11-02 23:00:00,11939.0,11973.582
2016-11-03 00:00:00,11243.0,11380.836
2016-11-03 01:00:00,10983.0,11099.73
2016-11-03 02:00:00,10914.0,10901.808
2016-11-03 03:00:00,10792.0,10921.175
2016-11-03 04:00:00,10962.0,10988.204
2016-11-03 05:00:00,11721.0,11532.929
2016-11-03 06:00:00,12869.0,13151.031
2016-11-03 07:00:00,13887.0,13898.948
2016-11-03 08:00:00,14004.0,14155.45
2016-11-03 09:00:00,13926.0,14184.932
2016-11-03 10:00:00,14149.0,14100.763
2016-11-03 11:00:00,14123.0,14260.318
2016-11-03 12:00:00,14175.0,14158.899
2016-11-03 13:00:00,14208.0,14221.407
2016-11-03 14:00:00,14180.0,14213.556
2016-11-03 15:00:00,13972.0,14209.045
2016-11-03 16:00:00,13889.0,14055.109
2016-11-03 17:00:00,13758.0,14152.451
2016-11-03 18:00:00,14198.0,13944.579
2016-11-03 19:00:00,14337.0,14454.899
2016-11-03 20:00:00,14216.0,14363.948
2016-11-03 21:00:00,13557.0,13970.689
2016-11-03 22:00:00,12752.0,12777.736
2016-11-03 23:00:00,11859.0,11967.602
2016-11-04 00:00:00,11251.0,11366.274
2016-11-04 01:00:00,10954.0,11086.842
2016-11-04 02:00:00,10772.0,10772.805
2016-11-04 03:00:00,10679.0,10673.658
2016-11-04 04:00:00,10837.0,10910.662
2016-11-04 05:00:00,11571.0,11503.682
2016-11-04 06:00:00,12910.0,12799.583
2016-11-04 07:00:00,13814.0,13868.027
2016-11-04 08:00:00,13847.0,14045.427
2016-11-04 09:00:00,13870.0,13964.745
2016-11-04 10:00:00,13973.0,14027.461
2016-11-04 11:00:00,14008.0,14041.822
2016-11-04 12:00:00,13835.0,13960.75
2016-11-04 13:00:00,13713.0,13719.393
2016-11-04 14:00:00,13560.0,13592.068
2016-11-04 15:00:00,13369.0,13434.655
2016-11-04 16:00:00,13230.0,13437.869
2016-11-04 17:00:00,13043.0,13585.838
2016-11-04 18:00:00,13405.0,13315.442
2016-11-04 19:00:00,13694.0,13717.014
2016-11-04 20:00:00,13469.0,13630.477
2016-11-04 21:00:00,13163.0,13312.976
2016-11-04 22:00:00,12540.0,12517.994
2016-11-04 23:00:00,11953.0,12002.307
2016-11-05 00:00:00,11475.0,11508.587
2016-11-05 01:00:00,11277.0,11221.311
2016-11-05 02:00:00,11156.0,11081.832
2016-11-05 03:00:00,11154.0,11170.46
2016-11-05 04:00:00,11273.0,11358.951
2016-11-05 05:00:00,11668.0,11619.926
2016-11-05 06:00:00,12282.0,12211.761
2016-11-05 07:00:00,12990.0,12777.961
2016-11-05 08:00:00,13485.0,13303.844
2016-11-05 09:00:00,13553.0,13620.279
2016-11-05 10:00:00,13326.0,13479.4375
2016-11-05 11:00:00,12956.0,13055.175
2016-11-05 12:00:00,12589.0,12707.691
2016-11-05 13:00:00,12254.0,12365.494
2016-11-05 14:00:00,12029.0,12044.363
2016-11-05 15:00:00,11944.0,11910.607
2016-11-05 16:00:00,11950.0,12021.43
2016-11-05 17:00:00,12012.0,12409.122
2016-11-05 18:00:00,12547.0,12357.22
2016-11-05 19:00:00,12916.0,12906.582
2016-11-05 20:00:00,12812.0,13048.904
2016-11-05 21:00:00,12538.0,12802.831
2016-11-05 22:00:00,12143.0,12083.401
2016-11-05 23:00:00,11679.0,11672.569
2016-11-06 00:00:00,11299.0,11346.825
2016-11-06 01:00:00,10964.0,11193.858
2016-11-06 02:00:00,11008.0,10815.728
2016-11-06 02:00:00,10950.0,10935.964
2016-11-06 03:00:00,11018.0,11027.661
2016-11-06 04:00:00,11166.0,11285.017
2016-11-06 05:00:00,11607.0,11541.676
2016-11-06 06:00:00,12008.0,12038.399
2016-11-06 07:00:00,12509.0,12377.623
2016-11-06 08:00:00,12885.0,12826.102
2016-11-06 09:00:00,12768.0,12983.502
2016-11-06 10:00:00,12362.0,12639.89
2016-11-06 11:00:00,12084.0,12286.129
2016-11-06 12:00:00,12011.0,11954.529
2016-11-06 13:00:00,11925.0,11868.702
2016-11-06 14:00:00,11787.0,11818.858
2016-11-06 15:00:00,11855.0,11779.249
2016-11-06 16:00:00,12034.0,12008.145
2016-11-06 17:00:00,12736.0,12498.769
2016-11-06 18:00:00,13178.0,13139.671
2016-11-06 19:00:00,13098.0,13640.541
2016-11-06 20:00:00,12920.0,13385.408
2016-11-06 21:00:00,12453.0,12958.473
2016-11-06 22:00:00,11828.0,12049.926
2016-11-06 23:00:00,11359.0,11427.185
2016-11-07 00:00:00,11297.0,11274.677
2016-11-07 01:00:00,11297.0,11271.156
2016-11-07 02:00:00,11207.0,11435.074
2016-11-07 03:00:00,11356.0,11463.502
2016-11-07 04:00:00,11833.0,11756.514
2016-11-07 05:00:00,12858.0,12963.665
2016-11-07 06:00:00,14385.0,14391.139
2016-11-07 07:00:00,14879.0,15135.42
2016-11-07 08:00:00,14785.0,14941.88
2016-11-07 09:00:00,14569.0,14763.484
2016-11-07 10:00:00,14338.0,14578.456
2016-11-07 11:00:00,14239.0,14181.169
2016-11-07 12:00:00,14145.0,14147.702
2016-11-07 13:00:00,14149.0,14057.816
2016-11-07 14:00:00,13979.0,14157.238
2016-11-07 15:00:00,13787.0,13962.342
2016-11-07 16:00:00,13799.0,13896.633
2016-11-07 17:00:00,14379.0,14277.234
2016-11-07 18:00:00,14617.0,14875.204
2016-11-07 19:00:00,14497.0,14805.754
2016-11-07 20:00:00,14091.0,14454.555
2016-11-07 21:00:00,13486.0,13795.581
2016-11-07 22:00:00,12750.0,12812.409
2016-11-07 23:00:00,12247.0,12034.161
2016-11-08 00:00:00,11766.0,11763.645
2016-11-08 01:00:00,11748.0,11536.91
2016-11-08 02:00:00,11710.0,11636.346
2016-11-08 03:00:00,11735.0,11924.129
2016-11-08 04:00:00,12119.0,12146.801
2016-11-08 05:00:00,12938.0,13095.848
2016-11-08 06:00:00,14207.0,14443.645
2016-11-08 07:00:00,14701.0,14828.775
2016-11-08 08:00:00,14627.0,14778.351
2016-11-08 09:00:00,14551.0,14615.308
2016-11-08 10:00:00,14316.0,14601.344
2016-11-08 11:00:00,14093.0,14186.401
2016-11-08 12:00:00,13815.0,13976.709
2016-11-08 13:00:00,13898.0,13668.676
2016-11-08 14:00:00,13701.0,13812.821
2016-11-08 15:00:00,13610.0,13652.982
2016-11-08 16:00:00,13796.0,13666.048
2016-11-08 17:00:00,14597.0,14262.728
2016-11-08 18:00:00,14828.0,14874.824
2016-11-08 19:00:00,14508.0,14861.291
2016-11-08 20:00:00,14273.0,14389.983
2016-11-08 21:00:00,13641.0,13954.12
2016-11-08 22:00:00,12886.0,12883.424
2016-11-08 23:00:00,12197.0,12208.098
2016-11-09 00:00:00,11801.0,11722.225
2016-11-09 01:00:00,11448.0,11541.836
2016-11-09 02:00:00,11318.0,11412.514
2016-11-09 03:00:00,11217.0,11360.081
2016-11-09 04:00:00,11554.0,11486.417
2016-11-09 05:00:00,12279.0,12374.225
2016-11-09 06:00:00,13661.0,13695.836
2016-11-09 07:00:00,14200.0,14334.942
2016-11-09 08:00:00,14177.0,14175.699
2016-11-09 09:00:00,14180.0,14276.941
2016-11-09 10:00:00,14289.0,14344.066
2016-11-09 11:00:00,14309.0,14277.437
2016-11-09 12:00:00,14270.0,14315.57
2016-11-09 13:00:00,14293.0,14277.257
2016-11-09 14:00:00,14167.0,14243.304
2016-11-09 15:00:00,14025.0,14135.919
2016-11-09 16:00:00,14344.0,14137.047
2016-11-09 17:00:00,14931.0,14811.965
2016-11-09 18:00:00,15238.0,15144.267
2016-11-09 19:00:00,15257.0,15299.249
2016-11-09 20:00:00,15097.0,15106.488
2016-11-09 21:00:00,14567.0,14689.32
2016-11-09 22:00:00,13801.0,13765.175
2016-11-09 23:00:00,13154.0,12962.332
2016-11-10 00:00:00,12607.0,12502.633
2016-11-10 01:00:00,12554.0,12241.634
2016-11-10 02:00:00,12638.0,12464.412
2016-11-10 03:00:00,12714.0,12698.175
2016-11-10 04:00:00,13138.0,13256.017
2016-11-10 05:00:00,13823.0,14131.272
2016-11-10 06:00:00,15529.0,15110.675
2016-11-10 07:00:00,15848.0,16143.228
2016-11-10 08:00:00,15677.0,15757.648
2016-11-10 09:00:00,15179.0,15528.134
2016-11-10 10:00:00,14941.0,15003.557
2016-11-10 11:00:00,14575.0,14636.385
2016-11-10 12:00:00,14272.0,14384.322
2016-11-10 13:00:00,14289.0,14149.403
2016-11-10 14:00:00,14010.0,14197.037
2016-11-10 15:00:00,13827.0,13963.087
2016-11-10 16:00:00,13924.0,13934.987
2016-11-10 17:00:00,14644.0,14543.951
2016-11-10 18:00:00,14861.0,15046.807
2016-11-10 19:00:00,14888.0,15011.306
2016-11-10 20:00:00,14799.0,14857.794
2016-11-10 21:00:00,14321.0,14514.522
2016-11-10 22:00:00,13614.0,13764.652
2016-11-10 23:00:00,12969.0,12959.224
2016-11-11 00:00:00,12598.0,12345.551
2016-11-11 01:00:00,12316.0,12329.1
2016-11-11 02:00:00,12196.0,12304.258
2016-11-11 03:00:00,12227.0,12261.369
2016-11-11 04:00:00,12523.0,12506.934
2016-11-11 05:00:00,13225.0,13375.247
2016-11-11 06:00:00,14695.0,14595.96
2016-11-11 07:00:00,14957.0,15425.802
2016-11-11 08:00:00,14957.0,14937.978
2016-11-11 09:00:00,14566.0,14786.861
2016-11-11 10:00:00,14312.0,14430.482
2016-11-11 11:00:00,14126.0,14010.467
2016-11-11 12:00:00,13907.0,13913.361
2016-11-11 13:00:00,13760.0,13736.497
2016-11-11 14:00:00,13586.0,13595.684
2016-11-11 15:00:00,13345.0,13476.425
2016-11-11 16:00:00,13595.0,13443.907
2016-11-11 17:00:00,14265.0,14156.926
2016-11-11 18:00:00,14419.0,14487.346
2016-11-11 19:00:00,14307.0,14400.141
2016-11-11 20:00:00,14234.0,14183.252
2016-11-11 21:00:00,13897.0,13959.747
2016-11-11 22:00:00,13374.0,13292.568
2016-11-11 23:00:00,12718.0,12648.255
2016-11-12 00:00:00,12368.0,12246.491
2016-11-12 01:00:00,12142.0,12150.339
2016-11-12 02:00:00,12072.0,12136.146
2016-11-12 03:00:00,12287.0,12193.887
2016-11-12 04:00:00,12557.0,12563.417
2016-11-12 05:00:00,12964.0,13008.4375
2016-11-12 06:00:00,13799.0,13578.908
2016-11-12 07:00:00,14273.0,14119.301
2016-11-12 08:00:00,14461.0,14398.138
2016-11-12 09:00:00,14208.0,14431.548
2016-11-12 10:00:00,13781.0,14013.161
2016-11-12 11:00:00,13503.0,13412.369
2016-11-12 12:00:00,13082.0,13179.338
2016-11-12 13:00:00,12685.0,12828.872
2016-11-12 14:00:00,12412.0,12535.751
2016-11-12 15:00:00,12294.0,12352.32
2016-11-12 16:00:00,12542.0,12402.949
2016-11-12 17:00:00,13530.0,13103.31
2016-11-12 18:00:00,13938.0,13861.92
2016-11-12 19:00:00,14063.0,14116.131
2016-11-12 20:00:00,14008.0,14010.404
2016-11-12 21:00:00,13894.0,13680.488
2016-11-12 22:00:00,13469.0,13318.137
2016-11-12 23:00:00,13033.0,12823.914
2016-11-13 00:00:00,12796.0,12588.263
2016-11-13 01:00:00,12749.0,12567.117
2016-11-13 02:00:00,12874.0,12788.463
2016-11-13 03:00:00,12931.0,13003.8955
2016-11-13 04:00:00,13074.0,13269.315
2016-11-13 05:00:00,13409.0,13345.183
2016-11-13 06:00:00,13961.0,13855.047
2016-11-13 07:00:00,14354.0,14391.67
2016-11-13 08:00:00,14585.0,14463.931
2016-11-13 09:00:00,14187.0,14449.148
2016-11-13 10:00:00,13279.0,13850.375
2016-11-13 11:00:00,12938.0,12949.105
2016-11-13 12:00:00,12604.0,12682.465
2016-11-13 13:00:00,12433.0,12477.01
2016-11-13 14:00:00,12065.0,12298.852
2016-11-13 15:00:00,12068.0,12064.382
2016-11-13 16:00:00,12433.0,12262.741
2016-11-13 17:00:00,13524.0,13168.332
2016-11-13 18:00:00,13872.0,14073.701
2016-11-13 19:00:00,14076.0,14218.795
2016-11-13 20:00:00,14285.0,14051.04
2016-11-13 21:00:00,13938.0,13978.367
2016-11-13 22:00:00,13482.0,13315.186
2016-11-13 23:00:00,13166.0,12844.1875
2016-11-14 00:00:00,12917.0,12832.271
2016-11-14 01:00:00,12933.0,12726.52
2016-11-14 02:00:00,12978.0,13024.532
2016-11-14 03:00:00,13149.0,13067.83
2016-11-14 04:00:00,13566.0,13557.338
2016-11-14 05:00:00,14627.0,14482.86
2016-11-14 06:00:00,16178.0,16130.1
2016-11-14 07:00:00,16621.0,16837.02
2016-11-14 08:00:00,16436.0,16432.098
2016-11-14 09:00:00,15995.0,16176.973
2016-11-14 10:00:00,15588.0,15735.998
2016-11-14 11:00:00,15040.0,15279.789
2016-11-14 12:00:00,14720.0,14829.027
2016-11-14 13:00:00,14543.0,14608.995
2016-11-14 14:00:00,14355.0,14404.084
2016-11-14 15:00:00,14112.0,14364.178
2016-11-14 16:00:00,14299.0,14260.021
2016-11-14 17:00:00,14976.0,15010.437
2016-11-14 18:00:00,15408.0,15459.863
2016-11-14 19:00:00,15385.0,15722.244
2016-11-14 20:00:00,15326.0,15377.639
2016-11-14 21:00:00,14891.0,15001.361
2016-11-14 22:00:00,14168.0,14242.053
2016-11-14 23:00:00,13351.0,13397.47
2016-11-15 00:00:00,13145.0,12783.085
2016-11-15 01:00:00,13066.0,12909.692
2016-11-15 02:00:00,13032.0,13033.5205
2016-11-15 03:00:00,13239.0,13129.914
2016-11-15 04:00:00,13702.0,13536.794
2016-11-15 05:00:00,14495.0,14664.631
2016-11-15 06:00:00,16042.0,15936.183
2016-11-15 07:00:00,16502.0,16553.268
2016-11-15 08:00:00,16019.0,16232.667
2016-11-15 09:00:00,15597.0,15675.273
2016-11-15 10:00:00,15137.0,15297.202
2016-11-15 11:00:00,14698.0,14825.438
2016-11-15 12:00:00,14380.0,14471.762
2016-11-15 13:00:00,14185.0,14253.034
2016-11-15 14:00:00,13985.0,14085.773
2016-11-15 15:00:00,13834.0,13986.091
2016-11-15 16:00:00,14037.0,14034.537
2016-11-15 17:00:00,14827.0,14833.708
2016-11-15 18:00:00,15012.0,15357.904
2016-11-15 19:00:00,14954.0,15195.293
2016-11-15 20:00:00,14906.0,14878.035
2016-11-15 21:00:00,14390.0,14652.649
2016-11-15 22:00:00,13710.0,13786.175
2016-11-15 23:00:00,13009.0,13037.047
2016-11-16 00:00:00,12576.0,12509.194
2016-11-16 01:00:00,12392.0,12303.256
2016-11-16 02:00:00,12276.0,12298.452
2016-11-16 03:00:00,12274.0,12308.926
2016-11-16 04:00:00,12852.0,12571.57
2016-11-16 05:00:00,13883.0,13900.016
2016-11-16 06:00:00,15226.0,15253.1875
2016-11-16 07:00:00,15665.0,15862.738
2016-11-16 08:00:00,15336.0,15526.544
2016-11-16 09:00:00,15038.0,15184.436
2016-11-16 10:00:00,14763.0,14833.438
2016-11-16 11:00:00,14437.0,14494.711
2016-11-16 12:00:00,14176.0,14257.726
2016-11-16 13:00:00,14097.0,14051.016
2016-11-16 14:00:00,13991.0,13999.545
2016-11-16 15:00:00,13648.0,13967.758
2016-11-16 16:00:00,13789.0,13747.34
2016-11-16 17:00:00,14469.0,14379.33
2016-11-16 18:00:00,14838.0,14804.278
2016-11-16 19:00:00,14772.0,14912.331
2016-11-16 20:00:00,14732.0,14681.048
2016-11-16 21:00:00,14303.0,14392.775
2016-11-16 22:00:00,13681.0,13724.917
2016-11-16 23:00:00,12953.0,12993.054
2016-11-17 00:00:00,12560.0,12419.11
2016-11-17 01:00:00,12505.0,12315.177
2016-11-17 02:00:00,12496.0,12456.751
2016-11-17 03:00:00,12570.0,12686.034
2016-11-17 04:00:00,13007.0,12980.493
2016-11-17 05:00:00,13974.0,13985.929
2016-11-17 06:00:00,15402.0,15233.625
2016-11-17 07:00:00,15929.0,15891.218
2016-11-17 08:00:00,15637.0,15762.878
2016-11-17 09:00:00,15136.0,15408.009
2016-11-17 10:00:00,14734.0,14927.314
2016-11-17 11:00:00,14258.0,14407.282
2016-11-17 12:00:00,14056.0,13992.521
2016-11-17 13:00:00,13885.0,13916.517
2016-11-17 14:00:00,13652.0,13769.0205
2016-11-17 15:00:00,13527.0,13601.64
2016-11-17 16:00:00,13576.0,13704.834
2016-11-17 17:00:00,14316.0,14225.353
2016-11-17 18:00:00,14561.0,14608.669
2016-11-17 19:00:00,14433.0,14696.99
2016-11-17 20:00:00,14319.0,14431.11
2016-11-17 21:00:00,13851.0,14005.019
2016-11-17 22:00:00,13089.0,13275.076
2016-11-17 23:00:00,12361.0,12396.772
2016-11-18 00:00:00,12025.0,11858.158
2016-11-18 01:00:00,11765.0,11704.442
2016-11-18 02:00:00,11780.0,11635.824
2016-11-18 03:00:00,11913.0,11900.941
2016-11-18 04:00:00,12369.0,12272.162
2016-11-18 05:00:00,13039.0,13433.971
2016-11-18 06:00:00,14541.0,14375.891
2016-11-18 07:00:00,15004.0,15104.093
2016-11-18 08:00:00,14970.0,14978.7
2016-11-18 09:00:00,14531.0,14858.806
2016-11-18 10:00:00,13929.0,14380.834
2016-11-18 11:00:00,14164.0,13498.583
2016-11-18 12:00:00,14056.0,14039.136
2016-11-18 13:00:00,14013.0,14010.284
2016-11-18 14:00:00,13813.0,13830.821
2016-11-18 15:00:00,13547.0,13652.417
2016-11-18 16:00:00,13602.0,13648.576
2016-11-18 17:00:00,14118.0,14042.069
2016-11-18 18:00:00,14157.0,14384.015
2016-11-18 19:00:00,13840.0,14140.587
2016-11-18 20:00:00,13613.0,13690.014
2016-11-18 21:00:00,13195.0,13436.496
2016-11-18 22:00:00,12506.0,12564.26
2016-11-18 23:00:00,11787.0,11971.344
2016-11-19 00:00:00,11485.0,11363.466
2016-11-19 01:00:00,11135.0,11096.183
2016-11-19 02:00:00,11012.0,11029.427
2016-11-19 03:00:00,10949.0,11046.11
2016-11-19 04:00:00,11234.0,11080.971
2016-11-19 05:00:00,11667.0,11662.491
2016-11-19 06:00:00,12169.0,12217.037
2016-11-19 07:00:00,12912.0,12657.154
2016-11-19 08:00:00,13644.0,13172.227
2016-11-19 09:00:00,13992.0,13789.86
2016-11-19 10:00:00,14222.0,14018.972
2016-11-19 11:00:00,14294.0,14117.159
2016-11-19 12:00:00,14140.0,14145.932
2016-11-19 13:00:00,14184.0,13964.431
2016-11-19 14:00:00,14009.0,14100.132
2016-11-19 15:00:00,14120.0,13902.784
2016-11-19 16:00:00,14502.0,14202.313
2016-11-19 17:00:00,15501.0,15086.618
2016-11-19 18:00:00,15566.0,15765.166
2016-11-19 19:00:00,15151.0,15459.551
2016-11-19 20:00:00,14889.0,14993.57
2016-11-19 21:00:00,14645.0,14562.863
2016-11-19 22:00:00,14008.0,14105.552
2016-11-19 23:00:00,13439.0,13162.571
2016-11-20 00:00:00,13136.0,12745.534
2016-11-20 01:00:00,12882.0,12757.185
2016-11-20 02:00:00,12718.0,12710.33
2016-11-20 03:00:00,12719.0,12725.928
2016-11-20 04:00:00,12926.0,12822.295
2016-11-20 05:00:00,13145.0,13271.508
2016-11-20 06:00:00,13543.0,13620.151
2016-11-20 07:00:00,14295.0,14092.207
2016-11-20 08:00:00,14877.0,14723.668
2016-11-20 09:00:00,15105.0,15002.001
2016-11-20 10:00:00,14823.0,14949.638
2016-11-20 11:00:00,14801.0,14642.33
2016-11-20 12:00:00,14643.0,14678.947
2016-11-20 13:00:00,14605.0,14499.952
2016-11-20 14:00:00,14408.0,14472.158
2016-11-20 15:00:00,14476.0,14374.328
2016-11-20 16:00:00,14825.0,14821.688
2016-11-20 17:00:00,15942.0,15620.334
2016-11-20 18:00:00,16182.0,16238.368
2016-11-20 19:00:00,16044.0,16213.482
2016-11-20 20:00:00,16060.0,15953.362
2016-11-20 21:00:00,15614.0,15711.883
2016-11-20 22:00:00,14860.0,15085.688
2016-11-20 23:00:00,14291.0,14257.383
2016-11-21 00:00:00,14023.0,13899.25
2016-11-21 01:00:00,13790.0,13971.553
2016-11-21 02:00:00,13902.0,13831.255
2016-11-21 03:00:00,14091.0,14046.198
2016-11-21 04:00:00,14427.0,14656.143
2016-11-21 05:00:00,15368.0,15258.851
2016-11-21 06:00:00,16696.0,16748.701
2016-11-21 07:00:00,17150.0,17664.688
2016-11-21 08:00:00,17073.0,17166.297
2016-11-21 09:00:00,16767.0,16848.953
2016-11-21 10:00:00,16528.0,16460.258
2016-11-21 11:00:00,16056.0,16225.825
2016-11-21 12:00:00,15864.0,15763.787
2016-11-21 13:00:00,15517.0,15682.706
2016-11-21 14:00:00,15216.0,15269.547
2016-11-21 15:00:00,15145.0,14995.541
2016-11-21 16:00:00,15378.0,15389.507
2016-11-21 17:00:00,16527.0,16226.077
2016-11-21 18:00:00,17052.0,16971.19
2016-11-21 19:00:00,17089.0,17032.422
2016-11-21 20:00:00,17180.0,16939.617
2016-11-21 21:00:00,16683.0,16707.727
2016-11-21 22:00:00,15730.0,15935.605
2016-11-21 23:00:00,15189.0,14985.585
2016-11-22 00:00:00,14723.0,14634.147
2016-11-22 01:00:00,14658.0,14558.733
2016-11-22 02:00:00,14618.0,14675.504
2016-11-22 03:00:00,14831.0,14798.5625
2016-11-22 04:00:00,15258.0,15309.338
2016-11-22 05:00:00,16164.0,16084.123
2016-11-22 06:00:00,17417.0,17531.732
2016-11-22 07:00:00,17809.0,18160.262
2016-11-22 08:00:00,17690.0,17633.693
2016-11-22 09:00:00,17256.0,17320.05
2016-11-22 10:00:00,16758.0,16943.098
2016-11-22 11:00:00,16264.0,16242.7705
2016-11-22 12:00:00,15697.0,15868.214
2016-11-22 13:00:00,15331.0,15392.635
2016-11-22 14:00:00,14994.0,14984.092
2016-11-22 15:00:00,14892.0,14785.888
2016-11-22 16:00:00,15196.0,15114.261
2016-11-22 17:00:00,16011.0,16172.281
2016-11-22 18:00:00,16283.0,16668.459
2016-11-22 19:00:00,16536.0,16349.425
2016-11-22 20:00:00,16418.0,16445.596
2016-11-22 21:00:00,16072.0,16036.578
2016-11-22 22:00:00,15447.0,15357.275
2016-11-22 23:00:00,14635.0,14596.629
2016-11-23 00:00:00,14304.0,14077.991
2016-11-23 01:00:00,14188.0,14133.282
2016-11-23 02:00:00,14158.0,14175.28
2016-11-23 03:00:00,14236.0,14269.295
2016-11-23 04:00:00,14543.0,14530.407
2016-11-23 05:00:00,15142.0,15323.089
2016-11-23 06:00:00,16207.0,16327.215
2016-11-23 07:00:00,16672.0,16962.064
2016-11-23 08:00:00,16899.0,16618.848
2016-11-23 09:00:00,16725.0,16753.477
2016-11-23 10:00:00,16662.0,16394.71
2016-11-23 11:00:00,16138.0,16289.433
2016-11-23 12:00:00,15902.0,15780.853
2016-11-23 13:00:00,15651.0,15592.552
2016-11-23 14:00:00,15129.0,15383.29
2016-11-23 15:00:00,14941.0,14901.74
2016-11-23 16:00:00,15133.0,15037.59
2016-11-23 17:00:00,15721.0,15907.706
2016-11-23 18:00:00,15514.0,16297.749
2016-11-23 19:00:00,15275.0,15521.789
2016-11-23 20:00:00,15104.0,15130.092
2016-11-23 21:00:00,14680.0,14902.682
2016-11-23 22:00:00,13774.0,14109.956
2016-11-23 23:00:00,12854.0,13178.064
2016-11-24 00:00:00,12081.0,12315.477
2016-11-24 01:00:00,11690.0,11725.987
2016-11-24 02:00:00,11442.0,11475.272
2016-11-24 03:00:00,11400.0,11404.266
2016-11-24 04:00:00,11429.0,11581.186
2016-11-24 05:00:00,11572.0,12061.681
2016-11-24 06:00:00,11906.0,12254.364
2016-11-24 07:00:00,12304.0,12486.536
2016-11-24 08:00:00,12855.0,12907.119
2016-11-24 09:00:00,13380.0,13640.734
2016-11-24 10:00:00,13696.0,13891.014
2016-11-24 11:00:00,13702.0,13846.111
2016-11-24 12:00:00,13093.0,13639.708
2016-11-24 13:00:00,12357.0,12898.867
2016-11-24 14:00:00,11863.0,12212.471
2016-11-24 15:00:00,11518.0,11783.805
2016-11-24 16:00:00,11311.0,11872.951
2016-11-24 17:00:00,11859.0,12021.963
2016-11-24 18:00:00,11855.0,12539.217
2016-11-24 19:00:00,11907.0,12503.026
2016-11-24 20:00:00,11967.0,12401.561
2016-11-24 21:00:00,11888.0,12379.464
2016-11-24 22:00:00,11641.0,12311.39
2016-11-24 23:00:00,11242.0,12177.865
2016-11-25 00:00:00,10979.0,11038.973
2016-11-25 01:00:00,10782.0,10749.078
2016-11-25 02:00:00,10533.0,10558.977
2016-11-25 03:00:00,10605.0,10694.535
2016-11-25 04:00:00,10836.0,10862.794
2016-11-25 05:00:00,11278.0,11332.333
2016-11-25 06:00:00,11773.0,12029.977
2016-11-25 07:00:00,12234.0,12698.538
2016-11-25 08:00:00,12532.0,13095.194
2016-11-25 09:00:00,12945.0,13207.314
2016-11-25 10:00:00,12968.0,13325.325
2016-11-25 11:00:00,13128.0,13048.386
2016-11-25 12:00:00,12895.0,13021.435
2016-11-25 13:00:00,12882.0,12857.022
2016-11-25 14:00:00,12789.0,12886.291
2016-11-25 15:00:00,12696.0,12885.152
2016-11-25 16:00:00,13130.0,12949.262
2016-11-25 17:00:00,13789.0,13960.602
2016-11-25 18:00:00,13700.0,14162.199
2016-11-25 19:00:00,13628.0,13763.632
2016-11-25 20:00:00,13460.0,13605.866
2016-11-25 21:00:00,13258.0,13449.424
2016-11-25 22:00:00,12831.0,12804.677
2016-11-25 23:00:00,12336.0,12245.723
2016-11-26 00:00:00,11956.0,11844.633
2016-11-26 01:00:00,11632.0,11754.055
2016-11-26 02:00:00,11445.0,11461.958
2016-11-26 03:00:00,11560.0,11379.318
2016-11-26 04:00:00,11672.0,11504.119
2016-11-26 05:00:00,11943.0,11938.918
2016-11-26 06:00:00,12347.0,12386.257
2016-11-26 07:00:00,12935.0,12791.357
2016-11-26 08:00:00,13401.0,13332.846
2016-11-26 09:00:00,13751.0,13627.822
2016-11-26 10:00:00,13977.0,13845.924
2016-11-26 11:00:00,13885.0,14009.556
2016-11-26 12:00:00,13630.0,13760.606
2016-11-26 13:00:00,13344.0,13386.611
2016-11-26 14:00:00,13145.0,13130.596
2016-11-26 15:00:00,12985.0,13018.546
2016-11-26 16:00:00,13360.0,13120.019
2016-11-26 17:00:00,14367.0,14081.09
2016-11-26 18:00:00,14447.0,14603.485
2016-11-26 19:00:00,14356.0,14526.218
2016-11-26 20:00:00,14327.0,14300.085
2016-11-26 21:00:00,14108.0,14111.582
2016-11-26 22:00:00,13603.0,13594.757
2016-11-26 23:00:00,13156.0,12974.331
2016-11-27 00:00:00,12835.0,12693.764
2016-11-27 01:00:00,12582.0,12625.871
2016-11-27 02:00:00,12585.0,12563.293
2016-11-27 03:00:00,12742.0,12586.682
2016-11-27 04:00:00,12766.0,12949.143
2016-11-27 05:00:00,13236.0,13108.4795
2016-11-27 06:00:00,13782.0,13717.42
2016-11-27 07:00:00,14243.0,14319.436
2016-11-27 08:00:00,14577.0,14592.964
2016-11-27 09:00:00,14295.0,14598.793
2016-11-27 10:00:00,13749.0,13995.194
2016-11-27 11:00:00,13260.0,13466.57
2016-11-27 12:00:00,13044.0,12972.388
2016-11-27 13:00:00,12652.0,12865.18
2016-11-27 14:00:00,12477.0,12563.014
2016-11-27 15:00:00,12428.0,12466.746
2016-11-27 16:00:00,12897.0,12639.138
2016-11-27 17:00:00,14191.0,13741.829
2016-11-27 18:00:00,14644.0,14587.851
2016-11-27 19:00:00,14876.0,14680.753
2016-11-27 20:00:00,14944.0,14851.767
2016-11-27 21:00:00,14611.0,14485.203
2016-11-27 22:00:00,14011.0,14065.006
2016-11-27 23:00:00,13530.0,13452.607
2016-11-28 00:00:00,13103.0,13109.033
2016-11-28 01:00:00,12919.0,13000.285
2016-11-28 02:00:00,13010.0,12872.169
2016-11-28 03:00:00,13124.0,13095.522
2016-11-28 04:00:00,13497.0,13491.601
2016-11-28 05:00:00,14145.0,14444.543
2016-11-28 06:00:00,15568.0,15349.364
2016-11-28 07:00:00,16175.0,16220.947
2016-11-28 08:00:00,16217.0,16129.824
2016-11-28 09:00:00,16076.0,16105.979
2016-11-28 10:00:00,15967.0,15905.108
2016-11-28 11:00:00,15581.0,15745.089
2016-11-28 12:00:00,15331.0,15383.435
2016-11-28 13:00:00,15147.0,15165.415
2016-11-28 14:00:00,14932.0,14964.65
2016-11-28 15:00:00,14876.0,14803.475
2016-11-28 16:00:00,15297.0,15140.865
2016-11-28 17:00:00,15884.0,16139.963
2016-11-28 18:00:00,16016.0,16233.116
2016-11-28 19:00:00,15853.0,16036.056
2016-11-28 20:00:00,15547.0,15724.309
2016-11-28 21:00:00,15145.0,15163.651
2016-11-28 22:00:00,14025.0,14419.725
2016-11-28 23:00:00,13106.0,13258.379
2016-11-29 00:00:00,12651.0,12516.698
2016-11-29 01:00:00,12264.0,12317.3545
2016-11-29 02:00:00,12111.0,12183.329
2016-11-29 03:00:00,12108.0,12190.573
2016-11-29 04:00:00,12270.0,12256.054
2016-11-29 05:00:00,12807.0,12958.111
2016-11-29 06:00:00,14116.0,14008.5
2016-11-29 07:00:00,14781.0,14871.765
2016-11-29 08:00:00,14624.0,14974.253
2016-11-29 09:00:00,14474.0,14588.007
2016-11-29 10:00:00,14488.0,14473.602
2016-11-29 11:00:00,14386.0,14363.354
2016-11-29 12:00:00,14157.0,14276.658
2016-11-29 13:00:00,14114.0,13996.47
2016-11-29 14:00:00,13840.0,13990.179
2016-11-29 15:00:00,13789.0,13732.155
2016-11-29 16:00:00,14028.0,13928.521
2016-11-29 17:00:00,14747.0,14653.809
2016-11-29 18:00:00,15066.0,14987.442
2016-11-29 19:00:00,14983.0,15124.943
2016-11-29 20:00:00,14762.0,14716.328
2016-11-29 21:00:00,14234.0,14257.345
2016-11-29 22:00:00,13389.0,13535.356
2016-11-29 23:00:00,12543.0,12691.919
2016-11-30 00:00:00,12088.0,12029.239
2016-11-30 01:00:00,11819.0,11734.57
2016-11-30 02:00:00,11735.0,11674.035
2016-11-30 03:00:00,11724.0,11828.116
2016-11-30 04:00:00,11935.0,12013.273
2016-11-30 05:00:00,12615.0,12668.882
2016-11-30 06:00:00,14010.0,13890.634
2016-11-30 07:00:00,14531.0,14619.7295
2016-11-30 08:00:00,14338.0,14622.1455
2016-11-30 09:00:00,14303.0,14410.703
2016-11-30 10:00:00,14372.0,14374.775
2016-11-30 11:00:00,14357.0,14391.331
2016-11-30 12:00:00,14209.0,14325.446
2016-11-30 13:00:00,14283.0,14096.317
2016-11-30 14:00:00,14059.0,14178.204
2016-11-30 15:00:00,14048.0,14011.455
2016-11-30 16:00:00,14365.0,14167.956
2016-11-30 17:00:00,15072.0,14871.741
2016-11-30 18:00:00,15249.0,15239.558
2016-11-30 19:00:00,15121.0,15163.765
2016-11-30 20:00:00,14969.0,14929.162
2016-11-30 21:00:00,14532.0,14565.295
2016-11-30 22:00:00,13641.0,13800.123
2016-11-30 23:00:00,12949.0,12833.784
2016-12-01 00:00:00,12595.0,12285.985
2016-12-01 01:00:00,12346.0,12301.448
2016-12-01 02:00:00,12353.0,12302.079
2016-12-01 03:00:00,12332.0,12465.7
2016-12-01 04:00:00,12804.0,12736.894
2016-12-01 05:00:00,13557.0,13623.507
2016-12-01 06:00:00,15181.0,14984.742
2016-12-01 07:00:00,15801.0,15777.237
2016-12-01 08:00:00,15667.0,15692.802
2016-12-01 09:00:00,15784.0,15582.278
2016-12-01 10:00:00,15646.0,15825.27
2016-12-01 11:00:00,15580.0,15531.123
2016-12-01 12:00:00,15562.0,15509.614
2016-12-01 13:00:00,15533.0,15543.093
2016-12-01 14:00:00,15357.0,15437.286
2016-12-01 15:00:00,15386.0,15265.227
2016-12-01 16:00:00,15675.0,15663.754
2016-12-01 17:00:00,16507.0,16450.727
2016-12-01 18:00:00,16622.0,16927.818
2016-12-01 19:00:00,16483.0,16578.225
2016-12-01 20:00:00,16432.0,16416.408
2016-12-01 21:00:00,15958.0,16076.936
2016-12-01 22:00:00,15236.0,15180.533
2016-12-01 23:00:00,14386.0,14398.888
2016-12-02 00:00:00,13891.0,13737.536
2016-12-02 01:00:00,13608.0,13542.814
2016-12-02 02:00:00,13671.0,13521.999
2016-12-02 03:00:00,13771.0,13818.677
2016-12-02 04:00:00,14115.0,14098.505
2016-12-02 05:00:00,14908.0,15000.67
2016-12-02 06:00:00,16292.0,16295.192
2016-12-02 07:00:00,16934.0,17011.826
2016-12-02 08:00:00,16706.0,16962.771
2016-12-02 09:00:00,16490.0,16512.049
2016-12-02 10:00:00,16283.0,16274.22
2016-12-02 11:00:00,16188.0,15953.601
2016-12-02 12:00:00,15758.0,15985.052
2016-12-02 13:00:00,15776.0,15536.534
2016-12-02 14:00:00,15539.0,15601.041
2016-12-02 15:00:00,15443.0,15396.2705
2016-12-02 16:00:00,15774.0,15644.616
2016-12-02 17:00:00,16362.0,16737.57
2016-12-02 18:00:00,16272.0,16623.406
2016-12-02 19:00:00,16090.0,16136.231
2016-12-02 20:00:00,15907.0,15995.74
2016-12-02 21:00:00,15734.0,15648.249
2016-12-02 22:00:00,15100.0,15139.125
2016-12-02 23:00:00,14238.0,14417.342
2016-12-03 00:00:00,13541.0,13639.791
2016-12-03 01:00:00,13320.0,13158.091
2016-12-03 02:00:00,13150.0,13222.501
2016-12-03 03:00:00,13015.0,13115.049
2016-12-03 04:00:00,13221.0,13167.22
2016-12-03 05:00:00,13634.0,13481.024
2016-12-03 06:00:00,14033.0,14190.636
2016-12-03 07:00:00,14620.0,14568.142
2016-12-03 08:00:00,15046.0,15032.263
2016-12-03 09:00:00,15097.0,15209.628
2016-12-03 10:00:00,15097.0,15037.973
2016-12-03 11:00:00,14949.0,14863.975
2016-12-03 12:00:00,14746.0,14668.974
2016-12-03 13:00:00,14555.0,14482.3125
2016-12-03 14:00:00,14473.0,14303.329
2016-12-03 15:00:00,14360.0,14452.097
2016-12-03 16:00:00,14653.0,14611.994
2016-12-03 17:00:00,15529.0,15412.465
2016-12-03 18:00:00,15383.0,15724.981
2016-12-03 19:00:00,15352.0,15217.434
2016-12-03 20:00:00,15204.0,15230.418
2016-12-03 21:00:00,14796.0,14916.211
2016-12-03 22:00:00,14423.0,14207.85
2016-12-03 23:00:00,13720.0,13807.115
2016-12-04 00:00:00,13237.0,13275.212
2016-12-04 01:00:00,13004.0,12915.842
2016-12-04 02:00:00,12708.0,12872.724
2016-12-04 03:00:00,12659.0,12743.396
2016-12-04 04:00:00,12725.0,12720.72
2016-12-04 05:00:00,12891.0,12920.99
2016-12-04 06:00:00,13336.0,13313.112
2016-12-04 07:00:00,13941.0,13864.831
2016-12-04 08:00:00,14381.0,14348.723
2016-12-04 09:00:00,14680.0,14547.862
2016-12-04 10:00:00,14604.0,14625.566
2016-12-04 11:00:00,14507.0,14468.492
2016-12-04 12:00:00,14355.0,14396.071
2016-12-04 13:00:00,14385.0,14188.7295
2016-12-04 14:00:00,14345.0,14285.235
2016-12-04 15:00:00,14616.0,14363.147
2016-12-04 16:00:00,15205.0,15046.867
2016-12-04 17:00:00,15994.0,15944.372
2016-12-04 18:00:00,16005.0,16262.176
2016-12-04 19:00:00,15903.0,15938.796
2016-12-04 20:00:00,15707.0,15777.651
2016-12-04 21:00:00,15370.0,15302.354
2016-12-04 22:00:00,14434.0,14731.575
2016-12-04 23:00:00,13689.0,13762.292
2016-12-05 00:00:00,13145.0,13126.327
2016-12-05 01:00:00,13007.0,12833.342
2016-12-05 02:00:00,12903.0,12893.191
2016-12-05 03:00:00,12917.0,13023.773
2016-12-05 04:00:00,13309.0,13260.046
2016-12-05 05:00:00,14076.0,14171.907
2016-12-05 06:00:00,15794.0,15401.959
2016-12-05 07:00:00,16316.0,16796.45
2016-12-05 08:00:00,16167.0,16351.468
2016-12-05 09:00:00,16057.0,16066.436
2016-12-05 10:00:00,16021.0,15896.839
2016-12-05 11:00:00,15881.0,15854.321
2016-12-05 12:00:00,15523.0,15760.954
2016-12-05 13:00:00,15333.0,15390.451
2016-12-05 14:00:00,15084.0,15119.913
2016-12-05 15:00:00,14979.0,14881.941
2016-12-05 16:00:00,15361.0,15071.378
2016-12-05 17:00:00,16332.0,16096.397
2016-12-05 18:00:00,16479.0,16698.162
2016-12-05 19:00:00,16624.0,16373.321
2016-12-05 20:00:00,16383.0,16449.836
2016-12-05 21:00:00,16036.0,15971.681
2016-12-05 22:00:00,15189.0,15237.082
2016-12-05 23:00:00,14399.0,14361.758
2016-12-06 00:00:00,13742.0,13792.876
2016-12-06 01:00:00,13465.0,13450.424
2016-12-06 02:00:00,13254.0,13432.472
2016-12-06 03:00:00,13403.0,13350.303
2016-12-06 04:00:00,13783.0,13762.507
2016-12-06 05:00:00,14477.0,14741.781
2016-12-06 06:00:00,15847.0,15920.951
2016-12-06 07:00:00,16630.0,16603.908
2016-12-06 08:00:00,16432.0,16592.578
2016-12-06 09:00:00,16507.0,16264.522
2016-12-06 10:00:00,16727.0,16313.944
2016-12-06 11:00:00,16598.0,16705.096
2016-12-06 12:00:00,16639.0,16444.049
2016-12-06 13:00:00,16477.0,16579.006
2016-12-06 14:00:00,16290.0,16349.365
2016-12-06 15:00:00,16204.0,16179.277
2016-12-06 16:00:00,16502.0,16470.031
2016-12-06 17:00:00,17096.0,17340.248
2016-12-06 18:00:00,17089.0,17410.627
2016-12-06 19:00:00,16948.0,17105.582
2016-12-06 20:00:00,16786.0,16754.64
2016-12-06 21:00:00,16339.0,16389.01
2016-12-06 22:00:00,15226.0,15500.015
2016-12-06 23:00:00,14448.0,14400.427
2016-12-07 00:00:00,13964.0,13836.065
2016-12-07 01:00:00,13657.0,13694.5625
2016-12-07 02:00:00,13667.0,13577.415
2016-12-07 03:00:00,13649.0,13775.009
2016-12-07 04:00:00,14153.0,13961.982
2016-12-07 05:00:00,15019.0,15132.101
2016-12-07 06:00:00,16410.0,16498.34
2016-12-07 07:00:00,17010.0,17311.918
2016-12-07 08:00:00,16828.0,17021.225
2016-12-07 09:00:00,16439.0,16696.594
2016-12-07 10:00:00,16213.0,16215.076
2016-12-07 11:00:00,15809.0,15896.333
2016-12-07 12:00:00,15520.0,15519.122
2016-12-07 13:00:00,15357.0,15297.834
2016-12-07 14:00:00,15185.0,15119.981
2016-12-07 15:00:00,15016.0,15062.672
2016-12-07 16:00:00,15658.0,15223.608
2016-12-07 17:00:00,16630.0,16637.975
2016-12-07 18:00:00,17054.0,16901.168
2016-12-07 19:00:00,16987.0,17010.738
2016-12-07 20:00:00,17114.0,16875.05
2016-12-07 21:00:00,16820.0,16725.865
2016-12-07 22:00:00,16045.0,16072.642
2016-12-07 23:00:00,15076.0,15305.219
2016-12-08 00:00:00,14583.0,14485.662
2016-12-08 01:00:00,14344.0,14325.833
2016-12-08 02:00:00,14203.0,14232.835
2016-12-08 03:00:00,14247.0,14268.109
2016-12-08 04:00:00,14434.0,14522.016
2016-12-08 05:00:00,15404.0,15121.064
2016-12-08 06:00:00,16806.0,16844.604
2016-12-08 07:00:00,17615.0,17573.414
2016-12-08 08:00:00,17640.0,17482.627
2016-12-08 09:00:00,17575.0,17342.662
2016-12-08 10:00:00,17529.0,17303.854
2016-12-08 11:00:00,17295.0,17173.727
2016-12-08 12:00:00,17202.0,17074.467
2016-12-08 13:00:00,17178.0,17044.916
2016-12-08 14:00:00,17088.0,17048.635
2016-12-08 15:00:00,17061.0,17039.822
2016-12-08 16:00:00,17510.0,17360.115
2016-12-08 17:00:00,18489.0,18394.592
2016-12-08 18:00:00,18808.0,18910.045
2016-12-08 19:00:00,18911.0,18736.195
2016-12-08 20:00:00,18736.0,18629.473
2016-12-08 21:00:00,18332.0,18343.297
2016-12-08 22:00:00,17545.0,17468.34
2016-12-08 23:00:00,16614.0,16622.395
2016-12-09 00:00:00,16126.0,16000.965
2016-12-09 01:00:00,15849.0,15865.382
2016-12-09 02:00:00,15772.0,15752.893
2016-12-09 03:00:00,15833.0,15823.019
2016-12-09 04:00:00,16124.0,16153.895
2016-12-09 05:00:00,17012.0,16968.885
2016-12-09 06:00:00,18383.0,18513.58
2016-12-09 07:00:00,19077.0,19038.15
2016-12-09 08:00:00,19079.0,18882.35
2016-12-09 09:00:00,19041.0,18765.92
2016-12-09 10:00:00,18767.0,18847.635
2016-12-09 11:00:00,18378.0,18481.834
2016-12-09 12:00:00,18250.0,17956.953
2016-12-09 13:00:00,18072.0,18073.469
2016-12-09 14:00:00,17839.0,17863.879
2016-12-09 15:00:00,17618.0,17618.459
2016-12-09 16:00:00,17991.0,17897.91
2016-12-09 17:00:00,18839.0,18932.514
2016-12-09 18:00:00,18866.0,19137.186
2016-12-09 19:00:00,18679.0,18559.783
2016-12-09 20:00:00,18503.0,18341.592
2016-12-09 21:00:00,18199.0,18189.08
2016-12-09 22:00:00,17591.0,17415.203
2016-12-09 23:00:00,16897.0,16741.807
2016-12-10 00:00:00,16370.0,16310.72
2016-12-10 01:00:00,16107.0,16067.828
2016-12-10 02:00:00,16070.0,16036.196
2016-12-10 03:00:00,16058.0,16094.427
2016-12-10 04:00:00,16221.0,16223.503
2016-12-10 05:00:00,16632.0,16545.223
2016-12-10 06:00:00,17129.0,17093.766
2016-12-10 07:00:00,17717.0,17782.643
2016-12-10 08:00:00,17874.0,17981.453
2016-12-10 09:00:00,17773.0,17833.84
2016-12-10 10:00:00,17512.0,17417.072
2016-12-10 11:00:00,17104.0,16988.535
2016-12-10 12:00:00,16625.0,16609.568
2016-12-10 13:00:00,16256.0,16218.635
2016-12-10 14:00:00,15979.0,15862.852
2016-12-10 15:00:00,15942.0,15814.144
2016-12-10 16:00:00,16346.0,16248.732
2016-12-10 17:00:00,17390.0,17534.982
2016-12-10 18:00:00,17635.0,17813.578
2016-12-10 19:00:00,17514.0,17519.303
2016-12-10 20:00:00,17486.0,17285.21
2016-12-10 21:00:00,17211.0,17114.227
2016-12-10 22:00:00,16634.0,16585.86
2016-12-10 23:00:00,16038.0,15899.452
2016-12-11 00:00:00,15451.0,15509.047
2016-12-11 01:00:00,15104.0,15155.793
2016-12-11 02:00:00,14921.0,14963.755
2016-12-11 03:00:00,14921.0,14955.576
2016-12-11 04:00:00,14989.0,15017.92
2016-12-11 05:00:00,15211.0,15202.2705
2016-12-11 06:00:00,15542.0,15677.34
2016-12-11 07:00:00,16097.0,15999.603
2016-12-11 08:00:00,16465.0,16537.824
2016-12-11 09:00:00,16433.0,16683.947
2016-12-11 10:00:00,16185.0,16219.375
2016-12-11 11:00:00,15885.0,15852.338
2016-12-11 12:00:00,15665.0,15631.564
2016-12-11 13:00:00,15456.0,15438.409
2016-12-11 14:00:00,15406.0,15258.899
2016-12-11 15:00:00,15351.0,15540.168
2016-12-11 16:00:00,15712.0,15817.979
2016-12-11 17:00:00,16808.0,16871.354
2016-12-11 18:00:00,16997.0,17233.398
2016-12-11 19:00:00,16913.0,16955.94
2016-12-11 20:00:00,16714.0,16810.46
2016-12-11 21:00:00,16192.0,16295.916
2016-12-11 22:00:00,15430.0,15549.604
2016-12-11 23:00:00,14710.0,14645.028
2016-12-12 00:00:00,14239.0,14189.478
2016-12-12 01:00:00,13859.0,14012.281
2016-12-12 02:00:00,13678.0,13756.855
2016-12-12 03:00:00,13637.0,13717.2
2016-12-12 04:00:00,13779.0,13820.705
2016-12-12 05:00:00,14444.0,14432.637
2016-12-12 06:00:00,15736.0,15876.744
2016-12-12 07:00:00,16464.0,16638.111
2016-12-12 08:00:00,16493.0,16628.459
2016-12-12 09:00:00,16551.0,16442.623
2016-12-12 10:00:00,16553.0,16502.656
2016-12-12 11:00:00,16511.0,16417.447
2016-12-12 12:00:00,16346.0,16352.684
2016-12-12 13:00:00,16209.0,16206.565
2016-12-12 14:00:00,15957.0,16021.756
2016-12-12 15:00:00,15817.0,15756.768
2016-12-12 16:00:00,16220.0,16014.223
2016-12-12 17:00:00,17110.0,17166.14
2016-12-12 18:00:00,17563.0,17351.768
2016-12-12 19:00:00,17525.0,17437.57
2016-12-12 20:00:00,17415.0,17333.67
2016-12-12 21:00:00,16948.0,16944.975
2016-12-12 22:00:00,16308.0,16043.743
2016-12-12 23:00:00,15493.0,15408.488
2016-12-13 00:00:00,15026.0,14919.916
2016-12-13 01:00:00,14738.0,14756.324
2016-12-13 02:00:00,14692.0,14648.875
2016-12-13 03:00:00,14684.0,14785.859
2016-12-13 04:00:00,14949.0,14970.626
2016-12-13 05:00:00,15760.0,15766.181
2016-12-13 06:00:00,16956.0,17074.816
2016-12-13 07:00:00,17682.0,17758.578
2016-12-13 08:00:00,17376.0,17711.393
2016-12-13 09:00:00,17357.0,17202.299
2016-12-13 10:00:00,17206.0,17124.145
2016-12-13 11:00:00,16997.0,16889.076
2016-12-13 12:00:00,16723.0,16772.996
2016-12-13 13:00:00,16666.0,16421.549
2016-12-13 14:00:00,16454.0,16471.08
2016-12-13 15:00:00,16456.0,16327.905
2016-12-13 16:00:00,16702.0,16791.53
2016-12-13 17:00:00,17554.0,17628.275
2016-12-13 18:00:00,17773.0,17868.086
2016-12-13 19:00:00,17700.0,17618.281
2016-12-13 20:00:00,17444.0,17568.08
2016-12-13 21:00:00,17221.0,17034.672
2016-12-13 22:00:00,16216.0,16343.248
2016-12-13 23:00:00,15478.0,15301.054
2016-12-14 00:00:00,14963.0,14852.313
2016-12-14 01:00:00,14717.0,14665.627
2016-12-14 02:00:00,14742.0,14626.222
2016-12-14 03:00:00,14772.0,14859.315
2016-12-14 04:00:00,15326.0,15132.429
2016-12-14 05:00:00,16200.0,16226.867
2016-12-14 06:00:00,17721.0,17701.426
2016-12-14 07:00:00,18529.0,18504.668
2016-12-14 08:00:00,18447.0,18438.9
2016-12-14 09:00:00,18178.0,18306.084
2016-12-14 10:00:00,17920.0,17993.207
2016-12-14 11:00:00,17536.0,17563.676
2016-12-14 12:00:00,17261.0,17216.652
2016-12-14 13:00:00,17097.0,17011.469
2016-12-14 14:00:00,17007.0,16932.184
2016-12-14 15:00:00,17064.0,16909.398
2016-12-14 16:00:00,17321.0,17473.85
2016-12-14 17:00:00,18482.0,18247.387
2016-12-14 18:00:00,18875.0,18929.186
2016-12-14 19:00:00,18852.0,18847.791
2016-12-14 20:00:00,18878.0,18597.115
2016-12-14 21:00:00,18504.0,18405.025
2016-12-14 22:00:00,17874.0,17652.87
2016-12-14 23:00:00,17098.0,17012.396
2016-12-15 00:00:00,16650.0,16572.814
2016-12-15 01:00:00,16460.0,16351.565
2016-12-15 02:00:00,16490.0,16523.852
2016-12-15 03:00:00,16637.0,16720.031
2016-12-15 04:00:00,17102.0,17077.459
2016-12-15 05:00:00,18240.0,18028.729
2016-12-15 06:00:00,19729.0,19713.56
2016-12-15 07:00:00,20598.0,20465.441
2016-12-15 08:00:00,20557.0,20316.338
2016-12-15 09:00:00,20412.0,20147.785
2016-12-15 10:00:00,20085.0,20002.582
2016-12-15 11:00:00,19718.0,19657.754
2016-12-15 12:00:00,19404.0,19471.03
2016-12-15 13:00:00,19190.0,19191.35
2016-12-15 14:00:00,19000.0,18964.738
2016-12-15 15:00:00,18996.0,18884.746
2016-12-15 16:00:00,19614.0,19352.713
2016-12-15 17:00:00,20818.0,20631.91
2016-12-15 18:00:00,21293.0,21335.406
2016-12-15 19:00:00,21286.0,21235.924
2016-12-15 20:00:00,21261.0,21064.21
2016-12-15 21:00:00,21060.0,20848.855
2016-12-15 22:00:00,20221.0,20209.31
2016-12-15 23:00:00,19516.0,19268.47
2016-12-16 00:00:00,19118.0,19024.324
2016-12-16 01:00:00,18769.0,18852.725
2016-12-16 02:00:00,18698.0,18822.615
2016-12-16 03:00:00,18698.0,18776.564
2016-12-16 04:00:00,18792.0,18925.576
2016-12-16 05:00:00,19387.0,19386.992
2016-12-16 06:00:00,20486.0,20611.424
2016-12-16 07:00:00,21194.0,21204.887
2016-12-16 08:00:00,20899.0,21142.355
2016-12-16 09:00:00,20706.0,20498.635
2016-12-16 10:00:00,20602.0,20191.01
2016-12-16 11:00:00,20307.0,20120.043
2016-12-16 12:00:00,19852.0,19801.418
2016-12-16 13:00:00,19553.0,19430.98
2016-12-16 14:00:00,19264.0,19092.441
2016-12-16 15:00:00,19192.0,19054.389
2016-12-16 16:00:00,19304.0,19466.256
2016-12-16 17:00:00,19962.0,20060.186
2016-12-16 18:00:00,19857.0,20338.637
2016-12-16 19:00:00,19521.0,19514.87
2016-12-16 20:00:00,19149.0,19247.459
2016-12-16 21:00:00,18700.0,18764.201
2016-12-16 22:00:00,17938.0,17930.629
2016-12-16 23:00:00,16918.0,16966.35
2016-12-17 00:00:00,16365.0,16231.817
2016-12-17 01:00:00,15869.0,15967.694
2016-12-17 02:00:00,15687.0,15719.343
2016-12-17 03:00:00,15529.0,15592.662
2016-12-17 04:00:00,15477.0,15575.385
2016-12-17 05:00:00,15565.0,15703.546
2016-12-17 06:00:00,15922.0,15918.389
2016-12-17 07:00:00,16326.0,16480.607
2016-12-17 08:00:00,16413.0,16722.164
2016-12-17 09:00:00,16616.0,16457.164
2016-12-17 10:00:00,16512.0,16557.367
2016-12-17 11:00:00,16499.0,16288.385
2016-12-17 12:00:00,16064.0,16390.475
2016-12-17 13:00:00,15649.0,15829.354
2016-12-17 14:00:00,15379.0,15454.491
2016-12-17 15:00:00,15102.0,15323.0
2016-12-17 16:00:00,15202.0,15328.868
2016-12-17 17:00:00,15768.0,15995.159
2016-12-17 18:00:00,15824.0,16151.963
2016-12-17 19:00:00,15532.0,15797.047
2016-12-17 20:00:00,15323.0,15533.539
2016-12-17 21:00:00,14962.0,15079.718
2016-12-17 22:00:00,14409.0,14409.671
2016-12-17 23:00:00,13609.0,13803.865
2016-12-18 00:00:00,12985.0,13014.507
2016-12-18 01:00:00,12593.0,12571.191
2016-12-18 02:00:00,12361.0,12468.858
2016-12-18 03:00:00,12274.0,12329.073
2016-12-18 04:00:00,12432.0,12275.227
2016-12-18 05:00:00,12780.0,12575.897
2016-12-18 06:00:00,13171.0,13223.688
2016-12-18 07:00:00,13869.0,13792.708
2016-12-18 08:00:00,14598.0,14443.005
2016-12-18 09:00:00,15021.0,14961.207
2016-12-18 10:00:00,15207.0,15177.366
2016-12-18 11:00:00,15347.0,15126.223
2016-12-18 12:00:00,15483.0,15307.535
2016-12-18 13:00:00,15478.0,15444.791
2016-12-18 14:00:00,15501.0,15401.489
2016-12-18 15:00:00,15677.0,15483.718
2016-12-18 16:00:00,16211.0,16047.503
2016-12-18 17:00:00,17197.0,16893.812
2016-12-18 18:00:00,17534.0,17514.395
2016-12-18 19:00:00,17646.0,17413.973
2016-12-18 20:00:00,17657.0,17516.768
2016-12-18 21:00:00,17305.0,17247.74
2016-12-18 22:00:00,16760.0,16657.428
2016-12-18 23:00:00,16147.0,15761.207
2016-12-19 00:00:00,15711.0,15491.347
2016-12-19 01:00:00,15498.0,15356.777
2016-12-19 02:00:00,15657.0,15448.312
2016-12-19 03:00:00,15642.0,16030.598
2016-12-19 04:00:00,15996.0,16007.152
2016-12-19 05:00:00,16761.0,16710.88
2016-12-19 06:00:00,18190.0,18177.602
2016-12-19 07:00:00,19015.0,19064.516
2016-12-19 08:00:00,19213.0,19028.938
2016-12-19 09:00:00,19159.0,19140.963
2016-12-19 10:00:00,18918.0,19203.514
2016-12-19 11:00:00,18591.0,18692.457
2016-12-19 12:00:00,18252.0,18276.348
2016-12-19 13:00:00,17931.0,18031.156
2016-12-19 14:00:00,17502.0,17621.105
2016-12-19 15:00:00,17419.0,17222.816
2016-12-19 16:00:00,17672.0,17665.135
2016-12-19 17:00:00,18764.0,18734.99
2016-12-19 18:00:00,19340.0,19349.926
2016-12-19 19:00:00,19353.0,19399.184
2016-12-19 20:00:00,19354.0,19338.793
2016-12-19 21:00:00,19011.0,19066.895
2016-12-19 22:00:00,18379.0,18148.96
2016-12-19 23:00:00,17499.0,17438.938
2016-12-20 00:00:00,17196.0,16830.496
2016-12-20 01:00:00,16980.0,16918.613
2016-12-20 02:00:00,16981.0,16910.975
2016-12-20 03:00:00,16934.0,17080.412
2016-12-20 04:00:00,17408.0,17315.33
2016-12-20 05:00:00,18224.0,18276.463
2016-12-20 06:00:00,19593.0,19736.191
2016-12-20 07:00:00,20366.0,20279.434
2016-12-20 08:00:00,20198.0,20107.844
2016-12-20 09:00:00,19694.0,19687.883
2016-12-20 10:00:00,19046.0,19195.33
2016-12-20 11:00:00,18403.0,18457.861
2016-12-20 12:00:00,17612.0,17892.602
2016-12-20 13:00:00,17077.0,17188.334
2016-12-20 14:00:00,16818.0,16690.125
2016-12-20 15:00:00,16752.0,16579.377
2016-12-20 16:00:00,16837.0,17054.611
2016-12-20 17:00:00,18148.0,17758.777
2016-12-20 18:00:00,18688.0,18721.223
2016-12-20 19:00:00,18697.0,18884.518
2016-12-20 20:00:00,18721.0,18653.154
2016-12-20 21:00:00,18318.0,18434.56
2016-12-20 22:00:00,17733.0,17537.682
2016-12-20 23:00:00,16914.0,16727.652
2016-12-21 00:00:00,16512.0,16295.17
2016-12-21 01:00:00,16179.0,16214.771
2016-12-21 02:00:00,16092.0,16096.021
2016-12-21 03:00:00,16285.0,16091.113
2016-12-21 04:00:00,16561.0,16722.242
2016-12-21 05:00:00,17252.0,17418.965
2016-12-21 06:00:00,18365.0,18539.672
2016-12-21 07:00:00,19087.0,19068.367
2016-12-21 08:00:00,19019.0,18909.225
2016-12-21 09:00:00,18544.0,18728.111
2016-12-21 10:00:00,17941.0,18129.574
2016-12-21 11:00:00,17279.0,17329.117
2016-12-21 12:00:00,16807.0,16706.18
2016-12-21 13:00:00,16420.0,16448.816
2016-12-21 14:00:00,16223.0,16020.831
2016-12-21 15:00:00,16013.0,16024.558
2016-12-21 16:00:00,16241.0,16234.256
2016-12-21 17:00:00,17287.0,17190.197
2016-12-21 18:00:00,17616.0,17849.002
2016-12-21 19:00:00,17511.0,17697.352
2016-12-21 20:00:00,17393.0,17440.87
2016-12-21 21:00:00,16937.0,17027.564
2016-12-21 22:00:00,16167.0,16139.384
2016-12-21 23:00:00,15179.0,15223.703
2016-12-22 00:00:00,14683.0,14455.883
2016-12-22 01:00:00,14258.0,14296.785
2016-12-22 02:00:00,14220.0,14101.403
2016-12-22 03:00:00,14117.0,14196.464
2016-12-22 04:00:00,14414.0,14299.202
2016-12-22 05:00:00,15156.0,15045.891
2016-12-22 06:00:00,16147.0,16332.479
2016-12-22 07:00:00,16865.0,16866.117
2016-12-22 08:00:00,17049.0,16979.586
2016-12-22 09:00:00,17004.0,16973.068
2016-12-22 10:00:00,16712.0,16765.37
2016-12-22 11:00:00,16446.0,16288.745
2016-12-22 12:00:00,16163.0,16084.242
2016-12-22 13:00:00,16005.0,15881.139
2016-12-22 14:00:00,15833.0,15740.982
2016-12-22 15:00:00,15705.0,15666.246
2016-12-22 16:00:00,15831.0,15946.067
2016-12-22 17:00:00,16640.0,16626.564
2016-12-22 18:00:00,16912.0,16978.402
2016-12-22 19:00:00,16901.0,16833.352
2016-12-22 20:00:00,16859.0,16889.473
2016-12-22 21:00:00,16590.0,16516.062
2016-12-22 22:00:00,16000.0,15857.616
2016-12-22 23:00:00,15353.0,15111.866
2016-12-23 00:00:00,14881.0,14784.284
2016-12-23 01:00:00,14727.0,14587.319
2016-12-23 02:00:00,14663.0,14625.62
2016-12-23 03:00:00,14752.0,14738.559
2016-12-23 04:00:00,14946.0,15096.655
2016-12-23 05:00:00,15525.0,15500.541
2016-12-23 06:00:00,16158.0,16314.72
2016-12-23 07:00:00,16782.0,16987.4
2016-12-23 08:00:00,16967.0,16811.482
2016-12-23 09:00:00,16967.0,16912.633
2016-12-23 10:00:00,16648.0,16780.639
2016-12-23 11:00:00,16167.0,16249.763
2016-12-23 12:00:00,15558.0,15768.968
2016-12-23 13:00:00,15176.0,15155.21
2016-12-23 14:00:00,14810.0,14795.127
2016-12-23 15:00:00,14793.0,14499.567
2016-12-23 16:00:00,15109.0,15019.575
2016-12-23 17:00:00,15737.0,16027.4795
2016-12-23 18:00:00,15815.0,16131.73
2016-12-23 19:00:00,15577.0,15837.022
2016-12-23 20:00:00,15465.0,15534.091
2016-12-23 21:00:00,15204.0,15367.388
2016-12-23 22:00:00,14657.0,14664.47
2016-12-23 23:00:00,13772.0,13832.216
2016-12-24 00:00:00,13142.0,13162.0625
2016-12-24 01:00:00,12770.0,12741.532
2016-12-24 02:00:00,12484.0,12602.204
2016-12-24 03:00:00,12413.0,12402.46
2016-12-24 04:00:00,12386.0,12487.992
2016-12-24 05:00:00,12478.0,12551.685
2016-12-24 06:00:00,12797.0,12814.871
2016-12-24 07:00:00,13270.0,13300.417
2016-12-24 08:00:00,13639.0,13776.045
2016-12-24 09:00:00,13959.0,13941.372
2016-12-24 10:00:00,14076.0,14176.76
2016-12-24 11:00:00,14014.0,13903.986
2016-12-24 12:00:00,13855.0,13731.028
2016-12-24 13:00:00,13550.0,13612.997
2016-12-24 14:00:00,13344.0,13340.372
2016-12-24 15:00:00,13255.0,13222.378
2016-12-24 16:00:00,13299.0,13391.356
2016-12-24 17:00:00,13733.0,13977.639
2016-12-24 18:00:00,13553.0,14027.587
2016-12-24 19:00:00,13372.0,13523.843
2016-12-24 20:00:00,13277.0,13325.654
2016-12-24 21:00:00,13147.0,13106.6455
2016-12-24 22:00:00,12795.0,12692.752
2016-12-24 23:00:00,12252.0,12255.322
2016-12-25 00:00:00,11731.0,11771.529
2016-12-25 01:00:00,11396.0,11422.83
2016-12-25 02:00:00,11198.0,11186.479
2016-12-25 03:00:00,11134.0,11030.72
2016-12-25 04:00:00,11181.0,11185.498
2016-12-25 05:00:00,11382.0,11383.8545
2016-12-25 06:00:00,11789.0,11642.618
2016-12-25 07:00:00,12299.0,12240.317
2016-12-25 08:00:00,12744.0,12691.814
2016-12-25 09:00:00,13026.0,12997.905
2016-12-25 10:00:00,13001.0,12999.518
2016-12-25 11:00:00,12908.0,12967.881
2016-12-25 12:00:00,12701.0,12830.331
2016-12-25 13:00:00,12315.0,12597.637
2016-12-25 14:00:00,12014.0,12280.167
2016-12-25 15:00:00,11891.0,11967.532
2016-12-25 16:00:00,11996.0,11980.108
2016-12-25 17:00:00,12606.0,12534.631
2016-12-25 18:00:00,12728.0,12862.0
2016-12-25 19:00:00,12704.0,13115.903
2016-12-25 20:00:00,12711.0,13007.825
2016-12-25 21:00:00,12494.0,12849.672
2016-12-25 22:00:00,12104.0,12136.461
2016-12-25 23:00:00,11576.0,11633.021
2016-12-26 00:00:00,11198.0,11295.633
2016-12-26 01:00:00,10922.0,10898.722
2016-12-26 02:00:00,10814.0,10690.2705
2016-12-26 03:00:00,10795.0,10789.389
2016-12-26 04:00:00,10895.0,11049.969
2016-12-26 05:00:00,11196.0,11312.975
2016-12-26 06:00:00,11594.0,11634.533
2016-12-26 07:00:00,11998.0,12464.615
2016-12-26 08:00:00,12354.0,12811.877
2016-12-26 09:00:00,12787.0,13051.456
2016-12-26 10:00:00,13067.0,13374.462
2016-12-26 11:00:00,13077.0,13385.291
2016-12-26 12:00:00,12885.0,13124.047
2016-12-26 13:00:00,12688.0,12906.26
2016-12-26 14:00:00,12331.0,12723.95
2016-12-26 15:00:00,12233.0,12574.416
2016-12-26 16:00:00,12493.0,12580.059
2016-12-26 17:00:00,13338.0,13173.834
2016-12-26 18:00:00,13568.0,13858.824
2016-12-26 19:00:00,13478.0,13940.667
2016-12-26 20:00:00,13350.0,13825.688
2016-12-26 21:00:00,12895.0,13371.658
2016-12-26 22:00:00,12285.0,12437.244
2016-12-26 23:00:00,11569.0,12205.974
2016-12-27 00:00:00,11137.0,11216.424
2016-12-27 01:00:00,10900.0,10904.103
2016-12-27 02:00:00,10787.0,10712.372
2016-12-27 03:00:00,10935.0,10568.6045
2016-12-27 04:00:00,11222.0,10960.239
2016-12-27 05:00:00,11960.0,11590.142
2016-12-27 06:00:00,12925.0,13013.91
2016-12-27 07:00:00,13722.0,13731.327
2016-12-27 08:00:00,14091.0,14142.811
2016-12-27 09:00:00,14329.0,14504.396
2016-12-27 10:00:00,14551.0,14623.511
2016-12-27 11:00:00,14554.0,14586.322
2016-12-27 12:00:00,14353.0,14555.225
2016-12-27 13:00:00,14112.0,14308.786
2016-12-27 14:00:00,13887.0,14016.723
2016-12-27 15:00:00,13820.0,13895.145
2016-12-27 16:00:00,13934.0,14042.665
2016-12-27 17:00:00,15012.0,14621.011
2016-12-27 18:00:00,15498.0,15395.339
2016-12-27 19:00:00,15422.0,15702.877
2016-12-27 20:00:00,15296.0,15420.776
2016-12-27 21:00:00,14981.0,14896.291
2016-12-27 22:00:00,14428.0,14268.41
2016-12-27 23:00:00,13772.0,13591.72
2016-12-28 00:00:00,13327.0,13242.763
2016-12-28 01:00:00,13172.0,13009.925
2016-12-28 02:00:00,13188.0,13098.648
2016-12-28 03:00:00,13282.0,13117.6875
2016-12-28 04:00:00,13703.0,13520.027
2016-12-28 05:00:00,14454.0,14485.035
2016-12-28 06:00:00,15522.0,15690.572
2016-12-28 07:00:00,16338.0,16361.679
2016-12-28 08:00:00,16567.0,16585.76
2016-12-28 09:00:00,16369.0,16632.773
2016-12-28 10:00:00,15915.0,16287.215
2016-12-28 11:00:00,15456.0,15632.142
2016-12-28 12:00:00,15102.0,15151.286
2016-12-28 13:00:00,14733.0,14891.857
2016-12-28 14:00:00,14414.0,14501.238
2016-12-28 15:00:00,14278.0,14291.405
2016-12-28 16:00:00,14462.0,14397.094
2016-12-28 17:00:00,15430.0,15222.929
2016-12-28 18:00:00,16011.0,15776.168
2016-12-28 19:00:00,15990.0,16175.01
2016-12-28 20:00:00,15781.0,15954.254
2016-12-28 21:00:00,15506.0,15409.469
2016-12-28 22:00:00,14794.0,14822.151
2016-12-28 23:00:00,14028.0,14108.756
2016-12-29 00:00:00,13577.0,13465.938
2016-12-29 01:00:00,13179.0,13306.3125
2016-12-29 02:00:00,13069.0,13074.227
2016-12-29 03:00:00,12985.0,13048.997
2016-12-29 04:00:00,13152.0,13195.563
2016-12-29 05:00:00,13569.0,13773.922
2016-12-29 06:00:00,14373.0,14515.0205
2016-12-29 07:00:00,15070.0,15212.339
2016-12-29 08:00:00,15286.0,15233.784
2016-12-29 09:00:00,15362.0,15189.868
2016-12-29 10:00:00,15483.0,15255.958
2016-12-29 11:00:00,15396.0,15351.236
2016-12-29 12:00:00,15259.0,15220.832
2016-12-29 13:00:00,15116.0,15046.774
2016-12-29 14:00:00,14825.0,14896.125
2016-12-29 15:00:00,14869.0,14621.733
2016-12-29 16:00:00,15207.0,14987.277
2016-12-29 17:00:00,16137.0,15901.381
2016-12-29 18:00:00,16408.0,16408.98
2016-12-29 19:00:00,16386.0,16358.639
2016-12-29 20:00:00,16268.0,16237.332
2016-12-29 21:00:00,15922.0,15901.406
2016-12-29 22:00:00,15345.0,15249.606
2016-12-29 23:00:00,14671.0,14533.123
2016-12-30 00:00:00,14218.0,14124.472
2016-12-30 01:00:00,14010.0,13894.104
2016-12-30 02:00:00,13864.0,13870.267
2016-12-30 03:00:00,13834.0,13835.844
2016-12-30 04:00:00,14119.0,14050.772
2016-12-30 05:00:00,14636.0,14749.074
2016-12-30 06:00:00,15539.0,15535.587
2016-12-30 07:00:00,16146.0,16172.323
2016-12-30 08:00:00,16328.0,16374.764
2016-12-30 09:00:00,16474.0,16354.674
2016-12-30 10:00:00,16413.0,16401.139
2016-12-30 11:00:00,16344.0,16077.067
2016-12-30 12:00:00,16119.0,16052.251
2016-12-30 13:00:00,15832.0,15835.21
2016-12-30 14:00:00,15551.0,15453.169
2016-12-30 15:00:00,15353.0,15314.12
2016-12-30 16:00:00,15568.0,15414.762
2016-12-30 17:00:00,16442.0,16243.354
2016-12-30 18:00:00,16837.0,16700.443
2016-12-30 19:00:00,16751.0,16731.568
2016-12-30 20:00:00,16630.0,16553.018
2016-12-30 21:00:00,16422.0,16358.334
2016-12-30 22:00:00,15917.0,15931.36
2016-12-30 23:00:00,15416.0,15253.285
2016-12-31 00:00:00,14877.0,14918.685
2016-12-31 01:00:00,14588.0,14563.631
2016-12-31 02:00:00,14514.0,14483.603
2016-12-31 03:00:00,14591.0,14541.342
2016-12-31 04:00:00,14604.0,14857.225
2016-12-31 05:00:00,14739.0,14953.866
2016-12-31 06:00:00,15170.0,15066.526
2016-12-31 07:00:00,15555.0,15669.936
2016-12-31 08:00:00,15699.0,15874.647
2016-12-31 09:00:00,15697.0,15739.971
2016-12-31 10:00:00,15648.0,15570.943
2016-12-31 11:00:00,15456.0,15421.56
2016-12-31 12:00:00,15170.0,15085.799
2016-12-31 13:00:00,15040.0,14777.887
2016-12-31 14:00:00,14908.0,14717.817
2016-12-31 15:00:00,14866.0,14842.61
2016-12-31 16:00:00,15030.0,15135.316
2016-12-31 17:00:00,15503.0,15771.561
2016-12-31 18:00:00,15376.0,15769.731
2016-12-31 19:00:00,14917.0,15228.878
2016-12-31 20:00:00,14439.0,14665.172
2016-12-31 21:00:00,14047.0,14035.581
2016-12-31 22:00:00,13655.0,13651.895
2016-12-31 23:00:00,13240.0,13138.22
2017-01-01 00:00:00,12876.0,12718.01
2017-01-01 01:00:00,12591.0,12552.086
2017-01-01 02:00:00,12487.0,12432.082
2017-01-01 03:00:00,12369.0,12366.842
2017-01-01 04:00:00,12490.0,12407.554
2017-01-01 05:00:00,12646.0,12607.927
2017-01-01 06:00:00,12936.0,12987.663
2017-01-01 07:00:00,13310.0,13338.391
2017-01-01 08:00:00,13594.0,13786.524
2017-01-01 09:00:00,13644.0,13874.234
2017-01-01 10:00:00,13346.0,13736.4375
2017-01-01 11:00:00,13054.0,13206.215
2017-01-01 12:00:00,12922.0,12934.658
2017-01-01 13:00:00,12748.0,12715.709
2017-01-01 14:00:00,12488.0,12691.418
2017-01-01 15:00:00,12343.0,12532.229
2017-01-01 16:00:00,12712.0,12616.155
2017-01-01 17:00:00,13611.0,13310.275
2017-01-01 18:00:00,13997.0,14000.903
2017-01-01 19:00:00,13962.0,14131.764
2017-01-01 20:00:00,13770.0,14194.05
2017-01-01 21:00:00,13508.0,13577.607
2017-01-01 22:00:00,13102.0,13009.966
2017-01-01 23:00:00,12618.0,12489.264
2017-01-02 00:00:00,12140.0,12175.109
2017-01-02 01:00:00,11861.0,11845.317
2017-01-02 02:00:00,11844.0,11682.8
2017-01-02 03:00:00,11797.0,11882.137
2017-01-02 04:00:00,11903.0,12054.025
2017-01-02 05:00:00,12259.0,12532.975
2017-01-02 06:00:00,12752.0,13310.356
2017-01-02 07:00:00,13338.0,13715.852
2017-01-02 08:00:00,13571.0,14084.365
2017-01-02 09:00:00,13972.0,14086.263
2017-01-02 10:00:00,14296.0,14338.748
2017-01-02 11:00:00,14319.0,14436.6455
2017-01-02 12:00:00,14197.0,14301.975
2017-01-02 13:00:00,14010.0,14175.488
2017-01-02 14:00:00,13888.0,13953.43
2017-01-02 15:00:00,13821.0,13840.264
2017-01-02 16:00:00,14038.0,14086.805
2017-01-02 17:00:00,14761.0,14710.694
2017-01-02 18:00:00,14995.0,15175.247
2017-01-02 19:00:00,14832.0,15167.47
2017-01-02 20:00:00,14621.0,15042.037
2017-01-02 21:00:00,14153.0,14399.464
2017-01-02 22:00:00,13500.0,13497.153
2017-01-02 23:00:00,12841.0,12770.723
2017-01-03 00:00:00,12470.0,12324.82
2017-01-03 01:00:00,12150.0,12230.607
2017-01-03 02:00:00,12172.0,12081.432
2017-01-03 03:00:00,12343.0,12279.604
2017-01-03 04:00:00,12648.0,12794.939
2017-01-03 05:00:00,13270.0,13556.796
2017-01-03 06:00:00,14484.0,14745.55
2017-01-03 07:00:00,15228.0,15440.285
2017-01-03 08:00:00,15286.0,15565.827
2017-01-03 09:00:00,15289.0,15403.169
2017-01-03 10:00:00,15357.0,15392.584
2017-01-03 11:00:00,15252.0,15345.203
2017-01-03 12:00:00,15217.0,15163.962
2017-01-03 13:00:00,15279.0,15175.369
2017-01-03 14:00:00,15198.0,15289.223
2017-01-03 15:00:00,15003.0,15177.537
2017-01-03 16:00:00,15185.0,15179.987
2017-01-03 17:00:00,15724.0,15704.247
2017-01-03 18:00:00,16011.0,16011.86
2017-01-03 19:00:00,15848.0,16152.723
2017-01-03 20:00:00,15542.0,15905.914
2017-01-03 21:00:00,14965.0,15254.257
2017-01-03 22:00:00,14198.0,14158.019
2017-01-03 23:00:00,13472.0,13297.7
2017-01-04 00:00:00,12947.0,12923.402
2017-01-04 01:00:00,12707.0,12619.614
2017-01-04 02:00:00,12603.0,12635.038
2017-01-04 03:00:00,12604.0,12634.955
2017-01-04 04:00:00,12943.0,13006.112
2017-01-04 05:00:00,13767.0,13780.431
2017-01-04 06:00:00,15250.0,15224.556
2017-01-04 07:00:00,16179.0,16160.929
2017-01-04 08:00:00,16210.0,16195.29
2017-01-04 09:00:00,16302.0,16148.025
2017-01-04 10:00:00,16359.0,16374.898
2017-01-04 11:00:00,16351.0,16318.698
2017-01-04 12:00:00,16152.0,16319.721
2017-01-04 13:00:00,16150.0,16045.894
2017-01-04 14:00:00,15981.0,15981.714
2017-01-04 15:00:00,15966.0,15820.054
2017-01-04 16:00:00,16357.0,16103.049
2017-01-04 17:00:00,17524.0,16925.092
2017-01-04 18:00:00,18166.0,18053.36
2017-01-04 19:00:00,18277.0,18290.629
2017-01-04 20:00:00,18220.0,18266.578
2017-01-04 21:00:00,17757.0,17933.674
2017-01-04 22:00:00,17163.0,17064.787
2017-01-04 23:00:00,16545.0,16343.227
2017-01-05 00:00:00,16111.0,16097.103
2017-01-05 01:00:00,16035.0,15896.626
2017-01-05 02:00:00,15858.0,16009.826
2017-01-05 03:00:00,15947.0,15922.711
2017-01-05 04:00:00,16263.0,16226.837
2017-01-05 05:00:00,17034.0,17113.584
2017-01-05 06:00:00,18375.0,18458.531
2017-01-05 07:00:00,19060.0,19073.129
2017-01-05 08:00:00,19072.0,18902.498
2017-01-05 09:00:00,19051.0,18774.236
2017-01-05 10:00:00,19045.0,18872.396
2017-01-05 11:00:00,18952.0,18828.41
2017-01-05 12:00:00,18789.0,18830.512
2017-01-05 13:00:00,18724.0,18667.883
2017-01-05 14:00:00,18596.0,18532.404
2017-01-05 15:00:00,18498.0,18499.314
2017-01-05 16:00:00,18633.0,18710.557
2017-01-05 17:00:00,19239.0,19116.479
2017-01-05 18:00:00,19497.0,19716.145
2017-01-05 19:00:00,19321.0,19538.709
2017-01-05 20:00:00,19214.0,18987.18
2017-01-05 21:00:00,18773.0,18845.791
2017-01-05 22:00:00,17897.0,18078.098
2017-01-05 23:00:00,17266.0,17100.467
2017-01-06 00:00:00,16852.0,16758.875
2017-01-06 01:00:00,16704.0,16581.1
2017-01-06 02:00:00,16567.0,16664.412
2017-01-06 03:00:00,16732.0,16675.338
2017-01-06 04:00:00,17036.0,17115.363
2017-01-06 05:00:00,17752.0,17928.615
2017-01-06 06:00:00,19032.0,19149.041
2017-01-06 07:00:00,19851.0,19921.225
2017-01-06 08:00:00,19906.0,19670.396
2017-01-06 09:00:00,19900.0,19640.904
2017-01-06 10:00:00,19684.0,19684.242
2017-01-06 11:00:00,19464.0,19282.709
2017-01-06 12:00:00,19144.0,19094.03
2017-01-06 13:00:00,19002.0,18782.96
2017-01-06 14:00:00,18911.0,18708.307
2017-01-06 15:00:00,18874.0,18708.902
2017-01-06 16:00:00,19060.0,19011.318
2017-01-06 17:00:00,19662.0,19521.395
2017-01-06 18:00:00,19935.0,19978.717
2017-01-06 19:00:00,19810.0,19622.436
2017-01-06 20:00:00,19646.0,19483.328
2017-01-06 21:00:00,19352.0,19267.037
2017-01-06 22:00:00,18842.0,18749.273
2017-01-06 23:00:00,18234.0,18110.184
2017-01-07 00:00:00,17833.0,17682.29
2017-01-07 01:00:00,17791.0,17591.01
2017-01-07 02:00:00,17563.0,17792.703
2017-01-07 03:00:00,17622.0,17618.229
2017-01-07 04:00:00,17689.0,17733.242
2017-01-07 05:00:00,18103.0,17840.46
2017-01-07 06:00:00,18491.0,18711.838
2017-01-07 07:00:00,19112.0,19007.047
2017-01-07 08:00:00,19521.0,19346.607
2017-01-07 09:00:00,19662.0,19480.756
2017-01-07 10:00:00,19575.0,19539.967
2017-01-07 11:00:00,19214.0,19156.432
2017-01-07 12:00:00,18705.0,18755.512
2017-01-07 13:00:00,18225.0,18314.967
2017-01-07 14:00:00,18011.0,17792.217
2017-01-07 15:00:00,17974.0,17731.363
2017-01-07 16:00:00,18460.0,18133.125
2017-01-07 17:00:00,19444.0,19152.436
2017-01-07 18:00:00,20031.0,19889.184
2017-01-07 19:00:00,19982.0,19925.584
2017-01-07 20:00:00,19939.0,19785.863
2017-01-07 21:00:00,19627.0,19535.637
2017-01-07 22:00:00,19163.0,19010.504
2017-01-07 23:00:00,18675.0,18587.666
2017-01-08 00:00:00,18303.0,18237.69
2017-01-08 01:00:00,18215.0,18016.08
2017-01-08 02:00:00,18025.0,18199.414
2017-01-08 03:00:00,18107.0,17929.92
2017-01-08 04:00:00,18290.0,18045.658
2017-01-08 05:00:00,18487.0,18517.57
2017-01-08 06:00:00,18915.0,18773.826
2017-01-08 07:00:00,19402.0,19391.623
2017-01-08 08:00:00,19663.0,19588.85
2017-01-08 09:00:00,19618.0,19483.742
2017-01-08 10:00:00,19235.0,19104.9
2017-01-08 11:00:00,18977.0,18774.176
2017-01-08 12:00:00,18671.0,18623.688
2017-01-08 13:00:00,18287.0,18290.723
2017-01-08 14:00:00,17894.0,17909.041
2017-01-08 15:00:00,17964.0,17686.758
2017-01-08 16:00:00,18356.0,18241.754
2017-01-08 17:00:00,19366.0,19298.648
2017-01-08 18:00:00,20078.0,20132.584
2017-01-08 19:00:00,20214.0,20169.285
2017-01-08 20:00:00,20257.0,20020.637
2017-01-08 21:00:00,20049.0,19912.652
2017-01-08 22:00:00,19637.0,19439.719
2017-01-08 23:00:00,19307.0,19143.145
2017-01-09 00:00:00,19085.0,19000.145
2017-01-09 01:00:00,19044.0,18929.707
2017-01-09 02:00:00,19037.0,19166.828
2017-01-09 03:00:00,18960.0,19233.902
2017-01-09 04:00:00,19212.0,19089.191
2017-01-09 05:00:00,19842.0,19791.236
2017-01-09 06:00:00,20980.0,20929.842
2017-01-09 07:00:00,21614.0,21682.467
2017-01-09 08:00:00,21421.0,21601.885
2017-01-09 09:00:00,21267.0,21210.984
2017-01-09 10:00:00,20740.0,20984.543
2017-01-09 11:00:00,20067.0,20410.14
2017-01-09 12:00:00,19305.0,19622.701
2017-01-09 13:00:00,18856.0,18864.562
2017-01-09 14:00:00,18746.0,18463.29
2017-01-09 15:00:00,18597.0,18611.322
2017-01-09 16:00:00,18741.0,18919.037
2017-01-09 17:00:00,19448.0,19561.855
2017-01-09 18:00:00,19837.0,20321.268
2017-01-09 19:00:00,19659.0,19837.275
2017-01-09 20:00:00,19367.0,19401.47
2017-01-09 21:00:00,18944.0,18997.156
2017-01-09 22:00:00,18094.0,18237.861
2017-01-09 23:00:00,17252.0,17220.186
2017-01-10 00:00:00,16837.0,16735.611
2017-01-10 01:00:00,16504.0,16578.217
2017-01-10 02:00:00,16268.0,16411.828
2017-01-10 03:00:00,16335.0,16368.169
2017-01-10 04:00:00,16490.0,16662.645
2017-01-10 05:00:00,17116.0,17235.434
2017-01-10 06:00:00,18149.0,18182.797
2017-01-10 07:00:00,18815.0,19024.879
2017-01-10 08:00:00,18812.0,19086.72
2017-01-10 09:00:00,18684.0,18629.941
2017-01-10 10:00:00,18590.0,18411.166
2017-01-10 11:00:00,18391.0,18237.703
2017-01-10 12:00:00,18029.0,18182.973
2017-01-10 13:00:00,17765.0,17723.605
2017-01-10 14:00:00,17427.0,17506.893
2017-01-10 15:00:00,17141.0,17177.074
2017-01-10 16:00:00,17122.0,17200.777
2017-01-10 17:00:00,17662.0,17634.17
2017-01-10 18:00:00,17799.0,18354.967
2017-01-10 19:00:00,17537.0,17807.805
2017-01-10 20:00:00,17241.0,17346.275
2017-01-10 21:00:00,16613.0,16875.324
2017-01-10 22:00:00,15812.0,15820.036
2017-01-10 23:00:00,14779.0,14992.393
2017-01-11 00:00:00,14272.0,14203.846
2017-01-11 01:00:00,13902.0,14034.479
2017-01-11 02:00:00,13823.0,13770.682
2017-01-11 03:00:00,13788.0,13821.954
2017-01-11 04:00:00,14156.0,14092.279
2017-01-11 05:00:00,14988.0,15073.301
2017-01-11 06:00:00,16015.0,16353.106
2017-01-11 07:00:00,17155.0,16831.883
2017-01-11 08:00:00,17092.0,17442.746
2017-01-11 09:00:00,16805.0,16977.703
2017-01-11 10:00:00,16707.0,16614.547
2017-01-11 11:00:00,16323.0,16431.736
2017-01-11 12:00:00,16063.0,16060.303
2017-01-11 13:00:00,15900.0,15802.816
2017-01-11 14:00:00,15782.0,15622.582
2017-01-11 15:00:00,15605.0,15618.845
2017-01-11 16:00:00,15773.0,15669.882
2017-01-11 17:00:00,16257.0,16267.088
2017-01-11 18:00:00,16444.0,16715.383
2017-01-11 19:00:00,16200.0,16389.121
2017-01-11 20:00:00,15896.0,16026.044
2017-01-11 21:00:00,15400.0,15512.345
2017-01-11 22:00:00,14396.0,14620.162
2017-01-11 23:00:00,13366.0,13621.023
2017-01-12 00:00:00,12835.0,12760.905
2017-01-12 01:00:00,12625.0,12455.01
2017-01-12 02:00:00,12449.0,12478.802
2017-01-12 03:00:00,12392.0,12514.5205
2017-01-12 04:00:00,12562.0,12691.292
2017-01-12 05:00:00,13231.0,13215.919
2017-01-12 06:00:00,14617.0,14647.726
2017-01-12 07:00:00,15314.0,15480.015
2017-01-12 08:00:00,15327.0,15629.595
2017-01-12 09:00:00,15206.0,15410.349
2017-01-12 10:00:00,15224.0,15223.221
2017-01-12 11:00:00,15021.0,15170.218
2017-01-12 12:00:00,15009.0,14919.133
2017-01-12 13:00:00,14864.0,15009.959
2017-01-12 14:00:00,14766.0,14725.1045
2017-01-12 15:00:00,14580.0,14699.667
2017-01-12 16:00:00,14756.0,14755.042
2017-01-12 17:00:00,15250.0,15363.852
2017-01-12 18:00:00,15656.0,15683.245
2017-01-12 19:00:00,15594.0,15653.363
2017-01-12 20:00:00,15443.0,15599.291
2017-01-12 21:00:00,15009.0,15135.032
2017-01-12 22:00:00,14312.0,14269.774
2017-01-12 23:00:00,13618.0,13548.025
2017-01-13 00:00:00,13061.0,13104.972
2017-01-13 01:00:00,12862.0,12778.349
2017-01-13 02:00:00,12710.0,12783.66
2017-01-13 03:00:00,12695.0,12836.349
2017-01-13 04:00:00,13236.0,13023.027
2017-01-13 05:00:00,14068.0,14166.417
2017-01-13 06:00:00,15398.0,15496.265
2017-01-13 07:00:00,16335.0,16273.773
2017-01-13 08:00:00,16257.0,16435.93
2017-01-13 09:00:00,16284.0,16094.947
2017-01-13 10:00:00,16224.0,16197.588
2017-01-13 11:00:00,16028.0,16014.295
2017-01-13 12:00:00,15866.0,15828.476
2017-01-13 13:00:00,15764.0,15776.196
2017-01-13 14:00:00,15712.0,15591.884
2017-01-13 15:00:00,15550.0,15569.357
2017-01-13 16:00:00,15596.0,15670.795
2017-01-13 17:00:00,16243.0,15946.7
2017-01-13 18:00:00,16462.0,16648.094
2017-01-13 19:00:00,16255.0,16427.828
2017-01-13 20:00:00,16004.0,16181.436
2017-01-13 21:00:00,15572.0,15758.016
2017-01-13 22:00:00,14932.0,14934.338
2017-01-13 23:00:00,14338.0,14158.883
2017-01-14 00:00:00,13814.0,13865.309
2017-01-14 01:00:00,13478.0,13635.104
2017-01-14 02:00:00,13368.0,13401.152
2017-01-14 03:00:00,13362.0,13428.125
2017-01-14 04:00:00,13381.0,13482.877
2017-01-14 05:00:00,13664.0,13704.927
2017-01-14 06:00:00,14215.0,14098.578
2017-01-14 07:00:00,14774.0,14883.611
2017-01-14 08:00:00,15129.0,15341.09
2017-01-14 09:00:00,15418.0,15420.849
2017-01-14 10:00:00,15800.0,15514.665
2017-01-14 11:00:00,15698.0,15740.888
2017-01-14 12:00:00,15610.0,15589.386
2017-01-14 13:00:00,15405.0,15449.14
2017-01-14 14:00:00,15157.0,15232.928
2017-01-14 15:00:00,15057.0,14954.391
2017-01-14 16:00:00,15137.0,15188.12
2017-01-14 17:00:00,15489.0,15639.857
2017-01-14 18:00:00,15633.0,15813.804
2017-01-14 19:00:00,15357.0,15630.708
2017-01-14 20:00:00,15164.0,15380.18
2017-01-14 21:00:00,14702.0,14952.078
2017-01-14 22:00:00,14206.0,14182.799
2017-01-14 23:00:00,13613.0,13671.934
2017-01-15 00:00:00,13206.0,13228.997
2017-01-15 01:00:00,12907.0,12900.741
2017-01-15 02:00:00,12821.0,12805.04
2017-01-15 03:00:00,12768.0,12749.772
2017-01-15 04:00:00,12837.0,12817.098
2017-01-15 05:00:00,13057.0,13106.249
2017-01-15 06:00:00,13493.0,13557.565
2017-01-15 07:00:00,14018.0,14047.788
2017-01-15 08:00:00,14459.0,14622.072
2017-01-15 09:00:00,14704.0,14804.079
2017-01-15 10:00:00,14668.0,14725.165
2017-01-15 11:00:00,14629.0,14571.024
2017-01-15 12:00:00,14553.0,14527.216
2017-01-15 13:00:00,14403.0,14403.565
2017-01-15 14:00:00,14157.0,14204.774
2017-01-15 15:00:00,14276.0,14038.867
2017-01-15 16:00:00,14499.0,14472.396
2017-01-15 17:00:00,15112.0,15125.379
2017-01-15 18:00:00,15498.0,15530.262
2017-01-15 19:00:00,15320.0,15612.649
2017-01-15 20:00:00,15206.0,15368.841
2017-01-15 21:00:00,14907.0,14890.64
2017-01-15 22:00:00,14467.0,14438.249
2017-01-15 23:00:00,13909.0,13943.57
2017-01-16 00:00:00,13525.0,13525.432
2017-01-16 01:00:00,13313.0,13312.685
2017-01-16 02:00:00,13286.0,13372.826
2017-01-16 03:00:00,13344.0,13389.1875
2017-01-16 04:00:00,13650.0,13625.254
2017-01-16 05:00:00,14318.0,14524.605
2017-01-16 06:00:00,15270.0,15539.06
2017-01-16 07:00:00,16082.0,16325.12
2017-01-16 08:00:00,16238.0,16337.991
2017-01-16 09:00:00,16382.0,16307.791
2017-01-16 10:00:00,16535.0,16441.117
2017-01-16 11:00:00,16366.0,16400.26
2017-01-16 12:00:00,16145.0,16193.344
2017-01-16 13:00:00,15838.0,15957.058
2017-01-16 14:00:00,15514.0,15566.036
2017-01-16 15:00:00,15407.0,15300.518
2017-01-16 16:00:00,15398.0,15506.533
2017-01-16 17:00:00,16084.0,15875.065
2017-01-16 18:00:00,16424.0,16614.195
2017-01-16 19:00:00,16420.0,16460.006
2017-01-16 20:00:00,16118.0,16264.881
2017-01-16 21:00:00,15701.0,15695.777
2017-01-16 22:00:00,14854.0,14913.721
2017-01-16 23:00:00,14089.0,13990.476
2017-01-17 00:00:00,13486.0,13572.39
2017-01-17 01:00:00,13080.0,13171.372
2017-01-17 02:00:00,13036.0,13016.687
2017-01-17 03:00:00,12936.0,12981.195
2017-01-17 04:00:00,13117.0,13213.081
2017-01-17 05:00:00,13920.0,13865.036
2017-01-17 06:00:00,15097.0,15431.159
2017-01-17 07:00:00,15767.0,16054.053
2017-01-17 08:00:00,15558.0,16077.165
2017-01-17 09:00:00,15399.0,15545.688
2017-01-17 10:00:00,15377.0,15370.969
2017-01-17 11:00:00,15184.0,15261.308
2017-01-17 12:00:00,15091.0,15002.766
2017-01-17 13:00:00,14956.0,14993.192
2017-01-17 14:00:00,14841.0,14745.199
2017-01-17 15:00:00,14682.0,14654.02
2017-01-17 16:00:00,14799.0,14790.965
2017-01-17 17:00:00,15273.0,15343.836
2017-01-17 18:00:00,15511.0,15712.363
2017-01-17 19:00:00,15475.0,15606.826
2017-01-17 20:00:00,15254.0,15516.956
2017-01-17 21:00:00,14734.0,15022.379
2017-01-17 22:00:00,13988.0,14058.403
2017-01-17 23:00:00,13219.0,13308.771
2017-01-18 00:00:00,12688.0,12663.281
2017-01-18 01:00:00,12474.0,12418.909
2017-01-18 02:00:00,12378.0,12382.327
2017-01-18 03:00:00,12388.0,12470.607
2017-01-18 04:00:00,12700.0,12683.27
2017-01-18 05:00:00,13500.0,13510.733
2017-01-18 06:00:00,14819.0,14948.353
2017-01-18 07:00:00,15715.0,15723.855
2017-01-18 08:00:00,15657.0,15780.1455
2017-01-18 09:00:00,15611.0,15657.665
2017-01-18 10:00:00,15674.0,15647.073
2017-01-18 11:00:00,15566.0,15654.999
2017-01-18 12:00:00,15557.0,15527.082
2017-01-18 13:00:00,15420.0,15542.527
2017-01-18 14:00:00,15257.0,15280.613
2017-01-18 15:00:00,15146.0,15098.649
2017-01-18 16:00:00,15393.0,15295.53
2017-01-18 17:00:00,15990.0,15960.015
2017-01-18 18:00:00,16305.0,16365.978
2017-01-18 19:00:00,16343.0,16389.816
2017-01-18 20:00:00,16226.0,16382.567
2017-01-18 21:00:00,15775.0,15928.721
2017-01-18 22:00:00,15058.0,15038.499
2017-01-18 23:00:00,14334.0,14192.064
2017-01-19 00:00:00,13859.0,13845.629
2017-01-19 01:00:00,13538.0,13564.272
2017-01-19 02:00:00,13513.0,13451.655
2017-01-19 03:00:00,13536.0,13580.216
2017-01-19 04:00:00,13845.0,13814.007
2017-01-19 05:00:00,14601.0,14698.445
2017-01-19 06:00:00,16011.0,16075.346
2017-01-19 07:00:00,16819.0,17037.918
2017-01-19 08:00:00,16686.0,16901.012
2017-01-19 09:00:00,16410.0,16557.791
2017-01-19 10:00:00,16123.0,16247.802
2017-01-19 11:00:00,15709.0,15830.26
2017-01-19 12:00:00,15425.0,15464.037
2017-01-19 13:00:00,15224.0,15259.464
2017-01-19 14:00:00,15018.0,15015.297
2017-01-19 15:00:00,14995.0,14866.905
2017-01-19 16:00:00,14984.0,15167.31
2017-01-19 17:00:00,15650.0,15415.406
2017-01-19 18:00:00,16102.0,16210.252
2017-01-19 19:00:00,16192.0,16232.175
2017-01-19 20:00:00,16083.0,16193.685
2017-01-19 21:00:00,15631.0,15744.056
2017-01-19 22:00:00,14902.0,14895.568
2017-01-19 23:00:00,14069.0,14110.752
2017-01-20 00:00:00,13606.0,13557.528
2017-01-20 01:00:00,13356.0,13284.237
2017-01-20 02:00:00,13216.0,13251.417
2017-01-20 03:00:00,13218.0,13304.775
2017-01-20 04:00:00,13448.0,13471.349
2017-01-20 05:00:00,14170.0,14259.105
2017-01-20 06:00:00,15317.0,15544.153
2017-01-20 07:00:00,15985.0,16136.249
2017-01-20 08:00:00,15726.0,16072.994
2017-01-20 09:00:00,15614.0,15611.362
2017-01-20 10:00:00,15526.0,15476.009
2017-01-20 11:00:00,15297.0,15354.094
2017-01-20 12:00:00,14970.0,15150.307
2017-01-20 13:00:00,14838.0,14763.802
2017-01-20 14:00:00,14622.0,14524.765
2017-01-20 15:00:00,14220.0,14390.708
2017-01-20 16:00:00,14133.0,14261.193
2017-01-20 17:00:00,14555.0,14331.061
2017-01-20 18:00:00,14786.0,15104.175
2017-01-20 19:00:00,14601.0,14968.885
2017-01-20 20:00:00,14346.0,14686.001
2017-01-20 21:00:00,14029.0,14160.845
2017-01-20 22:00:00,13425.0,13537.682
2017-01-20 23:00:00,12712.0,12774.109
2017-01-21 00:00:00,12242.0,12155.7295
2017-01-21 01:00:00,11958.0,11890.332
2017-01-21 02:00:00,11840.0,11865.6
2017-01-21 03:00:00,11744.0,11874.557
2017-01-21 04:00:00,11953.0,11909.8125
2017-01-21 05:00:00,12246.0,12319.36
2017-01-21 06:00:00,12734.0,12749.327
2017-01-21 07:00:00,13300.0,13301.302
2017-01-21 08:00:00,13591.0,13837.406
2017-01-21 09:00:00,13738.0,13872.859
2017-01-21 10:00:00,13758.0,13873.114
2017-01-21 11:00:00,13555.0,13686.188
2017-01-21 12:00:00,13358.0,13429.795
2017-01-21 13:00:00,13157.0,13157.133
2017-01-21 14:00:00,12931.0,12972.004
2017-01-21 15:00:00,12811.0,12824.04
2017-01-21 16:00:00,12839.0,12899.945
2017-01-21 17:00:00,13293.0,13154.997
2017-01-21 18:00:00,13715.0,13565.693
2017-01-21 19:00:00,13471.0,13912.462
2017-01-21 20:00:00,13245.0,13751.938
2017-01-21 21:00:00,12859.0,13154.212
2017-01-21 22:00:00,12343.0,12288.581
2017-01-21 23:00:00,11825.0,11758.835
2017-01-22 00:00:00,11321.0,11281.122
2017-01-22 01:00:00,10976.0,10981.412
2017-01-22 02:00:00,10884.0,10740.343
2017-01-22 03:00:00,10840.0,10789.681
2017-01-22 04:00:00,10861.0,10916.298
2017-01-22 05:00:00,11068.0,11112.7
2017-01-22 06:00:00,11462.0,11339.763
2017-01-22 07:00:00,11987.0,11859.097
2017-01-22 08:00:00,12450.0,12463.935
2017-01-22 09:00:00,12711.0,12776.32
2017-01-22 10:00:00,12768.0,12823.992
2017-01-22 11:00:00,12706.0,12805.581
2017-01-22 12:00:00,12642.0,12741.077
2017-01-22 13:00:00,12540.0,12592.53
2017-01-22 14:00:00,12494.0,12465.813
2017-01-22 15:00:00,12475.0,12508.823
2017-01-22 16:00:00,12723.0,12610.847
2017-01-22 17:00:00,13252.0,13108.764
2017-01-22 18:00:00,13850.0,13619.238
2017-01-22 19:00:00,13783.0,14093.68
2017-01-22 20:00:00,13615.0,14129.502
2017-01-22 21:00:00,13166.0,13453.677
2017-01-22 22:00:00,12694.0,12635.3545
2017-01-22 23:00:00,12075.0,12041.331
2017-01-23 00:00:00,11688.0,11606.073
2017-01-23 01:00:00,11613.0,11332.082
2017-01-23 02:00:00,11618.0,11438.272
2017-01-23 03:00:00,11692.0,11639.195
2017-01-23 04:00:00,11996.0,11973.537
2017-01-23 05:00:00,12902.0,12757.445
2017-01-23 06:00:00,14375.0,14349.478
2017-01-23 07:00:00,15319.0,15234.93
2017-01-23 08:00:00,15323.0,15418.49
2017-01-23 09:00:00,15355.0,15364.072
2017-01-23 10:00:00,15530.0,15443.576
2017-01-23 11:00:00,15555.0,15561.648
2017-01-23 12:00:00,15515.0,15570.152
2017-01-23 13:00:00,15427.0,15528.278
2017-01-23 14:00:00,15323.0,15312.61
2017-01-23 15:00:00,15216.0,15222.005
2017-01-23 16:00:00,15333.0,15313.188
2017-01-23 17:00:00,15900.0,15696.666
2017-01-23 18:00:00,16300.0,16263.859
2017-01-23 19:00:00,16201.0,16397.72
2017-01-23 20:00:00,15919.0,16221.022
2017-01-23 21:00:00,15413.0,15590.636
2017-01-23 22:00:00,14687.0,14507.613
2017-01-23 23:00:00,14059.0,13696.878
2017-01-24 00:00:00,13368.0,13515.574
2017-01-24 01:00:00,12981.0,13058.927
2017-01-24 02:00:00,12956.0,12820.196
2017-01-24 03:00:00,12981.0,12892.775
2017-01-24 04:00:00,13380.0,13333.039
2017-01-24 05:00:00,14181.0,14278.898
2017-01-24 06:00:00,15425.0,15777.114
2017-01-24 07:00:00,16197.0,16335.285
2017-01-24 08:00:00,16008.0,16289.38
2017-01-24 09:00:00,16002.0,15924.8125
2017-01-24 10:00:00,16041.0,15981.981
2017-01-24 11:00:00,15923.0,15953.983
2017-01-24 12:00:00,15905.0,15821.542
2017-01-24 13:00:00,15783.0,15798.399
2017-01-24 14:00:00,15671.0,15605.373
2017-01-24 15:00:00,15549.0,15475.848
2017-01-24 16:00:00,15662.0,15645.999
2017-01-24 17:00:00,16079.0,16071.734
2017-01-24 18:00:00,16456.0,16547.861
2017-01-24 19:00:00,16413.0,16563.17
2017-01-24 20:00:00,16186.0,16426.562
2017-01-24 21:00:00,15669.0,15887.68
2017-01-24 22:00:00,14793.0,14917.862
2017-01-24 23:00:00,14031.0,13936.601
2017-01-25 00:00:00,13732.0,13462.685
2017-01-25 01:00:00,13495.0,13492.4795
2017-01-25 02:00:00,13443.0,13469.085
2017-01-25 03:00:00,13418.0,13508.464
2017-01-25 04:00:00,13874.0,13728.036
2017-01-25 05:00:00,14702.0,14808.094
2017-01-25 06:00:00,16128.0,16269.771
2017-01-25 07:00:00,16892.0,16977.26
2017-01-25 08:00:00,16615.0,16926.736
2017-01-25 09:00:00,16140.0,16456.527
2017-01-25 10:00:00,15745.0,15930.145
2017-01-25 11:00:00,15389.0,15443.185
2017-01-25 12:00:00,15018.0,15229.952
2017-01-25 13:00:00,14756.0,14827.012
2017-01-25 14:00:00,14528.0,14458.889
2017-01-25 15:00:00,14265.0,14306.84
2017-01-25 16:00:00,14393.0,14384.896
2017-01-25 17:00:00,14987.0,14940.444
2017-01-25 18:00:00,15505.0,15734.368
2017-01-25 19:00:00,15521.0,15702.15
2017-01-25 20:00:00,15293.0,15568.129
2017-01-25 21:00:00,14779.0,14946.343
2017-01-25 22:00:00,14050.0,14084.912
2017-01-25 23:00:00,13347.0,13279.774
2017-01-26 00:00:00,12866.0,12833.046
2017-01-26 01:00:00,12669.0,12593.095
2017-01-26 02:00:00,12643.0,12657.482
2017-01-26 03:00:00,12680.0,12695.023
2017-01-26 04:00:00,13028.0,13046.4
2017-01-26 05:00:00,13871.0,13918.583
2017-01-26 06:00:00,15357.0,15400.28
2017-01-26 07:00:00,16214.0,16124.835
2017-01-26 08:00:00,16189.0,16134.947
2017-01-26 09:00:00,16283.0,16055.823
2017-01-26 10:00:00,16439.0,16214.29
2017-01-26 11:00:00,16392.0,16373.626
2017-01-26 12:00:00,16423.0,16305.623
2017-01-26 13:00:00,16338.0,16293.405
2017-01-26 14:00:00,16216.0,16163.5625
2017-01-26 15:00:00,16163.0,16084.859
2017-01-26 16:00:00,16368.0,16305.831
2017-01-26 17:00:00,16959.0,16804.543
2017-01-26 18:00:00,17424.0,17459.082
2017-01-26 19:00:00,17358.0,17525.477
2017-01-26 20:00:00,17184.0,17277.541
2017-01-26 21:00:00,16763.0,16876.406
2017-01-26 22:00:00,16036.0,15991.912
2017-01-26 23:00:00,15180.0,15183.116
2017-01-27 00:00:00,14756.0,14637.729
2017-01-27 01:00:00,14550.0,14519.48
2017-01-27 02:00:00,14543.0,14547.944
2017-01-27 03:00:00,14521.0,14637.448
2017-01-27 04:00:00,14834.0,14873.877
2017-01-27 05:00:00,15711.0,15580.468
2017-01-27 06:00:00,16994.0,17057.523
2017-01-27 07:00:00,17814.0,17869.602
2017-01-27 08:00:00,17735.0,17864.361
2017-01-27 09:00:00,17754.0,17483.994
2017-01-27 10:00:00,17738.0,17603.016
2017-01-27 11:00:00,17626.0,17567.127
2017-01-27 12:00:00,17583.0,17454.81
2017-01-27 13:00:00,17587.0,17367.26
2017-01-27 14:00:00,17425.0,17479.664
2017-01-27 15:00:00,17294.0,17235.918
2017-01-27 16:00:00,17356.0,17355.596
2017-01-27 17:00:00,17718.0,17738.797
2017-01-27 18:00:00,17971.0,18112.223
2017-01-27 19:00:00,17730.0,17891.047
2017-01-27 20:00:00,17549.0,17524.006
2017-01-27 21:00:00,17103.0,17251.621
2017-01-27 22:00:00,16449.0,16538.293
2017-01-27 23:00:00,15723.0,15765.348
2017-01-28 00:00:00,15199.0,15139.417
2017-01-28 01:00:00,14916.0,14953.475
2017-01-28 02:00:00,14879.0,14781.591
2017-01-28 03:00:00,14800.0,14955.89
2017-01-28 04:00:00,14847.0,14923.655
2017-01-28 05:00:00,15074.0,15141.6
2017-01-28 06:00:00,15588.0,15470.575
2017-01-28 07:00:00,16153.0,16168.059
2017-01-28 08:00:00,16618.0,16570.06
2017-01-28 09:00:00,16674.0,16867.89
2017-01-28 10:00:00,16603.0,16592.512
2017-01-28 11:00:00,16380.0,16261.137
2017-01-28 12:00:00,16035.0,16109.926
2017-01-28 13:00:00,15651.0,15703.547
2017-01-28 14:00:00,15268.0,15339.636
2017-01-28 15:00:00,15127.0,15007.346
2017-01-28 16:00:00,15305.0,15220.123
2017-01-28 17:00:00,15681.0,15912.184
2017-01-28 18:00:00,16091.0,16270.327
2017-01-28 19:00:00,16003.0,16310.713
2017-01-28 20:00:00,15784.0,16076.235
2017-01-28 21:00:00,15415.0,15462.713
2017-01-28 22:00:00,14832.0,14870.316
2017-01-28 23:00:00,14200.0,14228.384
2017-01-29 00:00:00,13852.0,13690.678
2017-01-29 01:00:00,13654.0,13664.499
2017-01-29 02:00:00,13543.0,13660.913
2017-01-29 03:00:00,13469.0,13523.95
2017-01-29 04:00:00,13552.0,13529.205
2017-01-29 05:00:00,13739.0,13781.717
2017-01-29 06:00:00,14172.0,14061.534
2017-01-29 07:00:00,14639.0,14801.582
2017-01-29 08:00:00,15069.0,15177.086
2017-01-29 09:00:00,15477.0,15290.334
2017-01-29 10:00:00,15408.0,15437.995
2017-01-29 11:00:00,15329.0,15176.245
2017-01-29 12:00:00,15282.0,15215.215
2017-01-29 13:00:00,15214.0,15106.956
2017-01-29 14:00:00,15149.0,15091.637
2017-01-29 15:00:00,15344.0,15080.466
2017-01-29 16:00:00,15634.0,15700.384
2017-01-29 17:00:00,16335.0,16138.864
2017-01-29 18:00:00,16952.0,16833.072
2017-01-29 19:00:00,16964.0,17047.76
2017-01-29 20:00:00,16773.0,16910.385
2017-01-29 21:00:00,16455.0,16419.0
2017-01-29 22:00:00,15868.0,15992.313
2017-01-29 23:00:00,15270.0,15392.246
2017-01-30 00:00:00,15153.0,14910.411
2017-01-30 01:00:00,15054.0,14983.69
2017-01-30 02:00:00,15012.0,15126.529
2017-01-30 03:00:00,15239.0,15113.608
2017-01-30 04:00:00,15561.0,15687.357
2017-01-30 05:00:00,16575.0,16381.323
2017-01-30 06:00:00,17830.0,17958.217
2017-01-30 07:00:00,18695.0,18750.316
2017-01-30 08:00:00,18678.0,18753.455
2017-01-30 09:00:00,18460.0,18471.096
2017-01-30 10:00:00,18337.0,18261.555
2017-01-30 11:00:00,18020.0,18021.357
2017-01-30 12:00:00,17737.0,17684.836
2017-01-30 13:00:00,17505.0,17453.012
2017-01-30 14:00:00,17083.0,17203.738
2017-01-30 15:00:00,16928.0,16795.342
2017-01-30 16:00:00,17104.0,17062.625
2017-01-30 17:00:00,17632.0,17625.6
2017-01-30 18:00:00,18482.0,18347.387
2017-01-30 19:00:00,18464.0,18701.354
2017-01-30 20:00:00,18281.0,18414.787
2017-01-30 21:00:00,17871.0,17908.445
2017-01-30 22:00:00,17181.0,17185.783
2017-01-30 23:00:00,16466.0,16369.379
2017-01-31 00:00:00,16241.0,15965.054
2017-01-31 01:00:00,15701.0,16040.375
2017-01-31 02:00:00,15573.0,15647.42
2017-01-31 03:00:00,15492.0,15582.342
2017-01-31 04:00:00,15708.0,15645.758
2017-01-31 05:00:00,16360.0,16314.863
2017-01-31 06:00:00,17613.0,17604.227
2017-01-31 07:00:00,18221.0,18597.043
2017-01-31 08:00:00,17859.0,18352.648
2017-01-31 09:00:00,17414.0,17511.148
2017-01-31 10:00:00,17058.0,17059.455
2017-01-31 11:00:00,16634.0,16544.662
2017-01-31 12:00:00,16454.0,16228.181
2017-01-31 13:00:00,16229.0,16153.843
2017-01-31 14:00:00,15995.0,15905.203
2017-01-31 15:00:00,15797.0,15717.192
2017-01-31 16:00:00,15859.0,15840.417
2017-01-31 17:00:00,16215.0,16378.309
2017-01-31 18:00:00,16728.0,16939.291
2017-01-31 19:00:00,16678.0,17020.094
2017-01-31 20:00:00,16464.0,16714.951
2017-01-31 21:00:00,15883.0,16077.814
2017-01-31 22:00:00,15062.0,15103.623
2017-01-31 23:00:00,14377.0,14223.826
2017-02-01 00:00:00,13969.0,13875.104
2017-02-01 01:00:00,13792.0,13735.013
2017-02-01 02:00:00,13631.0,13681.873
2017-02-01 03:00:00,13680.0,13668.548
2017-02-01 04:00:00,14047.0,13885.163
2017-02-01 05:00:00,14937.0,14802.949
2017-02-01 06:00:00,16179.0,16460.516
2017-02-01 07:00:00,16873.0,16944.197
2017-02-01 08:00:00,16678.0,16812.709
2017-02-01 09:00:00,16483.0,16474.152
2017-02-01 10:00:00,16218.0,16316.712
2017-02-01 11:00:00,15911.0,15916.887
2017-02-01 12:00:00,15783.0,15657.005
2017-02-01 13:00:00,15535.0,15590.317
2017-02-01 14:00:00,15400.0,15279.091
2017-02-01 15:00:00,15269.0,15194.695
2017-02-01 16:00:00,15361.0,15285.6045
2017-02-01 17:00:00,15840.0,15656.916
2017-02-01 18:00:00,16464.0,16439.06
2017-02-01 19:00:00,16486.0,16609.924
2017-02-01 20:00:00,16408.0,16402.83
2017-02-01 21:00:00,16074.0,16044.085
2017-02-01 22:00:00,15298.0,15389.896
2017-02-01 23:00:00,14657.0,14504.086
2017-02-02 00:00:00,14175.0,14073.684
2017-02-02 01:00:00,13940.0,13924.209
2017-02-02 02:00:00,13857.0,13843.602
2017-02-02 03:00:00,13998.0,13884.609
2017-02-02 04:00:00,14474.0,14345.464
2017-02-02 05:00:00,15411.0,15434.853
2017-02-02 06:00:00,17023.0,16907.084
2017-02-02 07:00:00,17863.0,17715.785
2017-02-02 08:00:00,17681.0,17792.254
2017-02-02 09:00:00,17541.0,17458.236
2017-02-02 10:00:00,17333.0,17401.127
2017-02-02 11:00:00,16794.0,17089.395
2017-02-02 12:00:00,16477.0,16579.19
2017-02-02 13:00:00,16160.0,16227.003
2017-02-02 14:00:00,15813.0,15895.909
2017-02-02 15:00:00,15682.0,15483.248
2017-02-02 16:00:00,15784.0,15673.317
2017-02-02 17:00:00,16362.0,16268.424
2017-02-02 18:00:00,17326.0,17062.229
2017-02-02 19:00:00,17498.0,17632.186
2017-02-02 20:00:00,17405.0,17470.578
2017-02-02 21:00:00,17187.0,17045.164
2017-02-02 22:00:00,16550.0,16465.45
2017-02-02 23:00:00,15918.0,15776.775
2017-02-03 00:00:00,15554.0,15352.194
2017-02-03 01:00:00,15362.0,15319.78
2017-02-03 02:00:00,15267.0,15305.56
2017-02-03 03:00:00,15266.0,15316.043
2017-02-03 04:00:00,15649.0,15481.744
2017-02-03 05:00:00,16381.0,16474.121
2017-02-03 06:00:00,17810.0,17800.154
2017-02-03 07:00:00,18558.0,18583.445
2017-02-03 08:00:00,18357.0,18485.504
2017-02-03 09:00:00,18133.0,18083.346
2017-02-03 10:00:00,18074.0,17906.793
2017-02-03 11:00:00,17923.0,17810.664
2017-02-03 12:00:00,17812.0,17698.11
2017-02-03 13:00:00,17628.0,17559.695
2017-02-03 14:00:00,17373.0,17395.348
2017-02-03 15:00:00,17205.0,17124.643
2017-02-03 16:00:00,17240.0,17327.15
2017-02-03 17:00:00,17553.0,17560.42
2017-02-03 18:00:00,18225.0,18162.318
2017-02-03 19:00:00,18220.0,18316.91
2017-02-03 20:00:00,18169.0,18092.117
2017-02-03 21:00:00,17962.0,17843.04
2017-02-03 22:00:00,17375.0,17343.334
2017-02-03 23:00:00,16862.0,16691.363
2017-02-04 00:00:00,16503.0,16394.139
2017-02-04 01:00:00,16416.0,16277.22
2017-02-04 02:00:00,16424.0,16384.564
2017-02-04 03:00:00,16483.0,16566.496
2017-02-04 04:00:00,16842.0,16690.314
2017-02-04 05:00:00,17271.0,17367.78
2017-02-04 06:00:00,17901.0,17908.06
2017-02-04 07:00:00,18589.0,18510.867
2017-02-04 08:00:00,18636.0,18792.611
2017-02-04 09:00:00,18188.0,18520.713
2017-02-04 10:00:00,17593.0,17734.39
2017-02-04 11:00:00,16802.0,17038.164
2017-02-04 12:00:00,16208.0,16275.841
2017-02-04 13:00:00,15799.0,15764.918
2017-02-04 14:00:00,15412.0,15368.7705
2017-02-04 15:00:00,15203.0,15232.565
2017-02-04 16:00:00,15188.0,15304.327
2017-02-04 17:00:00,15785.0,15661.975
2017-02-04 18:00:00,16656.0,16682.807
2017-02-04 19:00:00,16715.0,17050.648
2017-02-04 20:00:00,16643.0,16799.408
2017-02-04 21:00:00,16419.0,16366.231
2017-02-04 22:00:00,15924.0,15974.616
2017-02-04 23:00:00,15328.0,15335.24
2017-02-05 00:00:00,14730.0,14866.012
2017-02-05 01:00:00,14411.0,14451.492
2017-02-05 02:00:00,14176.0,14226.646
2017-02-05 03:00:00,14064.0,14092.411
2017-02-05 04:00:00,14088.0,14135.188
2017-02-05 05:00:00,14128.0,14357.994
2017-02-05 06:00:00,14359.0,14462.707
2017-02-05 07:00:00,14813.0,14828.8
2017-02-05 08:00:00,15159.0,15316.362
2017-02-05 09:00:00,15229.0,15383.292
2017-02-05 10:00:00,14949.0,15183.994
2017-02-05 11:00:00,14664.0,14703.587
2017-02-05 12:00:00,14393.0,14474.174
2017-02-05 13:00:00,14008.0,14130.987
2017-02-05 14:00:00,13687.0,13763.608
2017-02-05 15:00:00,13555.0,13581.662
2017-02-05 16:00:00,13686.0,13740.245
2017-02-05 17:00:00,14196.0,14254.03
2017-02-05 18:00:00,14935.0,15071.96
2017-02-05 19:00:00,14907.0,15283.121
2017-02-05 20:00:00,14930.0,14954.838
2017-02-05 21:00:00,14849.0,14548.121
2017-02-05 22:00:00,14613.0,14350.185
2017-02-05 23:00:00,14393.0,14145.372
2017-02-06 00:00:00,13908.0,14170.982
2017-02-06 01:00:00,13895.0,13763.175
2017-02-06 02:00:00,14003.0,13954.928
2017-02-06 03:00:00,14295.0,14282.771
2017-02-06 04:00:00,14637.0,14850.99
2017-02-06 05:00:00,15572.0,15574.445
2017-02-06 06:00:00,17163.0,17161.545
2017-02-06 07:00:00,17964.0,17991.684
2017-02-06 08:00:00,17540.0,17829.262
2017-02-06 09:00:00,16944.0,17273.477
2017-02-06 10:00:00,16289.0,16637.264
2017-02-06 11:00:00,15583.0,15915.267
2017-02-06 12:00:00,15093.0,15271.866
2017-02-06 13:00:00,14758.0,14883.774
2017-02-06 14:00:00,14358.0,14516.542
2017-02-06 15:00:00,14118.0,14171.651
2017-02-06 16:00:00,14113.0,14205.852
2017-02-06 17:00:00,14485.0,14471.341
2017-02-06 18:00:00,15313.0,15324.821
2017-02-06 19:00:00,15360.0,15928.092
2017-02-06 20:00:00,15156.0,15639.611
2017-02-06 21:00:00,14646.0,14842.052
2017-02-06 22:00:00,13848.0,13914.778
2017-02-06 23:00:00,13110.0,13100.554
2017-02-07 00:00:00,12646.0,12511.837
2017-02-07 01:00:00,12280.0,12354.231
2017-02-07 02:00:00,12223.0,12185.04
2017-02-07 03:00:00,12102.0,12301.755
2017-02-07 04:00:00,12490.0,12307.162
2017-02-07 05:00:00,13227.0,13263.054
2017-02-07 06:00:00,14612.0,14676.382
2017-02-07 07:00:00,15290.0,15433.946
2017-02-07 08:00:00,15183.0,15401.415
2017-02-07 09:00:00,15087.0,15043.723
2017-02-07 10:00:00,14899.0,14935.029
2017-02-07 11:00:00,14779.0,14675.304
2017-02-07 12:00:00,14708.0,14680.914
2017-02-07 13:00:00,14605.0,14680.775
2017-02-07 14:00:00,14384.0,14482.135
2017-02-07 15:00:00,14296.0,14280.901
2017-02-07 16:00:00,14301.0,14322.603
2017-02-07 17:00:00,14580.0,14557.933
2017-02-07 18:00:00,15035.0,15116.429
2017-02-07 19:00:00,15027.0,15404.079
2017-02-07 20:00:00,14764.0,15141.002
2017-02-07 21:00:00,14212.0,14416.982
2017-02-07 22:00:00,13390.0,13555.71
2017-02-07 23:00:00,12592.0,12692.526
2017-02-08 00:00:00,12150.0,12036.43
2017-02-08 01:00:00,11784.0,11798.166
2017-02-08 02:00:00,11736.0,11684.15
2017-02-08 03:00:00,11743.0,11815.4
2017-02-08 04:00:00,11990.0,12028.672
2017-02-08 05:00:00,12920.0,12691.278
2017-02-08 06:00:00,14346.0,14223.026
2017-02-08 07:00:00,15162.0,15035.17
2017-02-08 08:00:00,15018.0,15256.909
2017-02-08 09:00:00,15043.0,15034.824
2017-02-08 10:00:00,15233.0,15162.681
2017-02-08 11:00:00,15028.0,15312.806
2017-02-08 12:00:00,15032.0,14999.209
2017-02-08 13:00:00,15028.0,15030.71
2017-02-08 14:00:00,14913.0,14941.862
2017-02-08 15:00:00,14774.0,14807.224
2017-02-08 16:00:00,14901.0,14834.619
2017-02-08 17:00:00,15368.0,15151.025
2017-02-08 18:00:00,16036.0,15885.726
2017-02-08 19:00:00,16171.0,16207.366
2017-02-08 20:00:00,16157.0,16242.551
2017-02-08 21:00:00,15672.0,15786.665
2017-02-08 22:00:00,15035.0,14919.827
2017-02-08 23:00:00,14322.0,14143.3955
2017-02-09 00:00:00,13717.0,13791.814
2017-02-09 01:00:00,13472.0,13396.754
2017-02-09 02:00:00,13561.0,13393.951
2017-02-09 03:00:00,13666.0,13588.638
2017-02-09 04:00:00,14227.0,14043.476
2017-02-09 05:00:00,15216.0,15251.337
2017-02-09 06:00:00,16739.0,16681.64
2017-02-09 07:00:00,17681.0,17665.549
2017-02-09 08:00:00,17779.0,17620.836
2017-02-09 09:00:00,17871.0,17620.059
2017-02-09 10:00:00,18050.0,17907.238
2017-02-09 11:00:00,17969.0,18007.064
2017-02-09 12:00:00,17935.0,17829.727
2017-02-09 13:00:00,17932.0,17811.588
2017-02-09 14:00:00,17769.0,17727.94
2017-02-09 15:00:00,17587.0,17602.486
2017-02-09 16:00:00,17611.0,17759.857
2017-02-09 17:00:00,18095.0,17884.947
2017-02-09 18:00:00,19138.0,18675.086
2017-02-09 19:00:00,19291.0,19425.473
2017-02-09 20:00:00,19177.0,19389.766
2017-02-09 21:00:00,18796.0,18888.61
2017-02-09 22:00:00,18100.0,18066.104
2017-02-09 23:00:00,17463.0,17212.518
2017-02-10 00:00:00,17186.0,16971.023
2017-02-10 01:00:00,16990.0,16964.393
2017-02-10 02:00:00,16886.0,16929.611
2017-02-10 03:00:00,16861.0,17029.611
2017-02-10 04:00:00,17069.0,17178.479
2017-02-10 05:00:00,17836.0,17851.098
2017-02-10 06:00:00,19063.0,19247.535
2017-02-10 07:00:00,19692.0,19888.121
2017-02-10 08:00:00,19456.0,19584.047
2017-02-10 09:00:00,19069.0,19077.26
2017-02-10 10:00:00,18792.0,18680.672
2017-02-10 11:00:00,18500.0,18358.125
2017-02-10 12:00:00,18080.0,18164.512
2017-02-10 13:00:00,17614.0,17714.389
2017-02-10 14:00:00,17034.0,17191.172
2017-02-10 15:00:00,16608.0,16703.688
2017-02-10 16:00:00,16364.0,16570.871
2017-02-10 17:00:00,16432.0,16543.521
2017-02-10 18:00:00,17041.0,16839.973
2017-02-10 19:00:00,16895.0,17490.44
2017-02-10 20:00:00,16588.0,17196.176
2017-02-10 21:00:00,16135.0,16365.164
2017-02-10 22:00:00,15473.0,15502.563
2017-02-10 23:00:00,14758.0,14723.392
2017-02-11 00:00:00,14135.0,14165.201
2017-02-11 01:00:00,13790.0,13840.604
2017-02-11 02:00:00,13511.0,13631.478
2017-02-11 03:00:00,13508.0,13413.882
2017-02-11 04:00:00,13507.0,13506.426
2017-02-11 05:00:00,13649.0,13754.03
2017-02-11 06:00:00,13994.0,14090.148
2017-02-11 07:00:00,14351.0,14518.6
2017-02-11 08:00:00,14608.0,14796.427
2017-02-11 09:00:00,14793.0,14939.455
2017-02-11 10:00:00,14690.0,14947.417
2017-02-11 11:00:00,14238.0,14604.685
2017-02-11 12:00:00,13887.0,14023.282
2017-02-11 13:00:00,13336.0,13632.349
2017-02-11 14:00:00,13139.0,13142.104
2017-02-11 15:00:00,12838.0,13064.16
2017-02-11 16:00:00,12815.0,12966.806
2017-02-11 17:00:00,13085.0,13050.514
2017-02-11 18:00:00,13674.0,13604.915
2017-02-11 19:00:00,13454.0,14035.883
2017-02-11 20:00:00,13292.0,13674.297
2017-02-11 21:00:00,12994.0,13205.005
2017-02-11 22:00:00,12483.0,12581.426
2017-02-11 23:00:00,11893.0,12202.476
2017-02-12 00:00:00,11426.0,11489.439
2017-02-12 01:00:00,11219.0,11198.65
2017-02-12 02:00:00,11015.0,11081.165
2017-02-12 03:00:00,10960.0,11092.854
2017-02-12 04:00:00,10912.0,11058.851
2017-02-12 05:00:00,11075.0,11171.838
2017-02-12 06:00:00,11394.0,11424.049
2017-02-12 07:00:00,11849.0,11857.11
2017-02-12 08:00:00,12218.0,12482.671
2017-02-12 09:00:00,12600.0,12670.463
2017-02-12 10:00:00,12697.0,12727.931
2017-02-12 11:00:00,12704.0,12760.789
2017-02-12 12:00:00,12530.0,12764.707
2017-02-12 13:00:00,12528.0,12509.239
2017-02-12 14:00:00,12434.0,12389.597
2017-02-12 15:00:00,12491.0,12350.21
2017-02-12 16:00:00,12699.0,12526.85
2017-02-12 17:00:00,13013.0,12913.454
2017-02-12 18:00:00,13928.0,13437.584
2017-02-12 19:00:00,14365.0,14236.1455
2017-02-12 20:00:00,14314.0,14611.182
2017-02-12 21:00:00,14015.0,13935.746
2017-02-12 22:00:00,13532.0,13353.027
2017-02-12 23:00:00,13189.0,12835.796
2017-02-13 00:00:00,12950.0,12777.639
2017-02-13 01:00:00,12927.0,12620.427
2017-02-13 02:00:00,13048.0,12897.981
2017-02-13 03:00:00,13198.0,13116.963
2017-02-13 04:00:00,13701.0,13585.26
2017-02-13 05:00:00,14808.0,14622.169
2017-02-13 06:00:00,16461.0,16327.669
2017-02-13 07:00:00,17174.0,17297.527
2017-02-13 08:00:00,17018.0,17127.178
2017-02-13 09:00:00,16684.0,16896.457
2017-02-13 10:00:00,16411.0,16463.838
2017-02-13 11:00:00,15953.0,16204.774
2017-02-13 12:00:00,15645.0,15762.453
2017-02-13 13:00:00,15325.0,15559.441
2017-02-13 14:00:00,14802.0,15126.384
2017-02-13 15:00:00,14515.0,14658.732
2017-02-13 16:00:00,14526.0,14518.744
2017-02-13 17:00:00,14853.0,14782.724
2017-02-13 18:00:00,15971.0,15566.788
2017-02-13 19:00:00,16454.0,16476.232
2017-02-13 20:00:00,16514.0,16805.379
2017-02-13 21:00:00,16225.0,16220.551
2017-02-13 22:00:00,15695.0,15607.864
2017-02-13 23:00:00,15120.0,14891.811
2017-02-14 00:00:00,14737.0,14728.37
2017-02-14 01:00:00,14676.0,14593.536
2017-02-14 02:00:00,14491.0,14728.204
2017-02-14 03:00:00,14519.0,14616.732
2017-02-14 04:00:00,14666.0,14810.807
2017-02-14 05:00:00,15500.0,15364.291
2017-02-14 06:00:00,16829.0,16857.85
2017-02-14 07:00:00,17376.0,17570.664
2017-02-14 08:00:00,17099.0,17292.5
2017-02-14 09:00:00,16743.0,16826.527
2017-02-14 10:00:00,16310.0,16415.236
2017-02-14 11:00:00,16030.0,15881.221
2017-02-14 12:00:00,15778.0,15772.223
2017-02-14 13:00:00,15442.0,15534.995
2017-02-14 14:00:00,15081.0,15158.321
2017-02-14 15:00:00,14707.0,14843.684
2017-02-14 16:00:00,14743.0,14621.204
2017-02-14 17:00:00,15065.0,14973.134
2017-02-14 18:00:00,15853.0,15779.615
2017-02-14 19:00:00,15932.0,16357.679
2017-02-14 20:00:00,15921.0,16074.7295
2017-02-14 21:00:00,15442.0,15664.052
2017-02-14 22:00:00,14766.0,14714.182
2017-02-14 23:00:00,14162.0,14044.953
2017-02-15 00:00:00,13715.0,13725.5625
2017-02-15 01:00:00,13490.0,13516.876
2017-02-15 02:00:00,13370.0,13419.06
2017-02-15 03:00:00,13486.0,13436.646
2017-02-15 04:00:00,13778.0,13797.144
2017-02-15 05:00:00,14654.0,14606.054
2017-02-15 06:00:00,16070.0,16181.448
2017-02-15 07:00:00,16652.0,16866.541
2017-02-15 08:00:00,16492.0,16521.125
2017-02-15 09:00:00,16471.0,16239.951
2017-02-15 10:00:00,16471.0,16262.125
2017-02-15 11:00:00,16312.0,16296.377
2017-02-15 12:00:00,16106.0,16161.816
2017-02-15 13:00:00,16006.0,15970.562
2017-02-15 14:00:00,15756.0,15769.351
2017-02-15 15:00:00,15726.0,15529.003
2017-02-15 16:00:00,15813.0,15802.958
2017-02-15 17:00:00,16324.0,16091.823
2017-02-15 18:00:00,17084.0,16835.83
2017-02-15 19:00:00,17182.0,17339.377
2017-02-15 20:00:00,17232.0,17223.867
2017-02-15 21:00:00,16713.0,16926.5
2017-02-15 22:00:00,16053.0,15984.543
2017-02-15 23:00:00,15398.0,15383.3545
2017-02-16 00:00:00,15027.0,14936.172
2017-02-16 01:00:00,14930.0,14855.27
2017-02-16 02:00:00,14855.0,14970.302
2017-02-16 03:00:00,14912.0,15017.288
2017-02-16 04:00:00,15170.0,15149.675
2017-02-16 05:00:00,16083.0,15953.807
2017-02-16 06:00:00,17485.0,17616.309
2017-02-16 07:00:00,18143.0,18370.877
2017-02-16 08:00:00,17893.0,18167.344
2017-02-16 09:00:00,17712.0,17592.383
2017-02-16 10:00:00,17434.0,17469.936
2017-02-16 11:00:00,16981.0,17025.8
2017-02-16 12:00:00,16520.0,16644.445
2017-02-16 13:00:00,16360.0,16224.854
2017-02-16 14:00:00,15841.0,16042.735
2017-02-16 15:00:00,15759.0,15512.784
2017-02-16 16:00:00,15773.0,15710.782
2017-02-16 17:00:00,16104.0,16077.541
2017-02-16 18:00:00,17033.0,16749.57
2017-02-16 19:00:00,17286.0,17385.33
2017-02-16 20:00:00,17233.0,17283.213
2017-02-16 21:00:00,16754.0,16912.59
2017-02-16 22:00:00,16056.0,15987.851
2017-02-16 23:00:00,15263.0,15230.412
2017-02-17 00:00:00,14826.0,14771.29
2017-02-17 01:00:00,14459.0,14592.822
2017-02-17 02:00:00,14309.0,14375.818
2017-02-17 03:00:00,14301.0,14293.809
2017-02-17 04:00:00,14565.0,14548.269
2017-02-17 05:00:00,15302.0,15389.342
2017-02-17 06:00:00,16637.0,16636.475
2017-02-17 07:00:00,17319.0,17367.27
2017-02-17 08:00:00,17059.0,17217.916
2017-02-17 09:00:00,16649.0,16789.76
2017-02-17 10:00:00,16000.0,16282.515
2017-02-17 11:00:00,15219.0,15521.865
2017-02-17 12:00:00,14756.0,14754.302
2017-02-17 13:00:00,14388.0,14428.919
2017-02-17 14:00:00,14080.0,14069.879
2017-02-17 15:00:00,13624.0,13857.209
2017-02-17 16:00:00,13484.0,13641.329
2017-02-17 17:00:00,13541.0,13623.879
2017-02-17 18:00:00,14099.0,13918.202
2017-02-17 19:00:00,14328.0,14570.097
2017-02-17 20:00:00,14112.0,14659.499
2017-02-17 21:00:00,13779.0,14001.066
2017-02-17 22:00:00,13337.0,13383.392
2017-02-17 23:00:00,12723.0,12711.576
2017-02-18 00:00:00,12331.0,12170.809
2017-02-18 01:00:00,12141.0,12047.042
2017-02-18 02:00:00,12143.0,12005.148
2017-02-18 03:00:00,12177.0,12186.908
2017-02-18 04:00:00,12431.0,12352.121
2017-02-18 05:00:00,12774.0,12738.91
2017-02-18 06:00:00,13302.0,13340.014
2017-02-18 07:00:00,13739.0,13854.488
2017-02-18 08:00:00,13992.0,14098.191
2017-02-18 09:00:00,13898.0,14138.68
2017-02-18 10:00:00,13575.0,13753.902
2017-02-18 11:00:00,13228.0,13260.451
2017-02-18 12:00:00,12895.0,12907.599
2017-02-18 13:00:00,12614.0,12615.557
2017-02-18 14:00:00,12296.0,12387.8125
2017-02-18 15:00:00,12230.0,12152.071
2017-02-18 16:00:00,12319.0,12310.887
2017-02-18 17:00:00,12569.0,12560.639
2017-02-18 18:00:00,13081.0,12863.825
2017-02-18 19:00:00,13264.0,13337.096
2017-02-18 20:00:00,13036.0,13691.22
2017-02-18 21:00:00,12744.0,12965.115
2017-02-18 22:00:00,12275.0,12171.72
2017-02-18 23:00:00,11695.0,11817.541
2017-02-19 00:00:00,11309.0,11207.771
2017-02-19 01:00:00,11124.0,10967.709
2017-02-19 02:00:00,11082.0,11044.519
2017-02-19 03:00:00,11044.0,11048.683
2017-02-19 04:00:00,11089.0,11166.709
2017-02-19 05:00:00,11309.0,11290.017
2017-02-19 06:00:00,11710.0,11634.516
2017-02-19 07:00:00,12135.0,12303.352
2017-02-19 08:00:00,12507.0,12551.481
2017-02-19 09:00:00,12802.0,12809.915
2017-02-19 10:00:00,12857.0,12708.84
2017-02-19 11:00:00,12649.0,12750.396
2017-02-19 12:00:00,12463.0,12594.178
2017-02-19 13:00:00,12219.0,12350.532
2017-02-19 14:00:00,11985.0,12098.699
2017-02-19 15:00:00,11957.0,11870.629
2017-02-19 16:00:00,11961.0,12012.728
2017-02-19 17:00:00,12297.0,12043.337
2017-02-19 18:00:00,13170.0,12459.182
2017-02-19 19:00:00,13538.0,13579.362
2017-02-19 20:00:00,13542.0,14122.892
2017-02-19 21:00:00,13293.0,13337.285
2017-02-19 22:00:00,12812.0,12773.24
2017-02-19 23:00:00,12480.0,12166.689
2017-02-20 00:00:00,12319.0,12106.492
2017-02-20 01:00:00,12212.0,12173.676
2017-02-20 02:00:00,12265.0,12191.764
2017-02-20 03:00:00,12522.0,12343.132
2017-02-20 04:00:00,12854.0,13068.239
2017-02-20 05:00:00,13701.0,13912.969
2017-02-20 06:00:00,14895.0,15154.546
2017-02-20 07:00:00,15542.0,15797.998
2017-02-20 08:00:00,15720.0,15737.554
2017-02-20 09:00:00,15479.0,15792.616
2017-02-20 10:00:00,15210.0,15520.78
2017-02-20 11:00:00,14917.0,15052.365
2017-02-20 12:00:00,14515.0,14784.297
2017-02-20 13:00:00,14240.0,14403.818
2017-02-20 14:00:00,13943.0,14012.359
2017-02-20 15:00:00,13774.0,13767.618
2017-02-20 16:00:00,13575.0,13819.383
2017-02-20 17:00:00,13762.0,13796.98
2017-02-20 18:00:00,14623.0,14121.014
2017-02-20 19:00:00,14864.0,15177.139
2017-02-20 20:00:00,14687.0,15428.8125
2017-02-20 21:00:00,14176.0,14462.306
2017-02-20 22:00:00,13348.0,13541.39
2017-02-20 23:00:00,12715.0,12645.505
2017-02-21 00:00:00,12277.0,12197.982
2017-02-21 01:00:00,12015.0,12031.007
2017-02-21 02:00:00,11848.0,11966.591
2017-02-21 03:00:00,11973.0,11944.356
2017-02-21 04:00:00,12351.0,12270.692
2017-02-21 05:00:00,13178.0,13237.1
2017-02-21 06:00:00,14610.0,14630.903
2017-02-21 07:00:00,15148.0,15411.059
2017-02-21 08:00:00,15164.0,15240.758
2017-02-21 09:00:00,14921.0,15067.087
2017-02-21 10:00:00,14750.0,14892.787
2017-02-21 11:00:00,14399.0,14617.231
2017-02-21 12:00:00,14199.0,14303.683
2017-02-21 13:00:00,14152.0,14127.838
2017-02-21 14:00:00,13830.0,14064.206
2017-02-21 15:00:00,13729.0,13675.294
2017-02-21 16:00:00,13695.0,13801.943
2017-02-21 17:00:00,13878.0,13958.367
2017-02-21 18:00:00,14443.0,14207.955
2017-02-21 19:00:00,14624.0,14797.989
2017-02-21 20:00:00,14437.0,14994.137
2017-02-21 21:00:00,13875.0,14170.1
2017-02-21 22:00:00,13138.0,13197.007
2017-02-21 23:00:00,12363.0,12380.872
2017-02-22 00:00:00,11881.0,11799.403
2017-02-22 01:00:00,11659.0,11558.865
2017-02-22 02:00:00,11491.0,11550.714
2017-02-22 03:00:00,11554.0,11463.775
2017-02-22 04:00:00,11811.0,11802.425
2017-02-22 05:00:00,12545.0,12535.681
2017-02-22 06:00:00,13905.0,14013.671
2017-02-22 07:00:00,14568.0,14588.581
2017-02-22 08:00:00,14603.0,14822.584
2017-02-22 09:00:00,14607.0,14659.724
2017-02-22 10:00:00,14593.0,14762.786
2017-02-22 11:00:00,14464.0,14581.6455
2017-02-22 12:00:00,14302.0,14401.7705
2017-02-22 13:00:00,14177.0,14225.54
2017-02-22 14:00:00,14120.0,14099.251
2017-02-22 15:00:00,14004.0,14023.833
2017-02-22 16:00:00,13941.0,14028.062
2017-02-22 17:00:00,14038.0,14019.497
2017-02-22 18:00:00,14670.0,14291.498
2017-02-22 19:00:00,14820.0,14961.461
2017-02-22 20:00:00,14587.0,15110.801
2017-02-22 21:00:00,14022.0,14324.268
2017-02-22 22:00:00,13261.0,13272.119
2017-02-22 23:00:00,12532.0,12541.3545
2017-02-23 00:00:00,12023.0,11940.018
2017-02-23 01:00:00,11739.0,11639.985
2017-02-23 02:00:00,11602.0,11616.295
2017-02-23 03:00:00,11657.0,11605.433
2017-02-23 04:00:00,11850.0,11925.784
2017-02-23 05:00:00,12636.0,12659.858
2017-02-23 06:00:00,13946.0,14109.458
2017-02-23 07:00:00,14531.0,14728.637
2017-02-23 08:00:00,14498.0,14762.456
2017-02-23 09:00:00,14449.0,14560.919
2017-02-23 10:00:00,14431.0,14572.447
2017-02-23 11:00:00,14272.0,14373.672
2017-02-23 12:00:00,14122.0,14196.278
2017-02-23 13:00:00,13954.0,14023.126
2017-02-23 14:00:00,13815.0,13825.889
2017-02-23 15:00:00,13656.0,13707.117
2017-02-23 16:00:00,13676.0,13666.845
2017-02-23 17:00:00,13728.0,13811.237
2017-02-23 18:00:00,14340.0,13922.863
2017-02-23 19:00:00,14458.0,14594.24
2017-02-23 20:00:00,14154.0,14764.28
2017-02-23 21:00:00,13423.0,13949.109
2017-02-23 22:00:00,13004.0,12683.673
2017-02-23 23:00:00,12120.0,12277.173
2017-02-24 00:00:00,11685.0,11657.776
2017-02-24 01:00:00,11396.0,11358.857
2017-02-24 02:00:00,11284.0,11270.075
2017-02-24 03:00:00,11290.0,11316.89
2017-02-24 04:00:00,11662.0,11582.523
2017-02-24 05:00:00,12379.0,12506.373
2017-02-24 06:00:00,13709.0,13711.288
2017-02-24 07:00:00,14301.0,14337.453
2017-02-24 08:00:00,14180.0,14420.342
2017-02-24 09:00:00,14134.0,14282.259
2017-02-24 10:00:00,14106.0,14183.968
2017-02-24 11:00:00,14017.0,14024.492
2017-02-24 12:00:00,14035.0,13880.421
2017-02-24 13:00:00,13771.0,14002.313
2017-02-24 14:00:00,13761.0,13558.575
2017-02-24 15:00:00,13618.0,13586.466
2017-02-24 16:00:00,13459.0,13618.754
2017-02-24 17:00:00,13350.0,13515.679
2017-02-24 18:00:00,13729.0,13372.674
2017-02-24 19:00:00,13798.0,13892.759
2017-02-24 20:00:00,13531.0,14148.887
2017-02-24 21:00:00,13023.0,13422.977
2017-02-24 22:00:00,12341.0,12396.917
2017-02-24 23:00:00,11577.0,11857.16
2017-02-25 00:00:00,11068.0,11113.073
2017-02-25 01:00:00,10702.0,10696.88
2017-02-25 02:00:00,10533.0,10507.721
2017-02-25 03:00:00,10463.0,10515.222
2017-02-25 04:00:00,10725.0,10380.074
2017-02-25 05:00:00,10963.0,10831.915
2017-02-25 06:00:00,11411.0,11334.314
2017-02-25 07:00:00,11976.0,11820.068
2017-02-25 08:00:00,12640.0,12416.193
2017-02-25 09:00:00,13251.0,12915.163
2017-02-25 10:00:00,13481.0,13429.947
2017-02-25 11:00:00,13659.0,13503.667
2017-02-25 12:00:00,13557.0,13569.365
2017-02-25 13:00:00,13563.0,13393.548
2017-02-25 14:00:00,13514.0,13355.194
2017-02-25 15:00:00,13530.0,13446.666
2017-02-25 16:00:00,13730.0,13596.819
2017-02-25 17:00:00,14101.0,13839.63
2017-02-25 18:00:00,14740.0,14351.2705
2017-02-25 19:00:00,15007.0,14795.082
2017-02-25 20:00:00,14851.0,15248.005
2017-02-25 21:00:00,14600.0,14642.279
2017-02-25 22:00:00,14213.0,14021.021
2017-02-25 23:00:00,13709.0,13354.277
2017-02-26 00:00:00,13296.0,13043.736
2017-02-26 01:00:00,13093.0,12788.126
2017-02-26 02:00:00,13063.0,12937.508
2017-02-26 03:00:00,13122.0,12965.727
2017-02-26 04:00:00,13297.0,13185.083
2017-02-26 05:00:00,13566.0,13607.336
2017-02-26 06:00:00,14010.0,13958.627
2017-02-26 07:00:00,14641.0,14515.33
2017-02-26 08:00:00,14919.0,15028.618
2017-02-26 09:00:00,14669.0,15039.519
2017-02-26 10:00:00,14286.0,14522.712
2017-02-26 11:00:00,14058.0,14009.83
2017-02-26 12:00:00,13646.0,13847.004
2017-02-26 13:00:00,13310.0,13382.142
2017-02-26 14:00:00,12961.0,13009.695
2017-02-26 15:00:00,12760.0,12872.583
2017-02-26 16:00:00,12886.0,12947.737
2017-02-26 17:00:00,13274.0,13182.345
2017-02-26 18:00:00,14238.0,13655.176
2017-02-26 19:00:00,15070.0,14556.714
2017-02-26 20:00:00,15121.0,15372.48
2017-02-26 21:00:00,14788.0,14907.579
2017-02-26 22:00:00,14176.0,14197.094
2017-02-26 23:00:00,13878.0,13579.702
2017-02-27 00:00:00,13489.0,13482.188
2017-02-27 01:00:00,13348.0,13296.954
2017-02-27 02:00:00,13353.0,13406.293
2017-02-27 03:00:00,13520.0,13398.844
2017-02-27 04:00:00,13863.0,13996.083
2017-02-27 05:00:00,14614.0,14699.0
2017-02-27 06:00:00,16139.0,15972.984
2017-02-27 07:00:00,16615.0,16954.799
2017-02-27 08:00:00,16531.0,16560.227
2017-02-27 09:00:00,16280.0,16307.661
2017-02-27 10:00:00,16073.0,16107.416
2017-02-27 11:00:00,15722.0,15782.796
2017-02-27 12:00:00,15482.0,15557.727
2017-02-27 13:00:00,15324.0,15321.778
2017-02-27 14:00:00,15136.0,15122.293
2017-02-27 15:00:00,14875.0,14992.285
2017-02-27 16:00:00,14956.0,14956.153
2017-02-27 17:00:00,15149.0,15178.963
2017-02-27 18:00:00,15622.0,15550.496
2017-02-27 19:00:00,15877.0,15970.667
2017-02-27 20:00:00,15622.0,16130.435
2017-02-27 21:00:00,15096.0,15300.656
2017-02-27 22:00:00,14424.0,14318.776
2017-02-27 23:00:00,13756.0,13609.928
2017-02-28 00:00:00,13368.0,13325.599
2017-02-28 01:00:00,13056.0,13156.841
2017-02-28 02:00:00,13099.0,13080.904
2017-02-28 03:00:00,13203.0,13169.017
2017-02-28 04:00:00,13585.0,13555.632
2017-02-28 05:00:00,14514.0,14499.01
2017-02-28 06:00:00,15893.0,16034.291
2017-02-28 07:00:00,16359.0,16622.89
2017-02-28 08:00:00,15945.0,16229.705
2017-02-28 09:00:00,15702.0,15654.796
2017-02-28 10:00:00,15590.0,15479.738
2017-02-28 11:00:00,15234.0,15389.888
2017-02-28 12:00:00,15188.0,15035.468
2017-02-28 13:00:00,14871.0,15038.766
2017-02-28 14:00:00,14709.0,14646.274
2017-02-28 15:00:00,14657.0,14503.461
2017-02-28 16:00:00,14663.0,14685.39
2017-02-28 17:00:00,14708.0,14904.159
2017-02-28 18:00:00,15316.0,15062.441
2017-02-28 19:00:00,15218.0,15650.541
2017-02-28 20:00:00,14883.0,15445.254
2017-02-28 21:00:00,14261.0,14647.206
2017-02-28 22:00:00,13451.0,13676.077
2017-02-28 23:00:00,12690.0,12723.529
2017-03-01 00:00:00,12138.0,12057.298
2017-03-01 01:00:00,11759.0,11865.695
2017-03-01 02:00:00,11646.0,11640.516
2017-03-01 03:00:00,11552.0,11734.795
2017-03-01 04:00:00,11775.0,11831.365
2017-03-01 05:00:00,12421.0,12539.72
2017-03-01 06:00:00,13702.0,13716.086
2017-03-01 07:00:00,14251.0,14462.33
2017-03-01 08:00:00,14089.0,14417.307
2017-03-01 09:00:00,14059.0,14250.232
2017-03-01 10:00:00,13992.0,14166.936
2017-03-01 11:00:00,13772.0,13942.306
2017-03-01 12:00:00,13785.0,13578.234
2017-03-01 13:00:00,13857.0,13736.49
2017-03-01 14:00:00,13761.0,13810.422
2017-03-01 15:00:00,13657.0,13665.209
2017-03-01 16:00:00,13873.0,13629.606
2017-03-01 17:00:00,14097.0,13907.37
2017-03-01 18:00:00,14556.0,14211.421
2017-03-01 19:00:00,14957.0,14678.221
2017-03-01 20:00:00,14856.0,15208.084
2017-03-01 21:00:00,14399.0,14480.537
2017-03-01 22:00:00,13858.0,13610.917
2017-03-01 23:00:00,13373.0,13003.633
2017-03-02 00:00:00,13094.0,12857.134
2017-03-02 01:00:00,12905.0,12885.41
2017-03-02 02:00:00,12849.0,12873.088
2017-03-02 03:00:00,12923.0,13051.698
2017-03-02 04:00:00,13379.0,13308.433
2017-03-02 05:00:00,14260.0,14294.718
2017-03-02 06:00:00,15715.0,15656.678
2017-03-02 07:00:00,16276.0,16463.834
2017-03-02 08:00:00,16299.0,16152.695
2017-03-02 09:00:00,16079.0,16134.079
2017-03-02 10:00:00,16056.0,15905.835
2017-03-02 11:00:00,15831.0,15865.657
2017-03-02 12:00:00,15615.0,15665.476
2017-03-02 13:00:00,15492.0,15468.494
2017-03-02 14:00:00,15309.0,15338.444
2017-03-02 15:00:00,15102.0,15171.637
2017-03-02 16:00:00,15181.0,15106.087
2017-03-02 17:00:00,15432.0,15282.87
2017-03-02 18:00:00,16226.0,15701.888
2017-03-02 19:00:00,16805.0,16526.61
2017-03-02 20:00:00,16791.0,17054.219
2017-03-02 21:00:00,16288.0,16517.902
2017-03-02 22:00:00,15744.0,15555.417
2017-03-02 23:00:00,14893.0,14974.66
2017-03-03 00:00:00,14503.0,14356.541
2017-03-03 01:00:00,14294.0,14281.931
2017-03-03 02:00:00,14267.0,14274.088
2017-03-03 03:00:00,14214.0,14393.603
2017-03-03 04:00:00,14478.0,14527.982
2017-03-03 05:00:00,15512.0,15093.31
2017-03-03 06:00:00,16884.0,16960.098
2017-03-03 07:00:00,17385.0,17474.49
2017-03-03 08:00:00,17140.0,17315.441
2017-03-03 09:00:00,17113.0,16798.736
2017-03-03 10:00:00,17118.0,16863.361
2017-03-03 11:00:00,16819.0,16911.85
2017-03-03 12:00:00,16371.0,16559.46
2017-03-03 13:00:00,16203.0,16104.14
2017-03-03 14:00:00,16021.0,15881.341
2017-03-03 15:00:00,15614.0,15739.325
2017-03-03 16:00:00,15609.0,15506.559
2017-03-03 17:00:00,15880.0,15655.03
2017-03-03 18:00:00,16495.0,16305.373
2017-03-03 19:00:00,16895.0,16753.777
2017-03-03 20:00:00,16911.0,17103.182
2017-03-03 21:00:00,16666.0,16732.58
2017-03-03 22:00:00,16093.0,16123.35
2017-03-03 23:00:00,15521.0,15474.075
2017-03-04 00:00:00,15129.0,15076.283
2017-03-04 01:00:00,15010.0,14909.362
2017-03-04 02:00:00,14947.0,15019.708
2017-03-04 03:00:00,14998.0,15021.999
2017-03-04 04:00:00,15298.0,15143.217
2017-03-04 05:00:00,15730.0,15766.624
2017-03-04 06:00:00,16306.0,16346.236
2017-03-04 07:00:00,16530.0,16766.96
2017-03-04 08:00:00,16520.0,16578.91
2017-03-04 09:00:00,16375.0,16231.338
2017-03-04 10:00:00,16000.0,15945.6455
2017-03-04 11:00:00,15559.0,15477.291
2017-03-04 12:00:00,14967.0,15089.1875
2017-03-04 13:00:00,14425.0,14538.357
2017-03-04 14:00:00,14104.0,14083.705
2017-03-04 15:00:00,13866.0,13818.647
2017-03-04 16:00:00,13770.0,13764.964
2017-03-04 17:00:00,13988.0,13797.829
2017-03-04 18:00:00,14778.0,14378.8545
2017-03-04 19:00:00,15434.0,15333.416
2017-03-04 20:00:00,15434.0,15763.849
2017-03-04 21:00:00,15393.0,15090.18
2017-03-04 22:00:00,15006.0,14874.326
2017-03-04 23:00:00,14510.0,14441.927
2017-03-05 00:00:00,14258.0,14161.497
2017-03-05 01:00:00,14105.0,14047.824
2017-03-05 02:00:00,14077.0,14055.119
2017-03-05 03:00:00,14153.0,14135.926
2017-03-05 04:00:00,14234.0,14308.46
2017-03-05 05:00:00,14642.0,14535.296
2017-03-05 06:00:00,15031.0,15177.472
2017-03-05 07:00:00,15350.0,15440.641
2017-03-05 08:00:00,15364.0,15464.203
2017-03-05 09:00:00,14858.0,15132.008
2017-03-05 10:00:00,14246.0,14478.144
2017-03-05 11:00:00,13674.0,13824.552
2017-03-05 12:00:00,13295.0,13389.945
2017-03-05 13:00:00,12866.0,12999.259
2017-03-05 14:00:00,12563.0,12623.346
2017-03-05 15:00:00,12309.0,12541.531
2017-03-05 16:00:00,12428.0,12498.855
2017-03-05 17:00:00,12822.0,12701.409
2017-03-05 18:00:00,13636.0,13231.634
2017-03-05 19:00:00,14216.0,14272.917
2017-03-05 20:00:00,14209.0,14657.997
2017-03-05 21:00:00,13895.0,13927.6
2017-03-05 22:00:00,13387.0,13333.136
2017-03-05 23:00:00,12936.0,12825.276
2017-03-06 00:00:00,12774.0,12501.158
2017-03-06 01:00:00,12651.0,12579.374
2017-03-06 02:00:00,12660.0,12683.759
2017-03-06 03:00:00,12698.0,12747.503
2017-03-06 04:00:00,13071.0,13084.711
2017-03-06 05:00:00,13944.0,13931.803
2017-03-06 06:00:00,15359.0,15287.572
2017-03-06 07:00:00,15852.0,16096.365
2017-03-06 08:00:00,15771.0,15859.781
2017-03-06 09:00:00,15719.0,15669.664
2017-03-06 10:00:00,15609.0,15653.266
2017-03-06 11:00:00,15462.0,15460.656
2017-03-06 12:00:00,15283.0,15348.664
2017-03-06 13:00:00,15073.0,15199.0205
2017-03-06 14:00:00,14804.0,14897.634
2017-03-06 15:00:00,14596.0,14603.193
2017-03-06 16:00:00,14623.0,14570.775
2017-03-06 17:00:00,14825.0,14740.068
2017-03-06 18:00:00,15275.0,15191.058
2017-03-06 19:00:00,15426.0,15714.224
2017-03-06 20:00:00,15160.0,15881.111
2017-03-06 21:00:00,14550.0,14797.144
2017-03-06 22:00:00,13820.0,13801.084
2017-03-06 23:00:00,13015.0,12986.073
2017-03-07 00:00:00,12478.0,12462.871
2017-03-07 01:00:00,12180.0,12201.0625
2017-03-07 02:00:00,12078.0,12073.442
2017-03-07 03:00:00,12087.0,12141.48
2017-03-07 04:00:00,12275.0,12351.398
2017-03-07 05:00:00,13098.0,13031.558
2017-03-07 06:00:00,14464.0,14580.121
2017-03-07 07:00:00,14977.0,15302.973
2017-03-07 08:00:00,14936.0,15059.438
2017-03-07 09:00:00,14828.0,14931.772
2017-03-07 10:00:00,14958.0,14839.067
2017-03-07 11:00:00,14821.0,14883.791
2017-03-07 12:00:00,14594.0,14749.03
2017-03-07 13:00:00,14491.0,14511.643
2017-03-07 14:00:00,14379.0,14280.743
2017-03-07 15:00:00,14290.0,14204.268
2017-03-07 16:00:00,14335.0,14244.519
2017-03-07 17:00:00,14525.0,14435.484
2017-03-07 18:00:00,14961.0,14701.973
2017-03-07 19:00:00,15196.0,15211.776
2017-03-07 20:00:00,15053.0,15501.289
2017-03-07 21:00:00,14532.0,14716.521
2017-03-07 22:00:00,13767.0,13736.818
2017-03-07 23:00:00,13112.0,12891.578
2017-03-08 00:00:00,12635.0,12598.11
2017-03-08 01:00:00,12438.0,12382.617
2017-03-08 02:00:00,12395.0,12359.919
2017-03-08 03:00:00,12603.0,12425.493
2017-03-08 04:00:00,13008.0,12981.97
2017-03-08 05:00:00,13873.0,14087.869
2017-03-08 06:00:00,15251.0,15282.756
2017-03-08 07:00:00,15733.0,16038.707
2017-03-08 08:00:00,15319.0,15764.156
2017-03-08 09:00:00,15004.0,15252.378
2017-03-08 10:00:00,14768.0,14874.6455
2017-03-08 11:00:00,14569.0,14579.839
2017-03-08 12:00:00,14348.0,14448.416
2017-03-08 13:00:00,14151.0,14242.057
2017-03-08 14:00:00,13885.0,13986.769
2017-03-08 15:00:00,13636.0,13737.703
2017-03-08 16:00:00,13613.0,13562.66
2017-03-08 17:00:00,13740.0,13690.536
2017-03-08 18:00:00,14395.0,13892.799
2017-03-08 19:00:00,15079.0,14776.112
2017-03-08 20:00:00,15040.0,15435.31
2017-03-08 21:00:00,14642.0,14717.299
2017-03-08 22:00:00,13884.0,13932.191
2017-03-08 23:00:00,13178.0,13066.76
2017-03-09 00:00:00,12737.0,12630.858
2017-03-09 01:00:00,12633.0,12467.02
2017-03-09 02:00:00,12654.0,12638.673
2017-03-09 03:00:00,12864.0,12760.647
2017-03-09 04:00:00,13252.0,13389.893
2017-03-09 05:00:00,14163.0,14307.281
2017-03-09 06:00:00,15617.0,15507.919
2017-03-09 07:00:00,16109.0,16283.763
2017-03-09 08:00:00,15757.0,15962.16
2017-03-09 09:00:00,15193.0,15540.205
2017-03-09 10:00:00,14775.0,15036.392
2017-03-09 11:00:00,14297.0,14505.327
2017-03-09 12:00:00,14103.0,14084.775
2017-03-09 13:00:00,14130.0,13968.4
2017-03-09 14:00:00,13880.0,14035.014
2017-03-09 15:00:00,13595.0,13718.905
2017-03-09 16:00:00,13579.0,13542.75
2017-03-09 17:00:00,13673.0,13658.971
2017-03-09 18:00:00,14319.0,13866.541
2017-03-09 19:00:00,14757.0,14672.142
2017-03-09 20:00:00,14748.0,15112.747
2017-03-09 21:00:00,14315.0,14449.259
2017-03-09 22:00:00,13774.0,13671.73
2017-03-09 23:00:00,13189.0,13066.113
2017-03-10 00:00:00,12736.0,12679.078
2017-03-10 01:00:00,12519.0,12500.558
2017-03-10 02:00:00,12449.0,12482.859
2017-03-10 03:00:00,12548.0,12573.411
2017-03-10 04:00:00,12893.0,12914.667
2017-03-10 05:00:00,13889.0,13742.045
2017-03-10 06:00:00,15130.0,15198.335
2017-03-10 07:00:00,15791.0,15687.76
2017-03-10 08:00:00,15788.0,15689.572
2017-03-10 09:00:00,15897.0,15600.712
2017-03-10 10:00:00,15844.0,15793.34
2017-03-10 11:00:00,15681.0,15647.004
2017-03-10 12:00:00,15642.0,15517.218
2017-03-10 13:00:00,15543.0,15534.656
2017-03-10 14:00:00,15334.0,15375.439
2017-03-10 15:00:00,14985.0,15134.421
2017-03-10 16:00:00,14976.0,14872.754
2017-03-10 17:00:00,15231.0,14934.287
2017-03-10 18:00:00,15860.0,15452.326
2017-03-10 19:00:00,16478.0,16113.505
2017-03-10 20:00:00,16338.0,16636.973
2017-03-10 21:00:00,16131.0,16053.203
2017-03-10 22:00:00,15631.0,15582.705
2017-03-10 23:00:00,15011.0,14890.884
2017-03-11 00:00:00,14650.0,14574.442
2017-03-11 01:00:00,14571.0,14406.095
2017-03-11 02:00:00,14596.0,14567.373
2017-03-11 03:00:00,14676.0,14728.382
2017-03-11 04:00:00,14897.0,14858.149
2017-03-11 05:00:00,15218.0,15409.985
2017-03-11 06:00:00,15816.0,15824.762
2017-03-11 07:00:00,16113.0,16337.128
2017-03-11 08:00:00,16349.0,16291.534
2017-03-11 09:00:00,16286.0,16338.601
2017-03-11 10:00:00,15998.0,15949.374
2017-03-11 11:00:00,15629.0,15577.459
2017-03-11 12:00:00,15192.0,15230.937
2017-03-11 13:00:00,14689.0,14798.487
2017-03-11 14:00:00,14380.0,14284.305
2017-03-11 15:00:00,14130.0,14027.058
2017-03-11 16:00:00,14092.0,14025.203
2017-03-11 17:00:00,14617.0,14112.283
2017-03-11 18:00:00,15266.0,15101.547
2017-03-11 19:00:00,15836.0,15843.678
2017-03-11 20:00:00,15890.0,16085.515
2017-03-11 21:00:00,15656.0,15597.91
2017-03-11 22:00:00,15217.0,15161.872
2017-03-11 23:00:00,14807.0,14628.109
2017-03-12 00:00:00,14485.0,14459.972
2017-03-12 01:00:00,14361.0,14257.595
2017-03-12 02:00:00,14320.0,14344.813
2017-03-12 04:00:00,14428.0,14394.661
2017-03-12 05:00:00,14593.0,14826.674
2017-03-12 06:00:00,14868.0,15051.448
2017-03-12 07:00:00,15444.0,15338.382
2017-03-12 08:00:00,15829.0,15797.51
2017-03-12 09:00:00,15803.0,15803.467
2017-03-12 10:00:00,15304.0,15455.395
2017-03-12 11:00:00,14871.0,14907.002
2017-03-12 12:00:00,14664.0,14553.684
2017-03-12 13:00:00,14245.0,14319.466
2017-03-12 14:00:00,13864.0,13934.706
2017-03-12 15:00:00,13536.0,13655.82
2017-03-12 16:00:00,13507.0,13538.266
2017-03-12 17:00:00,13576.0,13662.619
2017-03-12 18:00:00,13884.0,13902.009
2017-03-12 19:00:00,14931.0,14577.459
2017-03-12 20:00:00,15750.0,15648.795
2017-03-12 21:00:00,15831.0,15485.927
2017-03-12 22:00:00,15396.0,15257.83
2017-03-12 23:00:00,15023.0,14883.522
2017-03-13 00:00:00,14760.0,14714.809
2017-03-13 01:00:00,14711.0,14599.72
2017-03-13 02:00:00,14704.0,14752.534
2017-03-13 03:00:00,14815.0,14887.06
2017-03-13 04:00:00,15216.0,15190.292
2017-03-13 05:00:00,16203.0,15988.702
2017-03-13 06:00:00,17654.0,17694.111
2017-03-13 07:00:00,18578.0,18440.127
2017-03-13 08:00:00,18463.0,18411.865
2017-03-13 09:00:00,18017.0,18192.635
2017-03-13 10:00:00,17576.0,17759.984
2017-03-13 11:00:00,17041.0,17151.465
2017-03-13 12:00:00,16606.0,16704.178
2017-03-13 13:00:00,16275.0,16444.908
2017-03-13 14:00:00,15925.0,16205.849
2017-03-13 15:00:00,15509.0,15690.43
2017-03-13 16:00:00,15576.0,15410.453
2017-03-13 17:00:00,15736.0,15813.736
2017-03-13 18:00:00,16097.0,16245.784
2017-03-13 19:00:00,16689.0,16837.97
2017-03-13 20:00:00,16974.0,17181.83
2017-03-13 21:00:00,16697.0,16793.475
2017-03-13 22:00:00,15928.0,15901.905
2017-03-13 23:00:00,15335.0,15075.627
2017-03-14 00:00:00,14912.0,14890.223
2017-03-14 01:00:00,14724.0,14729.01
2017-03-14 02:00:00,14625.0,14686.759
2017-03-14 03:00:00,14704.0,14731.612
2017-03-14 04:00:00,15025.0,15092.784
2017-03-14 05:00:00,15804.0,15893.08
2017-03-14 06:00:00,16717.0,17187.318
2017-03-14 07:00:00,18014.0,17511.828
2017-03-14 08:00:00,18136.0,17921.322
2017-03-14 09:00:00,18128.0,17857.691
2017-03-14 10:00:00,18153.0,17958.59
2017-03-14 11:00:00,18096.0,17861.295
2017-03-14 12:00:00,17937.0,17884.625
2017-03-14 13:00:00,17852.0,17735.812
2017-03-14 14:00:00,17707.0,17569.992
2017-03-14 15:00:00,17469.0,17480.918
2017-03-14 16:00:00,17486.0,17508.215
2017-03-14 17:00:00,17858.0,17626.264
2017-03-14 18:00:00,18006.0,18320.348
2017-03-14 19:00:00,18637.0,18238.238
2017-03-14 20:00:00,19258.0,18725.613
2017-03-14 21:00:00,18972.0,18987.043
2017-03-14 22:00:00,18213.0,18181.912
2017-03-14 23:00:00,17553.0,17465.928
2017-03-15 00:00:00,17222.0,17083.12
2017-03-15 01:00:00,17129.0,16954.977
2017-03-15 02:00:00,17111.0,17100.916
2017-03-15 03:00:00,17310.0,17258.54
2017-03-15 04:00:00,17690.0,17858.031
2017-03-15 05:00:00,18630.0,18622.98
2017-03-15 06:00:00,19843.0,19923.322
2017-03-15 07:00:00,20694.0,20476.414
2017-03-15 08:00:00,20347.0,20445.518
2017-03-15 09:00:00,19920.0,19708.572
2017-03-15 10:00:00,19645.0,19389.822
2017-03-15 11:00:00,19118.0,19159.316
2017-03-15 12:00:00,18783.0,18756.596
2017-03-15 13:00:00,18398.0,18457.13
2017-03-15 14:00:00,17979.0,18006.088
2017-03-15 15:00:00,17569.0,17569.078
2017-03-15 16:00:00,17445.0,17566.332
2017-03-15 17:00:00,17545.0,17715.059
2017-03-15 18:00:00,17713.0,18087.406
2017-03-15 19:00:00,18332.0,18077.79
2017-03-15 20:00:00,18883.0,18842.824
2017-03-15 21:00:00,18529.0,18712.822
2017-03-15 22:00:00,17792.0,17767.623
2017-03-15 23:00:00,17109.0,16966.842
2017-03-16 00:00:00,16606.0,16666.266
2017-03-16 01:00:00,16435.0,16419.754
2017-03-16 02:00:00,16370.0,16438.93
2017-03-16 03:00:00,16517.0,16482.959
2017-03-16 04:00:00,16935.0,16898.004
2017-03-16 05:00:00,17742.0,17960.072
2017-03-16 06:00:00,19163.0,19137.998
2017-03-16 07:00:00,19899.0,19799.27
2017-03-16 08:00:00,19690.0,19772.182
2017-03-16 09:00:00,19006.0,19239.387
2017-03-16 10:00:00,18366.0,18519.684
2017-03-16 11:00:00,17665.0,17685.965
2017-03-16 12:00:00,17066.0,17202.172
2017-03-16 13:00:00,16709.0,16612.76
2017-03-16 14:00:00,16167.0,16282.884
2017-03-16 15:00:00,15723.0,15823.83
2017-03-16 16:00:00,15476.0,15615.157
2017-03-16 17:00:00,15429.0,15502.153
2017-03-16 18:00:00,15505.0,15703.488
2017-03-16 19:00:00,16268.0,16038.067
2017-03-16 20:00:00,17166.0,16888.217
2017-03-16 21:00:00,17132.0,17010.389
2017-03-16 22:00:00,16660.0,16481.164
2017-03-16 23:00:00,15994.0,15843.823
2017-03-17 00:00:00,15601.0,15375.006
2017-03-17 01:00:00,15466.0,15383.168
2017-03-17 02:00:00,15444.0,15370.935
2017-03-17 03:00:00,15706.0,15478.493
2017-03-17 04:00:00,15996.0,16220.899
2017-03-17 05:00:00,16895.0,16737.812
2017-03-17 06:00:00,18198.0,18280.691
2017-03-17 07:00:00,18926.0,18805.594
2017-03-17 08:00:00,18796.0,18704.082
2017-03-17 09:00:00,18389.0,18465.219
2017-03-17 10:00:00,18050.0,18009.322
2017-03-17 11:00:00,17737.0,17498.582
2017-03-17 12:00:00,17463.0,17392.67
2017-03-17 13:00:00,17290.0,17109.65
2017-03-17 14:00:00,17045.0,16955.988
2017-03-17 15:00:00,16787.0,16809.4
2017-03-17 16:00:00,16662.0,16766.59
2017-03-17 17:00:00,16622.0,16691.24
2017-03-17 18:00:00,16597.0,16791.13
2017-03-17 19:00:00,16731.0,16712.23
2017-03-17 20:00:00,16630.0,16966.885
2017-03-17 21:00:00,16275.0,16484.146
2017-03-17 22:00:00,15442.0,15730.243
2017-03-17 23:00:00,14682.0,14663.063
2017-03-18 00:00:00,14118.0,14082.429
2017-03-18 01:00:00,13721.0,13854.456
2017-03-18 02:00:00,13392.0,13578.269
2017-03-18 03:00:00,13368.0,13287.063
2017-03-18 04:00:00,13304.0,13390.316
2017-03-18 05:00:00,13541.0,13515.346
2017-03-18 06:00:00,13850.0,14043.885
2017-03-18 07:00:00,14394.0,14247.545
2017-03-18 08:00:00,14707.0,14813.2
2017-03-18 09:00:00,14901.0,15058.338
2017-03-18 10:00:00,14776.0,15079.547
2017-03-18 11:00:00,14606.0,14685.43
2017-03-18 12:00:00,14297.0,14481.911
2017-03-18 13:00:00,14032.0,14156.77
2017-03-18 14:00:00,13833.0,13911.446
2017-03-18 15:00:00,13769.0,13731.212
2017-03-18 16:00:00,13756.0,13745.095
2017-03-18 17:00:00,13837.0,13929.747
2017-03-18 18:00:00,13879.0,14095.484
2017-03-18 19:00:00,14294.0,14222.439
2017-03-18 20:00:00,14634.0,14584.43
2017-03-18 21:00:00,14360.0,14368.789
2017-03-18 22:00:00,13839.0,13876.005
2017-03-18 23:00:00,13360.0,13228.814
2017-03-19 00:00:00,12854.0,12896.613
2017-03-19 01:00:00,12566.0,12582.753
2017-03-19 02:00:00,12393.0,12455.702
2017-03-19 03:00:00,12413.0,12390.476
2017-03-19 04:00:00,12577.0,12498.316
2017-03-19 05:00:00,12818.0,12839.051
2017-03-19 06:00:00,13179.0,13179.56
2017-03-19 07:00:00,13675.0,13729.441
2017-03-19 08:00:00,14123.0,14166.699
2017-03-19 09:00:00,14406.0,14453.454
2017-03-19 10:00:00,14322.0,14463.797
2017-03-19 11:00:00,14184.0,14225.973
2017-03-19 12:00:00,14098.0,14118.066
2017-03-19 13:00:00,13883.0,13967.909
2017-03-19 14:00:00,13609.0,13693.162
2017-03-19 15:00:00,13528.0,13411.23
2017-03-19 16:00:00,13470.0,13577.333
2017-03-19 17:00:00,13558.0,13617.566
2017-03-19 18:00:00,13667.0,13768.573
2017-03-19 19:00:00,14168.0,13960.76
2017-03-19 20:00:00,14893.0,14676.393
2017-03-19 21:00:00,14657.0,14581.188
2017-03-19 22:00:00,14263.0,14062.723
2017-03-19 23:00:00,13772.0,13627.464
2017-03-20 00:00:00,13511.0,13388.876
2017-03-20 01:00:00,13453.0,13321.537
2017-03-20 02:00:00,13676.0,13517.96
2017-03-20 03:00:00,13814.0,13864.034
2017-03-20 04:00:00,14394.0,14342.825
2017-03-20 05:00:00,15283.0,15446.066
2017-03-20 06:00:00,16741.0,16817.805
2017-03-20 07:00:00,17649.0,17741.406
2017-03-20 08:00:00,17371.0,17582.85
2017-03-20 09:00:00,16999.0,17125.973
2017-03-20 10:00:00,16632.0,16702.488
2017-03-20 11:00:00,16139.0,16214.898
2017-03-20 12:00:00,15841.0,15888.044
2017-03-20 13:00:00,15641.0,15653.974
2017-03-20 14:00:00,15261.0,15384.868
2017-03-20 15:00:00,14830.0,15032.931
2017-03-20 16:00:00,14713.0,14714.469
2017-03-20 17:00:00,14772.0,14709.454
2017-03-20 18:00:00,14943.0,15078.614
2017-03-20 19:00:00,15322.0,15582.784
2017-03-20 20:00:00,15445.0,16031.306
2017-03-20 21:00:00,15081.0,15221.235
2017-03-20 22:00:00,14164.0,14352.859
2017-03-20 23:00:00,13373.0,13343.894
2017-03-21 00:00:00,12995.0,12771.024
2017-03-21 01:00:00,12634.0,12633.313
2017-03-21 02:00:00,12447.0,12641.985
2017-03-21 03:00:00,12453.0,12544.616
2017-03-21 04:00:00,12732.0,12838.515
2017-03-21 05:00:00,13505.0,13554.062
2017-03-21 06:00:00,14804.0,14919.83
2017-03-21 07:00:00,15496.0,15723.465
2017-03-21 08:00:00,15509.0,15528.513
2017-03-21 09:00:00,15293.0,15403.061
2017-03-21 10:00:00,15154.0,15172.518
2017-03-21 11:00:00,14830.0,14904.166
2017-03-21 12:00:00,14612.0,14568.889
2017-03-21 13:00:00,14496.0,14481.332
2017-03-21 14:00:00,14142.0,14285.947
2017-03-21 15:00:00,13970.0,13851.757
2017-03-21 16:00:00,13752.0,13876.794
2017-03-21 17:00:00,13828.0,13751.259
2017-03-21 18:00:00,13874.0,14069.499
2017-03-21 19:00:00,14248.0,14312.805
2017-03-21 20:00:00,14918.0,14741.99
2017-03-21 21:00:00,14589.0,14647.061
2017-03-21 22:00:00,13949.0,13921.124
2017-03-21 23:00:00,13271.0,13087.458
2017-03-22 00:00:00,12871.0,12813.059
2017-03-22 01:00:00,12702.0,12636.698
2017-03-22 02:00:00,12819.0,12720.117
2017-03-22 03:00:00,12929.0,12877.631
2017-03-22 04:00:00,13328.0,13401.814
2017-03-22 05:00:00,14230.0,14191.17
2017-03-22 06:00:00,15712.0,15568.436
2017-03-22 07:00:00,16538.0,16606.86
2017-03-22 08:00:00,16326.0,16451.225
2017-03-22 09:00:00,16126.0,16134.635
2017-03-22 10:00:00,15950.0,15929.318
2017-03-22 11:00:00,15588.0,15646.767
2017-03-22 12:00:00,15283.0,15411.573
2017-03-22 13:00:00,15035.0,15098.805
2017-03-22 14:00:00,14670.0,14818.011
2017-03-22 15:00:00,14298.0,14423.555
2017-03-22 16:00:00,14088.0,14263.689
2017-03-22 17:00:00,14117.0,14053.338
2017-03-22 18:00:00,14272.0,14308.085
2017-03-22 19:00:00,15125.0,14749.844
2017-03-22 20:00:00,16082.0,15722.585
2017-03-22 21:00:00,15905.0,15798.884
2017-03-22 22:00:00,15293.0,15149.353
2017-03-22 23:00:00,14775.0,14411.219
2017-03-23 00:00:00,14536.0,14391.585
2017-03-23 01:00:00,14441.0,14430.496
2017-03-23 02:00:00,14486.0,14497.589
2017-03-23 03:00:00,14724.0,14670.712
2017-03-23 04:00:00,15027.0,15245.452
2017-03-23 05:00:00,15881.0,15925.239
2017-03-23 06:00:00,17394.0,17321.076
2017-03-23 07:00:00,18287.0,18155.691
2017-03-23 08:00:00,17889.0,18065.586
2017-03-23 09:00:00,17251.0,17493.316
2017-03-23 10:00:00,16737.0,16934.72
2017-03-23 11:00:00,16181.0,16320.309
2017-03-23 12:00:00,15597.0,15890.149
2017-03-23 13:00:00,15258.0,15359.763
2017-03-23 14:00:00,14763.0,14907.022
2017-03-23 15:00:00,14344.0,14440.465
2017-03-23 16:00:00,14060.0,14245.927
2017-03-23 17:00:00,13977.0,14062.7
2017-03-23 18:00:00,14049.0,14077.421
2017-03-23 19:00:00,14381.0,14532.081
2017-03-23 20:00:00,15062.0,15202.006
2017-03-23 21:00:00,14925.0,15213.465
2017-03-23 22:00:00,14258.0,14389.797
2017-03-23 23:00:00,13535.0,13447.488
2017-03-24 00:00:00,13038.0,12970.059
2017-03-24 01:00:00,12804.0,12657.577
2017-03-24 02:00:00,12590.0,12660.01
2017-03-24 03:00:00,12577.0,12568.492
2017-03-24 04:00:00,12956.0,12813.293
2017-03-24 05:00:00,13624.0,13626.062
2017-03-24 06:00:00,14883.0,14947.997
2017-03-24 07:00:00,15546.0,15598.247
2017-03-24 08:00:00,15381.0,15422.881
2017-03-24 09:00:00,15075.0,15182.739
2017-03-24 10:00:00,14865.0,14755.048
2017-03-24 11:00:00,14439.0,14481.602
2017-03-24 12:00:00,14189.0,14129.762
2017-03-24 13:00:00,14004.0,13900.591
2017-03-24 14:00:00,13739.0,13674.175
2017-03-24 15:00:00,13450.0,13517.485
2017-03-24 16:00:00,13254.0,13342.208
2017-03-24 17:00:00,13116.0,13220.307
2017-03-24 18:00:00,12899.0,13139.438
2017-03-24 19:00:00,12964.0,13089.364
2017-03-24 20:00:00,13412.0,13601.871
2017-03-24 21:00:00,12975.0,13492.437
2017-03-24 22:00:00,12325.0,12546.438
2017-03-24 23:00:00,11616.0,12077.131
2017-03-25 00:00:00,11093.0,11152.651
2017-03-25 01:00:00,10636.0,10775.06
2017-03-25 02:00:00,10520.0,10628.546
2017-03-25 03:00:00,10357.0,10633.978
2017-03-25 04:00:00,10367.0,10462.895
2017-03-25 05:00:00,10692.0,10548.652
2017-03-25 06:00:00,11222.0,10970.083
2017-03-25 07:00:00,11736.0,11532.347
2017-03-25 08:00:00,12140.0,12362.143
2017-03-25 09:00:00,12505.0,12548.957
2017-03-25 10:00:00,12681.0,12676.323
2017-03-25 11:00:00,12627.0,12723.185
2017-03-25 12:00:00,12469.0,12620.28
2017-03-25 13:00:00,12345.0,12416.553
2017-03-25 14:00:00,12191.0,12306.301
2017-03-25 15:00:00,12032.0,12129.448
2017-03-25 16:00:00,12064.0,12015.735
2017-03-25 17:00:00,12079.0,12025.892
2017-03-25 18:00:00,12104.0,12032.989
2017-03-25 19:00:00,12186.0,12128.965
2017-03-25 20:00:00,12651.0,12617.468
2017-03-25 21:00:00,12324.0,12770.688
2017-03-25 22:00:00,11734.0,11949.391
2017-03-25 23:00:00,11088.0,11240.448
2017-03-26 00:00:00,10510.0,10545.614
2017-03-26 01:00:00,10169.0,10362.59
2017-03-26 02:00:00,10060.0,10158.123
2017-03-26 03:00:00,9917.0,10151.691
2017-03-26 04:00:00,10065.0,10132.8545
2017-03-26 05:00:00,10252.0,10320.275
2017-03-26 06:00:00,10575.0,10450.8545
2017-03-26 07:00:00,11104.0,11035.843
2017-03-26 08:00:00,11620.0,11714.001
2017-03-26 09:00:00,11970.0,12082.319
2017-03-26 10:00:00,12254.0,12030.063
2017-03-26 11:00:00,12229.0,12312.36
2017-03-26 12:00:00,12287.0,12304.835
2017-03-26 13:00:00,12302.0,12243.167
2017-03-26 14:00:00,12192.0,12206.078
2017-03-26 15:00:00,12158.0,12144.649
2017-03-26 16:00:00,12252.0,12165.733
2017-03-26 17:00:00,12362.0,12275.472
2017-03-26 18:00:00,12340.0,12415.599
2017-03-26 19:00:00,12636.0,12551.674
2017-03-26 20:00:00,13151.0,13266.743
2017-03-26 21:00:00,12850.0,13130.569
2017-03-26 22:00:00,12223.0,12337.887
2017-03-26 23:00:00,11498.0,11537.621
2017-03-27 00:00:00,11091.0,11024.253
2017-03-27 01:00:00,10845.0,10617.994
2017-03-27 02:00:00,10809.0,10650.009
2017-03-27 03:00:00,10851.0,10853.7705
2017-03-27 04:00:00,11127.0,11191.615
2017-03-27 05:00:00,11873.0,11964.207
2017-03-27 06:00:00,13156.0,13303.666
2017-03-27 07:00:00,14086.0,13889.464
2017-03-27 08:00:00,14144.0,14403.22
2017-03-27 09:00:00,14265.0,14366.786
2017-03-27 10:00:00,14283.0,14389.501
2017-03-27 11:00:00,14180.0,14231.739
2017-03-27 12:00:00,14119.0,14215.951
2017-03-27 13:00:00,14054.0,14078.142
2017-03-27 14:00:00,13945.0,13962.343
2017-03-27 15:00:00,13824.0,13826.033
2017-03-27 16:00:00,13744.0,13793.407
2017-03-27 17:00:00,13750.0,13757.876
2017-03-27 18:00:00,13739.0,13877.25
2017-03-27 19:00:00,13979.0,14022.967
2017-03-27 20:00:00,14521.0,14606.839
2017-03-27 21:00:00,14056.0,14368.084
2017-03-27 22:00:00,13169.0,13294.985
2017-03-27 23:00:00,12360.0,12374.738
2017-03-28 00:00:00,11637.0,11724.909
2017-03-28 01:00:00,11449.0,11362.846
2017-03-28 02:00:00,11153.0,11276.101
2017-03-28 03:00:00,11150.0,11184.3
2017-03-28 04:00:00,11404.0,11471.8955
2017-03-28 05:00:00,12067.0,12111.403
2017-03-28 06:00:00,13346.0,13525.329
2017-03-28 07:00:00,14166.0,14161.527
2017-03-28 08:00:00,14231.0,14299.342
2017-03-28 09:00:00,14325.0,14379.97
2017-03-28 10:00:00,14342.0,14485.862
2017-03-28 11:00:00,14351.0,14389.13
2017-03-28 12:00:00,14272.0,14345.727
2017-03-28 13:00:00,14222.0,14254.794
2017-03-28 14:00:00,14037.0,14134.353
2017-03-28 15:00:00,13844.0,13937.056
2017-03-28 16:00:00,13779.0,13716.1045
2017-03-28 17:00:00,13816.0,13746.081
2017-03-28 18:00:00,13741.0,13862.917
2017-03-28 19:00:00,14092.0,13917.659
2017-03-28 20:00:00,14490.0,14662.088
2017-03-28 21:00:00,14141.0,14293.492
2017-03-28 22:00:00,13332.0,13333.094
2017-03-28 23:00:00,12605.0,12513.894
2017-03-29 00:00:00,12023.0,11990.304
2017-03-29 01:00:00,11662.0,11645.827
2017-03-29 02:00:00,11488.0,11495.8545
2017-03-29 03:00:00,11567.0,11421.686
2017-03-29 04:00:00,11864.0,11753.296
2017-03-29 05:00:00,12509.0,12713.039
2017-03-29 06:00:00,13772.0,13970.737
2017-03-29 07:00:00,14474.0,14554.789
2017-03-29 08:00:00,14503.0,14668.115
2017-03-29 09:00:00,14501.0,14595.519
2017-03-29 10:00:00,14443.0,14612.682
2017-03-29 11:00:00,14282.0,14347.948
2017-03-29 12:00:00,14153.0,14157.895
2017-03-29 13:00:00,14056.0,14073.938
2017-03-29 14:00:00,13846.0,13935.077
2017-03-29 15:00:00,13689.0,13707.156
2017-03-29 16:00:00,13590.0,13586.361
2017-03-29 17:00:00,13503.0,13485.487
2017-03-29 18:00:00,13539.0,13510.373
2017-03-29 19:00:00,13718.0,13721.285
2017-03-29 20:00:00,14461.0,14177.712
2017-03-29 21:00:00,14160.0,14294.65
2017-03-29 22:00:00,13288.0,13339.48
2017-03-29 23:00:00,12637.0,12456.775
2017-03-30 00:00:00,12005.0,12059.159
2017-03-30 01:00:00,11700.0,11702.586
2017-03-30 02:00:00,11528.0,11484.918
2017-03-30 03:00:00,11614.0,11519.756
2017-03-30 04:00:00,11898.0,11847.977
2017-03-30 05:00:00,12509.0,12703.802
2017-03-30 06:00:00,13864.0,13915.0625
2017-03-30 07:00:00,14781.0,14522.11
2017-03-30 08:00:00,14745.0,14929.113
2017-03-30 09:00:00,14747.0,14769.653
2017-03-30 10:00:00,14654.0,14781.311
2017-03-30 11:00:00,14576.0,14496.749
2017-03-30 12:00:00,14395.0,14479.4
2017-03-30 13:00:00,14301.0,14283.67
2017-03-30 14:00:00,14233.0,14112.0625
2017-03-30 15:00:00,14014.0,14073.379
2017-03-30 16:00:00,13958.0,13894.1455
2017-03-30 17:00:00,13840.0,13880.883
2017-03-30 18:00:00,13897.0,13818.114
2017-03-30 19:00:00,14170.0,14042.973
2017-03-30 20:00:00,14361.0,14674.604
2017-03-30 21:00:00,14450.0,14187.971
2017-03-30 22:00:00,13350.0,13704.421
2017-03-30 23:00:00,12537.0,12457.843
2017-03-31 00:00:00,11912.0,11863.48
2017-03-31 01:00:00,11545.0,11478.342
2017-03-31 02:00:00,11486.0,11369.316
2017-03-31 03:00:00,11448.0,11433.824
2017-03-31 04:00:00,11708.0,11725.591
2017-03-31 05:00:00,12322.0,12514.4375
2017-03-31 06:00:00,13435.0,13686.3125
2017-03-31 07:00:00,14272.0,14145.757
2017-03-31 08:00:00,14342.0,14391.501
2017-03-31 09:00:00,14458.0,14415.329
2017-03-31 10:00:00,14554.0,14517.176
2017-03-31 11:00:00,14374.0,14443.795
2017-03-31 12:00:00,14330.0,14251.838
2017-03-31 13:00:00,14187.0,14202.028
2017-03-31 14:00:00,14042.0,14032.668
2017-03-31 15:00:00,13788.0,13846.413
2017-03-31 16:00:00,13709.0,13626.334
2017-03-31 17:00:00,13619.0,13513.19
2017-03-31 18:00:00,13718.0,13495.405
2017-03-31 19:00:00,13771.0,13775.69
2017-03-31 20:00:00,14048.0,14097.352
2017-03-31 21:00:00,13645.0,13917.682
2017-03-31 22:00:00,13150.0,12961.719
2017-03-31 23:00:00,12254.0,12377.052
2017-04-01 00:00:00,11918.0,11611.352
2017-04-01 01:00:00,11487.0,11484.894
2017-04-01 02:00:00,11371.0,11335.945
2017-04-01 03:00:00,11241.0,11294.65
2017-04-01 04:00:00,11429.0,11398.495
2017-04-01 05:00:00,11699.0,11804.934
2017-04-01 06:00:00,12211.0,12165.418
2017-04-01 07:00:00,12711.0,12667.381
2017-04-01 08:00:00,13082.0,13144.447
2017-04-01 09:00:00,13543.0,13299.097
2017-04-01 10:00:00,13625.0,13649.718
2017-04-01 11:00:00,13476.0,13425.281
2017-04-01 12:00:00,13300.0,13290.866
2017-04-01 13:00:00,13083.0,13049.093
2017-04-01 14:00:00,12823.0,12905.506
2017-04-01 15:00:00,12694.0,12700.038
2017-04-01 16:00:00,12640.0,12597.068
2017-04-01 17:00:00,12652.0,12587.931
2017-04-01 18:00:00,12608.0,12546.109
2017-04-01 19:00:00,12837.0,12621.897
2017-04-01 20:00:00,13291.0,13357.998
2017-04-01 21:00:00,13066.0,13251.085
2017-04-01 22:00:00,12620.0,12449.043
2017-04-01 23:00:00,12114.0,11831.597
2017-04-02 00:00:00,11675.0,11655.876
2017-04-02 01:00:00,11421.0,11320.351
2017-04-02 02:00:00,11355.0,11293.808
2017-04-02 03:00:00,11387.0,11289.8545
2017-04-02 04:00:00,11480.0,11444.526
2017-04-02 05:00:00,11767.0,11794.715
2017-04-02 06:00:00,12188.0,12208.2295
2017-04-02 07:00:00,12548.0,12607.94
2017-04-02 08:00:00,12886.0,12958.764
2017-04-02 09:00:00,12860.0,13049.83
2017-04-02 10:00:00,12602.0,12638.508
2017-04-02 11:00:00,12340.0,12416.032
2017-04-02 12:00:00,12182.0,12239.231
2017-04-02 13:00:00,11896.0,12045.942
2017-04-02 14:00:00,11726.0,11743.478
2017-04-02 15:00:00,11644.0,11713.997
2017-04-02 16:00:00,11620.0,11807.154
2017-04-02 17:00:00,11716.0,11669.923
2017-04-02 18:00:00,11868.0,11836.378
2017-04-02 19:00:00,12053.0,12073.692
2017-04-02 20:00:00,12821.0,12762.83
2017-04-02 21:00:00,12675.0,12874.378
2017-04-02 22:00:00,12146.0,12222.239
2017-04-02 23:00:00,11663.0,11530.832
2017-04-03 00:00:00,11307.0,11309.76
2017-04-03 01:00:00,11176.0,11058.182
2017-04-03 02:00:00,11134.0,11113.302
2017-04-03 03:00:00,11180.0,11324.752
2017-04-03 04:00:00,11486.0,11585.836
2017-04-03 05:00:00,12233.0,12267.484
2017-04-03 06:00:00,13779.0,13639.291
2017-04-03 07:00:00,14417.0,14482.33
2017-04-03 08:00:00,14413.0,14589.722
2017-04-03 09:00:00,14413.0,14510.604
2017-04-03 10:00:00,14430.0,14500.376
2017-04-03 11:00:00,14470.0,14348.74
2017-04-03 12:00:00,14481.0,14409.19
2017-04-03 13:00:00,14388.0,14417.122
2017-04-03 14:00:00,14145.0,14229.437
2017-04-03 15:00:00,13920.0,13937.7295
2017-04-03 16:00:00,13848.0,13881.5
2017-04-03 17:00:00,14000.0,13826.96
2017-04-03 18:00:00,14086.0,14065.358
2017-04-03 19:00:00,14317.0,14244.767
2017-04-03 20:00:00,14486.0,14817.158
2017-04-03 21:00:00,14094.0,14340.018
2017-04-03 22:00:00,13286.0,13297.517
2017-04-03 23:00:00,12592.0,12449.42
2017-04-04 00:00:00,11785.0,11995.593
2017-04-04 01:00:00,11485.0,11457.857
2017-04-04 02:00:00,11330.0,11309.004
2017-04-04 03:00:00,11312.0,11361.078
2017-04-04 04:00:00,11536.0,11576.82
2017-04-04 05:00:00,12138.0,12313.34
2017-04-04 06:00:00,13382.0,13570.591
2017-04-04 07:00:00,13939.0,14167.702
2017-04-04 08:00:00,14046.0,14122.819
2017-04-04 09:00:00,14127.0,14205.814
2017-04-04 10:00:00,14178.0,14281.545
2017-04-04 11:00:00,14213.0,14225.963
2017-04-04 12:00:00,14146.0,14225.033
2017-04-04 13:00:00,14144.0,14158.008
2017-04-04 14:00:00,13951.0,14031.572
2017-04-04 15:00:00,13890.0,13790.851
2017-04-04 16:00:00,13727.0,13820.833
2017-04-04 17:00:00,13659.0,13659.122
2017-04-04 18:00:00,13563.0,13600.7705
2017-04-04 19:00:00,13695.0,13668.445
2017-04-04 20:00:00,14269.0,14214.521
2017-04-04 21:00:00,14068.0,14150.157
2017-04-04 22:00:00,13231.0,13324.452
2017-04-04 23:00:00,12465.0,12389.384
2017-04-05 00:00:00,11859.0,11891.764
2017-04-05 01:00:00,11515.0,11568.379
2017-04-05 02:00:00,11336.0,11429.393
2017-04-05 03:00:00,11528.0,11386.63
2017-04-05 04:00:00,11832.0,11828.077
2017-04-05 05:00:00,12522.0,12869.739
2017-04-05 06:00:00,13807.0,13954.765
2017-04-05 07:00:00,14480.0,14482.114
2017-04-05 08:00:00,14450.0,14639.505
2017-04-05 09:00:00,14334.0,14485.653
2017-04-05 10:00:00,14270.0,14339.374
2017-04-05 11:00:00,14125.0,14114.958
2017-04-05 12:00:00,13975.0,14029.661
2017-04-05 13:00:00,13984.0,13863.7
2017-04-05 14:00:00,13835.0,13829.853
2017-04-05 15:00:00,13688.0,13694.168
2017-04-05 16:00:00,13712.0,13602.901
2017-04-05 17:00:00,13759.0,13677.734
2017-04-05 18:00:00,13815.0,13728.764
2017-04-05 19:00:00,14022.0,13939.064
2017-04-05 20:00:00,14493.0,14616.656
2017-04-05 21:00:00,14120.0,14388.929
2017-04-05 22:00:00,13312.0,13292.938
2017-04-05 23:00:00,12408.0,12459.373
2017-04-06 00:00:00,11728.0,11807.999
2017-04-06 01:00:00,11380.0,11444.027
2017-04-06 02:00:00,11276.0,11255.031
2017-04-06 03:00:00,11159.0,11273.286
2017-04-06 04:00:00,11420.0,11485.591
2017-04-06 05:00:00,12118.0,12250.603
2017-04-06 06:00:00,13358.0,13512.285
2017-04-06 07:00:00,14073.0,14050.293
2017-04-06 08:00:00,14163.0,14206.223
2017-04-06 09:00:00,14420.0,14298.462
2017-04-06 10:00:00,14659.0,14582.746
2017-04-06 11:00:00,14615.0,14723.221
2017-04-06 12:00:00,14718.0,14601.688
2017-04-06 13:00:00,14780.0,14757.687
2017-04-06 14:00:00,14716.0,14683.201
2017-04-06 15:00:00,14693.0,14621.907
2017-04-06 16:00:00,14715.0,14686.021
2017-04-06 17:00:00,14928.0,14703.272
2017-04-06 18:00:00,15126.0,14955.349
2017-04-06 19:00:00,15411.0,15248.286
2017-04-06 20:00:00,15948.0,15757.183
2017-04-06 21:00:00,15603.0,15658.91
2017-04-06 22:00:00,14980.0,14615.019
2017-04-06 23:00:00,14275.0,13902.333
2017-04-07 00:00:00,13784.0,13620.37
2017-04-07 01:00:00,13525.0,13378.31
2017-04-07 02:00:00,13359.0,13361.832
2017-04-07 03:00:00,13391.0,13378.165
2017-04-07 04:00:00,13690.0,13533.357
2017-04-07 05:00:00,14346.0,14472.82
2017-04-07 06:00:00,15579.0,15524.431
2017-04-07 07:00:00,16278.0,16248.698
2017-04-07 08:00:00,16406.0,16342.151
2017-04-07 09:00:00,16348.0,16293.549
2017-04-07 10:00:00,16310.0,16184.145
2017-04-07 11:00:00,16077.0,16035.435
2017-04-07 12:00:00,15800.0,15827.589
2017-04-07 13:00:00,15476.0,15560.468
2017-04-07 14:00:00,14977.0,15168.041
2017-04-07 15:00:00,14583.0,14690.018
2017-04-07 16:00:00,14209.0,14346.294
2017-04-07 17:00:00,14005.0,14043.211
2017-04-07 18:00:00,13805.0,13759.422
2017-04-07 19:00:00,13982.0,13793.281
2017-04-07 20:00:00,14556.0,14624.446
2017-04-07 21:00:00,14456.0,14760.56
2017-04-07 22:00:00,14021.0,13872.892
2017-04-07 23:00:00,13371.0,13238.201
2017-04-08 00:00:00,12956.0,12790.928
2017-04-08 01:00:00,12806.0,12643.651
2017-04-08 02:00:00,12658.0,12650.638
2017-04-08 03:00:00,12737.0,12672.263
2017-04-08 04:00:00,13010.0,12919.375
2017-04-08 05:00:00,13362.0,13435.619
2017-04-08 06:00:00,13995.0,13913.292
2017-04-08 07:00:00,14380.0,14492.174
2017-04-08 08:00:00,14429.0,14620.396
2017-04-08 09:00:00,14186.0,14385.34
2017-04-08 10:00:00,13782.0,14095.561
2017-04-08 11:00:00,13256.0,13446.458
2017-04-08 12:00:00,12921.0,12926.737
2017-04-08 13:00:00,12578.0,12597.775
2017-04-08 14:00:00,12253.0,12376.844
2017-04-08 15:00:00,12020.0,12123.789
2017-04-08 16:00:00,11940.0,11999.099
2017-04-08 17:00:00,11806.0,11943.255
2017-04-08 18:00:00,11852.0,11942.293
2017-04-08 19:00:00,11936.0,12146.607
2017-04-08 20:00:00,12576.0,12745.224
2017-04-08 21:00:00,12580.0,12942.984
2017-04-08 22:00:00,12157.0,12255.7705
2017-04-08 23:00:00,11736.0,11686.179
2017-04-09 00:00:00,11280.0,11272.168
2017-04-09 01:00:00,11164.0,10928.065
2017-04-09 02:00:00,11173.0,11020.933
2017-04-09 03:00:00,11197.0,11169.756
2017-04-09 04:00:00,11359.0,11315.285
2017-04-09 05:00:00,11725.0,11669.301
2017-04-09 06:00:00,12153.0,12220.214
2017-04-09 07:00:00,12548.0,12528.586
2017-04-09 08:00:00,12844.0,12888.607
2017-04-09 09:00:00,12605.0,12914.835
2017-04-09 10:00:00,12228.0,12344.968
2017-04-09 11:00:00,11916.0,12020.35
2017-04-09 12:00:00,11757.0,11832.213
2017-04-09 13:00:00,11524.0,11610.729
2017-04-09 14:00:00,11537.0,11489.169
2017-04-09 15:00:00,11585.0,11551.357
2017-04-09 16:00:00,11774.0,11722.639
2017-04-09 17:00:00,11919.0,11919.097
2017-04-09 18:00:00,11994.0,11977.967
2017-04-09 19:00:00,12131.0,12118.796
2017-04-09 20:00:00,12803.0,12831.507
2017-04-09 21:00:00,12762.0,12960.717
2017-04-09 22:00:00,12127.0,12353.54
2017-04-09 23:00:00,11495.0,11503.707
2017-04-10 00:00:00,10975.0,11176.228
2017-04-10 01:00:00,10720.0,10716.837
2017-04-10 02:00:00,10653.0,10588.93
2017-04-10 03:00:00,10708.0,10761.803
2017-04-10 04:00:00,11023.0,11116.189
2017-04-10 05:00:00,11772.0,11839.809
2017-04-10 06:00:00,13178.0,13212.6875
2017-04-10 07:00:00,13850.0,13933.347
2017-04-10 08:00:00,13914.0,14101.402
2017-04-10 09:00:00,14042.0,14108.33
2017-04-10 10:00:00,14093.0,14226.0
2017-04-10 11:00:00,14079.0,14134.066
2017-04-10 12:00:00,14182.0,14044.681
2017-04-10 13:00:00,14229.0,14247.113
2017-04-10 14:00:00,14143.0,14206.376
2017-04-10 15:00:00,14046.0,14051.237
2017-04-10 16:00:00,14155.0,14043.391
2017-04-10 17:00:00,14110.0,14225.297
2017-04-10 18:00:00,14118.0,14076.932
2017-04-10 19:00:00,14018.0,14264.89
2017-04-10 20:00:00,14499.0,14518.756
2017-04-10 21:00:00,14125.0,14442.632
2017-04-10 22:00:00,13155.0,13273.186
2017-04-10 23:00:00,12128.0,12312.51
2017-04-11 00:00:00,11449.0,11594.13
2017-04-11 01:00:00,10986.0,11139.632
2017-04-11 02:00:00,10777.0,10912.959
2017-04-11 03:00:00,10794.0,10690.816
2017-04-11 04:00:00,10913.0,10911.036
2017-04-11 05:00:00,11646.0,11544.133
2017-04-11 06:00:00,12851.0,13039.551
2017-04-11 07:00:00,13541.0,13815.627
2017-04-11 08:00:00,13777.0,14079.477
2017-04-11 09:00:00,13921.0,14054.855
2017-04-11 10:00:00,14017.0,14236.378
2017-04-11 11:00:00,14123.0,14030.619
2017-04-11 12:00:00,14242.0,14171.59
2017-04-11 13:00:00,14234.0,14287.251
2017-04-11 14:00:00,14282.0,14178.836
2017-04-11 15:00:00,14190.0,14233.906
2017-04-11 16:00:00,14228.0,14183.27
2017-04-11 17:00:00,14203.0,14213.801
2017-04-11 18:00:00,14117.0,14194.0205
2017-04-11 19:00:00,14047.0,14192.958
2017-04-11 20:00:00,14484.0,14632.641
2017-04-11 21:00:00,14121.0,14479.624
2017-04-11 22:00:00,13230.0,13237.849
2017-04-11 23:00:00,12254.0,12319.431
2017-04-12 00:00:00,11617.0,11625.789
2017-04-12 01:00:00,11143.0,11249.238
2017-04-12 02:00:00,11046.0,11005.188
2017-04-12 03:00:00,10950.0,11033.044
2017-04-12 04:00:00,11110.0,11128.636
2017-04-12 05:00:00,11879.0,11956.119
2017-04-12 06:00:00,13070.0,13333.444
2017-04-12 07:00:00,13577.0,13904.3
2017-04-12 08:00:00,13565.0,14074.157
2017-04-12 09:00:00,13633.0,13919.718
2017-04-12 10:00:00,13722.0,13918.6045
2017-04-12 11:00:00,13799.0,13794.152
2017-04-12 12:00:00,13750.0,13777.823
2017-04-12 13:00:00,13869.0,13697.663
2017-04-12 14:00:00,13857.0,13802.172
2017-04-12 15:00:00,13661.0,13771.152
2017-04-12 16:00:00,13661.0,13587.122
2017-04-12 17:00:00,13623.0,13574.045
2017-04-12 18:00:00,13546.0,13546.679
2017-04-12 19:00:00,13269.0,13598.965
2017-04-12 20:00:00,13895.0,13764.482
2017-04-12 21:00:00,13824.0,13806.553
2017-04-12 22:00:00,12904.0,13123.021
2017-04-12 23:00:00,12021.0,12157.359
2017-04-13 00:00:00,11347.0,11474.571
2017-04-13 01:00:00,11122.0,11044.459
2017-04-13 02:00:00,11017.0,11029.922
2017-04-13 03:00:00,10998.0,11083.764
2017-04-13 04:00:00,11256.0,11377.407
2017-04-13 05:00:00,12014.0,12027.198
2017-04-13 06:00:00,13232.0,13478.524
2017-04-13 07:00:00,13736.0,14029.307
2017-04-13 08:00:00,13844.0,14061.466
2017-04-13 09:00:00,13931.0,14114.01
2017-04-13 10:00:00,13972.0,14116.029
2017-04-13 11:00:00,13859.0,13982.201
2017-04-13 12:00:00,13881.0,13774.958
2017-04-13 13:00:00,13938.0,13790.43
2017-04-13 14:00:00,13748.0,13873.33
2017-04-13 15:00:00,13720.0,13627.02
2017-04-13 16:00:00,13683.0,13704.9375
2017-04-13 17:00:00,13671.0,13691.723
2017-04-13 18:00:00,13530.0,13587.074
2017-04-13 19:00:00,13480.0,13615.017
2017-04-13 20:00:00,13876.0,14017.806
2017-04-13 21:00:00,13494.0,13755.505
2017-04-13 22:00:00,12673.0,12767.566
2017-04-13 23:00:00,11742.0,12013.39
2017-04-14 00:00:00,10991.0,11310.558
2017-04-14 01:00:00,10673.0,10769.942
2017-04-14 02:00:00,10467.0,10574.511
2017-04-14 03:00:00,10450.0,10423.646
2017-04-14 04:00:00,10517.0,10421.314
2017-04-14 05:00:00,11057.0,11041.3
2017-04-14 06:00:00,11866.0,11871.43
2017-04-14 07:00:00,12281.0,12866.558
2017-04-14 08:00:00,12685.0,13126.938
2017-04-14 09:00:00,12898.0,13426.603
2017-04-14 10:00:00,12963.0,13334.214
2017-04-14 11:00:00,12923.0,13152.382
2017-04-14 12:00:00,12931.0,12928.506
2017-04-14 13:00:00,12996.0,12878.843
2017-04-14 14:00:00,13020.0,12892.718
2017-04-14 15:00:00,13014.0,12908.049
2017-04-14 16:00:00,13101.0,12973.068
2017-04-14 17:00:00,13061.0,13091.313
2017-04-14 18:00:00,12844.0,12996.087
2017-04-14 19:00:00,12599.0,12872.046
2017-04-14 20:00:00,12876.0,13145.743
2017-04-14 21:00:00,12694.0,12898.997
2017-04-14 22:00:00,12020.0,12123.047
2017-04-14 23:00:00,11256.0,11787.1455
2017-04-15 00:00:00,10581.0,10730.321
2017-04-15 01:00:00,10214.0,10350.794
2017-04-15 02:00:00,9995.0,10048.116
2017-04-15 03:00:00,9786.0,9965.4795
2017-04-15 04:00:00,9877.0,10082.981
2017-04-15 05:00:00,10021.0,10348.234
2017-04-15 06:00:00,10383.0,10560.249
2017-04-15 07:00:00,10636.0,10767.246
2017-04-15 08:00:00,11357.0,11350.737
2017-04-15 09:00:00,11832.0,11894.97
2017-04-15 10:00:00,12099.0,12041.447
2017-04-15 11:00:00,12299.0,12177.552
2017-04-15 12:00:00,12362.0,12338.347
2017-04-15 13:00:00,12423.0,12387.473
2017-04-15 14:00:00,12519.0,12375.871
2017-04-15 15:00:00,12621.0,12513.29
2017-04-15 16:00:00,12706.0,12600.721
2017-04-15 17:00:00,12785.0,12724.847
2017-04-15 18:00:00,12640.0,12795.145
2017-04-15 19:00:00,12582.0,12709.474
2017-04-15 20:00:00,12915.0,13031.379
2017-04-15 21:00:00,12782.0,12938.838
2017-04-15 22:00:00,12172.0,12150.735
2017-04-15 23:00:00,11391.0,11478.903
2017-04-16 00:00:00,10671.0,10902.085
2017-04-16 01:00:00,10186.0,10354.064
2017-04-16 02:00:00,9926.0,10079.212
2017-04-16 03:00:00,9775.0,9992.215
2017-04-16 04:00:00,9698.0,10057.671
2017-04-16 05:00:00,9838.0,10242.136
2017-04-16 06:00:00,10089.0,10394.932
2017-04-16 07:00:00,10301.0,10468.634
2017-04-16 08:00:00,11158.0,10873.233
2017-04-16 09:00:00,11613.0,11603.8545
2017-04-16 10:00:00,11966.0,11853.803
2017-04-16 11:00:00,12049.0,12067.803
2017-04-16 12:00:00,12221.0,12178.8955
2017-04-16 13:00:00,12199.0,12264.969
2017-04-16 14:00:00,12114.0,12170.636
2017-04-16 15:00:00,12124.0,12133.691
2017-04-16 16:00:00,12108.0,12205.152
2017-04-16 17:00:00,12109.0,12133.339
2017-04-16 18:00:00,12131.0,12107.64
2017-04-16 19:00:00,12266.0,12192.376
2017-04-16 20:00:00,12675.0,12854.966
2017-04-16 21:00:00,12817.0,12868.579
2017-04-16 22:00:00,12182.0,12263.029
2017-04-16 23:00:00,11380.0,11575.308
2017-04-17 00:00:00,10843.0,10989.685
2017-04-17 01:00:00,10605.0,10671.998
2017-04-17 02:00:00,10360.0,10644.536
2017-04-17 03:00:00,10299.0,10464.201
2017-04-17 04:00:00,10587.0,10580.394
2017-04-17 05:00:00,11107.0,11313.317
2017-04-17 06:00:00,12292.0,12064.268
2017-04-17 07:00:00,13009.0,13390.225
2017-04-17 08:00:00,13482.0,13919.32
2017-04-17 09:00:00,13764.0,14003.475
2017-04-17 10:00:00,14088.0,14058.208
2017-04-17 11:00:00,14294.0,14216.64
2017-04-17 12:00:00,14374.0,14253.744
2017-04-17 13:00:00,14496.0,14430.528
2017-04-17 14:00:00,14375.0,14441.594
2017-04-17 15:00:00,14265.0,14270.573
2017-04-17 16:00:00,14143.0,14135.563
2017-04-17 17:00:00,14086.0,14008.038
2017-04-17 18:00:00,13912.0,13975.092
2017-04-17 19:00:00,13902.0,13898.679
2017-04-17 20:00:00,14254.0,14328.665
2017-04-17 21:00:00,14012.0,14303.38
2017-04-17 22:00:00,13008.0,13260.596
2017-04-17 23:00:00,12061.0,12115.334
2017-04-18 00:00:00,11449.0,11493.652
2017-04-18 01:00:00,11026.0,11083.599
2017-04-18 02:00:00,10898.0,10908.564
2017-04-18 03:00:00,10806.0,10904.318
2017-04-18 04:00:00,10967.0,11198.056
2017-04-18 05:00:00,11724.0,11607.651
2017-04-18 06:00:00,12847.0,13185.266
2017-04-18 07:00:00,13482.0,13867.483
2017-04-18 08:00:00,13664.0,14261.629
2017-04-18 09:00:00,13787.0,14100.774
2017-04-18 10:00:00,13838.0,14140.237
2017-04-18 11:00:00,13965.0,13927.444
2017-04-18 12:00:00,14094.0,14032.2295
2017-04-18 13:00:00,14198.0,14151.534
2017-04-18 14:00:00,14214.0,14184.606
2017-04-18 15:00:00,14112.0,14189.508
2017-04-18 16:00:00,14028.0,14050.967
2017-04-18 17:00:00,13941.0,13976.251
2017-04-18 18:00:00,13867.0,13824.546
2017-04-18 19:00:00,13860.0,13896.642
2017-04-18 20:00:00,14169.0,14379.64
2017-04-18 21:00:00,14050.0,14196.479
2017-04-18 22:00:00,13118.0,13310.44
2017-04-18 23:00:00,12117.0,12297.108
2017-04-19 00:00:00,11454.0,11600.146
2017-04-19 01:00:00,10984.0,11135.927
2017-04-19 02:00:00,10779.0,10940.394
2017-04-19 03:00:00,10751.0,10689.278
2017-04-19 04:00:00,10959.0,10903.717
2017-04-19 05:00:00,11631.0,11529.632
2017-04-19 06:00:00,12818.0,12909.283
2017-04-19 07:00:00,13416.0,13794.01
2017-04-19 08:00:00,13666.0,14017.657
2017-04-19 09:00:00,13920.0,14067.547
2017-04-19 10:00:00,14120.0,14224.165
2017-04-19 11:00:00,14274.0,14189.089
2017-04-19 12:00:00,14339.0,14306.286
2017-04-19 13:00:00,14470.0,14418.986
2017-04-19 14:00:00,14419.0,14431.566
2017-04-19 15:00:00,14416.0,14341.326
2017-04-19 16:00:00,14384.0,14402.77
2017-04-19 17:00:00,14389.0,14316.04
2017-04-19 18:00:00,14327.0,14325.569
2017-04-19 19:00:00,14249.0,14405.547
2017-04-19 20:00:00,14648.0,14714.079
2017-04-19 21:00:00,14434.0,14564.262
2017-04-19 22:00:00,13452.0,13519.72
2017-04-19 23:00:00,12479.0,12473.187
2017-04-20 00:00:00,11737.0,11766.602
2017-04-20 01:00:00,11338.0,11351.766
2017-04-20 02:00:00,11113.0,11194.658
2017-04-20 03:00:00,11066.0,11118.273
2017-04-20 04:00:00,11238.0,11295.404
2017-04-20 05:00:00,11894.0,11991.164
2017-04-20 06:00:00,13071.0,13304.284
2017-04-20 07:00:00,13640.0,13937.703
2017-04-20 08:00:00,13955.0,14127.605
2017-04-20 09:00:00,14203.0,14231.131
2017-04-20 10:00:00,14503.0,14445.857
2017-04-20 11:00:00,14874.0,14615.013
2017-04-20 12:00:00,15202.0,15024.323
2017-04-20 13:00:00,15434.0,15388.16
2017-04-20 14:00:00,15431.0,15455.988
2017-04-20 15:00:00,15525.0,15356.86
2017-04-20 16:00:00,15480.0,15537.217
2017-04-20 17:00:00,15266.0,15391.083
2017-04-20 18:00:00,15043.0,15117.783
2017-04-20 19:00:00,14808.0,15025.02
2017-04-20 20:00:00,15048.0,15067.855
2017-04-20 21:00:00,14731.0,15035.008
2017-04-20 22:00:00,13755.0,13812.916
2017-04-20 23:00:00,12644.0,12731.292
2017-04-21 00:00:00,11867.0,11944.088
2017-04-21 01:00:00,11302.0,11440.344
2017-04-21 02:00:00,10973.0,11044.685
2017-04-21 03:00:00,10903.0,10795.349
2017-04-21 04:00:00,11070.0,11012.675
2017-04-21 05:00:00,11525.0,11703.702
2017-04-21 06:00:00,12643.0,12610.214
2017-04-21 07:00:00,13294.0,13660.39
2017-04-21 08:00:00,13538.0,14018.679
2017-04-21 09:00:00,13829.0,14079.731
2017-04-21 10:00:00,14070.0,14221.8
2017-04-21 11:00:00,14100.0,14241.008
2017-04-21 12:00:00,14174.0,14153.266
2017-04-21 13:00:00,14301.0,14199.19
2017-04-21 14:00:00,14252.0,14286.892
2017-04-21 15:00:00,14227.0,14203.977
2017-04-21 16:00:00,14034.0,14136.722
2017-04-21 17:00:00,13900.0,13885.596
2017-04-21 18:00:00,13607.0,13719.585
2017-04-21 19:00:00,13370.0,13473.162
2017-04-21 20:00:00,13724.0,13647.904
2017-04-21 21:00:00,13576.0,13657.03
2017-04-21 22:00:00,12695.0,12830.312
2017-04-21 23:00:00,11975.0,12003.309
2017-04-22 00:00:00,11180.0,11375.261
2017-04-22 01:00:00,10756.0,10836.994
2017-04-22 02:00:00,10455.0,10505.689
2017-04-22 03:00:00,10439.0,10239.208
2017-04-22 04:00:00,10475.0,10249.77
2017-04-22 05:00:00,10724.0,10443.968
2017-04-22 06:00:00,11178.0,10945.35
2017-04-22 07:00:00,11426.0,11567.629
2017-04-22 08:00:00,12008.0,12067.879
2017-04-22 09:00:00,12542.0,12407.619
2017-04-22 10:00:00,12708.0,12727.261
2017-04-22 11:00:00,12859.0,12789.547
2017-04-22 12:00:00,12808.0,12842.357
2017-04-22 13:00:00,12663.0,12765.723
2017-04-22 14:00:00,12412.0,12534.308
2017-04-22 15:00:00,12230.0,12295.698
2017-04-22 16:00:00,12259.0,12188.288
2017-04-22 17:00:00,12224.0,12169.983
2017-04-22 18:00:00,12156.0,12136.57
2017-04-22 19:00:00,12219.0,12103.953
2017-04-22 20:00:00,12593.0,12712.804
2017-04-22 21:00:00,12515.0,12670.497
2017-04-22 22:00:00,11957.0,11965.073
2017-04-22 23:00:00,11354.0,11319.224
2017-04-23 00:00:00,10832.0,10787.522
2017-04-23 01:00:00,10539.0,10523.119
2017-04-23 02:00:00,10427.0,10373.802
2017-04-23 03:00:00,10374.0,10117.737
2017-04-23 04:00:00,10425.0,10131.347
2017-04-23 05:00:00,10654.0,10300.9
2017-04-23 06:00:00,10947.0,10893.402
2017-04-23 07:00:00,11259.0,11300.169
2017-04-23 08:00:00,11736.0,11892.742
2017-04-23 09:00:00,12064.0,12049.215
2017-04-23 10:00:00,12014.0,12029.322
2017-04-23 11:00:00,11994.0,12050.311
2017-04-23 12:00:00,12072.0,11905.907
2017-04-23 13:00:00,12033.0,11968.227
2017-04-23 14:00:00,11926.0,11948.703
2017-04-23 15:00:00,11947.0,11853.762
2017-04-23 16:00:00,11976.0,11992.996
2017-04-23 17:00:00,12161.0,12025.82
2017-04-23 18:00:00,12343.0,12197.431
2017-04-23 19:00:00,12506.0,12492.832
2017-04-23 20:00:00,12974.0,13157.75
2017-04-23 21:00:00,13000.0,13084.532
2017-04-23 22:00:00,12292.0,12368.736
2017-04-23 23:00:00,11596.0,11597.284
2017-04-24 00:00:00,11140.0,11105.984
2017-04-24 01:00:00,10973.0,10884.592
2017-04-24 02:00:00,10901.0,10781.454
2017-04-24 03:00:00,10987.0,11024.382
2017-04-24 04:00:00,11288.0,11521.34
2017-04-24 05:00:00,12053.0,12279.066
2017-04-24 06:00:00,13394.0,13564.871
2017-04-24 07:00:00,13959.0,14124.715
2017-04-24 08:00:00,14132.0,14242.777
2017-04-24 09:00:00,14175.0,14343.604
2017-04-24 10:00:00,14192.0,14298.232
2017-04-24 11:00:00,14113.0,14175.754
2017-04-24 12:00:00,14245.0,14067.881
2017-04-24 13:00:00,14245.0,14252.751
2017-04-24 14:00:00,14101.0,14173.156
2017-04-24 15:00:00,13874.0,14018.399
2017-04-24 16:00:00,13744.0,13795.734
2017-04-24 17:00:00,13682.0,13646.357
2017-04-24 18:00:00,13703.0,13670.744
2017-04-24 19:00:00,13743.0,13837.794
2017-04-24 20:00:00,14073.0,14260.57
2017-04-24 21:00:00,14015.0,14199.345
2017-04-24 22:00:00,13033.0,13379.334
2017-04-24 23:00:00,12239.0,12165.14
2017-04-25 00:00:00,11540.0,11649.424
2017-04-25 01:00:00,11361.0,11212.035
2017-04-25 02:00:00,11131.0,11236.577
2017-04-25 03:00:00,11130.0,11184.966
2017-04-25 04:00:00,11351.0,11486.206
2017-04-25 05:00:00,11933.0,12113.062
2017-04-25 06:00:00,13256.0,13290.062
2017-04-25 07:00:00,13757.0,14011.442
2017-04-25 08:00:00,13911.0,14127.876
2017-04-25 09:00:00,13983.0,14173.728
2017-04-25 10:00:00,14011.0,14179.979
2017-04-25 11:00:00,14024.0,14044.2295
2017-04-25 12:00:00,14028.0,14038.99
2017-04-25 13:00:00,14138.0,14051.734
2017-04-25 14:00:00,14192.0,14061.503
2017-04-25 15:00:00,14085.0,14140.226
2017-04-25 16:00:00,14158.0,14006.804
2017-04-25 17:00:00,13948.0,14111.523
2017-04-25 18:00:00,13981.0,13773.493
2017-04-25 19:00:00,13921.0,13964.326
2017-04-25 20:00:00,14378.0,14415.501
2017-04-25 21:00:00,14203.0,14441.328
2017-04-25 22:00:00,13219.0,13416.577
2017-04-25 23:00:00,12256.0,12372.888
2017-04-26 00:00:00,11630.0,11683.444
2017-04-26 01:00:00,11076.0,11286.059
2017-04-26 02:00:00,10844.0,10936.122
2017-04-26 03:00:00,10795.0,10873.193
2017-04-26 04:00:00,10905.0,11098.636
2017-04-26 05:00:00,11703.0,11578.84
2017-04-26 06:00:00,12902.0,12974.079
2017-04-26 07:00:00,13462.0,13835.132
2017-04-26 08:00:00,13550.0,14079.584
2017-04-26 09:00:00,13748.0,13955.25
2017-04-26 10:00:00,14051.0,14084.151
2017-04-26 11:00:00,14403.0,14219.623
2017-04-26 12:00:00,14632.0,14500.834
2017-04-26 13:00:00,14950.0,14705.099
2017-04-26 14:00:00,15219.0,14990.707
2017-04-26 15:00:00,15333.0,15268.559
2017-04-26 16:00:00,15612.0,15438.468
2017-04-26 17:00:00,15639.0,15607.344
2017-04-26 18:00:00,15528.0,15541.9375
2017-04-26 19:00:00,15286.0,15489.822
2017-04-26 20:00:00,15339.0,15471.591
2017-04-26 21:00:00,15155.0,15222.775
2017-04-26 22:00:00,13948.0,14119.217
2017-04-26 23:00:00,12836.0,12890.801
2017-04-27 00:00:00,11857.0,12094.124
2017-04-27 01:00:00,11380.0,11447.644
2017-04-27 02:00:00,10992.0,11118.798
2017-04-27 03:00:00,10948.0,10931.6
2017-04-27 04:00:00,11013.0,11079.547
2017-04-27 05:00:00,11742.0,11702.816
2017-04-27 06:00:00,12840.0,13087.605
2017-04-27 07:00:00,13434.0,13872.526
2017-04-27 08:00:00,13794.0,14120.165
2017-04-27 09:00:00,13989.0,14228.538
2017-04-27 10:00:00,14347.0,14301.307
2017-04-27 11:00:00,14486.0,14546.974
2017-04-27 12:00:00,14535.0,14648.557
2017-04-27 13:00:00,14535.0,14640.955
2017-04-27 14:00:00,14532.0,14587.939
2017-04-27 15:00:00,14505.0,14553.216
2017-04-27 16:00:00,14373.0,14542.342
2017-04-27 17:00:00,14345.0,14247.631
2017-04-27 18:00:00,14253.0,14212.827
2017-04-27 19:00:00,14052.0,14234.197
2017-04-27 20:00:00,14218.0,14435.919
2017-04-27 21:00:00,14047.0,14268.6
2017-04-27 22:00:00,13014.0,13329.094
2017-04-27 23:00:00,12081.0,12122.872
2017-04-28 00:00:00,11351.0,11517.039
2017-04-28 01:00:00,10928.0,11029.11
2017-04-28 02:00:00,10691.0,10727.394
2017-04-28 03:00:00,10638.0,10616.219
2017-04-28 04:00:00,10784.0,10864.517
2017-04-28 05:00:00,11520.0,11226.811
2017-04-28 06:00:00,12596.0,12618.384
2017-04-28 07:00:00,13122.0,13607.936
2017-04-28 08:00:00,13312.0,13840.365
2017-04-28 09:00:00,13550.0,13869.916
2017-04-28 10:00:00,13778.0,13969.183
2017-04-28 11:00:00,13800.0,13850.669
2017-04-28 12:00:00,14114.0,13752.92
2017-04-28 13:00:00,14179.0,14120.791
2017-04-28 14:00:00,14335.0,14144.516
2017-04-28 15:00:00,14382.0,14263.717
2017-04-28 16:00:00,14374.0,14334.2
2017-04-28 17:00:00,14332.0,14292.713
2017-04-28 18:00:00,14125.0,14157.059
2017-04-28 19:00:00,13910.0,13947.309
2017-04-28 20:00:00,14041.0,14101.142
2017-04-28 21:00:00,13777.0,14015.528
2017-04-28 22:00:00,13005.0,13001.491
2017-04-28 23:00:00,12025.0,12141.18
2017-04-29 00:00:00,11207.0,11307.973
2017-04-29 01:00:00,10702.0,10742.794
2017-04-29 02:00:00,10356.0,10447.733
2017-04-29 03:00:00,10387.0,10168.693
2017-04-29 04:00:00,10372.0,10162.272
2017-04-29 05:00:00,10562.0,10352.223
2017-04-29 06:00:00,10979.0,10958.9795
2017-04-29 07:00:00,11327.0,11369.58
2017-04-29 08:00:00,12009.0,12027.717
2017-04-29 09:00:00,12569.0,12484.038
2017-04-29 10:00:00,13078.0,12874.359
2017-04-29 11:00:00,13414.0,13152.67
2017-04-29 12:00:00,13521.0,13456.305
2017-04-29 13:00:00,13671.0,13509.158
2017-04-29 14:00:00,13748.0,13610.398
2017-04-29 15:00:00,13818.0,13708.669
2017-04-29 16:00:00,14040.0,13823.755
2017-04-29 17:00:00,14072.0,14034.809
2017-04-29 18:00:00,13873.0,13968.1
2017-04-29 19:00:00,13630.0,13724.605
2017-04-29 20:00:00,13676.0,13711.255
2017-04-29 21:00:00,13471.0,13549.652
2017-04-29 22:00:00,12769.0,12819.887
2017-04-29 23:00:00,11913.0,11977.315
2017-04-30 00:00:00,11236.0,11209.986
2017-04-30 01:00:00,10603.0,10769.525
2017-04-30 02:00:00,10292.0,10377.916
2017-04-30 03:00:00,10104.0,10065.587
2017-04-30 04:00:00,9954.0,10032.736
2017-04-30 05:00:00,10042.0,10222.822
2017-04-30 06:00:00,10257.0,10401.919
2017-04-30 07:00:00,10548.0,10624.172
2017-04-30 08:00:00,11448.0,11405.302
2017-04-30 09:00:00,12167.0,12070.438
2017-04-30 10:00:00,12699.0,12436.658
2017-04-30 11:00:00,13281.0,12902.343
2017-04-30 12:00:00,13720.0,13538.625
2017-04-30 13:00:00,13927.0,13854.928
2017-04-30 14:00:00,14053.0,13971.852
2017-04-30 15:00:00,14208.0,14061.308
2017-04-30 16:00:00,14586.0,14332.598
2017-04-30 17:00:00,14761.0,14803.112
2017-04-30 18:00:00,14631.0,14779.171
2017-04-30 19:00:00,14443.0,14573.5
2017-04-30 20:00:00,14566.0,14689.361
2017-04-30 21:00:00,14388.0,14382.094
2017-04-30 22:00:00,13499.0,13597.533
2017-04-30 23:00:00,12481.0,12556.716
2017-05-01 00:00:00,11895.0,11726.447
2017-05-01 01:00:00,11450.0,11367.982
2017-05-01 02:00:00,11235.0,11196.112
2017-05-01 03:00:00,11149.0,11124.718
2017-05-01 04:00:00,11314.0,11294.693
2017-05-01 05:00:00,11848.0,11899.206
2017-05-01 06:00:00,12938.0,13043.217
2017-05-01 07:00:00,13618.0,13803.8955
2017-05-01 08:00:00,13843.0,14311.479
2017-05-01 09:00:00,14087.0,14320.035
2017-05-01 10:00:00,14374.0,14564.88
2017-05-01 11:00:00,14498.0,14579.695
2017-05-01 12:00:00,14609.0,14562.649
2017-05-01 13:00:00,14472.0,14656.341
2017-05-01 14:00:00,14275.0,14347.699
2017-05-01 15:00:00,14190.0,14082.969
2017-05-01 16:00:00,14197.0,14151.875
2017-05-01 17:00:00,14217.0,14177.346
2017-05-01 18:00:00,14088.0,14161.967
2017-05-01 19:00:00,13825.0,14085.839
2017-05-01 20:00:00,14008.0,14076.538
2017-05-01 21:00:00,13756.0,14090.305
2017-05-01 22:00:00,12785.0,13022.252
2017-05-01 23:00:00,11787.0,11936.236
2017-05-02 00:00:00,11118.0,11304.764
2017-05-02 01:00:00,10756.0,10890.999
2017-05-02 02:00:00,10576.0,10534.136
2017-05-02 03:00:00,10468.0,10626.193
2017-05-02 04:00:00,10615.0,10546.504
2017-05-02 05:00:00,11389.0,11065.082
2017-05-02 06:00:00,12546.0,12253.7705
2017-05-02 07:00:00,13055.0,13458.636
2017-05-02 08:00:00,13336.0,13818.625
2017-05-02 09:00:00,13445.0,13964.139
2017-05-02 10:00:00,13533.0,13919.125
2017-05-02 11:00:00,13549.0,13723.428
2017-05-02 12:00:00,13576.0,13595.276
2017-05-02 13:00:00,13632.0,13566.738
2017-05-02 14:00:00,13598.0,13558.544
2017-05-02 15:00:00,13481.0,13507.964
2017-05-02 16:00:00,13441.0,13495.124
2017-05-02 17:00:00,13379.0,13465.908
2017-05-02 18:00:00,13330.0,13276.873
2017-05-02 19:00:00,13356.0,13324.382
2017-05-02 20:00:00,13628.0,13647.878
2017-05-02 21:00:00,13454.0,13657.333
2017-05-02 22:00:00,12651.0,12675.081
2017-05-02 23:00:00,11807.0,11971.812
2017-05-03 00:00:00,11214.0,11263.257
2017-05-03 01:00:00,10895.0,10869.127
2017-05-03 02:00:00,10668.0,10714.438
2017-05-03 03:00:00,10716.0,10660.861
2017-05-03 04:00:00,10966.0,10888.914
2017-05-03 05:00:00,11739.0,11494.553
2017-05-03 06:00:00,12895.0,13048.62
2017-05-03 07:00:00,13419.0,13799.438
2017-05-03 08:00:00,13509.0,14058.01
2017-05-03 09:00:00,13544.0,14009.427
2017-05-03 10:00:00,13523.0,13958.519
2017-05-03 11:00:00,13390.0,13624.831
2017-05-03 12:00:00,13320.0,13398.421
2017-05-03 13:00:00,13356.0,13291.752
2017-05-03 14:00:00,13217.0,13255.072
2017-05-03 15:00:00,13124.0,13134.604
2017-05-03 16:00:00,13106.0,13142.63
2017-05-03 17:00:00,13008.0,13121.412
2017-05-03 18:00:00,13054.0,12985.798
2017-05-03 19:00:00,13141.0,13107.565
2017-05-03 20:00:00,13549.0,13516.166
2017-05-03 21:00:00,13556.0,13706.842
2017-05-03 22:00:00,12718.0,12812.655
2017-05-03 23:00:00,11793.0,12011.48
2017-05-04 00:00:00,11178.0,11269.31
2017-05-04 01:00:00,10866.0,10859.848
2017-05-04 02:00:00,10696.0,10720.379
2017-05-04 03:00:00,10692.0,10671.279
2017-05-04 04:00:00,10881.0,10934.679
2017-05-04 05:00:00,11656.0,11496.772
2017-05-04 06:00:00,12846.0,12901.467
2017-05-04 07:00:00,13517.0,13747.982
2017-05-04 08:00:00,13706.0,14064.831
2017-05-04 09:00:00,13862.0,14050.08
2017-05-04 10:00:00,14007.0,14159.178
2017-05-04 11:00:00,13969.0,14149.594
2017-05-04 12:00:00,13978.0,13987.806
2017-05-04 13:00:00,13973.0,13964.241
2017-05-04 14:00:00,13748.0,13918.196
2017-05-04 15:00:00,13632.0,13707.519
2017-05-04 16:00:00,13618.0,13631.238
2017-05-04 17:00:00,13675.0,13641.468
2017-05-04 18:00:00,13597.0,13614.677
2017-05-04 19:00:00,13651.0,13637.132
2017-05-04 20:00:00,13911.0,13979.299
2017-05-04 21:00:00,13834.0,14025.3545
2017-05-04 22:00:00,13030.0,13129.339
2017-05-04 23:00:00,12314.0,12103.676
2017-05-05 00:00:00,11693.0,11648.34
2017-05-05 01:00:00,11351.0,11280.213
2017-05-05 02:00:00,11194.0,11154.214
2017-05-05 03:00:00,11106.0,11099.015
2017-05-05 04:00:00,11297.0,11259.4
2017-05-05 05:00:00,11918.0,11927.524
2017-05-05 06:00:00,12958.0,13162.888
2017-05-05 07:00:00,13499.0,13836.061
2017-05-05 08:00:00,13834.0,14033.036
2017-05-05 09:00:00,13828.0,14107.5205
2017-05-05 10:00:00,14182.0,14004.221
2017-05-05 11:00:00,14089.0,14224.517
2017-05-05 12:00:00,14081.0,14011.533
2017-05-05 13:00:00,13966.0,13935.764
2017-05-05 14:00:00,13897.0,13762.35
2017-05-05 15:00:00,13649.0,13685.85
2017-05-05 16:00:00,13540.0,13552.619
2017-05-05 17:00:00,13402.0,13464.989
2017-05-05 18:00:00,13312.0,13284.783
2017-05-05 19:00:00,13094.0,13267.797
2017-05-05 20:00:00,13259.0,13390.605
2017-05-05 21:00:00,13198.0,13465.644
2017-05-05 22:00:00,12765.0,12528.753
2017-05-05 23:00:00,11963.0,12085.28
2017-05-06 00:00:00,11424.0,11378.126
2017-05-06 01:00:00,11140.0,11007.344
2017-05-06 02:00:00,10940.0,10947.103
2017-05-06 03:00:00,10895.0,10807.107
2017-05-06 04:00:00,10849.0,10952.054
2017-05-06 05:00:00,11210.0,11134.005
2017-05-06 06:00:00,11459.0,11496.55
2017-05-06 07:00:00,11902.0,11933.661
2017-05-06 08:00:00,12383.0,12428.765
2017-05-06 09:00:00,12630.0,12628.782
2017-05-06 10:00:00,12682.0,12749.342
2017-05-06 11:00:00,12615.0,12650.795
2017-05-06 12:00:00,12384.0,12503.389
2017-05-06 13:00:00,12247.0,12236.299
2017-05-06 14:00:00,12111.0,12122.768
2017-05-06 15:00:00,11912.0,12036.157
2017-05-06 16:00:00,11979.0,11952.931
2017-05-06 17:00:00,11903.0,11892.495
2017-05-06 18:00:00,11886.0,11852.583
2017-05-06 19:00:00,11873.0,11868.68
2017-05-06 20:00:00,12314.0,12291.249
2017-05-06 21:00:00,12500.0,12635.894
2017-05-06 22:00:00,11918.0,12050.09
2017-05-06 23:00:00,11793.0,11290.411
2017-05-07 00:00:00,10963.0,11232.678
2017-05-07 01:00:00,10747.0,10635.886
2017-05-07 02:00:00,10536.0,10371.64
2017-05-07 03:00:00,10539.0,10438.624
2017-05-07 04:00:00,10626.0,10647.29
2017-05-07 05:00:00,10828.0,10835.856
2017-05-07 06:00:00,11108.0,11150.484
2017-05-07 07:00:00,11486.0,11534.01
2017-05-07 08:00:00,11902.0,12016.887
2017-05-07 09:00:00,12082.0,12059.873
2017-05-07 10:00:00,11988.0,11991.346
2017-05-07 11:00:00,11903.0,11986.918
2017-05-07 12:00:00,11748.0,11820.605
2017-05-07 13:00:00,11698.0,11633.57
2017-05-07 14:00:00,11565.0,11606.394
2017-05-07 15:00:00,11458.0,11529.915
2017-05-07 16:00:00,11523.0,11552.787
2017-05-07 17:00:00,11691.0,11654.306
2017-05-07 18:00:00,11871.0,11791.916
2017-05-07 19:00:00,12090.0,11932.607
2017-05-07 20:00:00,12353.0,12588.018
2017-05-07 21:00:00,12712.0,12599.044
2017-05-07 22:00:00,12269.0,12267.5205
2017-05-07 23:00:00,11746.0,11594.109
2017-05-08 00:00:00,11494.0,11375.248
2017-05-08 01:00:00,11388.0,11210.329
2017-05-08 02:00:00,11318.0,11297.355
2017-05-08 03:00:00,11556.0,11393.155
2017-05-08 04:00:00,11965.0,11802.128
2017-05-08 05:00:00,12846.0,12923.816
2017-05-08 06:00:00,14251.0,14135.901
2017-05-08 07:00:00,14841.0,14852.607
2017-05-08 08:00:00,14720.0,14904.983
2017-05-08 09:00:00,14572.0,14720.011
2017-05-08 10:00:00,14437.0,14564.58
2017-05-08 11:00:00,14228.0,14289.136
2017-05-08 12:00:00,14102.0,14114.67
2017-05-08 13:00:00,14017.0,14040.895
2017-05-08 14:00:00,13855.0,13915.3
2017-05-08 15:00:00,13559.0,13766.434
2017-05-08 16:00:00,13498.0,13559.37
2017-05-08 17:00:00,13312.0,13520.442
2017-05-08 18:00:00,13300.0,13276.089
2017-05-08 19:00:00,13329.0,13372.608
2017-05-08 20:00:00,13725.0,13739.29
2017-05-08 21:00:00,13842.0,13844.942
2017-05-08 22:00:00,13192.0,13227.26
2017-05-08 23:00:00,12324.0,12351.974
2017-05-09 00:00:00,11882.0,11753.877
2017-05-09 01:00:00,11637.0,11536.137
2017-05-09 02:00:00,11497.0,11540.945
2017-05-09 03:00:00,11564.0,11586.877
2017-05-09 04:00:00,11900.0,11843.107
2017-05-09 05:00:00,12715.0,12757.213
2017-05-09 06:00:00,13745.0,14011.955
2017-05-09 07:00:00,14360.0,14406.858
2017-05-09 08:00:00,14411.0,14616.829
2017-05-09 09:00:00,14409.0,14528.562
2017-05-09 10:00:00,14393.0,14512.116
2017-05-09 11:00:00,14309.0,14333.755
2017-05-09 12:00:00,14229.0,14208.555
2017-05-09 13:00:00,14198.0,14134.95
2017-05-09 14:00:00,14049.0,14133.435
2017-05-09 15:00:00,13858.0,13974.252
2017-05-09 16:00:00,13907.0,13775.928
2017-05-09 17:00:00,13819.0,13895.812
2017-05-09 18:00:00,13696.0,13836.461
2017-05-09 19:00:00,13709.0,13732.245
2017-05-09 20:00:00,14088.0,14085.096
2017-05-09 21:00:00,13925.0,14279.453
2017-05-09 22:00:00,13079.0,13164.742
2017-05-09 23:00:00,12161.0,12225.312
2017-05-10 00:00:00,11588.0,11612.26
2017-05-10 01:00:00,11285.0,11291.123
2017-05-10 02:00:00,11066.0,11141.574
2017-05-10 03:00:00,11128.0,11048.564
2017-05-10 04:00:00,11339.0,11438.597
2017-05-10 05:00:00,12002.0,12144.092
2017-05-10 06:00:00,13166.0,13269.795
2017-05-10 07:00:00,13660.0,13879.806
2017-05-10 08:00:00,13781.0,14020.58
2017-05-10 09:00:00,13890.0,14084.1
2017-05-10 10:00:00,13909.0,14134.748
2017-05-10 11:00:00,13904.0,13972.603
2017-05-10 12:00:00,14047.0,13886.286
2017-05-10 13:00:00,14288.0,14129.257
2017-05-10 14:00:00,14379.0,14304.462
2017-05-10 15:00:00,14482.0,14438.975
2017-05-10 16:00:00,14510.0,14506.457
2017-05-10 17:00:00,14589.0,14488.746
2017-05-10 18:00:00,14537.0,14531.004
2017-05-10 19:00:00,14489.0,14586.039
2017-05-10 20:00:00,14638.0,14770.844
2017-05-10 21:00:00,14553.0,14634.3125
2017-05-10 22:00:00,13671.0,13593.34
2017-05-10 23:00:00,12574.0,12564.221
2017-05-11 00:00:00,11879.0,11822.508
2017-05-11 01:00:00,11370.0,11405.172
2017-05-11 02:00:00,11153.0,11184.17
2017-05-11 03:00:00,10971.0,11114.625
2017-05-11 04:00:00,11229.0,11105.832
2017-05-11 05:00:00,11906.0,12016.378
2017-05-11 06:00:00,13075.0,13124.176
2017-05-11 07:00:00,13687.0,13822.536
2017-05-11 08:00:00,13939.0,14097.674
2017-05-11 09:00:00,14111.0,14167.492
2017-05-11 10:00:00,14280.0,14324.081
2017-05-11 11:00:00,14427.0,14333.828
2017-05-11 12:00:00,14429.0,14562.515
2017-05-11 13:00:00,14574.0,14459.238
2017-05-11 14:00:00,14589.0,14523.515
2017-05-11 15:00:00,14588.0,14534.163
2017-05-11 16:00:00,14532.0,14601.097
2017-05-11 17:00:00,14282.0,14474.312
2017-05-11 18:00:00,14096.0,14103.534
2017-05-11 19:00:00,13978.0,14012.715
2017-05-11 20:00:00,14141.0,14278.586
2017-05-11 21:00:00,14127.0,14205.492
2017-05-11 22:00:00,13210.0,13318.033
2017-05-11 23:00:00,12210.0,12196.036
2017-05-12 00:00:00,11408.0,11543.827
2017-05-12 01:00:00,11087.0,10992.997
2017-05-12 02:00:00,10860.0,10851.111
2017-05-12 03:00:00,10787.0,10846.5625
2017-05-12 04:00:00,10996.0,10911.475
2017-05-12 05:00:00,11618.0,11650.053
2017-05-12 06:00:00,12673.0,12682.024
2017-05-12 07:00:00,13339.0,13644.836
2017-05-12 08:00:00,13546.0,13921.391
2017-05-12 09:00:00,13756.0,14023.14
2017-05-12 10:00:00,13835.0,14108.79
2017-05-12 11:00:00,13846.0,13884.536
2017-05-12 12:00:00,13889.0,13800.196
2017-05-12 13:00:00,13804.0,13866.665
2017-05-12 14:00:00,13638.0,13665.511
2017-05-12 15:00:00,13477.0,13437.006
2017-05-12 16:00:00,13456.0,13432.873
2017-05-12 17:00:00,13290.0,13395.203
2017-05-12 18:00:00,13206.0,13153.047
2017-05-12 19:00:00,13125.0,13166.189
2017-05-12 20:00:00,13269.0,13374.527
2017-05-12 21:00:00,13306.0,13395.122
2017-05-12 22:00:00,12707.0,12620.784
2017-05-12 23:00:00,11895.0,12016.376
2017-05-13 00:00:00,11234.0,11246.655
2017-05-13 01:00:00,10921.0,10871.144
2017-05-13 02:00:00,10539.0,10651.538
2017-05-13 03:00:00,10574.0,10506.554
2017-05-13 04:00:00,10570.0,10660.461
2017-05-13 05:00:00,10821.0,10870.361
2017-05-13 06:00:00,11079.0,11183.353
2017-05-13 07:00:00,11474.0,11469.196
2017-05-13 08:00:00,11959.0,12020.083
2017-05-13 09:00:00,12229.0,12344.376
2017-05-13 10:00:00,12420.0,12366.914
2017-05-13 11:00:00,12329.0,12398.525
2017-05-13 12:00:00,12202.0,12368.064
2017-05-13 13:00:00,12142.0,12093.985
2017-05-13 14:00:00,12129.0,12036.784
2017-05-13 15:00:00,12133.0,12099.408
2017-05-13 16:00:00,12161.0,12142.159
2017-05-13 17:00:00,12193.0,12081.13
2017-05-13 18:00:00,12104.0,12017.53
2017-05-13 19:00:00,12012.0,11971.188
2017-05-13 20:00:00,12047.0,12241.667
2017-05-13 21:00:00,12293.0,12107.932
2017-05-13 22:00:00,11818.0,11779.537
2017-05-13 23:00:00,11046.0,11295.625
2017-05-14 00:00:00,10402.0,10655.866
2017-05-14 01:00:00,10079.0,10201.847
2017-05-14 02:00:00,9850.0,10160.79
2017-05-14 03:00:00,9798.0,10145.367
2017-05-14 04:00:00,9758.0,10149.652
2017-05-14 05:00:00,9896.0,10352.084
2017-05-14 06:00:00,9946.0,10395.92
2017-05-14 07:00:00,10469.0,10670.425
2017-05-14 08:00:00,11090.0,10914.272
2017-05-14 09:00:00,11472.0,11507.959
2017-05-14 10:00:00,11579.0,11680.699
2017-05-14 11:00:00,11701.0,11811.773
2017-05-14 12:00:00,11863.0,11853.488
2017-05-14 13:00:00,11999.0,11923.375
2017-05-14 14:00:00,12169.0,12097.765
2017-05-14 15:00:00,12404.0,12244.269
2017-05-14 16:00:00,12666.0,12555.844
2017-05-14 17:00:00,12803.0,12800.833
2017-05-14 18:00:00,12949.0,12833.202
2017-05-14 19:00:00,12914.0,13106.864
2017-05-14 20:00:00,13007.0,13274.758
2017-05-14 21:00:00,13336.0,13136.406
2017-05-14 22:00:00,12532.0,12639.754
2017-05-14 23:00:00,11666.0,11822.241
2017-05-15 00:00:00,11070.0,11156.994
2017-05-15 01:00:00,10621.0,10719.754
2017-05-15 02:00:00,10396.0,10520.024
2017-05-15 03:00:00,10327.0,10240.435
2017-05-15 04:00:00,10612.0,10230.587
2017-05-15 05:00:00,11298.0,11083.96
2017-05-15 06:00:00,12239.0,12156.654
2017-05-15 07:00:00,13084.0,13288.763
2017-05-15 08:00:00,13417.0,13855.24
2017-05-15 09:00:00,13647.0,13976.058
2017-05-15 10:00:00,14047.0,14050.947
2017-05-15 11:00:00,14311.0,14275.664
2017-05-15 12:00:00,14548.0,14370.06
2017-05-15 13:00:00,14751.0,14628.533
2017-05-15 14:00:00,14981.0,14782.859
2017-05-15 15:00:00,15107.0,14990.681
2017-05-15 16:00:00,15321.0,15189.285
2017-05-15 17:00:00,15405.0,15406.311
2017-05-15 18:00:00,15251.0,15327.061
2017-05-15 19:00:00,15062.0,15133.927
2017-05-15 20:00:00,14867.0,15195.367
2017-05-15 21:00:00,14705.0,14873.136
2017-05-15 22:00:00,13626.0,13725.453
2017-05-15 23:00:00,12505.0,12555.022
2017-05-16 00:00:00,11604.0,11758.706
2017-05-16 01:00:00,11097.0,11202.966
2017-05-16 02:00:00,10793.0,10843.812
2017-05-16 03:00:00,10817.0,10622.412
2017-05-16 04:00:00,10826.0,10999.897
2017-05-16 05:00:00,11511.0,11543.251
2017-05-16 06:00:00,12398.0,12601.406
2017-05-16 07:00:00,13138.0,13445.781
2017-05-16 08:00:00,13480.0,14025.359
2017-05-16 09:00:00,13983.0,14135.931
2017-05-16 10:00:00,14524.0,14391.807
2017-05-16 11:00:00,14953.0,14793.528
2017-05-16 12:00:00,15483.0,15189.007
2017-05-16 13:00:00,16082.0,15833.859
2017-05-16 14:00:00,16426.0,16456.4
2017-05-16 15:00:00,16879.0,16690.318
2017-05-16 16:00:00,17221.0,17053.63
2017-05-16 17:00:00,17267.0,17335.568
2017-05-16 18:00:00,17125.0,17029.752
2017-05-16 19:00:00,16975.0,16796.455
2017-05-16 20:00:00,16621.0,16734.5
2017-05-16 21:00:00,16568.0,16441.139
2017-05-16 22:00:00,15225.0,15433.283
2017-05-16 23:00:00,13890.0,13903.554
2017-05-17 00:00:00,12878.0,12867.9
2017-05-17 01:00:00,12101.0,12202.375
2017-05-17 02:00:00,11695.0,11737.696
2017-05-17 03:00:00,11470.0,11415.881
2017-05-17 04:00:00,11537.0,11533.262
2017-05-17 05:00:00,12063.0,12108.71
2017-05-17 06:00:00,13029.0,13017.836
2017-05-17 07:00:00,13885.0,13903.4
2017-05-17 08:00:00,14459.0,14497.962
2017-05-17 09:00:00,15089.0,15020.961
2017-05-17 10:00:00,15914.0,15749.494
2017-05-17 11:00:00,16718.0,16580.229
2017-05-17 12:00:00,17455.0,17342.209
2017-05-17 13:00:00,17686.0,18070.77
2017-05-17 14:00:00,18032.0,17855.447
2017-05-17 15:00:00,18215.0,18199.52
2017-05-17 16:00:00,18169.0,18370.775
2017-05-17 17:00:00,17901.0,18013.363
2017-05-17 18:00:00,17535.0,17468.062
2017-05-17 19:00:00,17242.0,17094.719
2017-05-17 20:00:00,16978.0,16972.293
2017-05-17 21:00:00,16791.0,16812.412
2017-05-17 22:00:00,15478.0,15597.441
2017-05-17 23:00:00,14124.0,14067.53
2017-05-18 00:00:00,13205.0,13046.146
2017-05-18 01:00:00,12544.0,12530.306
2017-05-18 02:00:00,12137.0,12150.14
2017-05-18 03:00:00,11933.0,11935.491
2017-05-18 04:00:00,11928.0,11986.259
2017-05-18 05:00:00,12563.0,12469.156
2017-05-18 06:00:00,13452.0,13517.367
2017-05-18 07:00:00,14299.0,14282.831
2017-05-18 08:00:00,14876.0,14840.835
2017-05-18 09:00:00,15614.0,15485.504
2017-05-18 10:00:00,16309.0,16290.413
2017-05-18 11:00:00,16835.0,16830.877
2017-05-18 12:00:00,17413.0,17376.11
2017-05-18 13:00:00,17950.0,17885.588
2017-05-18 14:00:00,18322.0,18259.99
2017-05-18 15:00:00,18386.0,18505.213
2017-05-18 16:00:00,18520.0,18319.646
2017-05-18 17:00:00,18330.0,18356.348
2017-05-18 18:00:00,17970.0,17939.336
2017-05-18 19:00:00,17495.0,17496.07
2017-05-18 20:00:00,17109.0,17132.701
2017-05-18 21:00:00,16723.0,16965.682
2017-05-18 22:00:00,15579.0,15631.561
2017-05-18 23:00:00,14215.0,14157.02
2017-05-19 00:00:00,13227.0,13135.104
2017-05-19 01:00:00,12515.0,12519.848
2017-05-19 02:00:00,11977.0,12074.541
2017-05-19 03:00:00,11797.0,11745.114
2017-05-19 04:00:00,11850.0,11799.756
2017-05-19 05:00:00,12257.0,12403.977
2017-05-19 06:00:00,13065.0,13018.318
2017-05-19 07:00:00,13941.0,13914.51
2017-05-19 08:00:00,14499.0,14528.407
2017-05-19 09:00:00,15006.0,14966.7295
2017-05-19 10:00:00,15858.0,15654.717
2017-05-19 11:00:00,16276.0,16523.39
2017-05-19 12:00:00,16657.0,16688.97
2017-05-19 13:00:00,16785.0,16944.928
2017-05-19 14:00:00,16876.0,16817.385
2017-05-19 15:00:00,16762.0,16802.977
2017-05-19 16:00:00,16585.0,16702.205
2017-05-19 17:00:00,16238.0,16306.107
2017-05-19 18:00:00,15576.0,15807.059
2017-05-19 19:00:00,15071.0,15099.756
2017-05-19 20:00:00,14779.0,14789.419
2017-05-19 21:00:00,14439.0,14663.657
2017-05-19 22:00:00,13555.0,13596.167
2017-05-19 23:00:00,12566.0,12619.081
2017-05-20 00:00:00,11690.0,11733.728
2017-05-20 01:00:00,11222.0,11158.194
2017-05-20 02:00:00,10876.0,10850.801
2017-05-20 03:00:00,10717.0,10718.04
2017-05-20 04:00:00,10626.0,10660.439
2017-05-20 05:00:00,10822.0,10831.794
2017-05-20 06:00:00,11004.0,11143.101
2017-05-20 07:00:00,11474.0,11497.311
2017-05-20 08:00:00,12208.0,12215.818
2017-05-20 09:00:00,12773.0,12883.171
2017-05-20 10:00:00,13225.0,13336.9375
2017-05-20 11:00:00,13687.0,13608.226
2017-05-20 12:00:00,14097.0,13926.517
2017-05-20 13:00:00,14450.0,14232.86
2017-05-20 14:00:00,14667.0,14591.098
2017-05-20 15:00:00,14756.0,14866.211
2017-05-20 16:00:00,14814.0,14844.001
2017-05-20 17:00:00,14724.0,14738.33
2017-05-20 18:00:00,14475.0,14421.083
2017-05-20 19:00:00,14157.0,14126.864
2017-05-20 20:00:00,14031.0,14044.084
2017-05-20 21:00:00,14004.0,13967.799
2017-05-20 22:00:00,13232.0,13331.784
2017-05-20 23:00:00,12310.0,12218.307
2017-05-21 00:00:00,11453.0,11499.666
2017-05-21 01:00:00,10847.0,10863.312
2017-05-21 02:00:00,10439.0,10505.794
2017-05-21 03:00:00,10244.0,10211.577
2017-05-21 04:00:00,10137.0,10118.952
2017-05-21 05:00:00,10328.0,10247.511
2017-05-21 06:00:00,10402.0,10309.21
2017-05-21 07:00:00,10765.0,10695.288
2017-05-21 08:00:00,11521.0,11453.145
2017-05-21 09:00:00,12117.0,12210.788
2017-05-21 10:00:00,12455.0,12586.809
2017-05-21 11:00:00,12686.0,12792.056
2017-05-21 12:00:00,12918.0,12922.994
2017-05-21 13:00:00,12983.0,13103.384
2017-05-21 14:00:00,12909.0,13121.223
2017-05-21 15:00:00,12957.0,13017.185
2017-05-21 16:00:00,13090.0,13041.803
2017-05-21 17:00:00,13284.0,13247.401
2017-05-21 18:00:00,13359.0,13344.815
2017-05-21 19:00:00,13375.0,13474.955
2017-05-21 20:00:00,13525.0,13665.639
2017-05-21 21:00:00,13514.0,13585.223
2017-05-21 22:00:00,12914.0,12865.808
2017-05-21 23:00:00,12000.0,12035.377
2017-05-22 00:00:00,11413.0,11430.785
2017-05-22 01:00:00,11030.0,11004.251
2017-05-22 02:00:00,10701.0,10865.76
2017-05-22 03:00:00,10705.0,10634.79
2017-05-22 04:00:00,10813.0,10806.217
2017-05-22 05:00:00,11513.0,11429.71
2017-05-22 06:00:00,12509.0,12607.095
2017-05-22 07:00:00,13138.0,13629.555
2017-05-22 08:00:00,13577.0,13971.66
2017-05-22 09:00:00,13778.0,14285.124
2017-05-22 10:00:00,14187.0,14291.7
2017-05-22 11:00:00,14280.0,14456.743
2017-05-22 12:00:00,14428.0,14345.569
2017-05-22 13:00:00,14645.0,14555.11
2017-05-22 14:00:00,14683.0,14643.604
2017-05-22 15:00:00,14540.0,14624.733
2017-05-22 16:00:00,14618.0,14532.932
2017-05-22 17:00:00,14486.0,14630.787
2017-05-22 18:00:00,14477.0,14354.879
2017-05-22 19:00:00,14301.0,14520.202
2017-05-22 20:00:00,14311.0,14600.49
2017-05-22 21:00:00,14274.0,14307.776
2017-05-22 22:00:00,13279.0,13486.856
2017-05-22 23:00:00,12351.0,12372.967
2017-05-23 00:00:00,11526.0,11668.201
2017-05-23 01:00:00,11187.0,11133.386
2017-05-23 02:00:00,10898.0,10976.218
2017-05-23 03:00:00,10873.0,10832.237
2017-05-23 04:00:00,10987.0,11037.076
2017-05-23 05:00:00,11635.0,11647.078
2017-05-23 06:00:00,12519.0,12820.875
2017-05-23 07:00:00,13190.0,13597.512
2017-05-23 08:00:00,13537.0,13988.8
2017-05-23 09:00:00,13740.0,14162.43
2017-05-23 10:00:00,14060.0,14191.778
2017-05-23 11:00:00,14190.0,14369.419
2017-05-23 12:00:00,14367.0,14272.343
2017-05-23 13:00:00,14484.0,14466.292
2017-05-23 14:00:00,14573.0,14496.269
2017-05-23 15:00:00,14557.0,14547.964
2017-05-23 16:00:00,14593.0,14546.697
2017-05-23 17:00:00,14501.0,14577.089
2017-05-23 18:00:00,14410.0,14402.332
2017-05-23 19:00:00,14240.0,14381.397
2017-05-23 20:00:00,14285.0,14551.148
2017-05-23 21:00:00,14281.0,14283.218
2017-05-23 22:00:00,13468.0,13525.723
2017-05-23 23:00:00,12490.0,12529.38
2017-05-24 00:00:00,11801.0,11718.975
2017-05-24 01:00:00,11311.0,11348.749
2017-05-24 02:00:00,11134.0,11081.681
2017-05-24 03:00:00,11013.0,11080.92
2017-05-24 04:00:00,11101.0,11248.063
2017-05-24 05:00:00,11671.0,11707.0
2017-05-24 06:00:00,12656.0,12720.775
2017-05-24 07:00:00,13200.0,13665.652
2017-05-24 08:00:00,13534.0,13945.162
2017-05-24 09:00:00,13768.0,14119.445
2017-05-24 10:00:00,14003.0,14184.115
2017-05-24 11:00:00,14213.0,14200.578
2017-05-24 12:00:00,14308.0,14272.87
2017-05-24 13:00:00,14412.0,14346.899
2017-05-24 14:00:00,14285.0,14511.914
2017-05-24 15:00:00,14152.0,14182.076
2017-05-24 16:00:00,14117.0,14124.599
2017-05-24 17:00:00,14117.0,14052.661
2017-05-24 18:00:00,14001.0,14032.349
2017-05-24 19:00:00,13935.0,13999.751
2017-05-24 20:00:00,14121.0,14176.674
2017-05-24 21:00:00,14016.0,14204.966
2017-05-24 22:00:00,13259.0,13307.335
2017-05-24 23:00:00,12460.0,12354.888
2017-05-25 00:00:00,11760.0,11803.111
2017-05-25 01:00:00,11303.0,11350.059
2017-05-25 02:00:00,11132.0,11101.475
2017-05-25 03:00:00,11042.0,11094.915
2017-05-25 04:00:00,11145.0,11256.875
2017-05-25 05:00:00,11697.0,11845.755
2017-05-25 06:00:00,12673.0,12769.465
2017-05-25 07:00:00,13349.0,13716.473
2017-05-25 08:00:00,13698.0,14017.917
2017-05-25 09:00:00,13867.0,14147.278
2017-05-25 10:00:00,14095.0,14175.529
2017-05-25 11:00:00,14226.0,14233.526
2017-05-25 12:00:00,14339.0,14238.184
2017-05-25 13:00:00,14343.0,14383.463
2017-05-25 14:00:00,14206.0,14259.915
2017-05-25 15:00:00,14092.0,14098.082
2017-05-25 16:00:00,13982.0,14050.358
2017-05-25 17:00:00,13936.0,13876.163
2017-05-25 18:00:00,13747.0,13834.071
2017-05-25 19:00:00,13756.0,13710.235
2017-05-25 20:00:00,13889.0,13995.502
2017-05-25 21:00:00,13832.0,14019.485
2017-05-25 22:00:00,13049.0,13166.209
2017-05-25 23:00:00,12228.0,12227.423
2017-05-26 00:00:00,11516.0,11609.007
2017-05-26 01:00:00,11136.0,11147.364
2017-05-26 02:00:00,10925.0,10984.031
2017-05-26 03:00:00,10819.0,10827.26
2017-05-26 04:00:00,10965.0,11016.893
2017-05-26 05:00:00,11509.0,11482.302
2017-05-26 06:00:00,12231.0,12435.049
2017-05-26 07:00:00,12710.0,13304.891
2017-05-26 08:00:00,13435.0,13579.444
2017-05-26 09:00:00,13704.0,13988.011
2017-05-26 10:00:00,14013.0,14060.015
2017-05-26 11:00:00,14136.0,14125.397
2017-05-26 12:00:00,14121.0,14075.042
2017-05-26 13:00:00,14384.0,14029.967
2017-05-26 14:00:00,14398.0,14377.579
2017-05-26 15:00:00,14387.0,14304.88
2017-05-26 16:00:00,14344.0,14355.344
2017-05-26 17:00:00,14317.0,14180.869
2017-05-26 18:00:00,14097.0,14066.487
2017-05-26 19:00:00,13982.0,13894.582
2017-05-26 20:00:00,13773.0,14066.246
2017-05-26 21:00:00,13710.0,13752.299
2017-05-26 22:00:00,12964.0,13016.641
2017-05-26 23:00:00,12054.0,12052.687
2017-05-27 00:00:00,11165.0,11255.15
2017-05-27 01:00:00,10666.0,10697.407
2017-05-27 02:00:00,10369.0,10376.737
2017-05-27 03:00:00,10165.0,10170.871
2017-05-27 04:00:00,10114.0,10193.892
2017-05-27 05:00:00,10257.0,10330.13
2017-05-27 06:00:00,10389.0,10343.675
2017-05-27 07:00:00,10776.0,10693.017
2017-05-27 08:00:00,11358.0,11431.085
2017-05-27 09:00:00,12016.0,11977.199
2017-05-27 10:00:00,12597.0,12399.126
2017-05-27 11:00:00,12963.0,12802.649
2017-05-27 12:00:00,13362.0,13100.036
2017-05-27 13:00:00,13534.0,13442.942
2017-05-27 14:00:00,13830.0,13514.77
2017-05-27 15:00:00,14058.0,13889.397
2017-05-27 16:00:00,14294.0,14105.757
2017-05-27 17:00:00,14386.0,14254.844
2017-05-27 18:00:00,14188.0,14295.032
2017-05-27 19:00:00,13943.0,14002.38
2017-05-27 20:00:00,13681.0,13931.246
2017-05-27 21:00:00,13652.0,13585.976
2017-05-27 22:00:00,12945.0,12915.133
2017-05-27 23:00:00,11881.0,11968.755
2017-05-28 00:00:00,11142.0,11129.244
2017-05-28 01:00:00,10569.0,10596.384
2017-05-28 02:00:00,10186.0,10304.049
2017-05-28 03:00:00,10007.0,9988.742
2017-05-28 04:00:00,9928.0,9910.066
2017-05-28 05:00:00,9934.0,10091.938
2017-05-28 06:00:00,9976.0,10076.719
2017-05-28 07:00:00,10276.0,10437.664
2017-05-28 08:00:00,11035.0,10970.406
2017-05-28 09:00:00,11812.0,11692.57
2017-05-28 10:00:00,12364.0,12293.231
2017-05-28 11:00:00,12798.0,12761.29
2017-05-28 12:00:00,13147.0,13097.22
2017-05-28 13:00:00,13490.0,13355.337
2017-05-28 14:00:00,13622.0,13651.05
2017-05-28 15:00:00,13630.0,13692.337
2017-05-28 16:00:00,13745.0,13675.434
2017-05-28 17:00:00,13791.0,13756.792
2017-05-28 18:00:00,13616.0,13688.858
2017-05-28 19:00:00,13381.0,13410.261
2017-05-28 20:00:00,13102.0,13273.05
2017-05-28 21:00:00,13097.0,13033.193
2017-05-28 22:00:00,12503.0,12379.939
2017-05-28 23:00:00,11692.0,11743.294
2017-05-29 00:00:00,11027.0,11080.213
2017-05-29 01:00:00,10568.0,10652.388
2017-05-29 02:00:00,10189.0,10455.991
2017-05-29 03:00:00,9994.0,10270.011
2017-05-29 04:00:00,9930.0,10272.364
2017-05-29 05:00:00,10015.0,10369.894
2017-05-29 06:00:00,9997.0,10327.958
2017-05-29 07:00:00,10432.0,10417.252
2017-05-29 08:00:00,11203.0,10881.213
2017-05-29 09:00:00,12111.0,11871.17
2017-05-29 10:00:00,12864.0,12948.771
2017-05-29 11:00:00,13508.0,13432.725
2017-05-29 12:00:00,13875.0,13877.724
2017-05-29 13:00:00,14097.0,14071.5625
2017-05-29 14:00:00,14237.0,14236.874
2017-05-29 15:00:00,14243.0,14290.206
2017-05-29 16:00:00,14374.0,14244.039
2017-05-29 17:00:00,14475.0,14422.295
2017-05-29 18:00:00,14279.0,14362.83
2017-05-29 19:00:00,14140.0,14177.028
2017-05-29 20:00:00,13946.0,14344.167
2017-05-29 21:00:00,13970.0,13984.804
2017-05-29 22:00:00,13169.0,13282.097
2017-05-29 23:00:00,12287.0,12252.293
2017-05-30 00:00:00,11373.0,11569.887
2017-05-30 01:00:00,11026.0,10940.221
2017-05-30 02:00:00,10839.0,10747.942
2017-05-30 03:00:00,10625.0,10765.036
2017-05-30 04:00:00,10852.0,10844.505
2017-05-30 05:00:00,11478.0,11409.51
2017-05-30 06:00:00,12198.0,12449.952
2017-05-30 07:00:00,13137.0,13265.902
2017-05-30 08:00:00,13805.0,13967.631
2017-05-30 09:00:00,14436.0,14443.392
2017-05-30 10:00:00,15049.0,15061.161
2017-05-30 11:00:00,15472.0,15401.636
2017-05-30 12:00:00,15861.0,15757.321
2017-05-30 13:00:00,16217.0,16117.1455
2017-05-30 14:00:00,16276.0,16388.357
2017-05-30 15:00:00,16412.0,16240.0205
2017-05-30 16:00:00,16419.0,16431.094
2017-05-30 17:00:00,16351.0,16222.339
2017-05-30 18:00:00,16051.0,16046.161
2017-05-30 19:00:00,15676.0,15753.048
2017-05-30 20:00:00,15183.0,15599.148
2017-05-30 21:00:00,15111.0,15201.462
2017-05-30 22:00:00,13996.0,13992.669
2017-05-30 23:00:00,12895.0,12858.139
2017-05-31 00:00:00,12018.0,12093.005
2017-05-31 01:00:00,11436.0,11480.179
2017-05-31 02:00:00,11053.0,11096.018
2017-05-31 03:00:00,10930.0,10910.814
2017-05-31 04:00:00,11112.0,10970.6045
2017-05-31 05:00:00,11652.0,11794.434
2017-05-31 06:00:00,12330.0,12773.56
2017-05-31 07:00:00,13112.0,13363.789
2017-05-31 08:00:00,13699.0,14023.857
2017-05-31 09:00:00,14097.0,14311.931
2017-05-31 10:00:00,14593.0,14556.789
2017-05-31 11:00:00,14987.0,14843.443
2017-05-31 12:00:00,15274.0,15264.026
2017-05-31 13:00:00,15636.0,15494.6
2017-05-31 14:00:00,15824.0,15774.786
2017-05-31 15:00:00,15894.0,15947.383
2017-05-31 16:00:00,15820.0,15936.968
2017-05-31 17:00:00,15831.0,15660.985
2017-05-31 18:00:00,15514.0,15525.365
2017-05-31 19:00:00,15292.0,15265.184
2017-05-31 20:00:00,14870.0,15240.423
2017-05-31 21:00:00,14789.0,14839.215
2017-05-31 22:00:00,13901.0,13783.751
2017-05-31 23:00:00,12799.0,12739.115
2017-06-01 00:00:00,11993.0,11995.827
2017-06-01 01:00:00,11403.0,11447.76
2017-06-01 02:00:00,11054.0,11089.763
2017-06-01 03:00:00,10872.0,10912.495
2017-06-01 04:00:00,10934.0,10997.613
2017-06-01 05:00:00,11471.0,11471.36
2017-06-01 06:00:00,12115.0,12361.635
2017-06-01 07:00:00,12857.0,13060.419
2017-06-01 08:00:00,13491.0,13765.252
2017-06-01 09:00:00,13982.0,14165.473
2017-06-01 10:00:00,14507.0,14400.135
2017-06-01 11:00:00,14963.0,14798.206
2017-06-01 12:00:00,15271.0,15156.506
2017-06-01 13:00:00,15615.0,15482.962
2017-06-01 14:00:00,15812.0,15752.3545
2017-06-01 15:00:00,15983.0,15922.655
2017-06-01 16:00:00,16169.0,16034.424
2017-06-01 17:00:00,16134.0,16146.769
2017-06-01 18:00:00,15961.0,15900.835
2017-06-01 19:00:00,15651.0,15643.7
2017-06-01 20:00:00,15189.0,15604.352
2017-06-01 21:00:00,14982.0,15200.048
2017-06-01 22:00:00,13979.0,13910.279
2017-06-01 23:00:00,12792.0,12823.616
2017-06-02 00:00:00,11919.0,11963.216
2017-06-02 01:00:00,11311.0,11397.185
2017-06-02 02:00:00,11040.0,11004.999
2017-06-02 03:00:00,10850.0,10895.537
2017-06-02 04:00:00,10958.0,10999.958
2017-06-02 05:00:00,11494.0,11479.144
2017-06-02 06:00:00,12113.0,12416.9795
2017-06-02 07:00:00,12930.0,13105.676
2017-06-02 08:00:00,13521.0,13781.545
2017-06-02 09:00:00,14081.0,14230.081
2017-06-02 10:00:00,14562.0,14512.872
2017-06-02 11:00:00,14925.0,14807.811
2017-06-02 12:00:00,15375.0,15198.888
2017-06-02 13:00:00,15600.0,15665.564
2017-06-02 14:00:00,15980.0,15759.344
2017-06-02 15:00:00,16266.0,16124.922
2017-06-02 16:00:00,16513.0,16387.719
2017-06-02 17:00:00,16524.0,16559.9
2017-06-02 18:00:00,16298.0,16198.258
2017-06-02 19:00:00,15775.0,15877.03
2017-06-02 20:00:00,15166.0,15460.412
2017-06-02 21:00:00,14807.0,15007.791
2017-06-02 22:00:00,13901.0,13807.928
2017-06-02 23:00:00,12587.0,12763.164
2017-06-03 00:00:00,11730.0,11737.608
2017-06-03 01:00:00,11071.0,11150.069
2017-06-03 02:00:00,10678.0,10712.85
2017-06-03 03:00:00,10282.0,10470.165
2017-06-03 04:00:00,10312.0,10298.467
2017-06-03 05:00:00,10470.0,10394.93
2017-06-03 06:00:00,10632.0,10387.549
2017-06-03 07:00:00,11142.0,11079.466
2017-06-03 08:00:00,11767.0,12039.151
2017-06-03 09:00:00,12501.0,12508.188
2017-06-03 10:00:00,13118.0,13087.154
2017-06-03 11:00:00,13807.0,13478.991
2017-06-03 12:00:00,14289.0,14187.406
2017-06-03 13:00:00,14661.0,14531.063
2017-06-03 14:00:00,15119.0,14918.831
2017-06-03 15:00:00,15556.0,15438.805
2017-06-03 16:00:00,15915.0,15828.3
2017-06-03 17:00:00,16133.0,16056.268
2017-06-03 18:00:00,15996.0,15989.905
2017-06-03 19:00:00,15498.0,15608.21
2017-06-03 20:00:00,14952.0,15125.163
2017-06-03 21:00:00,14652.0,14828.418
2017-06-03 22:00:00,13785.0,13767.637
2017-06-03 23:00:00,12736.0,12687.297
2017-06-04 00:00:00,11805.0,11821.841
2017-06-04 01:00:00,11060.0,11223.236
2017-06-04 02:00:00,10717.0,10738.854
2017-06-04 03:00:00,10491.0,10424.86
2017-06-04 04:00:00,10407.0,10130.2705
2017-06-04 05:00:00,10381.0,10159.924
2017-06-04 06:00:00,10337.0,10104.535
2017-06-04 07:00:00,10710.0,10607.999
2017-06-04 08:00:00,11477.0,11499.08
2017-06-04 09:00:00,12360.0,12211.604
2017-06-04 10:00:00,13208.0,12994.063
2017-06-04 11:00:00,13985.0,13795.632
2017-06-04 12:00:00,14821.0,14569.36
2017-06-04 13:00:00,15435.0,15463.121
2017-06-04 14:00:00,15945.0,15917.673
2017-06-04 15:00:00,16280.0,16390.932
2017-06-04 16:00:00,16461.0,16590.168
2017-06-04 17:00:00,16376.0,16623.492
2017-06-04 18:00:00,16068.0,16053.144
2017-06-04 19:00:00,15853.0,15626.509
2017-06-04 20:00:00,15438.0,15509.943
2017-06-04 21:00:00,15280.0,15296.814
2017-06-04 22:00:00,14478.0,14316.518
2017-06-04 23:00:00,13394.0,13415.469
2017-06-05 00:00:00,12487.0,12552.14
2017-06-05 01:00:00,12145.0,11871.907
2017-06-05 02:00:00,11811.0,11783.153
2017-06-05 03:00:00,11669.0,11656.07
2017-06-05 04:00:00,11817.0,11811.435
2017-06-05 05:00:00,12360.0,12359.098
2017-06-05 06:00:00,13115.0,13302.077
2017-06-05 07:00:00,14006.0,13929.849
2017-06-05 08:00:00,14596.0,14678.627
2017-06-05 09:00:00,15176.0,15216.877
2017-06-05 10:00:00,15719.0,15839.137
2017-06-05 11:00:00,16209.0,16257.895
2017-06-05 12:00:00,16421.0,16700.184
2017-06-05 13:00:00,16932.0,16652.52
2017-06-05 14:00:00,16970.0,17126.262
2017-06-05 15:00:00,16815.0,17000.244
2017-06-05 16:00:00,16667.0,16740.424
2017-06-05 17:00:00,16270.0,16426.068
2017-06-05 18:00:00,16118.0,15914.722
2017-06-05 19:00:00,15706.0,15869.298
2017-06-05 20:00:00,15189.0,15571.254
2017-06-05 21:00:00,14949.0,15225.475
2017-06-05 22:00:00,14136.0,13953.611
2017-06-05 23:00:00,13036.0,12994.327
2017-06-06 00:00:00,12166.0,12224.5
2017-06-06 01:00:00,11692.0,11663.674
2017-06-06 02:00:00,11253.0,11365.55
2017-06-06 03:00:00,11128.0,11160.349
2017-06-06 04:00:00,11195.0,11322.929
2017-06-06 05:00:00,11625.0,11758.476
2017-06-06 06:00:00,12310.0,12459.362
2017-06-06 07:00:00,13083.0,13291.281
2017-06-06 08:00:00,13695.0,13907.637
2017-06-06 09:00:00,14124.0,14297.341
2017-06-06 10:00:00,14559.0,14627.665
2017-06-06 11:00:00,14893.0,14881.707
2017-06-06 12:00:00,15178.0,15182.731
2017-06-06 13:00:00,15401.0,15411.081
2017-06-06 14:00:00,15539.0,15513.586
2017-06-06 15:00:00,15551.0,15523.181
2017-06-06 16:00:00,15535.0,15541.171
2017-06-06 17:00:00,15368.0,15396.954
2017-06-06 18:00:00,15071.0,15067.365
2017-06-06 19:00:00,14749.0,14888.824
2017-06-06 20:00:00,14431.0,14659.9
2017-06-06 21:00:00,14374.0,14355.718
2017-06-06 22:00:00,13665.0,13570.402
2017-06-06 23:00:00,12703.0,12681.745
2017-06-07 00:00:00,11800.0,11928.438
2017-06-07 01:00:00,11335.0,11324.505
2017-06-07 02:00:00,11001.0,11119.661
2017-06-07 03:00:00,10922.0,10936.7295
2017-06-07 04:00:00,10969.0,11041.504
2017-06-07 05:00:00,11526.0,11475.898
2017-06-07 06:00:00,12112.0,12422.105
2017-06-07 07:00:00,12821.0,13075.437
2017-06-07 08:00:00,13303.0,13691.758
2017-06-07 09:00:00,13588.0,14006.252
2017-06-07 10:00:00,13875.0,14069.221
2017-06-07 11:00:00,14056.0,14080.564
2017-06-07 12:00:00,14136.0,14207.385
2017-06-07 13:00:00,14324.0,14207.983
2017-06-07 14:00:00,14324.0,14339.66
2017-06-07 15:00:00,14101.0,14352.84
2017-06-07 16:00:00,14128.0,14048.653
2017-06-07 17:00:00,14016.0,14024.359
2017-06-07 18:00:00,13891.0,13838.547
2017-06-07 19:00:00,13703.0,13843.582
2017-06-07 20:00:00,13788.0,13820.049
2017-06-07 21:00:00,13880.0,13893.335
2017-06-07 22:00:00,13170.0,13173.397
2017-06-07 23:00:00,12327.0,12291.718
2017-06-08 00:00:00,11620.0,11648.524
2017-06-08 01:00:00,11223.0,11248.494
2017-06-08 02:00:00,10909.0,11076.428
2017-06-08 03:00:00,10897.0,10849.834
2017-06-08 04:00:00,10965.0,11029.033
2017-06-08 05:00:00,11581.0,11521.394
2017-06-08 06:00:00,12198.0,12595.109
2017-06-08 07:00:00,12956.0,13290.694
2017-06-08 08:00:00,13450.0,13759.768
2017-06-08 09:00:00,13786.0,14080.03
2017-06-08 10:00:00,14213.0,14189.27
2017-06-08 11:00:00,14383.0,14390.117
2017-06-08 12:00:00,14761.0,14412.734
2017-06-08 13:00:00,15016.0,14893.755
2017-06-08 14:00:00,15122.0,15048.087
2017-06-08 15:00:00,15173.0,15147.133
2017-06-08 16:00:00,15167.0,15200.517
2017-06-08 17:00:00,15093.0,15124.51
2017-06-08 18:00:00,14990.0,15002.862
2017-06-08 19:00:00,14742.0,14893.824
2017-06-08 20:00:00,14531.0,14855.532
2017-06-08 21:00:00,14480.0,14510.429
2017-06-08 22:00:00,13828.0,13661.443
2017-06-08 23:00:00,12596.0,12800.513
2017-06-09 00:00:00,11819.0,11845.582
2017-06-09 01:00:00,11233.0,11303.299
2017-06-09 02:00:00,10938.0,11020.628
2017-06-09 03:00:00,10845.0,10780.556
2017-06-09 04:00:00,10964.0,11001.998
2017-06-09 05:00:00,11433.0,11497.358
2017-06-09 06:00:00,12033.0,12293.623
2017-06-09 07:00:00,12789.0,13093.36
2017-06-09 08:00:00,13436.0,13659.514
2017-06-09 09:00:00,13948.0,14104.39
2017-06-09 10:00:00,14376.0,14312.799
2017-06-09 11:00:00,14856.0,14563.308
2017-06-09 12:00:00,15304.0,15080.83
2017-06-09 13:00:00,15644.0,15591.444
2017-06-09 14:00:00,15848.0,15839.261
2017-06-09 15:00:00,16020.0,16005.552
2017-06-09 16:00:00,16124.0,16106.939
2017-06-09 17:00:00,16185.0,16067.611
2017-06-09 18:00:00,15925.0,15976.808
2017-06-09 19:00:00,15441.0,15508.873
2017-06-09 20:00:00,15035.0,15253.328
2017-06-09 21:00:00,14830.0,14997.899
2017-06-09 22:00:00,14097.0,13932.855
2017-06-09 23:00:00,12945.0,13028.865
2017-06-10 00:00:00,12115.0,12041.011
2017-06-10 01:00:00,11353.0,11510.252
2017-06-10 02:00:00,11043.0,11029.117
2017-06-10 03:00:00,10727.0,10766.02
2017-06-10 04:00:00,10746.0,10635.972
2017-06-10 05:00:00,10910.0,10775.796
2017-06-10 06:00:00,10898.0,11072.67
2017-06-10 07:00:00,11496.0,11395.027
2017-06-10 08:00:00,12305.0,12325.292
2017-06-10 09:00:00,13150.0,12948.734
2017-06-10 10:00:00,13848.0,13617.827
2017-06-10 11:00:00,14512.0,14334.879
2017-06-10 12:00:00,15111.0,14862.373
2017-06-10 13:00:00,15553.0,15384.218
2017-06-10 14:00:00,16051.0,15932.203
2017-06-10 15:00:00,16382.0,16410.01
2017-06-10 16:00:00,16696.0,16653.396
2017-06-10 17:00:00,16944.0,16788.742
2017-06-10 18:00:00,16813.0,16854.648
2017-06-10 19:00:00,16417.0,16329.411
2017-06-10 20:00:00,15730.0,15988.41
2017-06-10 21:00:00,15307.0,15655.468
2017-06-10 22:00:00,14548.0,14361.105
2017-06-10 23:00:00,13423.0,13457.392
2017-06-11 00:00:00,12471.0,12424.189
2017-06-11 01:00:00,11645.0,11786.104
2017-06-11 02:00:00,11221.0,11324.16
2017-06-11 03:00:00,10914.0,10870.784
2017-06-11 04:00:00,10661.0,10807.956
2017-06-11 05:00:00,10651.0,10722.179
2017-06-11 06:00:00,10510.0,10714.078
2017-06-11 07:00:00,11217.0,11068.347
2017-06-11 08:00:00,12187.0,12084.028
2017-06-11 09:00:00,13274.0,13000.364
2017-06-11 10:00:00,14243.0,14007.621
2017-06-11 11:00:00,15204.0,15027.074
2017-06-11 12:00:00,15944.0,15947.684
2017-06-11 13:00:00,16537.0,16558.232
2017-06-11 14:00:00,17003.0,16991.668
2017-06-11 15:00:00,17485.0,17437.852
2017-06-11 16:00:00,17865.0,17807.754
2017-06-11 17:00:00,18110.0,18045.104
2017-06-11 18:00:00,18037.0,17849.2
2017-06-11 19:00:00,17774.0,17605.104
2017-06-11 20:00:00,17154.0,17263.303
2017-06-11 21:00:00,16828.0,16884.344
2017-06-11 22:00:00,15912.0,16014.9795
2017-06-11 23:00:00,14588.0,14729.877
2017-06-12 00:00:00,13619.0,13512.916
2017-06-12 01:00:00,12864.0,12857.658
2017-06-12 02:00:00,12448.0,12370.606
2017-06-12 03:00:00,12169.0,12229.703
2017-06-12 04:00:00,12184.0,12184.927
2017-06-12 05:00:00,12642.0,12664.981
2017-06-12 06:00:00,13295.0,13415.512
2017-06-12 07:00:00,14415.0,14310.6045
2017-06-12 08:00:00,15538.0,15287.27
2017-06-12 09:00:00,16498.0,16321.225
2017-06-12 10:00:00,17674.0,17442.902
2017-06-12 11:00:00,18507.0,18537.771
2017-06-12 12:00:00,19393.0,19192.023
2017-06-12 13:00:00,19964.0,20044.32
2017-06-12 14:00:00,20329.0,20264.363
2017-06-12 15:00:00,20328.0,20409.994
2017-06-12 16:00:00,20482.0,20287.29
2017-06-12 17:00:00,20471.0,20353.816
2017-06-12 18:00:00,20338.0,20045.32
2017-06-12 19:00:00,20251.0,19707.99
2017-06-12 20:00:00,19626.0,19785.076
2017-06-12 21:00:00,19220.0,19374.525
2017-06-12 22:00:00,18054.0,18150.893
2017-06-12 23:00:00,16533.0,16528.66
2017-06-13 00:00:00,15263.0,15159.681
2017-06-13 01:00:00,14351.0,14381.655
2017-06-13 02:00:00,13666.0,13652.415
2017-06-13 03:00:00,13286.0,13225.976
2017-06-13 04:00:00,13286.0,13195.953
2017-06-13 05:00:00,13639.0,13760.897
2017-06-13 06:00:00,14359.0,14312.444
2017-06-13 07:00:00,15468.0,15330.893
2017-06-13 08:00:00,16340.0,16228.916
2017-06-13 09:00:00,17360.0,17135.72
2017-06-13 10:00:00,18158.0,18353.965
2017-06-13 11:00:00,18775.0,18766.975
2017-06-13 12:00:00,19435.0,19349.922
2017-06-13 13:00:00,19679.0,19845.006
2017-06-13 14:00:00,19455.0,19675.613
2017-06-13 15:00:00,19113.0,19168.625
2017-06-13 16:00:00,19088.0,18844.938
2017-06-13 17:00:00,18796.0,18653.166
2017-06-13 18:00:00,18497.0,18418.562
2017-06-13 19:00:00,18113.0,18012.852
2017-06-13 20:00:00,17497.0,17700.562
2017-06-13 21:00:00,17184.0,17200.838
2017-06-13 22:00:00,16225.0,16196.483
2017-06-13 23:00:00,14982.0,14787.4795
2017-06-14 00:00:00,13944.0,13780.151
2017-06-14 01:00:00,13216.0,13140.618
2017-06-14 02:00:00,12767.0,12739.262
2017-06-14 03:00:00,12496.0,12535.432
2017-06-14 04:00:00,12576.0,12541.967
2017-06-14 05:00:00,13043.0,13061.238
2017-06-14 06:00:00,13656.0,13856.854
2017-06-14 07:00:00,14598.0,14511.494
2017-06-14 08:00:00,15531.0,15327.545
2017-06-14 09:00:00,16319.0,16169.009
2017-06-14 10:00:00,17241.0,17040.652
2017-06-14 11:00:00,17812.0,17880.4
2017-06-14 12:00:00,18414.0,18336.623
2017-06-14 13:00:00,18955.0,18752.209
2017-06-14 14:00:00,19488.0,19236.137
2017-06-14 15:00:00,19686.0,19648.03
2017-06-14 16:00:00,19691.0,19768.93
2017-06-14 17:00:00,19544.0,19475.049
2017-06-14 18:00:00,19068.0,19079.033
2017-06-14 19:00:00,18473.0,18524.863
2017-06-14 20:00:00,17929.0,18071.293
2017-06-14 21:00:00,17554.0,17760.121
2017-06-14 22:00:00,16407.0,16543.121
2017-06-14 23:00:00,15027.0,15017.097
2017-06-15 00:00:00,14109.0,13896.784
2017-06-15 01:00:00,13322.0,13314.649
2017-06-15 02:00:00,12832.0,12853.02
2017-06-15 03:00:00,12595.0,12515.669
2017-06-15 04:00:00,12581.0,12595.146
2017-06-15 05:00:00,13096.0,13049.174
2017-06-15 06:00:00,13639.0,13912.471
2017-06-15 07:00:00,14559.0,14520.684
2017-06-15 08:00:00,15406.0,15380.693
2017-06-15 09:00:00,16264.0,16156.501
2017-06-15 10:00:00,17096.0,17187.162
2017-06-15 11:00:00,17839.0,17716.5
2017-06-15 12:00:00,18577.0,18522.14
2017-06-15 13:00:00,19375.0,19169.523
2017-06-15 14:00:00,19658.0,19812.152
2017-06-15 15:00:00,19828.0,19852.81
2017-06-15 16:00:00,19973.0,19857.762
2017-06-15 17:00:00,19844.0,19924.617
2017-06-15 18:00:00,19395.0,19520.994
2017-06-15 19:00:00,18766.0,18794.797
2017-06-15 20:00:00,18214.0,18348.629
2017-06-15 21:00:00,17712.0,18056.021
2017-06-15 22:00:00,16728.0,16631.88
2017-06-15 23:00:00,15340.0,15296.94
2017-06-16 00:00:00,14231.0,14143.125
2017-06-16 01:00:00,13350.0,13416.489
2017-06-16 02:00:00,12975.0,12804.945
2017-06-16 03:00:00,12626.0,12661.142
2017-06-16 04:00:00,12641.0,12594.239
2017-06-16 05:00:00,12983.0,13052.161
2017-06-16 06:00:00,13700.0,13664.993
2017-06-16 07:00:00,14579.0,14651.42
2017-06-16 08:00:00,15581.0,15407.6875
2017-06-16 09:00:00,16406.0,16385.682
2017-06-16 10:00:00,17259.0,17256.846
2017-06-16 11:00:00,17887.0,17851.896
2017-06-16 12:00:00,18354.0,18476.812
2017-06-16 13:00:00,18845.0,18882.33
2017-06-16 14:00:00,19089.0,19123.977
2017-06-16 15:00:00,19228.0,19166.234
2017-06-16 16:00:00,19306.0,19284.969
2017-06-16 17:00:00,19262.0,19217.45
2017-06-16 18:00:00,18928.0,18775.49
2017-06-16 19:00:00,18415.0,18331.87
2017-06-16 20:00:00,17753.0,17889.023
2017-06-16 21:00:00,17349.0,17545.693
2017-06-16 22:00:00,16461.0,16413.598
2017-06-16 23:00:00,15091.0,15154.962
2017-06-17 00:00:00,13920.0,13936.989
2017-06-17 01:00:00,13042.0,13128.445
2017-06-17 02:00:00,12478.0,12537.7295
2017-06-17 03:00:00,12037.0,12097.781
2017-06-17 04:00:00,11913.0,11804.963
2017-06-17 05:00:00,11991.0,11896.268
2017-06-17 06:00:00,12013.0,11948.378
2017-06-17 07:00:00,12646.0,12552.691
2017-06-17 08:00:00,13760.0,13653.738
2017-06-17 09:00:00,14881.0,14781.793
2017-06-17 10:00:00,16039.0,15960.869
2017-06-17 11:00:00,16774.0,16935.145
2017-06-17 12:00:00,17490.0,17203.723
2017-06-17 13:00:00,17989.0,18008.418
2017-06-17 14:00:00,18430.0,18372.379
2017-06-17 15:00:00,18793.0,18662.72
2017-06-17 16:00:00,18964.0,19063.877
2017-06-17 17:00:00,18999.0,19037.918
2017-06-17 18:00:00,18555.0,18656.443
2017-06-17 19:00:00,18005.0,17955.238
2017-06-17 20:00:00,17303.0,17464.85
2017-06-17 21:00:00,16942.0,17080.287
2017-06-17 22:00:00,16019.0,16059.856
2017-06-17 23:00:00,14903.0,14793.472
2017-06-18 00:00:00,13969.0,13778.305
2017-06-18 01:00:00,13191.0,13176.097
2017-06-18 02:00:00,12633.0,12642.647
2017-06-18 03:00:00,12253.0,12229.714
2017-06-18 04:00:00,11936.0,11950.889
2017-06-18 05:00:00,11927.0,11846.919
2017-06-18 06:00:00,11976.0,11727.403
2017-06-18 07:00:00,12537.0,12455.991
2017-06-18 08:00:00,13539.0,13672.388
2017-06-18 09:00:00,14535.0,14619.543
2017-06-18 10:00:00,15550.0,15645.529
2017-06-18 11:00:00,16350.0,16441.414
2017-06-18 12:00:00,16994.0,17007.943
2017-06-18 13:00:00,17359.0,17615.873
2017-06-18 14:00:00,17609.0,17712.746
2017-06-18 15:00:00,17799.0,17810.455
2017-06-18 16:00:00,17850.0,17941.178
2017-06-18 17:00:00,17812.0,17773.186
2017-06-18 18:00:00,17418.0,17402.805
2017-06-18 19:00:00,16953.0,16925.836
2017-06-18 20:00:00,16616.0,16544.785
2017-06-18 21:00:00,16250.0,16528.549
2017-06-18 22:00:00,15466.0,15415.132
2017-06-18 23:00:00,14281.0,14313.559
2017-06-19 00:00:00,13336.0,13342.543
2017-06-19 01:00:00,12741.0,12642.045
2017-06-19 02:00:00,12452.0,12357.095
2017-06-19 03:00:00,12214.0,12271.012
2017-06-19 04:00:00,12354.0,12282.491
2017-06-19 05:00:00,12860.0,12870.6875
2017-06-19 06:00:00,13556.0,13778.819
2017-06-19 07:00:00,14476.0,14440.289
2017-06-19 08:00:00,15295.0,15262.433
2017-06-19 09:00:00,16009.0,16114.544
2017-06-19 10:00:00,16626.0,16902.754
2017-06-19 11:00:00,17177.0,17141.166
2017-06-19 12:00:00,17532.0,17530.857
2017-06-19 13:00:00,17896.0,17900.355
2017-06-19 14:00:00,17953.0,18062.736
2017-06-19 15:00:00,17604.0,17979.773
2017-06-19 16:00:00,17093.0,17519.953
2017-06-19 17:00:00,16747.0,16764.863
2017-06-19 18:00:00,16338.0,16369.299
2017-06-19 19:00:00,15945.0,15980.517
2017-06-19 20:00:00,15470.0,15679.116
2017-06-19 21:00:00,15191.0,15459.339
2017-06-19 22:00:00,14408.0,14260.466
2017-06-19 23:00:00,13056.0,13248.6
2017-06-20 00:00:00,12322.0,12261.437
2017-06-20 01:00:00,11744.0,11820.025
2017-06-20 02:00:00,11461.0,11486.487
2017-06-20 03:00:00,11311.0,11312.513
2017-06-20 04:00:00,11331.0,11393.507
2017-06-20 05:00:00,11794.0,11907.298
2017-06-20 06:00:00,12461.0,12463.418
2017-06-20 07:00:00,13310.0,13157.563
2017-06-20 08:00:00,14036.0,14040.597
2017-06-20 09:00:00,14728.0,14628.682
2017-06-20 10:00:00,15349.0,15352.596
2017-06-20 11:00:00,15840.0,15667.508
2017-06-20 12:00:00,16373.0,16168.875
2017-06-20 13:00:00,16847.0,16799.988
2017-06-20 14:00:00,17189.0,17095.447
2017-06-20 15:00:00,17323.0,17386.918
2017-06-20 16:00:00,17493.0,17508.53
2017-06-20 17:00:00,17489.0,17484.797
2017-06-20 18:00:00,17328.0,17246.543
2017-06-20 19:00:00,16884.0,16915.371
2017-06-20 20:00:00,16335.0,16494.021
2017-06-20 21:00:00,16085.0,16259.462
2017-06-20 22:00:00,15141.0,15124.348
2017-06-20 23:00:00,13821.0,13853.547
2017-06-21 00:00:00,12883.0,12869.813
2017-06-21 01:00:00,12164.0,12254.713
2017-06-21 02:00:00,11674.0,11825.174
2017-06-21 03:00:00,11455.0,11450.066
2017-06-21 04:00:00,11597.0,11512.579
2017-06-21 05:00:00,12014.0,12081.44
2017-06-21 06:00:00,12517.0,12758.962
2017-06-21 07:00:00,13321.0,13270.379
2017-06-21 08:00:00,14106.0,14093.52
2017-06-21 09:00:00,14895.0,14767.039
2017-06-21 10:00:00,15700.0,15683.655
2017-06-21 11:00:00,16477.0,16247.255
2017-06-21 12:00:00,17136.0,17114.186
2017-06-21 13:00:00,17666.0,17710.244
2017-06-21 14:00:00,18171.0,18128.498
2017-06-21 15:00:00,18477.0,18538.555
2017-06-21 16:00:00,18707.0,18739.127
2017-06-21 17:00:00,18837.0,18811.291
2017-06-21 18:00:00,18531.0,18638.969
2017-06-21 19:00:00,18079.0,18044.787
2017-06-21 20:00:00,17689.0,17629.32
2017-06-21 21:00:00,17219.0,17491.889
2017-06-21 22:00:00,16149.0,16104.387
2017-06-21 23:00:00,14760.0,14769.383
2017-06-22 00:00:00,13825.0,13675.844
2017-06-22 01:00:00,13142.0,13073.121
2017-06-22 02:00:00,12701.0,12674.216
2017-06-22 03:00:00,12465.0,12432.532
2017-06-22 04:00:00,12484.0,12519.849
2017-06-22 05:00:00,12890.0,13043.71
2017-06-22 06:00:00,13587.0,13615.956
2017-06-22 07:00:00,14609.0,14473.472
2017-06-22 08:00:00,15478.0,15399.769
2017-06-22 09:00:00,16250.0,16236.714
2017-06-22 10:00:00,17142.0,17265.113
2017-06-22 11:00:00,17952.0,17915.334
2017-06-22 12:00:00,18638.0,18706.297
2017-06-22 13:00:00,19130.0,19217.428
2017-06-22 14:00:00,19254.0,19458.29
2017-06-22 15:00:00,19441.0,19361.291
2017-06-22 16:00:00,19351.0,19535.824
2017-06-22 17:00:00,19219.0,19168.559
2017-06-22 18:00:00,18957.0,18735.863
2017-06-22 19:00:00,18443.0,18401.393
2017-06-22 20:00:00,17974.0,18030.33
2017-06-22 21:00:00,17762.0,17752.797
2017-06-22 22:00:00,16750.0,16749.898
2017-06-22 23:00:00,15536.0,15308.265
2017-06-23 00:00:00,14349.0,14337.409
2017-06-23 01:00:00,13732.0,13553.539
2017-06-23 02:00:00,13144.0,13233.803
2017-06-23 03:00:00,12961.0,12860.72
2017-06-23 04:00:00,13022.0,12977.975
2017-06-23 05:00:00,13462.0,13481.23
2017-06-23 06:00:00,14253.0,14371.811
2017-06-23 07:00:00,15049.0,15117.027
2017-06-23 08:00:00,15687.0,15822.256
2017-06-23 09:00:00,16209.0,16426.234
2017-06-23 10:00:00,16813.0,16950.807
2017-06-23 11:00:00,17103.0,17352.049
2017-06-23 12:00:00,17237.0,17471.799
2017-06-23 13:00:00,17469.0,17479.525
2017-06-23 14:00:00,17495.0,17570.23
2017-06-23 15:00:00,17275.0,17422.742
2017-06-23 16:00:00,17201.0,17160.26
2017-06-23 17:00:00,16877.0,17007.621
2017-06-23 18:00:00,16459.0,16452.973
2017-06-23 19:00:00,16176.0,15985.34
2017-06-23 20:00:00,15883.0,15822.913
2017-06-23 21:00:00,15577.0,15868.092
2017-06-23 22:00:00,14817.0,14819.053
2017-06-23 23:00:00,13738.0,13681.97
2017-06-24 00:00:00,12794.0,12801.826
2017-06-24 01:00:00,12101.0,12164.209
2017-06-24 02:00:00,11543.0,11700.493
2017-06-24 03:00:00,11282.0,11282.74
2017-06-24 04:00:00,11030.0,11177.47
2017-06-24 05:00:00,11268.0,11118.694
2017-06-24 06:00:00,11262.0,11356.271
2017-06-24 07:00:00,11849.0,11711.818
2017-06-24 08:00:00,12720.0,12635.1
2017-06-24 09:00:00,13536.0,13504.292
2017-06-24 10:00:00,14182.0,14089.711
2017-06-24 11:00:00,14807.0,14650.578
2017-06-24 12:00:00,15237.0,15044.585
2017-06-24 13:00:00,15537.0,15415.523
2017-06-24 14:00:00,15730.0,15698.683
2017-06-24 15:00:00,15874.0,15859.716
2017-06-24 16:00:00,16142.0,16031.409
2017-06-24 17:00:00,16188.0,16191.16
2017-06-24 18:00:00,16054.0,15946.526
2017-06-24 19:00:00,15576.0,15683.171
2017-06-24 20:00:00,14852.0,15251.935
2017-06-24 21:00:00,14467.0,14614.531
2017-06-24 22:00:00,13698.0,13685.989
2017-06-24 23:00:00,12624.0,12752.119
2017-06-25 00:00:00,11663.0,11753.038
2017-06-25 01:00:00,11144.0,11081.152
2017-06-25 02:00:00,10642.0,10804.684
2017-06-25 03:00:00,10426.0,10531.101
2017-06-25 04:00:00,10349.0,10313.283
2017-06-25 05:00:00,10360.0,10397.549
2017-06-25 06:00:00,10233.0,10371.965
2017-06-25 07:00:00,10639.0,10709.979
2017-06-25 08:00:00,11459.0,11551.652
2017-06-25 09:00:00,12148.0,12285.994
2017-06-25 10:00:00,12658.0,12735.604
2017-06-25 11:00:00,13144.0,13176.253
2017-06-25 12:00:00,13494.0,13613.544
2017-06-25 13:00:00,13733.0,13891.851
2017-06-25 14:00:00,13956.0,14015.095
2017-06-25 15:00:00,14134.0,14359.626
2017-06-25 16:00:00,14377.0,14368.1875
2017-06-25 17:00:00,14525.0,14505.193
2017-06-25 18:00:00,14549.0,14425.215
2017-06-25 19:00:00,14510.0,14369.194
2017-06-25 20:00:00,13871.0,14493.442
2017-06-25 21:00:00,13726.0,13696.597
2017-06-25 22:00:00,13105.0,13137.459
2017-06-25 23:00:00,12142.0,12306.677
2017-06-26 00:00:00,11490.0,11506.865
2017-06-26 01:00:00,11080.0,11016.359
2017-06-26 02:00:00,10739.0,10828.308
2017-06-26 03:00:00,10508.0,10580.558
2017-06-26 04:00:00,10766.0,10739.709
2017-06-26 05:00:00,11323.0,11009.131
2017-06-26 06:00:00,11866.0,12081.387
2017-06-26 07:00:00,12706.0,12853.008
2017-06-26 08:00:00,13398.0,13598.775
2017-06-26 09:00:00,13958.0,14193.315
2017-06-26 10:00:00,14476.0,14616.423
2017-06-26 11:00:00,14784.0,14856.958
2017-06-26 12:00:00,14996.0,15020.866
2017-06-26 13:00:00,15313.0,15241.158
2017-06-26 14:00:00,15394.0,15406.941
2017-06-26 15:00:00,15428.0,15380.462
2017-06-26 16:00:00,15425.0,15467.44
2017-06-26 17:00:00,15350.0,15338.962
2017-06-26 18:00:00,15217.0,15208.724
2017-06-26 19:00:00,14890.0,15092.274
2017-06-26 20:00:00,14531.0,14930.935
2017-06-26 21:00:00,14567.0,14450.52
2017-06-26 22:00:00,13667.0,13727.541
2017-06-26 23:00:00,12713.0,12653.971
2017-06-27 00:00:00,11897.0,11955.098
2017-06-27 01:00:00,11293.0,11454.715
2017-06-27 02:00:00,11082.0,11034.193
2017-06-27 03:00:00,11007.0,10897.8955
2017-06-27 04:00:00,11108.0,11135.61
2017-06-27 05:00:00,11553.0,11776.617
2017-06-27 06:00:00,12171.0,12326.738
2017-06-27 07:00:00,12834.0,13273.927
2017-06-27 08:00:00,13444.0,13673.761
2017-06-27 09:00:00,13897.0,14149.539
2017-06-27 10:00:00,14250.0,14417.009
2017-06-27 11:00:00,14563.0,14566.552
2017-06-27 12:00:00,14804.0,14755.394
2017-06-27 13:00:00,15097.0,15053.554
2017-06-27 14:00:00,15335.0,15235.929
2017-06-27 15:00:00,15373.0,15400.207
2017-06-27 16:00:00,15511.0,15414.036
2017-06-27 17:00:00,15589.0,15494.528
2017-06-27 18:00:00,15358.0,15488.85
2017-06-27 19:00:00,15048.0,15234.536
2017-06-27 20:00:00,14673.0,15128.917
2017-06-27 21:00:00,14606.0,14625.532
2017-06-27 22:00:00,13725.0,13810.504
2017-06-27 23:00:00,12590.0,12737.592
2017-06-28 00:00:00,11762.0,11870.127
2017-06-28 01:00:00,11306.0,11273.432
2017-06-28 02:00:00,11043.0,11012.5205
2017-06-28 03:00:00,10947.0,10930.428
2017-06-28 04:00:00,11029.0,11013.364
2017-06-28 05:00:00,11517.0,11582.091
2017-06-28 06:00:00,12082.0,12332.295
2017-06-28 07:00:00,12821.0,13143.581
2017-06-28 08:00:00,13273.0,13705.814
2017-06-28 09:00:00,13873.0,13996.812
2017-06-28 10:00:00,14444.0,14395.925
2017-06-28 11:00:00,14763.0,14860.333
2017-06-28 12:00:00,15048.0,15004.61
2017-06-28 13:00:00,15397.0,15348.251
2017-06-28 14:00:00,15750.0,15560.282
2017-06-28 15:00:00,15951.0,15893.842
2017-06-28 16:00:00,16266.0,16115.848
2017-06-28 17:00:00,16429.0,16306.496
2017-06-28 18:00:00,16348.0,16331.352
2017-06-28 19:00:00,16067.0,16122.698
2017-06-28 20:00:00,15696.0,15869.399
2017-06-28 21:00:00,15524.0,15690.205
2017-06-28 22:00:00,14669.0,14550.772
2017-06-28 23:00:00,13460.0,13483.269
2017-06-29 00:00:00,12527.0,12552.521
2017-06-29 01:00:00,12056.0,11907.451
2017-06-29 02:00:00,11687.0,11738.854
2017-06-29 03:00:00,11415.0,11477.985
2017-06-29 04:00:00,11545.0,11413.86
2017-06-29 05:00:00,12005.0,12003.393
2017-06-29 06:00:00,12652.0,12854.65
2017-06-29 07:00:00,13471.0,13558.297
2017-06-29 08:00:00,14245.0,14280.866
2017-06-29 09:00:00,14992.0,14849.046
2017-06-29 10:00:00,16015.0,15486.456
2017-06-29 11:00:00,16812.0,16544.982
2017-06-29 12:00:00,17743.0,17459.426
2017-06-29 13:00:00,18422.0,18379.604
2017-06-29 14:00:00,18876.0,18843.814
2017-06-29 15:00:00,19169.0,19180.125
2017-06-29 16:00:00,19462.0,19390.834
2017-06-29 17:00:00,19466.0,19412.719
2017-06-29 18:00:00,19250.0,19078.287
2017-06-29 19:00:00,18839.0,18684.441
2017-06-29 20:00:00,18194.0,18346.184
2017-06-29 21:00:00,17891.0,17910.975
2017-06-29 22:00:00,16796.0,16788.004
2017-06-29 23:00:00,15411.0,15347.334
2017-06-30 00:00:00,14235.0,14264.962
2017-06-30 01:00:00,13501.0,13429.104
2017-06-30 02:00:00,12972.0,12928.099
2017-06-30 03:00:00,12730.0,12651.934
2017-06-30 04:00:00,12751.0,12739.022
2017-06-30 05:00:00,13123.0,13287.498
2017-06-30 06:00:00,13752.0,13969.515
2017-06-30 07:00:00,14534.0,14627.15
2017-06-30 08:00:00,15376.0,15341.7705
2017-06-30 09:00:00,16267.0,16118.885
2017-06-30 10:00:00,17144.0,17244.61
2017-06-30 11:00:00,17787.0,17942.203
2017-06-30 12:00:00,18396.0,18497.89
2017-06-30 13:00:00,18987.0,18908.504
2017-06-30 14:00:00,19268.0,19318.225
2017-06-30 15:00:00,19344.0,19441.264
2017-06-30 16:00:00,19119.0,19342.031
2017-06-30 17:00:00,18837.0,18809.465
2017-06-30 18:00:00,18222.0,18287.357
2017-06-30 19:00:00,17520.0,17692.17
2017-06-30 20:00:00,17023.0,16939.209
2017-06-30 21:00:00,16779.0,16765.564
2017-06-30 22:00:00,15792.0,15856.563
2017-06-30 23:00:00,14508.0,14374.17
2017-07-01 00:00:00,13424.0,13333.58
2017-07-01 01:00:00,12732.0,12633.617
2017-07-01 02:00:00,12224.0,12237.727
2017-07-01 03:00:00,11881.0,11896.841
2017-07-01 04:00:00,11774.0,11744.462
2017-07-01 05:00:00,11824.0,11842.079
2017-07-01 06:00:00,11930.0,11955.127
2017-07-01 07:00:00,12359.0,12466.908
2017-07-01 08:00:00,13234.0,13213.172
2017-07-01 09:00:00,14080.0,14048.198
2017-07-01 10:00:00,15067.0,14808.094
2017-07-01 11:00:00,15820.0,15736.941
2017-07-01 12:00:00,16410.0,16327.583
2017-07-01 13:00:00,16842.0,16775.316
2017-07-01 14:00:00,17179.0,17084.785
2017-07-01 15:00:00,17419.0,17424.336
2017-07-01 16:00:00,17629.0,17595.803
2017-07-01 17:00:00,17613.0,17610.225
2017-07-01 18:00:00,17308.0,17219.781
2017-07-01 19:00:00,16773.0,16831.828
2017-07-01 20:00:00,16088.0,16302.437
2017-07-01 21:00:00,15675.0,15865.059
2017-07-01 22:00:00,14906.0,14837.733
2017-07-01 23:00:00,13849.0,13844.522
2017-07-02 00:00:00,12909.0,12890.287
2017-07-02 01:00:00,12110.0,12196.465
2017-07-02 02:00:00,11678.0,11712.995
2017-07-02 03:00:00,11292.0,11341.986
2017-07-02 04:00:00,11091.0,11107.023
2017-07-02 05:00:00,11116.0,11033.701
2017-07-02 06:00:00,10939.0,11148.612
2017-07-02 07:00:00,11408.0,11386.086
2017-07-02 08:00:00,12504.0,12404.317
2017-07-02 09:00:00,13670.0,13599.166
2017-07-02 10:00:00,14646.0,14552.099
2017-07-02 11:00:00,15383.0,15518.255
2017-07-02 12:00:00,16005.0,16051.267
2017-07-02 13:00:00,16546.0,16535.984
2017-07-02 14:00:00,16795.0,16987.576
2017-07-02 15:00:00,17214.0,17084.51
2017-07-02 16:00:00,17572.0,17520.545
2017-07-02 17:00:00,17743.0,17680.262
2017-07-02 18:00:00,17562.0,17587.336
2017-07-02 19:00:00,17154.0,17130.22
2017-07-02 20:00:00,16344.0,16671.625
2017-07-02 21:00:00,15792.0,16203.287
2017-07-02 22:00:00,14820.0,15106.425
2017-07-02 23:00:00,13664.0,13727.653
2017-07-03 00:00:00,12718.0,12681.156
2017-07-03 01:00:00,11954.0,12100.958
2017-07-03 02:00:00,11449.0,11607.76
2017-07-03 03:00:00,11133.0,11208.186
2017-07-03 04:00:00,11116.0,11165.511
2017-07-03 05:00:00,11391.0,11529.203
2017-07-03 06:00:00,11610.0,11845.683
2017-07-03 07:00:00,12289.0,12249.725
2017-07-03 08:00:00,13278.0,13384.3125
2017-07-03 09:00:00,14312.0,14164.712
2017-07-03 10:00:00,15367.0,15280.721
2017-07-03 11:00:00,16377.0,16032.385
2017-07-03 12:00:00,17222.0,17139.564
2017-07-03 13:00:00,17963.0,17913.049
2017-07-03 14:00:00,18407.0,18438.7
2017-07-03 15:00:00,18736.0,18772.455
2017-07-03 16:00:00,18940.0,18947.957
2017-07-03 17:00:00,18837.0,18984.69
2017-07-03 18:00:00,18277.0,18419.816
2017-07-03 19:00:00,17483.0,17786.146
2017-07-03 20:00:00,16739.0,16867.258
2017-07-03 21:00:00,16304.0,16582.193
2017-07-03 22:00:00,15280.0,15354.533
2017-07-03 23:00:00,14214.0,14077.37
2017-07-04 00:00:00,13151.0,13195.238
2017-07-04 01:00:00,12253.0,12456.273
2017-07-04 02:00:00,11722.0,11790.141
2017-07-04 03:00:00,11334.0,11395.084
2017-07-04 04:00:00,11206.0,11276.617
2017-07-04 05:00:00,11261.0,11457.606
2017-07-04 06:00:00,11160.0,11695.041
2017-07-04 07:00:00,11498.0,11714.174
2017-07-04 08:00:00,12377.0,12415.289
2017-07-04 09:00:00,13376.0,13410.872
2017-07-04 10:00:00,14450.0,14134.584
2017-07-04 11:00:00,15374.0,15234.486
2017-07-04 12:00:00,16064.0,15960.275
2017-07-04 13:00:00,16505.0,16501.217
2017-07-04 14:00:00,16836.0,16775.666
2017-07-04 15:00:00,17059.0,16957.268
2017-07-04 16:00:00,17188.0,17196.96
2017-07-04 17:00:00,17225.0,17076.066
2017-07-04 18:00:00,16848.0,16880.055
2017-07-04 19:00:00,16189.0,16369.485
2017-07-04 20:00:00,15552.0,15718.605
2017-07-04 21:00:00,15128.0,15335.573
2017-07-04 22:00:00,14425.0,14138.764
2017-07-04 23:00:00,13819.0,13284.551
2017-07-05 00:00:00,12830.0,12997.18
2017-07-05 01:00:00,12090.0,12262.139
2017-07-05 02:00:00,11639.0,11749.679
2017-07-05 03:00:00,11349.0,11414.459
2017-07-05 04:00:00,11473.0,11396.087
2017-07-05 05:00:00,11777.0,11869.371
2017-07-05 06:00:00,12468.0,12401.994
2017-07-05 07:00:00,13334.0,13296.566
2017-07-05 08:00:00,14217.0,14177.469
2017-07-05 09:00:00,15087.0,14916.355
2017-07-05 10:00:00,15993.0,15802.106
2017-07-05 11:00:00,16957.0,16680.252
2017-07-05 12:00:00,17756.0,17632.838
2017-07-05 13:00:00,18436.0,18325.66
2017-07-05 14:00:00,18953.0,18985.902
2017-07-05 15:00:00,19349.0,19294.8
2017-07-05 16:00:00,19579.0,19728.29
2017-07-05 17:00:00,19451.0,19640.414
2017-07-05 18:00:00,19046.0,19115.486
2017-07-05 19:00:00,18394.0,18569.934
2017-07-05 20:00:00,17794.0,17855.822
2017-07-05 21:00:00,17299.0,17509.244
2017-07-05 22:00:00,16291.0,16312.598
2017-07-05 23:00:00,14963.0,14955.704
2017-07-06 00:00:00,13913.0,13836.623
2017-07-06 01:00:00,13232.0,13100.741
2017-07-06 02:00:00,12821.0,12697.84
2017-07-06 03:00:00,12478.0,12482.263
2017-07-06 04:00:00,12533.0,12445.922
2017-07-06 05:00:00,12946.0,12994.172
2017-07-06 06:00:00,13523.0,13630.547
2017-07-06 07:00:00,14174.0,14438.604
2017-07-06 08:00:00,14929.0,15019.655
2017-07-06 09:00:00,15524.0,15640.986
2017-07-06 10:00:00,16237.0,16289.3125
2017-07-06 11:00:00,16773.0,17003.713
2017-07-06 12:00:00,17260.0,17250.646
2017-07-06 13:00:00,17712.0,17692.938
2017-07-06 14:00:00,17960.0,17967.152
2017-07-06 15:00:00,18252.0,18081.4
2017-07-06 16:00:00,18268.0,18520.086
2017-07-06 17:00:00,18232.0,18163.752
2017-07-06 18:00:00,17898.0,17845.715
2017-07-06 19:00:00,17642.0,17414.494
2017-07-06 20:00:00,17215.0,17293.281
2017-07-06 21:00:00,16874.0,17022.37
2017-07-06 22:00:00,16089.0,16012.168
2017-07-06 23:00:00,14803.0,14783.076
2017-07-07 00:00:00,13822.0,13730.227
2017-07-07 01:00:00,13084.0,13035.299
2017-07-07 02:00:00,12642.0,12612.543
2017-07-07 03:00:00,12386.0,12390.832
2017-07-07 04:00:00,12395.0,12383.748
2017-07-07 05:00:00,12849.0,12823.729
2017-07-07 06:00:00,13437.0,13599.532
2017-07-07 07:00:00,14187.0,14200.597
2017-07-07 08:00:00,14917.0,14866.196
2017-07-07 09:00:00,15793.0,15557.121
2017-07-07 10:00:00,16634.0,16639.137
2017-07-07 11:00:00,17406.0,17202.049
2017-07-07 12:00:00,17995.0,17970.031
2017-07-07 13:00:00,18408.0,18553.193
2017-07-07 14:00:00,17887.0,18633.826
2017-07-07 15:00:00,17432.0,17760.812
2017-07-07 16:00:00,17383.0,17211.705
2017-07-07 17:00:00,17234.0,17038.545
2017-07-07 18:00:00,16798.0,16890.92
2017-07-07 19:00:00,16230.0,16343.948
2017-07-07 20:00:00,15654.0,15787.271
2017-07-07 21:00:00,15329.0,15523.225
2017-07-07 22:00:00,14518.0,14551.293
2017-07-07 23:00:00,13452.0,13467.032
2017-07-08 00:00:00,12437.0,12451.577
2017-07-08 01:00:00,11811.0,11753.284
2017-07-08 02:00:00,11461.0,11422.456
2017-07-08 03:00:00,11246.0,11249.762
2017-07-08 04:00:00,11230.0,11235.118
2017-07-08 05:00:00,11287.0,11423.656
2017-07-08 06:00:00,11371.0,11432.673
2017-07-08 07:00:00,11706.0,11827.307
2017-07-08 08:00:00,12367.0,12521.102
2017-07-08 09:00:00,13227.0,13165.77
2017-07-08 10:00:00,13876.0,13782.337
2017-07-08 11:00:00,14454.0,14347.075
2017-07-08 12:00:00,15104.0,14789.342
2017-07-08 13:00:00,15506.0,15276.537
2017-07-08 14:00:00,15921.0,15753.471
2017-07-08 15:00:00,16226.0,16177.205
2017-07-08 16:00:00,16403.0,16452.451
2017-07-08 17:00:00,16370.0,16465.1
2017-07-08 18:00:00,16208.0,16071.185
2017-07-08 19:00:00,15746.0,15768.516
2017-07-08 20:00:00,15032.0,15367.598
2017-07-08 21:00:00,14606.0,14902.689
2017-07-08 22:00:00,13806.0,13789.583
2017-07-08 23:00:00,12698.0,12800.759
2017-07-09 00:00:00,11780.0,11830.546
2017-07-09 01:00:00,11185.0,11201.837
2017-07-09 02:00:00,10752.0,10827.771
2017-07-09 03:00:00,10439.0,10518.872
2017-07-09 04:00:00,10276.0,10314.697
2017-07-09 05:00:00,10312.0,10403.712
2017-07-09 06:00:00,10263.0,10339.364
2017-07-09 07:00:00,10717.0,10712.943
2017-07-09 08:00:00,11534.0,11541.335
2017-07-09 09:00:00,12416.0,12410.16
2017-07-09 10:00:00,13214.0,13112.607
2017-07-09 11:00:00,13891.0,13798.009
2017-07-09 12:00:00,14500.0,14509.094
2017-07-09 13:00:00,15035.0,15016.607
2017-07-09 14:00:00,15453.0,15483.262
2017-07-09 15:00:00,15896.0,15855.102
2017-07-09 16:00:00,16426.0,16280.737
2017-07-09 17:00:00,16767.0,16694.615
2017-07-09 18:00:00,16739.0,16772.703
2017-07-09 19:00:00,16341.0,16484.605
2017-07-09 20:00:00,15780.0,15965.547
2017-07-09 21:00:00,15403.0,15689.839
2017-07-09 22:00:00,14549.0,14533.357
2017-07-09 23:00:00,13539.0,13537.224
2017-07-10 00:00:00,12583.0,12675.501
2017-07-10 01:00:00,12020.0,11989.499
2017-07-10 02:00:00,11594.0,11627.756
2017-07-10 03:00:00,11469.0,11390.073
2017-07-10 04:00:00,11570.0,11465.612
2017-07-10 05:00:00,12161.0,12098.65
2017-07-10 06:00:00,12971.0,12958.381
2017-07-10 07:00:00,13714.0,13822.208
2017-07-10 08:00:00,14446.0,14521.731
2017-07-10 09:00:00,15060.0,15234.947
2017-07-10 10:00:00,15621.0,15845.956
2017-07-10 11:00:00,16295.0,16310.691
2017-07-10 12:00:00,16911.0,16886.84
2017-07-10 13:00:00,17592.0,17444.498
2017-07-10 14:00:00,18139.0,17996.742
2017-07-10 15:00:00,18151.0,18510.89
2017-07-10 16:00:00,18227.0,18357.889
2017-07-10 17:00:00,18183.0,18120.514
2017-07-10 18:00:00,18139.0,17834.318
2017-07-10 19:00:00,17675.0,17642.322
2017-07-10 20:00:00,17213.0,17246.818
2017-07-10 21:00:00,16869.0,16946.74
2017-07-10 22:00:00,15998.0,15918.898
2017-07-10 23:00:00,14811.0,14688.454
2017-07-11 00:00:00,13772.0,13751.728
2017-07-11 01:00:00,13100.0,13028.654
2017-07-11 02:00:00,12649.0,12629.988
2017-07-11 03:00:00,12337.0,12410.034
2017-07-11 04:00:00,12299.0,12386.38
2017-07-11 05:00:00,12858.0,12758.871
2017-07-11 06:00:00,13625.0,13721.068
2017-07-11 07:00:00,14450.0,14527.412
2017-07-11 08:00:00,15315.0,15219.022
2017-07-11 09:00:00,16098.0,16130.132
2017-07-11 10:00:00,17193.0,17126.443
2017-07-11 11:00:00,17973.0,17980.584
2017-07-11 12:00:00,18640.0,18604.95
2017-07-11 13:00:00,19204.0,19241.656
2017-07-11 14:00:00,19541.0,19507.742
2017-07-11 15:00:00,19454.0,19716.686
2017-07-11 16:00:00,19287.0,19398.555
2017-07-11 17:00:00,18986.0,19015.998
2017-07-11 18:00:00,18731.0,18499.4
2017-07-11 19:00:00,18400.0,18243.508
2017-07-11 20:00:00,17763.0,17949.064
2017-07-11 21:00:00,17519.0,17547.65
2017-07-11 22:00:00,16401.0,16534.408
2017-07-11 23:00:00,15201.0,15039.829
2017-07-12 00:00:00,14235.0,14046.815
2017-07-12 01:00:00,13558.0,13450.688
2017-07-12 02:00:00,13005.0,13008.262
2017-07-12 03:00:00,12792.0,12722.876
2017-07-12 04:00:00,12883.0,12745.52
2017-07-12 05:00:00,13353.0,13388.509
2017-07-12 06:00:00,14137.0,14102.658
2017-07-12 07:00:00,14865.0,15034.257
2017-07-12 08:00:00,15589.0,15683.546
2017-07-12 09:00:00,16413.0,16295.696
2017-07-12 10:00:00,17587.0,17260.984
2017-07-12 11:00:00,18608.0,18367.504
2017-07-12 12:00:00,19581.0,19333.68
2017-07-12 13:00:00,20148.0,20245.336
2017-07-12 14:00:00,20435.0,20585.596
2017-07-12 15:00:00,20426.0,20460.27
2017-07-12 16:00:00,20483.0,20345.205
2017-07-12 17:00:00,20313.0,20418.428
2017-07-12 18:00:00,20208.0,19844.1
2017-07-12 19:00:00,19773.0,19523.215
2017-07-12 20:00:00,19297.0,19198.467
2017-07-12 21:00:00,18986.0,18990.863
2017-07-12 22:00:00,17815.0,17949.219
2017-07-12 23:00:00,16488.0,16397.73
2017-07-13 00:00:00,15101.0,15230.78
2017-07-13 01:00:00,14408.0,14276.622
2017-07-13 02:00:00,14072.0,13796.135
2017-07-13 03:00:00,13724.0,13802.907
2017-07-13 04:00:00,13771.0,13747.619
2017-07-13 05:00:00,14223.0,14241.337
2017-07-13 06:00:00,14913.0,15091.589
2017-07-13 07:00:00,15777.0,15777.615
2017-07-13 08:00:00,16471.0,16634.729
2017-07-13 09:00:00,17228.0,17308.941
2017-07-13 10:00:00,17988.0,18138.158
2017-07-13 11:00:00,18590.0,18721.793
2017-07-13 12:00:00,19003.0,19147.8
2017-07-13 13:00:00,19274.0,19331.674
2017-07-13 14:00:00,19362.0,19310.377
2017-07-13 15:00:00,19186.0,19401.06
2017-07-13 16:00:00,19061.0,18991.045
2017-07-13 17:00:00,19093.0,18629.697
2017-07-13 18:00:00,19006.0,18772.207
2017-07-13 19:00:00,18720.0,18606.275
2017-07-13 20:00:00,18231.0,18389.066
2017-07-13 21:00:00,17952.0,17993.883
2017-07-13 22:00:00,17041.0,16963.29
2017-07-13 23:00:00,15675.0,15733.525
2017-07-14 00:00:00,14606.0,14647.221
2017-07-14 01:00:00,13879.0,13822.509
2017-07-14 02:00:00,13275.0,13329.115
2017-07-14 03:00:00,13027.0,12948.037
2017-07-14 04:00:00,13100.0,13012.502
2017-07-14 05:00:00,13600.0,13540.825
2017-07-14 06:00:00,14301.0,14399.976
2017-07-14 07:00:00,15051.0,15131.411
2017-07-14 08:00:00,16103.0,15827.929
2017-07-14 09:00:00,17030.0,16850.412
2017-07-14 10:00:00,18057.0,17850.193
2017-07-14 11:00:00,18721.0,18708.53
2017-07-14 12:00:00,19295.0,19331.627
2017-07-14 13:00:00,19804.0,19874.342
2017-07-14 14:00:00,20018.0,20031.621
2017-07-14 15:00:00,20009.0,20013.44
2017-07-14 16:00:00,19716.0,19944.299
2017-07-14 17:00:00,19479.0,19462.785
2017-07-14 18:00:00,18986.0,18826.445
2017-07-14 19:00:00,18243.0,18285.01
2017-07-14 20:00:00,17355.0,17707.357
2017-07-14 21:00:00,16974.0,17101.66
2017-07-14 22:00:00,16029.0,15949.68
2017-07-14 23:00:00,14667.0,14732.616
2017-07-15 00:00:00,13725.0,13590.147
2017-07-15 01:00:00,12830.0,12944.828
2017-07-15 02:00:00,12344.0,12322.239
2017-07-15 03:00:00,11960.0,12005.643
2017-07-15 04:00:00,11739.0,11862.149
2017-07-15 05:00:00,11835.0,11844.045
2017-07-15 06:00:00,11919.0,12003.628
2017-07-15 07:00:00,12335.0,12464.542
2017-07-15 08:00:00,13142.0,13296.941
2017-07-15 09:00:00,14163.0,14097.968
2017-07-15 10:00:00,15018.0,15046.396
2017-07-15 11:00:00,15686.0,15764.759
2017-07-15 12:00:00,16211.0,16163.095
2017-07-15 13:00:00,16628.0,16572.936
2017-07-15 14:00:00,17035.0,16753.426
2017-07-15 15:00:00,17317.0,17250.098
2017-07-15 16:00:00,17661.0,17521.824
2017-07-15 17:00:00,17864.0,17753.316
2017-07-15 18:00:00,17607.0,17664.33
2017-07-15 19:00:00,17074.0,17219.82
2017-07-15 20:00:00,16277.0,16611.418
2017-07-15 21:00:00,15820.0,16108.035
2017-07-15 22:00:00,14937.0,14991.047
2017-07-15 23:00:00,13637.0,13822.24
2017-07-16 00:00:00,12579.0,12653.299
2017-07-16 01:00:00,11850.0,11888.094
2017-07-16 02:00:00,11226.0,11481.948
2017-07-16 03:00:00,10922.0,11012.863
2017-07-16 04:00:00,10771.0,10746.927
2017-07-16 05:00:00,10802.0,10700.382
2017-07-16 06:00:00,10786.0,10964.23
2017-07-16 07:00:00,11181.0,11193.953
2017-07-16 08:00:00,12185.0,12328.781
2017-07-16 09:00:00,13211.0,13240.888
2017-07-16 10:00:00,14155.0,14115.975
2017-07-16 11:00:00,15036.0,15021.805
2017-07-16 12:00:00,15779.0,15750.617
2017-07-16 13:00:00,16552.0,16355.677
2017-07-16 14:00:00,17198.0,17123.814
2017-07-16 15:00:00,17773.0,17744.43
2017-07-16 16:00:00,18176.0,18161.31
2017-07-16 17:00:00,18450.0,18433.129
2017-07-16 18:00:00,18391.0,18402.336
2017-07-16 19:00:00,17891.0,18036.703
2017-07-16 20:00:00,17127.0,17367.45
2017-07-16 21:00:00,16786.0,16932.51
2017-07-16 22:00:00,15844.0,16030.087
2017-07-16 23:00:00,14640.0,14694.552
2017-07-17 00:00:00,13541.0,13568.176
2017-07-17 01:00:00,12876.0,12837.351
2017-07-17 02:00:00,12379.0,12405.645
2017-07-17 03:00:00,12017.0,12063.501
2017-07-17 04:00:00,12126.0,11971.85
2017-07-17 05:00:00,12698.0,12510.018
2017-07-17 06:00:00,13347.0,13477.043
2017-07-17 07:00:00,14162.0,14259.069
2017-07-17 08:00:00,15001.0,15187.044
2017-07-17 09:00:00,15852.0,15923.225
2017-07-17 10:00:00,16830.0,16787.703
2017-07-17 11:00:00,17834.0,17752.535
2017-07-17 12:00:00,18721.0,18707.6
2017-07-17 13:00:00,19376.0,19514.385
2017-07-17 14:00:00,19905.0,20011.719
2017-07-17 15:00:00,20188.0,20286.531
2017-07-17 16:00:00,20350.0,20370.291
2017-07-17 17:00:00,20410.0,20321.979
2017-07-17 18:00:00,20149.0,20041.037
2017-07-17 19:00:00,19641.0,19558.498
2017-07-17 20:00:00,18852.0,19169.383
2017-07-17 21:00:00,18341.0,18584.865
2017-07-17 22:00:00,17055.0,17392.865
2017-07-17 23:00:00,15604.0,15646.061
2017-07-18 00:00:00,14421.0,14495.581
2017-07-18 01:00:00,13573.0,13639.204
2017-07-18 02:00:00,12940.0,13044.782
2017-07-18 03:00:00,12567.0,12609.822
2017-07-18 04:00:00,12749.0,12534.708
2017-07-18 05:00:00,13069.0,13177.554
2017-07-18 06:00:00,13705.0,13784.811
2017-07-18 07:00:00,14528.0,14514.427
2017-07-18 08:00:00,15439.0,15335.438
2017-07-18 09:00:00,16566.0,16310.906
2017-07-18 10:00:00,17816.0,17627.566
2017-07-18 11:00:00,18996.0,18786.646
2017-07-18 12:00:00,19907.0,19828.578
2017-07-18 13:00:00,20686.0,20721.285
2017-07-18 14:00:00,20971.0,21097.307
2017-07-18 15:00:00,21173.0,21155.215
2017-07-18 16:00:00,21053.0,21321.648
2017-07-18 17:00:00,20952.0,20898.455
2017-07-18 18:00:00,20883.0,20449.266
2017-07-18 19:00:00,20496.0,20227.611
2017-07-18 20:00:00,19744.0,19835.611
2017-07-18 21:00:00,19320.0,19470.465
2017-07-18 22:00:00,17919.0,18114.48
2017-07-18 23:00:00,16339.0,16443.844
2017-07-19 00:00:00,15179.0,15126.953
2017-07-19 01:00:00,14214.0,14296.687
2017-07-19 02:00:00,13661.0,13605.215
2017-07-19 03:00:00,13292.0,13281.989
2017-07-19 04:00:00,13089.0,13227.254
2017-07-19 05:00:00,13531.0,13505.171
2017-07-19 06:00:00,14123.0,14137.807
2017-07-19 07:00:00,14926.0,15001.036
2017-07-19 08:00:00,15967.0,15821.32
2017-07-19 09:00:00,17061.0,16854.457
2017-07-19 10:00:00,18300.0,18211.883
2017-07-19 11:00:00,19396.0,19315.24
2017-07-19 12:00:00,20270.0,20300.457
2017-07-19 13:00:00,20943.0,20944.08
2017-07-19 14:00:00,21277.0,21311.914
2017-07-19 15:00:00,21513.0,21368.143
2017-07-19 16:00:00,21678.0,21496.11
2017-07-19 17:00:00,21430.0,21578.525
2017-07-19 18:00:00,21438.0,21073.04
2017-07-19 19:00:00,21176.0,20808.77
2017-07-19 20:00:00,20321.0,20674.967
2017-07-19 21:00:00,19780.0,19947.412
2017-07-19 22:00:00,18377.0,18559.807
2017-07-19 23:00:00,16912.0,16836.002
2017-07-20 00:00:00,15665.0,15704.084
2017-07-20 01:00:00,14834.0,14715.253
2017-07-20 02:00:00,14019.0,14162.854
2017-07-20 03:00:00,13619.0,13610.37
2017-07-20 04:00:00,13667.0,13571.674
2017-07-20 05:00:00,14061.0,14126.303
2017-07-20 06:00:00,14824.0,14768.361
2017-07-20 07:00:00,15654.0,15729.352
2017-07-20 08:00:00,16517.0,16569.674
2017-07-20 09:00:00,17478.0,17415.314
2017-07-20 10:00:00,18697.0,18527.617
2017-07-20 11:00:00,19722.0,19724.197
2017-07-20 12:00:00,20356.0,20696.85
2017-07-20 13:00:00,20878.0,21010.56
2017-07-20 14:00:00,20980.0,21209.496
2017-07-20 15:00:00,20980.0,20895.855
2017-07-20 16:00:00,20998.0,20793.406
2017-07-20 17:00:00,20963.0,20656.273
2017-07-20 18:00:00,20957.0,20465.963
2017-07-20 19:00:00,20575.0,20256.398
2017-07-20 20:00:00,19946.0,19905.674
2017-07-20 21:00:00,19616.0,19596.727
2017-07-20 22:00:00,18545.0,18512.576
2017-07-20 23:00:00,17057.0,17126.002
2017-07-21 00:00:00,15988.0,15837.904
2017-07-21 01:00:00,15161.0,15000.269
2017-07-21 02:00:00,14467.0,14497.186
2017-07-21 03:00:00,14085.0,14063.56
2017-07-21 04:00:00,14054.0,13977.154
2017-07-21 05:00:00,14583.0,14420.614
2017-07-21 06:00:00,15242.0,15416.864
2017-07-21 07:00:00,16079.0,16152.383
2017-07-21 08:00:00,17021.0,16991.031
2017-07-21 09:00:00,17721.0,18016.701
2017-07-21 10:00:00,18439.0,18624.303
2017-07-21 11:00:00,19042.0,19332.29
2017-07-21 12:00:00,19458.0,19684.068
2017-07-21 13:00:00,19979.0,19782.205
2017-07-21 14:00:00,19940.0,20233.197
2017-07-21 15:00:00,20006.0,19900.904
2017-07-21 16:00:00,20096.0,19932.414
2017-07-21 17:00:00,20115.0,20006.918
2017-07-21 18:00:00,20116.0,19783.146
2017-07-21 19:00:00,19723.0,19526.672
2017-07-21 20:00:00,19038.0,19145.225
2017-07-21 21:00:00,18646.0,18755.07
2017-07-21 22:00:00,17625.0,17748.156
2017-07-21 23:00:00,16245.0,16292.674
2017-07-22 00:00:00,15146.0,15010.819
2017-07-22 01:00:00,14218.0,14246.854
2017-07-22 02:00:00,13692.0,13594.669
2017-07-22 03:00:00,13238.0,13270.345
2017-07-22 04:00:00,13040.0,12979.906
2017-07-22 05:00:00,13174.0,13107.576
2017-07-22 06:00:00,13332.0,13284.725
2017-07-22 07:00:00,13754.0,13843.308
2017-07-22 08:00:00,14504.0,14545.243
2017-07-22 09:00:00,15433.0,15526.067
2017-07-22 10:00:00,16216.0,16301.164
2017-07-22 11:00:00,17059.0,16840.057
2017-07-22 12:00:00,17947.0,17597.344
2017-07-22 13:00:00,18294.0,18432.076
2017-07-22 14:00:00,18684.0,18641.121
2017-07-22 15:00:00,19069.0,18851.463
2017-07-22 16:00:00,19238.0,19337.709
2017-07-22 17:00:00,19344.0,19289.57
2017-07-22 18:00:00,19362.0,19021.152
2017-07-22 19:00:00,18908.0,18872.16
2017-07-22 20:00:00,18211.0,18323.84
2017-07-22 21:00:00,17836.0,17951.723
2017-07-22 22:00:00,16892.0,16916.074
2017-07-22 23:00:00,15612.0,15638.522
2017-07-23 00:00:00,14546.0,14451.95
2017-07-23 01:00:00,13776.0,13731.787
2017-07-23 02:00:00,13222.0,13187.396
2017-07-23 03:00:00,12901.0,12827.395
2017-07-23 04:00:00,12549.0,12709.637
2017-07-23 05:00:00,12535.0,12567.418
2017-07-23 06:00:00,12523.0,12417.949
2017-07-23 07:00:00,12792.0,12887.346
2017-07-23 08:00:00,13529.0,13718.655
2017-07-23 09:00:00,14242.0,14606.813
2017-07-23 10:00:00,15067.0,15176.728
2017-07-23 11:00:00,15810.0,15854.873
2017-07-23 12:00:00,16518.0,16610.996
2017-07-23 13:00:00,16992.0,17044.426
2017-07-23 14:00:00,17435.0,17441.398
2017-07-23 15:00:00,17800.0,17688.305
2017-07-23 16:00:00,18164.0,18086.121
2017-07-23 17:00:00,18308.0,18298.105
2017-07-23 18:00:00,18040.0,18159.598
2017-07-23 19:00:00,17555.0,17571.34
2017-07-23 20:00:00,17099.0,17098.564
2017-07-23 21:00:00,16803.0,17002.268
2017-07-23 22:00:00,15867.0,16104.206
2017-07-23 23:00:00,14723.0,14708.9795
2017-07-24 00:00:00,13837.0,13679.146
2017-07-24 01:00:00,13158.0,13139.823
2017-07-24 02:00:00,12717.0,12689.793
2017-07-24 03:00:00,12467.0,12485.712
2017-07-24 04:00:00,12534.0,12508.48
2017-07-24 05:00:00,12960.0,13063.35
2017-07-24 06:00:00,13739.0,13782.998
2017-07-24 07:00:00,14560.0,14537.116
2017-07-24 08:00:00,15496.0,15400.303
2017-07-24 09:00:00,16324.0,16289.098
2017-07-24 10:00:00,17257.0,17207.367
2017-07-24 11:00:00,18015.0,18067.242
2017-07-24 12:00:00,18656.0,18671.29
2017-07-24 13:00:00,19295.0,19090.205
2017-07-24 14:00:00,19548.0,19726.516
2017-07-24 15:00:00,19730.0,19751.621
2017-07-24 16:00:00,19684.0,19911.086
2017-07-24 17:00:00,19464.0,19487.799
2017-07-24 18:00:00,18970.0,19010.139
2017-07-24 19:00:00,18294.0,18396.717
2017-07-24 20:00:00,17649.0,17837.105
2017-07-24 21:00:00,17187.0,17354.168
2017-07-24 22:00:00,15976.0,16054.632
2017-07-24 23:00:00,14659.0,14639.02
2017-07-25 00:00:00,13569.0,13648.614
2017-07-25 01:00:00,12822.0,12875.966
2017-07-25 02:00:00,12310.0,12399.409
2017-07-25 03:00:00,12149.0,12141.564
2017-07-25 04:00:00,12149.0,12175.463
2017-07-25 05:00:00,12546.0,12580.708
2017-07-25 06:00:00,13154.0,13160.334
2017-07-25 07:00:00,13741.0,13992.023
2017-07-25 08:00:00,14613.0,14605.687
2017-07-25 09:00:00,15135.0,15353.771
2017-07-25 10:00:00,15839.0,15851.258
2017-07-25 11:00:00,16439.0,16352.444
2017-07-25 12:00:00,17008.0,16834.627
2017-07-25 13:00:00,17521.0,17390.863
2017-07-25 14:00:00,17977.0,17821.785
2017-07-25 15:00:00,18227.0,18240.762
2017-07-25 16:00:00,18412.0,18437.0
2017-07-25 17:00:00,18480.0,18346.76
2017-07-25 18:00:00,18274.0,18194.902
2017-07-25 19:00:00,17745.0,17832.95
2017-07-25 20:00:00,17070.0,17355.812
2017-07-25 21:00:00,16687.0,16891.926
2017-07-25 22:00:00,15510.0,15720.897
2017-07-25 23:00:00,14216.0,14202.667
2017-07-26 00:00:00,13176.0,13154.841
2017-07-26 01:00:00,12440.0,12498.177
2017-07-26 02:00:00,11994.0,12005.249
2017-07-26 03:00:00,11787.0,11732.397
2017-07-26 04:00:00,11881.0,11759.244
2017-07-26 05:00:00,12247.0,12302.393
2017-07-26 06:00:00,12944.0,12752.554
2017-07-26 07:00:00,13617.0,13652.552
2017-07-26 08:00:00,14345.0,14359.206
2017-07-26 09:00:00,15008.0,14953.979
2017-07-26 10:00:00,15818.0,15778.891
2017-07-26 11:00:00,16486.0,16487.61
2017-07-26 12:00:00,17318.0,17108.602
2017-07-26 13:00:00,18115.0,17944.268
2017-07-26 14:00:00,18726.0,18646.568
2017-07-26 15:00:00,19228.0,19208.969
2017-07-26 16:00:00,19552.0,19676.355
2017-07-26 17:00:00,19673.0,19661.098
2017-07-26 18:00:00,19325.0,19478.447
2017-07-26 19:00:00,18750.0,18735.148
2017-07-26 20:00:00,18071.0,18200.756
2017-07-26 21:00:00,17738.0,17889.896
2017-07-26 22:00:00,16520.0,16726.947
2017-07-26 23:00:00,15126.0,15141.354
2017-07-27 00:00:00,13943.0,13993.959
2017-07-27 01:00:00,13267.0,13197.917
2017-07-27 02:00:00,12806.0,12787.482
2017-07-27 03:00:00,12518.0,12527.954
2017-07-27 04:00:00,12593.0,12519.655
2017-07-27 05:00:00,13113.0,13074.528
2017-07-27 06:00:00,13896.0,13934.093
2017-07-27 07:00:00,14612.0,14673.208
2017-07-27 08:00:00,15277.0,15396.549
2017-07-27 09:00:00,16143.0,16088.597
2017-07-27 10:00:00,17002.0,17219.512
2017-07-27 11:00:00,17674.0,17809.717
2017-07-27 12:00:00,18030.0,18346.652
2017-07-27 13:00:00,18506.0,18550.23
2017-07-27 14:00:00,18516.0,18824.967
2017-07-27 15:00:00,18309.0,18529.885
2017-07-27 16:00:00,18272.0,18164.324
2017-07-27 17:00:00,18079.0,17989.69
2017-07-27 18:00:00,17835.0,17699.512
2017-07-27 19:00:00,17471.0,17381.973
2017-07-27 20:00:00,17110.0,17068.527
2017-07-27 21:00:00,16960.0,17023.94
2017-07-27 22:00:00,16050.0,16109.037
2017-07-27 23:00:00,14897.0,14745.793
2017-07-28 00:00:00,13940.0,13810.679
2017-07-28 01:00:00,13160.0,13226.982
2017-07-28 02:00:00,12731.0,12664.403
2017-07-28 03:00:00,12513.0,12459.695
2017-07-28 04:00:00,12678.0,12527.408
2017-07-28 05:00:00,13051.0,13227.734
2017-07-28 06:00:00,13920.0,13850.4
2017-07-28 07:00:00,14435.0,14736.312
2017-07-28 08:00:00,15169.0,15003.884
2017-07-28 09:00:00,15767.0,15932.701
2017-07-28 10:00:00,16459.0,16474.225
2017-07-28 11:00:00,17155.0,17034.309
2017-07-28 12:00:00,17521.0,17583.54
2017-07-28 13:00:00,17926.0,17930.104
2017-07-28 14:00:00,18033.0,18145.068
2017-07-28 15:00:00,18091.0,18136.15
2017-07-28 16:00:00,18056.0,18085.676
2017-07-28 17:00:00,17938.0,17847.78
2017-07-28 18:00:00,17476.0,17523.56
2017-07-28 19:00:00,16834.0,16954.35
2017-07-28 20:00:00,16197.0,16452.83
2017-07-28 21:00:00,15899.0,16042.042
2017-07-28 22:00:00,14889.0,15038.576
2017-07-28 23:00:00,13778.0,13793.5
2017-07-29 00:00:00,12834.0,12792.532
2017-07-29 01:00:00,12150.0,12165.941
2017-07-29 02:00:00,11678.0,11757.359
2017-07-29 03:00:00,11415.0,11431.123
2017-07-29 04:00:00,11260.0,11320.752
2017-07-29 05:00:00,11348.0,11364.256
2017-07-29 06:00:00,11517.0,11451.51
2017-07-29 07:00:00,11783.0,11947.818
2017-07-29 08:00:00,12525.0,12584.202
2017-07-29 09:00:00,13030.0,13391.134
2017-07-29 10:00:00,13547.0,13719.674
2017-07-29 11:00:00,13965.0,14010.62
2017-07-29 12:00:00,14288.0,14409.764
2017-07-29 13:00:00,14496.0,14518.441
2017-07-29 14:00:00,14562.0,14593.944
2017-07-29 15:00:00,14914.0,14702.809
2017-07-29 16:00:00,15376.0,15105.324
2017-07-29 17:00:00,15584.0,15535.453
2017-07-29 18:00:00,15517.0,15479.125
2017-07-29 19:00:00,15150.0,15201.175
2017-07-29 20:00:00,14466.0,14888.514
2017-07-29 21:00:00,14250.0,14189.283
2017-07-29 22:00:00,13516.0,13545.941
2017-07-29 23:00:00,12545.0,12644.03
2017-07-30 00:00:00,11702.0,11761.577
2017-07-30 01:00:00,11069.0,11085.65
2017-07-30 02:00:00,10717.0,10705.204
2017-07-30 03:00:00,10435.0,10482.46
2017-07-30 04:00:00,10363.0,10323.459
2017-07-30 05:00:00,10469.0,10369.852
2017-07-30 06:00:00,10426.0,10289.143
2017-07-30 07:00:00,10690.0,10574.8545
2017-07-30 08:00:00,11543.0,11418.574
2017-07-30 09:00:00,12402.0,12271.081
2017-07-30 10:00:00,13100.0,13034.531
2017-07-30 11:00:00,13692.0,13612.749
2017-07-30 12:00:00,14571.0,14195.804
2017-07-30 13:00:00,15212.0,15148.537
2017-07-30 14:00:00,15931.0,15658.397
2017-07-30 15:00:00,16407.0,16453.115
2017-07-30 16:00:00,16946.0,16835.51
2017-07-30 17:00:00,17206.0,17299.188
2017-07-30 18:00:00,17333.0,17194.867
2017-07-30 19:00:00,17019.0,16964.527
2017-07-30 20:00:00,16343.0,16610.416
2017-07-30 21:00:00,16061.0,16185.826
2017-07-30 22:00:00,14992.0,15193.296
2017-07-30 23:00:00,13872.0,13878.665
2017-07-31 00:00:00,12763.0,12926.314
2017-07-31 01:00:00,12090.0,12179.302
2017-07-31 02:00:00,11649.0,11740.524
2017-07-31 03:00:00,11556.0,11391.953
2017-07-31 04:00:00,11606.0,11490.7705
2017-07-31 05:00:00,12209.0,12001.614
2017-07-31 06:00:00,12834.0,12934.976
2017-07-31 07:00:00,13615.0,13556.1045
2017-07-31 08:00:00,14456.0,14467.031
2017-07-31 09:00:00,15370.0,15250.062
2017-07-31 10:00:00,16295.0,16265.911
2017-07-31 11:00:00,17134.0,17134.146
2017-07-31 12:00:00,18080.0,17900.16
2017-07-31 13:00:00,18830.0,18851.535
2017-07-31 14:00:00,19240.0,19328.904
2017-07-31 15:00:00,19549.0,19474.592
2017-07-31 16:00:00,19897.0,19749.826
2017-07-31 17:00:00,19992.0,20087.248
2017-07-31 18:00:00,19704.0,19822.973
2017-07-31 19:00:00,19077.0,19177.062
2017-07-31 20:00:00,18344.0,18559.994
2017-07-31 21:00:00,17759.0,18003.55
2017-07-31 22:00:00,16468.0,16754.068
2017-07-31 23:00:00,14900.0,15150.98
2017-08-01 00:00:00,13638.0,13846.45
2017-08-01 01:00:00,12897.0,12984.928
2017-08-01 02:00:00,12411.0,12417.738
2017-08-01 03:00:00,12076.0,12107.709
2017-08-01 04:00:00,12127.0,12015.737
2017-08-01 05:00:00,12586.0,12528.321
2017-08-01 06:00:00,13292.0,13551.377
2017-08-01 07:00:00,13965.0,14168.373
2017-08-01 08:00:00,14917.0,14669.965
2017-08-01 09:00:00,15830.0,15678.364
2017-08-01 10:00:00,16818.0,16700.104
2017-08-01 11:00:00,17585.0,17656.973
2017-08-01 12:00:00,18374.0,18308.428
2017-08-01 13:00:00,18920.0,19041.004
2017-08-01 14:00:00,19361.0,19334.164
2017-08-01 15:00:00,19621.0,19691.21
2017-08-01 16:00:00,19617.0,19721.342
2017-08-01 17:00:00,19463.0,19437.016
2017-08-01 18:00:00,19154.0,18959.84
2017-08-01 19:00:00,18500.0,18520.475
2017-08-01 20:00:00,17964.0,18116.055
2017-08-01 21:00:00,17493.0,17607.148
2017-08-01 22:00:00,16304.0,16227.942
2017-08-01 23:00:00,14868.0,14907.595
2017-08-02 00:00:00,13893.0,13828.657
2017-08-02 01:00:00,13103.0,13167.899
2017-08-02 02:00:00,12638.0,12664.954
2017-08-02 03:00:00,12210.0,12409.881
2017-08-02 04:00:00,12283.0,12146.914
2017-08-02 05:00:00,12708.0,12729.425
2017-08-02 06:00:00,13459.0,13764.89
2017-08-02 07:00:00,13982.0,14180.14
2017-08-02 08:00:00,14853.0,14707.66
2017-08-02 09:00:00,15683.0,15672.082
2017-08-02 10:00:00,16785.0,16491.107
2017-08-02 11:00:00,17618.0,17499.246
2017-08-02 12:00:00,18576.0,18277.258
2017-08-02 13:00:00,19347.0,19283.986
2017-08-02 14:00:00,19797.0,19722.502
2017-08-02 15:00:00,19921.0,20134.77
2017-08-02 16:00:00,19749.0,19978.084
2017-08-02 17:00:00,19585.0,19489.521
2017-08-02 18:00:00,19151.0,19081.53
2017-08-02 19:00:00,18495.0,18520.404
2017-08-02 20:00:00,17771.0,18151.379
2017-08-02 21:00:00,17220.0,17376.94
2017-08-02 22:00:00,16100.0,15868.679
2017-08-02 23:00:00,14812.0,14712.125
2017-08-03 00:00:00,13682.0,13763.845
2017-08-03 01:00:00,12841.0,12949.2705
2017-08-03 02:00:00,12443.0,12451.359
2017-08-03 03:00:00,12213.0,12146.783
2017-08-03 04:00:00,12286.0,12144.434
2017-08-03 05:00:00,12714.0,12815.121
2017-08-03 06:00:00,13486.0,13783.099
2017-08-03 07:00:00,14240.0,14198.456
2017-08-03 08:00:00,14951.0,14952.567
2017-08-03 09:00:00,15980.0,15577.888
2017-08-03 10:00:00,16930.0,16864.734
2017-08-03 11:00:00,17963.0,17689.33
2017-08-03 12:00:00,18847.0,18680.389
2017-08-03 13:00:00,19693.0,19553.438
2017-08-03 14:00:00,20041.0,20166.62
2017-08-03 15:00:00,20092.0,20215.137
2017-08-03 16:00:00,20036.0,20135.373
2017-08-03 17:00:00,19801.0,19763.25
2017-08-03 18:00:00,19329.0,19385.941
2017-08-03 19:00:00,18705.0,18687.742
2017-08-03 20:00:00,18108.0,18332.465
2017-08-03 21:00:00,17544.0,17729.652
2017-08-03 22:00:00,16262.0,16323.684
2017-08-03 23:00:00,15045.0,14874.265
2017-08-04 00:00:00,13940.0,13932.477
2017-08-04 01:00:00,13230.0,13165.43
2017-08-04 02:00:00,12624.0,12757.806
2017-08-04 03:00:00,12410.0,12326.04
2017-08-04 04:00:00,12539.0,12362.738
2017-08-04 05:00:00,12997.0,13044.376
2017-08-04 06:00:00,13737.0,14022.034
2017-08-04 07:00:00,14356.0,14437.148
2017-08-04 08:00:00,15132.0,15057.96
2017-08-04 09:00:00,15815.0,15845.141
2017-08-04 10:00:00,16415.0,16637.764
2017-08-04 11:00:00,17020.0,17114.088
2017-08-04 12:00:00,17431.0,17538.512
2017-08-04 13:00:00,17607.0,17757.588
2017-08-04 14:00:00,17608.0,17682.688
2017-08-04 15:00:00,17323.0,17534.832
2017-08-04 16:00:00,17096.0,17202.887
2017-08-04 17:00:00,16794.0,16756.742
2017-08-04 18:00:00,16253.0,16299.454
2017-08-04 19:00:00,15625.0,15750.448
2017-08-04 20:00:00,15087.0,15313.753
2017-08-04 21:00:00,14657.0,14837.441
2017-08-04 22:00:00,13866.0,13738.891
2017-08-04 23:00:00,12732.0,12847.31
2017-08-05 00:00:00,11870.0,11928.637
2017-08-05 01:00:00,11339.0,11328.953
2017-08-05 02:00:00,10838.0,11074.2295
2017-08-05 03:00:00,10639.0,10727.242
2017-08-05 04:00:00,10637.0,10680.499
2017-08-05 05:00:00,10795.0,10798.964
2017-08-05 06:00:00,10906.0,11177.435
2017-08-05 07:00:00,11201.0,11211.347
2017-08-05 08:00:00,11930.0,11948.296
2017-08-05 09:00:00,12620.0,12598.46
2017-08-05 10:00:00,13131.0,13271.089
2017-08-05 11:00:00,13508.0,13601.57
2017-08-05 12:00:00,13864.0,13833.628
2017-08-05 13:00:00,14088.0,14014.544
2017-08-05 14:00:00,14389.0,14218.1045
2017-08-05 15:00:00,14661.0,14483.654
2017-08-05 16:00:00,15080.0,14896.101
2017-08-05 17:00:00,15180.0,15215.448
2017-08-05 18:00:00,14924.0,14911.383
2017-08-05 19:00:00,14400.0,14551.644
2017-08-05 20:00:00,14006.0,14210.945
2017-08-05 21:00:00,13855.0,13721.289
2017-08-05 22:00:00,12977.0,13181.946
2017-08-05 23:00:00,12181.0,12121.547
2017-08-06 00:00:00,11255.0,11392.172
2017-08-06 01:00:00,10746.0,10754.648
2017-08-06 02:00:00,10503.0,10410.565
2017-08-06 03:00:00,10231.0,10351.063
2017-08-06 04:00:00,10214.0,10232.1875
2017-08-06 05:00:00,10267.0,10320.069
2017-08-06 06:00:00,10341.0,10433.555
2017-08-06 07:00:00,10611.0,10480.885
2017-08-06 08:00:00,11208.0,11267.7705
2017-08-06 09:00:00,11750.0,11857.407
2017-08-06 10:00:00,12276.0,12265.6045
2017-08-06 11:00:00,12732.0,12828.337
2017-08-06 12:00:00,13239.0,13165.383
2017-08-06 13:00:00,13621.0,13581.973
2017-08-06 14:00:00,13963.0,13929.918
2017-08-06 15:00:00,14139.0,14283.628
2017-08-06 16:00:00,14264.0,14354.099
2017-08-06 17:00:00,14330.0,14356.083
2017-08-06 18:00:00,14301.0,14287.081
2017-08-06 19:00:00,14115.0,14238.365
2017-08-06 20:00:00,14114.0,14261.023
2017-08-06 21:00:00,13991.0,13914.489
2017-08-06 22:00:00,13345.0,13251.354
2017-08-06 23:00:00,12477.0,12404.065
2017-08-07 00:00:00,11912.0,11789.067
2017-08-07 01:00:00,11497.0,11407.719
2017-08-07 02:00:00,11301.0,11291.93
2017-08-07 03:00:00,11215.0,11156.188
2017-08-07 04:00:00,11456.0,11295.532
2017-08-07 05:00:00,11984.0,12133.414
2017-08-07 06:00:00,12966.0,13006.849
2017-08-07 07:00:00,13566.0,13667.372
2017-08-07 08:00:00,13951.0,14217.257
2017-08-07 09:00:00,14427.0,14521.184
2017-08-07 10:00:00,14909.0,14911.505
2017-08-07 11:00:00,15285.0,15233.354
2017-08-07 12:00:00,15622.0,15620.689
2017-08-07 13:00:00,15979.0,15899.365
2017-08-07 14:00:00,16126.0,16154.352
2017-08-07 15:00:00,16245.0,16143.222
2017-08-07 16:00:00,16196.0,16292.37
2017-08-07 17:00:00,16176.0,16153.5625
2017-08-07 18:00:00,16023.0,15972.666
2017-08-07 19:00:00,15749.0,15850.345
2017-08-07 20:00:00,15534.0,15827.192
2017-08-07 21:00:00,15324.0,15407.062
2017-08-07 22:00:00,14390.0,14341.737
2017-08-07 23:00:00,13335.0,13285.026
2017-08-08 00:00:00,12550.0,12515.381
2017-08-08 01:00:00,11990.0,12055.371
2017-08-08 02:00:00,11744.0,11648.053
2017-08-08 03:00:00,11473.0,11609.035
2017-08-08 04:00:00,11594.0,11585.554
2017-08-08 05:00:00,12122.0,12185.578
2017-08-08 06:00:00,12864.0,13172.823
2017-08-08 07:00:00,13448.0,13729.206
2017-08-08 08:00:00,14044.0,14163.097
2017-08-08 09:00:00,14547.0,14552.736
2017-08-08 10:00:00,15226.0,15134.257
2017-08-08 11:00:00,15654.0,15648.446
2017-08-08 12:00:00,16073.0,16037.967
2017-08-08 13:00:00,16730.0,16456.225
2017-08-08 14:00:00,16997.0,17018.564
2017-08-08 15:00:00,17358.0,17225.143
2017-08-08 16:00:00,17537.0,17601.064
2017-08-08 17:00:00,17585.0,17551.078
2017-08-08 18:00:00,17512.0,17403.81
2017-08-08 19:00:00,16818.0,17163.33
2017-08-08 20:00:00,16325.0,16697.01
2017-08-08 21:00:00,15886.0,16104.335
2017-08-08 22:00:00,14638.0,14917.609
2017-08-08 23:00:00,13399.0,13469.853
2017-08-09 00:00:00,12463.0,12524.083
2017-08-09 01:00:00,11866.0,11940.627
2017-08-09 02:00:00,11500.0,11577.132
2017-08-09 03:00:00,11259.0,11379.309
2017-08-09 04:00:00,11439.0,11395.82
2017-08-09 05:00:00,11841.0,12083.902
2017-08-09 06:00:00,12679.0,12889.968
2017-08-09 07:00:00,13188.0,13554.192
2017-08-09 08:00:00,13725.0,13939.395
2017-08-09 09:00:00,14356.0,14369.041
2017-08-09 10:00:00,15157.0,15146.73
2017-08-09 11:00:00,15795.0,15592.103
2017-08-09 12:00:00,16469.0,16302.596
2017-08-09 13:00:00,17175.0,17095.568
2017-08-09 14:00:00,17625.0,17629.568
2017-08-09 15:00:00,18047.0,17966.777
2017-08-09 16:00:00,18322.0,18365.777
2017-08-09 17:00:00,18392.0,18393.934
2017-08-09 18:00:00,18171.0,18103.182
2017-08-09 19:00:00,17463.0,17716.94
2017-08-09 20:00:00,16880.0,17102.275
2017-08-09 21:00:00,16420.0,16548.084
2017-08-09 22:00:00,15175.0,15202.914
2017-08-09 23:00:00,13847.0,13931.396
2017-08-10 00:00:00,12831.0,12900.855
2017-08-10 01:00:00,12198.0,12216.824
2017-08-10 02:00:00,11740.0,11829.208
2017-08-10 03:00:00,11543.0,11562.325
2017-08-10 04:00:00,11567.0,11593.871
2017-08-10 05:00:00,12168.0,12106.846
2017-08-10 06:00:00,13006.0,13292.687
2017-08-10 07:00:00,13523.0,13808.215
2017-08-10 08:00:00,14145.0,14266.306
2017-08-10 09:00:00,14832.0,14786.334
2017-08-10 10:00:00,15575.0,15583.746
2017-08-10 11:00:00,16128.0,16154.362
2017-08-10 12:00:00,16636.0,16654.312
2017-08-10 13:00:00,17078.0,17047.504
2017-08-10 14:00:00,17385.0,17400.611
2017-08-10 15:00:00,17378.0,17546.781
2017-08-10 16:00:00,17589.0,17401.002
2017-08-10 17:00:00,17629.0,17553.293
2017-08-10 18:00:00,17436.0,17324.564
2017-08-10 19:00:00,17046.0,16958.762
2017-08-10 20:00:00,16801.0,16875.172
2017-08-10 21:00:00,16529.0,16472.846
2017-08-10 22:00:00,15353.0,15274.265
2017-08-10 23:00:00,14213.0,14037.043
2017-08-11 00:00:00,13232.0,13177.252
2017-08-11 01:00:00,12597.0,12585.408
2017-08-11 02:00:00,12199.0,12201.459
2017-08-11 03:00:00,12066.0,11988.361
2017-08-11 04:00:00,12187.0,12150.033
2017-08-11 05:00:00,12625.0,12755.311
2017-08-11 06:00:00,13620.0,13573.393
2017-08-11 07:00:00,14141.0,14291.303
2017-08-11 08:00:00,14814.0,14726.077
2017-08-11 09:00:00,15376.0,15313.444
2017-08-11 10:00:00,16211.0,15983.567
2017-08-11 11:00:00,16953.0,16756.832
2017-08-11 12:00:00,17617.0,17444.223
2017-08-11 13:00:00,18135.0,18048.37
2017-08-11 14:00:00,18304.0,18467.453
2017-08-11 15:00:00,18119.0,18530.295
2017-08-11 16:00:00,17825.0,18052.404
2017-08-11 17:00:00,17551.0,17499.42
2017-08-11 18:00:00,17046.0,17070.305
2017-08-11 19:00:00,16377.0,16545.857
2017-08-11 20:00:00,16157.0,16102.192
2017-08-11 21:00:00,15918.0,15950.558
2017-08-11 22:00:00,14869.0,14981.343
2017-08-11 23:00:00,13806.0,13700.629
2017-08-12 00:00:00,12794.0,12849.371
2017-08-12 01:00:00,12206.0,12124.462
2017-08-12 02:00:00,11783.0,11764.611
2017-08-12 03:00:00,11465.0,11586.851
2017-08-12 04:00:00,11461.0,11408.935
2017-08-12 05:00:00,11563.0,11563.825
2017-08-12 06:00:00,11803.0,11720.688
2017-08-12 07:00:00,12081.0,12189.1045
2017-08-12 08:00:00,12800.0,12896.58
2017-08-12 09:00:00,13693.0,13613.313
2017-08-12 10:00:00,14398.0,14457.163
2017-08-12 11:00:00,15047.0,14946.338
2017-08-12 12:00:00,15620.0,15527.565
2017-08-12 13:00:00,16055.0,15967.8545
2017-08-12 14:00:00,16290.0,16352.805
2017-08-12 15:00:00,16430.0,16513.08
2017-08-12 16:00:00,16591.0,16611.479
2017-08-12 17:00:00,16553.0,16589.264
2017-08-12 18:00:00,16277.0,16270.447
2017-08-12 19:00:00,15753.0,15849.19
2017-08-12 20:00:00,15200.0,15511.961
2017-08-12 21:00:00,14841.0,14955.137
2017-08-12 22:00:00,13926.0,13948.912
2017-08-12 23:00:00,12862.0,12922.823
2017-08-13 00:00:00,12039.0,12018.148
2017-08-13 01:00:00,11367.0,11391.986
2017-08-13 02:00:00,10957.0,10982.488
2017-08-13 03:00:00,10778.0,10666.802
2017-08-13 04:00:00,10669.0,10534.588
2017-08-13 05:00:00,10627.0,10703.096
2017-08-13 06:00:00,10702.0,10806.6455
2017-08-13 07:00:00,11017.0,10961.266
2017-08-13 08:00:00,11713.0,11839.383
2017-08-13 09:00:00,12546.0,12496.092
2017-08-13 10:00:00,13266.0,13220.103
2017-08-13 11:00:00,13987.0,13939.269
2017-08-13 12:00:00,14719.0,14789.251
2017-08-13 13:00:00,15342.0,15311.629
2017-08-13 14:00:00,15803.0,15750.577
2017-08-13 15:00:00,16183.0,16218.814
2017-08-13 16:00:00,16664.0,16617.953
2017-08-13 17:00:00,16869.0,16949.05
2017-08-13 18:00:00,16717.0,16821.61
2017-08-13 19:00:00,16200.0,16290.631
2017-08-13 20:00:00,15875.0,15937.035
2017-08-13 21:00:00,15472.0,15606.263
2017-08-13 22:00:00,14427.0,14552.017
2017-08-13 23:00:00,13463.0,13356.446
2017-08-14 00:00:00,12627.0,12684.406
2017-08-14 01:00:00,12118.0,12173.854
2017-08-14 02:00:00,11721.0,11845.953
2017-08-14 03:00:00,11485.0,11602.2705
2017-08-14 04:00:00,11703.0,11558.96
2017-08-14 05:00:00,12183.0,12246.053
2017-08-14 06:00:00,13257.0,13339.806
2017-08-14 07:00:00,13922.0,13957.951
2017-08-14 08:00:00,14577.0,14506.433
2017-08-14 09:00:00,15063.0,15200.484
2017-08-14 10:00:00,15712.0,15771.511
2017-08-14 11:00:00,16440.0,16358.964
2017-08-14 12:00:00,17087.0,17062.791
2017-08-14 13:00:00,17749.0,17604.525
2017-08-14 14:00:00,18215.0,18187.586
2017-08-14 15:00:00,18429.0,18558.191
2017-08-14 16:00:00,18620.0,18569.361
2017-08-14 17:00:00,18706.0,18603.191
2017-08-14 18:00:00,18414.0,18531.52
2017-08-14 19:00:00,17869.0,17985.46
2017-08-14 20:00:00,17722.0,17631.22
2017-08-14 21:00:00,17288.0,17471.291
2017-08-14 22:00:00,16045.0,16016.037
2017-08-14 23:00:00,14734.0,14707.501
2017-08-15 00:00:00,13767.0,13690.65
2017-08-15 01:00:00,13138.0,13096.115
2017-08-15 02:00:00,12718.0,12708.857
2017-08-15 03:00:00,12511.0,12515.516
2017-08-15 04:00:00,12570.0,12587.125
2017-08-15 05:00:00,13086.0,13172.261
2017-08-15 06:00:00,14052.0,14195.895
2017-08-15 07:00:00,14501.0,14843.051
2017-08-15 08:00:00,15185.0,15165.033
2017-08-15 09:00:00,16024.0,15952.539
2017-08-15 10:00:00,17005.0,16970.717
2017-08-15 11:00:00,17751.0,17796.592
2017-08-15 12:00:00,18463.0,18440.803
2017-08-15 13:00:00,19148.0,19124.838
2017-08-15 14:00:00,19377.0,19509.13
2017-08-15 15:00:00,19491.0,19659.447
2017-08-15 16:00:00,19986.0,19621.086
2017-08-15 17:00:00,20221.0,20069.977
2017-08-15 18:00:00,19979.0,20064.63
2017-08-15 19:00:00,19443.0,19470.502
2017-08-15 20:00:00,18914.0,19087.215
2017-08-15 21:00:00,18291.0,18500.832
2017-08-15 22:00:00,16774.0,16996.771
2017-08-15 23:00:00,15396.0,15336.639
2017-08-16 00:00:00,14210.0,14285.914
2017-08-16 01:00:00,13315.0,13470.31
2017-08-16 02:00:00,12880.0,12824.424
2017-08-16 03:00:00,12463.0,12594.517
2017-08-16 04:00:00,12571.0,12563.925
2017-08-16 05:00:00,13010.0,13099.745
2017-08-16 06:00:00,13958.0,14045.652
2017-08-16 07:00:00,14423.0,14755.557
2017-08-16 08:00:00,15135.0,15070.04
2017-08-16 09:00:00,16090.0,15846.786
2017-08-16 10:00:00,17211.0,17008.404
2017-08-16 11:00:00,18210.0,18045.398
2017-08-16 12:00:00,19054.0,18974.922
2017-08-16 13:00:00,19918.0,19796.656
2017-08-16 14:00:00,20464.0,20406.89
2017-08-16 15:00:00,20809.0,20693.959
2017-08-16 16:00:00,20945.0,21067.12
2017-08-16 17:00:00,20822.0,20830.943
2017-08-16 18:00:00,20483.0,20321.2
2017-08-16 19:00:00,20043.0,19779.762
2017-08-16 20:00:00,19517.0,19556.695
2017-08-16 21:00:00,18931.0,19109.193
2017-08-16 22:00:00,17520.0,17589.305
2017-08-16 23:00:00,16075.0,16008.268
2017-08-17 00:00:00,14877.0,14876.041
2017-08-17 01:00:00,13997.0,14088.637
2017-08-17 02:00:00,13478.0,13462.376
2017-08-17 03:00:00,13228.0,13132.263
2017-08-17 04:00:00,13286.0,13219.206
2017-08-17 05:00:00,13746.0,13860.197
2017-08-17 06:00:00,14842.0,14667.091
2017-08-17 07:00:00,15508.0,15632.584
2017-08-17 08:00:00,16290.0,16213.799
2017-08-17 09:00:00,17077.0,17114.98
2017-08-17 10:00:00,18175.0,18052.268
2017-08-17 11:00:00,19150.0,19050.115
2017-08-17 12:00:00,19981.0,19908.39
2017-08-17 13:00:00,20685.0,20626.06
2017-08-17 14:00:00,20918.0,20986.771
2017-08-17 15:00:00,20760.0,21013.957
2017-08-17 16:00:00,20795.0,20703.178
2017-08-17 17:00:00,20452.0,20400.613
2017-08-17 18:00:00,19983.0,19869.54
2017-08-17 19:00:00,19288.0,19383.566
2017-08-17 20:00:00,18945.0,18948.97
2017-08-17 21:00:00,18470.0,18560.36
2017-08-17 22:00:00,17203.0,17191.656
2017-08-17 23:00:00,15850.0,15634.68
2017-08-18 00:00:00,14910.0,14671.162
2017-08-18 01:00:00,14131.0,14077.705
2017-08-18 02:00:00,13650.0,13634.319
2017-08-18 03:00:00,13353.0,13338.157
2017-08-18 04:00:00,13355.0,13320.381
2017-08-18 05:00:00,13976.0,13864.031
2017-08-18 06:00:00,15138.0,14985.86
2017-08-18 07:00:00,15654.0,15904.049
2017-08-18 08:00:00,16351.0,16327.842
2017-08-18 09:00:00,17107.0,17029.932
2017-08-18 10:00:00,17947.0,17955.77
2017-08-18 11:00:00,18474.0,18713.357
2017-08-18 12:00:00,18921.0,19029.191
2017-08-18 13:00:00,19519.0,19415.434
2017-08-18 14:00:00,19801.0,19759.625
2017-08-18 15:00:00,19847.0,20007.117
2017-08-18 16:00:00,19765.0,19887.389
2017-08-18 17:00:00,19524.0,19499.244
2017-08-18 18:00:00,18980.0,18974.344
2017-08-18 19:00:00,18179.0,18342.951
2017-08-18 20:00:00,17481.0,17736.69
2017-08-18 21:00:00,16964.0,17070.023
2017-08-18 22:00:00,15695.0,15887.008
2017-08-18 23:00:00,14457.0,14374.206
2017-08-19 00:00:00,13355.0,13356.363
2017-08-19 01:00:00,12667.0,12621.119
2017-08-19 02:00:00,12149.0,12202.389
2017-08-19 03:00:00,11769.0,11866.088
2017-08-19 04:00:00,11612.0,11736.316
2017-08-19 05:00:00,11721.0,11787.834
2017-08-19 06:00:00,11989.0,12034.578
2017-08-19 07:00:00,12133.0,12339.51
2017-08-19 08:00:00,13071.0,12946.168
2017-08-19 09:00:00,14042.0,13888.952
2017-08-19 10:00:00,15121.0,14840.797
2017-08-19 11:00:00,15996.0,15916.148
2017-08-19 12:00:00,16848.0,16593.53
2017-08-19 13:00:00,17440.0,17389.633
2017-08-19 14:00:00,17904.0,17840.396
2017-08-19 15:00:00,18133.0,18178.84
2017-08-19 16:00:00,18293.0,18329.22
2017-08-19 17:00:00,18224.0,18286.465
2017-08-19 18:00:00,17879.0,17752.26
2017-08-19 19:00:00,17082.0,17287.309
2017-08-19 20:00:00,16464.0,16625.773
2017-08-19 21:00:00,15916.0,16113.292
2017-08-19 22:00:00,14800.0,14905.665
2017-08-19 23:00:00,13544.0,13697.653
2017-08-20 00:00:00,12503.0,12614.783
2017-08-20 01:00:00,11949.0,11881.048
2017-08-20 02:00:00,11468.0,11562.818
2017-08-20 03:00:00,11159.0,11187.821
2017-08-20 04:00:00,10903.0,11026.317
2017-08-20 05:00:00,10987.0,10967.035
2017-08-20 06:00:00,11160.0,11216.679
2017-08-20 07:00:00,11314.0,11422.061
2017-08-20 08:00:00,12250.0,12179.388
2017-08-20 09:00:00,13353.0,13220.442
2017-08-20 10:00:00,14414.0,14295.959
2017-08-20 11:00:00,15501.0,15422.972
2017-08-20 12:00:00,16574.0,16334.416
2017-08-20 13:00:00,17491.0,17312.824
2017-08-20 14:00:00,18094.0,18156.023
2017-08-20 15:00:00,18635.0,18631.057
2017-08-20 16:00:00,19069.0,19080.234
2017-08-20 17:00:00,19249.0,19342.139
2017-08-20 18:00:00,19118.0,19123.576
2017-08-20 19:00:00,18559.0,18645.129
2017-08-20 20:00:00,18218.0,18187.623
2017-08-20 21:00:00,17667.0,17878.607
2017-08-20 22:00:00,16385.0,16660.828
2017-08-20 23:00:00,15049.0,15197.855
2017-08-21 00:00:00,14085.0,14046.698
2017-08-21 01:00:00,13379.0,13305.296
2017-08-21 02:00:00,12951.0,12865.505
2017-08-21 03:00:00,12767.0,12665.503
2017-08-21 04:00:00,12838.0,12769.512
2017-08-21 05:00:00,13439.0,13412.348
2017-08-21 06:00:00,14513.0,14573.95
2017-08-21 07:00:00,15227.0,15422.816
2017-08-21 08:00:00,15949.0,16154.282
2017-08-21 09:00:00,17046.0,16786.48
2017-08-21 10:00:00,18274.0,18089.604
2017-08-21 11:00:00,19486.0,19321.21
2017-08-21 12:00:00,20403.0,20433.043
2017-08-21 13:00:00,21035.0,21189.713
2017-08-21 14:00:00,20089.0,21484.588
2017-08-21 15:00:00,20216.0,20026.355
2017-08-21 16:00:00,20785.0,20012.41
2017-08-21 17:00:00,20893.0,20833.938
2017-08-21 18:00:00,20626.0,20811.938
2017-08-21 19:00:00,19957.0,20119.676
2017-08-21 20:00:00,19714.0,19507.59
2017-08-21 21:00:00,18885.0,19262.223
2017-08-21 22:00:00,17478.0,17343.195
2017-08-21 23:00:00,15959.0,15989.834
2017-08-22 00:00:00,14823.0,14779.637
2017-08-22 01:00:00,14168.0,14051.425
2017-08-22 02:00:00,13579.0,13687.16
2017-08-22 03:00:00,13405.0,13239.243
2017-08-22 04:00:00,13462.0,13428.458
2017-08-22 05:00:00,14012.0,14048.752
2017-08-22 06:00:00,15147.0,15019.487
2017-08-22 07:00:00,15745.0,15883.135
2017-08-22 08:00:00,16317.0,16365.394
2017-08-22 09:00:00,17164.0,17053.494
2017-08-22 10:00:00,18105.0,18118.43
2017-08-22 11:00:00,18904.0,18834.643
2017-08-22 12:00:00,19552.0,19554.838
2017-08-22 13:00:00,19775.0,20055.574
2017-08-22 14:00:00,19839.0,19990.844
2017-08-22 15:00:00,19464.0,19875.846
2017-08-22 16:00:00,19363.0,19348.127
2017-08-22 17:00:00,19316.0,19107.852
2017-08-22 18:00:00,18995.0,18883.434
2017-08-22 19:00:00,18415.0,18457.643
2017-08-22 20:00:00,18194.0,18071.836
2017-08-22 21:00:00,17582.0,17774.3
2017-08-22 22:00:00,16062.0,16339.58
2017-08-22 23:00:00,14515.0,14737.239
2017-08-23 00:00:00,13727.0,13512.316
2017-08-23 01:00:00,13067.0,13015.146
2017-08-23 02:00:00,12632.0,12692.654
2017-08-23 03:00:00,12236.0,12473.577
2017-08-23 04:00:00,12336.0,12255.394
2017-08-23 05:00:00,12930.0,12849.327
2017-08-23 06:00:00,13918.0,14014.227
2017-08-23 07:00:00,14400.0,14609.342
2017-08-23 08:00:00,14840.0,14947.502
2017-08-23 09:00:00,15376.0,15403.043
2017-08-23 10:00:00,16032.0,16031.1875
2017-08-23 11:00:00,16610.0,16566.291
2017-08-23 12:00:00,17006.0,16997.682
2017-08-23 13:00:00,17461.0,17352.443
2017-08-23 14:00:00,17688.0,17661.576
2017-08-23 15:00:00,17822.0,17779.365
2017-08-23 16:00:00,18046.0,17906.29
2017-08-23 17:00:00,17856.0,18124.879
2017-08-23 18:00:00,17546.0,17503.4
2017-08-23 19:00:00,16912.0,17152.76
2017-08-23 20:00:00,16627.0,16744.602
2017-08-23 21:00:00,16028.0,16356.565
2017-08-23 22:00:00,14647.0,14903.127
2017-08-23 23:00:00,13485.0,13475.219
2017-08-24 00:00:00,12469.0,12597.292
2017-08-24 01:00:00,11943.0,11963.802
2017-08-24 02:00:00,11657.0,11661.368
2017-08-24 03:00:00,11439.0,11524.99
2017-08-24 04:00:00,11558.0,11555.651
2017-08-24 05:00:00,12191.0,12082.396
2017-08-24 06:00:00,13315.0,13210.772
2017-08-24 07:00:00,13701.0,13826.484
2017-08-24 08:00:00,14124.0,14203.208
2017-08-24 09:00:00,14550.0,14736.737
2017-08-24 10:00:00,15071.0,15179.666
2017-08-24 11:00:00,15362.0,15573.896
2017-08-24 12:00:00,15870.0,15652.242
2017-08-24 13:00:00,16191.0,16224.952
2017-08-24 14:00:00,16150.0,16441.305
2017-08-24 15:00:00,16317.0,16106.272
2017-08-24 16:00:00,16375.0,16396.652
2017-08-24 17:00:00,16236.0,16289.81
2017-08-24 18:00:00,15903.0,15903.532
2017-08-24 19:00:00,15488.0,15653.283
2017-08-24 20:00:00,15426.0,15486.626
2017-08-24 21:00:00,14945.0,15259.042
2017-08-24 22:00:00,13942.0,13935.185
2017-08-24 23:00:00,12712.0,12855.308
2017-08-25 00:00:00,11938.0,11953.154
2017-08-25 01:00:00,11583.0,11447.989
2017-08-25 02:00:00,11295.0,11293.929
2017-08-25 03:00:00,11060.0,11154.12
2017-08-25 04:00:00,11206.0,11187.187
2017-08-25 05:00:00,11693.0,11678.452
2017-08-25 06:00:00,12910.0,12548.857
2017-08-25 07:00:00,13211.0,13420.058
2017-08-25 08:00:00,13765.0,13747.477
2017-08-25 09:00:00,14175.0,14288.803
2017-08-25 10:00:00,14634.0,14723.265
2017-08-25 11:00:00,14957.0,14828.266
2017-08-25 12:00:00,15309.0,15188.1
2017-08-25 13:00:00,15514.0,15491.636
2017-08-25 14:00:00,15730.0,15620.21
2017-08-25 15:00:00,15875.0,15805.824
2017-08-25 16:00:00,15968.0,15989.306
2017-08-25 17:00:00,15806.0,15890.569
2017-08-25 18:00:00,15292.0,15493.237
2017-08-25 19:00:00,14714.0,14927.987
2017-08-25 20:00:00,14608.0,14559.044
2017-08-25 21:00:00,14310.0,14371.375
2017-08-25 22:00:00,13449.0,13527.363
2017-08-25 23:00:00,12414.0,12495.75
2017-08-26 00:00:00,11645.0,11567.354
2017-08-26 01:00:00,11149.0,11092.119
2017-08-26 02:00:00,10858.0,10833.633
2017-08-26 03:00:00,10653.0,10686.944
2017-08-26 04:00:00,10576.0,10599.609
2017-08-26 05:00:00,10818.0,10758.866
2017-08-26 06:00:00,11091.0,11090.762
2017-08-26 07:00:00,11188.0,11258.511
2017-08-26 08:00:00,11773.0,11908.074
2017-08-26 09:00:00,12580.0,12443.34
2017-08-26 10:00:00,13025.0,13031.551
2017-08-26 11:00:00,13360.0,13323.538
2017-08-26 12:00:00,13617.0,13567.127
2017-08-26 13:00:00,13998.0,13728.623
2017-08-26 14:00:00,14361.0,14265.477
2017-08-26 15:00:00,14618.0,14504.845
2017-08-26 16:00:00,14920.0,14739.818
2017-08-26 17:00:00,15026.0,15011.68
2017-08-26 18:00:00,14756.0,14823.666
2017-08-26 19:00:00,14232.0,14512.79
2017-08-26 20:00:00,14065.0,14189.81
2017-08-26 21:00:00,13678.0,13895.659
2017-08-26 22:00:00,12786.0,12930.638
2017-08-26 23:00:00,11972.0,11917.372
2017-08-27 00:00:00,11339.0,11218.932
2017-08-27 01:00:00,10899.0,10802.499
2017-08-27 02:00:00,10580.0,10538.664
2017-08-27 03:00:00,10345.0,10411.558
2017-08-27 04:00:00,10267.0,10202.022
2017-08-27 05:00:00,10344.0,10294.245
2017-08-27 06:00:00,10571.0,10418.084
2017-08-27 07:00:00,10622.0,10816.069
2017-08-27 08:00:00,11243.0,11374.895
2017-08-27 09:00:00,11833.0,11920.498
2017-08-27 10:00:00,12361.0,12371.506
2017-08-27 11:00:00,12872.0,12854.054
2017-08-27 12:00:00,13456.0,13235.386
2017-08-27 13:00:00,13906.0,13800.929
2017-08-27 14:00:00,14317.0,14150.494
2017-08-27 15:00:00,14753.0,14553.968
2017-08-27 16:00:00,15217.0,15033.937
2017-08-27 17:00:00,15535.0,15505.816
2017-08-27 18:00:00,15412.0,15541.593
2017-08-27 19:00:00,15084.0,15292.055
2017-08-27 20:00:00,15155.0,15168.777
2017-08-27 21:00:00,14775.0,15026.909
2017-08-27 22:00:00,13791.0,13911.406
2017-08-27 23:00:00,12830.0,12914.442
2017-08-28 00:00:00,11989.0,12119.64
2017-08-28 01:00:00,11507.0,11509.085
2017-08-28 02:00:00,11305.0,11251.506
2017-08-28 03:00:00,11275.0,11155.561
2017-08-28 04:00:00,11403.0,11381.099
2017-08-28 05:00:00,12168.0,12032.747
2017-08-28 06:00:00,13381.0,13355.43
2017-08-28 07:00:00,14030.0,14050.667
2017-08-28 08:00:00,14318.0,14549.958
2017-08-28 09:00:00,14620.0,14883.539
2017-08-28 10:00:00,15133.0,15091.717
2017-08-28 11:00:00,15549.0,15565.618
2017-08-28 12:00:00,15870.0,15904.41
2017-08-28 13:00:00,16210.0,16183.828
2017-08-28 14:00:00,16332.0,16345.28
2017-08-28 15:00:00,16262.0,16334.987
2017-08-28 16:00:00,16163.0,16258.928
2017-08-28 17:00:00,16082.0,16027.667
2017-08-28 18:00:00,15802.0,15790.158
2017-08-28 19:00:00,15677.0,15552.573
2017-08-28 20:00:00,15866.0,15759.185
2017-08-28 21:00:00,15323.0,15612.863
2017-08-28 22:00:00,14252.0,14257.484
2017-08-28 23:00:00,13284.0,13161.708
2017-08-29 00:00:00,12495.0,12502.902
2017-08-29 01:00:00,12009.0,11983.22
2017-08-29 02:00:00,11762.0,11711.8955
2017-08-29 03:00:00,11666.0,11616.026
2017-08-29 04:00:00,11737.0,11787.173
2017-08-29 05:00:00,12296.0,12424.998
2017-08-29 06:00:00,13538.0,13411.462
2017-08-29 07:00:00,14056.0,14188.037
2017-08-29 08:00:00,14231.0,14503.216
2017-08-29 09:00:00,14588.0,14613.268
2017-08-29 10:00:00,15146.0,14983.362
2017-08-29 11:00:00,15435.0,15475.193
2017-08-29 12:00:00,15837.0,15679.966
2017-08-29 13:00:00,16255.0,16128.086
2017-08-29 14:00:00,16579.0,16350.525
2017-08-29 15:00:00,16761.0,16723.3
2017-08-29 16:00:00,16925.0,16917.217
2017-08-29 17:00:00,16897.0,17013.855
2017-08-29 18:00:00,16706.0,16690.557
2017-08-29 19:00:00,16263.0,16429.264
2017-08-29 20:00:00,16361.0,16232.6875
2017-08-29 21:00:00,15769.0,16073.013
2017-08-29 22:00:00,14558.0,14617.699
2017-08-29 23:00:00,13401.0,13347.251
2017-08-30 00:00:00,12494.0,12519.969
2017-08-30 01:00:00,11949.0,11954.339
2017-08-30 02:00:00,11619.0,11642.56
2017-08-30 03:00:00,11489.0,11441.385
2017-08-30 04:00:00,11583.0,11551.017
2017-08-30 05:00:00,12164.0,12253.02
2017-08-30 06:00:00,13347.0,13395.6875
2017-08-30 07:00:00,13796.0,13928.999
2017-08-30 08:00:00,14034.0,14295.111
2017-08-30 09:00:00,14433.0,14513.91
2017-08-30 10:00:00,14974.0,14954.503
2017-08-30 11:00:00,15516.0,15292.342
2017-08-30 12:00:00,16086.0,15789.143
2017-08-30 13:00:00,16733.0,16478.574
2017-08-30 14:00:00,17175.0,17113.227
2017-08-30 15:00:00,17491.0,17445.182
2017-08-30 16:00:00,17757.0,17766.719
2017-08-30 17:00:00,17772.0,17809.713
2017-08-30 18:00:00,17415.0,17537.145
2017-08-30 19:00:00,17069.0,17064.816
2017-08-30 20:00:00,16891.0,16960.475
2017-08-30 21:00:00,16387.0,16488.592
2017-08-30 22:00:00,14982.0,15148.123
2017-08-30 23:00:00,13754.0,13745.964
2017-08-31 00:00:00,12791.0,12807.854
2017-08-31 01:00:00,12232.0,12210.354
2017-08-31 02:00:00,11875.0,11859.086
2017-08-31 03:00:00,11655.0,11713.625
2017-08-31 04:00:00,11698.0,11779.197
2017-08-31 05:00:00,12394.0,12278.391
2017-08-31 06:00:00,13497.0,13574.037
2017-08-31 07:00:00,14019.0,14158.334
2017-08-31 08:00:00,14337.0,14480.721
2017-08-31 09:00:00,14716.0,14798.354
2017-08-31 10:00:00,15365.0,15352.531
2017-08-31 11:00:00,15800.0,15845.926
2017-08-31 12:00:00,16330.0,16231.4
2017-08-31 13:00:00,16600.0,16830.45
2017-08-31 14:00:00,16882.0,16829.037
2017-08-31 15:00:00,16928.0,16972.719
2017-08-31 16:00:00,16934.0,17057.9
2017-08-31 17:00:00,16788.0,16836.54
2017-08-31 18:00:00,16398.0,16439.299
2017-08-31 19:00:00,16038.0,16042.731
2017-08-31 20:00:00,16062.0,15953.187
2017-08-31 21:00:00,15423.0,15731.267
2017-08-31 22:00:00,14242.0,14316.748
2017-08-31 23:00:00,13214.0,13139.119
2017-09-01 00:00:00,12372.0,12358.897
2017-09-01 01:00:00,11819.0,11853.661
2017-09-01 02:00:00,11506.0,11497.618
2017-09-01 03:00:00,11437.0,11399.006
2017-09-01 04:00:00,11493.0,11579.967
2017-09-01 05:00:00,12034.0,12151.858
2017-09-01 06:00:00,13150.0,13211.725
2017-09-01 07:00:00,13524.0,13793.691
2017-09-01 08:00:00,13826.0,14128.383
2017-09-01 09:00:00,14040.0,14421.978
2017-09-01 10:00:00,14233.0,14539.36
2017-09-01 11:00:00,14230.0,14444.382
2017-09-01 12:00:00,14338.0,14334.825
2017-09-01 13:00:00,14314.0,14400.037
2017-09-01 14:00:00,14058.0,14268.219
2017-09-01 15:00:00,13888.0,13944.887
2017-09-01 16:00:00,13796.0,13794.201
2017-09-01 17:00:00,13663.0,13631.377
2017-09-01 18:00:00,13432.0,13441.773
2017-09-01 19:00:00,13271.0,13389.215
2017-09-01 20:00:00,13503.0,13373.309
2017-09-01 21:00:00,13255.0,13242.638
2017-09-01 22:00:00,12512.0,12558.674
2017-09-01 23:00:00,11676.0,11915.576
2017-09-02 00:00:00,10974.0,11129.762
2017-09-02 01:00:00,10545.0,10571.528
2017-09-02 02:00:00,10309.0,10485.198
2017-09-02 03:00:00,10212.0,10315.779
2017-09-02 04:00:00,10162.0,10286.368
2017-09-02 05:00:00,10369.0,10440.595
2017-09-02 06:00:00,10709.0,10559.396
2017-09-02 07:00:00,10832.0,10952.86
2017-09-02 08:00:00,11294.0,11532.339
2017-09-02 09:00:00,11780.0,11821.852
2017-09-02 10:00:00,12123.0,12249.303
2017-09-02 11:00:00,12229.0,12344.1875
2017-09-02 12:00:00,12274.0,12370.068
2017-09-02 13:00:00,12302.0,12295.313
2017-09-02 14:00:00,12260.0,12256.958
2017-09-02 15:00:00,12204.0,12235.551
2017-09-02 16:00:00,12202.0,12213.801
2017-09-02 17:00:00,12242.0,12187.471
2017-09-02 18:00:00,12173.0,12204.758
2017-09-02 19:00:00,12190.0,12323.8955
2017-09-02 20:00:00,12427.0,12433.143
2017-09-02 21:00:00,12268.0,12408.592
2017-09-02 22:00:00,11791.0,11795.857
2017-09-02 23:00:00,11143.0,11338.426
2017-09-03 00:00:00,10632.0,10713.616
2017-09-03 01:00:00,10225.0,10388.678
2017-09-03 02:00:00,9951.0,10161.349
2017-09-03 03:00:00,9884.0,10057.45
2017-09-03 04:00:00,9861.0,10093.344
2017-09-03 05:00:00,9976.0,10244.277
2017-09-03 06:00:00,10129.0,10345.128
2017-09-03 07:00:00,10344.0,10557.449
2017-09-03 08:00:00,10762.0,10892.459
2017-09-03 09:00:00,11332.0,11189.25
2017-09-03 10:00:00,11761.0,11669.886
2017-09-03 11:00:00,12064.0,11987.517
2017-09-03 12:00:00,12378.0,12227.658
2017-09-03 13:00:00,12769.0,12450.118
2017-09-03 14:00:00,12991.0,12866.607
2017-09-03 15:00:00,13313.0,13132.199
2017-09-03 16:00:00,13573.0,13429.075
2017-09-03 17:00:00,13727.0,13657.139
2017-09-03 18:00:00,13552.0,13619.542
2017-09-03 19:00:00,13268.0,13698.176
2017-09-03 20:00:00,13270.0,13414.738
2017-09-03 21:00:00,12863.0,13042.267
2017-09-03 22:00:00,11998.0,12205.6045
2017-09-03 23:00:00,11443.0,11331.618
2017-09-04 00:00:00,10754.0,10956.597
2017-09-04 01:00:00,10328.0,10449.734
2017-09-04 02:00:00,10050.0,10159.807
2017-09-04 03:00:00,9931.0,10117.442
2017-09-04 04:00:00,9846.0,10184.874
2017-09-04 05:00:00,9940.0,10387.065
2017-09-04 06:00:00,10067.0,10408.629
2017-09-04 07:00:00,10266.0,10384.214
2017-09-04 08:00:00,10904.0,10806.773
2017-09-04 09:00:00,11577.0,11500.132
2017-09-04 10:00:00,12301.0,12520.515
2017-09-04 11:00:00,13106.0,13174.427
2017-09-04 12:00:00,13743.0,13471.976
2017-09-04 13:00:00,14379.0,13881.317
2017-09-04 14:00:00,15021.0,14639.615
2017-09-04 15:00:00,15541.0,15315.567
2017-09-04 16:00:00,15998.0,15902.428
2017-09-04 17:00:00,16115.0,16149.891
2017-09-04 18:00:00,16090.0,16146.13
2017-09-04 19:00:00,15850.0,16080.65
2017-09-04 20:00:00,16017.0,15951.897
2017-09-04 21:00:00,15201.0,15477.738
2017-09-04 22:00:00,14074.0,14035.768
2017-09-04 23:00:00,13064.0,12952.998
2017-09-05 00:00:00,12279.0,12245.984
2017-09-05 01:00:00,11782.0,11746.437
2017-09-05 02:00:00,11509.0,11491.905
2017-09-05 03:00:00,11309.0,11400.29
2017-09-05 04:00:00,11473.0,11428.5
2017-09-05 05:00:00,12176.0,12109.386
2017-09-05 06:00:00,13353.0,13521.253
2017-09-05 07:00:00,14037.0,14096.311
2017-09-05 08:00:00,14308.0,14480.046
2017-09-05 09:00:00,14662.0,14790.272
2017-09-05 10:00:00,15123.0,15146.889
2017-09-05 11:00:00,15398.0,15667.211
2017-09-05 12:00:00,15683.0,15816.807
2017-09-05 13:00:00,15987.0,15968.608
2017-09-05 14:00:00,16022.0,16106.941
2017-09-05 15:00:00,15882.0,16044.033
2017-09-05 16:00:00,15770.0,15921.8125
2017-09-05 17:00:00,15519.0,15630.995
2017-09-05 18:00:00,15229.0,15323.508
2017-09-05 19:00:00,15086.0,15268.306
2017-09-05 20:00:00,15067.0,15204.222
2017-09-05 21:00:00,14487.0,14599.214
2017-09-05 22:00:00,13456.0,13537.475
2017-09-05 23:00:00,12564.0,12467.105
2017-09-06 00:00:00,11750.0,11806.962
2017-09-06 01:00:00,11318.0,11295.773
2017-09-06 02:00:00,11053.0,11040.726
2017-09-06 03:00:00,10878.0,10971.904
2017-09-06 04:00:00,11014.0,11062.318
2017-09-06 05:00:00,11507.0,11741.759
2017-09-06 06:00:00,12659.0,12607.95
2017-09-06 07:00:00,13201.0,13544.512
2017-09-06 08:00:00,13448.0,13896.113
2017-09-06 09:00:00,13789.0,14022.678
2017-09-06 10:00:00,14016.0,14249.429
2017-09-06 11:00:00,14114.0,14210.073
2017-09-06 12:00:00,14272.0,14183.18
2017-09-06 13:00:00,14261.0,14386.251
2017-09-06 14:00:00,14189.0,14236.619
2017-09-06 15:00:00,14006.0,14141.888
2017-09-06 16:00:00,14048.0,13974.231
2017-09-06 17:00:00,13934.0,14006.338
2017-09-06 18:00:00,13935.0,13834.368
2017-09-06 19:00:00,13781.0,14065.074
2017-09-06 20:00:00,14128.0,14001.391
2017-09-06 21:00:00,13805.0,13889.164
2017-09-06 22:00:00,12893.0,13054.377
2017-09-06 23:00:00,12065.0,11988.715
2017-09-07 00:00:00,11524.0,11496.159
2017-09-07 01:00:00,11123.0,11132.171
2017-09-07 02:00:00,10955.0,11025.591
2017-09-07 03:00:00,10900.0,10864.89
2017-09-07 04:00:00,11082.0,11048.165
2017-09-07 05:00:00,11748.0,11753.653
2017-09-07 06:00:00,12970.0,13068.138
2017-09-07 07:00:00,13413.0,13900.486
2017-09-07 08:00:00,13673.0,13939.184
2017-09-07 09:00:00,13802.0,14093.354
2017-09-07 10:00:00,14066.0,14095.737
2017-09-07 11:00:00,14099.0,14137.193
2017-09-07 12:00:00,14245.0,14079.629
2017-09-07 13:00:00,14089.0,14224.701
2017-09-07 14:00:00,14074.0,13934.191
2017-09-07 15:00:00,13952.0,13949.57
2017-09-07 16:00:00,13971.0,13856.092
2017-09-07 17:00:00,13765.0,13889.087
2017-09-07 18:00:00,13667.0,13607.227
2017-09-07 19:00:00,13714.0,13794.44
2017-09-07 20:00:00,14255.0,13977.348
2017-09-07 21:00:00,13710.0,13913.459
2017-09-07 22:00:00,12908.0,12909.212
2017-09-07 23:00:00,12072.0,11991.073
2017-09-08 00:00:00,11445.0,11496.26
2017-09-08 01:00:00,11039.0,11077.397
2017-09-08 02:00:00,10877.0,10898.602
2017-09-08 03:00:00,10774.0,10836.143
2017-09-08 04:00:00,10963.0,10892.048
2017-09-08 05:00:00,11678.0,11459.851
2017-09-08 06:00:00,12807.0,12898.778
2017-09-08 07:00:00,13361.0,13680.306
2017-09-08 08:00:00,13703.0,13908.509
2017-09-08 09:00:00,13836.0,13979.847
2017-09-08 10:00:00,14135.0,14080.706
2017-09-08 11:00:00,14133.0,14194.404
2017-09-08 12:00:00,14217.0,14062.104
2017-09-08 13:00:00,14354.0,14178.368
2017-09-08 14:00:00,14253.0,14272.078
2017-09-08 15:00:00,14066.0,14113.98
2017-09-08 16:00:00,13966.0,13925.211
2017-09-08 17:00:00,13837.0,13824.434
2017-09-08 18:00:00,13574.0,13657.579
2017-09-08 19:00:00,13236.0,13686.624
2017-09-08 20:00:00,13593.0,13370.149
2017-09-08 21:00:00,13145.0,13381.895
2017-09-08 22:00:00,12608.0,12427.502
2017-09-08 23:00:00,11826.0,11982.282
2017-09-09 00:00:00,11038.0,11198.497
2017-09-09 01:00:00,10672.0,10654.29
2017-09-09 02:00:00,10491.0,10420.617
2017-09-09 03:00:00,10208.0,10206.548
2017-09-09 04:00:00,10349.0,10169.866
2017-09-09 05:00:00,10588.0,10439.269
2017-09-09 06:00:00,11018.0,10906.426
2017-09-09 07:00:00,11234.0,11387.703
2017-09-09 08:00:00,11769.0,11829.839
2017-09-09 09:00:00,12246.0,12240.949
2017-09-09 10:00:00,12482.0,12492.877
2017-09-09 11:00:00,12598.0,12596.312
2017-09-09 12:00:00,12727.0,12643.564
2017-09-09 13:00:00,12778.0,12772.15
2017-09-09 14:00:00,12715.0,12770.86
2017-09-09 15:00:00,12781.0,12695.43
2017-09-09 16:00:00,12853.0,12797.895
2017-09-09 17:00:00,12963.0,12841.227
2017-09-09 18:00:00,12815.0,12955.785
2017-09-09 19:00:00,12625.0,13037.773
2017-09-09 20:00:00,12759.0,12774.934
2017-09-09 21:00:00,12456.0,12678.372
2017-09-09 22:00:00,11711.0,11832.78
2017-09-09 23:00:00,10968.0,11161.062
2017-09-10 00:00:00,10431.0,10393.316
2017-09-10 01:00:00,10146.0,10053.68
2017-09-10 02:00:00,9942.0,9909.635
2017-09-10 03:00:00,9801.0,9832.758
2017-09-10 04:00:00,9830.0,9774.976
2017-09-10 05:00:00,9951.0,10035.158
2017-09-10 06:00:00,10278.0,10345.768
2017-09-10 07:00:00,10559.0,10599.02
2017-09-10 08:00:00,11144.0,11210.609
2017-09-10 09:00:00,11523.0,11659.098
2017-09-10 10:00:00,11671.0,11816.104
2017-09-10 11:00:00,11824.0,11937.9
2017-09-10 12:00:00,11968.0,12002.622
2017-09-10 13:00:00,12104.0,12061.564
2017-09-10 14:00:00,12179.0,12170.01
2017-09-10 15:00:00,12388.0,12236.248
2017-09-10 16:00:00,12564.0,12501.789
2017-09-10 17:00:00,12632.0,12741.155
2017-09-10 18:00:00,12785.0,12771.832
2017-09-10 19:00:00,12866.0,13208.207
2017-09-10 20:00:00,13240.0,13230.954
2017-09-10 21:00:00,12754.0,13094.373
2017-09-10 22:00:00,11948.0,12257.597
2017-09-10 23:00:00,11254.0,11321.685
2017-09-11 00:00:00,10773.0,10876.883
2017-09-11 01:00:00,10597.0,10499.984
2017-09-11 02:00:00,10486.0,10517.153
2017-09-11 03:00:00,10426.0,10378.174
2017-09-11 04:00:00,10753.0,10433.403
2017-09-11 05:00:00,11469.0,11262.521
2017-09-11 06:00:00,12708.0,12723.83
2017-09-11 07:00:00,13318.0,13672.001
2017-09-11 08:00:00,13470.0,13961.64
2017-09-11 09:00:00,13776.0,14102.335
2017-09-11 10:00:00,14064.0,14205.632
2017-09-11 11:00:00,14165.0,14331.236
2017-09-11 12:00:00,14262.0,14216.197
2017-09-11 13:00:00,14421.0,14272.325
2017-09-11 14:00:00,14458.0,14523.4375
2017-09-11 15:00:00,14228.0,14391.254
2017-09-11 16:00:00,14225.0,14149.307
2017-09-11 17:00:00,14110.0,14154.918
2017-09-11 18:00:00,14106.0,14032.043
2017-09-11 19:00:00,14308.0,14351.592
2017-09-11 20:00:00,14550.0,14607.249
2017-09-11 21:00:00,13959.0,14114.15
2017-09-11 22:00:00,13073.0,13050.865
2017-09-11 23:00:00,12090.0,12119.3125
2017-09-12 00:00:00,11543.0,11497.119
2017-09-12 01:00:00,11152.0,11128.778
2017-09-12 02:00:00,10897.0,11011.937
2017-09-12 03:00:00,10843.0,10861.323
2017-09-12 04:00:00,11097.0,11074.906
2017-09-12 05:00:00,11748.0,11773.3125
2017-09-12 06:00:00,13091.0,13154.275
2017-09-12 07:00:00,13684.0,13913.775
2017-09-12 08:00:00,13798.0,14036.23
2017-09-12 09:00:00,14010.0,14114.748
2017-09-12 10:00:00,14232.0,14264.878
2017-09-12 11:00:00,14439.0,14322.673
2017-09-12 12:00:00,14538.0,14523.244
2017-09-12 13:00:00,14555.0,14600.053
2017-09-12 14:00:00,14713.0,14504.018
2017-09-12 15:00:00,14681.0,14718.72
2017-09-12 16:00:00,14778.0,14698.68
2017-09-12 17:00:00,14701.0,14775.073
2017-09-12 18:00:00,14547.0,14642.793
2017-09-12 19:00:00,14661.0,14774.106
2017-09-12 20:00:00,14964.0,15027.694
2017-09-12 21:00:00,14445.0,14369.204
2017-09-12 22:00:00,13615.0,13476.573
2017-09-12 23:00:00,12695.0,12540.788
2017-09-13 00:00:00,12078.0,11961.258
2017-09-13 01:00:00,11427.0,11615.763
2017-09-13 02:00:00,11154.0,11260.917
2017-09-13 03:00:00,11048.0,11080.081
2017-09-13 04:00:00,11204.0,11154.714
2017-09-13 05:00:00,11912.0,11858.34
2017-09-13 06:00:00,13082.0,13351.513
2017-09-13 07:00:00,13629.0,13931.716
2017-09-13 08:00:00,13866.0,14030.375
2017-09-13 09:00:00,14252.0,14161.569
2017-09-13 10:00:00,14606.0,14581.462
2017-09-13 11:00:00,14872.0,14709.629
2017-09-13 12:00:00,15058.0,15060.749
2017-09-13 13:00:00,15273.0,15188.336
2017-09-13 14:00:00,15220.0,15286.0625
2017-09-13 15:00:00,15055.0,15127.559
2017-09-13 16:00:00,14979.0,15042.58
2017-09-13 17:00:00,14919.0,14836.119
2017-09-13 18:00:00,14884.0,14807.812
2017-09-13 19:00:00,14993.0,15117.661
2017-09-13 20:00:00,15047.0,15188.948
2017-09-13 21:00:00,14534.0,14557.025
2017-09-13 22:00:00,13577.0,13546.588
2017-09-13 23:00:00,12646.0,12460.56
2017-09-14 00:00:00,11937.0,11911.991
2017-09-14 01:00:00,11539.0,11445.461
2017-09-14 02:00:00,11267.0,11275.328
2017-09-14 03:00:00,11143.0,11174.456
2017-09-14 04:00:00,11347.0,11315.114
2017-09-14 05:00:00,12053.0,12076.416
2017-09-14 06:00:00,13248.0,13452.74
2017-09-14 07:00:00,13851.0,14042.479
2017-09-14 08:00:00,14116.0,14178.263
2017-09-14 09:00:00,14155.0,14366.642
2017-09-14 10:00:00,14457.0,14419.281
2017-09-14 11:00:00,14685.0,14652.345
2017-09-14 12:00:00,14912.0,14839.467
2017-09-14 13:00:00,15126.0,15055.511
2017-09-14 14:00:00,15156.0,15173.087
2017-09-14 15:00:00,15050.0,15055.662
2017-09-14 16:00:00,15040.0,15031.197
2017-09-14 17:00:00,14947.0,14954.687
2017-09-14 18:00:00,14859.0,14810.02
2017-09-14 19:00:00,14965.0,15048.418
2017-09-14 20:00:00,15150.0,15105.586
2017-09-14 21:00:00,14559.0,14623.949
2017-09-14 22:00:00,13632.0,13551.572
2017-09-14 23:00:00,12749.0,12490.018
2017-09-15 00:00:00,11934.0,11950.03
2017-09-15 01:00:00,11541.0,11446.34
2017-09-15 02:00:00,11317.0,11255.1
2017-09-15 03:00:00,11102.0,11169.466
2017-09-15 04:00:00,11237.0,11184.525
2017-09-15 05:00:00,11858.0,11883.162
2017-09-15 06:00:00,13028.0,13195.399
2017-09-15 07:00:00,13498.0,13830.37
2017-09-15 08:00:00,13774.0,13988.513
2017-09-15 09:00:00,14176.0,14140.683
2017-09-15 10:00:00,14531.0,14518.996
2017-09-15 11:00:00,14918.0,14672.576
2017-09-15 12:00:00,15318.0,15072.008
2017-09-15 13:00:00,15681.0,15496.796
2017-09-15 14:00:00,15836.0,15750.647
2017-09-15 15:00:00,15800.0,15888.096
2017-09-15 16:00:00,15930.0,15802.186
2017-09-15 17:00:00,15764.0,15904.707
2017-09-15 18:00:00,15381.0,15543.998
2017-09-15 19:00:00,14996.0,15355.725
2017-09-15 20:00:00,15045.0,15024.253
2017-09-15 21:00:00,14497.0,14638.526
2017-09-15 22:00:00,13637.0,13613.235
2017-09-15 23:00:00,12764.0,12547.892
2017-09-16 00:00:00,11934.0,11916.634
2017-09-16 01:00:00,11351.0,11344.414
2017-09-16 02:00:00,11060.0,11010.423
2017-09-16 03:00:00,10831.0,10800.325
2017-09-16 04:00:00,10837.0,10863.044
2017-09-16 05:00:00,10905.0,11077.068
2017-09-16 06:00:00,11293.0,11271.251
2017-09-16 07:00:00,11586.0,11725.082
2017-09-16 08:00:00,12130.0,12220.316
2017-09-16 09:00:00,12808.0,12674.968
2017-09-16 10:00:00,13488.0,13243.199
2017-09-16 11:00:00,13908.0,13788.311
2017-09-16 12:00:00,14507.0,14071.984
2017-09-16 13:00:00,14880.0,14801.721
2017-09-16 14:00:00,15264.0,15085.137
2017-09-16 15:00:00,15445.0,15437.04
2017-09-16 16:00:00,15621.0,15619.615
2017-09-16 17:00:00,15606.0,15654.204
2017-09-16 18:00:00,15256.0,15411.762
2017-09-16 19:00:00,14887.0,15077.072
2017-09-16 20:00:00,14927.0,14861.999
2017-09-16 21:00:00,14260.0,14448.891
2017-09-16 22:00:00,13379.0,13404.26
2017-09-16 23:00:00,12382.0,12373.624
2017-09-17 00:00:00,11597.0,11528.58
2017-09-17 01:00:00,11017.0,11044.957
2017-09-17 02:00:00,10615.0,10712.974
2017-09-17 03:00:00,10378.0,10463.659
2017-09-17 04:00:00,10251.0,10255.433
2017-09-17 05:00:00,10344.0,10367.98
2017-09-17 06:00:00,10667.0,10436.262
2017-09-17 07:00:00,10825.0,10900.689
2017-09-17 08:00:00,11344.0,11630.517
2017-09-17 09:00:00,12140.0,12005.629
2017-09-17 10:00:00,12875.0,12637.098
2017-09-17 11:00:00,13590.0,13221.289
2017-09-17 12:00:00,14234.0,14017.49
2017-09-17 13:00:00,15014.0,14569.6045
2017-09-17 14:00:00,15474.0,15382.487
2017-09-17 15:00:00,15935.0,15850.253
2017-09-17 16:00:00,16202.0,16269.772
2017-09-17 17:00:00,16381.0,16366.801
2017-09-17 18:00:00,16108.0,16286.494
2017-09-17 19:00:00,15866.0,15934.081
2017-09-17 20:00:00,15850.0,15865.842
2017-09-17 21:00:00,14980.0,15320.705
2017-09-17 22:00:00,13858.0,13971.714
2017-09-17 23:00:00,12848.0,12839.991
2017-09-18 00:00:00,12190.0,12113.144
2017-09-18 01:00:00,11682.0,11701.398
2017-09-18 02:00:00,11391.0,11378.584
2017-09-18 03:00:00,11307.0,11234.252
2017-09-18 04:00:00,11421.0,11394.57
2017-09-18 05:00:00,12143.0,12146.164
2017-09-18 06:00:00,13349.0,13429.42
2017-09-18 07:00:00,14045.0,14096.5625
2017-09-18 08:00:00,14366.0,14464.116
2017-09-18 09:00:00,14802.0,14906.307
2017-09-18 10:00:00,15439.0,15306.773
2017-09-18 11:00:00,15909.0,15953.013
2017-09-18 12:00:00,16554.0,16366.675
2017-09-18 13:00:00,17119.0,17053.133
2017-09-18 14:00:00,17572.0,17383.807
2017-09-18 15:00:00,17731.0,17834.8
2017-09-18 16:00:00,17788.0,17791.92
2017-09-18 17:00:00,17711.0,17625.697
2017-09-18 18:00:00,17287.0,17373.254
2017-09-18 19:00:00,16987.0,17036.176
2017-09-18 20:00:00,16956.0,16926.812
2017-09-18 21:00:00,16006.0,16335.471
2017-09-18 22:00:00,14740.0,14767.585
2017-09-18 23:00:00,13486.0,13559.279
2017-09-19 00:00:00,12634.0,12666.329
2017-09-19 01:00:00,12103.0,12106.903
2017-09-19 02:00:00,11727.0,11817.42
2017-09-19 03:00:00,11602.0,11605.554
2017-09-19 04:00:00,11746.0,11717.852
2017-09-19 05:00:00,12432.0,12423.181
2017-09-19 06:00:00,13772.0,13757.84
2017-09-19 07:00:00,14451.0,14397.376
2017-09-19 08:00:00,14473.0,14811.967
2017-09-19 09:00:00,14910.0,14893.344
2017-09-19 10:00:00,15335.0,15582.916
2017-09-19 11:00:00,15850.0,15786.109
2017-09-19 12:00:00,16310.0,16239.418
2017-09-19 13:00:00,16704.0,16742.814
2017-09-19 14:00:00,16860.0,17033.514
2017-09-19 15:00:00,16990.0,16943.05
2017-09-19 16:00:00,17098.0,17009.914
2017-09-19 17:00:00,17133.0,17059.746
2017-09-19 18:00:00,16821.0,16893.197
2017-09-19 19:00:00,16671.0,16562.373
2017-09-19 20:00:00,16677.0,16671.05
2017-09-19 21:00:00,15738.0,16058.503
2017-09-19 22:00:00,14646.0,14526.559
2017-09-19 23:00:00,13564.0,13481.857
2017-09-20 00:00:00,12686.0,12657.719
2017-09-20 01:00:00,12111.0,12128.994
2017-09-20 02:00:00,11785.0,11828.045
2017-09-20 03:00:00,11658.0,11658.611
2017-09-20 04:00:00,11717.0,11809.681
2017-09-20 05:00:00,12399.0,12409.63
2017-09-20 06:00:00,13703.0,13660.893
2017-09-20 07:00:00,14388.0,14336.766
2017-09-20 08:00:00,14526.0,14729.126
2017-09-20 09:00:00,14976.0,14876.688
2017-09-20 10:00:00,15731.0,15460.497
2017-09-20 11:00:00,16434.0,16069.811
2017-09-20 12:00:00,17191.0,16904.096
2017-09-20 13:00:00,17961.0,17628.475
2017-09-20 14:00:00,18612.0,18363.002
2017-09-20 15:00:00,18668.0,18988.076
2017-09-20 16:00:00,18787.0,18716.8
2017-09-20 17:00:00,18698.0,18545.797
2017-09-20 18:00:00,18285.0,18411.41
2017-09-20 19:00:00,17896.0,17864.627
2017-09-20 20:00:00,17740.0,17786.094
2017-09-20 21:00:00,16665.0,17207.242
2017-09-20 22:00:00,15396.0,15346.698
2017-09-20 23:00:00,14212.0,14101.338
2017-09-21 00:00:00,13217.0,13222.277
2017-09-21 01:00:00,12537.0,12600.144
2017-09-21 02:00:00,12047.0,12103.856
2017-09-21 03:00:00,11816.0,11806.148
2017-09-21 04:00:00,11908.0,11824.585
2017-09-21 05:00:00,12522.0,12498.426
2017-09-21 06:00:00,13773.0,13822.105
2017-09-21 07:00:00,14333.0,14398.54
2017-09-21 08:00:00,14738.0,14739.324
2017-09-21 09:00:00,15363.0,15234.381
2017-09-21 10:00:00,16350.0,15999.766
2017-09-21 11:00:00,17368.0,16943.941
2017-09-21 12:00:00,18293.0,18135.945
2017-09-21 13:00:00,19170.0,19092.273
2017-09-21 14:00:00,19791.0,19699.094
2017-09-21 15:00:00,20129.0,20107.084
2017-09-21 16:00:00,20190.0,20312.63
2017-09-21 17:00:00,20022.0,20096.93
2017-09-21 18:00:00,19464.0,19585.299
2017-09-21 19:00:00,18922.0,18949.03
2017-09-21 20:00:00,18704.0,18841.883
2017-09-21 21:00:00,17550.0,18170.521
2017-09-21 22:00:00,16069.0,16161.165
2017-09-21 23:00:00,14636.0,14761.495
2017-09-22 00:00:00,13677.0,13603.943
2017-09-22 01:00:00,12889.0,12972.929
2017-09-22 02:00:00,12314.0,12460.057
2017-09-22 03:00:00,12042.0,12146.304
2017-09-22 04:00:00,12117.0,11967.851
2017-09-22 05:00:00,12677.0,12676.302
2017-09-22 06:00:00,13969.0,13943.952
2017-09-22 07:00:00,14494.0,14769.935
2017-09-22 08:00:00,14822.0,14976.737
2017-09-22 09:00:00,15477.0,15468.41
2017-09-22 10:00:00,16540.0,16125.509
2017-09-22 11:00:00,17559.0,17332.309
2017-09-22 12:00:00,18514.0,18308.1
2017-09-22 13:00:00,19382.0,19253.803
2017-09-22 14:00:00,19791.0,19884.334
2017-09-22 15:00:00,19979.0,19989.521
2017-09-22 16:00:00,19995.0,20089.992
2017-09-22 17:00:00,19675.0,19824.416
2017-09-22 18:00:00,18930.0,19063.023
2017-09-22 19:00:00,18174.0,18321.426
2017-09-22 20:00:00,17657.0,17888.602
2017-09-22 21:00:00,16613.0,16930.807
2017-09-22 22:00:00,15347.0,15451.628
2017-09-22 23:00:00,14002.0,14065.036
2017-09-23 00:00:00,12981.0,13015.827
2017-09-23 01:00:00,12221.0,12284.668
2017-09-23 02:00:00,11749.0,11858.027
2017-09-23 03:00:00,11524.0,11486.76
2017-09-23 04:00:00,11335.0,11413.554
2017-09-23 05:00:00,11386.0,11525.157
2017-09-23 06:00:00,11731.0,11681.586
2017-09-23 07:00:00,12030.0,12186.97
2017-09-23 08:00:00,12780.0,12732.766
2017-09-23 09:00:00,13712.0,13517.688
2017-09-23 10:00:00,14755.0,14594.017
2017-09-23 11:00:00,15816.0,15540.067
2017-09-23 12:00:00,16745.0,16501.33
2017-09-23 13:00:00,17537.0,17284.85
2017-09-23 14:00:00,18207.0,17948.068
2017-09-23 15:00:00,18713.0,18653.969
2017-09-23 16:00:00,18889.0,19061.188
2017-09-23 17:00:00,18761.0,18844.143
2017-09-23 18:00:00,18196.0,18300.656
2017-09-23 19:00:00,17251.0,17545.89
2017-09-23 20:00:00,16699.0,16801.973
2017-09-23 21:00:00,15610.0,16081.447
2017-09-23 22:00:00,14487.0,14543.677
2017-09-23 23:00:00,13242.0,13357.036
2017-09-24 00:00:00,12272.0,12319.157
2017-09-24 01:00:00,11610.0,11675.651
2017-09-24 02:00:00,11083.0,11202.507
2017-09-24 03:00:00,10866.0,10794.071
2017-09-24 04:00:00,10611.0,10800.496
2017-09-24 05:00:00,10688.0,10757.921
2017-09-24 06:00:00,10931.0,10883.883
2017-09-24 07:00:00,11141.0,11179.86
2017-09-24 08:00:00,11717.0,11958.471
2017-09-24 09:00:00,12765.0,12582.631
2017-09-24 10:00:00,13681.0,13535.388
2017-09-24 11:00:00,14775.0,14509.785
2017-09-24 12:00:00,15876.0,15632.698
2017-09-24 13:00:00,16605.0,16527.133
2017-09-24 14:00:00,17444.0,17088.266
2017-09-24 15:00:00,18036.0,17923.596
2017-09-24 16:00:00,18434.0,18537.018
2017-09-24 17:00:00,18548.0,18519.154
2017-09-24 18:00:00,18091.0,18368.123
2017-09-24 19:00:00,17563.0,17574.014
2017-09-24 20:00:00,17225.0,17265.729
2017-09-24 21:00:00,16074.0,16588.033
2017-09-24 22:00:00,14695.0,15060.215
2017-09-24 23:00:00,13664.0,13588.657
2017-09-25 00:00:00,12779.0,12814.919
2017-09-25 01:00:00,12262.0,12220.359
2017-09-25 02:00:00,11870.0,11906.428
2017-09-25 03:00:00,11639.0,11628.856
2017-09-25 04:00:00,11845.0,11658.293
2017-09-25 05:00:00,12408.0,12359.533
2017-09-25 06:00:00,13742.0,13665.809
2017-09-25 07:00:00,14343.0,14459.633
2017-09-25 08:00:00,14622.0,15036.624
2017-09-25 09:00:00,15302.0,15226.905
2017-09-25 10:00:00,16255.0,16081.724
2017-09-25 11:00:00,17175.0,16976.451
2017-09-25 12:00:00,18304.0,18004.646
2017-09-25 13:00:00,19102.0,19170.37
2017-09-25 14:00:00,19687.0,19675.762
2017-09-25 15:00:00,19890.0,20054.701
2017-09-25 16:00:00,20046.0,20071.535
2017-09-25 17:00:00,19867.0,19881.088
2017-09-25 18:00:00,19333.0,19438.107
2017-09-25 19:00:00,18860.0,18767.082
2017-09-25 20:00:00,18431.0,18638.086
2017-09-25 21:00:00,17166.0,17758.9
2017-09-25 22:00:00,15681.0,15878.952
2017-09-25 23:00:00,14190.0,14432.68
2017-09-26 00:00:00,13232.0,13279.84
2017-09-26 01:00:00,12547.0,12608.254
2017-09-26 02:00:00,12079.0,12151.524
2017-09-26 03:00:00,11819.0,11897.882
2017-09-26 04:00:00,11834.0,11763.773
2017-09-26 05:00:00,12407.0,12407.659
2017-09-26 06:00:00,13739.0,13546.153
2017-09-26 07:00:00,14276.0,14338.648
2017-09-26 08:00:00,14663.0,14750.897
2017-09-26 09:00:00,15357.0,15283.575
2017-09-26 10:00:00,16247.0,16135.204
2017-09-26 11:00:00,17256.0,17000.023
2017-09-26 12:00:00,18307.0,17890.055
2017-09-26 13:00:00,19303.0,19050.201
2017-09-26 14:00:00,20077.0,19910.139
2017-09-26 15:00:00,20432.0,20591.111
2017-09-26 16:00:00,20554.0,20697.209
2017-09-26 17:00:00,20393.0,20462.865
2017-09-26 18:00:00,19796.0,19906.43
2017-09-26 19:00:00,19211.0,19274.408
2017-09-26 20:00:00,18698.0,18960.234
2017-09-26 21:00:00,17410.0,18124.725
2017-09-26 22:00:00,15904.0,15982.593
2017-09-26 23:00:00,14583.0,14559.77
2017-09-27 00:00:00,13586.0,13600.969
2017-09-27 01:00:00,12815.0,12907.991
2017-09-27 02:00:00,12472.0,12372.085
2017-09-27 03:00:00,12076.0,12287.553
2017-09-27 04:00:00,12216.0,12105.277
2017-09-27 05:00:00,12868.0,12853.936
2017-09-27 06:00:00,13963.0,14189.723
2017-09-27 07:00:00,14490.0,14765.987
2017-09-27 08:00:00,14797.0,14969.959
2017-09-27 09:00:00,15341.0,15410.754
2017-09-27 10:00:00,16159.0,16050.554
2017-09-27 11:00:00,17080.0,16905.398
2017-09-27 12:00:00,17975.0,17646.627
2017-09-27 13:00:00,18706.0,18613.604
2017-09-27 14:00:00,19112.0,19216.18
2017-09-27 15:00:00,19263.0,19481.25
2017-09-27 16:00:00,19380.0,19342.555
2017-09-27 17:00:00,19037.0,19309.27
2017-09-27 18:00:00,18390.0,18509.445
2017-09-27 19:00:00,17968.0,17830.467
2017-09-27 20:00:00,17750.0,17691.377
2017-09-27 21:00:00,16480.0,17145.584
2017-09-27 22:00:00,15132.0,15213.8
2017-09-27 23:00:00,13794.0,13819.834
2017-09-28 00:00:00,12873.0,12950.702
2017-09-28 01:00:00,12195.0,12291.749
2017-09-28 02:00:00,11828.0,11845.949
2017-09-28 03:00:00,11555.0,11686.864
2017-09-28 04:00:00,11697.0,11638.416
2017-09-28 05:00:00,12214.0,12274.862
2017-09-28 06:00:00,13448.0,13416.3125
2017-09-28 07:00:00,13916.0,14025.309
2017-09-28 08:00:00,14004.0,14437.876
2017-09-28 09:00:00,14446.0,14524.212
2017-09-28 10:00:00,14842.0,15060.172
2017-09-28 11:00:00,15243.0,15338.634
2017-09-28 12:00:00,15605.0,15647.343
2017-09-28 13:00:00,15898.0,15887.152
2017-09-28 14:00:00,15977.0,16021.721
2017-09-28 15:00:00,16077.0,15964.234
2017-09-28 16:00:00,16044.0,16070.126
2017-09-28 17:00:00,15977.0,15890.853
2017-09-28 18:00:00,15549.0,15687.31
2017-09-28 19:00:00,15278.0,15287.973
2017-09-28 20:00:00,15213.0,15215.762
2017-09-28 21:00:00,14468.0,14760.948
2017-09-28 22:00:00,13386.0,13519.013
2017-09-28 23:00:00,12374.0,12389.811
2017-09-29 00:00:00,11610.0,11744.184
2017-09-29 01:00:00,11285.0,11192.085
2017-09-29 02:00:00,11027.0,11022.287
2017-09-29 03:00:00,10859.0,10962.43
2017-09-29 04:00:00,11106.0,10986.819
2017-09-29 05:00:00,11663.0,11559.672
2017-09-29 06:00:00,12786.0,12700.182
2017-09-29 07:00:00,13348.0,13443.656
2017-09-29 08:00:00,13385.0,13886.86
2017-09-29 09:00:00,13626.0,13828.329
2017-09-29 10:00:00,13960.0,14115.534
2017-09-29 11:00:00,14135.0,14347.077
2017-09-29 12:00:00,14281.0,14221.526
2017-09-29 13:00:00,14585.0,14349.236
2017-09-29 14:00:00,14674.0,14703.243
2017-09-29 15:00:00,14702.0,14702.175
2017-09-29 16:00:00,14680.0,14741.429
2017-09-29 17:00:00,14451.0,14570.859
2017-09-29 18:00:00,13978.0,14218.853
2017-09-29 19:00:00,13882.0,13835.757
2017-09-29 20:00:00,13914.0,13868.185
2017-09-29 21:00:00,13323.0,13701.033
2017-09-29 22:00:00,12566.0,12585.197
2017-09-29 23:00:00,11666.0,11882.819
2017-09-30 00:00:00,11013.0,11057.935
2017-09-30 01:00:00,10545.0,10539.645
2017-09-30 02:00:00,10233.0,10414.151
2017-09-30 03:00:00,10196.0,10239.862
2017-09-30 04:00:00,10261.0,10222.424
2017-09-30 05:00:00,10478.0,10411.069
2017-09-30 06:00:00,10864.0,10505.21
2017-09-30 07:00:00,11159.0,11122.979
2017-09-30 08:00:00,11594.0,11761.752
2017-09-30 09:00:00,12034.0,12131.558
2017-09-30 10:00:00,12198.0,12405.327
2017-09-30 11:00:00,12193.0,12475.102
2017-09-30 12:00:00,12194.0,12391.361
2017-09-30 13:00:00,12418.0,12279.373
2017-09-30 14:00:00,12421.0,12548.776
2017-09-30 15:00:00,12472.0,12558.832
2017-09-30 16:00:00,12567.0,12558.906
2017-09-30 17:00:00,12583.0,12623.508
2017-09-30 18:00:00,12368.0,12497.016
2017-09-30 19:00:00,12478.0,12474.183
2017-09-30 20:00:00,12464.0,12698.53
2017-09-30 21:00:00,12050.0,12491.173
2017-09-30 22:00:00,11507.0,11552.646
2017-09-30 23:00:00,10948.0,11296.287
2017-10-01 00:00:00,10460.0,10569.425
2017-10-01 01:00:00,10060.0,10231.291
2017-10-01 02:00:00,9960.0,10078.747
2017-10-01 03:00:00,9835.0,10062.473
2017-10-01 04:00:00,9849.0,10046.378
2017-10-01 05:00:00,9994.0,10206.7705
2017-10-01 06:00:00,10395.0,10327.692
2017-10-01 07:00:00,10727.0,10701.674
2017-10-01 08:00:00,11304.0,11243.416
2017-10-01 09:00:00,11530.0,11687.1455
2017-10-01 10:00:00,11502.0,11780.331
2017-10-01 11:00:00,11716.0,11793.583
2017-10-01 12:00:00,11876.0,11930.734
2017-10-01 13:00:00,11870.0,11899.625
2017-10-01 14:00:00,11892.0,11932.751
2017-10-01 15:00:00,11984.0,11910.781
2017-10-01 16:00:00,12197.0,12062.582
2017-10-01 17:00:00,12410.0,12340.342
2017-10-01 18:00:00,12390.0,12583.569
2017-10-01 19:00:00,12842.0,12865.662
2017-10-01 20:00:00,12989.0,13196.678
2017-10-01 21:00:00,12510.0,13021.708
2017-10-01 22:00:00,11862.0,11895.814
2017-10-01 23:00:00,11267.0,11262.774
2017-10-02 00:00:00,10902.0,10846.789
2017-10-02 01:00:00,10658.0,10614.409
2017-10-02 02:00:00,10555.0,10563.538
2017-10-02 03:00:00,10529.0,10690.207
2017-10-02 04:00:00,10820.0,10859.393
2017-10-02 05:00:00,11475.0,11494.765
2017-10-02 06:00:00,12793.0,12694.282
2017-10-02 07:00:00,13567.0,13690.307
2017-10-02 08:00:00,13593.0,13995.251
2017-10-02 09:00:00,13757.0,13937.77
2017-10-02 10:00:00,13899.0,14144.78
2017-10-02 11:00:00,13976.0,14069.711
2017-10-02 12:00:00,14173.0,14085.703
2017-10-02 13:00:00,14363.0,14292.19
2017-10-02 14:00:00,14567.0,14525.033
2017-10-02 15:00:00,14515.0,14660.173
2017-10-02 16:00:00,14687.0,14550.947
2017-10-02 17:00:00,14794.0,14796.535
2017-10-02 18:00:00,14697.0,14940.618
2017-10-02 19:00:00,14841.0,15152.994
2017-10-02 20:00:00,14683.0,15005.218
2017-10-02 21:00:00,14013.0,14224.053
2017-10-02 22:00:00,13064.0,13136.805
2017-10-02 23:00:00,12205.0,12166.093
2017-10-03 00:00:00,11599.0,11591.859
2017-10-03 01:00:00,11173.0,11208.116
2017-10-03 02:00:00,10983.0,10970.469
2017-10-03 03:00:00,10943.0,10991.319
2017-10-03 04:00:00,11117.0,11086.274
2017-10-03 05:00:00,11729.0,11904.185
2017-10-03 06:00:00,13055.0,13193.654
2017-10-03 07:00:00,13750.0,14002.179
2017-10-03 08:00:00,13844.0,14067.527
2017-10-03 09:00:00,13860.0,14091.764
2017-10-03 10:00:00,14275.0,14155.72
2017-10-03 11:00:00,14399.0,14452.443
2017-10-03 12:00:00,14816.0,14520.681
2017-10-03 13:00:00,15016.0,15006.1455
2017-10-03 14:00:00,15421.0,15026.034
2017-10-03 15:00:00,15713.0,15532.126
2017-10-03 16:00:00,15945.0,15857.825
2017-10-03 17:00:00,15820.0,15986.439
2017-10-03 18:00:00,15693.0,15706.935
2017-10-03 19:00:00,15725.0,15771.474
2017-10-03 20:00:00,15647.0,15711.43
2017-10-03 21:00:00,14809.0,15077.201
2017-10-03 22:00:00,13802.0,13780.102
2017-10-03 23:00:00,12818.0,12761.55
2017-10-04 00:00:00,11971.0,12100.941
2017-10-04 01:00:00,11524.0,11499.208
2017-10-04 02:00:00,11365.0,11230.807
2017-10-04 03:00:00,11254.0,11250.547
2017-10-04 04:00:00,11505.0,11429.066
2017-10-04 05:00:00,12113.0,12259.406
2017-10-04 06:00:00,13518.0,13536.312
2017-10-04 07:00:00,14130.0,14376.463
2017-10-04 08:00:00,14328.0,14249.939
2017-10-04 09:00:00,14567.0,14541.333
2017-10-04 10:00:00,14740.0,14862.079
2017-10-04 11:00:00,15088.0,14890.412
2017-10-04 12:00:00,15290.0,15335.973
2017-10-04 13:00:00,15838.0,15479.401
2017-10-04 14:00:00,15895.0,15969.442
2017-10-04 15:00:00,16087.0,15987.647
2017-10-04 16:00:00,16160.0,16162.82
2017-10-04 17:00:00,16158.0,16118.452
2017-10-04 18:00:00,15835.0,16026.944
2017-10-04 19:00:00,16146.0,15838.757
2017-10-04 20:00:00,15778.0,16181.819
2017-10-04 21:00:00,15084.0,15197.291
2017-10-04 22:00:00,14018.0,13964.384
2017-10-04 23:00:00,12982.0,12937.393
2017-10-05 00:00:00,12266.0,12206.493
2017-10-05 01:00:00,11744.0,11777.981
2017-10-05 02:00:00,11463.0,11468.913
2017-10-05 03:00:00,11392.0,11327.339
2017-10-05 04:00:00,11527.0,11505.968
2017-10-05 05:00:00,12189.0,12217.53
2017-10-05 06:00:00,13509.0,13593.239
2017-10-05 07:00:00,14237.0,14366.33
2017-10-05 08:00:00,14283.0,14404.704
2017-10-05 09:00:00,14500.0,14496.337
2017-10-05 10:00:00,14814.0,14871.656
2017-10-05 11:00:00,14859.0,15042.198
2017-10-05 12:00:00,15086.0,15033.125
2017-10-05 13:00:00,15245.0,15240.388
2017-10-05 14:00:00,15330.0,15271.571
2017-10-05 15:00:00,15399.0,15301.702
2017-10-05 16:00:00,15448.0,15400.217
2017-10-05 17:00:00,15401.0,15385.478
2017-10-05 18:00:00,15104.0,15325.206
2017-10-05 19:00:00,15477.0,15290.6875
2017-10-05 20:00:00,15263.0,15523.612
2017-10-05 21:00:00,14598.0,14763.33
2017-10-05 22:00:00,13587.0,13665.688
2017-10-05 23:00:00,12598.0,12566.512
2017-10-06 00:00:00,11865.0,11894.009
2017-10-06 01:00:00,11485.0,11401.691
2017-10-06 02:00:00,11062.0,11222.902
2017-10-06 03:00:00,11126.0,11001.506
2017-10-06 04:00:00,11275.0,11346.062
2017-10-06 05:00:00,11907.0,11957.076
2017-10-06 06:00:00,13213.0,13252.029
2017-10-06 07:00:00,13978.0,14001.303
2017-10-06 08:00:00,14091.0,14149.546
2017-10-06 09:00:00,14319.0,14270.501
2017-10-06 10:00:00,14611.0,14577.008
2017-10-06 11:00:00,14695.0,14801.054
2017-10-06 12:00:00,14889.0,14861.14
2017-10-06 13:00:00,15221.0,15033.399
2017-10-06 14:00:00,15187.0,15327.81
2017-10-06 15:00:00,15239.0,15096.71
2017-10-06 16:00:00,15263.0,15265.817
2017-10-06 17:00:00,15122.0,15205.043
2017-10-06 18:00:00,14810.0,14973.959
2017-10-06 19:00:00,14832.0,14844.62
2017-10-06 20:00:00,14561.0,14632.84
2017-10-06 21:00:00,13968.0,14198.563
2017-10-06 22:00:00,13227.0,13104.536
2017-10-06 23:00:00,12331.0,12224.461
2017-10-07 00:00:00,11585.0,11625.187
2017-10-07 01:00:00,10980.0,11103.582
2017-10-07 02:00:00,10723.0,10798.091
2017-10-07 03:00:00,10522.0,10521.515
2017-10-07 04:00:00,10475.0,10631.412
2017-10-07 05:00:00,10609.0,10551.012
2017-10-07 06:00:00,11057.0,10974.969
2017-10-07 07:00:00,11581.0,11506.371
2017-10-07 08:00:00,12010.0,12095.487
2017-10-07 09:00:00,12746.0,12489.348
2017-10-07 10:00:00,13325.0,13047.244
2017-10-07 11:00:00,13837.0,13508.919
2017-10-07 12:00:00,14316.0,13952.994
2017-10-07 13:00:00,14755.0,14516.837
2017-10-07 14:00:00,15141.0,14934.883
2017-10-07 15:00:00,15395.0,15318.798
2017-10-07 16:00:00,15451.0,15519.959
2017-10-07 17:00:00,15456.0,15424.434
2017-10-07 18:00:00,15184.0,15318.682
2017-10-07 19:00:00,15380.0,15263.78
2017-10-07 20:00:00,15056.0,15199.458
2017-10-07 21:00:00,14317.0,14627.858
2017-10-07 22:00:00,13646.0,13466.694
2017-10-07 23:00:00,12906.0,12705.178
2017-10-08 00:00:00,12027.0,12130.867
2017-10-08 01:00:00,11493.0,11428.428
2017-10-08 02:00:00,11209.0,11156.866
2017-10-08 03:00:00,10892.0,10905.118
2017-10-08 04:00:00,10616.0,10804.988
2017-10-08 05:00:00,10740.0,10676.34
2017-10-08 06:00:00,10939.0,10885.136
2017-10-08 07:00:00,11203.0,11306.956
2017-10-08 08:00:00,11558.0,11815.316
2017-10-08 09:00:00,12099.0,12215.75
2017-10-08 10:00:00,12435.0,12607.672
2017-10-08 11:00:00,12817.0,12829.449
2017-10-08 12:00:00,13143.0,13138.027
2017-10-08 13:00:00,13413.0,13385.758
2017-10-08 14:00:00,13453.0,13572.658
2017-10-08 15:00:00,13542.0,13456.326
2017-10-08 16:00:00,13622.0,13637.037
2017-10-08 17:00:00,13813.0,13687.486
2017-10-08 18:00:00,14033.0,13853.778
2017-10-08 19:00:00,14488.0,14419.44
2017-10-08 20:00:00,14329.0,14412.674
2017-10-08 21:00:00,13889.0,13892.592
2017-10-08 22:00:00,13230.0,13116.272
2017-10-08 23:00:00,12643.0,12326.303
2017-10-09 00:00:00,12092.0,12164.717
2017-10-09 01:00:00,11654.0,11763.928
2017-10-09 02:00:00,11411.0,11482.268
2017-10-09 03:00:00,11504.0,11303.935
2017-10-09 04:00:00,11713.0,11666.34
2017-10-09 05:00:00,12332.0,12587.96
2017-10-09 06:00:00,13597.0,13742.959
2017-10-09 07:00:00,14568.0,14520.415
2017-10-09 08:00:00,14769.0,14893.494
2017-10-09 09:00:00,15044.0,14975.4375
2017-10-09 10:00:00,15411.0,15334.033
2017-10-09 11:00:00,15823.0,15520.3125
2017-10-09 12:00:00,16109.0,15955.557
2017-10-09 13:00:00,16428.0,16308.805
2017-10-09 14:00:00,16661.0,16518.234
2017-10-09 15:00:00,16746.0,16637.676
2017-10-09 16:00:00,16944.0,16813.97
2017-10-09 17:00:00,16875.0,17060.764
2017-10-09 18:00:00,16580.0,16714.934
2017-10-09 19:00:00,16754.0,16583.379
2017-10-09 20:00:00,16421.0,16662.334
2017-10-09 21:00:00,15436.0,15784.58
2017-10-09 22:00:00,14325.0,14330.972
2017-10-09 23:00:00,13330.0,13307.792
2017-10-10 00:00:00,12481.0,12565.588
2017-10-10 01:00:00,12031.0,12008.573
2017-10-10 02:00:00,11718.0,11720.962
2017-10-10 03:00:00,11588.0,11632.861
2017-10-10 04:00:00,11645.0,11735.782
2017-10-10 05:00:00,12349.0,12349.652
2017-10-10 06:00:00,13501.0,13702.147
2017-10-10 07:00:00,14335.0,14351.821
2017-10-10 08:00:00,14378.0,14699.924
2017-10-10 09:00:00,14640.0,14741.102
2017-10-10 10:00:00,15142.0,15110.461
2017-10-10 11:00:00,15597.0,15439.349
2017-10-10 12:00:00,16095.0,15866.627
2017-10-10 13:00:00,16613.0,16402.322
2017-10-10 14:00:00,16783.0,16772.139
2017-10-10 15:00:00,16912.0,16792.238
2017-10-10 16:00:00,16793.0,17032.73
2017-10-10 17:00:00,16514.0,16640.117
2017-10-10 18:00:00,16396.0,16214.436
2017-10-10 19:00:00,16616.0,16403.377
2017-10-10 20:00:00,16327.0,16480.65
2017-10-10 21:00:00,15546.0,15727.405
2017-10-10 22:00:00,14436.0,14466.599
2017-10-10 23:00:00,13348.0,13332.01
2017-10-11 00:00:00,12611.0,12529.749
2017-10-11 01:00:00,12208.0,12123.048
2017-10-11 02:00:00,11722.0,11867.461
2017-10-11 03:00:00,11635.0,11638.665
2017-10-11 04:00:00,11746.0,11743.569
2017-10-11 05:00:00,12326.0,12405.179
2017-10-11 06:00:00,13493.0,13616.424
2017-10-11 07:00:00,14298.0,14361.474
2017-10-11 08:00:00,14395.0,14644.774
2017-10-11 09:00:00,14662.0,14763.8125
2017-10-11 10:00:00,15080.0,15149.806
2017-10-11 11:00:00,15405.0,15368.072
2017-10-11 12:00:00,15779.0,15619.51
2017-10-11 13:00:00,16130.0,15984.72
2017-10-11 14:00:00,16309.0,16235.241
2017-10-11 15:00:00,16295.0,16362.06
2017-10-11 16:00:00,16397.0,16338.565
2017-10-11 17:00:00,15980.0,16310.466
2017-10-11 18:00:00,15661.0,15743.352
2017-10-11 19:00:00,15731.0,15675.567
2017-10-11 20:00:00,15284.0,15632.123
2017-10-11 21:00:00,14524.0,14822.689
2017-10-11 22:00:00,13587.0,13612.984
2017-10-11 23:00:00,12532.0,12595.021
2017-10-12 00:00:00,11774.0,11844.654
2017-10-12 01:00:00,11406.0,11341.933
2017-10-12 02:00:00,11073.0,11163.131
2017-10-12 03:00:00,10989.0,11006.591
2017-10-12 04:00:00,11220.0,11219.273
2017-10-12 05:00:00,11809.0,11907.577
2017-10-12 06:00:00,12999.0,13034.877
2017-10-12 07:00:00,13841.0,13928.543
2017-10-12 08:00:00,13858.0,14137.778
2017-10-12 09:00:00,14094.0,14166.024
2017-10-12 10:00:00,14262.0,14416.4375
2017-10-12 11:00:00,14359.0,14351.794
2017-10-12 12:00:00,14468.0,14522.3
2017-10-12 13:00:00,14620.0,14572.901
2017-10-12 14:00:00,14588.0,14628.195
2017-10-12 15:00:00,14399.0,14576.35
2017-10-12 16:00:00,14394.0,14352.45
2017-10-12 17:00:00,14331.0,14375.178
2017-10-12 18:00:00,14331.0,14292.585
2017-10-12 19:00:00,14732.0,14533.977
2017-10-12 20:00:00,14606.0,14771.202
2017-10-12 21:00:00,13975.0,14142.707
2017-10-12 22:00:00,13030.0,13109.874
2017-10-12 23:00:00,12147.0,12108.457
2017-10-13 00:00:00,11608.0,11572.057
2017-10-13 01:00:00,11095.0,11232.592
2017-10-13 02:00:00,10887.0,10896.319
2017-10-13 03:00:00,10845.0,10838.956
2017-10-13 04:00:00,10919.0,11067.181
2017-10-13 05:00:00,11541.0,11558.837
2017-10-13 06:00:00,12714.0,12645.495
2017-10-13 07:00:00,13413.0,13780.241
2017-10-13 08:00:00,13564.0,13966.892
2017-10-13 09:00:00,13835.0,14000.305
2017-10-13 10:00:00,14031.0,14145.979
2017-10-13 11:00:00,14215.0,14147.007
2017-10-13 12:00:00,14372.0,14221.51
2017-10-13 13:00:00,14634.0,14430.783
2017-10-13 14:00:00,14712.0,14603.313
2017-10-13 15:00:00,14795.0,14640.339
2017-10-13 16:00:00,14907.0,14806.622
2017-10-13 17:00:00,14654.0,14868.53
2017-10-13 18:00:00,14284.0,14546.746
2017-10-13 19:00:00,14346.0,14406.161
2017-10-13 20:00:00,14058.0,14291.927
2017-10-13 21:00:00,13484.0,13737.554
2017-10-13 22:00:00,12811.0,12739.9375
2017-10-13 23:00:00,11963.0,11940.642
2017-10-14 00:00:00,11230.0,11327.455
2017-10-14 01:00:00,10718.0,10820.234
2017-10-14 02:00:00,10469.0,10459.251
2017-10-14 03:00:00,10361.0,10256.208
2017-10-14 04:00:00,10368.0,10249.072
2017-10-14 05:00:00,10607.0,10458.193
2017-10-14 06:00:00,11032.0,10911.481
2017-10-14 07:00:00,11444.0,11500.755
2017-10-14 08:00:00,11868.0,11986.675
2017-10-14 09:00:00,12341.0,12355.179
2017-10-14 10:00:00,12726.0,12694.158
2017-10-14 11:00:00,12929.0,12951.973
2017-10-14 12:00:00,13235.0,13037.193
2017-10-14 13:00:00,13530.0,13293.281
2017-10-14 14:00:00,13813.0,13572.108
2017-10-14 15:00:00,14160.0,13890.473
2017-10-14 16:00:00,14279.0,14236.258
2017-10-14 17:00:00,14396.0,14241.97
2017-10-14 18:00:00,14100.0,14406.628
2017-10-14 19:00:00,14165.0,14296.927
2017-10-14 20:00:00,13744.0,14042.533
2017-10-14 21:00:00,13322.0,13311.924
2017-10-14 22:00:00,12571.0,12630.94
2017-10-14 23:00:00,11840.0,11914.37
2017-10-15 00:00:00,11168.0,11205.309
2017-10-15 01:00:00,10807.0,10675.96
2017-10-15 02:00:00,10565.0,10557.8955
2017-10-15 03:00:00,10380.0,10425.3545
2017-10-15 04:00:00,10320.0,10142.335
2017-10-15 05:00:00,10510.0,10166.154
2017-10-15 06:00:00,10793.0,10786.92
2017-10-15 07:00:00,11225.0,11067.971
2017-10-15 08:00:00,11698.0,11830.554
2017-10-15 09:00:00,12280.0,12180.068
2017-10-15 10:00:00,12550.0,12517.658
2017-10-15 11:00:00,12923.0,12719.761
2017-10-15 12:00:00,13257.0,13185.605
2017-10-15 13:00:00,13449.0,13419.106
2017-10-15 14:00:00,13508.0,13530.694
2017-10-15 15:00:00,13593.0,13573.813
2017-10-15 16:00:00,13567.0,13656.938
2017-10-15 17:00:00,13608.0,13612.698
2017-10-15 18:00:00,13576.0,13591.925
2017-10-15 19:00:00,13956.0,13989.833
2017-10-15 20:00:00,13611.0,14022.516
2017-10-15 21:00:00,13043.0,13199.075
2017-10-15 22:00:00,12282.0,12384.907
2017-10-15 23:00:00,11638.0,11592.705
2017-10-16 00:00:00,11131.0,11156.628
2017-10-16 01:00:00,10849.0,10843.289
2017-10-16 02:00:00,10589.0,10757.421
2017-10-16 03:00:00,10591.0,10676.596
2017-10-16 04:00:00,10837.0,10916.779
2017-10-16 05:00:00,11447.0,11535.976
2017-10-16 06:00:00,12704.0,12652.182
2017-10-16 07:00:00,13576.0,13795.965
2017-10-16 08:00:00,13618.0,14108.422
2017-10-16 09:00:00,13833.0,14169.282
2017-10-16 10:00:00,14057.0,14271.674
2017-10-16 11:00:00,14147.0,14336.975
2017-10-16 12:00:00,14123.0,14303.862
2017-10-16 13:00:00,14164.0,14152.854
2017-10-16 14:00:00,14036.0,14109.2295
2017-10-16 15:00:00,13830.0,13966.349
2017-10-16 16:00:00,13762.0,13748.215
2017-10-16 17:00:00,13711.0,13749.059
2017-10-16 18:00:00,13767.0,13851.99
2017-10-16 19:00:00,14458.0,14253.747
2017-10-16 20:00:00,14283.0,14500.543
2017-10-16 21:00:00,13849.0,13785.939
2017-10-16 22:00:00,13040.0,13117.225
2017-10-16 23:00:00,12300.0,12204.939
2017-10-17 00:00:00,11852.0,11683.719
2017-10-17 01:00:00,11584.0,11503.122
2017-10-17 02:00:00,11431.0,11448.298
2017-10-17 03:00:00,11432.0,11465.363
2017-10-17 04:00:00,11772.0,11787.033
2017-10-17 05:00:00,12598.0,12542.133
2017-10-17 06:00:00,13948.0,14101.421
2017-10-17 07:00:00,14682.0,14872.186
2017-10-17 08:00:00,14622.0,14735.51
2017-10-17 09:00:00,14524.0,14630.939
2017-10-17 10:00:00,14404.0,14580.455
2017-10-17 11:00:00,14269.0,14298.245
2017-10-17 12:00:00,14225.0,14206.809
2017-10-17 13:00:00,14107.0,14195.584
2017-10-17 14:00:00,13917.0,14000.249
2017-10-17 15:00:00,13807.0,13760.595
2017-10-17 16:00:00,13783.0,13778.63
2017-10-17 17:00:00,13755.0,13826.553
2017-10-17 18:00:00,13931.0,13889.106
2017-10-17 19:00:00,14447.0,14424.722
2017-10-17 20:00:00,14394.0,14483.6
2017-10-17 21:00:00,13873.0,13911.826
2017-10-17 22:00:00,13117.0,13090.865
2017-10-17 23:00:00,12404.0,12326.761
2017-10-18 00:00:00,11949.0,11849.928
2017-10-18 01:00:00,11705.0,11624.681
2017-10-18 02:00:00,11622.0,11534.364
2017-10-18 03:00:00,11646.0,11638.024
2017-10-18 04:00:00,11943.0,11924.5625
2017-10-18 05:00:00,12737.0,12768.153
2017-10-18 06:00:00,14087.0,14213.984
2017-10-18 07:00:00,14885.0,14895.804
2017-10-18 08:00:00,14823.0,14937.808
2017-10-18 09:00:00,14644.0,14793.877
2017-10-18 10:00:00,14617.0,14677.665
2017-10-18 11:00:00,14357.0,14511.507
2017-10-18 12:00:00,14306.0,14316.017
2017-10-18 13:00:00,14320.0,14245.585
2017-10-18 14:00:00,14093.0,14247.774
2017-10-18 15:00:00,14100.0,14009.121
2017-10-18 16:00:00,13917.0,14092.2705
2017-10-18 17:00:00,13934.0,13880.492
2017-10-18 18:00:00,13952.0,14083.398
2017-10-18 19:00:00,14423.0,14388.39
2017-10-18 20:00:00,14230.0,14574.806
2017-10-18 21:00:00,13671.0,13861.798
2017-10-18 22:00:00,12851.0,12953.053
2017-10-18 23:00:00,12115.0,12071.832
2017-10-19 00:00:00,11537.0,11643.561
2017-10-19 01:00:00,11257.0,11234.93
2017-10-19 02:00:00,11194.0,11134.896
2017-10-19 03:00:00,11249.0,11163.616
2017-10-19 04:00:00,11585.0,11544.496
2017-10-19 05:00:00,12340.0,12467.751
2017-10-19 06:00:00,13690.0,13796.8545
2017-10-19 07:00:00,14497.0,14463.052
2017-10-19 08:00:00,14409.0,14495.671
2017-10-19 09:00:00,14313.0,14491.845
2017-10-19 10:00:00,14187.0,14387.832
2017-10-19 11:00:00,14015.0,14113.761
2017-10-19 12:00:00,14033.0,13927.995
2017-10-19 13:00:00,14198.0,14065.614
2017-10-19 14:00:00,14073.0,14208.289
2017-10-19 15:00:00,14053.0,14001.099
2017-10-19 16:00:00,13973.0,14074.283
2017-10-19 17:00:00,13863.0,13988.372
2017-10-19 18:00:00,13844.0,13977.101
2017-10-19 19:00:00,14390.0,14274.729
2017-10-19 20:00:00,14182.0,14512.485
2017-10-19 21:00:00,13606.0,13854.645
2017-10-19 22:00:00,12856.0,12824.938
2017-10-19 23:00:00,11964.0,12059.223
2017-10-20 00:00:00,11430.0,11488.319
2017-10-20 01:00:00,11193.0,11117.154
2017-10-20 02:00:00,11157.0,11047.704
2017-10-20 03:00:00,11099.0,11223.332
2017-10-20 04:00:00,11349.0,11368.977
2017-10-20 05:00:00,11943.0,12066.938
2017-10-20 06:00:00,13309.0,13214.719
2017-10-20 07:00:00,14079.0,14079.84
2017-10-20 08:00:00,14011.0,14191.874
2017-10-20 09:00:00,14095.0,14093.852
2017-10-20 10:00:00,14082.0,14161.675
2017-10-20 11:00:00,14031.0,14013.664
2017-10-20 12:00:00,14066.0,13966.604
2017-10-20 13:00:00,14242.0,14009.37
2017-10-20 14:00:00,14177.0,14165.4375
2017-10-20 15:00:00,14107.0,14074.73
2017-10-20 16:00:00,14123.0,14009.115
2017-10-20 17:00:00,13902.0,14048.098
2017-10-20 18:00:00,13716.0,13870.15
2017-10-20 19:00:00,13887.0,14017.9
2017-10-20 20:00:00,13630.0,13905.112
2017-10-20 21:00:00,13062.0,13392.303
2017-10-20 22:00:00,12496.0,12431.719
2017-10-20 23:00:00,11716.0,11884.53
2017-10-21 00:00:00,11089.0,11295.746
2017-10-21 01:00:00,10736.0,10709.045
2017-10-21 02:00:00,10564.0,10477.462
2017-10-21 03:00:00,10474.0,10530.065
2017-10-21 04:00:00,10607.0,10395.13
2017-10-21 05:00:00,10930.0,10842.7
2017-10-21 06:00:00,11433.0,11330.152
2017-10-21 07:00:00,12014.0,11906.66
2017-10-21 08:00:00,12227.0,12384.238
2017-10-21 09:00:00,12599.0,12585.7295
2017-10-21 10:00:00,12697.0,12739.384
2017-10-21 11:00:00,12640.0,12729.41
2017-10-21 12:00:00,12645.0,12643.526
2017-10-21 13:00:00,12667.0,12604.73
2017-10-21 14:00:00,12625.0,12566.057
2017-10-21 15:00:00,12582.0,12495.853
2017-10-21 16:00:00,12592.0,12533.673
2017-10-21 17:00:00,12569.0,12611.217
2017-10-21 18:00:00,12549.0,12666.933
2017-10-21 19:00:00,12926.0,12996.356
2017-10-21 20:00:00,12657.0,12966.337
2017-10-21 21:00:00,12215.0,12493.314
2017-10-21 22:00:00,11655.0,11737.245
2017-10-21 23:00:00,11108.0,11305.124
2017-10-22 00:00:00,10563.0,10695.071
2017-10-22 01:00:00,10218.0,10372.91
2017-10-22 02:00:00,9964.0,10095.653
2017-10-22 03:00:00,9956.0,9959.539
2017-10-22 04:00:00,9949.0,9888.26
2017-10-22 05:00:00,10126.0,10211.027
2017-10-22 06:00:00,10461.0,10396.733
2017-10-22 07:00:00,10924.0,10657.573
2017-10-22 08:00:00,11431.0,11460.126
2017-10-22 09:00:00,11752.0,11848.07
2017-10-22 10:00:00,11930.0,11860.0
2017-10-22 11:00:00,12026.0,11998.953
2017-10-22 12:00:00,12154.0,12142.973
2017-10-22 13:00:00,12373.0,12156.228
2017-10-22 14:00:00,12549.0,12386.772
2017-10-22 15:00:00,12707.0,12633.28
2017-10-22 16:00:00,12843.0,12915.843
2017-10-22 17:00:00,12815.0,13060.137
2017-10-22 18:00:00,13117.0,13027.505
2017-10-22 19:00:00,13492.0,13675.316
2017-10-22 20:00:00,13300.0,13556.522
2017-10-22 21:00:00,12617.0,12919.231
2017-10-22 22:00:00,12018.0,12072.913
2017-10-22 23:00:00,11393.0,11384.43
2017-10-23 00:00:00,10962.0,10995.349
2017-10-23 01:00:00,10556.0,10674.935
2017-10-23 02:00:00,10493.0,10523.904
2017-10-23 03:00:00,10392.0,10685.43
2017-10-23 04:00:00,10653.0,10508.625
2017-10-23 05:00:00,11388.0,11069.942
2017-10-23 06:00:00,12659.0,12523.153
2017-10-23 07:00:00,13600.0,13715.801
2017-10-23 08:00:00,13718.0,14021.978
2017-10-23 09:00:00,13962.0,14088.285
2017-10-23 10:00:00,14245.0,14376.538
2017-10-23 11:00:00,14371.0,14345.624
2017-10-23 12:00:00,14374.0,14477.661
2017-10-23 13:00:00,14487.0,14455.043
2017-10-23 14:00:00,14423.0,14456.834
2017-10-23 15:00:00,14197.0,14360.956
2017-10-23 16:00:00,14071.0,14156.315
2017-10-23 17:00:00,14086.0,14074.631
2017-10-23 18:00:00,14331.0,14204.6
2017-10-23 19:00:00,14465.0,14806.627
2017-10-23 20:00:00,14138.0,14468.136
2017-10-23 21:00:00,13446.0,13700.405
2017-10-23 22:00:00,12723.0,12670.206
2017-10-23 23:00:00,11858.0,11937.694
2017-10-24 00:00:00,11384.0,11382.575
2017-10-24 01:00:00,10996.0,10998.913
2017-10-24 02:00:00,10841.0,10875.163
2017-10-24 03:00:00,10800.0,10913.684
2017-10-24 04:00:00,11003.0,11163.449
2017-10-24 05:00:00,11680.0,11744.586
2017-10-24 06:00:00,12947.0,12992.049
2017-10-24 07:00:00,13720.0,14030.185
2017-10-24 08:00:00,13931.0,14082.251
2017-10-24 09:00:00,13964.0,14137.684
2017-10-24 10:00:00,13891.0,14178.571
2017-10-24 11:00:00,13967.0,13911.102
2017-10-24 12:00:00,13988.0,14007.508
2017-10-24 13:00:00,13922.0,14053.248
2017-10-24 14:00:00,13794.0,13840.012
2017-10-24 15:00:00,13609.0,13752.1045
2017-10-24 16:00:00,13639.0,13549.843
2017-10-24 17:00:00,13667.0,13674.656
2017-10-24 18:00:00,14011.0,13796.364
2017-10-24 19:00:00,14549.0,14494.213
2017-10-24 20:00:00,14363.0,14549.082
2017-10-24 21:00:00,13853.0,13989.142
2017-10-24 22:00:00,13068.0,13045.492
2017-10-24 23:00:00,12295.0,12228.776
2017-10-25 00:00:00,11809.0,11697.858
2017-10-25 01:00:00,11495.0,11463.364
2017-10-25 02:00:00,11373.0,11372.59
2017-10-25 03:00:00,11352.0,11350.549
2017-10-25 04:00:00,11596.0,11627.368
2017-10-25 05:00:00,12349.0,12396.34
2017-10-25 06:00:00,13709.0,13788.142
2017-10-25 07:00:00,14521.0,14508.009
2017-10-25 08:00:00,14472.0,14537.659
2017-10-25 09:00:00,14398.0,14565.319
2017-10-25 10:00:00,14345.0,14489.857
2017-10-25 11:00:00,14182.0,14245.71
2017-10-25 12:00:00,14137.0,14151.574
2017-10-25 13:00:00,14118.0,14086.3
2017-10-25 14:00:00,13961.0,14039.195
2017-10-25 15:00:00,13855.0,13859.53
2017-10-25 16:00:00,13940.0,13834.39
2017-10-25 17:00:00,14031.0,14028.528
2017-10-25 18:00:00,14486.0,14298.662
2017-10-25 19:00:00,14945.0,14918.811
2017-10-25 20:00:00,14844.0,14893.138
2017-10-25 21:00:00,14432.0,14347.691
2017-10-25 22:00:00,13679.0,13663.933
2017-10-25 23:00:00,12913.0,12824.579
2017-10-26 00:00:00,12444.0,12316.638
2017-10-26 01:00:00,12210.0,12073.64
2017-10-26 02:00:00,12084.0,12035.388
2017-10-26 03:00:00,12210.0,12139.662
2017-10-26 04:00:00,12539.0,12440.107
2017-10-26 05:00:00,13383.0,13408.872
2017-10-26 06:00:00,14802.0,14836.112
2017-10-26 07:00:00,15666.0,15655.629
2017-10-26 08:00:00,15527.0,15580.18
2017-10-26 09:00:00,15368.0,15416.167
2017-10-26 10:00:00,14918.0,15260.067
2017-10-26 11:00:00,14535.0,14679.004
2017-10-26 12:00:00,14203.0,14358.908
2017-10-26 13:00:00,14074.0,14039.143
2017-10-26 14:00:00,13793.0,13929.865
2017-10-26 15:00:00,13543.0,13691.285
2017-10-26 16:00:00,13508.0,13527.872
2017-10-26 17:00:00,13495.0,13620.39
2017-10-26 18:00:00,13802.0,13817.821
2017-10-26 19:00:00,14500.0,14321.619
2017-10-26 20:00:00,14463.0,14522.844
2017-10-26 21:00:00,14140.0,14122.6455
2017-10-26 22:00:00,13547.0,13401.519
2017-10-26 23:00:00,12881.0,12703.416
2017-10-27 00:00:00,12388.0,12381.405
2017-10-27 01:00:00,12223.0,12083.219
2017-10-27 02:00:00,12091.0,12087.128
2017-10-27 03:00:00,12017.0,12157.316
2017-10-27 04:00:00,12333.0,12258.079
2017-10-27 05:00:00,13074.0,13127.394
2017-10-27 06:00:00,14335.0,14430.585
2017-10-27 07:00:00,15222.0,15049.935
2017-10-27 08:00:00,15056.0,15206.138
2017-10-27 09:00:00,14785.0,14914.19
2017-10-27 10:00:00,14560.0,14570.884
2017-10-27 11:00:00,14196.0,14287.105
2017-10-27 12:00:00,13902.0,13975.322
2017-10-27 13:00:00,13756.0,13624.787
2017-10-27 14:00:00,13626.0,13543.742
2017-10-27 15:00:00,13622.0,13462.817
2017-10-27 16:00:00,13450.0,13612.894
2017-10-27 17:00:00,13429.0,13511.662
2017-10-27 18:00:00,13588.0,13652.505
2017-10-27 19:00:00,13779.0,13963.073
2017-10-27 20:00:00,13426.0,13760.952
2017-10-27 21:00:00,13095.0,13261.532
2017-10-27 22:00:00,12664.0,12591.975
2017-10-27 23:00:00,12001.0,12095.629
2017-10-28 00:00:00,11478.0,11507.551
2017-10-28 01:00:00,11139.0,11051.973
2017-10-28 02:00:00,10997.0,10991.167
2017-10-28 03:00:00,11022.0,11005.578
2017-10-28 04:00:00,11030.0,11204.1045
2017-10-28 05:00:00,11397.0,11400.438
2017-10-28 06:00:00,11859.0,11824.883
2017-10-28 07:00:00,12523.0,12375.413
2017-10-28 08:00:00,13004.0,12843.282
2017-10-28 09:00:00,13351.0,13183.926
2017-10-28 10:00:00,13677.0,13324.561
2017-10-28 11:00:00,13741.0,13595.136
2017-10-28 12:00:00,13610.0,13554.592
2017-10-28 13:00:00,13505.0,13360.879
2017-10-28 14:00:00,13368.0,13347.456
2017-10-28 15:00:00,13296.0,13232.139
2017-10-28 16:00:00,13319.0,13301.369
2017-10-28 17:00:00,13472.0,13424.133
2017-10-28 18:00:00,13704.0,13760.45
2017-10-28 19:00:00,13945.0,14019.976
2017-10-28 20:00:00,13700.0,13879.756
2017-10-28 21:00:00,13336.0,13418.325
2017-10-28 22:00:00,12898.0,12758.8545
2017-10-28 23:00:00,12369.0,12235.434
2017-10-29 00:00:00,11940.0,11766.066
2017-10-29 01:00:00,11581.0,11512.048
2017-10-29 02:00:00,11479.0,11364.432
2017-10-29 03:00:00,11455.0,11326.755
2017-10-29 04:00:00,11536.0,11459.816
2017-10-29 05:00:00,11636.0,11716.874
2017-10-29 06:00:00,12088.0,12095.203
2017-10-29 07:00:00,12480.0,12601.972
2017-10-29 08:00:00,13029.0,12952.627
2017-10-29 09:00:00,13481.0,13320.352
2017-10-29 10:00:00,13554.0,13477.408
2017-10-29 11:00:00,13676.0,13426.704
2017-10-29 12:00:00,13741.0,13593.2705
2017-10-29 13:00:00,13632.0,13582.614
2017-10-29 14:00:00,13539.0,13470.703
2017-10-29 15:00:00,13660.0,13439.629
2017-10-29 16:00:00,13778.0,13702.008
2017-10-29 17:00:00,14042.0,13912.052
2017-10-29 18:00:00,14445.0,14337.289
2017-10-29 19:00:00,14960.0,14829.809
2017-10-29 20:00:00,14848.0,14939.04
2017-10-29 21:00:00,14375.0,14498.975
2017-10-29 22:00:00,13926.0,13780.769
2017-10-29 23:00:00,13427.0,13169.471
2017-10-30 00:00:00,13092.0,12946.904
2017-10-30 01:00:00,12953.0,12885.925
2017-10-30 02:00:00,12920.0,12868.008
2017-10-30 03:00:00,12963.0,12970.582
2017-10-30 04:00:00,13328.0,13336.366
2017-10-30 05:00:00,14102.0,14230.44
2017-10-30 06:00:00,15629.0,15447.15
2017-10-30 07:00:00,16476.0,16499.139
2017-10-30 08:00:00,16518.0,16616.652
2017-10-30 09:00:00,16295.0,16530.523
2017-10-30 10:00:00,16230.0,16197.732
2017-10-30 11:00:00,15950.0,15973.653
2017-10-30 12:00:00,15671.0,15730.175
2017-10-30 13:00:00,15455.0,15539.991
2017-10-30 14:00:00,15302.0,15250.358
2017-10-30 15:00:00,15072.0,15143.053
2017-10-30 16:00:00,14989.0,15068.511
2017-10-30 17:00:00,15040.0,14988.063
2017-10-30 18:00:00,15442.0,15278.069
2017-10-30 19:00:00,15812.0,16015.692
2017-10-30 20:00:00,15732.0,15856.315
2017-10-30 21:00:00,15191.0,15360.517
2017-10-30 22:00:00,14438.0,14425.572
2017-10-30 23:00:00,13715.0,13509.436
2017-10-31 00:00:00,13261.0,13188.003
2017-10-31 01:00:00,13013.0,13024.033
2017-10-31 02:00:00,12819.0,12906.807
2017-10-31 03:00:00,12978.0,12873.327
2017-10-31 04:00:00,13278.0,13305.927
2017-10-31 05:00:00,14046.0,14099.607
2017-10-31 06:00:00,15452.0,15480.425
2017-10-31 07:00:00,16212.0,16216.418
2017-10-31 08:00:00,16114.0,16111.1045
2017-10-31 09:00:00,15860.0,15881.078
2017-10-31 10:00:00,15623.0,15651.173
2017-10-31 11:00:00,15379.0,15324.355
2017-10-31 12:00:00,15134.0,15189.073
2017-10-31 13:00:00,14961.0,14954.313
2017-10-31 14:00:00,14602.0,14682.503
2017-10-31 15:00:00,14240.0,14362.762
2017-10-31 16:00:00,14121.0,14119.616
2017-10-31 17:00:00,14202.0,14092.593
2017-10-31 18:00:00,14477.0,14507.229
2017-10-31 19:00:00,14920.0,15035.488
2017-10-31 20:00:00,15181.0,15093.921
2017-10-31 21:00:00,14994.0,14756.627
2017-10-31 22:00:00,14310.0,14281.071
2017-10-31 23:00:00,13597.0,13616.706
2017-11-01 00:00:00,13194.0,12989.685
2017-11-01 01:00:00,12871.0,12876.022
2017-11-01 02:00:00,12728.0,12784.307
2017-11-01 03:00:00,12776.0,12813.333
2017-11-01 04:00:00,12925.0,13080.496
2017-11-01 05:00:00,13726.0,13641.972
2017-11-01 06:00:00,14841.0,15116.355
2017-11-01 07:00:00,15697.0,15609.791
2017-11-01 08:00:00,15699.0,15622.058
2017-11-01 09:00:00,15664.0,15544.243
2017-11-01 10:00:00,15634.0,15572.98
2017-11-01 11:00:00,15412.0,15408.062
2017-11-01 12:00:00,15278.0,15253.172
2017-11-01 13:00:00,15084.0,15097.379
2017-11-01 14:00:00,14883.0,14884.345
2017-11-01 15:00:00,14668.0,14742.506
2017-11-01 16:00:00,14739.0,14776.755
2017-11-01 17:00:00,14769.0,15212.364
2017-11-01 18:00:00,15095.0,15177.033
2017-11-01 19:00:00,15373.0,15422.763
2017-11-01 20:00:00,15072.0,15441.978
2017-11-01 21:00:00,14654.0,14750.445
2017-11-01 22:00:00,13811.0,13938.996
2017-11-01 23:00:00,12855.0,12997.115
2017-11-02 00:00:00,12224.0,12292.135
2017-11-02 01:00:00,11914.0,11908.185
2017-11-02 02:00:00,11773.0,11771.212
2017-11-02 03:00:00,11668.0,11863.893
2017-11-02 04:00:00,11883.0,11960.692
2017-11-02 05:00:00,12651.0,12610.917
2017-11-02 06:00:00,13891.0,14054.306
2017-11-02 07:00:00,14654.0,14601.579
2017-11-02 08:00:00,14630.0,14854.501
2017-11-02 09:00:00,14627.0,14621.146
2017-11-02 10:00:00,14545.0,14701.915
2017-11-02 11:00:00,14346.0,14475.935
2017-11-02 12:00:00,14268.0,14265.141
2017-11-02 13:00:00,14255.0,14150.065
2017-11-02 14:00:00,14066.0,14153.141
2017-11-02 15:00:00,13980.0,14011.413
2017-11-02 16:00:00,13958.0,14066.188
2017-11-02 17:00:00,13899.0,14344.531
2017-11-02 18:00:00,14363.0,14163.176
2017-11-02 19:00:00,14649.0,14596.748
2017-11-02 20:00:00,14388.0,14595.995
2017-11-02 21:00:00,13872.0,14044.706
2017-11-02 22:00:00,13082.0,13166.135
2017-11-02 23:00:00,12300.0,12353.651
2017-11-03 00:00:00,11766.0,11780.582
2017-11-03 01:00:00,11448.0,11457.011
2017-11-03 02:00:00,11257.0,11330.954
2017-11-03 03:00:00,11192.0,11311.183
2017-11-03 04:00:00,11478.0,11454.128
2017-11-03 05:00:00,12061.0,12181.931
2017-11-03 06:00:00,13249.0,13388.821
2017-11-03 07:00:00,14295.0,14051.543
2017-11-03 08:00:00,14278.0,14328.208
2017-11-03 09:00:00,14273.0,14321.014
2017-11-03 10:00:00,14219.0,14326.811
2017-11-03 11:00:00,14057.0,14119.659
2017-11-03 12:00:00,14061.0,13945.754
2017-11-03 13:00:00,14031.0,13984.414
2017-11-03 14:00:00,13791.0,13925.05
2017-11-03 15:00:00,13646.0,13627.951
2017-11-03 16:00:00,13475.0,13682.383
2017-11-03 17:00:00,13407.0,13805.73
2017-11-03 18:00:00,13639.0,13647.474
2017-11-03 19:00:00,13930.0,13834.775
2017-11-03 20:00:00,13735.0,14037.945
2017-11-03 21:00:00,13459.0,13508.37
2017-11-03 22:00:00,12789.0,12831.111
2017-11-03 23:00:00,12140.0,12115.491
2017-11-04 00:00:00,11587.0,11663.122
2017-11-04 01:00:00,11296.0,11301.081
2017-11-04 02:00:00,11100.0,11090.531
2017-11-04 03:00:00,10984.0,10977.249
2017-11-04 04:00:00,11155.0,11130.671
2017-11-04 05:00:00,11465.0,11529.66
2017-11-04 06:00:00,11890.0,11973.037
2017-11-04 07:00:00,12397.0,12380.92
2017-11-04 08:00:00,12802.0,12730.202
2017-11-04 09:00:00,13121.0,13035.036
2017-11-04 10:00:00,13272.0,13116.61
2017-11-04 11:00:00,13207.0,13235.101
2017-11-04 12:00:00,12951.0,13132.441
2017-11-04 13:00:00,12907.0,12855.4
2017-11-04 14:00:00,12725.0,12722.949
2017-11-04 15:00:00,12585.0,12618.248
2017-11-04 16:00:00,12618.0,12609.62
2017-11-04 17:00:00,12712.0,12964.46
2017-11-04 18:00:00,12983.0,13081.388
2017-11-04 19:00:00,13135.0,13354.562
2017-11-04 20:00:00,12871.0,13214.562
2017-11-04 21:00:00,12343.0,12796.219
2017-11-04 22:00:00,11982.0,11947.979
2017-11-04 23:00:00,11424.0,11503.0
2017-11-05 00:00:00,10936.0,11004.57
2017-11-05 01:00:00,10596.0,10736.715
2017-11-05 02:00:00,10446.0,10479.086
2017-11-05 02:00:00,10291.0,10278.188
2017-11-05 03:00:00,10270.0,10243.387
2017-11-05 04:00:00,10355.0,10187.893
2017-11-05 05:00:00,10531.0,10348.8
2017-11-05 06:00:00,10970.0,10866.789
2017-11-05 07:00:00,11424.0,11386.876
2017-11-05 08:00:00,12029.0,12014.149
2017-11-05 09:00:00,12388.0,12296.67
2017-11-05 10:00:00,12409.0,12427.245
2017-11-05 11:00:00,12509.0,12433.575
2017-11-05 12:00:00,12614.0,12564.854
2017-11-05 13:00:00,12526.0,12579.228
2017-11-05 14:00:00,12525.0,12475.538
2017-11-05 15:00:00,12406.0,12526.998
2017-11-05 16:00:00,12581.0,12493.81
2017-11-05 17:00:00,13192.0,13001.067
2017-11-05 18:00:00,13452.0,13671.886
2017-11-05 19:00:00,13325.0,13828.316
2017-11-05 20:00:00,13059.0,13383.89
2017-11-05 21:00:00,12576.0,12924.969
2017-11-05 22:00:00,11985.0,12005.897
2017-11-05 23:00:00,11441.0,11489.278
2017-11-06 00:00:00,11071.0,11129.097
2017-11-06 01:00:00,10917.0,10844.8125
2017-11-06 02:00:00,10822.0,10765.058
2017-11-06 03:00:00,10837.0,10944.718
2017-11-06 04:00:00,11000.0,11244.959
2017-11-06 05:00:00,11765.0,11831.453
2017-11-06 06:00:00,13074.0,13150.2295
2017-11-06 07:00:00,13821.0,13881.792
2017-11-06 08:00:00,13957.0,14018.338
2017-11-06 09:00:00,14107.0,14211.457
2017-11-06 10:00:00,14260.0,14269.398
2017-11-06 11:00:00,14232.0,14321.014
2017-11-06 12:00:00,14223.0,14223.748
2017-11-06 13:00:00,14123.0,14227.909
2017-11-06 14:00:00,14082.0,14073.359
2017-11-06 15:00:00,13995.0,14065.331
2017-11-06 16:00:00,14088.0,14109.446
2017-11-06 17:00:00,14596.0,14490.21
2017-11-06 18:00:00,14941.0,14928.926
2017-11-06 19:00:00,14753.0,15094.913
2017-11-06 20:00:00,14455.0,14723.835
2017-11-06 21:00:00,13855.0,14111.643
2017-11-06 22:00:00,13164.0,13112.279
2017-11-06 23:00:00,12498.0,12377.789
2017-11-07 00:00:00,12002.0,11934.328
2017-11-07 01:00:00,11745.0,11672.54
2017-11-07 02:00:00,11656.0,11607.105
2017-11-07 03:00:00,11769.0,11690.566
2017-11-07 04:00:00,11970.0,12094.193
2017-11-07 05:00:00,12727.0,12817.531
2017-11-07 06:00:00,14096.0,14122.295
2017-11-07 07:00:00,14733.0,14858.487
2017-11-07 08:00:00,14891.0,14797.831
2017-11-07 09:00:00,14919.0,14965.468
2017-11-07 10:00:00,15020.0,14995.021
2017-11-07 11:00:00,14884.0,15022.103
2017-11-07 12:00:00,14880.0,14823.18
2017-11-07 13:00:00,14729.0,14874.791
2017-11-07 14:00:00,14727.0,14650.647
2017-11-07 15:00:00,14593.0,14673.519
2017-11-07 16:00:00,14741.0,14701.013
2017-11-07 17:00:00,15174.0,15290.237
2017-11-07 18:00:00,15695.0,15528.813
2017-11-07 19:00:00,15539.0,15649.486
2017-11-07 20:00:00,15322.0,15359.331
2017-11-07 21:00:00,14773.0,14790.166
2017-11-07 22:00:00,13959.0,14076.012
2017-11-07 23:00:00,13295.0,13128.619
2017-11-08 00:00:00,12975.0,12609.395
2017-11-08 01:00:00,12727.0,12638.176
2017-11-08 02:00:00,12675.0,12700.0
2017-11-08 03:00:00,12752.0,12811.152
2017-11-08 04:00:00,12955.0,13134.969
2017-11-08 05:00:00,13931.0,13778.521
2017-11-08 06:00:00,15202.0,15356.417
2017-11-08 07:00:00,15673.0,15944.086
2017-11-08 08:00:00,15589.0,15647.697
2017-11-08 09:00:00,15399.0,15454.586
2017-11-08 10:00:00,15318.0,15303.328
2017-11-08 11:00:00,15164.0,15101.221
2017-11-08 12:00:00,15107.0,14988.414
2017-11-08 13:00:00,14966.0,15020.033
2017-11-08 14:00:00,14820.0,14786.678
2017-11-08 15:00:00,14656.0,14684.078
2017-11-08 16:00:00,14819.0,14683.402
2017-11-08 17:00:00,15457.0,15416.451
2017-11-08 18:00:00,15860.0,15838.578
2017-11-08 19:00:00,15808.0,15952.122
2017-11-08 20:00:00,15630.0,15807.004
2017-11-08 21:00:00,15180.0,15241.748
2017-11-08 22:00:00,14508.0,14447.489
2017-11-08 23:00:00,13820.0,13640.15
2017-11-09 00:00:00,13401.0,13259.81
2017-11-09 01:00:00,13033.0,13100.871
2017-11-09 02:00:00,13036.0,12923.602
2017-11-09 03:00:00,13032.0,12973.27
2017-11-09 04:00:00,13390.0,13345.628
2017-11-09 05:00:00,14128.0,14236.701
2017-11-09 06:00:00,15502.0,15498.236
2017-11-09 07:00:00,16060.0,16032.514
2017-11-09 08:00:00,15773.0,16000.132
2017-11-09 09:00:00,15570.0,15602.312
2017-11-09 10:00:00,15340.0,15356.829
2017-11-09 11:00:00,15109.0,15089.443
2017-11-09 12:00:00,14823.0,14911.596
2017-11-09 13:00:00,14803.0,14662.35
2017-11-09 14:00:00,14542.0,14636.1
2017-11-09 15:00:00,14440.0,14446.622
2017-11-09 16:00:00,14516.0,14546.026
2017-11-09 17:00:00,15137.0,15126.818
2017-11-09 18:00:00,15682.0,15507.429
2017-11-09 19:00:00,15682.0,15680.698
2017-11-09 20:00:00,15590.0,15627.648
2017-11-09 21:00:00,15180.0,15269.472
2017-11-09 22:00:00,14533.0,14496.716
2017-11-09 23:00:00,13926.0,13801.783
2017-11-10 00:00:00,13588.0,13406.087
2017-11-10 01:00:00,13454.0,13318.905
2017-11-10 02:00:00,13473.0,13398.187
2017-11-10 03:00:00,13479.0,13567.705
2017-11-10 04:00:00,13914.0,13865.848
2017-11-10 05:00:00,14601.0,14803.129
2017-11-10 06:00:00,15859.0,15851.534
2017-11-10 07:00:00,16505.0,16458.646
2017-11-10 08:00:00,16399.0,16355.034
2017-11-10 09:00:00,16220.0,16151.314
2017-11-10 10:00:00,16056.0,15888.97
2017-11-10 11:00:00,15811.0,15650.797
2017-11-10 12:00:00,15594.0,15534.992
2017-11-10 13:00:00,15315.0,15356.016
2017-11-10 14:00:00,15130.0,15049.11
2017-11-10 15:00:00,15104.0,14918.05
2017-11-10 16:00:00,15289.0,15300.471
2017-11-10 17:00:00,16071.0,15951.833
2017-11-10 18:00:00,16547.0,16428.662
2017-11-10 19:00:00,16516.0,16507.727
2017-11-10 20:00:00,16533.0,16401.129
2017-11-10 21:00:00,16256.0,16188.317
2017-11-10 22:00:00,15855.0,15704.937
2017-11-10 23:00:00,15334.0,15302.879
2017-11-11 00:00:00,14906.0,14978.667
2017-11-11 01:00:00,14707.0,14672.893
2017-11-11 02:00:00,14651.0,14651.741
2017-11-11 03:00:00,14649.0,14736.6
2017-11-11 04:00:00,14866.0,14810.797
2017-11-11 05:00:00,15312.0,15316.262
2017-11-11 06:00:00,15839.0,15793.454
2017-11-11 07:00:00,16195.0,16324.383
2017-11-11 08:00:00,16416.0,16261.912
2017-11-11 09:00:00,16395.0,16234.589
2017-11-11 10:00:00,15973.0,15992.952
2017-11-11 11:00:00,15529.0,15429.93
2017-11-11 12:00:00,14845.0,15077.233
2017-11-11 13:00:00,14420.0,14387.883
2017-11-11 14:00:00,14166.0,14058.665
2017-11-11 15:00:00,14096.0,13981.789
2017-11-11 16:00:00,14403.0,14177.782
2017-11-11 17:00:00,15092.0,15189.695
2017-11-11 18:00:00,15456.0,15733.787
2017-11-11 19:00:00,15502.0,15559.601
2017-11-11 20:00:00,15268.0,15449.976
2017-11-11 21:00:00,15002.0,14960.587
2017-11-11 22:00:00,14549.0,14450.628
2017-11-11 23:00:00,14058.0,13934.201
2017-11-12 00:00:00,13660.0,13617.738
2017-11-12 01:00:00,13455.0,13437.077
2017-11-12 02:00:00,13277.0,13324.527
2017-11-12 03:00:00,13330.0,13228.153
2017-11-12 04:00:00,13282.0,13377.938
2017-11-12 05:00:00,13572.0,13491.268
2017-11-12 06:00:00,13869.0,13926.298
2017-11-12 07:00:00,14277.0,14306.017
2017-11-12 08:00:00,14604.0,14611.946
2017-11-12 09:00:00,14706.0,14517.869
2017-11-12 10:00:00,14372.0,14459.963
2017-11-12 11:00:00,14101.0,13997.985
2017-11-12 12:00:00,13901.0,13828.702
2017-11-12 13:00:00,13764.0,13615.84
2017-11-12 14:00:00,13688.0,13569.808
2017-11-12 15:00:00,13644.0,13719.224
2017-11-12 16:00:00,13957.0,13909.54
2017-11-12 17:00:00,14644.0,14865.268
2017-11-12 18:00:00,14906.0,15100.7705
2017-11-12 19:00:00,14789.0,14939.823
2017-11-12 20:00:00,14621.0,14658.696
2017-11-12 21:00:00,14119.0,14288.452
2017-11-12 22:00:00,13643.0,13504.021
2017-11-12 23:00:00,13081.0,13009.372
2017-11-13 00:00:00,12628.0,12712.909
2017-11-13 01:00:00,12578.0,12452.25
2017-11-13 02:00:00,12510.0,12506.654
2017-11-13 03:00:00,12639.0,12596.376
2017-11-13 04:00:00,13081.0,12957.788
2017-11-13 05:00:00,13870.0,13962.44
2017-11-13 06:00:00,15199.0,15242.591
2017-11-13 07:00:00,15967.0,16007.655
2017-11-13 08:00:00,16007.0,16083.6045
2017-11-13 09:00:00,16019.0,15945.516
2017-11-13 10:00:00,16102.0,15929.105
2017-11-13 11:00:00,15966.0,15950.053
2017-11-13 12:00:00,15761.0,15809.892
2017-11-13 13:00:00,15840.0,15621.264
2017-11-13 14:00:00,15720.0,15697.787
2017-11-13 15:00:00,15644.0,15593.097
2017-11-13 16:00:00,15808.0,15902.839
2017-11-13 17:00:00,16427.0,16532.547
2017-11-13 18:00:00,16510.0,16758.816
2017-11-13 19:00:00,16445.0,16341.939
2017-11-13 20:00:00,16211.0,16264.015
2017-11-13 21:00:00,15595.0,15804.3125
2017-11-13 22:00:00,14884.0,14809.095
2017-11-13 23:00:00,14230.0,14043.85
2017-11-14 00:00:00,13746.0,13666.439
2017-11-14 01:00:00,13482.0,13437.809
2017-11-14 02:00:00,13410.0,13433.01
2017-11-14 03:00:00,13483.0,13498.379
2017-11-14 04:00:00,13821.0,13789.813
2017-11-14 05:00:00,14527.0,14731.376
2017-11-14 06:00:00,15726.0,15993.661
2017-11-14 07:00:00,16375.0,16571.62
2017-11-14 08:00:00,16251.0,16468.37
2017-11-14 09:00:00,16049.0,16056.872
2017-11-14 10:00:00,15750.0,15884.484
2017-11-14 11:00:00,15399.0,15475.009
2017-11-14 12:00:00,15195.0,15221.138
2017-11-14 13:00:00,15116.0,14995.667
2017-11-14 14:00:00,14735.0,14889.108
2017-11-14 15:00:00,14566.0,14504.565
2017-11-14 16:00:00,14821.0,14678.156
2017-11-14 17:00:00,15729.0,15643.074
2017-11-14 18:00:00,16262.0,16132.211
2017-11-14 19:00:00,16299.0,16195.701
2017-11-14 20:00:00,16238.0,16089.042
2017-11-14 21:00:00,15933.0,15774.981
2017-11-14 22:00:00,15306.0,15131.711
2017-11-14 23:00:00,14735.0,14537.722
2017-11-15 00:00:00,14359.0,14286.741
2017-11-15 01:00:00,14235.0,14204.762
2017-11-15 02:00:00,14142.0,14188.258
2017-11-15 03:00:00,14347.0,14245.699
2017-11-15 04:00:00,14649.0,14691.891
2017-11-15 05:00:00,15400.0,15514.09
2017-11-15 06:00:00,16788.0,16746.514
2017-11-15 07:00:00,17126.0,17466.45
2017-11-15 08:00:00,17010.0,17058.73
2017-11-15 09:00:00,16634.0,16666.52
2017-11-15 10:00:00,16328.0,16316.018
2017-11-15 11:00:00,15947.0,15986.441
2017-11-15 12:00:00,15638.0,15617.925
2017-11-15 13:00:00,15474.0,15357.17
2017-11-15 14:00:00,15179.0,15201.841
2017-11-15 15:00:00,15107.0,15002.397
2017-11-15 16:00:00,15318.0,15369.945
2017-11-15 17:00:00,16060.0,16235.73
2017-11-15 18:00:00,16154.0,16608.402
2017-11-15 19:00:00,15974.0,16160.715
2017-11-15 20:00:00,15628.0,15833.29
2017-11-15 21:00:00,15152.0,15313.486
2017-11-15 22:00:00,14243.0,14423.55
2017-11-15 23:00:00,13598.0,13608.849
2017-11-16 00:00:00,13160.0,13076.517
2017-11-16 01:00:00,12864.0,12867.656
2017-11-16 02:00:00,12732.0,12775.32
2017-11-16 03:00:00,12732.0,12812.234
2017-11-16 04:00:00,13105.0,13011.818
2017-11-16 05:00:00,13837.0,13972.651
2017-11-16 06:00:00,15289.0,15178.105
2017-11-16 07:00:00,15886.0,16054.915
2017-11-16 08:00:00,15882.0,15848.11
2017-11-16 09:00:00,15890.0,15755.48
2017-11-16 10:00:00,15833.0,15813.043
2017-11-16 11:00:00,15659.0,15624.832
2017-11-16 12:00:00,15517.0,15515.222
2017-11-16 13:00:00,15465.0,15408.718
2017-11-16 14:00:00,15243.0,15306.096
2017-11-16 15:00:00,15205.0,15072.491
2017-11-16 16:00:00,15502.0,15400.05
2017-11-16 17:00:00,15985.0,16194.513
2017-11-16 18:00:00,16324.0,16235.646
2017-11-16 19:00:00,16257.0,16314.754
2017-11-16 20:00:00,16100.0,16105.4375
2017-11-16 21:00:00,15664.0,15651.681
2017-11-16 22:00:00,14806.0,14889.066
2017-11-16 23:00:00,14173.0,13980.051
2017-11-17 00:00:00,13768.0,13619.715
2017-11-17 01:00:00,13483.0,13529.566
2017-11-17 02:00:00,13405.0,13404.037
2017-11-17 03:00:00,13440.0,13467.066
2017-11-17 04:00:00,13716.0,13713.093
2017-11-17 05:00:00,14628.0,14552.019
2017-11-17 06:00:00,15951.0,16049.1875
2017-11-17 07:00:00,16658.0,16598.416
2017-11-17 08:00:00,16589.0,16567.537
2017-11-17 09:00:00,16241.0,16367.067
2017-11-17 10:00:00,15837.0,15958.846
2017-11-17 11:00:00,15319.0,15455.058
2017-11-17 12:00:00,14936.0,14991.288
2017-11-17 13:00:00,14675.0,14645.48
2017-11-17 14:00:00,14372.0,14366.616
2017-11-17 15:00:00,14189.0,14155.141
2017-11-17 16:00:00,14409.0,14322.772
2017-11-17 17:00:00,15127.0,15079.078
2017-11-17 18:00:00,15392.0,15556.862
2017-11-17 19:00:00,15349.0,15325.611
2017-11-17 20:00:00,15325.0,15164.763
2017-11-17 21:00:00,14986.0,14993.086
2017-11-17 22:00:00,14534.0,14392.998
2017-11-17 23:00:00,13874.0,13829.769
2017-11-18 00:00:00,13300.0,13317.044
2017-11-18 01:00:00,12947.0,12984.949
2017-11-18 02:00:00,12712.0,12861.326
2017-11-18 03:00:00,12597.0,12682.982
2017-11-18 04:00:00,12549.0,12647.957
2017-11-18 05:00:00,12828.0,12827.6
2017-11-18 06:00:00,13281.0,13181.827
2017-11-18 07:00:00,13690.0,13826.3545
2017-11-18 08:00:00,14002.0,14048.067
2017-11-18 09:00:00,14243.0,14149.787
2017-11-18 10:00:00,14246.0,14223.419
2017-11-18 11:00:00,14176.0,13989.195
2017-11-18 12:00:00,13977.0,13944.878
2017-11-18 13:00:00,13648.0,13757.888
2017-11-18 14:00:00,13457.0,13393.689
2017-11-18 15:00:00,13444.0,13274.36
2017-11-18 16:00:00,13572.0,13590.405
2017-11-18 17:00:00,14144.0,14238.201
2017-11-18 18:00:00,14066.0,14429.394
2017-11-18 19:00:00,13917.0,13941.184
2017-11-18 20:00:00,13625.0,13703.248
2017-11-18 21:00:00,13191.0,13312.029
2017-11-18 22:00:00,12753.0,12656.623
2017-11-18 23:00:00,12197.0,12225.447
2017-11-19 00:00:00,11796.0,11756.396
2017-11-19 01:00:00,11636.0,11573.197
2017-11-19 02:00:00,11571.0,11559.281
2017-11-19 03:00:00,11643.0,11629.807
2017-11-19 04:00:00,11721.0,11792.789
2017-11-19 05:00:00,12055.0,12031.596
2017-11-19 06:00:00,12571.0,12528.529
2017-11-19 07:00:00,13184.0,13055.26
2017-11-19 08:00:00,13801.0,13606.338
2017-11-19 09:00:00,14202.0,13948.129
2017-11-19 10:00:00,14251.0,14132.807
2017-11-19 11:00:00,14311.0,14124.358
2017-11-19 12:00:00,14363.0,14240.641
2017-11-19 13:00:00,14408.0,14376.971
2017-11-19 14:00:00,14420.0,14339.434
2017-11-19 15:00:00,14470.0,14531.976
2017-11-19 16:00:00,14935.0,14758.511
2017-11-19 17:00:00,15630.0,15636.868
2017-11-19 18:00:00,15875.0,15840.184
2017-11-19 19:00:00,15917.0,15900.744
2017-11-19 20:00:00,15906.0,15828.341
2017-11-19 21:00:00,15419.0,15564.088
2017-11-19 22:00:00,14947.0,14694.158
2017-11-19 23:00:00,14421.0,14174.222
2017-11-20 00:00:00,14079.0,13870.483
2017-11-20 01:00:00,14068.0,13762.836
2017-11-20 02:00:00,14101.0,14116.363
2017-11-20 03:00:00,14328.0,14324.916
2017-11-20 04:00:00,14802.0,14839.244
2017-11-20 05:00:00,15672.0,15801.021
2017-11-20 06:00:00,17007.0,17131.2
2017-11-20 07:00:00,17727.0,17928.967
2017-11-20 08:00:00,17522.0,17787.576
2017-11-20 09:00:00,16937.0,17233.582
2017-11-20 10:00:00,16550.0,16618.693
2017-11-20 11:00:00,15965.0,16195.758
2017-11-20 12:00:00,15603.0,15653.381
2017-11-20 13:00:00,15252.0,15373.916
2017-11-20 14:00:00,14926.0,14957.4375
2017-11-20 15:00:00,14787.0,14715.169
2017-11-20 16:00:00,14994.0,14954.018
2017-11-20 17:00:00,15979.0,15783.903
2017-11-20 18:00:00,16491.0,16571.064
2017-11-20 19:00:00,16566.0,16549.469
2017-11-20 20:00:00,16459.0,16467.73
2017-11-20 21:00:00,16260.0,16085.801
2017-11-20 22:00:00,15608.0,15660.43
2017-11-20 23:00:00,15042.0,14914.193
2017-11-21 00:00:00,14525.0,14633.637
2017-11-21 01:00:00,14379.0,14369.756
2017-11-21 02:00:00,14447.0,14297.501
2017-11-21 03:00:00,14471.0,14597.152
2017-11-21 04:00:00,14804.0,14788.994
2017-11-21 05:00:00,15610.0,15660.63
2017-11-21 06:00:00,16906.0,16947.21
2017-11-21 07:00:00,17429.0,17621.883
2017-11-21 08:00:00,17115.0,17250.475
2017-11-21 09:00:00,16596.0,16702.273
2017-11-21 10:00:00,16177.0,16192.648
2017-11-21 11:00:00,15585.0,15693.6045
2017-11-21 12:00:00,15105.0,15235.205
2017-11-21 13:00:00,14839.0,14783.734
2017-11-21 14:00:00,14571.0,14499.95
2017-11-21 15:00:00,14406.0,14400.826
2017-11-21 16:00:00,14568.0,14584.177
2017-11-21 17:00:00,15237.0,15439.092
2017-11-21 18:00:00,15514.0,15849.044
2017-11-21 19:00:00,15350.0,15718.436
2017-11-21 20:00:00,15240.0,15292.896
2017-11-21 21:00:00,14845.0,14935.423
2017-11-21 22:00:00,14201.0,14268.262
2017-11-21 23:00:00,13488.0,13494.593
2017-11-22 00:00:00,13084.0,12969.925
2017-11-22 01:00:00,12782.0,12858.415
2017-11-22 02:00:00,12709.0,12677.801
2017-11-22 03:00:00,12787.0,12704.3545
2017-11-22 04:00:00,13046.0,13041.703
2017-11-22 05:00:00,13831.0,13777.706
2017-11-22 06:00:00,14809.0,15008.2
2017-11-22 07:00:00,15580.0,15589.121
2017-11-22 08:00:00,15723.0,15550.174
2017-11-22 09:00:00,15895.0,15590.804
2017-11-22 10:00:00,15854.0,15831.518
2017-11-22 11:00:00,15759.0,15640.969
2017-11-22 12:00:00,15517.0,15589.179
2017-11-22 13:00:00,15399.0,15364.678
2017-11-22 14:00:00,15114.0,15232.79
2017-11-22 15:00:00,14938.0,14918.747
2017-11-22 16:00:00,15090.0,15059.364
2017-11-22 17:00:00,15840.0,15695.239
2017-11-22 18:00:00,16138.0,16163.164
2017-11-22 19:00:00,16156.0,16145.808
2017-11-22 20:00:00,16077.0,16011.421
2017-11-22 21:00:00,15816.0,15637.671
2017-11-22 22:00:00,15212.0,15071.096
2017-11-22 23:00:00,14506.0,14456.947
2017-11-23 00:00:00,14071.0,14071.509
2017-11-23 01:00:00,13904.0,13799.766
2017-11-23 02:00:00,13922.0,13844.338
2017-11-23 03:00:00,13930.0,14043.208
2017-11-23 04:00:00,14107.0,14286.824
2017-11-23 05:00:00,14498.0,14742.059
2017-11-23 06:00:00,15052.0,15332.38
2017-11-23 07:00:00,15535.0,15847.449
2017-11-23 08:00:00,15912.0,15786.825
2017-11-23 09:00:00,15887.0,16034.999
2017-11-23 10:00:00,15598.0,15865.037
2017-11-23 11:00:00,15048.0,15269.534
2017-11-23 12:00:00,14118.0,14641.098
2017-11-23 13:00:00,13161.0,13511.133
2017-11-23 14:00:00,12602.0,12551.298
2017-11-23 15:00:00,12320.0,12168.366
2017-11-23 16:00:00,12244.0,12322.436
2017-11-23 17:00:00,13002.0,12884.781
2017-11-23 18:00:00,13388.0,13574.544
2017-11-23 19:00:00,13685.0,13748.918
2017-11-23 20:00:00,13822.0,13956.369
2017-11-23 21:00:00,13901.0,13758.384
2017-11-23 22:00:00,13712.0,13519.468
2017-11-23 23:00:00,13508.0,13232.284
2017-11-24 00:00:00,13298.0,13156.996
2017-11-24 01:00:00,13216.0,13093.992
2017-11-24 02:00:00,13344.0,13223.695
2017-11-24 03:00:00,13448.0,13406.553
2017-11-24 04:00:00,13765.0,13760.324
2017-11-24 05:00:00,14230.0,14424.608
2017-11-24 06:00:00,14787.0,14955.786
2017-11-24 07:00:00,15126.0,15258.236
2017-11-24 08:00:00,15147.0,15091.569
2017-11-24 09:00:00,14670.0,14888.545
2017-11-24 10:00:00,14158.0,14341.415
2017-11-24 11:00:00,13549.0,13618.797
2017-11-24 12:00:00,13051.0,13076.487
2017-11-24 13:00:00,12620.0,12743.603
2017-11-24 14:00:00,12386.0,12380.5205
2017-11-24 15:00:00,12339.0,12386.1875
2017-11-24 16:00:00,12544.0,12693.07
2017-11-24 17:00:00,13410.0,13390.836
2017-11-24 18:00:00,13701.0,14053.683
2017-11-24 19:00:00,13793.0,14009.8545
2017-11-24 20:00:00,13825.0,13841.73
2017-11-24 21:00:00,13653.0,13685.034
2017-11-24 22:00:00,13283.0,13154.061
2017-11-24 23:00:00,12761.0,12711.141
2017-11-25 00:00:00,12448.0,12380.915
2017-11-25 01:00:00,12330.0,12197.922
2017-11-25 02:00:00,12263.0,12262.263
2017-11-25 03:00:00,12169.0,12298.875
2017-11-25 04:00:00,12300.0,12336.716
2017-11-25 05:00:00,12529.0,12481.858
2017-11-25 06:00:00,12970.0,12876.904
2017-11-25 07:00:00,13400.0,13305.889
2017-11-25 08:00:00,13590.0,13636.901
2017-11-25 09:00:00,13629.0,13609.031
2017-11-25 10:00:00,13463.0,13561.633
2017-11-25 11:00:00,13195.0,13316.518
2017-11-25 12:00:00,12870.0,12994.77
2017-11-25 13:00:00,12553.0,12687.411
2017-11-25 14:00:00,12344.0,12512.304
2017-11-25 15:00:00,12205.0,12346.442
2017-11-25 16:00:00,12411.0,12349.38
2017-11-25 17:00:00,13145.0,13018.922
2017-11-25 18:00:00,13554.0,13553.709
2017-11-25 19:00:00,13712.0,13850.575
2017-11-25 20:00:00,13765.0,13792.939
2017-11-25 21:00:00,13544.0,13553.517
2017-11-25 22:00:00,13254.0,13117.76
2017-11-25 23:00:00,12840.0,12757.357
2017-11-26 00:00:00,12422.0,12470.517
2017-11-26 01:00:00,12308.0,12171.376
2017-11-26 02:00:00,12406.0,12187.957
2017-11-26 03:00:00,12420.0,12362.978
2017-11-26 04:00:00,12605.0,12539.165
2017-11-26 05:00:00,13051.0,12780.655
2017-11-26 06:00:00,13619.0,13564.947
2017-11-26 07:00:00,14186.0,14089.772
2017-11-26 08:00:00,14432.0,14504.621
2017-11-26 09:00:00,14181.0,14488.567
2017-11-26 10:00:00,13771.0,13982.097
2017-11-26 11:00:00,13484.0,13514.628
2017-11-26 12:00:00,13408.0,13293.045
2017-11-26 13:00:00,13128.0,13258.082
2017-11-26 14:00:00,12951.0,12944.242
2017-11-26 15:00:00,12968.0,12863.495
2017-11-26 16:00:00,13348.0,13219.256
2017-11-26 17:00:00,14541.0,14152.161
2017-11-26 18:00:00,15138.0,15090.569
2017-11-26 19:00:00,15366.0,15353.327
2017-11-26 20:00:00,15404.0,15416.236
2017-11-26 21:00:00,15171.0,15006.708
2017-11-26 22:00:00,14703.0,14705.678
2017-11-26 23:00:00,14199.0,14112.322
2017-11-27 00:00:00,13987.0,13837.566
2017-11-27 01:00:00,13931.0,13883.066
2017-11-27 02:00:00,13912.0,13931.017
2017-11-27 03:00:00,14051.0,14019.828
2017-11-27 04:00:00,14510.0,14527.222
2017-11-27 05:00:00,15447.0,15321.368
2017-11-27 06:00:00,16698.0,16852.021
2017-11-27 07:00:00,17421.0,17666.02
2017-11-27 08:00:00,17157.0,17383.488
2017-11-27 09:00:00,16612.0,16865.54
2017-11-27 10:00:00,16196.0,16334.916
2017-11-27 11:00:00,15584.0,16467.65
2017-11-27 12:00:00,15260.0,15425.525
2017-11-27 13:00:00,14831.0,15042.764
2017-11-27 14:00:00,14557.0,14595.389
2017-11-27 15:00:00,14390.0,14398.77
2017-11-27 16:00:00,14492.0,14604.34
2017-11-27 17:00:00,15565.0,15384.521
2017-11-27 18:00:00,16039.0,16164.479
2017-11-27 19:00:00,16202.0,16269.861
2017-11-27 20:00:00,16083.0,16186.709
2017-11-27 21:00:00,15639.0,15694.094
2017-11-27 22:00:00,14921.0,14907.183
2017-11-27 23:00:00,14213.0,14237.512
2017-11-28 00:00:00,13884.0,13720.683
2017-11-28 01:00:00,13701.0,13689.5625
2017-11-28 02:00:00,13719.0,13741.851
2017-11-28 03:00:00,13818.0,13828.752
2017-11-28 04:00:00,14160.0,14269.6455
2017-11-28 05:00:00,15026.0,14973.401
2017-11-28 06:00:00,16408.0,16238.676
2017-11-28 07:00:00,17091.0,17115.086
2017-11-28 08:00:00,16815.0,16975.03
2017-11-28 09:00:00,16162.0,16485.773
2017-11-28 10:00:00,15515.0,15891.059
2017-11-28 11:00:00,15008.0,15049.453
2017-11-28 12:00:00,14817.0,14648.165
2017-11-28 13:00:00,14556.0,14526.933
2017-11-28 14:00:00,14315.0,14361.154
2017-11-28 15:00:00,14038.0,14259.822
2017-11-28 16:00:00,14210.0,14275.208
2017-11-28 17:00:00,15050.0,15066.613
2017-11-28 18:00:00,15568.0,15609.424
2017-11-28 19:00:00,15518.0,15665.457
2017-11-28 20:00:00,15516.0,15382.206
2017-11-28 21:00:00,15137.0,15113.297
2017-11-28 22:00:00,14444.0,14429.554
2017-11-28 23:00:00,13682.0,13732.143
2017-11-29 00:00:00,13469.0,13134.752
2017-11-29 01:00:00,13267.0,13160.055
2017-11-29 02:00:00,13173.0,13286.287
2017-11-29 03:00:00,13284.0,13223.018
2017-11-29 04:00:00,13539.0,13553.8545
2017-11-29 05:00:00,14428.0,14358.081
2017-11-29 06:00:00,15853.0,15819.666
2017-11-29 07:00:00,16443.0,16411.416
2017-11-29 08:00:00,16103.0,16280.939
2017-11-29 09:00:00,15633.0,15806.096
2017-11-29 10:00:00,15158.0,15303.719
2017-11-29 11:00:00,14663.0,14793.486
2017-11-29 12:00:00,14487.0,14356.617
2017-11-29 13:00:00,14246.0,14232.922
2017-11-29 14:00:00,14086.0,14074.763
2017-11-29 15:00:00,13952.0,13975.297
2017-11-29 16:00:00,14158.0,14108.729
2017-11-29 17:00:00,15015.0,14896.942
2017-11-29 18:00:00,15470.0,15361.946
2017-11-29 19:00:00,15503.0,15562.9375
2017-11-29 20:00:00,15503.0,15411.983
2017-11-29 21:00:00,15194.0,15149.916
2017-11-29 22:00:00,14358.0,14543.336
2017-11-29 23:00:00,13776.0,13645.043
2017-11-30 00:00:00,13472.0,13264.057
2017-11-30 01:00:00,13144.0,13259.506
2017-11-30 02:00:00,12939.0,13159.723
2017-11-30 03:00:00,13055.0,12950.182
2017-11-30 04:00:00,13418.0,13202.448
2017-11-30 05:00:00,14136.0,14192.795
2017-11-30 06:00:00,15658.0,15421.949
2017-11-30 07:00:00,16268.0,16157.337
2017-11-30 08:00:00,16193.0,16095.576
2017-11-30 09:00:00,15717.0,15981.223
2017-11-30 10:00:00,15473.0,15442.071
2017-11-30 11:00:00,15216.0,15154.63
2017-11-30 12:00:00,14875.0,15013.537
2017-11-30 13:00:00,14639.0,14756.399
2017-11-30 14:00:00,14569.0,14482.528
2017-11-30 15:00:00,14389.0,14531.139
2017-11-30 16:00:00,14639.0,14621.228
2017-11-30 17:00:00,15264.0,15482.034
2017-11-30 18:00:00,15506.0,15700.935
2017-11-30 19:00:00,15496.0,15565.202
2017-11-30 20:00:00,15311.0,15416.928
2017-11-30 21:00:00,14978.0,15070.627
2017-11-30 22:00:00,14402.0,14345.396
2017-11-30 23:00:00,13483.0,13725.612
2017-12-01 00:00:00,13125.0,12880.892
2017-12-01 01:00:00,12878.0,12841.928
2017-12-01 02:00:00,12955.0,12770.392
2017-12-01 03:00:00,13042.0,13024.18
2017-12-01 04:00:00,13404.0,13401.113
2017-12-01 05:00:00,14354.0,14217.159
2017-12-01 06:00:00,15788.0,15705.67
2017-12-01 07:00:00,16366.0,16348.6045
2017-12-01 08:00:00,16274.0,16201.17
2017-12-01 09:00:00,15937.0,16043.483
2017-12-01 10:00:00,15532.0,15667.548
2017-12-01 11:00:00,14986.0,15192.32
2017-12-01 12:00:00,14605.0,14726.125
2017-12-01 13:00:00,14324.0,14326.29
2017-12-01 14:00:00,14005.0,14073.087
2017-12-01 15:00:00,13917.0,13799.658
2017-12-01 16:00:00,14062.0,14110.071
2017-12-01 17:00:00,15020.0,14881.578
2017-12-01 18:00:00,15218.0,15504.063
2017-12-01 19:00:00,15276.0,15340.159
2017-12-01 20:00:00,15457.0,15222.574
2017-12-01 21:00:00,15321.0,15253.491
2017-12-01 22:00:00,14882.0,14693.026
2017-12-01 23:00:00,14248.0,14230.659
2017-12-02 00:00:00,13756.0,13769.565
2017-12-02 01:00:00,13564.0,13505.993
2017-12-02 02:00:00,13525.0,13472.271
2017-12-02 03:00:00,13529.0,13568.486
2017-12-02 04:00:00,13699.0,13701.86
2017-12-02 05:00:00,13986.0,14095.311
2017-12-02 06:00:00,14432.0,14528.015
2017-12-02 07:00:00,15055.0,14858.934
2017-12-02 08:00:00,15355.0,15313.069
2017-12-02 09:00:00,15231.0,15236.14
2017-12-02 10:00:00,14950.0,14912.515
2017-12-02 11:00:00,14522.0,14585.595
2017-12-02 12:00:00,14052.0,14153.109
2017-12-02 13:00:00,13585.0,13659.887
2017-12-02 14:00:00,13172.0,13320.889
2017-12-02 15:00:00,13041.0,13001.371
2017-12-02 16:00:00,13392.0,13292.146
2017-12-02 17:00:00,14377.0,14271.336
2017-12-02 18:00:00,14666.0,14885.48
2017-12-02 19:00:00,14723.0,14765.477
2017-12-02 20:00:00,14679.0,14736.121
2017-12-02 21:00:00,14345.0,14420.251
2017-12-02 22:00:00,14033.0,13851.316
2017-12-02 23:00:00,13485.0,13462.975
2017-12-03 00:00:00,13070.0,12993.273
2017-12-03 01:00:00,12778.0,12801.057
2017-12-03 02:00:00,12695.0,12673.5205
2017-12-03 03:00:00,12725.0,12606.056
2017-12-03 04:00:00,12937.0,12859.247
2017-12-03 05:00:00,13282.0,13212.614
2017-12-03 06:00:00,13697.0,13807.075
2017-12-03 07:00:00,14290.0,14137.601
2017-12-03 08:00:00,14629.0,14569.309
2017-12-03 09:00:00,14377.0,14557.06
2017-12-03 10:00:00,13922.0,14115.63
2017-12-03 11:00:00,13434.0,13572.892
2017-12-03 12:00:00,13184.0,13181.788
2017-12-03 13:00:00,12842.0,12950.655
2017-12-03 14:00:00,12584.0,12731.758
2017-12-03 15:00:00,12534.0,12616.978
2017-12-03 16:00:00,12956.0,12828.971
2017-12-03 17:00:00,14232.0,13813.072
2017-12-03 18:00:00,14817.0,14716.142
2017-12-03 19:00:00,15002.0,14979.655
2017-12-03 20:00:00,15021.0,14941.239
2017-12-03 21:00:00,14779.0,14578.772
2017-12-03 22:00:00,14297.0,14102.132
2017-12-03 23:00:00,13927.0,13749.748
2017-12-04 00:00:00,13722.0,13596.632
2017-12-04 01:00:00,13605.0,13548.387
2017-12-04 02:00:00,13644.0,13556.26
2017-12-04 03:00:00,13807.0,13819.15
2017-12-04 04:00:00,14262.0,14213.209
2017-12-04 05:00:00,15112.0,15011.635
2017-12-04 06:00:00,16656.0,16481.152
2017-12-04 07:00:00,17321.0,17440.701
2017-12-04 08:00:00,17074.0,17127.477
2017-12-04 09:00:00,16585.0,16813.643
2017-12-04 10:00:00,16085.0,16272.397
2017-12-04 11:00:00,15449.0,16011.916
2017-12-04 12:00:00,15068.0,15162.63
2017-12-04 13:00:00,14787.0,14941.079
2017-12-04 14:00:00,14634.0,14613.295
2017-12-04 15:00:00,14416.0,14537.142
2017-12-04 16:00:00,14586.0,14682.01
2017-12-04 17:00:00,15572.0,15507.048
2017-12-04 18:00:00,15929.0,16166.933
2017-12-04 19:00:00,15858.0,16114.841
2017-12-04 20:00:00,15760.0,15840.912
2017-12-04 21:00:00,15188.0,15405.992
2017-12-04 22:00:00,14321.0,14374.766
2017-12-04 23:00:00,13522.0,13458.615
2017-12-05 00:00:00,12998.0,12947.861
2017-12-05 01:00:00,12546.0,12649.58
2017-12-05 02:00:00,12393.0,12463.691
2017-12-05 03:00:00,12348.0,12402.467
2017-12-05 04:00:00,12752.0,12578.784
2017-12-05 05:00:00,13436.0,13613.588
2017-12-05 06:00:00,14675.0,14787.639
2017-12-05 07:00:00,15452.0,15437.15
2017-12-05 08:00:00,15355.0,15432.368
2017-12-05 09:00:00,15268.0,15138.271
2017-12-05 10:00:00,15239.0,15061.736
2017-12-05 11:00:00,15126.0,15071.775
2017-12-05 12:00:00,15027.0,15047.134
2017-12-05 13:00:00,15019.0,14966.318
2017-12-05 14:00:00,15105.0,14943.477
2017-12-05 15:00:00,15051.0,15103.254
2017-12-05 16:00:00,15511.0,15353.893
2017-12-05 17:00:00,16187.0,16339.375
2017-12-05 18:00:00,16356.0,16464.95
2017-12-05 19:00:00,16357.0,16301.026
2017-12-05 20:00:00,16191.0,16190.726
2017-12-05 21:00:00,15817.0,15721.471
2017-12-05 22:00:00,15123.0,14948.988
2017-12-05 23:00:00,14264.0,14267.938
2017-12-06 00:00:00,13772.0,13632.01
2017-12-06 01:00:00,13628.0,13438.951
2017-12-06 02:00:00,13730.0,13610.466
2017-12-06 03:00:00,13815.0,13891.158
2017-12-06 04:00:00,14224.0,14237.547
2017-12-06 05:00:00,15186.0,15101.479
2017-12-06 06:00:00,16500.0,16596.127
2017-12-06 07:00:00,17373.0,17364.662
2017-12-06 08:00:00,17330.0,17299.736
2017-12-06 09:00:00,17009.0,17110.984
2017-12-06 10:00:00,16761.0,16760.105
2017-12-06 11:00:00,16463.0,16342.615
2017-12-06 12:00:00,16216.0,16223.437
2017-12-06 13:00:00,16194.0,16048.292
2017-12-06 14:00:00,16060.0,16046.758
2017-12-06 15:00:00,15962.0,15923.786
2017-12-06 16:00:00,16284.0,16208.651
2017-12-06 17:00:00,17135.0,17173.254
2017-12-06 18:00:00,17493.0,17533.732
2017-12-06 19:00:00,17425.0,17486.176
2017-12-06 20:00:00,17273.0,17293.88
2017-12-06 21:00:00,16911.0,16922.037
2017-12-06 22:00:00,16083.0,16135.624
2017-12-06 23:00:00,15393.0,15323.331
2017-12-07 00:00:00,14867.0,14872.683
2017-12-07 01:00:00,14706.0,14626.423
2017-12-07 02:00:00,14597.0,14641.085
2017-12-07 03:00:00,14668.0,14752.828
2017-12-07 04:00:00,14942.0,15064.512
2017-12-07 05:00:00,15805.0,15741.783
2017-12-07 06:00:00,17191.0,17129.828
2017-12-07 07:00:00,17990.0,17919.19
2017-12-07 08:00:00,17827.0,17765.523
2017-12-07 09:00:00,17682.0,17442.344
2017-12-07 10:00:00,17382.0,17349.168
2017-12-07 11:00:00,16960.0,16954.29
2017-12-07 12:00:00,16699.0,16616.205
2017-12-07 13:00:00,16658.0,16445.6
2017-12-07 14:00:00,16528.0,16433.879
2017-12-07 15:00:00,16466.0,16451.916
2017-12-07 16:00:00,16787.0,16809.861
2017-12-07 17:00:00,17715.0,17775.623
2017-12-07 18:00:00,17949.0,18061.484
2017-12-07 19:00:00,18008.0,17904.701
2017-12-07 20:00:00,18034.0,17862.852
2017-12-07 21:00:00,17647.0,17689.582
2017-12-07 22:00:00,16817.0,16773.152
2017-12-07 23:00:00,16026.0,15926.558
2017-12-08 00:00:00,15483.0,15479.917
2017-12-08 01:00:00,15378.0,15241.054
2017-12-08 02:00:00,15295.0,15320.095
2017-12-08 03:00:00,15487.0,15338.832
2017-12-08 04:00:00,15767.0,15900.518
2017-12-08 05:00:00,16557.0,16550.152
2017-12-08 06:00:00,17906.0,18011.85
2017-12-08 07:00:00,18636.0,18680.195
2017-12-08 08:00:00,18386.0,18454.227
2017-12-08 09:00:00,18220.0,17950.129
2017-12-08 10:00:00,18147.0,17837.572
2017-12-08 11:00:00,18000.0,17735.648
2017-12-08 12:00:00,17737.0,17674.42
2017-12-08 13:00:00,17695.0,17478.389
2017-12-08 14:00:00,17396.0,17417.719
2017-12-08 15:00:00,17271.0,17195.03
2017-12-08 16:00:00,17448.0,17508.41
2017-12-08 17:00:00,18128.0,18308.506
2017-12-08 18:00:00,18227.0,18430.828
2017-12-08 19:00:00,18083.0,18011.508
2017-12-08 20:00:00,17849.0,17854.588
2017-12-08 21:00:00,17488.0,17466.271
2017-12-08 22:00:00,16831.0,16801.793
2017-12-08 23:00:00,16006.0,16026.227
2017-12-09 00:00:00,15394.0,15463.499
2017-12-09 01:00:00,15336.0,15102.43
2017-12-09 02:00:00,15159.0,15240.718
2017-12-09 03:00:00,15222.0,15123.855
2017-12-09 04:00:00,15397.0,15395.11
2017-12-09 05:00:00,15742.0,15866.014
2017-12-09 06:00:00,16299.0,16340.242
2017-12-09 07:00:00,16876.0,16894.807
2017-12-09 08:00:00,17312.0,17149.584
2017-12-09 09:00:00,17437.0,17436.264
2017-12-09 10:00:00,17245.0,17386.588
2017-12-09 11:00:00,17029.0,16819.527
2017-12-09 12:00:00,16562.0,16678.51
2017-12-09 13:00:00,16256.0,16215.621
2017-12-09 14:00:00,16196.0,15855.697
2017-12-09 15:00:00,16213.0,16154.698
2017-12-09 16:00:00,16483.0,16657.191
2017-12-09 17:00:00,17354.0,17575.229
2017-12-09 18:00:00,17531.0,17701.37
2017-12-09 19:00:00,17331.0,17434.209
2017-12-09 20:00:00,17107.0,17139.746
2017-12-09 21:00:00,16777.0,16826.076
2017-12-09 22:00:00,16230.0,16194.435
2017-12-09 23:00:00,15518.0,15460.217
2017-12-10 00:00:00,15095.0,15064.704
2017-12-10 01:00:00,14805.0,14857.047
2017-12-10 02:00:00,14637.0,14746.154
2017-12-10 03:00:00,14669.0,14622.978
2017-12-10 04:00:00,14671.0,14710.858
2017-12-10 05:00:00,14875.0,14913.31
2017-12-10 06:00:00,15244.0,15339.124
2017-12-10 07:00:00,15908.0,15761.298
2017-12-10 08:00:00,16330.0,16437.447
2017-12-10 09:00:00,16547.0,16434.754
2017-12-10 10:00:00,16426.0,16402.34
2017-12-10 11:00:00,16190.0,16061.798
2017-12-10 12:00:00,16001.0,15954.201
2017-12-10 13:00:00,15589.0,15708.702
2017-12-10 14:00:00,15487.0,15353.211
2017-12-10 15:00:00,15500.0,15442.89
2017-12-10 16:00:00,15813.0,15868.032
2017-12-10 17:00:00,16886.0,16990.574
2017-12-10 18:00:00,17214.0,17228.879
2017-12-10 19:00:00,17303.0,17200.66
2017-12-10 20:00:00,17203.0,17265.064
2017-12-10 21:00:00,16747.0,16847.363
2017-12-10 22:00:00,16044.0,16090.411
2017-12-10 23:00:00,15439.0,15350.362
2017-12-11 00:00:00,15010.0,15003.122
2017-12-11 01:00:00,14758.0,14830.164
2017-12-11 02:00:00,14761.0,14703.352
2017-12-11 03:00:00,14845.0,14818.774
2017-12-11 04:00:00,15294.0,15227.514
2017-12-11 05:00:00,16135.0,16121.063
2017-12-11 06:00:00,17603.0,17613.523
2017-12-11 07:00:00,18443.0,18533.531
2017-12-11 08:00:00,18294.0,18576.533
2017-12-11 09:00:00,17953.0,18154.031
2017-12-11 10:00:00,17570.0,17702.094
2017-12-11 11:00:00,17129.0,17145.713
2017-12-11 12:00:00,16756.0,16772.852
2017-12-11 13:00:00,16427.0,16424.379
2017-12-11 14:00:00,16237.0,16153.292
2017-12-11 15:00:00,16004.0,16009.482
2017-12-11 16:00:00,16295.0,16248.368
2017-12-11 17:00:00,17255.0,17413.914
2017-12-11 18:00:00,17670.0,17772.088
2017-12-11 19:00:00,17667.0,17645.412
2017-12-11 20:00:00,17493.0,17530.426
2017-12-11 21:00:00,17099.0,17059.475
2017-12-11 22:00:00,16306.0,16298.2705
2017-12-11 23:00:00,15320.0,15435.381
2017-12-12 00:00:00,14844.0,14710.121
2017-12-12 01:00:00,14451.0,14520.104
2017-12-12 02:00:00,14344.0,14378.536
2017-12-12 03:00:00,14358.0,14342.682
2017-12-12 04:00:00,14629.0,14625.922
2017-12-12 05:00:00,15468.0,15420.717
2017-12-12 06:00:00,16896.0,16877.373
2017-12-12 07:00:00,17702.0,17716.21
2017-12-12 08:00:00,17756.0,17571.09
2017-12-12 09:00:00,17704.0,17603.207
2017-12-12 10:00:00,17811.0,17614.637
2017-12-12 11:00:00,17900.0,17586.84
2017-12-12 12:00:00,17836.0,17854.53
2017-12-12 13:00:00,17984.0,17713.947
2017-12-12 14:00:00,17991.0,17887.072
2017-12-12 15:00:00,18065.0,17978.41
2017-12-12 16:00:00,18494.0,18470.63
2017-12-12 17:00:00,19435.0,19455.867
2017-12-12 18:00:00,19762.0,19903.973
2017-12-12 19:00:00,19682.0,19649.594
2017-12-12 20:00:00,19547.0,19435.473
2017-12-12 21:00:00,19173.0,19122.65
2017-12-12 22:00:00,18424.0,18295.805
2017-12-12 23:00:00,17788.0,17519.867
2017-12-13 00:00:00,17310.0,17197.092
2017-12-13 01:00:00,17061.0,17129.824
2017-12-13 02:00:00,17022.0,17053.781
2017-12-13 03:00:00,17107.0,17117.271
2017-12-13 04:00:00,17383.0,17459.791
2017-12-13 05:00:00,18190.0,18150.627
2017-12-13 06:00:00,19301.0,19626.557
2017-12-13 07:00:00,19879.0,20082.527
2017-12-13 08:00:00,19715.0,19731.066
2017-12-13 09:00:00,19308.0,19399.693
2017-12-13 10:00:00,18929.0,18957.414
2017-12-13 11:00:00,18495.0,18402.055
2017-12-13 12:00:00,18188.0,18103.426
2017-12-13 13:00:00,17885.0,17864.334
2017-12-13 14:00:00,17605.0,17558.902
2017-12-13 15:00:00,17538.0,17445.174
2017-12-13 16:00:00,17819.0,18024.3
2017-12-13 17:00:00,18603.0,18852.408
2017-12-13 18:00:00,18789.0,19130.418
2017-12-13 19:00:00,18676.0,18741.494
2017-12-13 20:00:00,18482.0,18506.543
2017-12-13 21:00:00,17889.0,18177.14
2017-12-13 22:00:00,17040.0,17104.441
2017-12-13 23:00:00,16218.0,16105.397
2017-12-14 00:00:00,15577.0,15628.119
2017-12-14 01:00:00,15225.0,15289.411
2017-12-14 02:00:00,15106.0,15099.233
2017-12-14 03:00:00,15135.0,15096.76
2017-12-14 04:00:00,15487.0,15417.725
2017-12-14 05:00:00,16179.0,16367.698
2017-12-14 06:00:00,17470.0,17626.56
2017-12-14 07:00:00,18265.0,18303.943
2017-12-14 08:00:00,18180.0,18379.668
2017-12-14 09:00:00,18076.0,17925.695
2017-12-14 10:00:00,17796.0,17911.533
2017-12-14 11:00:00,17619.0,17400.816
2017-12-14 12:00:00,17300.0,17364.02
2017-12-14 13:00:00,17187.0,17131.863
2017-12-14 14:00:00,17023.0,16961.262
2017-12-14 15:00:00,16955.0,16898.99
2017-12-14 16:00:00,17341.0,17342.037
2017-12-14 17:00:00,18152.0,18380.516
2017-12-14 18:00:00,18570.0,18426.443
2017-12-14 19:00:00,18526.0,18527.26
2017-12-14 20:00:00,18509.0,18320.645
2017-12-14 21:00:00,18182.0,18139.11
2017-12-14 22:00:00,17478.0,17334.535
2017-12-14 23:00:00,16803.0,16511.307
2017-12-15 00:00:00,16308.0,16202.402
2017-12-15 01:00:00,16076.0,15996.514
2017-12-15 02:00:00,15884.0,15961.056
2017-12-15 03:00:00,15955.0,15932.897
2017-12-15 04:00:00,16310.0,16106.145
2017-12-15 05:00:00,17077.0,17146.746
2017-12-15 06:00:00,18286.0,18448.34
2017-12-15 07:00:00,18951.0,18987.57
2017-12-15 08:00:00,18647.0,18855.59
2017-12-15 09:00:00,18637.0,18346.543
2017-12-15 10:00:00,18572.0,18273.486
2017-12-15 11:00:00,18417.0,18234.186
2017-12-15 12:00:00,18141.0,18142.633
2017-12-15 13:00:00,17947.0,17876.5
2017-12-15 14:00:00,17905.0,17678.082
2017-12-15 15:00:00,17751.0,17756.912
2017-12-15 16:00:00,17924.0,18031.568
2017-12-15 17:00:00,18547.0,18638.389
2017-12-15 18:00:00,18621.0,18926.904
2017-12-15 19:00:00,18392.0,18401.113
2017-12-15 20:00:00,18180.0,18153.787
2017-12-15 21:00:00,17781.0,17871.803
2017-12-15 22:00:00,17179.0,17080.135
2017-12-15 23:00:00,16355.0,16295.926
2017-12-16 00:00:00,15754.0,15719.193
2017-12-16 01:00:00,15383.0,15416.524
2017-12-16 02:00:00,15161.0,15207.237
2017-12-16 03:00:00,15113.0,15066.999
2017-12-16 04:00:00,15187.0,15179.706
2017-12-16 05:00:00,15573.0,15533.76
2017-12-16 06:00:00,16151.0,16149.412
2017-12-16 07:00:00,16742.0,16745.46
2017-12-16 08:00:00,17046.0,17103.334
2017-12-16 09:00:00,16948.0,17257.473
2017-12-16 10:00:00,16452.0,16754.281
2017-12-16 11:00:00,15808.0,15967.1455
2017-12-16 12:00:00,15236.0,15327.089
2017-12-16 13:00:00,14719.0,14763.4
2017-12-16 14:00:00,14316.0,14445.919
2017-12-16 15:00:00,14088.0,14254.166
2017-12-16 16:00:00,14470.0,14315.68
2017-12-16 17:00:00,15640.0,15388.646
2017-12-16 18:00:00,16001.0,16082.141
2017-12-16 19:00:00,16048.0,16063.609
2017-12-16 20:00:00,16024.0,16096.114
2017-12-16 21:00:00,15944.0,15734.323
2017-12-16 22:00:00,15524.0,15289.862
2017-12-16 23:00:00,14957.0,14783.356
2017-12-17 00:00:00,14495.0,14450.573
2017-12-17 01:00:00,14358.0,14120.463
2017-12-17 02:00:00,14328.0,14156.438
2017-12-17 03:00:00,14334.0,14340.4
2017-12-17 04:00:00,14447.0,14445.092
2017-12-17 05:00:00,14588.0,14752.431
2017-12-17 06:00:00,14972.0,14923.86
2017-12-17 07:00:00,15501.0,15459.574
2017-12-17 08:00:00,15840.0,15793.519
2017-12-17 09:00:00,16007.0,15772.367
2017-12-17 10:00:00,15692.0,15783.318
2017-12-17 11:00:00,15507.0,15352.567
2017-12-17 12:00:00,15425.0,15272.71
2017-12-17 13:00:00,15190.0,15222.271
2017-12-17 14:00:00,15024.0,14979.074
2017-12-17 15:00:00,15101.0,14919.18
2017-12-17 16:00:00,15273.0,15533.336
2017-12-17 17:00:00,15999.0,16136.194
2017-12-17 18:00:00,16341.0,16329.475
2017-12-17 19:00:00,16342.0,16444.492
2017-12-17 20:00:00,16162.0,16265.907
2017-12-17 21:00:00,15658.0,15821.14
2017-12-17 22:00:00,15005.0,15020.59
2017-12-17 23:00:00,14319.0,14295.147
2017-12-18 00:00:00,13972.0,13899.0625
2017-12-18 01:00:00,13687.0,13757.334
2017-12-18 02:00:00,13528.0,13678.1045
2017-12-18 03:00:00,13550.0,13508.028
2017-12-18 04:00:00,13970.0,13772.388
2017-12-18 05:00:00,14700.0,14763.082
2017-12-18 06:00:00,16077.0,16068.355
2017-12-18 07:00:00,16798.0,16950.19
2017-12-18 08:00:00,16733.0,16904.045
2017-12-18 09:00:00,16654.0,16630.02
2017-12-18 10:00:00,16582.0,16465.977
2017-12-18 11:00:00,16399.0,16291.876
2017-12-18 12:00:00,16204.0,16162.289
2017-12-18 13:00:00,15928.0,15986.105
2017-12-18 14:00:00,15684.0,15662.696
2017-12-18 15:00:00,15578.0,15489.051
2017-12-18 16:00:00,15771.0,15741.199
2017-12-18 17:00:00,16510.0,16603.846
2017-12-18 18:00:00,16755.0,16801.1
2017-12-18 19:00:00,16766.0,16736.656
2017-12-18 20:00:00,16519.0,16724.748
2017-12-18 21:00:00,16031.0,16153.808
2017-12-18 22:00:00,15188.0,15343.705
2017-12-18 23:00:00,14387.0,14323.932
2017-12-19 00:00:00,13709.0,13738.852
2017-12-19 01:00:00,13356.0,13373.499
2017-12-19 02:00:00,13206.0,13240.553
2017-12-19 03:00:00,13154.0,13278.318
2017-12-19 04:00:00,13405.0,13360.703
2017-12-19 05:00:00,14196.0,14207.907
2017-12-19 06:00:00,15531.0,15524.132
2017-12-19 07:00:00,16283.0,16335.916
2017-12-19 08:00:00,16261.0,16281.526
2017-12-19 09:00:00,15998.0,16131.776
2017-12-19 10:00:00,15697.0,15818.1
2017-12-19 11:00:00,15395.0,15384.006
2017-12-19 12:00:00,15065.0,15139.057
2017-12-19 13:00:00,14972.0,14796.942
2017-12-19 14:00:00,14690.0,14745.426
2017-12-19 15:00:00,14623.0,14534.659
2017-12-19 16:00:00,14860.0,14797.248
2017-12-19 17:00:00,15692.0,15738.929
2017-12-19 18:00:00,16101.0,16070.686
2017-12-19 19:00:00,16029.0,15993.589
2017-12-19 20:00:00,15994.0,15956.509
2017-12-19 21:00:00,15529.0,15605.569
2017-12-19 22:00:00,14783.0,14751.576
2017-12-19 23:00:00,13869.0,14016.011
2017-12-20 00:00:00,13376.0,13246.215
2017-12-20 01:00:00,13002.0,13050.491
2017-12-20 02:00:00,12834.0,12889.561
2017-12-20 03:00:00,12881.0,12807.2295
2017-12-20 04:00:00,13076.0,13176.239
2017-12-20 05:00:00,13993.0,13743.005
2017-12-20 06:00:00,15193.0,15356.191
2017-12-20 07:00:00,16197.0,16043.549
2017-12-20 08:00:00,16122.0,16179.559
2017-12-20 09:00:00,16070.0,15991.227
2017-12-20 10:00:00,15838.0,15982.736
2017-12-20 11:00:00,15606.0,15579.021
2017-12-20 12:00:00,15353.0,15391.932
2017-12-20 13:00:00,15187.0,15195.26
2017-12-20 14:00:00,14973.0,14966.978
2017-12-20 15:00:00,14911.0,14784.394
2017-12-20 16:00:00,15179.0,15082.881
2017-12-20 17:00:00,16223.0,15954.8545
2017-12-20 18:00:00,16647.0,16486.764
2017-12-20 19:00:00,16731.0,16586.959
2017-12-20 20:00:00,16680.0,16646.613
2017-12-20 21:00:00,16540.0,16313.598
2017-12-20 22:00:00,15816.0,15785.006
2017-12-20 23:00:00,15186.0,14966.98
2017-12-21 00:00:00,14729.0,14616.758
2017-12-21 01:00:00,14463.0,14478.351
2017-12-21 02:00:00,14456.0,14372.07
2017-12-21 03:00:00,14520.0,14576.488
2017-12-21 04:00:00,14931.0,14815.478
2017-12-21 05:00:00,15813.0,15728.404
2017-12-21 06:00:00,16953.0,17139.102
2017-12-21 07:00:00,17766.0,17773.715
2017-12-21 08:00:00,17796.0,17797.266
2017-12-21 09:00:00,17460.0,17602.518
2017-12-21 10:00:00,16874.0,17205.523
2017-12-21 11:00:00,16412.0,16435.168
2017-12-21 12:00:00,15907.0,16031.236
2017-12-21 13:00:00,15633.0,15587.28
2017-12-21 14:00:00,15261.0,15301.704
2017-12-21 15:00:00,15072.0,15043.158
2017-12-21 16:00:00,15291.0,15245.347
2017-12-21 17:00:00,16200.0,16245.183
2017-12-21 18:00:00,16442.0,16846.172
2017-12-21 19:00:00,16440.0,16453.387
2017-12-21 20:00:00,16275.0,16326.571
2017-12-21 21:00:00,15906.0,15932.143
2017-12-21 22:00:00,15199.0,15169.078
2017-12-21 23:00:00,14391.0,14407.024
2017-12-22 00:00:00,13770.0,13768.683
2017-12-22 01:00:00,13456.0,13451.4375
2017-12-22 02:00:00,13303.0,13304.769
2017-12-22 03:00:00,13295.0,13265.201
2017-12-22 04:00:00,13525.0,13496.152
2017-12-22 05:00:00,14082.0,14175.735
2017-12-22 06:00:00,14907.0,15121.124
2017-12-22 07:00:00,15466.0,15625.302
2017-12-22 08:00:00,15637.0,15685.401
2017-12-22 09:00:00,15628.0,15613.741
2017-12-22 10:00:00,15549.0,15506.932
2017-12-22 11:00:00,15347.0,15198.219
2017-12-22 12:00:00,15020.0,15011.503
2017-12-22 13:00:00,14774.0,14730.763
2017-12-22 14:00:00,14504.0,14447.738
2017-12-22 15:00:00,14535.0,14239.498
2017-12-22 16:00:00,14675.0,14747.31
2017-12-22 17:00:00,15245.0,15485.556
2017-12-22 18:00:00,15222.0,15364.132
2017-12-22 19:00:00,14969.0,15069.768
2017-12-22 20:00:00,14876.0,14724.112
2017-12-22 21:00:00,14410.0,14601.099
2017-12-22 22:00:00,13824.0,13853.919
2017-12-22 23:00:00,13042.0,13225.723
2017-12-23 00:00:00,12507.0,12529.498
2017-12-23 01:00:00,12086.0,12173.265
2017-12-23 02:00:00,11917.0,11973.794
2017-12-23 03:00:00,11832.0,11892.711
2017-12-23 04:00:00,11914.0,11939.147
2017-12-23 05:00:00,12213.0,12197.939
2017-12-23 06:00:00,12570.0,12585.079
2017-12-23 07:00:00,13089.0,13109.522
2017-12-23 08:00:00,13621.0,13631.527
2017-12-23 09:00:00,13995.0,13958.831
2017-12-23 10:00:00,14316.0,14142.635
2017-12-23 11:00:00,14314.0,14202.474
2017-12-23 12:00:00,14601.0,14158.496
2017-12-23 13:00:00,14219.0,14602.102
2017-12-23 14:00:00,14092.0,14096.126
2017-12-23 15:00:00,14062.0,13984.061
2017-12-23 16:00:00,14221.0,14213.967
2017-12-23 17:00:00,14804.0,14746.45
2017-12-23 18:00:00,14911.0,14823.62
2017-12-23 19:00:00,14809.0,14766.999
2017-12-23 20:00:00,14765.0,14603.64
2017-12-23 21:00:00,14539.0,14388.925
2017-12-23 22:00:00,14070.0,13915.362
2017-12-23 23:00:00,13418.0,13341.427
2017-12-24 00:00:00,12925.0,12849.893
2017-12-24 01:00:00,12704.0,12598.512
2017-12-24 02:00:00,12466.0,12517.7
2017-12-24 03:00:00,12385.0,12387.935
2017-12-24 04:00:00,12481.0,12429.321
2017-12-24 05:00:00,12710.0,12637.964
2017-12-24 06:00:00,13087.0,13219.074
2017-12-24 07:00:00,13673.0,13685.198
2017-12-24 08:00:00,14237.0,14120.1045
2017-12-24 09:00:00,14541.0,14410.849
2017-12-24 10:00:00,14497.0,14526.872
2017-12-24 11:00:00,14337.0,14321.027
2017-12-24 12:00:00,14213.0,14168.563
2017-12-24 13:00:00,14061.0,13962.1455
2017-12-24 14:00:00,13946.0,13878.418
2017-12-24 15:00:00,13891.0,13844.777
2017-12-24 16:00:00,14074.0,14070.192
2017-12-24 17:00:00,14615.0,14801.172
2017-12-24 18:00:00,14658.0,14871.562
2017-12-24 19:00:00,14457.0,14643.557
2017-12-24 20:00:00,14403.0,14415.695
2017-12-24 21:00:00,14331.0,14142.551
2017-12-24 22:00:00,14145.0,13852.297
2017-12-24 23:00:00,13892.0,13588.294
2017-12-25 00:00:00,13699.0,13587.227
2017-12-25 01:00:00,13613.0,13497.766
2017-12-25 02:00:00,13633.0,13671.15
2017-12-25 03:00:00,13806.0,13781.894
2017-12-25 04:00:00,14055.0,14274.737
2017-12-25 05:00:00,14387.0,14816.352
2017-12-25 06:00:00,14910.0,15216.907
2017-12-25 07:00:00,15521.0,15722.919
2017-12-25 08:00:00,15892.0,15884.286
2017-12-25 09:00:00,16041.0,16002.781
2017-12-25 10:00:00,15934.0,16094.611
2017-12-25 11:00:00,15643.0,15712.605
2017-12-25 12:00:00,15208.0,15406.067
2017-12-25 13:00:00,14833.0,14919.814
2017-12-25 14:00:00,14657.0,14504.475
2017-12-25 15:00:00,14690.0,14464.495
2017-12-25 16:00:00,14967.0,14992.759
2017-12-25 17:00:00,15847.0,15767.905
2017-12-25 18:00:00,16228.0,16205.717
2017-12-25 19:00:00,16305.0,16299.046
2017-12-25 20:00:00,16291.0,16262.212
2017-12-25 21:00:00,16187.0,16014.968
2017-12-25 22:00:00,15868.0,15668.658
2017-12-25 23:00:00,15456.0,15268.932
2017-12-26 00:00:00,15157.0,15120.141
2017-12-26 01:00:00,14880.0,14980.067
2017-12-26 02:00:00,14790.0,14880.621
2017-12-26 03:00:00,14833.0,14834.208
2017-12-26 04:00:00,15109.0,15018.311
2017-12-26 05:00:00,15598.0,15719.239
2017-12-26 06:00:00,16313.0,16577.348
2017-12-26 07:00:00,16992.0,17055.96
2017-12-26 08:00:00,17347.0,17095.463
2017-12-26 09:00:00,17706.0,17323.2
2017-12-26 10:00:00,17611.0,17745.15
2017-12-26 11:00:00,17324.0,17276.125
2017-12-26 12:00:00,17132.0,17002.203
2017-12-26 13:00:00,16818.0,16814.59
2017-12-26 14:00:00,16711.0,16544.277
2017-12-26 15:00:00,16568.0,16546.656
2017-12-26 16:00:00,16997.0,16806.268
2017-12-26 17:00:00,17870.0,17795.291
2017-12-26 18:00:00,18210.0,18242.172
2017-12-26 19:00:00,18194.0,18162.484
2017-12-26 20:00:00,18099.0,17968.05
2017-12-26 21:00:00,17721.0,17679.924
2017-12-26 22:00:00,17277.0,16926.465
2017-12-26 23:00:00,16735.0,16439.121
2017-12-27 00:00:00,16443.0,16276.15
2017-12-27 01:00:00,16299.0,16265.763
2017-12-27 02:00:00,16334.0,16243.978
2017-12-27 03:00:00,16497.0,16542.113
2017-12-27 04:00:00,16813.0,16945.049
2017-12-27 05:00:00,17507.0,17500.45
2017-12-27 06:00:00,18449.0,18594.904
2017-12-27 07:00:00,19213.0,19017.533
2017-12-27 08:00:00,19424.0,19020.455
2017-12-27 09:00:00,19305.0,19225.33
2017-12-27 10:00:00,19081.0,18921.031
2017-12-27 11:00:00,18763.0,18509.994
2017-12-27 12:00:00,18444.0,18417.617
2017-12-27 13:00:00,18156.0,18050.191
2017-12-27 14:00:00,17948.0,17795.57
2017-12-27 15:00:00,17868.0,17717.26
2017-12-27 16:00:00,18241.0,18051.23
2017-12-27 17:00:00,19342.0,18834.953
2017-12-27 18:00:00,19907.0,19645.04
2017-12-27 19:00:00,19960.0,19836.01
2017-12-27 20:00:00,19963.0,19730.615
2017-12-27 21:00:00,19743.0,19562.986
2017-12-27 22:00:00,19228.0,18870.934
2017-12-27 23:00:00,18796.0,18389.723
2017-12-28 00:00:00,18572.0,18347.475
2017-12-28 01:00:00,18457.0,18337.535
2017-12-28 02:00:00,18436.0,18461.46
2017-12-28 03:00:00,18615.0,18568.8
2017-12-28 04:00:00,18897.0,19031.037
2017-12-28 05:00:00,19394.0,19642.787
2017-12-28 06:00:00,20246.0,20187.709
2017-12-28 07:00:00,20677.0,20862.436
2017-12-28 08:00:00,20846.0,20502.621
2017-12-28 09:00:00,20683.0,20383.016
2017-12-28 10:00:00,20419.0,20199.824
2017-12-28 11:00:00,19891.0,19859.014
2017-12-28 12:00:00,19411.0,19434.27
2017-12-28 13:00:00,19048.0,18955.287
2017-12-28 14:00:00,18635.0,18647.756
2017-12-28 15:00:00,18318.0,18380.924
2017-12-28 16:00:00,18601.0,18431.227
2017-12-28 17:00:00,19453.0,19520.457
2017-12-28 18:00:00,19911.0,20281.398
2017-12-28 19:00:00,19991.0,20113.424
2017-12-28 20:00:00,19858.0,19996.227
2017-12-28 21:00:00,19459.0,19576.547
2017-12-28 22:00:00,18897.0,18524.254
2017-12-28 23:00:00,18204.0,17879.049
2017-12-29 00:00:00,17799.0,17611.508
2017-12-29 01:00:00,17511.0,17538.066
2017-12-29 02:00:00,17319.0,17435.314
2017-12-29 03:00:00,17280.0,17376.73
2017-12-29 04:00:00,17404.0,17346.387
2017-12-29 05:00:00,17730.0,17799.297
2017-12-29 06:00:00,18515.0,18475.4
2017-12-29 07:00:00,19167.0,19290.232
2017-12-29 08:00:00,19175.0,19321.902
2017-12-29 09:00:00,19128.0,18997.3
2017-12-29 10:00:00,18723.0,18686.021
2017-12-29 11:00:00,18395.0,18174.145
2017-12-29 12:00:00,17881.0,17862.508
2017-12-29 13:00:00,17516.0,17437.2
2017-12-29 14:00:00,17365.0,17141.252
2017-12-29 15:00:00,17346.0,17172.107
2017-12-29 16:00:00,17680.0,17778.475
2017-12-29 17:00:00,18425.0,18706.37
2017-12-29 18:00:00,18704.0,18947.531
2017-12-29 19:00:00,18619.0,18630.344
2017-12-29 20:00:00,18491.0,18463.633
2017-12-29 21:00:00,18209.0,18252.777
2017-12-29 22:00:00,17635.0,17442.121
2017-12-29 23:00:00,16839.0,16726.764
2017-12-30 00:00:00,16387.0,16223.383
2017-12-30 01:00:00,16128.0,15952.894
2017-12-30 02:00:00,15980.0,15965.479
2017-12-30 03:00:00,15814.0,15935.794
2017-12-30 04:00:00,15695.0,15754.472
2017-12-30 05:00:00,16004.0,15741.7
2017-12-30 06:00:00,16339.0,16365.698
2017-12-30 07:00:00,16786.0,16847.502
2017-12-30 08:00:00,17182.0,17083.588
2017-12-30 09:00:00,17579.0,17242.316
2017-12-30 10:00:00,17689.0,17582.805
2017-12-30 11:00:00,17735.0,17369.832
2017-12-30 12:00:00,17523.0,17410.066
2017-12-30 13:00:00,17379.0,17156.93
2017-12-30 14:00:00,17280.0,17068.572
2017-12-30 15:00:00,17338.0,17151.988
2017-12-30 16:00:00,17663.0,17740.06
2017-12-30 17:00:00,18461.0,18520.299
2017-12-30 18:00:00,18815.0,18677.336
2017-12-30 19:00:00,18807.0,18642.432
2017-12-30 20:00:00,18713.0,18567.096
2017-12-30 21:00:00,18478.0,18391.125
2017-12-30 22:00:00,18150.0,17744.666
2017-12-30 23:00:00,17761.0,17323.402
2017-12-31 00:00:00,17422.0,17292.043
2017-12-31 01:00:00,17219.0,17228.898
2017-12-31 02:00:00,17313.0,17189.309
2017-12-31 03:00:00,17396.0,17438.37
2017-12-31 04:00:00,17512.0,17620.611
2017-12-31 05:00:00,17779.0,17742.47
2017-12-31 06:00:00,18166.0,18220.707
2017-12-31 07:00:00,18646.0,18654.033
2017-12-31 08:00:00,18954.0,18926.14
2017-12-31 09:00:00,19254.0,18832.85
2017-12-31 10:00:00,19026.0,19207.535
2017-12-31 11:00:00,18750.0,18606.408
2017-12-31 12:00:00,18370.0,18374.172
2017-12-31 13:00:00,17984.0,17939.363
2017-12-31 14:00:00,17803.0,17568.54
2017-12-31 15:00:00,17915.0,17633.9
2017-12-31 16:00:00,18287.0,18516.945
2017-12-31 17:00:00,19263.0,19483.885
2017-12-31 18:00:00,19608.0,19710.322
2017-12-31 19:00:00,19442.0,19594.914
2017-12-31 20:00:00,19323.0,19144.85
2017-12-31 21:00:00,19092.0,18889.543
2017-12-31 22:00:00,18877.0,18547.86
2017-12-31 23:00:00,18687.0,18210.115
2018-01-01 00:00:00,18508.0,18307.04
2018-01-01 01:00:00,18600.0,18386.26
2018-01-01 02:00:00,18571.0,18863.863
2018-01-01 03:00:00,18686.0,18640.518
2018-01-01 04:00:00,18912.0,18870.625
2018-01-01 05:00:00,19214.0,19396.195
2018-01-01 06:00:00,19585.0,20018.576
2018-01-01 07:00:00,19886.0,20193.031
2018-01-01 08:00:00,19933.0,19828.63
2018-01-01 09:00:00,19847.0,19636.812
2018-01-01 10:00:00,19710.0,19610.564
2018-01-01 11:00:00,19453.0,19478.098
2018-01-01 12:00:00,19049.0,19124.96
2018-01-01 13:00:00,18737.0,18718.906
2018-01-01 14:00:00,18619.0,18492.312
2018-01-01 15:00:00,18691.0,18537.98
2018-01-01 16:00:00,19109.0,19220.309
2018-01-01 17:00:00,20279.0,20346.809
2018-01-01 18:00:00,20925.0,20988.465
2018-01-01 19:00:00,21089.0,20902.426
2018-01-01 20:00:00,20999.0,20987.674
2018-01-01 21:00:00,20820.0,20499.281
2018-01-01 22:00:00,20415.0,20129.52
2018-01-01 23:00:00,19993.0,19706.705
2018-01-02 00:00:00,19670.0,19536.492
2018-01-02 01:00:00,19658.0,19570.123
2018-01-02 02:00:00,19797.0,19663.584
2018-01-02 03:00:00,19973.0,20025.13
2018-01-02 04:00:00,20335.0,20434.865
2018-01-02 05:00:00,21038.0,20857.879
2018-01-02 06:00:00,22060.0,21808.004
2018-01-02 07:00:00,22685.0,22692.1
2018-01-02 08:00:00,22744.0,22566.562
2018-01-02 09:00:00,22368.0,22462.928
2018-01-02 10:00:00,21995.0,21923.64
2018-01-02 11:00:00,21288.0,21485.465
2018-01-02 12:00:00,20698.0,20953.955
2018-01-02 13:00:00,20123.0,20357.53
2018-01-02 14:00:00,19648.0,19753.47
2018-01-02 15:00:00,19317.0,19490.074
2018-01-02 16:00:00,19658.0,19564.438
2018-01-02 17:00:00,20913.0,20677.8
2018-01-02 18:00:00,21725.0,21904.602
2018-01-02 19:00:00,21971.0,21912.633
2018-01-02 20:00:00,21942.0,21914.834
2018-01-02 21:00:00,21695.0,21663.9
2018-01-02 22:00:00,21230.0,20921.852
2018-01-02 23:00:00,20799.0,20613.502
2018-01-03 00:00:00,20473.0,20329.309
2018-01-03 01:00:00,20475.0,20343.004
2018-01-03 02:00:00,20368.0,20384.12
2018-01-03 03:00:00,20575.0,20497.785
2018-01-03 04:00:00,20917.0,20877.758
2018-01-03 05:00:00,21531.0,21714.531
2018-01-03 06:00:00,22385.0,22728.041
2018-01-03 07:00:00,22759.0,23194.21
2018-01-03 08:00:00,22624.0,22808.557
2018-01-03 09:00:00,22252.0,22602.805
2018-01-03 10:00:00,21755.0,22001.947
2018-01-03 11:00:00,20943.0,21259.998
2018-01-03 12:00:00,20206.0,20548.4
2018-01-03 13:00:00,19652.0,19764.25
2018-01-03 14:00:00,19245.0,19302.875
2018-01-03 15:00:00,19107.0,19055.643
2018-01-03 16:00:00,19428.0,19431.846
2018-01-03 17:00:00,20176.0,20532.373
2018-01-03 18:00:00,20676.0,21124.33
2018-01-03 19:00:00,20593.0,20869.78
2018-01-03 20:00:00,20484.0,20388.54
2018-01-03 21:00:00,20013.0,20135.848
2018-01-03 22:00:00,19254.0,19290.777
2018-01-03 23:00:00,18723.0,18549.49
2018-01-04 00:00:00,18193.0,18227.107
2018-01-04 01:00:00,18007.0,17910.51
2018-01-04 02:00:00,17926.0,17920.365
2018-01-04 03:00:00,18082.0,18071.102
2018-01-04 04:00:00,18446.0,18564.18
2018-01-04 05:00:00,19220.0,19379.25
2018-01-04 06:00:00,20497.0,20437.695
2018-01-04 07:00:00,21308.0,21247.846
2018-01-04 08:00:00,21387.0,21134.451
2018-01-04 09:00:00,21371.0,21302.05
2018-01-04 10:00:00,21200.0,21193.035
2018-01-04 11:00:00,21027.0,20879.213
2018-01-04 12:00:00,20927.0,20770.416
2018-01-04 13:00:00,20750.0,20725.05
2018-01-04 14:00:00,20616.0,20559.553
2018-01-04 15:00:00,20679.0,20463.715
2018-01-04 16:00:00,21052.0,20888.959
2018-01-04 17:00:00,21985.0,21715.775
2018-01-04 18:00:00,22459.0,22540.29
2018-01-04 19:00:00,22391.0,22266.066
2018-01-04 20:00:00,22166.0,22043.318
2018-01-04 21:00:00,21800.0,21821.11
2018-01-04 22:00:00,21149.0,21044.197
2018-01-04 23:00:00,20513.0,20389.639
2018-01-05 00:00:00,20112.0,20088.557
2018-01-05 01:00:00,19774.0,19849.17
2018-01-05 02:00:00,19868.0,19698.092
2018-01-05 03:00:00,19884.0,20117.047
2018-01-05 04:00:00,20212.0,20386.436
2018-01-05 05:00:00,20824.0,20877.691
2018-01-05 06:00:00,21680.0,21969.049
2018-01-05 07:00:00,22406.0,22859.441
2018-01-05 08:00:00,22456.0,22467.82
2018-01-05 09:00:00,22345.0,22115.473
2018-01-05 10:00:00,22081.0,22056.98
2018-01-05 11:00:00,21631.0,21566.545
2018-01-05 12:00:00,21247.0,21321.166
2018-01-05 13:00:00,20950.0,20964.756
2018-01-05 14:00:00,20632.0,20607.564
2018-01-05 15:00:00,20537.0,20514.986
2018-01-05 16:00:00,20750.0,20680.379
2018-01-05 17:00:00,21580.0,21630.22
2018-01-05 18:00:00,21946.0,22593.598
2018-01-05 19:00:00,21943.0,21952.64
2018-01-05 20:00:00,21863.0,21694.988
2018-01-05 21:00:00,21554.0,21560.516
2018-01-05 22:00:00,21216.0,20775.418
2018-01-05 23:00:00,20708.0,20504.71
2018-01-06 00:00:00,20365.0,20198.48
2018-01-06 01:00:00,20339.0,20291.418
2018-01-06 02:00:00,20316.0,20251.838
2018-01-06 03:00:00,20502.0,20419.291
2018-01-06 04:00:00,20688.0,20885.418
2018-01-06 05:00:00,21100.0,21201.484
2018-01-06 06:00:00,21631.0,21602.291
2018-01-06 07:00:00,22085.0,22645.32
2018-01-06 08:00:00,22256.0,22093.635
2018-01-06 09:00:00,22070.0,22155.078
2018-01-06 10:00:00,21477.0,21527.85
2018-01-06 11:00:00,20830.0,20945.47
2018-01-06 12:00:00,20115.0,20286.955
2018-01-06 13:00:00,19618.0,19629.35
2018-01-06 14:00:00,19381.0,19177.266
2018-01-06 15:00:00,19328.0,19229.963
2018-01-06 16:00:00,19618.0,19498.389
2018-01-06 17:00:00,20639.0,20326.62
2018-01-06 18:00:00,21388.0,21373.045
2018-01-06 19:00:00,21510.0,21509.254
2018-01-06 20:00:00,21653.0,21397.77
2018-01-06 21:00:00,21523.0,21371.48
2018-01-06 22:00:00,21208.0,20672.426
2018-01-06 23:00:00,20786.0,20477.412
2018-01-07 00:00:00,20553.0,20430.137
2018-01-07 01:00:00,20405.0,20473.76
2018-01-07 02:00:00,20559.0,20408.223
2018-01-07 03:00:00,20648.0,20650.11
2018-01-07 04:00:00,20798.0,21103.703
2018-01-07 05:00:00,21026.0,21106.918
2018-01-07 06:00:00,21376.0,21451.703
2018-01-07 07:00:00,21737.0,22172.975
2018-01-07 08:00:00,21815.0,21729.148
2018-01-07 09:00:00,21328.0,21265.387
2018-01-07 10:00:00,20516.0,20696.252
2018-01-07 11:00:00,19674.0,19983.014
2018-01-07 12:00:00,19031.0,19147.594
2018-01-07 13:00:00,18367.0,18539.078
2018-01-07 14:00:00,17910.0,17878.414
2018-01-07 15:00:00,17778.0,17730.715
2018-01-07 16:00:00,18079.0,18120.303
2018-01-07 17:00:00,18879.0,19025.674
2018-01-07 18:00:00,19267.0,19722.336
2018-01-07 19:00:00,19279.0,19280.096
2018-01-07 20:00:00,18992.0,19162.99
2018-01-07 21:00:00,18531.0,18622.082
2018-01-07 22:00:00,17947.0,17932.34
2018-01-07 23:00:00,17387.0,17482.842
2018-01-08 00:00:00,17030.0,16892.943
2018-01-08 01:00:00,16910.0,16915.158
2018-01-08 02:00:00,16883.0,16912.809
2018-01-08 03:00:00,16974.0,17020.307
2018-01-08 04:00:00,17213.0,17415.121
2018-01-08 05:00:00,17719.0,17925.988
2018-01-08 06:00:00,18692.0,18862.986
2018-01-08 07:00:00,19261.0,19481.307
2018-01-08 08:00:00,19345.0,19329.543
2018-01-08 09:00:00,19311.0,19104.07
2018-01-08 10:00:00,19280.0,19066.48
2018-01-08 11:00:00,19089.0,18883.059
2018-01-08 12:00:00,18918.0,18714.777
2018-01-08 13:00:00,18727.0,18715.146
2018-01-08 14:00:00,18492.0,18480.451
2018-01-08 15:00:00,18319.0,18288.783
2018-01-08 16:00:00,18398.0,18413.873
2018-01-08 17:00:00,18852.0,19005.201
2018-01-08 18:00:00,19035.0,19416.4
2018-01-08 19:00:00,18733.0,18920.133
2018-01-08 20:00:00,18378.0,18439.256
2018-01-08 21:00:00,17807.0,17825.076
2018-01-08 22:00:00,17016.0,16995.95
2018-01-08 23:00:00,16248.0,16161.419
2018-01-09 00:00:00,15782.0,15718.456
2018-01-09 01:00:00,15512.0,15520.399
2018-01-09 02:00:00,15346.0,15501.366
2018-01-09 03:00:00,15327.0,15376.356
2018-01-09 04:00:00,15600.0,15595.109
2018-01-09 05:00:00,16346.0,16356.68
2018-01-09 06:00:00,17530.0,17702.094
2018-01-09 07:00:00,18240.0,18467.768
2018-01-09 08:00:00,18002.0,18413.906
2018-01-09 09:00:00,17703.0,17911.586
2018-01-09 10:00:00,17458.0,17513.46
2018-01-09 11:00:00,17132.0,17054.383
2018-01-09 12:00:00,16852.0,16835.875
2018-01-09 13:00:00,16498.0,16571.037
2018-01-09 14:00:00,16106.0,16266.947
2018-01-09 15:00:00,15813.0,15931.846
2018-01-09 16:00:00,15956.0,15827.167
2018-01-09 17:00:00,16731.0,16547.195
2018-01-09 18:00:00,17483.0,17526.63
2018-01-09 19:00:00,17490.0,17559.422
2018-01-09 20:00:00,17469.0,17315.166
2018-01-09 21:00:00,17112.0,17055.61
2018-01-09 22:00:00,16482.0,16418.555
2018-01-09 23:00:00,15838.0,15693.788
2018-01-10 00:00:00,15248.0,15404.733
2018-01-10 01:00:00,15032.0,15014.448
2018-01-10 02:00:00,14902.0,14878.349
2018-01-10 03:00:00,15017.0,14919.667
2018-01-10 04:00:00,15294.0,15290.551
2018-01-10 05:00:00,15955.0,16141.94
2018-01-10 06:00:00,17181.0,17094.535
2018-01-10 07:00:00,17816.0,17923.39
2018-01-10 08:00:00,17655.0,17916.164
2018-01-10 09:00:00,17391.0,17391.635
2018-01-10 10:00:00,17090.0,17148.568
2018-01-10 11:00:00,16609.0,16745.293
2018-01-10 12:00:00,16210.0,16323.55
2018-01-10 13:00:00,15864.0,15960.359
2018-01-10 14:00:00,15443.0,15592.595
2018-01-10 15:00:00,15184.0,15222.001
2018-01-10 16:00:00,15304.0,15185.286
2018-01-10 17:00:00,15947.0,15897.94
2018-01-10 18:00:00,16303.0,16610.793
2018-01-10 19:00:00,16402.0,16505.164
2018-01-10 20:00:00,16228.0,16486.371
2018-01-10 21:00:00,15763.0,15995.829
2018-01-10 22:00:00,14996.0,15065.322
2018-01-10 23:00:00,14328.0,14200.392
2018-01-11 00:00:00,13763.0,13879.748
2018-01-11 01:00:00,13422.0,13486.809
2018-01-11 02:00:00,13326.0,13294.866
2018-01-11 03:00:00,13399.0,13317.041
2018-01-11 04:00:00,13576.0,13639.625
2018-01-11 05:00:00,14202.0,14379.444
2018-01-11 06:00:00,15574.0,15477.222
2018-01-11 07:00:00,16123.0,16386.479
2018-01-11 08:00:00,15923.0,16140.759
2018-01-11 09:00:00,15701.0,15796.536
2018-01-11 10:00:00,15582.0,15593.147
2018-01-11 11:00:00,15360.0,15321.443
2018-01-11 12:00:00,15143.0,15166.841
2018-01-11 13:00:00,15121.0,14935.15
2018-01-11 14:00:00,14947.0,14983.663
2018-01-11 15:00:00,14800.0,14771.027
2018-01-11 16:00:00,14999.0,14896.15
2018-01-11 17:00:00,15349.0,15629.477
2018-01-11 18:00:00,15654.0,15755.02
2018-01-11 19:00:00,15563.0,15724.988
2018-01-11 20:00:00,15484.0,15469.617
2018-01-11 21:00:00,14958.0,15170.441
2018-01-11 22:00:00,14158.0,14314.752
2018-01-11 23:00:00,13414.0,13390.221
2018-01-12 00:00:00,12914.0,12785.639
2018-01-12 01:00:00,12506.0,12527.222
2018-01-12 02:00:00,12327.0,12453.599
2018-01-12 03:00:00,12262.0,12328.099
2018-01-12 04:00:00,12463.0,12430.815
2018-01-12 05:00:00,13207.0,13243.846
2018-01-12 06:00:00,14388.0,14706.066
2018-01-12 07:00:00,15192.0,15253.476
2018-01-12 08:00:00,15380.0,15422.562
2018-01-12 09:00:00,15442.0,15527.24
2018-01-12 10:00:00,15697.0,15588.188
2018-01-12 11:00:00,15789.0,15738.026
2018-01-12 12:00:00,15849.0,15848.29
2018-01-12 13:00:00,16012.0,15842.579
2018-01-12 14:00:00,16029.0,16041.985
2018-01-12 15:00:00,16009.0,16038.473
2018-01-12 16:00:00,16169.0,16215.605
2018-01-12 17:00:00,16810.0,16602.287
2018-01-12 18:00:00,17070.0,17170.342
2018-01-12 19:00:00,17038.0,17047.193
2018-01-12 20:00:00,16848.0,16942.479
2018-01-12 21:00:00,16645.0,16509.717
2018-01-12 22:00:00,16173.0,15997.863
2018-01-12 23:00:00,15887.0,15385.978
2018-01-13 00:00:00,15605.0,15519.983
2018-01-13 01:00:00,15583.0,15475.32
2018-01-13 02:00:00,15518.0,15611.509
2018-01-13 03:00:00,15559.0,15589.962
2018-01-13 04:00:00,15792.0,15692.265
2018-01-13 05:00:00,16243.0,16312.977
2018-01-13 06:00:00,16816.0,16805.246
2018-01-13 07:00:00,17412.0,17598.398
2018-01-13 08:00:00,17964.0,17738.494
2018-01-13 09:00:00,18407.0,18070.81
2018-01-13 10:00:00,18439.0,18414.555
2018-01-13 11:00:00,18314.0,18307.062
2018-01-13 12:00:00,18158.0,18075.59
2018-01-13 13:00:00,17998.0,17884.346
2018-01-13 14:00:00,17867.0,17744.682
2018-01-13 15:00:00,17889.0,17765.102
2018-01-13 16:00:00,18162.0,18108.871
2018-01-13 17:00:00,18989.0,18747.463
2018-01-13 18:00:00,19442.0,19445.639
2018-01-13 19:00:00,19295.0,19448.209
2018-01-13 20:00:00,19272.0,19041.209
2018-01-13 21:00:00,18912.0,18855.86
2018-01-13 22:00:00,18600.0,18383.502
2018-01-13 23:00:00,18066.0,18022.264
2018-01-14 00:00:00,17815.0,17621.29
2018-01-14 01:00:00,17602.0,17540.736
2018-01-14 02:00:00,17642.0,17608.58
2018-01-14 03:00:00,17769.0,17693.586
2018-01-14 04:00:00,18006.0,17895.695
2018-01-14 05:00:00,18354.0,18377.633
2018-01-14 06:00:00,18838.0,19042.535
2018-01-14 07:00:00,19455.0,19332.41
2018-01-14 08:00:00,19727.0,19571.271
2018-01-14 09:00:00,19442.0,19595.3
2018-01-14 10:00:00,18866.0,19001.521
2018-01-14 11:00:00,18224.0,18396.94
2018-01-14 12:00:00,17738.0,17854.393
2018-01-14 13:00:00,17290.0,17374.996
2018-01-14 14:00:00,16994.0,16897.033
2018-01-14 15:00:00,17069.0,16829.34
2018-01-14 16:00:00,17523.0,17427.834
2018-01-14 17:00:00,18600.0,18619.523
2018-01-14 18:00:00,19325.0,19271.066
2018-01-14 19:00:00,19400.0,19301.312
2018-01-14 20:00:00,19398.0,19323.125
2018-01-14 21:00:00,19303.0,19043.402
2018-01-14 22:00:00,18916.0,18721.148
2018-01-14 23:00:00,18556.0,18269.373
2018-01-15 00:00:00,18506.0,18207.576
2018-01-15 01:00:00,18573.0,18407.49
2018-01-15 02:00:00,18535.0,18806.14
2018-01-15 03:00:00,18779.0,18556.475
2018-01-15 04:00:00,19091.0,19080.21
2018-01-15 05:00:00,19746.0,19809.322
2018-01-15 06:00:00,20570.0,20717.963
2018-01-15 07:00:00,21186.0,21190.717
2018-01-15 08:00:00,21241.0,21038.373
2018-01-15 09:00:00,21023.0,20971.2
2018-01-15 10:00:00,20524.0,20780.99
2018-01-15 11:00:00,20007.0,20110.62
2018-01-15 12:00:00,19442.0,19580.844
2018-01-15 13:00:00,19029.0,19053.965
2018-01-15 14:00:00,18614.0,18555.26
2018-01-15 15:00:00,18284.0,18254.777
2018-01-15 16:00:00,18353.0,18378.842
2018-01-15 17:00:00,18961.0,19012.975
2018-01-15 18:00:00,19494.0,19956.818
2018-01-15 19:00:00,19536.0,19828.78
2018-01-15 20:00:00,19367.0,19513.139
2018-01-15 21:00:00,18858.0,19044.588
2018-01-15 22:00:00,18097.0,18033.496
2018-01-15 23:00:00,17367.0,17213.883
2018-01-16 00:00:00,17094.0,16788.541
2018-01-16 01:00:00,16889.0,16836.408
2018-01-16 02:00:00,16969.0,16794.307
2018-01-16 03:00:00,17154.0,17213.842
2018-01-16 04:00:00,17504.0,17704.89
2018-01-16 05:00:00,18345.0,18495.805
2018-01-16 06:00:00,19434.0,19676.992
2018-01-16 07:00:00,20259.0,20157.531
2018-01-16 08:00:00,20310.0,20092.277
2018-01-16 09:00:00,20125.0,20024.697
2018-01-16 10:00:00,19930.0,19764.043
2018-01-16 11:00:00,19604.0,19492.826
2018-01-16 12:00:00,19492.0,19276.422
2018-01-16 13:00:00,19282.0,19252.29
2018-01-16 14:00:00,19088.0,19051.27
2018-01-16 15:00:00,18996.0,18796.656
2018-01-16 16:00:00,19351.0,19212.15
2018-01-16 17:00:00,20101.0,20239.111
2018-01-16 18:00:00,20641.0,20608.396
2018-01-16 19:00:00,20681.0,20598.62
2018-01-16 20:00:00,20478.0,20391.043
2018-01-16 21:00:00,20036.0,20137.63
2018-01-16 22:00:00,19419.0,19312.56
2018-01-16 23:00:00,18756.0,18685.678
2018-01-17 00:00:00,18527.0,18371.107
2018-01-17 01:00:00,18326.0,18335.582
2018-01-17 02:00:00,18351.0,18314.637
2018-01-17 03:00:00,18479.0,18528.445
2018-01-17 04:00:00,18843.0,18903.004
2018-01-17 05:00:00,19532.0,19746.162
2018-01-17 06:00:00,20650.0,20921.322
2018-01-17 07:00:00,21468.0,21499.8
2018-01-17 08:00:00,21608.0,21425.92
2018-01-17 09:00:00,21580.0,21507.904
2018-01-17 10:00:00,21373.0,21471.566
2018-01-17 11:00:00,20999.0,21137.19
2018-01-17 12:00:00,20682.0,20698.398
2018-01-17 13:00:00,20463.0,20334.994
2018-01-17 14:00:00,20126.0,20129.008
2018-01-17 15:00:00,19916.0,19864.305
2018-01-17 16:00:00,20102.0,19988.025
2018-01-17 17:00:00,20913.0,20559.84
2018-01-17 18:00:00,21618.0,21570.389
2018-01-17 19:00:00,21697.0,21652.863
2018-01-17 20:00:00,21610.0,21472.9
2018-01-17 21:00:00,21268.0,21296.81
2018-01-17 22:00:00,20632.0,20589.055
2018-01-17 23:00:00,20226.0,19988.904
2018-01-18 00:00:00,19843.0,19654.492
2018-01-18 01:00:00,19769.0,19697.17
2018-01-18 02:00:00,19756.0,19843.096
2018-01-18 03:00:00,19833.0,20055.223
2018-01-18 04:00:00,20131.0,20281.309
2018-01-18 05:00:00,20914.0,20855.451
2018-01-18 06:00:00,21990.0,22048.486
2018-01-18 07:00:00,22567.0,22834.28
2018-01-18 08:00:00,22366.0,22812.555
2018-01-18 09:00:00,21698.0,22063.746
2018-01-18 10:00:00,20952.0,21392.361
2018-01-18 11:00:00,20165.0,20479.857
2018-01-18 12:00:00,19536.0,19617.727
2018-01-18 13:00:00,19035.0,19032.346
2018-01-18 14:00:00,18604.0,18687.197
2018-01-18 15:00:00,18181.0,18414.5
2018-01-18 16:00:00,18336.0,18361.629
2018-01-18 17:00:00,19190.0,18916.016
2018-01-18 18:00:00,19956.0,20053.416
2018-01-18 19:00:00,20087.0,20183.973
2018-01-18 20:00:00,19978.0,20140.014
2018-01-18 21:00:00,19539.0,19768.275
2018-01-18 22:00:00,18907.0,18872.078
2018-01-18 23:00:00,18370.0,18101.764
2018-01-19 00:00:00,17869.0,17811.482
2018-01-19 01:00:00,17824.0,17641.37
2018-01-19 02:00:00,17746.0,17908.512
2018-01-19 03:00:00,17877.0,17982.822
2018-01-19 04:00:00,18228.0,18209.91
2018-01-19 05:00:00,18926.0,19229.521
2018-01-19 06:00:00,20159.0,20216.332
2018-01-19 07:00:00,20925.0,20938.291
2018-01-19 08:00:00,20681.0,20811.42
2018-01-19 09:00:00,19812.0,20400.064
2018-01-19 10:00:00,19073.0,19387.125
2018-01-19 11:00:00,18308.0,18496.139
2018-01-19 12:00:00,17619.0,17726.162
2018-01-19 13:00:00,17147.0,17146.633
2018-01-19 14:00:00,16677.0,16728.088
2018-01-19 15:00:00,16302.0,16402.021
2018-01-19 16:00:00,16374.0,16378.087
2018-01-19 17:00:00,17050.0,17011.717
2018-01-19 18:00:00,17771.0,17933.428
2018-01-19 19:00:00,17806.0,17804.836
2018-01-19 20:00:00,17802.0,17736.252
2018-01-19 21:00:00,17570.0,17549.525
2018-01-19 22:00:00,17002.0,17002.229
2018-01-19 23:00:00,16416.0,16244.246
2018-01-20 00:00:00,15911.0,15782.216
2018-01-20 01:00:00,15610.0,15592.073
2018-01-20 02:00:00,15553.0,15469.467
2018-01-20 03:00:00,15407.0,15554.445
2018-01-20 04:00:00,15490.0,15540.137
2018-01-20 05:00:00,15676.0,15798.724
2018-01-20 06:00:00,16034.0,16189.042
2018-01-20 07:00:00,16321.0,16641.182
2018-01-20 08:00:00,16482.0,16715.145
2018-01-20 09:00:00,16292.0,16544.918
2018-01-20 10:00:00,15989.0,16000.706
2018-01-20 11:00:00,15371.0,15507.65
2018-01-20 12:00:00,14811.0,14866.034
2018-01-20 13:00:00,14399.0,14314.848
2018-01-20 14:00:00,14019.0,14055.329
2018-01-20 15:00:00,13785.0,13835.635
2018-01-20 16:00:00,13964.0,13912.684
2018-01-20 17:00:00,14699.0,14556.782
2018-01-20 18:00:00,15397.0,15435.394
2018-01-20 19:00:00,15276.0,15613.823
2018-01-20 20:00:00,15046.0,15292.738
2018-01-20 21:00:00,14737.0,14858.94
2018-01-20 22:00:00,14316.0,14364.096
2018-01-20 23:00:00,13809.0,13881.682
2018-01-21 00:00:00,13363.0,13453.814
2018-01-21 01:00:00,13258.0,13050.3125
2018-01-21 02:00:00,13129.0,13175.482
2018-01-21 03:00:00,13076.0,13112.284
2018-01-21 04:00:00,13111.0,13198.968
2018-01-21 05:00:00,13274.0,13263.516
2018-01-21 06:00:00,13574.0,13682.874
2018-01-21 07:00:00,14044.0,14149.13
2018-01-21 08:00:00,14456.0,14530.808
2018-01-21 09:00:00,14547.0,14635.69
2018-01-21 10:00:00,14381.0,14386.013
2018-01-21 11:00:00,14246.0,14208.302
2018-01-21 12:00:00,14062.0,14124.625
2018-01-21 13:00:00,13839.0,13903.72
2018-01-21 14:00:00,13705.0,13647.912
2018-01-21 15:00:00,13606.0,13586.247
2018-01-21 16:00:00,13799.0,13778.828
2018-01-21 17:00:00,14329.0,14474.295
2018-01-21 18:00:00,14925.0,14973.756
2018-01-21 19:00:00,14862.0,15083.725
2018-01-21 20:00:00,14646.0,14877.137
2018-01-21 21:00:00,14241.0,14361.923
2018-01-21 22:00:00,13616.0,13814.565
2018-01-21 23:00:00,13121.0,13056.483
2018-01-22 00:00:00,12765.0,12675.306
2018-01-22 01:00:00,12514.0,12504.897
2018-01-22 02:00:00,12526.0,12471.922
2018-01-22 03:00:00,12717.0,12562.251
2018-01-22 04:00:00,13021.0,13228.598
2018-01-22 05:00:00,13907.0,13971.357
2018-01-22 06:00:00,15148.0,15216.651
2018-01-22 07:00:00,16007.0,16135.458
2018-01-22 08:00:00,15929.0,16164.934
2018-01-22 09:00:00,15777.0,15884.956
2018-01-22 10:00:00,15655.0,15733.739
2018-01-22 11:00:00,15298.0,15497.82
2018-01-22 12:00:00,15095.0,15156.882
2018-01-22 13:00:00,14938.0,15004.902
2018-01-22 14:00:00,14770.0,14794.362
2018-01-22 15:00:00,14574.0,14731.742
2018-01-22 16:00:00,14735.0,14752.193
2018-01-22 17:00:00,15107.0,15219.688
2018-01-22 18:00:00,15512.0,15672.578
2018-01-22 19:00:00,15473.0,15778.035
2018-01-22 20:00:00,15173.0,15646.627
2018-01-22 21:00:00,14660.0,14898.185
2018-01-22 22:00:00,13812.0,13938.487
2018-01-22 23:00:00,13124.0,13109.674
2018-01-23 00:00:00,12622.0,12587.326
2018-01-23 01:00:00,12430.0,12335.787
2018-01-23 02:00:00,12276.0,12292.998
2018-01-23 03:00:00,12305.0,12330.766
2018-01-23 04:00:00,12628.0,12532.409
2018-01-23 05:00:00,13398.0,13467.759
2018-01-23 06:00:00,14841.0,14842.834
2018-01-23 07:00:00,15642.0,15746.218
2018-01-23 08:00:00,15738.0,15760.318
2018-01-23 09:00:00,15714.0,15822.442
2018-01-23 10:00:00,15834.0,15860.098
2018-01-23 11:00:00,15808.0,15808.918
2018-01-23 12:00:00,15771.0,15791.255
2018-01-23 13:00:00,15790.0,15701.825
2018-01-23 14:00:00,15660.0,15678.516
2018-01-23 15:00:00,15709.0,15524.745
2018-01-23 16:00:00,15885.0,15904.083
2018-01-23 17:00:00,16444.0,16401.393
2018-01-23 18:00:00,16900.0,16838.879
2018-01-23 19:00:00,16887.0,16979.541
2018-01-23 20:00:00,16684.0,16835.244
2018-01-23 21:00:00,16281.0,16354.213
2018-01-23 22:00:00,15582.0,15532.068
2018-01-23 23:00:00,14816.0,14757.639
2018-01-24 00:00:00,14489.0,14260.834
2018-01-24 01:00:00,14290.0,14200.195
2018-01-24 02:00:00,14207.0,14297.024
2018-01-24 03:00:00,14261.0,14375.998
2018-01-24 04:00:00,14602.0,14649.977
2018-01-24 05:00:00,15464.0,15438.035
2018-01-24 06:00:00,16733.0,17020.209
2018-01-24 07:00:00,17413.0,17631.432
2018-01-24 08:00:00,17412.0,17521.54
2018-01-24 09:00:00,17265.0,17286.553
2018-01-24 10:00:00,17345.0,17094.955
2018-01-24 11:00:00,17241.0,17158.535
2018-01-24 12:00:00,17166.0,17086.088
2018-01-24 13:00:00,17176.0,17024.332
2018-01-24 14:00:00,17000.0,17097.387
2018-01-24 15:00:00,16969.0,16887.809
2018-01-24 16:00:00,17164.0,17097.477
2018-01-24 17:00:00,17742.0,17642.547
2018-01-24 18:00:00,18258.0,18288.055
2018-01-24 19:00:00,18223.0,18462.186
2018-01-24 20:00:00,18079.0,18161.273
2018-01-24 21:00:00,17624.0,17701.996
2018-01-24 22:00:00,16850.0,16890.443
2018-01-24 23:00:00,16198.0,16019.09
2018-01-25 00:00:00,15750.0,15620.311
2018-01-25 01:00:00,15586.0,15440.403
2018-01-25 02:00:00,15417.0,15514.696
2018-01-25 03:00:00,15501.0,15492.832
2018-01-25 04:00:00,15791.0,15802.663
2018-01-25 05:00:00,16533.0,16657.678
2018-01-25 06:00:00,17814.0,17980.959
2018-01-25 07:00:00,18727.0,18757.148
2018-01-25 08:00:00,18541.0,18698.178
2018-01-25 09:00:00,18122.0,18381.057
2018-01-25 10:00:00,17706.0,17865.807
2018-01-25 11:00:00,17227.0,17318.783
2018-01-25 12:00:00,16833.0,16775.83
2018-01-25 13:00:00,16490.0,16465.43
2018-01-25 14:00:00,16075.0,16103.752
2018-01-25 15:00:00,15836.0,15677.087
2018-01-25 16:00:00,15685.0,15897.472
2018-01-25 17:00:00,16447.0,16008.78
2018-01-25 18:00:00,17461.0,17147.576
2018-01-25 19:00:00,17701.0,17700.29
2018-01-25 20:00:00,17722.0,17599.81
2018-01-25 21:00:00,17373.0,17264.557
2018-01-25 22:00:00,16824.0,16575.19
2018-01-25 23:00:00,16192.0,15983.563
2018-01-26 00:00:00,15983.0,15685.294
2018-01-26 01:00:00,15848.0,15690.824
2018-01-26 02:00:00,15810.0,15806.25
2018-01-26 03:00:00,15966.0,15945.222
2018-01-26 04:00:00,16263.0,16310.319
2018-01-26 05:00:00,17099.0,17042.291
2018-01-26 06:00:00,18394.0,18450.998
2018-01-26 07:00:00,19124.0,19002.844
2018-01-26 08:00:00,18748.0,19018.73
2018-01-26 09:00:00,18173.0,18402.656
2018-01-26 10:00:00,17366.0,17787.732
2018-01-26 11:00:00,16488.0,16833.426
2018-01-26 12:00:00,15818.0,16022.819
2018-01-26 13:00:00,15477.0,15410.166
2018-01-26 14:00:00,15059.0,15060.517
2018-01-26 15:00:00,14796.0,14824.101
2018-01-26 16:00:00,14708.0,14910.336
2018-01-26 17:00:00,15131.0,15141.122
2018-01-26 18:00:00,15458.0,15910.092
2018-01-26 19:00:00,15846.0,15831.523
2018-01-26 20:00:00,15834.0,16128.727
2018-01-26 21:00:00,15671.0,15708.176
2018-01-26 22:00:00,15103.0,15144.201
2018-01-26 23:00:00,14527.0,14349.942
2018-01-27 00:00:00,14093.0,13987.412
2018-01-27 01:00:00,13977.0,13775.304
2018-01-27 02:00:00,13960.0,13818.276
2018-01-27 03:00:00,13898.0,13925.582
2018-01-27 04:00:00,14065.0,13989.458
2018-01-27 05:00:00,14289.0,14284.436
2018-01-27 06:00:00,14680.0,14725.976
2018-01-27 07:00:00,15141.0,15230.081
2018-01-27 08:00:00,15411.0,15507.738
2018-01-27 09:00:00,15590.0,15556.003
2018-01-27 10:00:00,15325.0,15475.093
2018-01-27 11:00:00,15130.0,14881.003
2018-01-27 12:00:00,14876.0,14741.537
2018-01-27 13:00:00,14541.0,14593.065
2018-01-27 14:00:00,14274.0,14313.954
2018-01-27 15:00:00,14146.0,14070.86
2018-01-27 16:00:00,14175.0,14258.223
2018-01-27 17:00:00,14498.0,14540.932
2018-01-27 18:00:00,14864.0,15045.098
2018-01-27 19:00:00,14735.0,15126.8125
2018-01-27 20:00:00,14532.0,14817.881
2018-01-27 21:00:00,14148.0,14308.928
2018-01-27 22:00:00,13582.0,13634.769
2018-01-27 23:00:00,13085.0,12976.398
2018-01-28 00:00:00,12631.0,12672.983
2018-01-28 01:00:00,12457.0,12432.937
2018-01-28 02:00:00,12307.0,12438.162
2018-01-28 03:00:00,12297.0,12335.995
2018-01-28 04:00:00,12392.0,12345.571
2018-01-28 05:00:00,12626.0,12584.987
2018-01-28 06:00:00,12980.0,12958.301
2018-01-28 07:00:00,13508.0,13606.153
2018-01-28 08:00:00,14067.0,14116.63
2018-01-28 09:00:00,14275.0,14372.578
2018-01-28 10:00:00,14094.0,14251.3545
2018-01-28 11:00:00,13778.0,13927.39
2018-01-28 12:00:00,13713.0,13609.77
2018-01-28 13:00:00,13481.0,13593.411
2018-01-28 14:00:00,13316.0,13338.266
2018-01-28 15:00:00,13256.0,13165.179
2018-01-28 16:00:00,13469.0,13450.973
2018-01-28 17:00:00,13998.0,13969.364
2018-01-28 18:00:00,14968.0,14561.637
2018-01-28 19:00:00,15170.0,15125.076
2018-01-28 20:00:00,15152.0,15382.867
2018-01-28 21:00:00,14867.0,14798.576
2018-01-28 22:00:00,14351.0,14307.948
2018-01-28 23:00:00,13987.0,13833.81
2018-01-29 00:00:00,13758.0,13687.95
2018-01-29 01:00:00,13635.0,13641.01
2018-01-29 02:00:00,13606.0,13670.422
2018-01-29 03:00:00,13864.0,13659.757
2018-01-29 04:00:00,14156.0,14246.285
2018-01-29 05:00:00,15100.0,15049.03
2018-01-29 06:00:00,16553.0,16623.785
2018-01-29 07:00:00,17342.0,17616.121
2018-01-29 08:00:00,17312.0,17515.504
2018-01-29 09:00:00,17316.0,17193.541
2018-01-29 10:00:00,17150.0,17255.725
2018-01-29 11:00:00,16858.0,16858.738
2018-01-29 12:00:00,16614.0,16608.223
2018-01-29 13:00:00,16497.0,16450.182
2018-01-29 14:00:00,16360.0,16343.39
2018-01-29 15:00:00,16198.0,16379.072
2018-01-29 16:00:00,16419.0,16344.104
2018-01-29 17:00:00,17014.0,17041.107
2018-01-29 18:00:00,17733.0,17648.316
2018-01-29 19:00:00,17902.0,17837.166
2018-01-29 20:00:00,17801.0,17853.547
2018-01-29 21:00:00,17450.0,17426.39
2018-01-29 22:00:00,16876.0,16846.793
2018-01-29 23:00:00,16187.0,16185.353
2018-01-30 00:00:00,15996.0,15692.697
2018-01-30 01:00:00,15855.0,15743.998
2018-01-30 02:00:00,15752.0,15892.298
2018-01-30 03:00:00,15929.0,15820.6045
2018-01-30 04:00:00,16311.0,16358.407
2018-01-30 05:00:00,17162.0,17286.344
2018-01-30 06:00:00,18479.0,18537.775
2018-01-30 07:00:00,19404.0,19145.193
2018-01-30 08:00:00,19484.0,19345.824
2018-01-30 09:00:00,19381.0,19276.883
2018-01-30 10:00:00,19125.0,19153.982
2018-01-30 11:00:00,18692.0,18726.89
2018-01-30 12:00:00,18327.0,18358.988
2018-01-30 13:00:00,18131.0,17975.95
2018-01-30 14:00:00,17925.0,17878.682
2018-01-30 15:00:00,17772.0,17736.203
2018-01-30 16:00:00,17894.0,17975.762
2018-01-30 17:00:00,18529.0,18417.959
2018-01-30 18:00:00,19237.0,19190.102
2018-01-30 19:00:00,19421.0,19365.615
2018-01-30 20:00:00,19384.0,19379.889
2018-01-30 21:00:00,19086.0,18970.365
2018-01-30 22:00:00,18426.0,18357.854
2018-01-30 23:00:00,17873.0,17642.88
2018-01-31 00:00:00,17553.0,17412.244
2018-01-31 01:00:00,17371.0,17417.102
2018-01-31 02:00:00,17300.0,17415.496
2018-01-31 03:00:00,17234.0,17487.78
2018-01-31 04:00:00,17502.0,17381.617
2018-01-31 05:00:00,18260.0,18084.68
2018-01-31 06:00:00,19582.0,19812.58
2018-01-31 07:00:00,20261.0,20439.477
2018-01-31 08:00:00,19833.0,20124.898
2018-01-31 09:00:00,19382.0,19390.504
2018-01-31 10:00:00,18686.0,18958.521
2018-01-31 11:00:00,17945.0,18064.71
2018-01-31 12:00:00,17181.0,17443.924
2018-01-31 13:00:00,16827.0,16679.164
2018-01-31 14:00:00,16372.0,16455.715
2018-01-31 15:00:00,15982.0,16094.903
2018-01-31 16:00:00,15982.0,16054.802
2018-01-31 17:00:00,16447.0,16353.202
2018-01-31 18:00:00,17239.0,17265.355
2018-01-31 19:00:00,17315.0,17640.049
2018-01-31 20:00:00,17247.0,17536.379
2018-01-31 21:00:00,16800.0,17001.633
2018-01-31 22:00:00,16057.0,16069.746
2018-01-31 23:00:00,15317.0,15188.211
2018-02-01 00:00:00,14938.0,14770.581
2018-02-01 01:00:00,14678.0,14625.181
2018-02-01 02:00:00,14593.0,14562.035
2018-02-01 03:00:00,14633.0,14688.03
2018-02-01 04:00:00,14896.0,14953.615
2018-02-01 05:00:00,15564.0,15748.068
2018-02-01 06:00:00,16772.0,16826.719
2018-02-01 07:00:00,17297.0,17572.668
2018-02-01 08:00:00,17139.0,17320.217
2018-02-01 09:00:00,17002.0,16883.627
2018-02-01 10:00:00,16754.0,16759.184
2018-02-01 11:00:00,16554.0,16335.802
2018-02-01 12:00:00,16453.0,16280.291
2018-02-01 13:00:00,16465.0,16208.204
2018-02-01 14:00:00,16339.0,16271.589
2018-02-01 15:00:00,16337.0,16118.373
2018-02-01 16:00:00,16625.0,16356.4
2018-02-01 17:00:00,17089.0,17036.29
2018-02-01 18:00:00,17654.0,17584.342
2018-02-01 19:00:00,17753.0,17719.67
2018-02-01 20:00:00,17731.0,17583.566
2018-02-01 21:00:00,17484.0,17373.242
2018-02-01 22:00:00,16905.0,16730.035
2018-02-01 23:00:00,16252.0,16147.526
2018-02-02 00:00:00,16025.0,15725.418
2018-02-02 01:00:00,15876.0,15745.465
2018-02-02 02:00:00,15995.0,15876.761
2018-02-02 03:00:00,16212.0,16211.513
2018-02-02 04:00:00,16600.0,16705.66
2018-02-02 05:00:00,17567.0,17378.06
2018-02-02 06:00:00,18982.0,18985.12
2018-02-02 07:00:00,19931.0,19674.898
2018-02-02 08:00:00,19890.0,19857.797
2018-02-02 09:00:00,19766.0,19730.156
2018-02-02 10:00:00,19709.0,19603.531
2018-02-02 11:00:00,19541.0,19535.127
2018-02-02 12:00:00,19364.0,19345.984
2018-02-02 13:00:00,19071.0,19253.58
2018-02-02 14:00:00,18763.0,18765.148
2018-02-02 15:00:00,18515.0,18635.89
2018-02-02 16:00:00,18365.0,18614.621
2018-02-02 17:00:00,18929.0,18628.227
2018-02-02 18:00:00,19582.0,19662.781
2018-02-02 19:00:00,19811.0,19716.723
2018-02-02 20:00:00,19793.0,19725.055
2018-02-02 21:00:00,19741.0,19548.771
2018-02-02 22:00:00,19238.0,19188.242
2018-02-02 23:00:00,18776.0,18624.365
2018-02-03 00:00:00,18382.0,18380.523
2018-02-03 01:00:00,18271.0,18085.115
2018-02-03 02:00:00,18167.0,18341.127
2018-02-03 03:00:00,18126.0,18225.498
2018-02-03 04:00:00,18185.0,18159.377
2018-02-03 05:00:00,18399.0,18366.654
2018-02-03 06:00:00,18792.0,18760.848
2018-02-03 07:00:00,19323.0,19339.502
2018-02-03 08:00:00,19542.0,19654.598
2018-02-03 09:00:00,19220.0,19512.453
2018-02-03 10:00:00,18741.0,18851.494
2018-02-03 11:00:00,18184.0,18273.977
2018-02-03 12:00:00,17479.0,17683.996
2018-02-03 13:00:00,16965.0,16964.223
2018-02-03 14:00:00,16427.0,16494.43
2018-02-03 15:00:00,16308.0,16181.389
2018-02-03 16:00:00,16349.0,16412.312
2018-02-03 17:00:00,16789.0,16874.715
2018-02-03 18:00:00,17330.0,17710.191
2018-02-03 19:00:00,17325.0,17765.162
2018-02-03 20:00:00,17098.0,17521.92
2018-02-03 21:00:00,16633.0,16824.277
2018-02-03 22:00:00,15959.0,16151.163
2018-02-03 23:00:00,15362.0,15380.955
2018-02-04 00:00:00,14905.0,14809.581
2018-02-04 01:00:00,14550.0,14658.239
2018-02-04 02:00:00,14297.0,14443.19
2018-02-04 03:00:00,14186.0,14267.702
2018-02-04 04:00:00,14285.0,14291.393
2018-02-04 05:00:00,14681.0,14600.47
2018-02-04 06:00:00,15186.0,15239.788
2018-02-04 07:00:00,15735.0,15817.605
2018-02-04 08:00:00,16171.0,16261.951
2018-02-04 09:00:00,16468.0,16438.596
2018-02-04 10:00:00,16537.0,16492.305
2018-02-04 11:00:00,16626.0,16298.528
2018-02-04 12:00:00,16578.0,16507.785
2018-02-04 13:00:00,16462.0,16444.924
2018-02-04 14:00:00,16281.0,16286.056
2018-02-04 15:00:00,16195.0,16177.18
2018-02-04 16:00:00,16284.0,16355.595
2018-02-04 17:00:00,16738.0,16645.223
2018-02-04 18:00:00,16928.0,17298.81
2018-02-04 19:00:00,16744.0,17100.139
2018-02-04 20:00:00,16587.0,16624.941
2018-02-04 21:00:00,16436.0,16201.942
2018-02-04 22:00:00,16101.0,15953.656
2018-02-04 23:00:00,15870.0,15580.4
2018-02-05 00:00:00,15568.0,15593.3
2018-02-05 01:00:00,15498.0,15499.543
2018-02-05 02:00:00,15604.0,15508.874
2018-02-05 03:00:00,15825.0,15921.17
2018-02-05 04:00:00,16301.0,16430.572
2018-02-05 05:00:00,17307.0,17325.662
2018-02-05 06:00:00,18605.0,19007.5
2018-02-05 07:00:00,19501.0,19473.54
2018-02-05 08:00:00,19741.0,19677.316
2018-02-05 09:00:00,19421.0,19789.79
2018-02-05 10:00:00,19122.0,19323.877
2018-02-05 11:00:00,18649.0,18729.646
2018-02-05 12:00:00,18239.0,18357.766
2018-02-05 13:00:00,17724.0,17905.074
2018-02-05 14:00:00,17418.0,17372.312
2018-02-05 15:00:00,17314.0,17087.482
2018-02-05 16:00:00,17498.0,17456.352
2018-02-05 17:00:00,17893.0,18016.3
2018-02-05 18:00:00,18923.0,18563.871
2018-02-05 19:00:00,19127.0,19273.027
2018-02-05 20:00:00,19003.0,19123.648
2018-02-05 21:00:00,18617.0,18656.44
2018-02-05 22:00:00,17956.0,17856.064
2018-02-05 23:00:00,17338.0,17232.629
2018-02-06 00:00:00,16944.0,16833.43
2018-02-06 01:00:00,16798.0,16740.057
2018-02-06 02:00:00,16597.0,16753.79
2018-02-06 03:00:00,16633.0,16667.926
2018-02-06 04:00:00,16872.0,16887.557
2018-02-06 05:00:00,17609.0,17640.402
2018-02-06 06:00:00,18717.0,18886.457
2018-02-06 07:00:00,19116.0,19486.965
2018-02-06 08:00:00,18931.0,19036.572
2018-02-06 09:00:00,18640.0,18620.453
2018-02-06 10:00:00,18252.0,18350.984
2018-02-06 11:00:00,17865.0,17830.625
2018-02-06 12:00:00,17434.0,17461.65
2018-02-06 13:00:00,17197.0,17061.582
2018-02-06 14:00:00,16960.0,16886.523
2018-02-06 15:00:00,16890.0,16707.318
2018-02-06 16:00:00,16987.0,16999.537
2018-02-06 17:00:00,17433.0,17470.9
2018-02-06 18:00:00,18050.0,18328.854
2018-02-06 19:00:00,18048.0,18410.016
2018-02-06 20:00:00,17844.0,17926.254
2018-02-06 21:00:00,17426.0,17413.055
2018-02-06 22:00:00,16660.0,16603.604
2018-02-06 23:00:00,16089.0,15801.876
2018-02-07 00:00:00,15592.0,15564.383
2018-02-07 01:00:00,15431.0,15396.743
2018-02-07 02:00:00,15483.0,15351.149
2018-02-07 03:00:00,15597.0,15585.73
2018-02-07 04:00:00,15978.0,16072.722
2018-02-07 05:00:00,16642.0,16876.541
2018-02-07 06:00:00,17663.0,17853.316
2018-02-07 07:00:00,18370.0,18435.078
2018-02-07 08:00:00,18283.0,18409.213
2018-02-07 09:00:00,18324.0,18058.47
2018-02-07 10:00:00,18380.0,18053.07
2018-02-07 11:00:00,18247.0,18059.922
2018-02-07 12:00:00,18028.0,17989.686
2018-02-07 13:00:00,17947.0,17828.428
2018-02-07 14:00:00,17769.0,17715.414
2018-02-07 15:00:00,17604.0,17560.285
2018-02-07 16:00:00,17686.0,17772.766
2018-02-07 17:00:00,18077.0,18063.1
2018-02-07 18:00:00,18567.0,18744.059
2018-02-07 19:00:00,18646.0,18754.623
2018-02-07 20:00:00,18464.0,18546.004
2018-02-07 21:00:00,18002.0,18099.676
2018-02-07 22:00:00,17346.0,17313.812
2018-02-07 23:00:00,16845.0,16534.09
2018-02-08 00:00:00,16332.0,16386.885
2018-02-08 01:00:00,16159.0,16088.7
2018-02-08 02:00:00,16132.0,16125.517
2018-02-08 03:00:00,16271.0,16275.1045
2018-02-08 04:00:00,16610.0,16687.83
2018-02-08 05:00:00,17464.0,17533.896
2018-02-08 06:00:00,18768.0,18918.045
2018-02-08 07:00:00,19520.0,19613.566
2018-02-08 08:00:00,19463.0,19534.293
2018-02-08 09:00:00,19171.0,19157.287
2018-02-08 10:00:00,18774.0,18864.996
2018-02-08 11:00:00,18304.0,18411.77
2018-02-08 12:00:00,17876.0,17948.82
2018-02-08 13:00:00,17447.0,17501.682
2018-02-08 14:00:00,17041.0,17123.682
2018-02-08 15:00:00,16731.0,16744.219
2018-02-08 16:00:00,16798.0,16798.256
2018-02-08 17:00:00,17286.0,17188.459
2018-02-08 18:00:00,18297.0,18116.24
2018-02-08 19:00:00,18659.0,18624.773
2018-02-08 20:00:00,18640.0,18596.834
2018-02-08 21:00:00,18410.0,18226.195
2018-02-08 22:00:00,17765.0,17708.312
2018-02-08 23:00:00,17177.0,16972.855
2018-02-09 00:00:00,16757.0,16697.604
2018-02-09 01:00:00,16490.0,16492.332
2018-02-09 02:00:00,16490.0,16452.574
2018-02-09 03:00:00,16519.0,16638.686
2018-02-09 04:00:00,16881.0,16875.41
2018-02-09 05:00:00,17548.0,17729.389
2018-02-09 06:00:00,18758.0,18827.01
2018-02-09 07:00:00,19245.0,19462.693
2018-02-09 08:00:00,19057.0,19217.12
2018-02-09 09:00:00,18570.0,18688.31
2018-02-09 10:00:00,18091.0,18141.898
2018-02-09 11:00:00,17422.0,17552.572
2018-02-09 12:00:00,16797.0,16909.025
2018-02-09 13:00:00,16336.0,16404.959
2018-02-09 14:00:00,15824.0,15895.292
2018-02-09 15:00:00,15350.0,15476.217
2018-02-09 16:00:00,15350.0,15171.293
2018-02-09 17:00:00,15638.0,15644.356
2018-02-09 18:00:00,16267.0,16446.635
2018-02-09 19:00:00,16271.0,16658.73
2018-02-09 20:00:00,16145.0,16441.893
2018-02-09 21:00:00,15900.0,15966.447
2018-02-09 22:00:00,15350.0,15347.262
2018-02-09 23:00:00,14770.0,14716.422
2018-02-10 00:00:00,14190.0,14275.626
2018-02-10 01:00:00,13816.0,13963.584
2018-02-10 02:00:00,13728.0,13673.862
2018-02-10 03:00:00,13610.0,13680.689
2018-02-10 04:00:00,13807.0,13684.789
2018-02-10 05:00:00,14047.0,14018.594
2018-02-10 06:00:00,14501.0,14499.984
2018-02-10 07:00:00,15002.0,15040.472
2018-02-10 08:00:00,15354.0,15437.097
2018-02-10 09:00:00,15683.0,15609.25
2018-02-10 10:00:00,15780.0,15701.401
2018-02-10 11:00:00,15651.0,15581.8
2018-02-10 12:00:00,15429.0,15426.671
2018-02-10 13:00:00,15330.0,15140.376
2018-02-10 14:00:00,15115.0,15131.046
2018-02-10 15:00:00,15060.0,14943.698
2018-02-10 16:00:00,15123.0,15174.412
2018-02-10 17:00:00,15416.0,15493.394
2018-02-10 18:00:00,15696.0,16012.774
2018-02-10 19:00:00,15559.0,15784.971
2018-02-10 20:00:00,15401.0,15549.533
2018-02-10 21:00:00,14999.0,15167.062
2018-02-10 22:00:00,14433.0,14470.607
2018-02-10 23:00:00,13904.0,13831.005
2018-02-11 00:00:00,13379.0,13494.155
2018-02-11 01:00:00,13126.0,13079.087
2018-02-11 02:00:00,12967.0,13068.75
2018-02-11 03:00:00,12892.0,12896.568
2018-02-11 04:00:00,12902.0,12978.108
2018-02-11 05:00:00,13056.0,13091.365
2018-02-11 06:00:00,13376.0,13495.488
2018-02-11 07:00:00,13777.0,13956.154
2018-02-11 08:00:00,14165.0,14245.115
2018-02-11 09:00:00,14431.0,14642.485
2018-02-11 10:00:00,14499.0,14554.328
2018-02-11 11:00:00,14311.0,14368.133
2018-02-11 12:00:00,14286.0,14176.103
2018-02-11 13:00:00,14155.0,14098.967
2018-02-11 14:00:00,14005.0,14005.856
2018-02-11 15:00:00,14045.0,13892.811
2018-02-11 16:00:00,14219.0,14235.629
2018-02-11 17:00:00,14674.0,14618.583
2018-02-11 18:00:00,15288.0,15230.299
2018-02-11 19:00:00,15380.0,15594.557
2018-02-11 20:00:00,15244.0,15528.762
2018-02-11 21:00:00,14856.0,14875.151
2018-02-11 22:00:00,14311.0,14369.814
2018-02-11 23:00:00,13917.0,13842.977
2018-02-12 00:00:00,13632.0,13539.797
2018-02-12 01:00:00,13546.0,13470.674
2018-02-12 02:00:00,13530.0,13580.508
2018-02-12 03:00:00,13794.0,13615.106
2018-02-12 04:00:00,14194.0,14300.943
2018-02-12 05:00:00,15135.0,15059.886
2018-02-12 06:00:00,16554.0,16672.191
2018-02-12 07:00:00,17314.0,17580.535
2018-02-12 08:00:00,17270.0,17438.695
2018-02-12 09:00:00,17248.0,17095.377
2018-02-12 10:00:00,17105.0,17108.049
2018-02-12 11:00:00,16895.0,16851.781
2018-02-12 12:00:00,16764.0,16646.139
2018-02-12 13:00:00,16424.0,16545.627
2018-02-12 14:00:00,16171.0,16179.878
2018-02-12 15:00:00,15826.0,15898.46
2018-02-12 16:00:00,15874.0,15804.398
2018-02-12 17:00:00,16323.0,16171.815
2018-02-12 18:00:00,17305.0,17016.88
2018-02-12 19:00:00,17713.0,17673.54
2018-02-12 20:00:00,17692.0,17673.277
2018-02-12 21:00:00,17339.0,17219.227
2018-02-12 22:00:00,16529.0,16573.963
2018-02-12 23:00:00,15956.0,15712.239
2018-02-13 00:00:00,15603.0,15439.732
2018-02-13 01:00:00,15447.0,15386.414
2018-02-13 02:00:00,15293.0,15433.345
2018-02-13 03:00:00,15334.0,15419.165
2018-02-13 04:00:00,15582.0,15639.397
2018-02-13 05:00:00,16483.0,16275.964
2018-02-13 06:00:00,17855.0,17953.846
2018-02-13 07:00:00,18435.0,18660.111
2018-02-13 08:00:00,18218.0,18404.912
2018-02-13 09:00:00,17926.0,17958.105
2018-02-13 10:00:00,17625.0,17655.994
2018-02-13 11:00:00,17181.0,17244.537
2018-02-13 12:00:00,16678.0,16824.25
2018-02-13 13:00:00,16346.0,16355.222
2018-02-13 14:00:00,16109.0,16136.2
2018-02-13 15:00:00,15930.0,15806.894
2018-02-13 16:00:00,15948.0,15943.53
2018-02-13 17:00:00,16281.0,16272.98
2018-02-13 18:00:00,16997.0,17119.01
2018-02-13 19:00:00,17200.0,17409.72
2018-02-13 20:00:00,17051.0,17181.012
2018-02-13 21:00:00,16552.0,16659.412
2018-02-13 22:00:00,15925.0,15795.658
2018-02-13 23:00:00,15221.0,15077.424
2018-02-14 00:00:00,14707.0,14765.766
2018-02-14 01:00:00,14522.0,14457.703
2018-02-14 02:00:00,14276.0,14428.099
2018-02-14 03:00:00,14239.0,14335.889
2018-02-14 04:00:00,14448.0,14461.98
2018-02-14 05:00:00,15157.0,15174.489
2018-02-14 06:00:00,16415.0,16463.123
2018-02-14 07:00:00,16879.0,17231.69
2018-02-14 08:00:00,16701.0,16894.219
2018-02-14 09:00:00,16387.0,16399.736
2018-02-14 10:00:00,16214.0,16070.247
2018-02-14 11:00:00,16000.0,15842.336
2018-02-14 12:00:00,15735.0,15650.047
2018-02-14 13:00:00,15566.0,15518.761
2018-02-14 14:00:00,15255.0,15285.101
2018-02-14 15:00:00,15116.0,15007.054
2018-02-14 16:00:00,15152.0,15110.213
2018-02-14 17:00:00,15382.0,15413.94
2018-02-14 18:00:00,15787.0,16019.707
2018-02-14 19:00:00,15745.0,16226.718
2018-02-14 20:00:00,15578.0,15779.398
2018-02-14 21:00:00,15085.0,15305.091
2018-02-14 22:00:00,14251.0,14311.105
2018-02-14 23:00:00,13508.0,13581.069
2018-02-15 00:00:00,12895.0,12984.733
2018-02-15 01:00:00,12490.0,12572.355
2018-02-15 02:00:00,12307.0,12375.523
2018-02-15 03:00:00,12180.0,12296.048
2018-02-15 04:00:00,12438.0,12449.432
2018-02-15 05:00:00,12992.0,13100.258
2018-02-15 06:00:00,14146.0,14364.8
2018-02-15 07:00:00,14780.0,15076.608
2018-02-15 08:00:00,14771.0,15147.836
2018-02-15 09:00:00,14689.0,14841.01
2018-02-15 10:00:00,14740.0,14818.684
2018-02-15 11:00:00,14684.0,14700.302
2018-02-15 12:00:00,14626.0,14675.802
2018-02-15 13:00:00,14559.0,14576.806
2018-02-15 14:00:00,14399.0,14468.084
2018-02-15 15:00:00,14234.0,14238.82
2018-02-15 16:00:00,14262.0,14239.985
2018-02-15 17:00:00,14402.0,14454.795
2018-02-15 18:00:00,14919.0,14845.935
2018-02-15 19:00:00,14953.0,15122.523
2018-02-15 20:00:00,14647.0,14964.381
2018-02-15 21:00:00,14215.0,14334.32
2018-02-15 22:00:00,13436.0,13545.237
2018-02-15 23:00:00,12753.0,12780.362
2018-02-16 00:00:00,12266.0,12111.479
2018-02-16 01:00:00,11941.0,11994.0
2018-02-16 02:00:00,11777.0,11856.917
2018-02-16 03:00:00,11772.0,11851.105
2018-02-16 04:00:00,12071.0,12099.007
2018-02-16 05:00:00,12694.0,12870.829
2018-02-16 06:00:00,13862.0,14104.857
2018-02-16 07:00:00,14617.0,14577.368
2018-02-16 08:00:00,14820.0,14967.722
2018-02-16 09:00:00,15072.0,14938.569
2018-02-16 10:00:00,15247.0,15234.396
2018-02-16 11:00:00,15202.0,15243.783
2018-02-16 12:00:00,15282.0,15142.352
2018-02-16 13:00:00,15389.0,15315.004
2018-02-16 14:00:00,15263.0,15342.142
2018-02-16 15:00:00,15144.0,15090.774
2018-02-16 16:00:00,15196.0,15117.601
2018-02-16 17:00:00,15302.0,15321.1875
2018-02-16 18:00:00,15788.0,15600.813
2018-02-16 19:00:00,15796.0,15937.391
2018-02-16 20:00:00,15711.0,15846.109
2018-02-16 21:00:00,15425.0,15401.614
2018-02-16 22:00:00,15005.0,14734.614
2018-02-16 23:00:00,14307.0,14189.909
2018-02-17 00:00:00,13807.0,13787.339
2018-02-17 01:00:00,13559.0,13484.586
2018-02-17 02:00:00,13516.0,13416.287
2018-02-17 03:00:00,13562.0,13535.725
2018-02-17 04:00:00,13725.0,13726.899
2018-02-17 05:00:00,14081.0,14080.567
2018-02-17 06:00:00,14466.0,14706.422
2018-02-17 07:00:00,15087.0,14945.84
2018-02-17 08:00:00,15464.0,15498.209
2018-02-17 09:00:00,15827.0,15675.382
2018-02-17 10:00:00,16002.0,15844.461
2018-02-17 11:00:00,16066.0,16021.086
2018-02-17 12:00:00,16114.0,15957.482
2018-02-17 13:00:00,15940.0,15993.291
2018-02-17 14:00:00,15946.0,15697.356
2018-02-17 15:00:00,15900.0,15778.309
2018-02-17 16:00:00,15908.0,15993.844
2018-02-17 17:00:00,16216.0,16078.601
2018-02-17 18:00:00,16628.0,16597.174
2018-02-17 19:00:00,16511.0,16793.629
2018-02-17 20:00:00,16094.0,16512.31
2018-02-17 21:00:00,15676.0,15786.503
2018-02-17 22:00:00,14935.0,15160.414
2018-02-17 23:00:00,14346.0,14407.897
2018-02-18 00:00:00,13769.0,13922.331
2018-02-18 01:00:00,13370.0,13526.492
2018-02-18 02:00:00,13180.0,13264.366
2018-02-18 03:00:00,13151.0,13143.927
2018-02-18 04:00:00,13225.0,13188.028
2018-02-18 05:00:00,13506.0,13447.097
2018-02-18 06:00:00,13888.0,13947.413
2018-02-18 07:00:00,14396.0,14463.158
2018-02-18 08:00:00,14688.0,15006.453
2018-02-18 09:00:00,14718.0,15191.182
2018-02-18 10:00:00,14309.0,14930.879
2018-02-18 11:00:00,14011.0,14222.755
2018-02-18 12:00:00,13739.0,13916.116
2018-02-18 13:00:00,13438.0,13540.2
2018-02-18 14:00:00,13173.0,13300.888
2018-02-18 15:00:00,13041.0,13080.282
2018-02-18 16:00:00,13068.0,13244.023
2018-02-18 17:00:00,13609.0,13422.2295
2018-02-18 18:00:00,14495.0,14194.378
2018-02-18 19:00:00,14970.0,14845.913
2018-02-18 20:00:00,15006.0,15112.162
2018-02-18 21:00:00,14722.0,14651.571
2018-02-18 22:00:00,14343.0,14176.476
2018-02-18 23:00:00,13809.0,13822.94
2018-02-19 00:00:00,13501.0,13463.072
2018-02-19 01:00:00,13341.0,13205.016
2018-02-19 02:00:00,13229.0,13404.952
2018-02-19 03:00:00,13231.0,13357.447
2018-02-19 04:00:00,13464.0,13509.688
2018-02-19 05:00:00,14010.0,14348.622
2018-02-19 06:00:00,14906.0,15188.3955
2018-02-19 07:00:00,15552.0,15786.363
2018-02-19 08:00:00,15701.0,15906.972
2018-02-19 09:00:00,15765.0,15749.441
2018-02-19 10:00:00,15723.0,15878.298
2018-02-19 11:00:00,15466.0,15619.363
2018-02-19 12:00:00,15321.0,15342.062
2018-02-19 13:00:00,14846.0,15255.268
2018-02-19 14:00:00,14790.0,14661.314
2018-02-19 15:00:00,14504.0,14693.469
2018-02-19 16:00:00,14458.0,14615.71
2018-02-19 17:00:00,14508.0,14764.473
2018-02-19 18:00:00,14984.0,14963.8125
2018-02-19 19:00:00,15165.0,15384.688
2018-02-19 20:00:00,14814.0,15477.915
2018-02-19 21:00:00,14294.0,14424.517
2018-02-19 22:00:00,13527.0,13734.21
2018-02-19 23:00:00,12688.0,12928.347
2018-02-20 00:00:00,12135.0,12161.921
2018-02-20 01:00:00,11918.0,11877.566
2018-02-20 02:00:00,11688.0,11854.628
2018-02-20 03:00:00,11654.0,11794.114
2018-02-20 04:00:00,11894.0,11954.214
2018-02-20 05:00:00,12656.0,12626.404
2018-02-20 06:00:00,13847.0,14011.932
2018-02-20 07:00:00,14473.0,14687.337
2018-02-20 08:00:00,14433.0,14834.794
2018-02-20 09:00:00,14333.0,14569.589
2018-02-20 10:00:00,14361.0,14472.263
2018-02-20 11:00:00,14216.0,14356.325
2018-02-20 12:00:00,14200.0,14143.053
2018-02-20 13:00:00,14193.0,14152.794
2018-02-20 14:00:00,14087.0,14125.1
2018-02-20 15:00:00,13800.0,13999.594
2018-02-20 16:00:00,13803.0,13788.296
2018-02-20 17:00:00,13844.0,13906.273
2018-02-20 18:00:00,14376.0,14074.986
2018-02-20 19:00:00,14503.0,14644.601
2018-02-20 20:00:00,14389.0,14800.462
2018-02-20 21:00:00,13819.0,14075.621
2018-02-20 22:00:00,13050.0,13162.74
2018-02-20 23:00:00,12303.0,12294.06
2018-02-21 00:00:00,11715.0,11752.022
2018-02-21 01:00:00,11444.0,11447.6
2018-02-21 02:00:00,11274.0,11341.054
2018-02-21 03:00:00,11302.0,11300.227
2018-02-21 04:00:00,11355.0,11549.939
2018-02-21 05:00:00,12184.0,12090.877
2018-02-21 06:00:00,13393.0,13549.048
2018-02-21 07:00:00,13945.0,14132.897
2018-02-21 08:00:00,14007.0,14208.879
2018-02-21 09:00:00,14171.0,14228.872
2018-02-21 10:00:00,14256.0,14417.039
2018-02-21 11:00:00,14229.0,14283.495
2018-02-21 12:00:00,14265.0,14224.814
2018-02-21 13:00:00,14314.0,14255.168
2018-02-21 14:00:00,14207.0,14260.566
2018-02-21 15:00:00,14114.0,14165.94
2018-02-21 16:00:00,14198.0,14138.702
2018-02-21 17:00:00,14549.0,14376.586
2018-02-21 18:00:00,15041.0,14882.463
2018-02-21 19:00:00,15220.0,15427.488
2018-02-21 20:00:00,15061.0,15499.441
2018-02-21 21:00:00,14668.0,14721.244
2018-02-21 22:00:00,14044.0,13933.643
2018-02-21 23:00:00,13119.0,13187.547
2018-02-22 00:00:00,12661.0,12524.238
2018-02-22 01:00:00,12462.0,12241.763
2018-02-22 02:00:00,12391.0,12389.747
2018-02-22 03:00:00,12505.0,12484.423
2018-02-22 04:00:00,12772.0,12826.634
2018-02-22 05:00:00,13575.0,13690.34
2018-02-22 06:00:00,14786.0,15065.962
2018-02-22 07:00:00,15519.0,15732.871
2018-02-22 08:00:00,15310.0,15604.235
2018-02-22 09:00:00,15383.0,15335.212
2018-02-22 10:00:00,15371.0,15387.5205
2018-02-22 11:00:00,15210.0,15305.785
2018-02-22 12:00:00,15176.0,15123.39
2018-02-22 13:00:00,15015.0,15149.272
2018-02-22 14:00:00,14919.0,14824.122
2018-02-22 15:00:00,14696.0,14784.428
2018-02-22 16:00:00,14714.0,14740.335
2018-02-22 17:00:00,14776.0,14883.779
2018-02-22 18:00:00,15268.0,15042.028
2018-02-22 19:00:00,15453.0,15577.914
2018-02-22 20:00:00,15155.0,15752.849
2018-02-22 21:00:00,14784.0,14841.946
2018-02-22 22:00:00,14067.0,13989.557
2018-02-22 23:00:00,13223.0,13232.709
2018-02-23 00:00:00,12714.0,12721.903
2018-02-23 01:00:00,12391.0,12404.348
2018-02-23 02:00:00,12182.0,12293.359
2018-02-23 03:00:00,11967.0,12269.754
2018-02-23 04:00:00,12260.0,12186.401
2018-02-23 05:00:00,12911.0,12928.377
2018-02-23 06:00:00,14112.0,14289.455
2018-02-23 07:00:00,14720.0,14923.768
2018-02-23 08:00:00,14716.0,14875.036
2018-02-23 09:00:00,14764.0,14763.923
2018-02-23 10:00:00,14760.0,14822.118
2018-02-23 11:00:00,14476.0,14678.892
2018-02-23 12:00:00,14334.0,14327.97
2018-02-23 13:00:00,14105.0,14180.774
2018-02-23 14:00:00,13965.0,13875.19
2018-02-23 15:00:00,13731.0,13777.033
2018-02-23 16:00:00,13597.0,13666.954
2018-02-23 17:00:00,13530.0,13682.422
2018-02-23 18:00:00,13906.0,13717.098
2018-02-23 19:00:00,13901.0,14176.314
2018-02-23 20:00:00,13656.0,14257.426
2018-02-23 21:00:00,13302.0,13598.804
2018-02-23 22:00:00,12673.0,12760.615
2018-02-23 23:00:00,12008.0,12126.664
2018-02-24 00:00:00,11436.0,11461.622
2018-02-24 01:00:00,11182.0,11060.971
2018-02-24 02:00:00,11038.0,11011.83
2018-02-24 03:00:00,11090.0,11022.143
2018-02-24 04:00:00,11228.0,11177.204
2018-02-24 05:00:00,11542.0,11603.3
2018-02-24 06:00:00,12043.0,11997.546
2018-02-24 07:00:00,12633.0,12475.565
2018-02-24 08:00:00,13104.0,13075.525
2018-02-24 09:00:00,13495.0,13349.259
2018-02-24 10:00:00,13666.0,13604.1455
2018-02-24 11:00:00,13728.0,13567.583
2018-02-24 12:00:00,13551.0,13589.386
2018-02-24 13:00:00,13338.0,13355.772
2018-02-24 14:00:00,13001.0,13104.962
2018-02-24 15:00:00,12973.0,12837.507
2018-02-24 16:00:00,12938.0,12902.426
2018-02-24 17:00:00,13184.0,12935.204
2018-02-24 18:00:00,13673.0,13340.42
2018-02-24 19:00:00,13720.0,13826.763
2018-02-24 20:00:00,13520.0,13902.847
2018-02-24 21:00:00,13182.0,13386.068
2018-02-24 22:00:00,12578.0,12656.914
2018-02-24 23:00:00,12056.0,11896.251
2018-02-25 00:00:00,11460.0,11480.886
2018-02-25 01:00:00,11142.0,11007.793
2018-02-25 02:00:00,10925.0,10937.706
2018-02-25 03:00:00,10825.0,10766.274
2018-02-25 04:00:00,10802.0,10914.296
2018-02-25 05:00:00,10945.0,11100.411
2018-02-25 06:00:00,11281.0,11264.512
2018-02-25 07:00:00,11642.0,11742.583
2018-02-25 08:00:00,12168.0,12309.005
2018-02-25 09:00:00,12550.0,12618.4795
2018-02-25 10:00:00,12747.0,12698.669
2018-02-25 11:00:00,12737.0,12800.534
2018-02-25 12:00:00,12733.0,12735.926
2018-02-25 13:00:00,12661.0,12681.387
2018-02-25 14:00:00,12547.0,12504.437
2018-02-25 15:00:00,12510.0,12505.033
2018-02-25 16:00:00,12710.0,12566.681
2018-02-25 17:00:00,13041.0,12904.179
2018-02-25 18:00:00,13702.0,13331.693
2018-02-25 19:00:00,14124.0,13899.822
2018-02-25 20:00:00,13993.0,14392.332
2018-02-25 21:00:00,13611.0,13734.43
2018-02-25 22:00:00,13053.0,12991.295
2018-02-25 23:00:00,12472.0,12338.79
2018-02-26 00:00:00,12153.0,11919.954
2018-02-26 01:00:00,12133.0,11830.614
2018-02-26 02:00:00,12127.0,12031.27
2018-02-26 03:00:00,12207.0,12296.686
2018-02-26 04:00:00,12604.0,12521.108
2018-02-26 05:00:00,13466.0,13538.546
2018-02-26 06:00:00,14782.0,14904.5205
2018-02-26 07:00:00,15494.0,15713.303
2018-02-26 08:00:00,15444.0,15621.1
2018-02-26 09:00:00,15348.0,15482.6
2018-02-26 10:00:00,15217.0,15326.895
2018-02-26 11:00:00,14979.0,15056.839
2018-02-26 12:00:00,14806.0,14852.167
2018-02-26 13:00:00,14548.0,14686.189
2018-02-26 14:00:00,14345.0,14347.817
2018-02-26 15:00:00,14032.0,14210.617
2018-02-26 16:00:00,13896.0,14041.546
2018-02-26 17:00:00,14088.0,14005.524
2018-02-26 18:00:00,14919.0,14389.575
2018-02-26 19:00:00,15536.0,15241.155
2018-02-26 20:00:00,15610.0,15908.208
2018-02-26 21:00:00,15303.0,15222.028
2018-02-26 22:00:00,14787.0,14502.194
2018-02-26 23:00:00,14278.0,13984.045
2018-02-27 00:00:00,14020.0,13904.9375
2018-02-27 01:00:00,13919.0,13861.32
2018-02-27 02:00:00,13961.0,13902.179
2018-02-27 03:00:00,13958.0,14051.429
2018-02-27 04:00:00,14510.0,14302.816
2018-02-27 05:00:00,15394.0,15239.895
2018-02-27 06:00:00,16735.0,16802.889
2018-02-27 07:00:00,17287.0,17540.979
2018-02-27 08:00:00,16829.0,17204.398
2018-02-27 09:00:00,16074.0,16490.883
2018-02-27 10:00:00,15463.0,15756.668
2018-02-27 11:00:00,14990.0,15058.937
2018-02-27 12:00:00,14647.0,14717.577
2018-02-27 13:00:00,14359.0,14370.618
2018-02-27 14:00:00,14008.0,14155.83
2018-02-27 15:00:00,13691.0,13802.759
2018-02-27 16:00:00,13565.0,13722.743
2018-02-27 17:00:00,13735.0,13759.245
2018-02-27 18:00:00,14444.0,14132.913
2018-02-27 19:00:00,14996.0,15033.213
2018-02-27 20:00:00,14922.0,15556.776
2018-02-27 21:00:00,14663.0,14747.328
2018-02-27 22:00:00,14027.0,14058.601
2018-02-27 23:00:00,13421.0,13222.413
2018-02-28 00:00:00,12993.0,12934.438
2018-02-28 01:00:00,12732.0,12664.291
2018-02-28 02:00:00,12578.0,12708.334
2018-02-28 03:00:00,12600.0,12624.322
2018-02-28 04:00:00,12849.0,12941.825
2018-02-28 05:00:00,13561.0,13689.179
2018-02-28 06:00:00,14805.0,14975.159
2018-02-28 07:00:00,15306.0,15595.126
2018-02-28 08:00:00,15202.0,15221.457
2018-02-28 09:00:00,15016.0,14965.248
2018-02-28 10:00:00,14975.0,14844.7
2018-02-28 11:00:00,14751.0,14821.452
2018-02-28 12:00:00,14584.0,14584.31
2018-02-28 13:00:00,14382.0,14446.19
2018-02-28 14:00:00,14183.0,14167.624
2018-02-28 15:00:00,13977.0,14044.375
2018-02-28 16:00:00,13974.0,13980.897
2018-02-28 17:00:00,14191.0,14138.618
2018-02-28 18:00:00,14789.0,14560.26
2018-02-28 19:00:00,14917.0,15069.867
2018-02-28 20:00:00,14712.0,15250.281
2018-02-28 21:00:00,14241.0,14440.886
2018-02-28 22:00:00,13542.0,13667.633
2018-02-28 23:00:00,12823.0,12828.807
2018-03-01 00:00:00,12326.0,12233.458
2018-03-01 01:00:00,12105.0,12083.994
2018-03-01 02:00:00,11961.0,12043.713
2018-03-01 03:00:00,12044.0,12064.286
2018-03-01 04:00:00,12397.0,12331.346
2018-03-01 05:00:00,13094.0,13244.32
2018-03-01 06:00:00,14315.0,14504.709
2018-03-01 07:00:00,15071.0,14945.08
2018-03-01 08:00:00,15136.0,15115.296
2018-03-01 09:00:00,15184.0,15066.423
2018-03-01 10:00:00,15304.0,15187.807
2018-03-01 11:00:00,15245.0,15303.306
2018-03-01 12:00:00,15155.0,15174.469
2018-03-01 13:00:00,15101.0,15056.448
2018-03-01 14:00:00,14982.0,14926.37
2018-03-01 15:00:00,14778.0,14756.908
2018-03-01 16:00:00,14849.0,14718.575
2018-03-01 17:00:00,15050.0,14887.411
2018-03-01 18:00:00,15566.0,15198.753
2018-03-01 19:00:00,15754.0,15779.934
2018-03-01 20:00:00,15648.0,15929.514
2018-03-01 21:00:00,15414.0,15379.78
2018-03-01 22:00:00,14730.0,14610.327
2018-03-01 23:00:00,14196.0,13828.986
2018-03-02 00:00:00,13844.0,13659.539
2018-03-02 01:00:00,13661.0,13666.334
2018-03-02 02:00:00,13629.0,13616.267
2018-03-02 03:00:00,13713.0,13713.325
2018-03-02 04:00:00,13993.0,14005.122
2018-03-02 05:00:00,14878.0,14810.341
2018-03-02 06:00:00,16099.0,16335.996
2018-03-02 07:00:00,16889.0,16891.9
2018-03-02 08:00:00,16840.0,16863.629
2018-03-02 09:00:00,16743.0,16639.25
2018-03-02 10:00:00,16637.0,16449.828
2018-03-02 11:00:00,16233.0,16331.966
2018-03-02 12:00:00,15868.0,15989.818
2018-03-02 13:00:00,15518.0,15611.516
2018-03-02 14:00:00,15228.0,15203.866
2018-03-02 15:00:00,14820.0,14938.771
2018-03-02 16:00:00,14710.0,14680.129
2018-03-02 17:00:00,14941.0,14625.582
2018-03-02 18:00:00,15639.0,15168.613
2018-03-02 19:00:00,15994.0,16024.501
2018-03-02 20:00:00,16034.0,16247.193
2018-03-02 21:00:00,15827.0,15844.008
2018-03-02 22:00:00,15357.0,15238.696
2018-03-02 23:00:00,14781.0,14791.332
2018-03-03 00:00:00,14425.0,14381.72
2018-03-03 01:00:00,14296.0,14172.156
2018-03-03 02:00:00,14303.0,14233.534
2018-03-03 03:00:00,14350.0,14417.257
2018-03-03 04:00:00,14529.0,14555.195
2018-03-03 05:00:00,14916.0,14982.978
2018-03-03 06:00:00,15439.0,15389.343
2018-03-03 07:00:00,15673.0,15849.734
2018-03-03 08:00:00,15705.0,15809.737
2018-03-03 09:00:00,15416.0,15513.036
2018-03-03 10:00:00,15124.0,15034.029
2018-03-03 11:00:00,14691.0,14692.308
2018-03-03 12:00:00,14261.0,14288.91
2018-03-03 13:00:00,13948.0,13903.711
2018-03-03 14:00:00,13529.0,13641.79
2018-03-03 15:00:00,13325.0,13382.699
2018-03-03 16:00:00,13327.0,13343.941
2018-03-03 17:00:00,13539.0,13451.482
2018-03-03 18:00:00,14312.0,13852.202
2018-03-03 19:00:00,14984.0,14804.8
2018-03-03 20:00:00,15098.0,15418.044
2018-03-03 21:00:00,14912.0,14926.501
2018-03-03 22:00:00,14593.0,14353.835
2018-03-03 23:00:00,14274.0,14072.91
2018-03-04 00:00:00,13934.0,13882.293
2018-03-04 01:00:00,13772.0,13737.026
2018-03-04 02:00:00,13814.0,13734.485
2018-03-04 03:00:00,13889.0,13902.099
2018-03-04 04:00:00,14081.0,14059.882
2018-03-04 05:00:00,14385.0,14410.406
2018-03-04 06:00:00,14806.0,14830.56
2018-03-04 07:00:00,15141.0,15163.663
2018-03-04 08:00:00,15284.0,15178.718
2018-03-04 09:00:00,14998.0,15200.878
2018-03-04 10:00:00,14419.0,14650.588
2018-03-04 11:00:00,13978.0,14050.344
2018-03-04 12:00:00,13686.0,13683.213
2018-03-04 13:00:00,13294.0,13399.896
2018-03-04 14:00:00,13040.0,13023.627
2018-03-04 15:00:00,12875.0,12921.97
2018-03-04 16:00:00,13001.0,12980.188
2018-03-04 17:00:00,13341.0,13357.642
2018-03-04 18:00:00,14271.0,13739.999
2018-03-04 19:00:00,15036.0,14836.031
2018-03-04 20:00:00,15245.0,15497.901
2018-03-04 21:00:00,15032.0,14960.563
2018-03-04 22:00:00,14558.0,14486.75
2018-03-04 23:00:00,14292.0,14004.431
2018-03-05 00:00:00,14086.0,13936.781
2018-03-05 01:00:00,14043.0,13950.201
2018-03-05 02:00:00,14152.0,14118.008
2018-03-05 03:00:00,14396.0,14331.939
2018-03-05 04:00:00,14827.0,14848.579
2018-03-05 05:00:00,15799.0,15712.207
2018-03-05 06:00:00,17143.0,17192.076
2018-03-05 07:00:00,17604.0,17762.312
2018-03-05 08:00:00,17394.0,17504.098
2018-03-05 09:00:00,16834.0,17059.467
2018-03-05 10:00:00,16417.0,16529.295
2018-03-05 11:00:00,16065.0,16026.339
2018-03-05 12:00:00,15722.0,15823.994
2018-03-05 13:00:00,15411.0,15563.222
2018-03-05 14:00:00,15105.0,15155.576
2018-03-05 15:00:00,14754.0,14894.892
2018-03-05 16:00:00,14770.0,14717.594
2018-03-05 17:00:00,15105.0,14946.493
2018-03-05 18:00:00,15827.0,15585.786
2018-03-05 19:00:00,16305.0,16344.424
2018-03-05 20:00:00,16249.0,16621.58
2018-03-05 21:00:00,15835.0,15911.437
2018-03-05 22:00:00,15136.0,15151.101
2018-03-05 23:00:00,14440.0,14395.971
2018-03-06 00:00:00,14020.0,13965.249
2018-03-06 01:00:00,13703.0,13768.123
2018-03-06 02:00:00,13725.0,13664.937
2018-03-06 03:00:00,13694.0,13831.143
2018-03-06 04:00:00,13856.0,13996.466
2018-03-06 05:00:00,14592.0,14514.631
2018-03-06 06:00:00,15855.0,15968.879
2018-03-06 07:00:00,16239.0,16613.707
2018-03-06 08:00:00,16193.0,16159.696
2018-03-06 09:00:00,15994.0,15867.29
2018-03-06 10:00:00,15788.0,15701.448
2018-03-06 11:00:00,15541.0,15471.183
2018-03-06 12:00:00,15251.0,15273.133
2018-03-06 13:00:00,15110.0,15000.241
2018-03-06 14:00:00,14821.0,14833.367
2018-03-06 15:00:00,14633.0,14590.273
2018-03-06 16:00:00,14626.0,14596.935
2018-03-06 17:00:00,14841.0,14794.198
2018-03-06 18:00:00,15413.0,15225.719
2018-03-06 19:00:00,15854.0,15854.017
2018-03-06 20:00:00,15867.0,16075.817
2018-03-06 21:00:00,15440.0,15591.926
2018-03-06 22:00:00,14844.0,14638.371
2018-03-06 23:00:00,14199.0,14034.775
2018-03-07 00:00:00,13826.0,13689.627
2018-03-07 01:00:00,13585.0,13658.028
2018-03-07 02:00:00,13626.0,13540.461
2018-03-07 03:00:00,13748.0,13706.636
2018-03-07 04:00:00,14034.0,14099.015
2018-03-07 05:00:00,14892.0,14933.14
2018-03-07 06:00:00,16321.0,16431.465
2018-03-07 07:00:00,16949.0,17051.56
2018-03-07 08:00:00,17061.0,16905.639
2018-03-07 09:00:00,17091.0,16947.572
2018-03-07 10:00:00,16947.0,16953.469
2018-03-07 11:00:00,16894.0,16628.682
2018-03-07 12:00:00,16797.0,16689.861
2018-03-07 13:00:00,16701.0,16665.162
2018-03-07 14:00:00,16468.0,16489.812
2018-03-07 15:00:00,16183.0,16247.251
2018-03-07 16:00:00,16128.0,16174.904
2018-03-07 17:00:00,16513.0,16191.962
2018-03-07 18:00:00,17020.0,16967.016
2018-03-07 19:00:00,17576.0,17371.518
2018-03-07 20:00:00,17312.0,17725.924
2018-03-07 21:00:00,16902.0,17098.8
2018-03-07 22:00:00,16181.0,16170.86
2018-03-07 23:00:00,15470.0,15415.813
2018-03-08 00:00:00,15167.0,15009.121
2018-03-08 01:00:00,14881.0,14938.314
2018-03-08 02:00:00,14827.0,14932.712
2018-03-08 03:00:00,14811.0,14965.191
2018-03-08 04:00:00,15247.0,15099.487
2018-03-08 05:00:00,16075.0,16116.663
2018-03-08 06:00:00,17473.0,17565.475
2018-03-08 07:00:00,17976.0,18312.064
2018-03-08 08:00:00,17761.0,17894.662
2018-03-08 09:00:00,17567.0,17418.564
2018-03-08 10:00:00,17588.0,17251.033
2018-03-08 11:00:00,17397.0,17327.854
2018-03-08 12:00:00,17254.0,17135.498
2018-03-08 13:00:00,17188.0,16992.023
2018-03-08 14:00:00,17057.0,16925.877
2018-03-08 15:00:00,16966.0,16891.26
2018-03-08 16:00:00,17175.0,17016.807
2018-03-08 17:00:00,17445.0,17402.795
2018-03-08 18:00:00,17943.0,17949.604
2018-03-08 19:00:00,18395.0,18175.836
2018-03-08 20:00:00,18223.0,18407.346
2018-03-08 21:00:00,17764.0,17885.059
2018-03-08 22:00:00,17097.0,17024.17
2018-03-08 23:00:00,16343.0,16306.683
2018-03-09 00:00:00,16021.0,15912.666
2018-03-09 01:00:00,15820.0,15822.62
2018-03-09 02:00:00,15727.0,15760.277
2018-03-09 03:00:00,15702.0,15743.186
2018-03-09 04:00:00,16103.0,15842.782
2018-03-09 05:00:00,16750.0,16846.082
2018-03-09 06:00:00,18014.0,18078.56
2018-03-09 07:00:00,18405.0,18766.285
2018-03-09 08:00:00,18264.0,18304.588
2018-03-09 09:00:00,17950.0,17929.904
2018-03-09 10:00:00,17583.0,17639.826
2018-03-09 11:00:00,17235.0,17061.588
2018-03-09 12:00:00,16820.0,16811.96
2018-03-09 13:00:00,16342.0,16432.168
2018-03-09 14:00:00,15965.0,15837.919
2018-03-09 15:00:00,15648.0,15557.141
2018-03-09 16:00:00,15510.0,15540.348
2018-03-09 17:00:00,15608.0,15568.643
2018-03-09 18:00:00,16179.0,15917.414
2018-03-09 19:00:00,16589.0,16635.912
2018-03-09 20:00:00,16573.0,16867.012
2018-03-09 21:00:00,16304.0,16397.586
2018-03-09 22:00:00,15759.0,15757.774
2018-03-09 23:00:00,15144.0,15041.643
2018-03-10 00:00:00,14740.0,14644.877
2018-03-10 01:00:00,14636.0,14472.751
2018-03-10 02:00:00,14441.0,14612.627
2018-03-10 03:00:00,14515.0,14425.839
2018-03-10 04:00:00,14747.0,14665.412
2018-03-10 05:00:00,15050.0,15292.371
2018-03-10 06:00:00,15520.0,15585.212
2018-03-10 07:00:00,15736.0,15975.283
2018-03-10 08:00:00,15907.0,16046.223
2018-03-10 09:00:00,15831.0,15935.579
2018-03-10 10:00:00,15625.0,15558.729
2018-03-10 11:00:00,15305.0,15277.615
2018-03-10 12:00:00,14776.0,14916.265
2018-03-10 13:00:00,14362.0,14338.079
2018-03-10 14:00:00,13966.0,13968.458
2018-03-10 15:00:00,13669.0,13690.368
2018-03-10 16:00:00,13551.0,13603.592
2018-03-10 17:00:00,13809.0,13665.301
2018-03-10 18:00:00,14416.0,14239.914
2018-03-10 19:00:00,14942.0,14824.778
2018-03-10 20:00:00,15046.0,15228.596
2018-03-10 21:00:00,14916.0,14740.43
2018-03-10 22:00:00,14485.0,14381.852
2018-03-10 23:00:00,14105.0,13885.592
2018-03-11 00:00:00,13869.0,13721.353
2018-03-11 01:00:00,13797.0,13660.143
2018-03-11 02:00:00,13704.0,13795.931
2018-03-11 04:00:00,13802.0,13800.987
2018-03-11 05:00:00,14043.0,13989.905
2018-03-11 06:00:00,14372.0,14471.81
2018-03-11 07:00:00,14835.0,14779.181
2018-03-11 08:00:00,15160.0,15082.0205
2018-03-11 09:00:00,15163.0,15138.415
2018-03-11 10:00:00,14983.0,14811.714
2018-03-11 11:00:00,14696.0,14648.426
2018-03-11 12:00:00,14392.0,14489.08
2018-03-11 13:00:00,14015.0,14080.937
2018-03-11 14:00:00,13589.0,13690.528
2018-03-11 15:00:00,13279.0,13403.304
2018-03-11 16:00:00,13321.0,13247.93
2018-03-11 17:00:00,13453.0,13506.161
2018-03-11 18:00:00,13836.0,13790.505
2018-03-11 19:00:00,14644.0,14502.227
2018-03-11 20:00:00,15353.0,15358.274
2018-03-11 21:00:00,15178.0,15106.468
2018-03-11 22:00:00,14597.0,14618.737
2018-03-11 23:00:00,14160.0,13986.709
2018-03-12 00:00:00,13736.0,13775.113
2018-03-12 01:00:00,13816.0,13547.121
2018-03-12 02:00:00,13811.0,13918.255
2018-03-12 03:00:00,14125.0,14038.718
2018-03-12 04:00:00,14467.0,14622.094
2018-03-12 05:00:00,15457.0,15382.756
2018-03-12 06:00:00,16756.0,17052.01
2018-03-12 07:00:00,17748.0,17634.484
2018-03-12 08:00:00,17874.0,17672.076
2018-03-12 09:00:00,17863.0,17711.44
2018-03-12 10:00:00,17846.0,17754.465
2018-03-12 11:00:00,17581.0,17546.71
2018-03-12 12:00:00,17408.0,17297.15
2018-03-12 13:00:00,17049.0,17205.127
2018-03-12 14:00:00,16619.0,16865.936
2018-03-12 15:00:00,16337.0,16406.209
2018-03-12 16:00:00,16329.0,16761.102
2018-03-12 17:00:00,16500.0,16378.539
2018-03-12 18:00:00,16649.0,16883.03
2018-03-12 19:00:00,17066.0,17043.05
2018-03-12 20:00:00,17427.0,17464.582
2018-03-12 21:00:00,17132.0,16989.572
2018-03-12 22:00:00,16387.0,16381.878
2018-03-12 23:00:00,15692.0,15541.695
2018-03-13 00:00:00,15334.0,15136.52
2018-03-13 01:00:00,15101.0,15066.592
2018-03-13 02:00:00,15047.0,15049.076
2018-03-13 03:00:00,15138.0,15220.235
2018-03-13 04:00:00,15429.0,15438.496
2018-03-13 05:00:00,16183.0,16277.333
2018-03-13 06:00:00,17481.0,17667.18
2018-03-13 07:00:00,18224.0,18368.316
2018-03-13 08:00:00,18130.0,18277.479
2018-03-13 09:00:00,17840.0,17879.172
2018-03-13 10:00:00,17411.0,17552.104
2018-03-13 11:00:00,17093.0,16966.42
2018-03-13 12:00:00,16957.0,16686.928
2018-03-13 13:00:00,16852.0,16617.914
2018-03-13 14:00:00,16559.0,16548.488
2018-03-13 15:00:00,16312.0,16277.699
2018-03-13 16:00:00,16292.0,16197.647
2018-03-13 17:00:00,16406.0,16397.588
2018-03-13 18:00:00,16800.0,16888.242
2018-03-13 19:00:00,17338.0,17430.629
2018-03-13 20:00:00,17902.0,17639.367
2018-03-13 21:00:00,17577.0,17617.803
2018-03-13 22:00:00,16911.0,16886.37
2018-03-13 23:00:00,16202.0,16121.424
2018-03-14 00:00:00,15728.0,15745.141
2018-03-14 01:00:00,15556.0,15477.592
2018-03-14 02:00:00,15462.0,15548.261
2018-03-14 03:00:00,15513.0,15514.782
2018-03-14 04:00:00,15780.0,15857.927
2018-03-14 05:00:00,16534.0,16533.082
2018-03-14 06:00:00,18019.0,17988.842
2018-03-14 07:00:00,18731.0,18723.324
2018-03-14 08:00:00,18562.0,18498.393
2018-03-14 09:00:00,18304.0,18262.686
2018-03-14 10:00:00,18073.0,17982.3
2018-03-14 11:00:00,17812.0,17687.816
2018-03-14 12:00:00,17604.0,17476.02
2018-03-14 13:00:00,17452.0,17355.504
2018-03-14 14:00:00,17242.0,17140.695
2018-03-14 15:00:00,17047.0,16992.54
2018-03-14 16:00:00,16933.0,17053.52
2018-03-14 17:00:00,16870.0,17011.516
2018-03-14 18:00:00,16971.0,17010.016
2018-03-14 19:00:00,17428.0,17265.273
2018-03-14 20:00:00,17941.0,17614.775
2018-03-14 21:00:00,17770.0,17730.207
2018-03-14 22:00:00,17106.0,17031.701
2018-03-14 23:00:00,16421.0,16290.659
2018-03-15 00:00:00,15905.0,15926.023
2018-03-15 01:00:00,15679.0,15680.5205
2018-03-15 02:00:00,15631.0,15636.984
2018-03-15 03:00:00,15665.0,15652.114
2018-03-15 04:00:00,15857.0,16006.221
2018-03-15 05:00:00,16534.0,16636.404
2018-03-15 06:00:00,17815.0,17801.676
2018-03-15 07:00:00,18424.0,18641.848
2018-03-15 08:00:00,18088.0,18247.99
2018-03-15 09:00:00,17478.0,17668.318
2018-03-15 10:00:00,16991.0,17020.367
2018-03-15 11:00:00,16470.0,16396.174
2018-03-15 12:00:00,16085.0,16028.691
2018-03-15 13:00:00,15712.0,15681.992
2018-03-15 14:00:00,15370.0,15335.358
2018-03-15 15:00:00,15013.0,15060.638
2018-03-15 16:00:00,14778.0,14912.181
2018-03-15 17:00:00,14614.0,14741.824
2018-03-15 18:00:00,14720.0,14780.004
2018-03-15 19:00:00,15183.0,15150.465
2018-03-15 20:00:00,16019.0,15820.937
2018-03-15 21:00:00,15918.0,15824.811
2018-03-15 22:00:00,15309.0,15131.874
2018-03-15 23:00:00,14627.0,14500.538
2018-03-16 00:00:00,14398.0,14093.089
2018-03-16 01:00:00,14274.0,14166.245
2018-03-16 02:00:00,14350.0,14243.971
2018-03-16 03:00:00,14498.0,14489.917
2018-03-16 04:00:00,14906.0,14854.65
2018-03-16 05:00:00,15702.0,15820.385
2018-03-16 06:00:00,16998.0,17031.285
2018-03-16 07:00:00,17853.0,17735.963
2018-03-16 08:00:00,17702.0,17700.342
2018-03-16 09:00:00,17324.0,17373.725
2018-03-16 10:00:00,17047.0,17023.188
2018-03-16 11:00:00,16451.0,16668.117
2018-03-16 12:00:00,16086.0,16118.021
2018-03-16 13:00:00,15691.0,15779.548
2018-03-16 14:00:00,15151.0,15345.986
2018-03-16 15:00:00,14679.0,14799.785
2018-03-16 16:00:00,14445.0,14441.092
2018-03-16 17:00:00,14356.0,14364.582
2018-03-16 18:00:00,14408.0,14481.657
2018-03-16 19:00:00,14878.0,14717.353
2018-03-16 20:00:00,15576.0,15505.27
2018-03-16 21:00:00,15594.0,15499.77
2018-03-16 22:00:00,15155.0,14968.437
2018-03-16 23:00:00,14719.0,14386.048
2018-03-17 00:00:00,14385.0,14291.716
2018-03-17 01:00:00,14159.0,14195.336
2018-03-17 02:00:00,14118.0,14157.22
2018-03-17 03:00:00,14115.0,14161.073
2018-03-17 04:00:00,14194.0,14270.917
2018-03-17 05:00:00,14521.0,14597.578
2018-03-17 06:00:00,14871.0,15058.23
2018-03-17 07:00:00,15427.0,15398.812
2018-03-17 08:00:00,15795.0,15719.499
2018-03-17 09:00:00,16067.0,15723.353
2018-03-17 10:00:00,16185.0,15937.858
2018-03-17 11:00:00,15838.0,15983.376
2018-03-17 12:00:00,15304.0,15472.241
2018-03-17 13:00:00,14902.0,14912.102
2018-03-17 14:00:00,14355.0,14543.24
2018-03-17 15:00:00,13855.0,13992.869
2018-03-17 16:00:00,13673.0,13717.063
2018-03-17 17:00:00,13619.0,13623.337
2018-03-17 18:00:00,13699.0,13744.311
2018-03-17 19:00:00,14094.0,14162.096
2018-03-17 20:00:00,14414.0,14960.787
2018-03-17 21:00:00,14209.0,14345.634
2018-03-17 22:00:00,13763.0,13790.094
2018-03-17 23:00:00,13202.0,13163.041
2018-03-18 00:00:00,12814.0,12732.858
2018-03-18 01:00:00,12613.0,12511.115
2018-03-18 02:00:00,12586.0,12523.788
2018-03-18 03:00:00,12633.0,12549.392
2018-03-18 04:00:00,12744.0,12817.021
2018-03-18 05:00:00,13020.0,13046.367
2018-03-18 06:00:00,13403.0,13487.508
2018-03-18 07:00:00,14023.0,13925.164
2018-03-18 08:00:00,14457.0,14465.262
2018-03-18 09:00:00,14371.0,14679.234
2018-03-18 10:00:00,13855.0,14233.845
2018-03-18 11:00:00,13530.0,13501.164
2018-03-18 12:00:00,13241.0,13268.942
2018-03-18 13:00:00,12891.0,12939.53
2018-03-18 14:00:00,12519.0,12659.74
2018-03-18 15:00:00,12312.0,12373.445
2018-03-18 16:00:00,12221.0,12387.118
2018-03-18 17:00:00,12296.0,12396.933
2018-03-18 18:00:00,12423.0,12491.925
2018-03-18 19:00:00,13025.0,12926.865
2018-03-18 20:00:00,13923.0,13856.832
2018-03-18 21:00:00,13822.0,13897.529
2018-03-18 22:00:00,13339.0,13293.209
2018-03-18 23:00:00,12932.0,12757.049
2018-03-19 00:00:00,12683.0,12643.178
2018-03-19 01:00:00,12686.0,12522.845
2018-03-19 02:00:00,12787.0,12745.198
2018-03-19 03:00:00,13033.0,12973.201
2018-03-19 04:00:00,13388.0,13525.408
2018-03-19 05:00:00,14298.0,14265.982
2018-03-19 06:00:00,15677.0,15741.119
2018-03-19 07:00:00,16578.0,16617.498
2018-03-19 08:00:00,16558.0,16626.695
2018-03-19 09:00:00,16270.0,16436.47
2018-03-19 10:00:00,15842.0,16122.232
2018-03-19 11:00:00,15373.0,15569.522
2018-03-19 12:00:00,15044.0,15073.51
2018-03-19 13:00:00,14593.0,14906.596
2018-03-19 14:00:00,14300.0,14375.275
2018-03-19 15:00:00,14031.0,14095.599
2018-03-19 16:00:00,13960.0,14010.668
2018-03-19 17:00:00,13890.0,14047.461
2018-03-19 18:00:00,14223.0,14143.833
2018-03-19 19:00:00,14705.0,14848.106
2018-03-19 20:00:00,15236.0,15405.801
2018-03-19 21:00:00,14915.0,15047.525
2018-03-19 22:00:00,14274.0,14194.54
2018-03-19 23:00:00,13587.0,13489.919
2018-03-20 00:00:00,13203.0,13084.957
2018-03-20 01:00:00,13057.0,12885.383
2018-03-20 02:00:00,12973.0,13006.891
2018-03-20 03:00:00,13068.0,13110.984
2018-03-20 04:00:00,13403.0,13431.186
2018-03-20 05:00:00,14254.0,14302.403
2018-03-20 06:00:00,15615.0,15728.358
2018-03-20 07:00:00,16488.0,16331.338
2018-03-20 08:00:00,16464.0,16366.597
2018-03-20 09:00:00,16553.0,16268.155
2018-03-20 10:00:00,16543.0,16459.268
2018-03-20 11:00:00,16327.0,16397.805
2018-03-20 12:00:00,16170.0,16120.682
2018-03-20 13:00:00,16113.0,15999.929
2018-03-20 14:00:00,15950.0,15930.093
2018-03-20 15:00:00,15737.0,15722.777
2018-03-20 16:00:00,15833.0,15745.932
2018-03-20 17:00:00,16034.0,15959.026
2018-03-20 18:00:00,16175.0,16349.948
2018-03-20 19:00:00,16502.0,16532.695
2018-03-20 20:00:00,16817.0,16889.521
2018-03-20 21:00:00,16509.0,16533.89
2018-03-20 22:00:00,15820.0,15773.022
2018-03-20 23:00:00,15210.0,15025.777
2018-03-21 00:00:00,14868.0,14744.037
2018-03-21 01:00:00,14739.0,14677.449
2018-03-21 02:00:00,14731.0,14759.363
2018-03-21 03:00:00,14884.0,14913.193
2018-03-21 04:00:00,15172.0,15424.694
2018-03-21 05:00:00,16015.0,16020.271
2018-03-21 06:00:00,17114.0,17498.168
2018-03-21 07:00:00,17641.0,17962.443
2018-03-21 08:00:00,17758.0,17582.041
2018-03-21 09:00:00,17673.0,17491.074
2018-03-21 10:00:00,17665.0,17515.361
2018-03-21 11:00:00,17436.0,17403.123
2018-03-21 12:00:00,17334.0,17162.389
2018-03-21 13:00:00,17113.0,17092.8
2018-03-21 14:00:00,16833.0,16821.678
2018-03-21 15:00:00,16606.0,16562.04
2018-03-21 16:00:00,16710.0,16572.45
2018-03-21 17:00:00,16875.0,16822.77
2018-03-21 18:00:00,17058.0,17241.498
2018-03-21 19:00:00,17408.0,17417.773
2018-03-21 20:00:00,17694.0,17598.959
2018-03-21 21:00:00,17198.0,17410.588
2018-03-21 22:00:00,16520.0,16458.246
2018-03-21 23:00:00,15835.0,15705.731
2018-03-22 00:00:00,15377.0,15409.195
2018-03-22 01:00:00,15105.0,15140.048
2018-03-22 02:00:00,15123.0,15033.413
2018-03-22 03:00:00,15190.0,15249.282
2018-03-22 04:00:00,15510.0,15464.656
2018-03-22 05:00:00,16434.0,16351.881
2018-03-22 06:00:00,17597.0,17927.002
2018-03-22 07:00:00,18374.0,18451.88
2018-03-22 08:00:00,18275.0,18283.041
2018-03-22 09:00:00,17747.0,17988.945
2018-03-22 10:00:00,17216.0,17435.578
2018-03-22 11:00:00,16823.0,16651.195
2018-03-22 12:00:00,16472.0,16379.853
2018-03-22 13:00:00,16093.0,16050.789
2018-03-22 14:00:00,15622.0,15646.468
2018-03-22 15:00:00,15300.0,15246.858
2018-03-22 16:00:00,15031.0,15080.811
2018-03-22 17:00:00,15019.0,14985.814
2018-03-22 18:00:00,15090.0,15148.185
2018-03-22 19:00:00,15631.0,15558.601
2018-03-22 20:00:00,16469.0,16390.152
2018-03-22 21:00:00,16391.0,16369.575
2018-03-22 22:00:00,15874.0,15680.525
2018-03-22 23:00:00,15238.0,15047.135
2018-03-23 00:00:00,14903.0,14825.277
2018-03-23 01:00:00,14779.0,14702.652
2018-03-23 02:00:00,14878.0,14787.73
2018-03-23 03:00:00,14955.0,15124.528
2018-03-23 04:00:00,15343.0,15224.416
2018-03-23 05:00:00,16200.0,16142.109
2018-03-23 06:00:00,17565.0,17569.55
2018-03-23 07:00:00,18260.0,18227.887
2018-03-23 08:00:00,17971.0,18151.799
2018-03-23 09:00:00,17478.0,17564.527
2018-03-23 10:00:00,16889.0,17082.527
2018-03-23 11:00:00,16326.0,16336.649
2018-03-23 12:00:00,15917.0,15926.112
2018-03-23 13:00:00,15544.0,15575.043
2018-03-23 14:00:00,15131.0,15120.453
2018-03-23 15:00:00,14680.0,14831.873
2018-03-23 16:00:00,14468.0,14491.734
2018-03-23 17:00:00,14217.0,14380.961
2018-03-23 18:00:00,14309.0,14255.28
2018-03-23 19:00:00,14785.0,14587.591
2018-03-23 20:00:00,15533.0,15546.167
2018-03-23 21:00:00,15575.0,15468.983
2018-03-23 22:00:00,15131.0,15008.791
2018-03-23 23:00:00,14593.0,14428.774
2018-03-24 00:00:00,14222.0,14139.276
2018-03-24 01:00:00,14030.0,13960.307
2018-03-24 02:00:00,14069.0,14007.345
2018-03-24 03:00:00,14162.0,14132.821
2018-03-24 04:00:00,14418.0,14377.734
2018-03-24 05:00:00,14811.0,14825.7705
2018-03-24 06:00:00,15402.0,15369.229
2018-03-24 07:00:00,15901.0,15788.374
2018-03-24 08:00:00,16219.0,15973.015
2018-03-24 09:00:00,16416.0,16127.843
2018-03-24 10:00:00,16287.0,16161.967
2018-03-24 11:00:00,16103.0,15963.792
2018-03-24 12:00:00,15916.0,15754.934
2018-03-24 13:00:00,15726.0,15577.571
2018-03-24 14:00:00,15526.0,15470.629
2018-03-24 15:00:00,15458.0,15326.144
2018-03-24 16:00:00,15527.0,15503.224
2018-03-24 17:00:00,15578.0,15649.326
2018-03-24 18:00:00,15583.0,15801.377
2018-03-24 19:00:00,15740.0,15882.106
2018-03-24 20:00:00,15934.0,16158.12
2018-03-24 21:00:00,15643.0,15749.475
2018-03-24 22:00:00,15108.0,15218.947
2018-03-24 23:00:00,14566.0,14550.7295
2018-03-25 00:00:00,14093.0,14211.389
2018-03-25 01:00:00,13845.0,13891.773
2018-03-25 02:00:00,13709.0,13789.916
2018-03-25 03:00:00,13738.0,13702.917
2018-03-25 04:00:00,13894.0,13813.366
2018-03-25 05:00:00,14097.0,14220.474
2018-03-25 06:00:00,14563.0,14519.853
2018-03-25 07:00:00,15100.0,15137.663
2018-03-25 08:00:00,15305.0,15636.318
2018-03-25 09:00:00,15223.0,15401.477
2018-03-25 10:00:00,14866.0,14909.265
2018-03-25 11:00:00,14566.0,14561.175
2018-03-25 12:00:00,14239.0,14393.473
2018-03-25 13:00:00,13858.0,13933.386
2018-03-25 14:00:00,13460.0,13584.761
2018-03-25 15:00:00,13234.0,13253.408
2018-03-25 16:00:00,13192.0,13136.301
2018-03-25 17:00:00,13299.0,13368.499
2018-03-25 18:00:00,13497.0,13635.411
2018-03-25 19:00:00,13966.0,14079.938
2018-03-25 20:00:00,14998.0,14792.782
2018-03-25 21:00:00,14945.0,14851.019
2018-03-25 22:00:00,14569.0,14371.7295
2018-03-25 23:00:00,14121.0,13981.076
2018-03-26 00:00:00,13944.0,13776.477
2018-03-26 01:00:00,13812.0,13827.552
2018-03-26 02:00:00,13791.0,13905.795
2018-03-26 03:00:00,13926.0,13956.24
2018-03-26 04:00:00,14307.0,14390.357
2018-03-26 05:00:00,15110.0,15110.578
2018-03-26 06:00:00,16321.0,16447.275
2018-03-26 07:00:00,17080.0,17175.385
2018-03-26 08:00:00,16881.0,17138.36
2018-03-26 09:00:00,16583.0,16607.979
2018-03-26 10:00:00,16302.0,16354.155
2018-03-26 11:00:00,15851.0,15980.522
2018-03-26 12:00:00,15489.0,15570.707
2018-03-26 13:00:00,15201.0,15232.371
2018-03-26 14:00:00,14824.0,14941.0
2018-03-26 15:00:00,14533.0,14548.173
2018-03-26 16:00:00,14307.0,14453.382
2018-03-26 17:00:00,14382.0,14301.764
2018-03-26 18:00:00,14509.0,14608.023
2018-03-26 19:00:00,14975.0,15032.473
2018-03-26 20:00:00,15531.0,15664.321
2018-03-26 21:00:00,15149.0,15307.402
2018-03-26 22:00:00,14482.0,14412.015
2018-03-26 23:00:00,13715.0,13709.377
2018-03-27 00:00:00,13232.0,13222.1875
2018-03-27 01:00:00,12967.0,12983.676
2018-03-27 02:00:00,12960.0,12904.259
2018-03-27 03:00:00,13096.0,13052.168
2018-03-27 04:00:00,13395.0,13474.659
2018-03-27 05:00:00,14131.0,14288.575
2018-03-27 06:00:00,15456.0,15515.327
2018-03-27 07:00:00,16182.0,16272.464
2018-03-27 08:00:00,16276.0,16138.495
2018-03-27 09:00:00,16103.0,16161.498
2018-03-27 10:00:00,16245.0,15881.175
2018-03-27 11:00:00,16049.0,16072.3
2018-03-27 12:00:00,15913.0,15853.125
2018-03-27 13:00:00,15526.0,15743.86
2018-03-27 14:00:00,15249.0,15199.569
2018-03-27 15:00:00,15008.0,14953.721
2018-03-27 16:00:00,14789.0,14916.586
2018-03-27 17:00:00,14908.0,14665.969
2018-03-27 18:00:00,14912.0,15081.567
2018-03-27 19:00:00,15191.0,15271.349
2018-03-27 20:00:00,15424.0,15751.07
2018-03-27 21:00:00,15036.0,15183.028
2018-03-27 22:00:00,14196.0,14321.637
2018-03-27 23:00:00,13373.0,13325.87
2018-03-28 00:00:00,12856.0,12752.98
2018-03-28 01:00:00,12561.0,12528.775
2018-03-28 02:00:00,12321.0,12515.312
2018-03-28 03:00:00,12363.0,12409.497
2018-03-28 04:00:00,12618.0,12616.852
2018-03-28 05:00:00,13270.0,13416.0625
2018-03-28 06:00:00,14392.0,14770.378
2018-03-28 07:00:00,15068.0,15324.289
2018-03-28 08:00:00,15007.0,15326.597
2018-03-28 09:00:00,14991.0,14868.6455
2018-03-28 10:00:00,14893.0,15008.072
2018-03-28 11:00:00,14818.0,14698.325
2018-03-28 12:00:00,14741.0,14686.888
2018-03-28 13:00:00,14630.0,14634.433
2018-03-28 14:00:00,14484.0,14428.767
2018-03-28 15:00:00,14251.0,14317.106
2018-03-28 16:00:00,14134.0,14175.776
2018-03-28 17:00:00,14148.0,14012.626
2018-03-28 18:00:00,14177.0,14261.479
2018-03-28 19:00:00,14322.0,14500.152
2018-03-28 20:00:00,14625.0,14723.485
2018-03-28 21:00:00,14427.0,14519.723
2018-03-28 22:00:00,13623.0,13777.262
2018-03-28 23:00:00,12798.0,12864.784
2018-03-29 00:00:00,12304.0,12243.26
2018-03-29 01:00:00,12014.0,11997.616
2018-03-29 02:00:00,11757.0,11959.746
2018-03-29 03:00:00,11675.0,11804.312
2018-03-29 04:00:00,12011.0,11889.422
2018-03-29 05:00:00,12780.0,12725.166
2018-03-29 06:00:00,13890.0,14085.629
2018-03-29 07:00:00,14503.0,14592.892
2018-03-29 08:00:00,14614.0,14842.606
2018-03-29 09:00:00,14549.0,14728.726
2018-03-29 10:00:00,14816.0,14650.731
2018-03-29 11:00:00,14741.0,14883.6045
2018-03-29 12:00:00,14614.0,14743.293
2018-03-29 13:00:00,14555.0,14554.594
2018-03-29 14:00:00,14487.0,14399.291
2018-03-29 15:00:00,14263.0,14350.516
2018-03-29 16:00:00,14285.0,14170.299
2018-03-29 17:00:00,14306.0,14204.203
2018-03-29 18:00:00,14236.0,14335.4795
2018-03-29 19:00:00,14395.0,14406.963
2018-03-29 20:00:00,14582.0,14932.807
2018-03-29 21:00:00,14285.0,14353.6875
2018-03-29 22:00:00,13502.0,13561.442
2018-03-29 23:00:00,12657.0,12675.807
2018-03-30 00:00:00,12128.0,12063.841
2018-03-30 01:00:00,11766.0,11813.466
2018-03-30 02:00:00,11577.0,11624.247
2018-03-30 03:00:00,11556.0,11601.595
2018-03-30 04:00:00,11779.0,11698.245
2018-03-30 05:00:00,12253.0,12481.321
2018-03-30 06:00:00,12989.0,13520.068
2018-03-30 07:00:00,13540.0,13870.603
2018-03-30 08:00:00,13927.0,14156.409
2018-03-30 09:00:00,14218.0,14216.826
2018-03-30 10:00:00,14310.0,14441.365
2018-03-30 11:00:00,14302.0,14275.284
2018-03-30 12:00:00,14087.0,14247.829
2018-03-30 13:00:00,13846.0,13950.6455
2018-03-30 14:00:00,13636.0,13611.96
2018-03-30 15:00:00,13315.0,13379.516
2018-03-30 16:00:00,13123.0,13176.5625
2018-03-30 17:00:00,13038.0,13056.519
2018-03-30 18:00:00,13005.0,13005.337
2018-03-30 19:00:00,13186.0,13183.709
2018-03-30 20:00:00,13956.0,13723.343
2018-03-30 21:00:00,13895.0,13862.162
2018-03-30 22:00:00,13621.0,13261.173
2018-03-30 23:00:00,13111.0,12876.435
2018-03-31 00:00:00,12828.0,12596.235
2018-03-31 01:00:00,12607.0,12492.462
2018-03-31 02:00:00,12695.0,12521.511
2018-03-31 03:00:00,12779.0,12718.482
2018-03-31 04:00:00,13002.0,13076.406
2018-03-31 05:00:00,13381.0,13452.606
2018-03-31 06:00:00,13856.0,13850.717
2018-03-31 07:00:00,14338.0,14258.244
2018-03-31 08:00:00,14670.0,14594.133
2018-03-31 09:00:00,14452.0,14689.593
2018-03-31 10:00:00,13971.0,14247.545
2018-03-31 11:00:00,13601.0,13566.749
2018-03-31 12:00:00,13239.0,13188.08
2018-03-31 13:00:00,12907.0,12820.82
2018-03-31 14:00:00,12576.0,12602.88
2018-03-31 15:00:00,12349.0,12407.385
2018-03-31 16:00:00,12340.0,12290.206
2018-03-31 17:00:00,12385.0,12389.706
2018-03-31 18:00:00,12405.0,12499.286
2018-03-31 19:00:00,12680.0,12757.3955
2018-03-31 20:00:00,13171.0,13450.029
2018-03-31 21:00:00,13020.0,13267.663
2018-03-31 22:00:00,12591.0,12584.237
2018-03-31 23:00:00,12046.0,12047.46
2018-04-01 00:00:00,11581.0,11460.318
2018-04-01 01:00:00,11303.0,11252.002
2018-04-01 02:00:00,11197.0,11159.208
2018-04-01 03:00:00,11264.0,11144.044
2018-04-01 04:00:00,11305.0,11361.199
2018-04-01 05:00:00,11665.0,11566.766
2018-04-01 06:00:00,12058.0,12189.414
2018-04-01 07:00:00,12505.0,12593.012
2018-04-01 08:00:00,12954.0,12873.673
2018-04-01 09:00:00,13274.0,13027.103
2018-04-01 10:00:00,13055.0,13166.327
2018-04-01 11:00:00,12860.0,12975.098
2018-04-01 12:00:00,12639.0,12761.693
2018-04-01 13:00:00,12264.0,12445.258
2018-04-01 14:00:00,11844.0,12043.897
2018-04-01 15:00:00,11650.0,11751.501
2018-04-01 16:00:00,11680.0,11669.221
2018-04-01 17:00:00,11790.0,11727.139
2018-04-01 18:00:00,12068.0,11896.829
2018-04-01 19:00:00,12651.0,12344.657
2018-04-01 20:00:00,13299.0,13442.075
2018-04-01 21:00:00,13314.0,13375.438
2018-04-01 22:00:00,13040.0,12768.286
2018-04-01 23:00:00,12722.0,12334.084
2018-04-02 00:00:00,12580.0,12387.975
2018-04-02 01:00:00,12372.0,12452.545
2018-04-02 02:00:00,12192.0,12396.431
2018-04-02 03:00:00,12289.0,12302.524
2018-04-02 04:00:00,12670.0,12512.293
2018-04-02 05:00:00,13400.0,13658.211
2018-04-02 06:00:00,14413.0,14866.541
2018-04-02 07:00:00,15216.0,15168.577
2018-04-02 08:00:00,15411.0,15455.609
2018-04-02 09:00:00,15530.0,15520.074
2018-04-02 10:00:00,15545.0,15624.458
2018-04-02 11:00:00,15387.0,15436.993
2018-04-02 12:00:00,15162.0,15283.382
2018-04-02 13:00:00,15028.0,15049.029
2018-04-02 14:00:00,14715.0,14813.348
2018-04-02 15:00:00,14424.0,14545.599
2018-04-02 16:00:00,14338.0,14334.588
2018-04-02 17:00:00,14338.0,14246.928
2018-04-02 18:00:00,14437.0,14293.935
2018-04-02 19:00:00,14639.0,14677.676
2018-04-02 20:00:00,14986.0,15267.334
2018-04-02 21:00:00,14963.0,15025.905
2018-04-02 22:00:00,14130.0,14186.668
2018-04-02 23:00:00,13364.0,13229.715
2018-04-03 00:00:00,12819.0,12714.988
2018-04-03 01:00:00,12618.0,12455.659
2018-04-03 02:00:00,12519.0,12517.483
2018-04-03 03:00:00,12487.0,12562.515
2018-04-03 04:00:00,12837.0,12920.994
2018-04-03 05:00:00,13579.0,13691.889
2018-04-03 06:00:00,14694.0,15008.575
2018-04-03 07:00:00,15395.0,15455.812
2018-04-03 08:00:00,15549.0,15464.99
2018-04-03 09:00:00,15460.0,15499.024
2018-04-03 10:00:00,15441.0,15408.785
2018-04-03 11:00:00,15248.0,15315.733
2018-04-03 12:00:00,15131.0,15082.404
2018-04-03 13:00:00,14984.0,14972.506
2018-04-03 14:00:00,14714.0,14725.691
2018-04-03 15:00:00,14322.0,14509.019
2018-04-03 16:00:00,14137.0,14177.463
2018-04-03 17:00:00,14040.0,13976.106
2018-04-03 18:00:00,13930.0,14018.476
2018-04-03 19:00:00,14083.0,14111.361
2018-04-03 20:00:00,14399.0,14723.223
2018-04-03 21:00:00,13849.0,14455.564
2018-04-03 22:00:00,13005.0,13196.739
2018-04-03 23:00:00,12353.0,12248.21
2018-04-04 00:00:00,11902.0,11786.065
2018-04-04 01:00:00,11686.0,11612.028
2018-04-04 02:00:00,11553.0,11549.968
2018-04-04 03:00:00,11608.0,11615.343
2018-04-04 04:00:00,11968.0,11883.504
2018-04-04 05:00:00,12724.0,12736.915
2018-04-04 06:00:00,14046.0,14071.158
2018-04-04 07:00:00,14837.0,14613.474
2018-04-04 08:00:00,15220.0,14960.235
2018-04-04 09:00:00,15395.0,15322.179
2018-04-04 10:00:00,15576.0,15541.449
2018-04-04 11:00:00,15681.0,15594.016
2018-04-04 12:00:00,15702.0,15735.398
2018-04-04 13:00:00,15560.0,15700.538
2018-04-04 14:00:00,15338.0,15409.509
2018-04-04 15:00:00,15013.0,15149.899
2018-04-04 16:00:00,14944.0,14875.511
2018-04-04 17:00:00,14959.0,14810.82
2018-04-04 18:00:00,15142.0,14841.255
2018-04-04 19:00:00,15510.0,15301.054
2018-04-04 20:00:00,16177.0,15923.768
2018-04-04 21:00:00,15929.0,15906.803
2018-04-04 22:00:00,15301.0,14932.878
2018-04-04 23:00:00,14704.0,14207.938
2018-04-05 00:00:00,14290.0,14159.045
2018-04-05 01:00:00,14105.0,13918.836
2018-04-05 02:00:00,14102.0,14007.511
2018-04-05 03:00:00,14200.0,14208.28
2018-04-05 04:00:00,14586.0,14592.627
2018-04-05 05:00:00,15482.0,15403.66
2018-04-05 06:00:00,16752.0,16886.865
2018-04-05 07:00:00,17350.0,17601.836
2018-04-05 08:00:00,17129.0,17350.512
2018-04-05 09:00:00,16794.0,16803.12
2018-04-05 10:00:00,16381.0,16462.953
2018-04-05 11:00:00,15830.0,15988.021
2018-04-05 12:00:00,15456.0,15504.909
2018-04-05 13:00:00,15151.0,15146.613
2018-04-05 14:00:00,14707.0,14803.687
2018-04-05 15:00:00,14365.0,14334.495
2018-04-05 16:00:00,14150.0,14248.926
2018-04-05 17:00:00,14068.0,14079.257
2018-04-05 18:00:00,14120.0,14071.271
2018-04-05 19:00:00,14492.0,14429.71
2018-04-05 20:00:00,15113.0,15269.072
2018-04-05 21:00:00,14951.0,15354.345
2018-04-05 22:00:00,14292.0,14271.928
2018-04-05 23:00:00,13754.0,13512.917
2018-04-06 00:00:00,13365.0,13314.141
2018-04-06 01:00:00,13163.0,13124.696
2018-04-06 02:00:00,13107.0,13106.323
2018-04-06 03:00:00,13174.0,13148.035
2018-04-06 04:00:00,13490.0,13473.375
2018-04-06 05:00:00,14232.0,14368.441
2018-04-06 06:00:00,15354.0,15560.09
2018-04-06 07:00:00,15913.0,15891.002
2018-04-06 08:00:00,15928.0,15833.056
2018-04-06 09:00:00,15687.0,15629.777
2018-04-06 10:00:00,15315.0,15381.908
2018-04-06 11:00:00,14943.0,14927.703
2018-04-06 12:00:00,14639.0,14667.028
2018-04-06 13:00:00,14397.0,14309.788
2018-04-06 14:00:00,14178.0,14145.523
2018-04-06 15:00:00,13915.0,13968.993
2018-04-06 16:00:00,13812.0,13743.094
2018-04-06 17:00:00,13797.0,13781.16
2018-04-06 18:00:00,13930.0,13722.807
2018-04-06 19:00:00,14154.0,14173.999
2018-04-06 20:00:00,14640.0,14647.501
2018-04-06 21:00:00,14410.0,14538.87
2018-04-06 22:00:00,14057.0,13833.449
2018-04-06 23:00:00,13415.0,13317.648
2018-04-07 00:00:00,12994.0,12838.534
2018-04-07 01:00:00,12844.0,12615.025
2018-04-07 02:00:00,12765.0,12746.427
2018-04-07 03:00:00,12768.0,12876.077
2018-04-07 04:00:00,13021.0,12972.487
2018-04-07 05:00:00,13558.0,13363.255
2018-04-07 06:00:00,14060.0,14131.322
2018-04-07 07:00:00,14483.0,14372.27
2018-04-07 08:00:00,14836.0,14634.035
2018-04-07 09:00:00,15219.0,14759.524
2018-04-07 10:00:00,15334.0,15050.093
2018-04-07 11:00:00,15269.0,15134.492
2018-04-07 12:00:00,15175.0,15041.297
2018-04-07 13:00:00,14927.0,14959.263
2018-04-07 14:00:00,14695.0,14699.701
2018-04-07 15:00:00,14526.0,14529.877
2018-04-07 16:00:00,14397.0,14453.144
2018-04-07 17:00:00,14356.0,14334.989
2018-04-07 18:00:00,14419.0,14344.406
2018-04-07 19:00:00,14716.0,14570.018
2018-04-07 20:00:00,15303.0,15173.747
2018-04-07 21:00:00,15251.0,15193.723
2018-04-07 22:00:00,14871.0,14684.17
2018-04-07 23:00:00,14411.0,14344.4
2018-04-08 00:00:00,14079.0,13949.665
2018-04-08 01:00:00,13941.0,13833.887
2018-04-08 02:00:00,13912.0,13908.073
2018-04-08 03:00:00,13950.0,13886.913
2018-04-08 04:00:00,14191.0,14154.522
2018-04-08 05:00:00,14517.0,14571.724
2018-04-08 06:00:00,14982.0,14902.619
2018-04-08 07:00:00,15390.0,15376.311
2018-04-08 08:00:00,15490.0,15592.677
2018-04-08 09:00:00,15160.0,15346.623
2018-04-08 10:00:00,14754.0,14723.666
2018-04-08 11:00:00,14219.0,14316.711
2018-04-08 12:00:00,13942.0,13907.897
2018-04-08 13:00:00,13671.0,13553.836
2018-04-08 14:00:00,13255.0,13401.4375
2018-04-08 15:00:00,12996.0,13117.9375
2018-04-08 16:00:00,12905.0,12996.807
2018-04-08 17:00:00,13111.0,13083.051
2018-04-08 18:00:00,13325.0,13380.371
2018-04-08 19:00:00,13868.0,13805.67
2018-04-08 20:00:00,14704.0,14704.649
2018-04-08 21:00:00,14635.0,14805.68
2018-04-08 22:00:00,14117.0,14124.879
2018-04-08 23:00:00,13608.0,13381.946
2018-04-09 00:00:00,13336.0,13106.841
2018-04-09 01:00:00,13319.0,13013.392
2018-04-09 02:00:00,13340.0,13320.847
2018-04-09 03:00:00,13401.0,13476.989
2018-04-09 04:00:00,13902.0,13766.685
2018-04-09 05:00:00,14909.0,14729.441
2018-04-09 06:00:00,16389.0,16322.4795
2018-04-09 07:00:00,17156.0,17084.99
2018-04-09 08:00:00,17172.0,16939.182
2018-04-09 09:00:00,17123.0,16957.299
2018-04-09 10:00:00,17085.0,16969.406
2018-04-09 11:00:00,16811.0,16857.371
2018-04-09 12:00:00,16666.0,16565.922
2018-04-09 13:00:00,16507.0,16723.008
2018-04-09 14:00:00,16157.0,16345.009
2018-04-09 15:00:00,15858.0,16004.4375
2018-04-09 16:00:00,15887.0,15837.85
2018-04-09 17:00:00,15845.0,15920.471
2018-04-09 18:00:00,15746.0,15946.951
2018-04-09 19:00:00,16018.0,15908.822
2018-04-09 20:00:00,16370.0,16633.23
2018-04-09 21:00:00,16025.0,16302.766
2018-04-09 22:00:00,15214.0,15233.448
2018-04-09 23:00:00,14544.0,14309.5
2018-04-10 00:00:00,14121.0,13984.701
2018-04-10 01:00:00,13886.0,13780.425
2018-04-10 02:00:00,13864.0,13821.72
2018-04-10 03:00:00,14013.0,13935.755
2018-04-10 04:00:00,14477.0,14411.565
2018-04-10 05:00:00,15346.0,15447.02
2018-04-10 06:00:00,16702.0,16781.807
2018-04-10 07:00:00,17241.0,17474.867
2018-04-10 08:00:00,16864.0,17098.297
2018-04-10 09:00:00,16237.0,16492.035
2018-04-10 10:00:00,15691.0,15802.954
2018-04-10 11:00:00,15456.0,15266.087
2018-04-10 12:00:00,15341.0,15155.798
2018-04-10 13:00:00,14996.0,15117.441
2018-04-10 14:00:00,14824.0,14692.033
2018-04-10 15:00:00,14529.0,14592.686
2018-04-10 16:00:00,14420.0,14446.274
2018-04-10 17:00:00,14385.0,14436.842
2018-04-10 18:00:00,14569.0,14485.679
2018-04-10 19:00:00,14911.0,15075.732
2018-04-10 20:00:00,15512.0,15689.441
2018-04-10 21:00:00,15360.0,15463.974
2018-04-10 22:00:00,14703.0,14577.154
2018-04-10 23:00:00,13915.0,13902.075
2018-04-11 00:00:00,13566.0,13307.729
2018-04-11 01:00:00,13374.0,13197.975
2018-04-11 02:00:00,13387.0,13340.351
2018-04-11 03:00:00,13474.0,13457.449
2018-04-11 04:00:00,13753.0,13837.157
2018-04-11 05:00:00,14580.0,14624.238
2018-04-11 06:00:00,15780.0,16064.35
2018-04-11 07:00:00,16269.0,16514.992
2018-04-11 08:00:00,16028.0,16174.869
2018-04-11 09:00:00,15493.0,15708.178
2018-04-11 10:00:00,15058.0,15170.067
2018-04-11 11:00:00,14560.0,14699.349
2018-04-11 12:00:00,14268.0,14240.697
2018-04-11 13:00:00,14026.0,13900.809
2018-04-11 14:00:00,13742.0,13748.844
2018-04-11 15:00:00,13461.0,13586.955
2018-04-11 16:00:00,13275.0,13433.491
2018-04-11 17:00:00,13192.0,13257.609
2018-04-11 18:00:00,13296.0,13209.217
2018-04-11 19:00:00,13546.0,13579.71
2018-04-11 20:00:00,14264.0,14338.045
2018-04-11 21:00:00,14127.0,14361.378
2018-04-11 22:00:00,13492.0,13524.255
2018-04-11 23:00:00,12799.0,12744.208
2018-04-12 00:00:00,12370.0,12248.026
2018-04-12 01:00:00,12258.0,12094.735
2018-04-12 02:00:00,12190.0,12135.136
2018-04-12 03:00:00,12223.0,12309.546
2018-04-12 04:00:00,12590.0,12515.337
2018-04-12 05:00:00,13236.0,13481.422
2018-04-12 06:00:00,14564.0,14570.161
2018-04-12 07:00:00,15042.0,15237.907
2018-04-12 08:00:00,14919.0,15037.002
2018-04-12 09:00:00,14520.0,14729.355
2018-04-12 10:00:00,14328.0,14327.104
2018-04-12 11:00:00,14164.0,14061.395
2018-04-12 12:00:00,14014.0,13968.503
2018-04-12 13:00:00,14031.0,13805.926
2018-04-12 14:00:00,13876.0,13966.146
2018-04-12 15:00:00,13659.0,13722.933
2018-04-12 16:00:00,13670.0,13578.066
2018-04-12 17:00:00,13540.0,13641.863
2018-04-12 18:00:00,13467.0,13577.615
2018-04-12 19:00:00,13549.0,13580.037
2018-04-12 20:00:00,14123.0,14141.064
2018-04-12 21:00:00,13947.0,14155.281
2018-04-12 22:00:00,13053.0,13326.559
2018-04-12 23:00:00,12118.0,12320.649
2018-04-13 00:00:00,11488.0,11680.244
2018-04-13 01:00:00,11100.0,11179.514
2018-04-13 02:00:00,10915.0,10957.3545
2018-04-13 03:00:00,10972.0,10933.653
2018-04-13 04:00:00,11204.0,11163.414
2018-04-13 05:00:00,11895.0,11849.79
2018-04-13 06:00:00,13107.0,13193.112
2018-04-13 07:00:00,13681.0,13749.6455
2018-04-13 08:00:00,13874.0,14036.2
2018-04-13 09:00:00,13921.0,14054.145
2018-04-13 10:00:00,13954.0,14119.711
2018-04-13 11:00:00,14010.0,13910.158
2018-04-13 12:00:00,14075.0,13921.492
2018-04-13 13:00:00,13972.0,14002.593
2018-04-13 14:00:00,14117.0,13777.73
2018-04-13 15:00:00,13943.0,13992.884
2018-04-13 16:00:00,13938.0,13816.645
2018-04-13 17:00:00,13802.0,13813.032
2018-04-13 18:00:00,13652.0,13668.619
2018-04-13 19:00:00,13506.0,13615.574
2018-04-13 20:00:00,13844.0,13989.646
2018-04-13 21:00:00,13641.0,13861.518
2018-04-13 22:00:00,12848.0,12929.835
2018-04-13 23:00:00,11904.0,12067.853
2018-04-14 00:00:00,11182.0,11323.114
2018-04-14 01:00:00,10734.0,10766.019
2018-04-14 02:00:00,10600.0,10539.962
2018-04-14 03:00:00,10453.0,10522.027
2018-04-14 04:00:00,10445.0,10440.542
2018-04-14 05:00:00,10805.0,10492.445
2018-04-14 06:00:00,11245.0,11184.242
2018-04-14 07:00:00,11697.0,11695.575
2018-04-14 08:00:00,12163.0,12233.794
2018-04-14 09:00:00,12681.0,12577.693
2018-04-14 10:00:00,13037.0,12877.393
2018-04-14 11:00:00,13120.0,13112.017
2018-04-14 12:00:00,13100.0,13123.15
2018-04-14 13:00:00,13139.0,13131.064
2018-04-14 14:00:00,13110.0,13119.614
2018-04-14 15:00:00,13037.0,13070.734
2018-04-14 16:00:00,13173.0,13041.326
2018-04-14 17:00:00,13242.0,13197.971
2018-04-14 18:00:00,13144.0,13214.322
2018-04-14 19:00:00,13069.0,13224.06
2018-04-14 20:00:00,13380.0,13598.982
2018-04-14 21:00:00,13059.0,13280.931
2018-04-14 22:00:00,12515.0,12460.859
2018-04-14 23:00:00,11831.0,11696.044
2018-04-15 00:00:00,11358.0,11314.267
2018-04-15 01:00:00,11011.0,10919.477
2018-04-15 02:00:00,10743.0,10775.968
2018-04-15 03:00:00,10571.0,10543.846
2018-04-15 04:00:00,10557.0,10665.344
2018-04-15 05:00:00,10737.0,10861.577
2018-04-15 06:00:00,11109.0,10944.119
2018-04-15 07:00:00,11427.0,11530.51
2018-04-15 08:00:00,12095.0,12078.953
2018-04-15 09:00:00,12511.0,12453.127
2018-04-15 10:00:00,12684.0,12640.594
2018-04-15 11:00:00,12887.0,12797.271
2018-04-15 12:00:00,12937.0,13037.708
2018-04-15 13:00:00,12937.0,12935.818
2018-04-15 14:00:00,12851.0,12856.73
2018-04-15 15:00:00,12944.0,12800.101
2018-04-15 16:00:00,13030.0,13031.41
2018-04-15 17:00:00,13203.0,13121.89
2018-04-15 18:00:00,13289.0,13223.557
2018-04-15 19:00:00,13473.0,13524.403
2018-04-15 20:00:00,13727.0,14090.179
2018-04-15 21:00:00,13457.0,13527.634
2018-04-15 22:00:00,12794.0,12781.884
2018-04-15 23:00:00,12196.0,12081.058
2018-04-16 00:00:00,11858.0,11642.896
2018-04-16 01:00:00,11613.0,11594.913
2018-04-16 02:00:00,11521.0,11526.818
2018-04-16 03:00:00,11777.0,11553.062
2018-04-16 04:00:00,12119.0,12154.325
2018-04-16 05:00:00,12967.0,13128.15
2018-04-16 06:00:00,14465.0,14473.408
2018-04-16 07:00:00,15299.0,15213.928
2018-04-16 08:00:00,15571.0,15441.321
2018-04-16 09:00:00,15802.0,15676.917
2018-04-16 10:00:00,15980.0,15936.024
2018-04-16 11:00:00,15924.0,15978.65
2018-04-16 12:00:00,15917.0,15880.764
2018-04-16 13:00:00,15909.0,15835.505
2018-04-16 14:00:00,15941.0,15741.226
2018-04-16 15:00:00,15855.0,15766.698
2018-04-16 16:00:00,16003.0,15857.56
2018-04-16 17:00:00,16279.0,16082.825
2018-04-16 18:00:00,16441.0,16372.522
2018-04-16 19:00:00,16617.0,16620.191
2018-04-16 20:00:00,17107.0,16926.404
2018-04-16 21:00:00,16787.0,16840.453
2018-04-16 22:00:00,15951.0,15858.826
2018-04-16 23:00:00,15252.0,14850.161
2018-04-17 00:00:00,14706.0,14583.032
2018-04-17 01:00:00,14502.0,14324.982
2018-04-17 02:00:00,14466.0,14498.828
2018-04-17 03:00:00,14474.0,14585.832
2018-04-17 04:00:00,14770.0,14758.702
2018-04-17 05:00:00,15529.0,15622.338
2018-04-17 06:00:00,16714.0,16861.936
2018-04-17 07:00:00,17378.0,17676.842
2018-04-17 08:00:00,17470.0,17467.62
2018-04-17 09:00:00,17507.0,17282.047
2018-04-17 10:00:00,17442.0,17371.426
2018-04-17 11:00:00,17158.0,17153.557
2018-04-17 12:00:00,16817.0,16856.254
2018-04-17 13:00:00,16409.0,16509.432
2018-04-17 14:00:00,16005.0,16024.032
2018-04-17 15:00:00,15578.0,15635.972
2018-04-17 16:00:00,15228.0,15349.02
2018-04-17 17:00:00,15206.0,15125.303
2018-04-17 18:00:00,15035.0,15246.123
2018-04-17 19:00:00,15233.0,15309.385
2018-04-17 20:00:00,15752.0,15978.445
2018-04-17 21:00:00,15710.0,15929.239
2018-04-17 22:00:00,14911.0,15002.562
2018-04-17 23:00:00,14105.0,14092.182
2018-04-18 00:00:00,13723.0,13536.099
2018-04-18 01:00:00,13541.0,13464.285
2018-04-18 02:00:00,13469.0,13498.169
2018-04-18 03:00:00,13555.0,13542.961
2018-04-18 04:00:00,13836.0,13867.212
2018-04-18 05:00:00,14643.0,14576.341
2018-04-18 06:00:00,16002.0,15970.915
2018-04-18 07:00:00,16349.0,16707.414
2018-04-18 08:00:00,16082.0,16228.545
2018-04-18 09:00:00,15797.0,15774.8955
2018-04-18 10:00:00,14558.0,15494.589
2018-04-18 11:00:00,15031.0,14000.955
2018-04-18 12:00:00,14622.0,14814.586
2018-04-18 13:00:00,14369.0,14455.351
2018-04-18 14:00:00,14065.0,14143.982
2018-04-18 15:00:00,13930.0,13855.246
2018-04-18 16:00:00,14019.0,13844.046
2018-04-18 17:00:00,14095.0,14069.544
2018-04-18 18:00:00,14149.0,14238.815
2018-04-18 19:00:00,14210.0,14343.987
2018-04-18 20:00:00,14742.0,14730.955
2018-04-18 21:00:00,14521.0,14857.286
2018-04-18 22:00:00,13769.0,13800.607
2018-04-18 23:00:00,12977.0,12939.862
2018-04-19 00:00:00,12443.0,12459.458
2018-04-19 01:00:00,12110.0,12083.099
2018-04-19 02:00:00,11892.0,12051.81
2018-04-19 03:00:00,11963.0,11983.601
2018-04-19 04:00:00,12227.0,12246.352
2018-04-19 05:00:00,13131.0,12996.272
2018-04-19 06:00:00,14430.0,14518.428
2018-04-19 07:00:00,15082.0,15055.805
2018-04-19 08:00:00,15246.0,15071.325
2018-04-19 09:00:00,15329.0,15153.426
2018-04-19 10:00:00,15462.0,15254.13
2018-04-19 11:00:00,15385.0,15394.78
2018-04-19 12:00:00,15319.0,15278.541
2018-04-19 13:00:00,15235.0,15250.543
2018-04-19 14:00:00,14967.0,15053.735
2018-04-19 15:00:00,14632.0,14761.141
2018-04-19 16:00:00,14465.0,14494.161
2018-04-19 17:00:00,14445.0,14327.96
2018-04-19 18:00:00,14270.0,14377.784
2018-04-19 19:00:00,14575.0,14348.014
2018-04-19 20:00:00,15259.0,15192.235
2018-04-19 21:00:00,15368.0,15160.615
2018-04-19 22:00:00,14760.0,14558.169
2018-04-19 23:00:00,14084.0,13817.412
2018-04-20 00:00:00,13739.0,13490.0205
2018-04-20 01:00:00,13630.0,13470.913
2018-04-20 02:00:00,13581.0,13583.641
2018-04-20 03:00:00,13669.0,13587.919
2018-04-20 04:00:00,14078.0,13977.063
2018-04-20 05:00:00,15019.0,14859.73
2018-04-20 06:00:00,16274.0,16286.619
2018-04-20 07:00:00,16753.0,17044.79
2018-04-20 08:00:00,16364.0,16759.959
2018-04-20 09:00:00,15781.0,16076.782
2018-04-20 10:00:00,15268.0,15419.28
2018-04-20 11:00:00,14803.0,14831.423
2018-04-20 12:00:00,14450.0,14521.704
2018-04-20 13:00:00,14162.0,14114.251
2018-04-20 14:00:00,13771.0,13839.248
2018-04-20 15:00:00,13402.0,13487.577
2018-04-20 16:00:00,13322.0,13328.15
2018-04-20 17:00:00,13059.0,13281.213
2018-04-20 18:00:00,13036.0,13062.927
2018-04-20 19:00:00,13089.0,13226.327
2018-04-20 20:00:00,13613.0,13869.264
2018-04-20 21:00:00,13872.0,13899.596
2018-04-20 22:00:00,13407.0,13541.37
2018-04-20 23:00:00,12874.0,12753.6875
2018-04-21 00:00:00,12396.0,12370.592
2018-04-21 01:00:00,12382.0,12030.585
2018-04-21 02:00:00,12467.0,12194.5
2018-04-21 03:00:00,12658.0,12479.142
2018-04-21 04:00:00,12900.0,12971.202
2018-04-21 05:00:00,13292.0,13347.523
2018-04-21 06:00:00,13901.0,13816.729
2018-04-21 07:00:00,14219.0,14245.569
2018-04-21 08:00:00,14299.0,14302.764
2018-04-21 09:00:00,14133.0,14189.317
2018-04-21 10:00:00,13660.0,13906.861
2018-04-21 11:00:00,13325.0,13285.536
2018-04-21 12:00:00,12896.0,12994.248
2018-04-21 13:00:00,12535.0,12598.272
2018-04-21 14:00:00,12386.0,12229.541
2018-04-21 15:00:00,12246.0,12245.528
2018-04-21 16:00:00,12254.0,12284.32
2018-04-21 17:00:00,12392.0,12312.106
2018-04-21 18:00:00,12335.0,12493.393
2018-04-21 19:00:00,12295.0,12588.258
2018-04-21 20:00:00,12796.0,13019.122
2018-04-21 21:00:00,12759.0,13000.911
2018-04-21 22:00:00,12300.0,12323.953
2018-04-21 23:00:00,11782.0,11767.166
2018-04-22 00:00:00,11264.0,11316.555
2018-04-22 01:00:00,11000.0,10924.638
2018-04-22 02:00:00,10991.0,10874.626
2018-04-22 03:00:00,11039.0,10998.811
2018-04-22 04:00:00,11099.0,11161.048
2018-04-22 05:00:00,11515.0,11290.767
2018-04-22 06:00:00,11747.0,11904.417
2018-04-22 07:00:00,12194.0,12225.113
2018-04-22 08:00:00,12571.0,12547.753
2018-04-22 09:00:00,12681.0,12740.64
2018-04-22 10:00:00,12436.0,12564.769
2018-04-22 11:00:00,12214.0,12270.754
2018-04-22 12:00:00,12124.0,12076.665
2018-04-22 13:00:00,12008.0,11950.165
2018-04-22 14:00:00,11928.0,11878.043
2018-04-22 15:00:00,11950.0,11834.743
2018-04-22 16:00:00,11868.0,11957.59
2018-04-22 17:00:00,12007.0,11977.86
2018-04-22 18:00:00,12053.0,12025.645
2018-04-22 19:00:00,12245.0,12097.254
2018-04-22 20:00:00,12874.0,12789.172
2018-04-22 21:00:00,12923.0,12931.109
2018-04-22 22:00:00,12271.0,12456.871
2018-04-22 23:00:00,11668.0,11592.699
2018-04-23 00:00:00,11310.0,11232.64
2018-04-23 01:00:00,11073.0,10969.438
2018-04-23 02:00:00,11060.0,10951.382
2018-04-23 03:00:00,11066.0,11125.508
2018-04-23 04:00:00,11282.0,11375.687
2018-04-23 05:00:00,12199.0,12035.94
2018-04-23 06:00:00,13501.0,13536.034
2018-04-23 07:00:00,14066.0,14270.904
2018-04-23 08:00:00,14086.0,14351.859
2018-04-23 09:00:00,14033.0,14227.763
2018-04-23 10:00:00,14004.0,14144.542
2018-04-23 11:00:00,13971.0,13954.427
2018-04-23 12:00:00,13931.0,13900.797
2018-04-23 13:00:00,13947.0,13911.661
2018-04-23 14:00:00,13832.0,13887.427
2018-04-23 15:00:00,13723.0,13802.476
2018-04-23 16:00:00,13720.0,13756.486
2018-04-23 17:00:00,13749.0,13790.771
2018-04-23 18:00:00,13841.0,13809.978
2018-04-23 19:00:00,13908.0,14017.809
2018-04-23 20:00:00,14199.0,14468.654
2018-04-23 21:00:00,13886.0,14245.722
2018-04-23 22:00:00,13152.0,13291.427
2018-04-23 23:00:00,12380.0,12284.804
2018-04-24 00:00:00,10158.0,11765.578
2018-04-24 01:00:00,9929.0,10569.668
2018-04-24 02:00:00,9824.0,10304.359
2018-04-24 03:00:00,9815.0,10316.853
2018-04-24 04:00:00,10088.0,10408.556
2018-04-24 05:00:00,10692.0,10693.68
2018-04-24 06:00:00,11791.0,11100.142
2018-04-24 07:00:00,12372.0,12833.363
2018-04-24 08:00:00,12581.0,13215.176
2018-04-24 09:00:00,12625.0,13205.609
2018-04-24 10:00:00,12599.0,13016.591
2018-04-24 11:00:00,12609.0,12836.591
2018-04-24 12:00:00,12427.0,12729.616
2018-04-24 13:00:00,12363.0,12603.669
2018-04-24 14:00:00,12232.0,12525.061
2018-04-24 15:00:00,12111.0,12473.423
2018-04-24 16:00:00,12130.0,12376.73
2018-04-24 17:00:00,12074.0,12380.368
2018-04-24 18:00:00,12089.0,12265.001
2018-04-24 19:00:00,12195.0,12300.422
2018-04-24 20:00:00,12427.0,12912.985
2018-04-24 21:00:00,12357.0,12736.84
2018-04-24 22:00:00,11502.0,12215.115
2018-04-24 23:00:00,10815.0,11518.297
2018-04-25 00:00:00,11979.0,10560.284
2018-04-25 01:00:00,11585.0,11855.175
2018-04-25 02:00:00,11425.0,11734.001
2018-04-25 03:00:00,11462.0,11649.776
2018-04-25 04:00:00,11664.0,11651.26
2018-04-25 05:00:00,12438.0,12359.01
2018-04-25 06:00:00,13677.0,13816.119
2018-04-25 07:00:00,14195.0,14299.477
2018-04-25 08:00:00,14346.0,14374.012
2018-04-25 09:00:00,14269.0,14465.216
2018-04-25 10:00:00,14311.0,14340.336
2018-04-25 11:00:00,14239.0,14256.44
2018-04-25 12:00:00,14044.0,14197.226
2018-04-25 13:00:00,14040.0,13986.833
2018-04-25 14:00:00,13892.0,14015.672
2018-04-25 15:00:00,13814.0,13831.054
2018-04-25 16:00:00,13688.0,13829.382
2018-04-25 17:00:00,13556.0,13686.507
2018-04-25 18:00:00,13459.0,13553.397
2018-04-25 19:00:00,13508.0,13519.9
2018-04-25 20:00:00,13888.0,14045.163
2018-04-25 21:00:00,13956.0,13903.607
2018-04-25 22:00:00,13142.0,13378.119
2018-04-25 23:00:00,12390.0,12427.824
2018-04-26 00:00:00,11939.0,11762.972
2018-04-26 01:00:00,11639.0,11643.856
2018-04-26 02:00:00,11608.0,11560.032
2018-04-26 03:00:00,11653.0,11694.148
2018-04-26 04:00:00,11890.0,11974.442
2018-04-26 05:00:00,12712.0,12745.844
2018-04-26 06:00:00,13843.0,14119.143
2018-04-26 07:00:00,14375.0,14449.049
2018-04-26 08:00:00,14294.0,14571.281
2018-04-26 09:00:00,14154.0,14326.173
2018-04-26 10:00:00,13972.0,14204.524
2018-04-26 11:00:00,13804.0,13826.338
2018-04-26 12:00:00,13706.0,13613.851
2018-04-26 13:00:00,13709.0,13515.453
2018-04-26 14:00:00,13588.0,13533.798
2018-04-26 15:00:00,13329.0,13468.855
2018-04-26 16:00:00,13271.0,13282.077
2018-04-26 17:00:00,13206.0,13242.985
2018-04-26 18:00:00,13188.0,13147.641
2018-04-26 19:00:00,13319.0,13229.83
2018-04-26 20:00:00,13658.0,13763.232
2018-04-26 21:00:00,13637.0,13597.268
2018-04-26 22:00:00,12903.0,12971.8545
2018-04-26 23:00:00,12019.0,12206.343
2018-04-27 00:00:00,11587.0,11511.314
2018-04-27 01:00:00,11361.0,11320.754
2018-04-27 02:00:00,11264.0,11254.207
2018-04-27 03:00:00,11259.0,11292.839
2018-04-27 04:00:00,11572.0,11536.647
2018-04-27 05:00:00,12378.0,12371.934
2018-04-27 06:00:00,13510.0,13669.351
2018-04-27 07:00:00,13977.0,14099.148
2018-04-27 08:00:00,14132.0,14067.796
2018-04-27 09:00:00,14068.0,14126.494
2018-04-27 10:00:00,14116.0,13981.177
2018-04-27 11:00:00,13994.0,13933.809
2018-04-27 12:00:00,13961.0,13783.776
2018-04-27 13:00:00,13822.0,13769.137
2018-04-27 14:00:00,13671.0,13634.063
2018-04-27 15:00:00,13413.0,13430.449
2018-04-27 16:00:00,13300.0,13329.968
2018-04-27 17:00:00,13161.0,13211.331
2018-04-27 18:00:00,12934.0,13070.55
2018-04-27 19:00:00,12817.0,12964.162
2018-04-27 20:00:00,13194.0,13309.004
2018-04-27 21:00:00,13062.0,13268.783
2018-04-27 22:00:00,12564.0,12487.924
2018-04-27 23:00:00,11850.0,11990.369
2018-04-28 00:00:00,11374.0,11307.257
2018-04-28 01:00:00,11004.0,10956.249
2018-04-28 02:00:00,10905.0,10862.07
2018-04-28 03:00:00,10963.0,10813.471
2018-04-28 04:00:00,11126.0,11001.205
2018-04-28 05:00:00,11459.0,11471.951
2018-04-28 06:00:00,11910.0,11914.991
2018-04-28 07:00:00,12377.0,12318.269
2018-04-28 08:00:00,12803.0,12732.314
2018-04-28 09:00:00,13013.0,12990.201
2018-04-28 10:00:00,13035.0,13016.084
2018-04-28 11:00:00,12866.0,12914.997
2018-04-28 12:00:00,12818.0,12730.467
2018-04-28 13:00:00,12754.0,12654.16
2018-04-28 14:00:00,12587.0,12642.273
2018-04-28 15:00:00,12178.0,12423.316
2018-04-28 16:00:00,12547.0,12033.022
2018-04-28 17:00:00,12589.0,12505.472
2018-04-28 18:00:00,12582.0,12555.113
2018-04-28 19:00:00,12549.0,12596.362
2018-04-28 20:00:00,12826.0,12957.751
2018-04-28 21:00:00,13032.0,12848.976
2018-04-28 22:00:00,12555.0,12400.376
2018-04-28 23:00:00,12099.0,11794.349
2018-04-29 00:00:00,11673.0,11519.982
2018-04-29 01:00:00,11552.0,11275.668
2018-04-29 02:00:00,11395.0,11307.518
2018-04-29 03:00:00,11505.0,11230.674
2018-04-29 04:00:00,11427.0,11529.743
2018-04-29 05:00:00,11801.0,11735.723
2018-04-29 06:00:00,12136.0,12169.118
2018-04-29 07:00:00,12513.0,12481.622
2018-04-29 08:00:00,12821.0,12933.952
2018-04-29 09:00:00,12823.0,12928.368
2018-04-29 10:00:00,12568.0,12696.267
2018-04-29 11:00:00,12385.0,12461.632
2018-04-29 12:00:00,12327.0,12276.921
2018-04-29 13:00:00,12149.0,12211.001
2018-04-29 14:00:00,11876.0,11928.73
2018-04-29 15:00:00,11804.0,11806.759
2018-04-29 16:00:00,11840.0,11852.538
2018-04-29 17:00:00,11947.0,11971.59
2018-04-29 18:00:00,12072.0,12010.668
2018-04-29 19:00:00,12298.0,12194.75
2018-04-29 20:00:00,12963.0,12828.007
2018-04-29 21:00:00,13115.0,13136.929
2018-04-29 22:00:00,12674.0,12518.785
2018-04-29 23:00:00,12126.0,12006.496
2018-04-30 00:00:00,11911.0,11771.119
2018-04-30 01:00:00,11899.0,11673.976
2018-04-30 02:00:00,11875.0,11910.37
2018-04-30 03:00:00,12026.0,12060.814
2018-04-30 04:00:00,12569.0,12360.886
2018-04-30 05:00:00,13429.0,13674.271
2018-04-30 06:00:00,14651.0,14804.161
2018-04-30 07:00:00,15261.0,15387.372
2018-04-30 08:00:00,15021.0,15381.217
2018-04-30 09:00:00,14618.0,14946.275
2018-04-30 10:00:00,14331.0,14516.36
2018-04-30 11:00:00,14173.0,14169.323
2018-04-30 12:00:00,13988.0,14056.641
2018-04-30 13:00:00,13864.0,13929.911
2018-04-30 14:00:00,13683.0,13716.92
2018-04-30 15:00:00,13505.0,13626.22
2018-04-30 16:00:00,13504.0,13543.441
2018-04-30 17:00:00,13375.0,13607.925
2018-04-30 18:00:00,13297.0,13391.533
2018-04-30 19:00:00,13362.0,13364.173
2018-04-30 20:00:00,13660.0,13964.249
2018-04-30 21:00:00,13668.0,13727.428
2018-04-30 22:00:00,12848.0,13119.889
2018-04-30 23:00:00,12015.0,12221.471
2018-05-01 00:00:00,11538.0,11465.342
2018-05-01 01:00:00,11239.0,11196.742
2018-05-01 02:00:00,11211.0,11170.691
2018-05-01 03:00:00,11267.0,11221.215
2018-05-01 04:00:00,11559.0,11568.33
2018-05-01 05:00:00,12488.0,12313.153
2018-05-01 06:00:00,13740.0,13681.666
2018-05-01 07:00:00,14233.0,14367.515
2018-05-01 08:00:00,14037.0,14298.64
2018-05-01 09:00:00,13838.0,14129.928
2018-05-01 10:00:00,13776.0,13896.579
2018-05-01 11:00:00,13744.0,13727.803
2018-05-01 12:00:00,13763.0,13658.63
2018-05-01 13:00:00,13932.0,13770.411
2018-05-01 14:00:00,13954.0,13976.605
2018-05-01 15:00:00,13884.0,14014.6
2018-05-01 16:00:00,14064.0,13915.362
2018-05-01 17:00:00,14062.0,14171.97
2018-05-01 18:00:00,14103.0,14143.709
2018-05-01 19:00:00,13999.0,14193.303
2018-05-01 20:00:00,14268.0,14357.86
2018-05-01 21:00:00,14160.0,14400.138
2018-05-01 22:00:00,13171.0,13392.659
2018-05-01 23:00:00,12117.0,12314.084
2018-05-02 00:00:00,11357.0,11619.753
2018-05-02 01:00:00,10847.0,11054.005
2018-05-02 02:00:00,10665.0,10756.898
2018-05-02 03:00:00,10709.0,10651.727
2018-05-02 04:00:00,10895.0,10908.795
2018-05-02 05:00:00,11512.0,11551.895
2018-05-02 06:00:00,12725.0,12571.871
2018-05-02 07:00:00,13325.0,13506.43
2018-05-02 08:00:00,13507.0,13856.062
2018-05-02 09:00:00,13733.0,13957.563
2018-05-02 10:00:00,14119.0,14094.698
2018-05-02 11:00:00,14322.0,14331.018
2018-05-02 12:00:00,14697.0,14352.302
2018-05-02 13:00:00,14793.0,14860.076
2018-05-02 14:00:00,15214.0,14797.016
2018-05-02 15:00:00,15370.0,15290.832
2018-05-02 16:00:00,15561.0,15501.864
2018-05-02 17:00:00,15609.0,15627.342
2018-05-02 18:00:00,15525.0,15538.992
2018-05-02 19:00:00,15424.0,15445.557
2018-05-02 20:00:00,15622.0,15521.419
2018-05-02 21:00:00,15443.0,15635.882
2018-05-02 22:00:00,14297.0,14374.548
2018-05-02 23:00:00,13153.0,13074.326
2018-05-03 00:00:00,12232.0,12208.36
2018-05-03 01:00:00,11773.0,11679.978
2018-05-03 02:00:00,11468.0,11462.121
2018-05-03 03:00:00,11350.0,11329.177
2018-05-03 04:00:00,11412.0,11508.0625
2018-05-03 05:00:00,12004.0,12017.995
2018-05-03 06:00:00,13156.0,13221.722
2018-05-03 07:00:00,13768.0,13932.11
2018-05-03 08:00:00,14092.0,14218.887
2018-05-03 09:00:00,14536.0,14431.369
2018-05-03 10:00:00,14947.0,14904.759
2018-05-03 11:00:00,15283.0,15169.077
2018-05-03 12:00:00,15618.0,15554.963
2018-05-03 13:00:00,15795.0,15903.815
2018-05-03 14:00:00,15949.0,15966.964
2018-05-03 15:00:00,16053.0,15974.465
2018-05-03 16:00:00,16055.0,16189.064
2018-05-03 17:00:00,15910.0,15999.544
2018-05-03 18:00:00,15756.0,15661.483
2018-05-03 19:00:00,15460.0,15520.072
2018-05-03 20:00:00,15630.0,15551.065
2018-05-03 21:00:00,15440.0,15677.91
2018-05-03 22:00:00,14374.0,14413.82
2018-05-03 23:00:00,13233.0,13132.628
2018-05-04 00:00:00,12319.0,12281.974
2018-05-04 01:00:00,11848.0,11794.917
2018-05-04 02:00:00,11472.0,11517.809
2018-05-04 03:00:00,11321.0,11328.008
2018-05-04 04:00:00,11293.0,11489.931
2018-05-04 05:00:00,11767.0,11856.055
2018-05-04 06:00:00,12883.0,12760.632
2018-05-04 07:00:00,13647.0,13766.846
2018-05-04 08:00:00,13884.0,14178.878
2018-05-04 09:00:00,14225.0,14290.008
2018-05-04 10:00:00,14853.0,14648.875
2018-05-04 11:00:00,15061.0,15057.55
2018-05-04 12:00:00,15404.0,15270.49
2018-05-04 13:00:00,15576.0,15634.842
2018-05-04 14:00:00,15619.0,15660.366
2018-05-04 15:00:00,15402.0,15596.45
2018-05-04 16:00:00,15235.0,15319.561
2018-05-04 17:00:00,14779.0,15060.084
2018-05-04 18:00:00,14470.0,14391.917
2018-05-04 19:00:00,13996.0,14109.932
2018-05-04 20:00:00,13973.0,13975.078
2018-05-04 21:00:00,13991.0,13940.475
2018-05-04 22:00:00,13164.0,13327.668
2018-05-04 23:00:00,12311.0,12194.727
2018-05-05 00:00:00,11352.0,11532.625
2018-05-05 01:00:00,10967.0,10863.943
2018-05-05 02:00:00,10566.0,10591.507
2018-05-05 03:00:00,10317.0,10474.994
2018-05-05 04:00:00,10358.0,10390.762
2018-05-05 05:00:00,10590.0,10498.205
2018-05-05 06:00:00,10822.0,10851.691
2018-05-05 07:00:00,11173.0,11376.363
2018-05-05 08:00:00,11685.0,11865.736
2018-05-05 09:00:00,12154.0,12291.772
2018-05-05 10:00:00,12347.0,12536.823
2018-05-05 11:00:00,12499.0,12662.259
2018-05-05 12:00:00,12513.0,12670.933
2018-05-05 13:00:00,12603.0,12583.779
2018-05-05 14:00:00,12607.0,12547.301
2018-05-05 15:00:00,12652.0,12551.421
2018-05-05 16:00:00,12728.0,12647.128
2018-05-05 17:00:00,12795.0,12710.506
2018-05-05 18:00:00,12646.0,12699.123
2018-05-05 19:00:00,12599.0,12577.963
2018-05-05 20:00:00,12772.0,12761.568
2018-05-05 21:00:00,12593.0,12895.25
2018-05-05 22:00:00,12003.0,11904.246
2018-05-05 23:00:00,11252.0,11218.366
2018-05-06 00:00:00,10662.0,10659.124
2018-05-06 01:00:00,10321.0,10343.723
2018-05-06 02:00:00,10057.0,10000.918
2018-05-06 03:00:00,9952.0,9872.408
2018-05-06 04:00:00,9925.0,9890.144
2018-05-06 05:00:00,10023.0,10069.836
2018-05-06 06:00:00,10207.0,10272.588
2018-05-06 07:00:00,10520.0,10615.308
2018-05-06 08:00:00,11162.0,11331.986
2018-05-06 09:00:00,11600.0,11689.716
2018-05-06 10:00:00,11926.0,11913.376
2018-05-06 11:00:00,12065.0,12039.12
2018-05-06 12:00:00,12238.0,12276.452
2018-05-06 13:00:00,12327.0,12355.077
2018-05-06 14:00:00,12497.0,12423.879
2018-05-06 15:00:00,12654.0,12659.256
2018-05-06 16:00:00,12871.0,12826.992
2018-05-06 17:00:00,13118.0,13039.413
2018-05-06 18:00:00,13152.0,13235.89
2018-05-06 19:00:00,13171.0,13286.692
2018-05-06 20:00:00,13247.0,13579.07
2018-05-06 21:00:00,13084.0,13345.104
2018-05-06 22:00:00,12291.0,12513.469
2018-05-06 23:00:00,11451.0,11610.671
2018-05-07 00:00:00,10832.0,10993.332
2018-05-07 01:00:00,10463.0,10624.332
2018-05-07 02:00:00,10289.0,10207.114
2018-05-07 03:00:00,10319.0,10146.614
2018-05-07 04:00:00,10740.0,10201.478
2018-05-07 05:00:00,11400.0,10991.903
2018-05-07 06:00:00,12533.0,12340.0625
2018-05-07 07:00:00,13158.0,13489.687
2018-05-07 08:00:00,13368.0,13851.808
2018-05-07 09:00:00,13675.0,14113.574
2018-05-07 10:00:00,13884.0,14078.77
2018-05-07 11:00:00,14029.0,14061.766
2018-05-07 12:00:00,14088.0,14162.451
2018-05-07 13:00:00,14238.0,14172.93
2018-05-07 14:00:00,14351.0,14259.176
2018-05-07 15:00:00,14373.0,14371.121
2018-05-07 16:00:00,14366.0,14460.013
2018-05-07 17:00:00,14310.0,14403.034
2018-05-07 18:00:00,14274.0,14200.007
2018-05-07 19:00:00,14019.0,14277.609
2018-05-07 20:00:00,14138.0,14301.046
2018-05-07 21:00:00,13994.0,14186.142
2018-05-07 22:00:00,13048.0,13260.423
2018-05-07 23:00:00,12047.0,12110.7
2018-05-08 00:00:00,11347.0,11380.085
2018-05-08 01:00:00,10994.0,10949.479
2018-05-08 02:00:00,10793.0,10855.35
2018-05-08 03:00:00,10746.0,10631.738
2018-05-08 04:00:00,10888.0,10879.467
2018-05-08 05:00:00,11556.0,11488.325
2018-05-08 06:00:00,12462.0,12629.28
2018-05-08 07:00:00,13123.0,13510.333
2018-05-08 08:00:00,13411.0,13912.141
2018-05-08 09:00:00,13631.0,14017.636
2018-05-08 10:00:00,13804.0,14021.594
2018-05-08 11:00:00,14043.0,13959.216
2018-05-08 12:00:00,14214.0,14141.614
2018-05-08 13:00:00,14461.0,14295.627
2018-05-08 14:00:00,14575.0,14500.926
2018-05-08 15:00:00,14769.0,14552.384
2018-05-08 16:00:00,14850.0,14818.031
2018-05-08 17:00:00,14877.0,14876.401
2018-05-08 18:00:00,14862.0,14777.8125
2018-05-08 19:00:00,14690.0,14854.481
2018-05-08 20:00:00,14696.0,14947.249
2018-05-08 21:00:00,14633.0,14677.309
2018-05-08 22:00:00,13610.0,13698.722
2018-05-08 23:00:00,12462.0,12504.94
2018-05-09 00:00:00,11683.0,11715.851
2018-05-09 01:00:00,11139.0,11227.957
2018-05-09 02:00:00,10903.0,10938.832
2018-05-09 03:00:00,10858.0,10844.993
2018-05-09 04:00:00,10956.0,11068.0205
2018-05-09 05:00:00,11521.0,11556.029
2018-05-09 06:00:00,12420.0,12597.95
2018-05-09 07:00:00,13065.0,13408.338
2018-05-09 08:00:00,13396.0,13939.296
2018-05-09 09:00:00,13648.0,14059.954
2018-05-09 10:00:00,14015.0,14067.392
2018-05-09 11:00:00,14442.0,14251.214
2018-05-09 12:00:00,14798.0,14581.375
2018-05-09 13:00:00,15118.0,14976.541
2018-05-09 14:00:00,15416.0,15222.82
2018-05-09 15:00:00,15545.0,15522.407
2018-05-09 16:00:00,15702.0,15614.909
2018-05-09 17:00:00,15667.0,15680.714
2018-05-09 18:00:00,15657.0,15590.083
2018-05-09 19:00:00,15405.0,15596.923
2018-05-09 20:00:00,15338.0,15486.949
2018-05-09 21:00:00,15225.0,15331.414
2018-05-09 22:00:00,14151.0,14202.364
2018-05-09 23:00:00,13103.0,13004.225
2018-05-10 00:00:00,12273.0,12236.6
2018-05-10 01:00:00,11789.0,11707.56
2018-05-10 02:00:00,11404.0,11482.421
2018-05-10 03:00:00,11184.0,11241.847
2018-05-10 04:00:00,11368.0,11294.523
2018-05-10 05:00:00,11813.0,12002.4
2018-05-10 06:00:00,12919.0,12858.198
2018-05-10 07:00:00,13491.0,13825.748
2018-05-10 08:00:00,13915.0,14182.961
2018-05-10 09:00:00,14362.0,14341.839
2018-05-10 10:00:00,14788.0,14824.131
2018-05-10 11:00:00,15030.0,15039.403
2018-05-10 12:00:00,15316.0,15327.521
2018-05-10 13:00:00,15664.0,15561.389
2018-05-10 14:00:00,15753.0,15746.773
2018-05-10 15:00:00,15760.0,15847.865
2018-05-10 16:00:00,15782.0,15815.743
2018-05-10 17:00:00,15632.0,15691.929
2018-05-10 18:00:00,15524.0,15403.199
2018-05-10 19:00:00,15153.0,15348.149
2018-05-10 20:00:00,15031.0,15231.285
2018-05-10 21:00:00,14941.0,15074.992
2018-05-10 22:00:00,13843.0,13979.234
2018-05-10 23:00:00,12639.0,12692.003
2018-05-11 00:00:00,11813.0,11854.659
2018-05-11 01:00:00,11345.0,11340.326
2018-05-11 02:00:00,11006.0,11124.451
2018-05-11 03:00:00,10869.0,10959.56
2018-05-11 04:00:00,10892.0,11060.028
2018-05-11 05:00:00,11409.0,11466.242
2018-05-11 06:00:00,12317.0,12258.179
2018-05-11 07:00:00,13056.0,13292.31
2018-05-11 08:00:00,13417.0,13847.294
2018-05-11 09:00:00,13644.0,13971.238
2018-05-11 10:00:00,14117.0,14088.948
2018-05-11 11:00:00,14443.0,14454.2295
2018-05-11 12:00:00,14766.0,14662.601
2018-05-11 13:00:00,15233.0,14994.002
2018-05-11 14:00:00,15460.0,15392.436
2018-05-11 15:00:00,15600.0,15550.615
2018-05-11 16:00:00,15558.0,15657.683
2018-05-11 17:00:00,15374.0,15393.27
2018-05-11 18:00:00,15073.0,15072.935
2018-05-11 19:00:00,14576.0,14747.54
2018-05-11 20:00:00,14384.0,14370.6045
2018-05-11 21:00:00,14214.0,14225.17
2018-05-11 22:00:00,13399.0,13409.14
2018-05-11 23:00:00,12327.0,12368.045
2018-05-12 00:00:00,11617.0,11500.691
2018-05-12 01:00:00,10913.0,11049.433
2018-05-12 02:00:00,10702.0,10617.959
2018-05-12 03:00:00,10366.0,10460.197
2018-05-12 04:00:00,10455.0,10321.876
2018-05-12 05:00:00,10593.0,10441.13
2018-05-12 06:00:00,10825.0,10806.757
2018-05-12 07:00:00,11296.0,11378.519
2018-05-12 08:00:00,12211.0,11996.555
2018-05-12 09:00:00,12887.0,12783.687
2018-05-12 10:00:00,13543.0,13219.172
2018-05-12 11:00:00,13933.0,13729.378
2018-05-12 12:00:00,14406.0,14070.814
2018-05-12 13:00:00,14755.0,14617.047
2018-05-12 14:00:00,14951.0,14948.551
2018-05-12 15:00:00,15110.0,15069.578
2018-05-12 16:00:00,15008.0,15139.233
2018-05-12 17:00:00,14920.0,14870.019
2018-05-12 18:00:00,14648.0,14630.158
2018-05-12 19:00:00,14253.0,14345.193
2018-05-12 20:00:00,13995.0,14189.079
2018-05-12 21:00:00,13857.0,13833.073
2018-05-12 22:00:00,13059.0,13121.63
2018-05-12 23:00:00,12158.0,12063.296
2018-05-13 00:00:00,11363.0,11346.459
2018-05-13 01:00:00,10737.0,10797.1455
2018-05-13 02:00:00,10426.0,10354.865
2018-05-13 03:00:00,10233.0,10074.512
2018-05-13 04:00:00,10036.0,9970.912
2018-05-13 05:00:00,10092.0,10070.496
2018-05-13 06:00:00,10296.0,10191.575
2018-05-13 07:00:00,10678.0,10619.304
2018-05-13 08:00:00,11518.0,11440.111
2018-05-13 09:00:00,12161.0,12191.568
2018-05-13 10:00:00,12733.0,12544.863
2018-05-13 11:00:00,13264.0,13037.308
2018-05-13 12:00:00,13759.0,13677.634
2018-05-13 13:00:00,14146.0,14073.401
2018-05-13 14:00:00,14471.0,14451.116
2018-05-13 15:00:00,14923.0,14691.943
2018-05-13 16:00:00,15175.0,15151.994
2018-05-13 17:00:00,15258.0,15351.111
2018-05-13 18:00:00,15216.0,15157.861
2018-05-13 19:00:00,15133.0,15048.7295
2018-05-13 20:00:00,15133.0,15110.543
2018-05-13 21:00:00,15026.0,15078.502
2018-05-13 22:00:00,14046.0,14094.143
2018-05-13 23:00:00,12894.0,12968.808
2018-05-14 00:00:00,12215.0,12115.654
2018-05-14 01:00:00,11715.0,11704.865
2018-05-14 02:00:00,11325.0,11436.894
2018-05-14 03:00:00,11262.0,11223.257
2018-05-14 04:00:00,11405.0,11358.8545
2018-05-14 05:00:00,12023.0,12032.825
2018-05-14 06:00:00,13048.0,13202.95
2018-05-14 07:00:00,13818.0,13921.965
2018-05-14 08:00:00,14479.0,14483.558
2018-05-14 09:00:00,15213.0,15073.556
2018-05-14 10:00:00,15984.0,15737.37
2018-05-14 11:00:00,16542.0,16534.047
2018-05-14 12:00:00,17053.0,17117.947
2018-05-14 13:00:00,17209.0,17481.693
2018-05-14 14:00:00,17254.0,17337.09
2018-05-14 15:00:00,17236.0,17191.164
2018-05-14 16:00:00,17535.0,17267.605
2018-05-14 17:00:00,17782.0,17468.785
2018-05-14 18:00:00,17610.0,17623.975
2018-05-14 19:00:00,17295.0,17308.035
2018-05-14 20:00:00,17050.0,17085.469
2018-05-14 21:00:00,16739.0,16915.35
2018-05-14 22:00:00,15428.0,15538.29
2018-05-14 23:00:00,14099.0,14089.615
2018-05-15 00:00:00,13105.0,13089.239
2018-05-15 01:00:00,12451.0,12435.392
2018-05-15 02:00:00,11993.0,12085.575
2018-05-15 03:00:00,11841.0,11756.46
2018-05-15 04:00:00,11865.0,11893.345
2018-05-15 05:00:00,12480.0,12452.97
2018-05-15 06:00:00,13440.0,13531.607
2018-05-15 07:00:00,14214.0,14285.981
2018-05-15 08:00:00,14815.0,14837.436
2018-05-15 09:00:00,15401.0,15445.262
2018-05-15 10:00:00,16073.0,16004.528
2018-05-15 11:00:00,16700.0,16610.402
2018-05-15 12:00:00,17326.0,17260.572
2018-05-15 13:00:00,17897.0,17823.96
2018-05-15 14:00:00,18072.0,18186.53
2018-05-15 15:00:00,17884.0,18202.084
2018-05-15 16:00:00,17683.0,17825.424
2018-05-15 17:00:00,17300.0,17361.963
2018-05-15 18:00:00,16751.0,16921.744
2018-05-15 19:00:00,16267.0,16286.23
2018-05-15 20:00:00,16143.0,15964.12
2018-05-15 21:00:00,15776.0,16039.151
2018-05-15 22:00:00,14547.0,14622.443
2018-05-15 23:00:00,13367.0,13304.308
2018-05-16 00:00:00,12488.0,12472.059
2018-05-16 01:00:00,11972.0,11899.775
2018-05-16 02:00:00,11556.0,11659.637
2018-05-16 03:00:00,11309.0,11408.647
2018-05-16 04:00:00,11460.0,11405.879
2018-05-16 05:00:00,11965.0,12066.545
2018-05-16 06:00:00,12934.0,13003.639
2018-05-16 07:00:00,13456.0,13705.256
2018-05-16 08:00:00,13869.0,14142.529
2018-05-16 09:00:00,14000.0,14497.096
2018-05-16 10:00:00,14364.0,14501.305
2018-05-16 11:00:00,14586.0,14753.807
2018-05-16 12:00:00,14863.0,14860.195
2018-05-16 13:00:00,15062.0,15175.908
2018-05-16 14:00:00,15265.0,15129.784
2018-05-16 15:00:00,15397.0,15308.298
2018-05-16 16:00:00,15507.0,15412.125
2018-05-16 17:00:00,15560.0,15417.841
2018-05-16 18:00:00,15465.0,15311.54
2018-05-16 19:00:00,15268.0,15234.996
2018-05-16 20:00:00,15300.0,15206.807
2018-05-16 21:00:00,15081.0,15304.543
2018-05-16 22:00:00,14116.0,14147.309
2018-05-16 23:00:00,13043.0,12985.569
2018-05-17 00:00:00,12222.0,12220.397
2018-05-17 01:00:00,11692.0,11717.361
2018-05-17 02:00:00,11458.0,11379.103
2018-05-17 03:00:00,11346.0,11322.2705
2018-05-17 04:00:00,11401.0,11521.1045
2018-05-17 05:00:00,12066.0,12060.771
2018-05-17 06:00:00,13042.0,13208.294
2018-05-17 07:00:00,13820.0,13947.817
2018-05-17 08:00:00,14195.0,14366.132
2018-05-17 09:00:00,14555.0,14475.535
2018-05-17 10:00:00,14997.0,14823.651
2018-05-17 11:00:00,15501.0,15283.267
2018-05-17 12:00:00,16071.0,15785.015
2018-05-17 13:00:00,16510.0,16429.623
2018-05-17 14:00:00,16710.0,16765.178
2018-05-17 15:00:00,16869.0,16917.012
2018-05-17 16:00:00,16906.0,17027.125
2018-05-17 17:00:00,16674.0,16774.463
2018-05-17 18:00:00,16188.0,16333.372
2018-05-17 19:00:00,15887.0,15864.287
2018-05-17 20:00:00,15801.0,15851.477
2018-05-17 21:00:00,15627.0,15808.964
2018-05-17 22:00:00,14595.0,14632.613
2018-05-17 23:00:00,13334.0,13368.158
2018-05-18 00:00:00,12378.0,12428.01
2018-05-18 01:00:00,11822.0,11843.2
2018-05-18 02:00:00,11455.0,11475.849
2018-05-18 03:00:00,11292.0,11311.833
2018-05-18 04:00:00,11402.0,11400.025
2018-05-18 05:00:00,12005.0,11936.929
2018-05-18 06:00:00,12940.0,13153.239
2018-05-18 07:00:00,13603.0,13731.421
2018-05-18 08:00:00,14023.0,14285.136
2018-05-18 09:00:00,14293.0,14640.099
2018-05-18 10:00:00,14531.0,14747.824
2018-05-18 11:00:00,14712.0,14789.762
2018-05-18 12:00:00,14960.0,14984.365
2018-05-18 13:00:00,15112.0,15164.459
2018-05-18 14:00:00,15196.0,15109.773
2018-05-18 15:00:00,15065.0,15161.661
2018-05-18 16:00:00,14938.0,14976.194
2018-05-18 17:00:00,14765.0,14735.986
2018-05-18 18:00:00,14521.0,14410.878
2018-05-18 19:00:00,14199.0,14257.452
2018-05-18 20:00:00,14354.0,14210.935
2018-05-18 21:00:00,14178.0,14352.682
2018-05-18 22:00:00,13346.0,13502.463
2018-05-18 23:00:00,12448.0,12360.874
2018-05-19 00:00:00,11877.0,11637.671
2018-05-19 01:00:00,11342.0,11291.089
2018-05-19 02:00:00,11013.0,11109.38
2018-05-19 03:00:00,10755.0,10885.597
2018-05-19 04:00:00,10700.0,10679.773
2018-05-19 05:00:00,10949.0,10788.372
2018-05-19 06:00:00,11191.0,11075.321
2018-05-19 07:00:00,11444.0,11567.283
2018-05-19 08:00:00,12403.0,12147.714
2018-05-19 09:00:00,13128.0,12890.783
2018-05-19 10:00:00,13595.0,13438.729
2018-05-19 11:00:00,13753.0,13778.885
2018-05-19 12:00:00,14187.0,13822.014
2018-05-19 13:00:00,14335.0,14312.828
2018-05-19 14:00:00,14465.0,14392.663
2018-05-19 15:00:00,14784.0,14551.655
2018-05-19 16:00:00,14997.0,14881.41
2018-05-19 17:00:00,15001.0,15105.454
2018-05-19 18:00:00,14734.0,14848.373
2018-05-19 19:00:00,14377.0,14506.652
2018-05-19 20:00:00,14179.0,14397.533
2018-05-19 21:00:00,14060.0,14172.409
2018-05-19 22:00:00,13343.0,13377.904
2018-05-19 23:00:00,12331.0,12417.127
2018-05-20 00:00:00,11533.0,11509.663
2018-05-20 01:00:00,11047.0,10924.346
2018-05-20 02:00:00,10710.0,10691.547
2018-05-20 03:00:00,10438.0,10449.396
2018-05-20 04:00:00,10360.0,10228.338
2018-05-20 05:00:00,10544.0,10276.456
2018-05-20 06:00:00,10498.0,10605.99
2018-05-20 07:00:00,11002.0,11013.19
2018-05-20 08:00:00,11675.0,11775.119
2018-05-20 09:00:00,12488.0,12311.475
2018-05-20 10:00:00,13193.0,12960.408
2018-05-20 11:00:00,13702.0,13595.17
2018-05-20 12:00:00,14307.0,14124.447
2018-05-20 13:00:00,14695.0,14581.102
2018-05-20 14:00:00,15079.0,14966.139
2018-05-20 15:00:00,15287.0,15406.446
2018-05-20 16:00:00,15592.0,15494.544
2018-05-20 17:00:00,15845.0,15707.229
2018-05-20 18:00:00,15793.0,15734.221
2018-05-20 19:00:00,15490.0,15581.11
2018-05-20 20:00:00,15267.0,15482.969
2018-05-20 21:00:00,14998.0,15220.106
2018-05-20 22:00:00,14185.0,14176.444
2018-05-20 23:00:00,13048.0,13191.709
2018-05-21 00:00:00,12165.0,12312.438
2018-05-21 01:00:00,11711.0,11691.918
2018-05-21 02:00:00,11262.0,11453.016
2018-05-21 03:00:00,11208.0,11155.829
2018-05-21 04:00:00,11273.0,11247.205
2018-05-21 05:00:00,11937.0,11839.182
2018-05-21 06:00:00,12934.0,13029.408
2018-05-21 07:00:00,13690.0,13763.2705
2018-05-21 08:00:00,14239.0,14437.074
2018-05-21 09:00:00,14663.0,14806.06
2018-05-21 10:00:00,15379.0,15195.351
2018-05-21 11:00:00,15978.0,15914.156
2018-05-21 12:00:00,16688.0,16436.135
2018-05-21 13:00:00,17083.0,17178.842
2018-05-21 14:00:00,17315.0,17371.7
2018-05-21 15:00:00,17382.0,17543.5
2018-05-21 16:00:00,17397.0,17469.83
2018-05-21 17:00:00,17285.0,17187.992
2018-05-21 18:00:00,17018.0,16924.518
2018-05-21 19:00:00,16664.0,16617.234
2018-05-21 20:00:00,16372.0,16430.938
2018-05-21 21:00:00,16013.0,16230.856
2018-05-21 22:00:00,14784.0,14953.864
2018-05-21 23:00:00,13488.0,13522.126
2018-05-22 00:00:00,12771.0,12591.365
2018-05-22 01:00:00,12125.0,12168.248
2018-05-22 02:00:00,11829.0,11841.242
2018-05-22 03:00:00,11679.0,11730.337
2018-05-22 04:00:00,11827.0,11849.995
2018-05-22 05:00:00,12465.0,12393.12
2018-05-22 06:00:00,13417.0,13599.958
2018-05-22 07:00:00,14223.0,14210.987
2018-05-22 08:00:00,14541.0,14801.876
2018-05-22 09:00:00,14982.0,15071.822
2018-05-22 10:00:00,15443.0,15583.867
2018-05-22 11:00:00,15890.0,15870.681
2018-05-22 12:00:00,16356.0,16304.274
2018-05-22 13:00:00,16903.0,16684.535
2018-05-22 14:00:00,17129.0,17146.39
2018-05-22 15:00:00,17255.0,17339.13
2018-05-22 16:00:00,17355.0,17353.51
2018-05-22 17:00:00,17179.0,17299.38
2018-05-22 18:00:00,16822.0,16862.107
2018-05-22 19:00:00,16382.0,16427.775
2018-05-22 20:00:00,16009.0,16135.765
2018-05-22 21:00:00,15780.0,15962.801
2018-05-22 22:00:00,14721.0,14711.72
2018-05-22 23:00:00,13521.0,13479.661
2018-05-23 00:00:00,12630.0,12627.089
2018-05-23 01:00:00,12037.0,12063.682
2018-05-23 02:00:00,11592.0,11696.392
2018-05-23 03:00:00,11381.0,11437.852
2018-05-23 04:00:00,11391.0,11452.991
2018-05-23 05:00:00,12015.0,11937.66
2018-05-23 06:00:00,12792.0,13156.687
2018-05-23 07:00:00,13560.0,13630.514
2018-05-23 08:00:00,14064.0,14180.735
2018-05-23 09:00:00,14470.0,14642.884
2018-05-23 10:00:00,14873.0,14946.96
2018-05-23 11:00:00,15294.0,15283.404
2018-05-23 12:00:00,15682.0,15639.976
2018-05-23 13:00:00,16170.0,16006.539
2018-05-23 14:00:00,16464.0,16367.1045
2018-05-23 15:00:00,16697.0,16590.293
2018-05-23 16:00:00,16906.0,16844.953
2018-05-23 17:00:00,17028.0,16973.525
2018-05-23 18:00:00,16803.0,16805.11
2018-05-23 19:00:00,16344.0,16426.344
2018-05-23 20:00:00,15838.0,16091.068
2018-05-23 21:00:00,15647.0,15829.632
2018-05-23 22:00:00,14551.0,14621.502
2018-05-23 23:00:00,13121.0,13284.171
2018-05-24 00:00:00,12210.0,12191.408
2018-05-24 01:00:00,11579.0,11631.876
2018-05-24 02:00:00,11285.0,11303.225
2018-05-24 03:00:00,11112.0,11147.248
2018-05-24 04:00:00,11278.0,11263.519
2018-05-24 05:00:00,11839.0,11855.708
2018-05-24 06:00:00,12680.0,12929.9375
2018-05-24 07:00:00,13486.0,13633.414
2018-05-24 08:00:00,13862.0,14183.877
2018-05-24 09:00:00,14468.0,14490.036
2018-05-24 10:00:00,14910.0,15024.54
2018-05-24 11:00:00,15355.0,15171.08
2018-05-24 12:00:00,15994.0,15741.198
2018-05-24 13:00:00,16566.0,16415.957
2018-05-24 14:00:00,17041.0,16937.42
2018-05-24 15:00:00,17283.0,17367.129
2018-05-24 16:00:00,17598.0,17497.592
2018-05-24 17:00:00,17614.0,17652.309
2018-05-24 18:00:00,17542.0,17369.37
2018-05-24 19:00:00,17174.0,17184.865
2018-05-24 20:00:00,16555.0,16930.252
2018-05-24 21:00:00,16257.0,16375.661
2018-05-24 22:00:00,14941.0,15198.41
2018-05-24 23:00:00,13672.0,13667.49
2018-05-25 00:00:00,12651.0,12647.597
2018-05-25 01:00:00,11908.0,12026.435
2018-05-25 02:00:00,11371.0,11594.755
2018-05-25 03:00:00,11240.0,11197.622
2018-05-25 04:00:00,11264.0,11281.072
2018-05-25 05:00:00,11884.0,11786.958
2018-05-25 06:00:00,12567.0,12849.192
2018-05-25 07:00:00,13364.0,13482.609
2018-05-25 08:00:00,14104.0,14091.283
2018-05-25 09:00:00,14890.0,14740.386
2018-05-25 10:00:00,15543.0,15540.373
2018-05-25 11:00:00,16257.0,16015.393
2018-05-25 12:00:00,16991.0,16816.44
2018-05-25 13:00:00,17663.0,17636.889
2018-05-25 14:00:00,18083.0,18167.875
2018-05-25 15:00:00,18377.0,18408.584
2018-05-25 16:00:00,18658.0,18620.23
2018-05-25 17:00:00,18520.0,18644.895
2018-05-25 18:00:00,18114.0,18042.857
2018-05-25 19:00:00,17589.0,17542.354
2018-05-25 20:00:00,16774.0,17120.006
2018-05-25 21:00:00,16455.0,16512.012
2018-05-25 22:00:00,15352.0,15464.212
2018-05-25 23:00:00,14005.0,14031.1875
2018-05-26 00:00:00,12868.0,12950.016
2018-05-26 01:00:00,12080.0,12173.598
2018-05-26 02:00:00,11690.0,11716.423
2018-05-26 03:00:00,11323.0,11351.051
2018-05-26 04:00:00,11200.0,11254.857
2018-05-26 05:00:00,11247.0,11235.836
2018-05-26 06:00:00,11249.0,11353.77
2018-05-26 07:00:00,11737.0,11750.475
2018-05-26 08:00:00,12696.0,12661.136
2018-05-26 09:00:00,13573.0,13579.837
2018-05-26 10:00:00,14284.0,14474.618
2018-05-26 11:00:00,14925.0,15037.562
2018-05-26 12:00:00,15476.0,15481.578
2018-05-26 13:00:00,15742.0,15763.205
2018-05-26 14:00:00,16066.0,15923.722
2018-05-26 15:00:00,16336.0,16319.6875
2018-05-26 16:00:00,16441.0,16515.625
2018-05-26 17:00:00,16334.0,16367.193
2018-05-26 18:00:00,15824.0,15928.017
2018-05-26 19:00:00,15392.0,15273.385
2018-05-26 20:00:00,15070.0,14979.752
2018-05-26 21:00:00,14828.0,15003.725
2018-05-26 22:00:00,14122.0,13988.549
2018-05-26 23:00:00,13088.0,13074.134
2018-05-27 00:00:00,12265.0,12221.859
2018-05-27 01:00:00,11571.0,11595.784
2018-05-27 02:00:00,11218.0,11202.236
2018-05-27 03:00:00,10959.0,10906.954
2018-05-27 04:00:00,10687.0,10766.561
2018-05-27 05:00:00,10734.0,10663.368
2018-05-27 06:00:00,10682.0,10690.346
2018-05-27 07:00:00,11208.0,11036.799
2018-05-27 08:00:00,12209.0,12030.664
2018-05-27 09:00:00,13354.0,12986.503
2018-05-27 10:00:00,14315.0,14138.777
2018-05-27 11:00:00,15197.0,15070.408
2018-05-27 12:00:00,16069.0,15956.006
2018-05-27 13:00:00,16625.0,16699.37
2018-05-27 14:00:00,16909.0,17064.117
2018-05-27 15:00:00,17256.0,17238.805
2018-05-27 16:00:00,17397.0,17565.043
2018-05-27 17:00:00,17539.0,17394.152
2018-05-27 18:00:00,17215.0,17313.988
2018-05-27 19:00:00,16739.0,16645.71
2018-05-27 20:00:00,16287.0,16264.598
2018-05-27 21:00:00,16010.0,16172.77
2018-05-27 22:00:00,15227.0,15193.309
2018-05-27 23:00:00,14155.0,14080.994
2018-05-28 00:00:00,12896.0,13180.858
2018-05-28 01:00:00,12384.0,12259.135
2018-05-28 02:00:00,11835.0,11957.666
2018-05-28 03:00:00,11539.0,11637.476
2018-05-28 04:00:00,11268.0,11488.023
2018-05-28 05:00:00,11354.0,11592.104
2018-05-28 06:00:00,11320.0,11728.903
2018-05-28 07:00:00,11846.0,11887.059
2018-05-28 08:00:00,12865.0,12907.836
2018-05-28 09:00:00,14183.0,13942.1875
2018-05-28 10:00:00,15333.0,15320.425
2018-05-28 11:00:00,16477.0,16169.952
2018-05-28 12:00:00,17275.0,17230.852
2018-05-28 13:00:00,17778.0,17892.824
2018-05-28 14:00:00,18181.0,18105.904
2018-05-28 15:00:00,18284.0,18327.197
2018-05-28 16:00:00,18337.0,18376.963
2018-05-28 17:00:00,18275.0,18098.777
2018-05-28 18:00:00,17929.0,17765.559
2018-05-28 19:00:00,17461.0,17400.785
2018-05-28 20:00:00,17233.0,17133.088
2018-05-28 21:00:00,16912.0,17021.05
2018-05-28 22:00:00,15934.0,15799.276
2018-05-28 23:00:00,14788.0,14517.399
2018-05-29 00:00:00,13749.0,13664.9795
2018-05-29 01:00:00,13126.0,13022.889
2018-05-29 02:00:00,12649.0,12681.279
2018-05-29 03:00:00,12451.0,12441.091
2018-05-29 04:00:00,12478.0,12537.53
2018-05-29 05:00:00,13036.0,13037.23
2018-05-29 06:00:00,13763.0,14001.614
2018-05-29 07:00:00,14851.0,14809.581
2018-05-29 08:00:00,15801.0,15761.691
2018-05-29 09:00:00,16750.0,16661.486
2018-05-29 10:00:00,17715.0,17653.809
2018-05-29 11:00:00,18620.0,18400.346
2018-05-29 12:00:00,19314.0,19376.453
2018-05-29 13:00:00,19943.0,19874.123
2018-05-29 14:00:00,20374.0,20271.398
2018-05-29 15:00:00,20519.0,20548.586
2018-05-29 16:00:00,20581.0,20697.045
2018-05-29 17:00:00,20491.0,20405.098
2018-05-29 18:00:00,20127.0,20138.193
2018-05-29 19:00:00,19543.0,19585.979
2018-05-29 20:00:00,19019.0,19138.316
2018-05-29 21:00:00,18649.0,18762.494
2018-05-29 22:00:00,17368.0,17485.879
2018-05-29 23:00:00,15993.0,15816.977
2018-05-30 00:00:00,14772.0,14751.416
2018-05-30 01:00:00,13972.0,13983.517
2018-05-30 02:00:00,13578.0,13402.035
2018-05-30 03:00:00,13274.0,13238.377
2018-05-30 04:00:00,13302.0,13283.928
2018-05-30 05:00:00,13784.0,13807.072
2018-05-30 06:00:00,14624.0,14670.547
2018-05-30 07:00:00,15615.0,15639.087
2018-05-30 08:00:00,16304.0,16427.738
2018-05-30 09:00:00,16993.0,17024.975
2018-05-30 10:00:00,17779.0,17980.514
2018-05-30 11:00:00,18601.0,18557.006
2018-05-30 12:00:00,19265.0,19303.473
2018-05-30 13:00:00,19705.0,19892.484
2018-05-30 14:00:00,19873.0,20004.262
2018-05-30 15:00:00,19898.0,19907.941
2018-05-30 16:00:00,19608.0,19900.623
2018-05-30 17:00:00,19053.0,19330.275
2018-05-30 18:00:00,18461.0,18556.996
2018-05-30 19:00:00,17964.0,17942.162
2018-05-30 20:00:00,17472.0,17616.744
2018-05-30 21:00:00,17166.0,17249.564
2018-05-30 22:00:00,16126.0,16083.167
2018-05-30 23:00:00,15073.0,14666.819
2018-05-31 00:00:00,14095.0,13982.514
2018-05-31 01:00:00,13464.0,13352.074
2018-05-31 02:00:00,13052.0,12989.401
2018-05-31 03:00:00,12861.0,12824.626
2018-05-31 04:00:00,12990.0,12906.807
2018-05-31 05:00:00,13495.0,13510.732
2018-05-31 06:00:00,14373.0,14501.796
2018-05-31 07:00:00,15261.0,15257.438
2018-05-31 08:00:00,16066.0,16030.895
2018-05-31 09:00:00,16782.0,16851.125
2018-05-31 10:00:00,17600.0,17519.225
2018-05-31 11:00:00,18204.0,18210.229
2018-05-31 12:00:00,18947.0,18717.22
2018-05-31 13:00:00,19611.0,19452.447
2018-05-31 14:00:00,20036.0,19922.398
2018-05-31 15:00:00,20129.0,20206.771
2018-05-31 16:00:00,20077.0,20176.914
2018-05-31 17:00:00,19718.0,19905.848
2018-05-31 18:00:00,19302.0,19284.27
2018-05-31 19:00:00,18623.0,18714.988
2018-05-31 20:00:00,18033.0,18234.465
2018-05-31 21:00:00,17575.0,17856.537
2018-05-31 22:00:00,16419.0,16416.855
2018-05-31 23:00:00,14981.0,14976.449
2018-06-01 00:00:00,13938.0,13871.616
2018-06-01 01:00:00,13169.0,13159.309
2018-06-01 02:00:00,12711.0,12702.369
2018-06-01 03:00:00,12420.0,12477.147
2018-06-01 04:00:00,12443.0,12418.358
2018-06-01 05:00:00,13073.0,12823.057
2018-06-01 06:00:00,13738.0,13904.953
2018-06-01 07:00:00,14539.0,14617.762
2018-06-01 08:00:00,15297.0,15347.695
2018-06-01 09:00:00,15899.0,16082.58
2018-06-01 10:00:00,16579.0,16637.512
2018-06-01 11:00:00,17104.0,17209.373
2018-06-01 12:00:00,17654.0,17529.326
2018-06-01 13:00:00,18125.0,18030.28
2018-06-01 14:00:00,18465.0,18436.375
2018-06-01 15:00:00,18490.0,18718.43
2018-06-01 16:00:00,18459.0,18557.664
2018-06-01 17:00:00,18075.0,18280.41
2018-06-01 18:00:00,17482.0,17547.094
2018-06-01 19:00:00,17027.0,16813.217
2018-06-01 20:00:00,16485.0,16548.04
2018-06-01 21:00:00,16182.0,16383.5205
2018-06-01 22:00:00,15297.0,15252.426
2018-06-01 23:00:00,14112.0,14037.685
2018-06-02 00:00:00,13191.0,13112.771
2018-06-02 01:00:00,12475.0,12421.72
2018-06-02 02:00:00,11980.0,12022.179
2018-06-02 03:00:00,11617.0,11713.214
2018-06-02 04:00:00,11582.0,11481.49
2018-06-02 05:00:00,11717.0,11670.283
2018-06-02 06:00:00,11859.0,11864.572
2018-06-02 07:00:00,12167.0,12449.1875
2018-06-02 08:00:00,12923.0,13075.43
2018-06-02 09:00:00,13674.0,13797.966
2018-06-02 10:00:00,14390.0,14335.77
2018-06-02 11:00:00,14975.0,14905.354
2018-06-02 12:00:00,15502.0,15434.283
2018-06-02 13:00:00,15797.0,15715.673
2018-06-02 14:00:00,15999.0,15943.847
2018-06-02 15:00:00,16302.0,16167.753
2018-06-02 16:00:00,16534.0,16506.488
2018-06-02 17:00:00,16581.0,16605.22
2018-06-02 18:00:00,16403.0,16339.777
2018-06-02 19:00:00,16070.0,15930.898
2018-06-02 20:00:00,15478.0,15722.887
2018-06-02 21:00:00,15244.0,15368.825
2018-06-02 22:00:00,14520.0,14400.379
2018-06-02 23:00:00,13487.0,13483.44
2018-06-03 00:00:00,12500.0,12522.095
2018-06-03 01:00:00,11823.0,11863.822
2018-06-03 02:00:00,11374.0,11433.271
2018-06-03 03:00:00,11132.0,11106.997
2018-06-03 04:00:00,10994.0,11006.255
2018-06-03 05:00:00,10863.0,11066.3955
2018-06-03 06:00:00,10906.0,10874.944
2018-06-03 07:00:00,11383.0,11322.367
2018-06-03 08:00:00,12274.0,12339.14
2018-06-03 09:00:00,13182.0,13105.142
2018-06-03 10:00:00,13853.0,13895.973
2018-06-03 11:00:00,14594.0,14559.264
2018-06-03 12:00:00,15147.0,15252.433
2018-06-03 13:00:00,15698.0,15624.178
2018-06-03 14:00:00,16017.0,16148.451
2018-06-03 15:00:00,16337.0,16441.732
2018-06-03 16:00:00,16588.0,16616.547
2018-06-03 17:00:00,16635.0,16712.096
2018-06-03 18:00:00,16428.0,16395.71
2018-06-03 19:00:00,16039.0,15999.961
2018-06-03 20:00:00,15378.0,15649.342
2018-06-03 21:00:00,15037.0,15177.129
2018-06-03 22:00:00,14122.0,14198.801
2018-06-03 23:00:00,12969.0,13101.636
2018-06-04 00:00:00,12051.0,12173.124
2018-06-04 01:00:00,11590.0,11487.731
2018-06-04 02:00:00,11253.0,11250.89
2018-06-04 03:00:00,11028.0,11105.744
2018-06-04 04:00:00,11185.0,11119.46
2018-06-04 05:00:00,11729.0,11632.259
2018-06-04 06:00:00,12499.0,12618.759
2018-06-04 07:00:00,13282.0,13368.189
2018-06-04 08:00:00,13904.0,14156.335
2018-06-04 09:00:00,14324.0,14627.07
2018-06-04 10:00:00,14764.0,14942.884
2018-06-04 11:00:00,15165.0,15120.808
2018-06-04 12:00:00,15465.0,15527.203
2018-06-04 13:00:00,15806.0,15718.643
2018-06-04 14:00:00,16075.0,15982.117
2018-06-04 15:00:00,16256.0,16203.674
2018-06-04 16:00:00,16431.0,16353.846
2018-06-04 17:00:00,16510.0,16433.645
2018-06-04 18:00:00,16323.0,16285.659
2018-06-04 19:00:00,15888.0,16039.949
2018-06-04 20:00:00,15360.0,15688.747
2018-06-04 21:00:00,15002.0,15210.873
2018-06-04 22:00:00,14201.0,14005.424
2018-06-04 23:00:00,12869.0,13085.871
2018-06-05 00:00:00,11991.0,12067.135
2018-06-05 01:00:00,11566.0,11462.22
2018-06-05 02:00:00,11230.0,11206.82
2018-06-05 03:00:00,11000.0,11138.258
2018-06-05 04:00:00,11179.0,11174.279
2018-06-05 05:00:00,11662.0,11634.858
2018-06-05 06:00:00,12442.0,12504.397
2018-06-05 07:00:00,13058.0,13220.882
2018-06-05 08:00:00,13517.0,13832.586
2018-06-05 09:00:00,14092.0,14199.227
2018-06-05 10:00:00,14535.0,14650.2
2018-06-05 11:00:00,14811.0,14840.178
2018-06-05 12:00:00,15135.0,15067.164
2018-06-05 13:00:00,15373.0,15341.325
2018-06-05 14:00:00,15605.0,15507.497
2018-06-05 15:00:00,15614.0,15717.71
2018-06-05 16:00:00,15580.0,15611.654
2018-06-05 17:00:00,15540.0,15461.394
2018-06-05 18:00:00,15401.0,15323.384
2018-06-05 19:00:00,15101.0,15179.003
2018-06-05 20:00:00,14800.0,15060.286
2018-06-05 21:00:00,14624.0,14714.504
2018-06-05 22:00:00,13922.0,13851.508
2018-06-05 23:00:00,12833.0,12913.389
2018-06-06 00:00:00,12023.0,12044.373
2018-06-06 01:00:00,11499.0,11482.68
2018-06-06 02:00:00,11170.0,11207.657
2018-06-06 03:00:00,10947.0,11047.516
2018-06-06 04:00:00,11078.0,10963.997
2018-06-06 05:00:00,11469.0,11467.841
2018-06-06 06:00:00,12063.0,12165.891
2018-06-06 07:00:00,12761.0,12870.218
2018-06-06 08:00:00,13300.0,13626.092
2018-06-06 09:00:00,13639.0,14003.174
2018-06-06 10:00:00,13899.0,14165.295
2018-06-06 11:00:00,14154.0,14210.89
2018-06-06 12:00:00,14516.0,14409.492
2018-06-06 13:00:00,14763.0,14725.171
2018-06-06 14:00:00,14990.0,14865.887
2018-06-06 15:00:00,15020.0,15106.2295
2018-06-06 16:00:00,15172.0,15075.194
2018-06-06 17:00:00,15229.0,15185.888
2018-06-06 18:00:00,15092.0,15167.946
2018-06-06 19:00:00,14785.0,15025.714
2018-06-06 20:00:00,14420.0,14736.873
2018-06-06 21:00:00,14374.0,14368.138
2018-06-06 22:00:00,13629.0,13614.696
2018-06-06 23:00:00,12697.0,12665.491
2018-06-07 00:00:00,11798.0,11902.622
2018-06-07 01:00:00,11343.0,11306.148
2018-06-07 02:00:00,11160.0,11108.274
2018-06-07 03:00:00,11047.0,11031.478
2018-06-07 04:00:00,11093.0,11209.605
2018-06-07 05:00:00,11580.0,11554.426
2018-06-07 06:00:00,12215.0,12442.733
2018-06-07 07:00:00,12982.0,13311.093
2018-06-07 08:00:00,13421.0,13814.219
2018-06-07 09:00:00,13969.0,14074.123
2018-06-07 10:00:00,14405.0,14441.109
2018-06-07 11:00:00,14975.0,14654.589
2018-06-07 12:00:00,15417.0,15236.3
2018-06-07 13:00:00,16052.0,15728.731
2018-06-07 14:00:00,16593.0,16417.887
2018-06-07 15:00:00,17017.0,16875.414
2018-06-07 16:00:00,17365.0,17305.48
2018-06-07 17:00:00,17600.0,17460.412
2018-06-07 18:00:00,17511.0,17459.389
2018-06-07 19:00:00,17108.0,17103.729
2018-06-07 20:00:00,16479.0,16818.732
2018-06-07 21:00:00,16332.0,16383.399
2018-06-07 22:00:00,15307.0,15506.805
2018-06-07 23:00:00,14029.0,14089.1
2018-06-08 00:00:00,13007.0,13000.54
2018-06-08 01:00:00,12325.0,12317.006
2018-06-08 02:00:00,11942.0,11927.59
2018-06-08 03:00:00,11698.0,11657.03
2018-06-08 04:00:00,11806.0,11695.084
2018-06-08 05:00:00,12198.0,12307.25
2018-06-08 06:00:00,12772.0,12909.804
2018-06-08 07:00:00,13646.0,13554.426
2018-06-08 08:00:00,14268.0,14356.002
2018-06-08 09:00:00,15074.0,14875.8955
2018-06-08 10:00:00,15926.0,15743.307
2018-06-08 11:00:00,16748.0,16561.66
2018-06-08 12:00:00,17195.0,17378.266
2018-06-08 13:00:00,17695.0,17664.004
2018-06-08 14:00:00,17761.0,17965.857
2018-06-08 15:00:00,17953.0,17859.15
2018-06-08 16:00:00,17805.0,18075.611
2018-06-08 17:00:00,17485.0,17541.986
2018-06-08 18:00:00,17056.0,16968.182
2018-06-08 19:00:00,16316.0,16523.658
2018-06-08 20:00:00,15884.0,15899.666
2018-06-08 21:00:00,15619.0,15821.944
2018-06-08 22:00:00,14753.0,14664.161
2018-06-08 23:00:00,13567.0,13588.13
2018-06-09 00:00:00,12786.0,12599.835
2018-06-09 01:00:00,12150.0,12092.479
2018-06-09 02:00:00,11722.0,11748.854
2018-06-09 03:00:00,11359.0,11524.85
2018-06-09 04:00:00,11204.0,11294.794
2018-06-09 05:00:00,11379.0,11256.117
2018-06-09 06:00:00,11400.0,11450.302
2018-06-09 07:00:00,11998.0,11834.605
2018-06-09 08:00:00,12728.0,12804.801
2018-06-09 09:00:00,13771.0,13529.52
2018-06-09 10:00:00,14673.0,14434.234
2018-06-09 11:00:00,15559.0,15334.24
2018-06-09 12:00:00,16255.0,15956.169
2018-06-09 13:00:00,16659.0,16631.3
2018-06-09 14:00:00,16916.0,16891.496
2018-06-09 15:00:00,17017.0,17083.55
2018-06-09 16:00:00,17268.0,17131.49
2018-06-09 17:00:00,17313.0,17234.121
2018-06-09 18:00:00,16948.0,17013.133
2018-06-09 19:00:00,16271.0,16347.34
2018-06-09 20:00:00,15753.0,15756.384
2018-06-09 21:00:00,15388.0,15599.626
2018-06-09 22:00:00,14553.0,14475.781
2018-06-09 23:00:00,13472.0,13435.501
2018-06-10 00:00:00,12531.0,12499.783
2018-06-10 01:00:00,11919.0,11849.642
2018-06-10 02:00:00,11477.0,11496.633
2018-06-10 03:00:00,11166.0,11193.087
2018-06-10 04:00:00,11024.0,11038.052
2018-06-10 05:00:00,11039.0,11088.021
2018-06-10 06:00:00,10937.0,11024.7295
2018-06-10 07:00:00,11431.0,11363.657
2018-06-10 08:00:00,12225.0,12466.68
2018-06-10 09:00:00,13110.0,13179.578
2018-06-10 10:00:00,13970.0,13897.054
2018-06-10 11:00:00,14683.0,14701.635
2018-06-10 12:00:00,15341.0,15328.753
2018-06-10 13:00:00,15932.0,15741.868
2018-06-10 14:00:00,16151.0,16335.399
2018-06-10 15:00:00,16256.0,16426.41
2018-06-10 16:00:00,16377.0,16366.513
2018-06-10 17:00:00,16437.0,16444.734
2018-06-10 18:00:00,16184.0,16176.229
2018-06-10 19:00:00,15742.0,15750.579
2018-06-10 20:00:00,15399.0,15390.879
2018-06-10 21:00:00,15176.0,15405.211
2018-06-10 22:00:00,14475.0,14338.901
2018-06-10 23:00:00,13419.0,13344.421
2018-06-11 00:00:00,12796.0,12553.934
2018-06-11 01:00:00,12237.0,12185.665
2018-06-11 02:00:00,11872.0,11916.838
2018-06-11 03:00:00,11812.0,11713.328
2018-06-11 04:00:00,11978.0,11904.063
2018-06-11 05:00:00,12479.0,12544.349
2018-06-11 06:00:00,13301.0,13377.817
2018-06-11 07:00:00,14126.0,14179.616
2018-06-11 08:00:00,14787.0,14822.766
2018-06-11 09:00:00,15161.0,15413.067
2018-06-11 10:00:00,15570.0,15756.395
2018-06-11 11:00:00,15908.0,15895.257
2018-06-11 12:00:00,16136.0,16242.077
2018-06-11 13:00:00,16239.0,16359.877
2018-06-11 14:00:00,16173.0,16214.963
2018-06-11 15:00:00,16082.0,16102.277
2018-06-11 16:00:00,15966.0,16023.401
2018-06-11 17:00:00,15907.0,15788.41
2018-06-11 18:00:00,15817.0,15667.3
2018-06-11 19:00:00,15626.0,15633.712
2018-06-11 20:00:00,15493.0,15605.418
2018-06-11 21:00:00,15377.0,15546.673
2018-06-11 22:00:00,14621.0,14489.546
2018-06-11 23:00:00,13551.0,13478.754
2018-06-12 00:00:00,12794.0,12677.015
2018-06-12 01:00:00,12255.0,12209.917
2018-06-12 02:00:00,11830.0,11884.389
2018-06-12 03:00:00,11680.0,11745.75
2018-06-12 04:00:00,11836.0,11809.073
2018-06-12 05:00:00,12255.0,12458.935
2018-06-12 06:00:00,13076.0,13155.357
2018-06-12 07:00:00,13806.0,13904.018
2018-06-12 08:00:00,14358.0,14464.788
2018-06-12 09:00:00,14835.0,14968.195
2018-06-12 10:00:00,15304.0,15242.604
2018-06-12 11:00:00,15655.0,15539.913
2018-06-12 12:00:00,16083.0,15927.871
2018-06-12 13:00:00,16484.0,16323.769
2018-06-12 14:00:00,16672.0,16613.666
2018-06-12 15:00:00,16701.0,16789.762
2018-06-12 16:00:00,16884.0,16814.125
2018-06-12 17:00:00,17025.0,16838.072
2018-06-12 18:00:00,16762.0,16845.209
2018-06-12 19:00:00,16400.0,16448.367
2018-06-12 20:00:00,16244.0,16215.214
2018-06-12 21:00:00,16128.0,16265.674
2018-06-12 22:00:00,15239.0,15226.713
2018-06-12 23:00:00,14141.0,14001.389
2018-06-13 00:00:00,13289.0,13108.887
2018-06-13 01:00:00,12745.0,12620.045
2018-06-13 02:00:00,12432.0,12337.996
2018-06-13 03:00:00,12128.0,12200.094
2018-06-13 04:00:00,12280.0,12246.711
2018-06-13 05:00:00,12809.0,12837.281
2018-06-13 06:00:00,13404.0,13722.295
2018-06-13 07:00:00,14224.0,14320.829
2018-06-13 08:00:00,14932.0,14932.78
2018-06-13 09:00:00,15488.0,15561.103
2018-06-13 10:00:00,16152.0,16062.786
2018-06-13 11:00:00,16803.0,16554.861
2018-06-13 12:00:00,17315.0,17297.957
2018-06-13 13:00:00,17928.0,17766.846
2018-06-13 14:00:00,18274.0,18259.957
2018-06-13 15:00:00,18558.0,18518.97
2018-06-13 16:00:00,18483.0,18768.975
2018-06-13 17:00:00,18158.0,18356.658
2018-06-13 18:00:00,17806.0,17797.74
2018-06-13 19:00:00,17353.0,17437.613
2018-06-13 20:00:00,16863.0,17072.959
2018-06-13 21:00:00,16455.0,16738.871
2018-06-13 22:00:00,15433.0,15395.455
2018-06-13 23:00:00,14083.0,14070.932
2018-06-14 00:00:00,13082.0,13023.738
2018-06-14 01:00:00,12386.0,12439.238
2018-06-14 02:00:00,12034.0,11986.883
2018-06-14 03:00:00,11769.0,11806.96
2018-06-14 04:00:00,11725.0,11818.682
2018-06-14 05:00:00,12341.0,12298.195
2018-06-14 06:00:00,12940.0,13059.969
2018-06-14 07:00:00,13822.0,13867.989
2018-06-14 08:00:00,14522.0,14509.355
2018-06-14 09:00:00,15169.0,15207.639
2018-06-14 10:00:00,16015.0,15872.943
2018-06-14 11:00:00,16696.0,16711.107
2018-06-14 12:00:00,17316.0,17197.635
2018-06-14 13:00:00,17961.0,17882.975
2018-06-14 14:00:00,18300.0,18359.693
2018-06-14 15:00:00,18653.0,18565.123
2018-06-14 16:00:00,18911.0,18773.02
2018-06-14 17:00:00,18850.0,18763.879
2018-06-14 18:00:00,18616.0,18413.154
2018-06-14 19:00:00,17898.0,18034.408
2018-06-14 20:00:00,17137.0,17413.604
2018-06-14 21:00:00,16659.0,16876.693
2018-06-14 22:00:00,15605.0,15582.895
2018-06-14 23:00:00,14196.0,14215.561
2018-06-15 00:00:00,13183.0,13123.725
2018-06-15 01:00:00,12408.0,12477.581
2018-06-15 02:00:00,11956.0,11995.052
2018-06-15 03:00:00,11755.0,11735.443
2018-06-15 04:00:00,11775.0,11758.705
2018-06-15 05:00:00,12180.0,12299.43
2018-06-15 06:00:00,12782.0,12840.529
2018-06-15 07:00:00,13597.0,13638.964
2018-06-15 08:00:00,14414.0,14410.813
2018-06-15 09:00:00,15116.0,15120.72
2018-06-15 10:00:00,16018.0,15877.704
2018-06-15 11:00:00,16704.0,16725.96
2018-06-15 12:00:00,17525.0,17294.613
2018-06-15 13:00:00,18127.0,18062.193
2018-06-15 14:00:00,18656.0,18578.531
2018-06-15 15:00:00,18938.0,18990.65
2018-06-15 16:00:00,19129.0,19181.111
2018-06-15 17:00:00,19012.0,19051.691
2018-06-15 18:00:00,18648.0,18521.373
2018-06-15 19:00:00,18100.0,18104.031
2018-06-15 20:00:00,17249.0,17537.791
2018-06-15 21:00:00,16841.0,16975.36
2018-06-15 22:00:00,15757.0,15906.074
2018-06-15 23:00:00,14428.0,14409.275
2018-06-16 00:00:00,13264.0,13261.489
2018-06-16 01:00:00,12488.0,12517.016
2018-06-16 02:00:00,12030.0,11987.839
2018-06-16 03:00:00,11669.0,11733.451
2018-06-16 04:00:00,11625.0,11548.834
2018-06-16 05:00:00,11687.0,11647.51
2018-06-16 06:00:00,11729.0,11717.106
2018-06-16 07:00:00,12344.0,12258.899
2018-06-16 08:00:00,13095.0,13332.008
2018-06-16 09:00:00,14047.0,14013.913
2018-06-16 10:00:00,15089.0,14932.532
2018-06-16 11:00:00,16072.0,15929.546
2018-06-16 12:00:00,16851.0,16749.158
2018-06-16 13:00:00,17649.0,17395.39
2018-06-16 14:00:00,18215.0,18117.7
2018-06-16 15:00:00,18650.0,18681.807
2018-06-16 16:00:00,18887.0,18998.336
2018-06-16 17:00:00,19109.0,18869.686
2018-06-16 18:00:00,18888.0,18852.535
2018-06-16 19:00:00,18419.0,18250.273
2018-06-16 20:00:00,17637.0,17806.008
2018-06-16 21:00:00,17176.0,17305.549
2018-06-16 22:00:00,16129.0,16295.655
2018-06-16 23:00:00,14969.0,14926.043
2018-06-17 00:00:00,13844.0,13846.156
2018-06-17 01:00:00,13016.0,12990.051
2018-06-17 02:00:00,12488.0,12451.518
2018-06-17 03:00:00,12084.0,12096.393
2018-06-17 04:00:00,11810.0,11880.086
2018-06-17 05:00:00,11731.0,11756.077
2018-06-17 06:00:00,11596.0,11683.384
2018-06-17 07:00:00,12280.0,12018.926
2018-06-17 08:00:00,13529.0,13397.09
2018-06-17 09:00:00,15002.0,14653.096
2018-06-17 10:00:00,16392.0,16329.75
2018-06-17 11:00:00,17508.0,17405.16
2018-06-17 12:00:00,18415.0,18472.922
2018-06-17 13:00:00,19069.0,19068.836
2018-06-17 14:00:00,19443.0,19518.936
2018-06-17 15:00:00,19849.0,19726.723
2018-06-17 16:00:00,20029.0,20049.24
2018-06-17 17:00:00,20139.0,20004.396
2018-06-17 18:00:00,19883.0,19813.168
2018-06-17 19:00:00,19566.0,19308.49
2018-06-17 20:00:00,18987.0,18994.773
2018-06-17 21:00:00,18731.0,18679.988
2018-06-17 22:00:00,17861.0,17782.094
2018-06-17 23:00:00,16467.0,16410.918
2018-06-18 00:00:00,15272.0,15327.479
2018-06-18 01:00:00,14527.0,14431.862
2018-06-18 02:00:00,13958.0,13965.409
2018-06-18 03:00:00,13721.0,13642.248
2018-06-18 04:00:00,13584.0,13708.678
2018-06-18 05:00:00,14102.0,14099.513
2018-06-18 06:00:00,14777.0,14844.384
2018-06-18 07:00:00,15878.0,15890.243
2018-06-18 08:00:00,17080.0,17040.127
2018-06-18 09:00:00,18403.0,18145.295
2018-06-18 10:00:00,19753.0,19647.191
2018-06-18 11:00:00,20892.0,20828.578
2018-06-18 12:00:00,21776.0,21766.09
2018-06-18 13:00:00,22096.0,22243.18
2018-06-18 14:00:00,22124.0,22128.41
2018-06-18 15:00:00,22250.0,21763.746
2018-06-18 16:00:00,22253.0,22179.225
2018-06-18 17:00:00,22204.0,22065.248
2018-06-18 18:00:00,22201.0,21965.648
2018-06-18 19:00:00,21776.0,21748.223
2018-06-18 20:00:00,21118.0,21199.701
2018-06-18 21:00:00,20663.0,20808.895
2018-06-18 22:00:00,19303.0,19461.105
2018-06-18 23:00:00,17801.0,17707.6
2018-06-19 00:00:00,16465.0,16431.508
2018-06-19 01:00:00,15617.0,15523.194
2018-06-19 02:00:00,15028.0,14889.756
2018-06-19 03:00:00,14608.0,14621.172
2018-06-19 04:00:00,14476.0,14483.398
2018-06-19 05:00:00,14916.0,14791.101
2018-06-19 06:00:00,15573.0,15653.986
2018-06-19 07:00:00,16412.0,16570.002
2018-06-19 08:00:00,17423.0,17407.205
2018-06-19 09:00:00,18316.0,18372.428
2018-06-19 10:00:00,19207.0,19318.115
2018-06-19 11:00:00,19822.0,20019.225
2018-06-19 12:00:00,20606.0,20474.344
2018-06-19 13:00:00,21113.0,21070.13
2018-06-19 14:00:00,21194.0,21195.453
2018-06-19 15:00:00,21083.0,21199.254
2018-06-19 16:00:00,20772.0,20913.29
2018-06-19 17:00:00,20336.0,20510.03
2018-06-19 18:00:00,19782.0,19801.055
2018-06-19 19:00:00,19322.0,19230.176
2018-06-19 20:00:00,18686.0,18850.172
2018-06-19 21:00:00,18307.0,18425.275
2018-06-19 22:00:00,17213.0,17309.062
2018-06-19 23:00:00,15910.0,15809.806
2018-06-20 00:00:00,14876.0,14640.787
2018-06-20 01:00:00,14114.0,14007.393
2018-06-20 02:00:00,13527.0,13579.378
2018-06-20 03:00:00,13256.0,13169.376
2018-06-20 04:00:00,13282.0,13211.098
2018-06-20 05:00:00,13706.0,13820.196
2018-06-20 06:00:00,14307.0,14419.409
2018-06-20 07:00:00,15268.0,15161.385
2018-06-20 08:00:00,16116.0,16145.682
2018-06-20 09:00:00,16950.0,16917.812
2018-06-20 10:00:00,17688.0,17753.463
2018-06-20 11:00:00,18553.0,18297.514
2018-06-20 12:00:00,19171.0,19203.242
2018-06-20 13:00:00,19693.0,19643.896
2018-06-20 14:00:00,20012.0,19920.78
2018-06-20 15:00:00,20060.0,20116.482
2018-06-20 16:00:00,19902.0,20127.828
2018-06-20 17:00:00,19623.0,19699.965
2018-06-20 18:00:00,19143.0,19150.076
2018-06-20 19:00:00,18467.0,18556.01
2018-06-20 20:00:00,17996.0,18005.566
2018-06-20 21:00:00,17458.0,17801.03
2018-06-20 22:00:00,16573.0,16438.027
2018-06-20 23:00:00,15418.0,15174.309
2018-06-21 00:00:00,14361.0,14227.787
2018-06-21 01:00:00,13642.0,13571.983
2018-06-21 02:00:00,13115.0,13125.773
2018-06-21 03:00:00,12813.0,12810.804
2018-06-21 04:00:00,12776.0,12818.414
2018-06-21 05:00:00,13276.0,13156.583
2018-06-21 06:00:00,13813.0,13988.66
2018-06-21 07:00:00,14736.0,14689.754
2018-06-21 08:00:00,15286.0,15500.341
2018-06-21 09:00:00,15958.0,16017.047
2018-06-21 10:00:00,16495.0,16675.713
2018-06-21 11:00:00,17001.0,17045.52
2018-06-21 12:00:00,17398.0,17493.684
2018-06-21 13:00:00,17603.0,17736.844
2018-06-21 14:00:00,17612.0,17702.408
2018-06-21 15:00:00,17416.0,17502.443
2018-06-21 16:00:00,17158.0,17328.748
2018-06-21 17:00:00,16884.0,16841.273
2018-06-21 18:00:00,16674.0,16536.188
2018-06-21 19:00:00,16394.0,16386.318
2018-06-21 20:00:00,16118.0,16186.078
2018-06-21 21:00:00,16007.0,16011.308
2018-06-21 22:00:00,15183.0,15205.411
2018-06-21 23:00:00,14309.0,14026.202
2018-06-22 00:00:00,13576.0,13417.9375
2018-06-22 01:00:00,12811.0,12970.582
2018-06-22 02:00:00,12420.0,12409.227
2018-06-22 03:00:00,12383.0,12183.468
2018-06-22 04:00:00,12459.0,12425.201
2018-06-22 05:00:00,12965.0,13015.536
2018-06-22 06:00:00,13608.0,13886.092
2018-06-22 07:00:00,14301.0,14461.294
2018-06-22 08:00:00,14978.0,14986.28
2018-06-22 09:00:00,15557.0,15606.252
2018-06-22 10:00:00,16087.0,16108.827
2018-06-22 11:00:00,16544.0,16368.931
2018-06-22 12:00:00,17081.0,16857.008
2018-06-22 13:00:00,17570.0,17347.535
2018-06-22 14:00:00,17654.0,17800.4
2018-06-22 15:00:00,17765.0,17656.383
2018-06-22 16:00:00,17528.0,17801.803
2018-06-22 17:00:00,17278.0,17318.855
2018-06-22 18:00:00,16844.0,16846.316
2018-06-22 19:00:00,16382.0,16437.139
2018-06-22 20:00:00,15849.0,15999.555
2018-06-22 21:00:00,15708.0,15834.2
2018-06-22 22:00:00,14903.0,14957.04
2018-06-22 23:00:00,13841.0,13788.211
2018-06-23 00:00:00,13054.0,12907.065
2018-06-23 01:00:00,12371.0,12383.579
2018-06-23 02:00:00,11913.0,11941.883
2018-06-23 03:00:00,11568.0,11664.624
2018-06-23 04:00:00,11582.0,11417.847
2018-06-23 05:00:00,11739.0,11639.932
2018-06-23 06:00:00,11861.0,11859.896
2018-06-23 07:00:00,12352.0,12426.261
2018-06-23 08:00:00,13061.0,13137.765
2018-06-23 09:00:00,13733.0,13794.398
2018-06-23 10:00:00,14351.0,14349.969
2018-06-23 11:00:00,14908.0,14836.623
2018-06-23 12:00:00,15232.0,15276.436
2018-06-23 13:00:00,15576.0,15473.152
2018-06-23 14:00:00,15756.0,15769.15
2018-06-23 15:00:00,16000.0,15864.61
2018-06-23 16:00:00,16143.0,16134.878
2018-06-23 17:00:00,16344.0,16167.957
2018-06-23 18:00:00,16228.0,16193.395
2018-06-23 19:00:00,15836.0,15901.22
2018-06-23 20:00:00,15320.0,15540.258
2018-06-23 21:00:00,15175.0,15245.32
2018-06-23 22:00:00,14535.0,14475.848
2018-06-23 23:00:00,13566.0,13548.876
2018-06-24 00:00:00,12652.0,12590.49
2018-06-24 01:00:00,12085.0,11961.348
2018-06-24 02:00:00,11627.0,11661.548
2018-06-24 03:00:00,11374.0,11296.235
2018-06-24 04:00:00,11248.0,11196.081
2018-06-24 05:00:00,11275.0,11244.267
2018-06-24 06:00:00,11180.0,11260.605
2018-06-24 07:00:00,11745.0,11530.3545
2018-06-24 08:00:00,12672.0,12587.305
2018-06-24 09:00:00,13577.0,13532.051
2018-06-24 10:00:00,14374.0,14240.6045
2018-06-24 11:00:00,15219.0,15012.465
2018-06-24 12:00:00,15833.0,15811.412
2018-06-24 13:00:00,16405.0,16270.394
2018-06-24 14:00:00,16821.0,16784.018
2018-06-24 15:00:00,17202.0,17125.102
2018-06-24 16:00:00,17469.0,17579.4
2018-06-24 17:00:00,17657.0,17574.346
2018-06-24 18:00:00,17472.0,17493.44
2018-06-24 19:00:00,17084.0,17022.51
2018-06-24 20:00:00,16544.0,16708.916
2018-06-24 21:00:00,16152.0,16441.432
2018-06-24 22:00:00,15332.0,15379.118
2018-06-24 23:00:00,14132.0,14251.5625
2018-06-25 00:00:00,13136.0,13189.258
2018-06-25 01:00:00,12512.0,12484.068
2018-06-25 02:00:00,12057.0,12067.633
2018-06-25 03:00:00,11860.0,11828.488
2018-06-25 04:00:00,11875.0,11832.838
2018-06-25 05:00:00,12495.0,12229.793
2018-06-25 06:00:00,13201.0,13226.167
2018-06-25 07:00:00,14098.0,14114.425
2018-06-25 08:00:00,14721.0,14969.832
2018-06-25 09:00:00,15294.0,15449.706
2018-06-25 10:00:00,15945.0,16031.714
2018-06-25 11:00:00,16435.0,16451.822
2018-06-25 12:00:00,16954.0,16863.275
2018-06-25 13:00:00,17432.0,17343.8
2018-06-25 14:00:00,17660.0,17769.246
2018-06-25 15:00:00,17696.0,17799.516
2018-06-25 16:00:00,17692.0,17686.014
2018-06-25 17:00:00,17556.0,17502.826
2018-06-25 18:00:00,17451.0,17192.35
2018-06-25 19:00:00,17068.0,16955.084
2018-06-25 20:00:00,16601.0,16732.016
2018-06-25 21:00:00,16337.0,16454.76
2018-06-25 22:00:00,15436.0,15431.543
2018-06-25 23:00:00,14265.0,14170.853
2018-06-26 00:00:00,13301.0,13238.634
2018-06-26 01:00:00,12594.0,12635.958
2018-06-26 02:00:00,12228.0,12231.954
2018-06-26 03:00:00,12020.0,12046.829
2018-06-26 04:00:00,11975.0,12089.899
2018-06-26 05:00:00,12483.0,12428.784
2018-06-26 06:00:00,13107.0,13131.887
2018-06-26 07:00:00,13870.0,13942.015
2018-06-26 08:00:00,14543.0,14552.891
2018-06-26 09:00:00,15119.0,15183.742
2018-06-26 10:00:00,16010.0,15883.158
2018-06-26 11:00:00,16638.0,16629.705
2018-06-26 12:00:00,17198.0,17140.674
2018-06-26 13:00:00,17493.0,17604.281
2018-06-26 14:00:00,17494.0,17637.232
2018-06-26 15:00:00,17395.0,17481.902
2018-06-26 16:00:00,17122.0,17302.764
2018-06-26 17:00:00,16855.0,16820.357
2018-06-26 18:00:00,16545.0,16472.184
2018-06-26 19:00:00,16262.0,16203.781
2018-06-26 20:00:00,15951.0,15985.226
2018-06-26 21:00:00,15800.0,15912.993
2018-06-26 22:00:00,14973.0,14859.278
2018-06-26 23:00:00,14013.0,13772.153
2018-06-27 00:00:00,13118.0,13013.531
2018-06-27 01:00:00,12641.0,12486.978
2018-06-27 02:00:00,12286.0,12299.06
2018-06-27 03:00:00,12081.0,12103.163
2018-06-27 04:00:00,12256.0,12136.07
2018-06-27 05:00:00,12795.0,12759.563
2018-06-27 06:00:00,13538.0,13566.951
2018-06-27 07:00:00,14256.0,14315.039
2018-06-27 08:00:00,14810.0,14880.281
2018-06-27 09:00:00,15170.0,15391.049
2018-06-27 10:00:00,15710.0,15753.898
2018-06-27 11:00:00,16095.0,15992.105
2018-06-27 12:00:00,16640.0,16313.038
2018-06-27 13:00:00,17297.0,16825.656
2018-06-27 14:00:00,17649.0,17543.229
2018-06-27 15:00:00,17801.0,17846.521
2018-06-27 16:00:00,17831.0,17856.96
2018-06-27 17:00:00,17726.0,17732.896
2018-06-27 18:00:00,17682.0,17413.03
2018-06-27 19:00:00,17396.0,17389.6
2018-06-27 20:00:00,16897.0,17099.637
2018-06-27 21:00:00,16666.0,16861.424
2018-06-27 22:00:00,15936.0,15810.761
2018-06-27 23:00:00,14638.0,14640.547
2018-06-28 00:00:00,13702.0,13590.849
2018-06-28 01:00:00,12973.0,12967.826
2018-06-28 02:00:00,12639.0,12512.747
2018-06-28 03:00:00,12454.0,12448.329
2018-06-28 04:00:00,12345.0,12556.221
2018-06-28 05:00:00,12810.0,12882.05
2018-06-28 06:00:00,13461.0,13400.658
2018-06-28 07:00:00,14352.0,14286.052
2018-06-28 08:00:00,15124.0,14984.706
2018-06-28 09:00:00,15796.0,15792.609
2018-06-28 10:00:00,16742.0,16525.76
2018-06-28 11:00:00,17449.0,17407.908
2018-06-28 12:00:00,18285.0,17999.258
2018-06-28 13:00:00,18807.0,18935.572
2018-06-28 14:00:00,19406.0,19209.113
2018-06-28 15:00:00,19677.0,19680.068
2018-06-28 16:00:00,20083.0,19820.885
2018-06-28 17:00:00,20147.0,20150.586
2018-06-28 18:00:00,20061.0,20041.217
2018-06-28 19:00:00,19578.0,19518.793
2018-06-28 20:00:00,18816.0,19091.236
2018-06-28 21:00:00,18304.0,18619.697
2018-06-28 22:00:00,17157.0,17319.12
2018-06-28 23:00:00,15747.0,15676.383
2018-06-29 00:00:00,14515.0,14529.757
2018-06-29 01:00:00,13721.0,13710.252
2018-06-29 02:00:00,12964.0,13151.785
2018-06-29 03:00:00,12720.0,12639.802
2018-06-29 04:00:00,12641.0,12689.686
2018-06-29 05:00:00,12993.0,13101.019
2018-06-29 06:00:00,13558.0,13711.346
2018-06-29 07:00:00,14505.0,14503.81
2018-06-29 08:00:00,15552.0,15359.404
2018-06-29 09:00:00,16725.0,16308.787
2018-06-29 10:00:00,17867.0,17716.09
2018-06-29 11:00:00,18684.0,18766.756
2018-06-29 12:00:00,19530.0,19447.838
2018-06-29 13:00:00,20228.0,20242.191
2018-06-29 14:00:00,20579.0,20651.904
2018-06-29 15:00:00,20711.0,20737.527
2018-06-29 16:00:00,20842.0,20660.943
2018-06-29 17:00:00,20899.0,20587.375
2018-06-29 18:00:00,20659.0,20380.562
2018-06-29 19:00:00,20405.0,19873.234
2018-06-29 20:00:00,19578.0,19664.623
2018-06-29 21:00:00,18945.0,19271.22
2018-06-29 22:00:00,17624.0,17905.729
2018-06-29 23:00:00,16268.0,16134.017
2018-06-30 00:00:00,14981.0,14956.137
2018-06-30 01:00:00,13938.0,14139.461
2018-06-30 02:00:00,13298.0,13302.1
2018-06-30 03:00:00,12809.0,12840.354
2018-06-30 04:00:00,12459.0,12646.918
2018-06-30 05:00:00,12423.0,12539.525
2018-06-30 06:00:00,12386.0,12393.428
2018-06-30 07:00:00,13080.0,12883.731
2018-06-30 08:00:00,14336.0,14122.45
2018-06-30 09:00:00,15664.0,15453.728
2018-06-30 10:00:00,17016.0,16851.988
2018-06-30 11:00:00,17932.0,18042.408
2018-06-30 12:00:00,19001.0,18600.47
2018-06-30 13:00:00,19627.0,19643.088
2018-06-30 14:00:00,20009.0,20027.334
2018-06-30 15:00:00,20433.0,20208.191
2018-06-30 16:00:00,20685.0,20507.207
2018-06-30 17:00:00,20745.0,20590.191
2018-06-30 18:00:00,20420.0,20468.244
2018-06-30 19:00:00,19888.0,19597.072
2018-06-30 20:00:00,19067.0,19242.016
2018-06-30 21:00:00,18389.0,18624.404
2018-06-30 22:00:00,17393.0,17355.477
2018-06-30 23:00:00,16039.0,15946.798
2018-07-01 00:00:00,14855.0,14881.423
2018-07-01 01:00:00,13918.0,14021.386
2018-07-01 02:00:00,13178.0,13328.379
2018-07-01 03:00:00,12619.0,12694.67
2018-07-01 04:00:00,12316.0,12331.533
2018-07-01 05:00:00,12295.0,12261.598
2018-07-01 06:00:00,12051.0,12186.771
2018-07-01 07:00:00,12761.0,12371.208
2018-07-01 08:00:00,14158.0,13859.413
2018-07-01 09:00:00,15715.0,15316.14
2018-07-01 10:00:00,17012.0,17063.664
2018-07-01 11:00:00,18277.0,18121.234
2018-07-01 12:00:00,19272.0,19186.496
2018-07-01 13:00:00,20012.0,19974.617
2018-07-01 14:00:00,20374.0,20533.809
2018-07-01 15:00:00,20726.0,20684.992
2018-07-01 16:00:00,20924.0,21017.35
2018-07-01 17:00:00,20871.0,20927.557
2018-07-01 18:00:00,20580.0,20549.547
2018-07-01 19:00:00,19863.0,19706.62
2018-07-01 20:00:00,19115.0,19300.129
2018-07-01 21:00:00,18592.0,18752.473
2018-07-01 22:00:00,17648.0,17568.512
2018-07-01 23:00:00,16418.0,16347.321
2018-07-02 00:00:00,15460.0,15259.248
2018-07-02 01:00:00,14652.0,14653.59
2018-07-02 02:00:00,14091.0,14019.503
2018-07-02 03:00:00,13682.0,13753.171
2018-07-02 04:00:00,13605.0,13631.278
2018-07-02 05:00:00,14019.0,13968.251
2018-07-02 06:00:00,14529.0,14690.822
2018-07-02 07:00:00,15422.0,15443.359
2018-07-02 08:00:00,16355.0,16502.5
2018-07-02 09:00:00,17394.0,17467.332
2018-07-02 10:00:00,18541.0,18601.277
2018-07-02 11:00:00,19501.0,19682.143
2018-07-02 12:00:00,20444.0,20365.334
2018-07-02 13:00:00,21045.0,21086.08
2018-07-02 14:00:00,20811.0,21461.412
2018-07-02 15:00:00,20382.0,20779.178
2018-07-02 16:00:00,20159.0,20166.947
2018-07-02 17:00:00,19954.0,19865.78
2018-07-02 18:00:00,19864.0,19490.426
2018-07-02 19:00:00,19401.0,19262.422
2018-07-02 20:00:00,18774.0,18971.787
2018-07-02 21:00:00,18315.0,18551.363
2018-07-02 22:00:00,17251.0,17325.898
2018-07-02 23:00:00,15990.0,15791.578
2018-07-03 00:00:00,14889.0,14791.332
2018-07-03 01:00:00,14044.0,14036.622
2018-07-03 02:00:00,13408.0,13524.363
2018-07-03 03:00:00,13197.0,13036.9
2018-07-03 04:00:00,13038.0,13102.628
2018-07-03 05:00:00,13451.0,13403.6045
2018-07-03 06:00:00,13929.0,14148.605
2018-07-03 07:00:00,14850.0,14758.235
2018-07-03 08:00:00,15838.0,15764.06
2018-07-03 09:00:00,16991.0,16662.06
2018-07-03 10:00:00,18207.0,18093.227
2018-07-03 11:00:00,19283.0,19117.316
2018-07-03 12:00:00,20328.0,20125.031
2018-07-03 13:00:00,20999.0,20961.414
2018-07-03 14:00:00,21321.0,21290.15
2018-07-03 15:00:00,21367.0,21336.568
2018-07-03 16:00:00,21481.0,21221.684
2018-07-03 17:00:00,21448.0,21260.418
2018-07-03 18:00:00,21249.0,21164.822
2018-07-03 19:00:00,20501.0,20743.105
2018-07-03 20:00:00,19543.0,20039.03
2018-07-03 21:00:00,18951.0,19216.955
2018-07-03 22:00:00,17861.0,17921.271
2018-07-03 23:00:00,16709.0,16344.142
2018-07-04 00:00:00,15498.0,15451.336
2018-07-04 01:00:00,14635.0,14640.868
2018-07-04 02:00:00,13895.0,14003.344
2018-07-04 03:00:00,13509.0,13461.595
2018-07-04 04:00:00,13135.0,13426.543
2018-07-04 05:00:00,13036.0,13529.931
2018-07-04 06:00:00,12789.0,13325.841
2018-07-04 07:00:00,13362.0,13223.426
2018-07-04 08:00:00,14623.0,14357.722
2018-07-04 09:00:00,16291.0,15624.107
2018-07-04 10:00:00,17847.0,17399.318
2018-07-04 11:00:00,19030.0,18888.135
2018-07-04 12:00:00,19811.0,19749.604
2018-07-04 13:00:00,20276.0,20543.852
2018-07-04 14:00:00,20503.0,20648.27
2018-07-04 15:00:00,20606.0,20623.328
2018-07-04 16:00:00,20494.0,20612.604
2018-07-04 17:00:00,20169.0,20338.447
2018-07-04 18:00:00,19732.0,19755.604
2018-07-04 19:00:00,19060.0,19145.33
2018-07-04 20:00:00,18359.0,18559.527
2018-07-04 21:00:00,17749.0,17933.674
2018-07-04 22:00:00,17086.0,16721.791
2018-07-04 23:00:00,16291.0,15637.861
2018-07-05 00:00:00,15370.0,15325.076
2018-07-05 01:00:00,14392.0,14556.824
2018-07-05 02:00:00,13772.0,13720.829
2018-07-05 03:00:00,13373.0,13409.347
2018-07-05 04:00:00,13260.0,13285.559
2018-07-05 05:00:00,13743.0,13695.799
2018-07-05 06:00:00,14147.0,14333.894
2018-07-05 07:00:00,15232.0,15047.887
2018-07-05 08:00:00,16281.0,16231.402
2018-07-05 09:00:00,17487.0,17293.959
2018-07-05 10:00:00,18768.0,18531.29
2018-07-05 11:00:00,19949.0,19690.688
2018-07-05 12:00:00,20810.0,20777.676
2018-07-05 13:00:00,21320.0,21404.102
2018-07-05 14:00:00,21408.0,21652.92
2018-07-05 15:00:00,21097.0,21519.812
2018-07-05 16:00:00,20964.0,21014.098
2018-07-05 17:00:00,20780.0,20693.826
2018-07-05 18:00:00,20231.0,20347.275
2018-07-05 19:00:00,19556.0,19667.254
2018-07-05 20:00:00,18801.0,19027.943
2018-07-05 21:00:00,18300.0,18652.723
2018-07-05 22:00:00,17284.0,17318.564
2018-07-05 23:00:00,16070.0,15800.902
2018-07-06 00:00:00,15139.0,14837.348
2018-07-06 01:00:00,14325.0,14323.074
2018-07-06 02:00:00,13685.0,13814.667
2018-07-06 03:00:00,13350.0,13347.455
2018-07-06 04:00:00,13357.0,13261.818
2018-07-06 05:00:00,13671.0,13750.894
2018-07-06 06:00:00,14124.0,14222.997
2018-07-06 07:00:00,14646.0,14997.668
2018-07-06 08:00:00,15294.0,15460.341
2018-07-06 09:00:00,15804.0,16158.988
2018-07-06 10:00:00,16420.0,16582.248
2018-07-06 11:00:00,16924.0,17016.613
2018-07-06 12:00:00,17335.0,17342.434
2018-07-06 13:00:00,17745.0,17841.848
2018-07-06 14:00:00,17846.0,17929.463
2018-07-06 15:00:00,17753.0,17881.363
2018-07-06 16:00:00,17741.0,17725.11
2018-07-06 17:00:00,17561.0,17567.293
2018-07-06 18:00:00,17090.0,17198.242
2018-07-06 19:00:00,16412.0,16570.309
2018-07-06 20:00:00,15807.0,15958.563
2018-07-06 21:00:00,15249.0,15729.759
2018-07-06 22:00:00,14482.0,14504.9795
2018-07-06 23:00:00,13331.0,13508.497
2018-07-07 00:00:00,12456.0,12487.706
2018-07-07 01:00:00,11781.0,11903.799
2018-07-07 02:00:00,11325.0,11491.852
2018-07-07 03:00:00,11074.0,11186.074
2018-07-07 04:00:00,11050.0,11023.643
2018-07-07 05:00:00,11046.0,11158.788
2018-07-07 06:00:00,11042.0,11106.861
2018-07-07 07:00:00,11457.0,11304.724
2018-07-07 08:00:00,12194.0,12256.493
2018-07-07 09:00:00,12862.0,12975.405
2018-07-07 10:00:00,13568.0,13573.886
2018-07-07 11:00:00,14017.0,14000.443
2018-07-07 12:00:00,14418.0,14344.841
2018-07-07 13:00:00,14935.0,14690.555
2018-07-07 14:00:00,15289.0,15070.843
2018-07-07 15:00:00,15789.0,15433.0
2018-07-07 16:00:00,16203.0,16013.316
2018-07-07 17:00:00,16467.0,16406.9
2018-07-07 18:00:00,16349.0,16384.186
2018-07-07 19:00:00,15993.0,15953.349
2018-07-07 20:00:00,15270.0,15507.432
2018-07-07 21:00:00,14740.0,15062.594
2018-07-07 22:00:00,13992.0,13984.49
2018-07-07 23:00:00,12969.0,13026.292
2018-07-08 00:00:00,11984.0,12086.516
2018-07-08 01:00:00,11355.0,11365.054
2018-07-08 02:00:00,10956.0,10961.915
2018-07-08 03:00:00,10650.0,10633.376
2018-07-08 04:00:00,10504.0,10508.815
2018-07-08 05:00:00,10498.0,10636.108
2018-07-08 06:00:00,10343.0,10642.232
2018-07-08 07:00:00,10658.0,10680.268
2018-07-08 08:00:00,11577.0,11440.34
2018-07-08 09:00:00,12203.0,12496.173
2018-07-08 10:00:00,13006.0,12916.973
2018-07-08 11:00:00,13741.0,13677.228
2018-07-08 12:00:00,14527.0,14351.978
2018-07-08 13:00:00,15226.0,15092.998
2018-07-08 14:00:00,15875.0,15787.868
2018-07-08 15:00:00,16576.0,16435.18
2018-07-08 16:00:00,17252.0,17104.377
2018-07-08 17:00:00,17655.0,17603.227
2018-07-08 18:00:00,17710.0,17558.783
2018-07-08 19:00:00,17324.0,17256.262
2018-07-08 20:00:00,16567.0,16914.627
2018-07-08 21:00:00,16110.0,16365.633
2018-07-08 22:00:00,15183.0,15231.314
2018-07-08 23:00:00,13993.0,14100.344
2018-07-09 00:00:00,12988.0,13085.287
2018-07-09 01:00:00,12226.0,12365.899
2018-07-09 02:00:00,11805.0,11862.514
2018-07-09 03:00:00,11621.0,11523.128
2018-07-09 04:00:00,11739.0,11558.213
2018-07-09 05:00:00,12200.0,12209.398
2018-07-09 06:00:00,12650.0,12893.736
2018-07-09 07:00:00,13601.0,13448.778
2018-07-09 08:00:00,14504.0,14508.477
2018-07-09 09:00:00,15593.0,15380.228
2018-07-09 10:00:00,16613.0,16642.062
2018-07-09 11:00:00,17605.0,17528.55
2018-07-09 12:00:00,18565.0,18389.127
2018-07-09 13:00:00,19416.0,19410.68
2018-07-09 14:00:00,20023.0,19913.725
2018-07-09 15:00:00,20405.0,20354.246
2018-07-09 16:00:00,20878.0,20676.346
2018-07-09 17:00:00,21016.0,21162.508
2018-07-09 18:00:00,20832.0,20972.268
2018-07-09 19:00:00,20340.0,20209.047
2018-07-09 20:00:00,19377.0,19566.713
2018-07-09 21:00:00,18813.0,19008.078
2018-07-09 22:00:00,17453.0,17781.852
2018-07-09 23:00:00,16056.0,16095.485
2018-07-10 00:00:00,14770.0,14903.312
2018-07-10 01:00:00,13822.0,14040.963
2018-07-10 02:00:00,13327.0,13224.296
2018-07-10 03:00:00,12956.0,12994.464
2018-07-10 04:00:00,12915.0,12951.779
2018-07-10 05:00:00,13177.0,13238.516
2018-07-10 06:00:00,13841.0,13817.802
2018-07-10 07:00:00,14820.0,14743.154
2018-07-10 08:00:00,15937.0,15709.748
2018-07-10 09:00:00,17146.0,16954.22
2018-07-10 10:00:00,18481.0,18323.55
2018-07-10 11:00:00,19510.0,19392.113
2018-07-10 12:00:00,20461.0,20406.318
2018-07-10 13:00:00,21133.0,21142.305
2018-07-10 14:00:00,21446.0,21462.564
2018-07-10 15:00:00,21470.0,21688.594
2018-07-10 16:00:00,21088.0,21548.559
2018-07-10 17:00:00,20840.0,20933.223
2018-07-10 18:00:00,20657.0,20324.672
2018-07-10 19:00:00,20187.0,19990.707
2018-07-10 20:00:00,19411.0,19540.588
2018-07-10 21:00:00,18714.0,19038.383
2018-07-10 22:00:00,17579.0,17717.049
2018-07-10 23:00:00,16080.0,16063.851
2018-07-11 00:00:00,14958.0,14862.201
2018-07-11 01:00:00,13970.0,14124.487
2018-07-11 02:00:00,13345.0,13407.372
2018-07-11 03:00:00,12937.0,12973.977
2018-07-11 04:00:00,12824.0,12955.447
2018-07-11 05:00:00,13179.0,13177.238
2018-07-11 06:00:00,13664.0,13685.65
2018-07-11 07:00:00,14408.0,14481.376
2018-07-11 08:00:00,15346.0,15266.394
2018-07-11 09:00:00,16154.0,16224.155
2018-07-11 10:00:00,17144.0,17059.885
2018-07-11 11:00:00,17908.0,17947.58
2018-07-11 12:00:00,18638.0,18583.408
2018-07-11 13:00:00,19304.0,19174.424
2018-07-11 14:00:00,19719.0,19694.143
2018-07-11 15:00:00,20052.0,20031.232
2018-07-11 16:00:00,20153.0,20154.371
2018-07-11 17:00:00,20105.0,20133.893
2018-07-11 18:00:00,19776.0,19755.906
2018-07-11 19:00:00,19114.0,19148.805
2018-07-11 20:00:00,18249.0,18611.465
2018-07-11 21:00:00,17602.0,17964.436
2018-07-11 22:00:00,16510.0,16525.928
2018-07-11 23:00:00,15115.0,15118.045
2018-07-12 00:00:00,13982.0,13974.055
2018-07-12 01:00:00,13023.0,13175.235
2018-07-12 02:00:00,12482.0,12513.642
2018-07-12 03:00:00,12280.0,12154.991
2018-07-12 04:00:00,12283.0,12229.244
2018-07-12 05:00:00,12697.0,12687.967
2018-07-12 06:00:00,13314.0,13470.694
2018-07-12 07:00:00,14051.0,14190.533
2018-07-12 08:00:00,14773.0,14885.592
2018-07-12 09:00:00,15595.0,15635.216
2018-07-12 10:00:00,16541.0,16379.357
2018-07-12 11:00:00,17430.0,17269.074
2018-07-12 12:00:00,18253.0,18070.148
2018-07-12 13:00:00,18965.0,18952.615
2018-07-12 14:00:00,19412.0,19429.18
2018-07-12 15:00:00,19796.0,19725.947
2018-07-12 16:00:00,20052.0,20058.848
2018-07-12 17:00:00,20085.0,20059.932
2018-07-12 18:00:00,19706.0,19838.42
2018-07-12 19:00:00,19188.0,19042.14
2018-07-12 20:00:00,18401.0,18628.979
2018-07-12 21:00:00,17797.0,18097.533
2018-07-12 22:00:00,16719.0,16752.727
2018-07-12 23:00:00,15264.0,15294.312
2018-07-13 00:00:00,14147.0,14137.1875
2018-07-13 01:00:00,13204.0,13359.859
2018-07-13 02:00:00,12737.0,12646.547
2018-07-13 03:00:00,12434.0,12375.786
2018-07-13 04:00:00,12425.0,12403.557
2018-07-13 05:00:00,12826.0,12827.009
2018-07-13 06:00:00,13446.0,13336.493
2018-07-13 07:00:00,14183.0,14237.613
2018-07-13 08:00:00,15226.0,14990.823
2018-07-13 09:00:00,16125.0,16060.465
2018-07-13 10:00:00,17280.0,17116.451
2018-07-13 11:00:00,18229.0,18098.207
2018-07-13 12:00:00,19078.0,19031.22
2018-07-13 13:00:00,19926.0,19761.514
2018-07-13 14:00:00,20449.0,20393.89
2018-07-13 15:00:00,20852.0,20667.936
2018-07-13 16:00:00,21014.0,21050.283
2018-07-13 17:00:00,21001.0,21000.836
2018-07-13 18:00:00,20726.0,20447.87
2018-07-13 19:00:00,20051.0,20012.95
2018-07-13 20:00:00,19216.0,19437.648
2018-07-13 21:00:00,18530.0,18877.855
2018-07-13 22:00:00,17502.0,17383.727
2018-07-13 23:00:00,15950.0,16058.8545
2018-07-14 00:00:00,14713.0,14713.902
2018-07-14 01:00:00,13708.0,13881.583
2018-07-14 02:00:00,13184.0,13073.298
2018-07-14 03:00:00,12726.0,12679.808
2018-07-14 04:00:00,12535.0,12526.23
2018-07-14 05:00:00,12586.0,12584.916
2018-07-14 06:00:00,12543.0,12571.44
2018-07-14 07:00:00,13128.0,13046.025
2018-07-14 08:00:00,14129.0,14142.838
2018-07-14 09:00:00,15513.0,15195.223
2018-07-14 10:00:00,16751.0,16613.312
2018-07-14 11:00:00,17872.0,17622.0
2018-07-14 12:00:00,18581.0,18744.225
2018-07-14 13:00:00,19143.0,19195.193
2018-07-14 14:00:00,19565.0,19484.9
2018-07-14 15:00:00,19841.0,19786.91
2018-07-14 16:00:00,20032.0,20015.164
2018-07-14 17:00:00,20074.0,20048.668
2018-07-14 18:00:00,19822.0,19824.965
2018-07-14 19:00:00,19360.0,19214.25
2018-07-14 20:00:00,18657.0,18798.21
2018-07-14 21:00:00,18179.0,18318.951
2018-07-14 22:00:00,17129.0,17177.775
2018-07-14 23:00:00,15910.0,15845.228
2018-07-15 00:00:00,14815.0,14665.538
2018-07-15 01:00:00,13958.0,13969.083
2018-07-15 02:00:00,13360.0,13351.151
2018-07-15 03:00:00,12893.0,12952.032
2018-07-15 04:00:00,12629.0,12676.775
2018-07-15 05:00:00,12614.0,12528.093
2018-07-15 06:00:00,12515.0,12455.205
2018-07-15 07:00:00,12918.0,12964.468
2018-07-15 08:00:00,13878.0,13942.804
2018-07-15 09:00:00,15032.0,14956.224
2018-07-15 10:00:00,16314.0,16181.584
2018-07-15 11:00:00,17471.0,17453.248
2018-07-15 12:00:00,18397.0,18596.82
2018-07-15 13:00:00,18848.0,19103.066
2018-07-15 14:00:00,19247.0,19264.48
2018-07-15 15:00:00,19533.0,19557.621
2018-07-15 16:00:00,19682.0,19759.078
2018-07-15 17:00:00,19681.0,19707.654
2018-07-15 18:00:00,19217.0,19282.756
2018-07-15 19:00:00,18893.0,18580.87
2018-07-15 20:00:00,18285.0,18347.82
2018-07-15 21:00:00,17949.0,18081.127
2018-07-15 22:00:00,17070.0,17065.16
2018-07-15 23:00:00,15942.0,15803.881
2018-07-16 00:00:00,14851.0,14928.003
2018-07-16 01:00:00,14147.0,14118.334
2018-07-16 02:00:00,13595.0,13692.654
2018-07-16 03:00:00,13402.0,13262.16
2018-07-16 04:00:00,13389.0,13428.068
2018-07-16 05:00:00,13991.0,13813.991
2018-07-16 06:00:00,14630.0,14805.165
2018-07-16 07:00:00,15583.0,15520.77
2018-07-16 08:00:00,16361.0,16554.203
2018-07-16 09:00:00,17339.0,17334.678
2018-07-16 10:00:00,18363.0,18571.414
2018-07-16 11:00:00,19214.0,19304.062
2018-07-16 12:00:00,19934.0,19900.105
2018-07-16 13:00:00,20364.0,20535.463
2018-07-16 14:00:00,20298.0,20720.475
2018-07-16 15:00:00,20178.0,20186.441
2018-07-16 16:00:00,20184.0,19992.385
2018-07-16 17:00:00,20434.0,19968.799
2018-07-16 18:00:00,20280.0,20140.824
2018-07-16 19:00:00,19816.0,19826.328
2018-07-16 20:00:00,19113.0,19291.8
2018-07-16 21:00:00,18653.0,18856.691
2018-07-16 22:00:00,17540.0,17662.361
2018-07-16 23:00:00,16384.0,16124.681
2018-07-17 00:00:00,15202.0,15135.072
2018-07-17 01:00:00,14424.0,14370.29
2018-07-17 02:00:00,13922.0,13815.434
2018-07-17 03:00:00,13522.0,13657.28
2018-07-17 04:00:00,13634.0,13546.173
2018-07-17 05:00:00,14057.0,14133.444
2018-07-17 06:00:00,14647.0,14875.996
2018-07-17 07:00:00,15372.0,15488.074
2018-07-17 08:00:00,16382.0,16164.644
2018-07-17 09:00:00,17247.0,17244.713
2018-07-17 10:00:00,18109.0,18176.623
2018-07-17 11:00:00,18987.0,18744.275
2018-07-17 12:00:00,19710.0,19628.846
2018-07-17 13:00:00,20156.0,20338.824
2018-07-17 14:00:00,20458.0,20549.656
2018-07-17 15:00:00,20631.0,20501.943
2018-07-17 16:00:00,20621.0,20705.15
2018-07-17 17:00:00,20357.0,20545.512
2018-07-17 18:00:00,19963.0,19990.621
2018-07-17 19:00:00,19088.0,19347.434
2018-07-17 20:00:00,18299.0,18583.799
2018-07-17 21:00:00,17714.0,18020.654
2018-07-17 22:00:00,16581.0,16644.553
2018-07-17 23:00:00,15027.0,15128.56
2018-07-18 00:00:00,13929.0,13906.85
2018-07-18 01:00:00,13192.0,13210.035
2018-07-18 02:00:00,12682.0,12676.467
2018-07-18 03:00:00,12348.0,12406.03
2018-07-18 04:00:00,12227.0,12368.337
2018-07-18 05:00:00,12613.0,12722.386
2018-07-18 06:00:00,13162.0,13180.254
2018-07-18 07:00:00,13953.0,14006.797
2018-07-18 08:00:00,14753.0,14819.097
2018-07-18 09:00:00,15481.0,15653.314
2018-07-18 10:00:00,16343.0,16206.312
2018-07-18 11:00:00,16992.0,17055.553
2018-07-18 12:00:00,17563.0,17597.732
2018-07-18 13:00:00,18082.0,17935.062
2018-07-18 14:00:00,18441.0,18415.385
2018-07-18 15:00:00,18625.0,18776.248
2018-07-18 16:00:00,18860.0,18796.898
2018-07-18 17:00:00,18879.0,18818.613
2018-07-18 18:00:00,18714.0,18542.152
2018-07-18 19:00:00,18081.0,18228.525
2018-07-18 20:00:00,17247.0,17551.78
2018-07-18 21:00:00,16661.0,16954.818
2018-07-18 22:00:00,15682.0,15572.472
2018-07-18 23:00:00,14277.0,14251.34
2018-07-19 00:00:00,13305.0,13304.102
2018-07-19 01:00:00,12536.0,12630.002
2018-07-19 02:00:00,12079.0,12089.583
2018-07-19 03:00:00,11897.0,11855.676
2018-07-19 04:00:00,11931.0,11928.054
2018-07-19 05:00:00,12376.0,12330.883
2018-07-19 06:00:00,12971.0,12949.144
2018-07-19 07:00:00,13627.0,13842.678
2018-07-19 08:00:00,14383.0,14436.123
2018-07-19 09:00:00,15212.0,15052.887
2018-07-19 10:00:00,16069.0,16005.556
2018-07-19 11:00:00,16853.0,16728.596
2018-07-19 12:00:00,17629.0,17408.096
2018-07-19 13:00:00,18290.0,18201.398
2018-07-19 14:00:00,18875.0,18721.08
2018-07-19 15:00:00,19259.0,19253.812
2018-07-19 16:00:00,19615.0,19596.578
2018-07-19 17:00:00,19730.0,19723.41
2018-07-19 18:00:00,19540.0,19555.18
2018-07-19 19:00:00,18886.0,18940.25
2018-07-19 20:00:00,18120.0,18402.943
2018-07-19 21:00:00,17537.0,17902.111
2018-07-19 22:00:00,16361.0,16411.91
2018-07-19 23:00:00,15085.0,15021.28
2018-07-20 00:00:00,13948.0,13925.395
2018-07-20 01:00:00,13207.0,13144.311
2018-07-20 02:00:00,12753.0,12707.147
2018-07-20 03:00:00,12529.0,12453.282
2018-07-20 04:00:00,12616.0,12510.486
2018-07-20 05:00:00,12983.0,13103.532
2018-07-20 06:00:00,13646.0,13767.035
2018-07-20 07:00:00,14427.0,14513.206
2018-07-20 08:00:00,15210.0,15118.478
2018-07-20 09:00:00,15964.0,16032.152
2018-07-20 10:00:00,16554.0,16885.146
2018-07-20 11:00:00,17039.0,17277.953
2018-07-20 12:00:00,17324.0,17591.922
2018-07-20 13:00:00,17480.0,17692.5
2018-07-20 14:00:00,17541.0,17675.883
2018-07-20 15:00:00,17464.0,17538.33
2018-07-20 16:00:00,17367.0,17409.906
2018-07-20 17:00:00,17089.0,17130.86
2018-07-20 18:00:00,16607.0,16594.744
2018-07-20 19:00:00,16028.0,16168.708
2018-07-20 20:00:00,15515.0,15634.352
2018-07-20 21:00:00,15178.0,15419.717
2018-07-20 22:00:00,14426.0,14397.946
2018-07-20 23:00:00,13379.0,13367.817
2018-07-21 00:00:00,12654.0,12403.987
2018-07-21 01:00:00,12102.0,11998.317
2018-07-21 02:00:00,11603.0,11719.412
2018-07-21 03:00:00,11470.0,11368.824
2018-07-21 04:00:00,11431.0,11394.1875
2018-07-21 05:00:00,11632.0,11527.898
2018-07-21 06:00:00,11660.0,11679.081
2018-07-21 07:00:00,12103.0,12149.825
2018-07-21 08:00:00,12692.0,12824.526
2018-07-21 09:00:00,13291.0,13453.95
2018-07-21 10:00:00,13931.0,13951.327
2018-07-21 11:00:00,14400.0,14454.489
2018-07-21 12:00:00,14752.0,14673.106
2018-07-21 13:00:00,15151.0,14872.174
2018-07-21 14:00:00,15458.0,15329.244
2018-07-21 15:00:00,15765.0,15642.233
2018-07-21 16:00:00,16074.0,15886.044
2018-07-21 17:00:00,16251.0,16107.038
2018-07-21 18:00:00,15894.0,16059.76
2018-07-21 19:00:00,15400.0,15446.944
2018-07-21 20:00:00,15043.0,15061.073
2018-07-21 21:00:00,14848.0,15014.74
2018-07-21 22:00:00,14102.0,14112.175
2018-07-21 23:00:00,13079.0,13156.269
2018-07-22 00:00:00,12274.0,12204.972
2018-07-22 01:00:00,11784.0,11616.884
2018-07-22 02:00:00,11383.0,11393.585
2018-07-22 03:00:00,11202.0,11132.093
2018-07-22 04:00:00,11091.0,11047.555
2018-07-22 05:00:00,11036.0,11098.124
2018-07-22 06:00:00,11221.0,11054.438
2018-07-22 07:00:00,11611.0,11477.053
2018-07-22 08:00:00,12241.0,12410.173
2018-07-22 09:00:00,12859.0,13020.35
2018-07-22 10:00:00,13384.0,13518.696
2018-07-22 11:00:00,13895.0,13983.27
2018-07-22 12:00:00,14419.0,14354.118
2018-07-22 13:00:00,14833.0,14845.305
2018-07-22 14:00:00,15191.0,15111.527
2018-07-22 15:00:00,15381.0,15393.029
2018-07-22 16:00:00,15626.0,15640.844
2018-07-22 17:00:00,15730.0,15779.764
2018-07-22 18:00:00,15739.0,15636.365
2018-07-22 19:00:00,15403.0,15580.014
2018-07-22 20:00:00,14975.0,15312.457
2018-07-22 21:00:00,14891.0,14974.945
2018-07-22 22:00:00,14256.0,14132.367
2018-07-22 23:00:00,13330.0,13337.307
2018-07-23 00:00:00,12579.0,12515.883
2018-07-23 01:00:00,12157.0,12033.098
2018-07-23 02:00:00,11829.0,11803.784
2018-07-23 03:00:00,11647.0,11715.227
2018-07-23 04:00:00,11848.0,11799.333
2018-07-23 05:00:00,12380.0,12410.354
2018-07-23 06:00:00,13220.0,13206.9795
2018-07-23 07:00:00,13866.0,14025.104
2018-07-23 08:00:00,14536.0,14547.739
2018-07-23 09:00:00,15207.0,15247.799
2018-07-23 10:00:00,15949.0,15893.005
2018-07-23 11:00:00,16498.0,16504.836
2018-07-23 12:00:00,17165.0,16970.441
2018-07-23 13:00:00,17730.0,17593.004
2018-07-23 14:00:00,18120.0,17990.44
2018-07-23 15:00:00,18513.0,18396.492
2018-07-23 16:00:00,18713.0,18814.736
2018-07-23 17:00:00,18680.0,18758.682
2018-07-23 18:00:00,18173.0,18325.314
2018-07-23 19:00:00,17718.0,17730.922
2018-07-23 20:00:00,17214.0,17300.527
2018-07-23 21:00:00,16912.0,16972.824
2018-07-23 22:00:00,15858.0,15943.726
2018-07-23 23:00:00,14814.0,14569.833
2018-07-24 00:00:00,13903.0,13756.234
2018-07-24 01:00:00,13216.0,13188.465
2018-07-24 02:00:00,12828.0,12804.044
2018-07-24 03:00:00,12546.0,12574.057
2018-07-24 04:00:00,12673.0,12593.03
2018-07-24 05:00:00,13096.0,13200.925
2018-07-24 06:00:00,13855.0,13972.54
2018-07-24 07:00:00,14451.0,14720.603
2018-07-24 08:00:00,15102.0,15154.095
2018-07-24 09:00:00,15648.0,15866.991
2018-07-24 10:00:00,16367.0,16477.574
2018-07-24 11:00:00,16828.0,17067.336
2018-07-24 12:00:00,17132.0,17333.629
2018-07-24 13:00:00,17747.0,17480.285
2018-07-24 14:00:00,18185.0,17989.836
2018-07-24 15:00:00,18500.0,18423.234
2018-07-24 16:00:00,18644.0,18764.031
2018-07-24 17:00:00,18597.0,18564.959
2018-07-24 18:00:00,18255.0,18311.342
2018-07-24 19:00:00,17926.0,17815.05
2018-07-24 20:00:00,17564.0,17541.29
2018-07-24 21:00:00,17271.0,17474.764
2018-07-24 22:00:00,16225.0,16280.187
2018-07-24 23:00:00,14927.0,14969.136
2018-07-25 00:00:00,13990.0,13784.345
2018-07-25 01:00:00,13394.0,13239.879
2018-07-25 02:00:00,12956.0,12929.082
2018-07-25 03:00:00,12717.0,12705.484
2018-07-25 04:00:00,12697.0,12691.807
2018-07-25 05:00:00,13216.0,13166.9375
2018-07-25 06:00:00,13972.0,14058.315
2018-07-25 07:00:00,14751.0,14832.219
2018-07-25 08:00:00,15445.0,15481.26
2018-07-25 09:00:00,16246.0,16091.489
2018-07-25 10:00:00,17285.0,17073.094
2018-07-25 11:00:00,18014.0,17991.635
2018-07-25 12:00:00,18618.0,18571.135
2018-07-25 13:00:00,19225.0,19112.184
2018-07-25 14:00:00,19740.0,19594.746
2018-07-25 15:00:00,19756.0,19992.861
2018-07-25 16:00:00,19718.0,19863.428
2018-07-25 17:00:00,19544.0,19655.078
2018-07-25 18:00:00,19198.0,19130.441
2018-07-25 19:00:00,18728.0,18699.812
2018-07-25 20:00:00,18033.0,18353.297
2018-07-25 21:00:00,17561.0,17861.979
2018-07-25 22:00:00,16349.0,16479.72
2018-07-25 23:00:00,15027.0,14995.896
2018-07-26 00:00:00,13865.0,13934.385
2018-07-26 01:00:00,13179.0,13109.4375
2018-07-26 02:00:00,12668.0,12658.834
2018-07-26 03:00:00,12411.0,12436.851
2018-07-26 04:00:00,12392.0,12403.669
2018-07-26 05:00:00,12860.0,12813.548
2018-07-26 06:00:00,13465.0,13547.678
2018-07-26 07:00:00,14166.0,14399.993
2018-07-26 08:00:00,15062.0,15019.913
2018-07-26 09:00:00,15918.0,15782.77
2018-07-26 10:00:00,16878.0,16803.145
2018-07-26 11:00:00,17878.0,17618.645
2018-07-26 12:00:00,18642.0,18623.783
2018-07-26 13:00:00,19398.0,19322.154
2018-07-26 14:00:00,19752.0,19894.982
2018-07-26 15:00:00,20107.0,20006.434
2018-07-26 16:00:00,20356.0,20288.996
2018-07-26 17:00:00,20055.0,20399.404
2018-07-26 18:00:00,19641.0,19674.773
2018-07-26 19:00:00,19006.0,19076.162
2018-07-26 20:00:00,18322.0,18536.861
2018-07-26 21:00:00,17804.0,17979.209
2018-07-26 22:00:00,16530.0,16681.734
2018-07-26 23:00:00,15127.0,15164.904
2018-07-27 00:00:00,14057.0,13963.033
2018-07-27 01:00:00,13320.0,13274.13
2018-07-27 02:00:00,12846.0,12830.568
2018-07-27 03:00:00,12512.0,12595.855
2018-07-27 04:00:00,12533.0,12500.517
2018-07-27 05:00:00,12956.0,12966.191
2018-07-27 06:00:00,13557.0,13607.414
2018-07-27 07:00:00,14244.0,14418.047
2018-07-27 08:00:00,15032.0,15065.729
2018-07-27 09:00:00,15813.0,15809.998
2018-07-27 10:00:00,16675.0,16708.195
2018-07-27 11:00:00,17286.0,17489.3
2018-07-27 12:00:00,17871.0,17807.871
2018-07-27 13:00:00,18267.0,18360.154
2018-07-27 14:00:00,18431.0,18570.037
2018-07-27 15:00:00,18505.0,18467.498
2018-07-27 16:00:00,18641.0,18480.547
2018-07-27 17:00:00,18534.0,18483.229
2018-07-27 18:00:00,18104.0,17986.953
2018-07-27 19:00:00,17423.0,17485.852
2018-07-27 20:00:00,16633.0,16845.178
2018-07-27 21:00:00,16137.0,16369.832
2018-07-27 22:00:00,15095.0,15138.477
2018-07-27 23:00:00,13885.0,13867.131
2018-07-28 00:00:00,12886.0,12892.989
2018-07-28 01:00:00,12167.0,12216.495
2018-07-28 02:00:00,11765.0,11768.496
2018-07-28 03:00:00,11518.0,11488.651
2018-07-28 04:00:00,11354.0,11380.899
2018-07-28 05:00:00,11571.0,11465.798
2018-07-28 06:00:00,11619.0,11652.908
2018-07-28 07:00:00,12022.0,12120.178
2018-07-28 08:00:00,12744.0,12877.104
2018-07-28 09:00:00,13463.0,13663.251
2018-07-28 10:00:00,14308.0,14288.578
2018-07-28 11:00:00,15027.0,14993.2
2018-07-28 12:00:00,15471.0,15510.969
2018-07-28 13:00:00,15893.0,15711.616
2018-07-28 14:00:00,16327.0,16065.998
2018-07-28 15:00:00,16578.0,16572.27
2018-07-28 16:00:00,16725.0,16799.664
2018-07-28 17:00:00,16724.0,16750.648
2018-07-28 18:00:00,16491.0,16394.182
2018-07-28 19:00:00,15861.0,16040.67
2018-07-28 20:00:00,15284.0,15461.548
2018-07-28 21:00:00,14937.0,15091.837
2018-07-28 22:00:00,14094.0,14105.752
2018-07-28 23:00:00,13017.0,13070.6
2018-07-29 00:00:00,12177.0,12105.412
2018-07-29 01:00:00,11523.0,11508.275
2018-07-29 02:00:00,11124.0,11121.715
2018-07-29 03:00:00,10862.0,10892.154
2018-07-29 04:00:00,10649.0,10770.07
2018-07-29 05:00:00,10748.0,10688.446
2018-07-29 06:00:00,10812.0,10669.734
2018-07-29 07:00:00,10966.0,11175.543
2018-07-29 08:00:00,11786.0,11824.15
2018-07-29 09:00:00,12651.0,12603.615
2018-07-29 10:00:00,13427.0,13409.109
2018-07-29 11:00:00,14206.0,14039.9
2018-07-29 12:00:00,14925.0,14877.266
2018-07-29 13:00:00,15496.0,15415.448
2018-07-29 14:00:00,15937.0,15970.16
2018-07-29 15:00:00,16209.0,16367.151
2018-07-29 16:00:00,16464.0,16586.03
2018-07-29 17:00:00,16645.0,16603.639
2018-07-29 18:00:00,16414.0,16473.988
2018-07-29 19:00:00,15997.0,15981.678
2018-07-29 20:00:00,15616.0,15594.293
2018-07-29 21:00:00,15476.0,15564.829
2018-07-29 22:00:00,14665.0,14641.767
2018-07-29 23:00:00,13680.0,13608.409
2018-07-30 00:00:00,12927.0,12848.627
2018-07-30 01:00:00,12397.0,12371.041
2018-07-30 02:00:00,12096.0,12051.96
2018-07-30 03:00:00,11938.0,11925.313
2018-07-30 04:00:00,12109.0,11991.356
2018-07-30 05:00:00,12559.0,12637.156
2018-07-30 06:00:00,13474.0,13294.261
2018-07-30 07:00:00,14033.0,14319.396
2018-07-30 08:00:00,14623.0,14796.668
2018-07-30 09:00:00,15168.0,15218.739
2018-07-30 10:00:00,15872.0,15964.138
2018-07-30 11:00:00,16353.0,16458.89
2018-07-30 12:00:00,17001.0,16859.57
2018-07-30 13:00:00,17582.0,17423.113
2018-07-30 14:00:00,17889.0,17858.297
2018-07-30 15:00:00,18176.0,18070.795
2018-07-30 16:00:00,18262.0,18376.799
2018-07-30 17:00:00,18174.0,18245.254
2018-07-30 18:00:00,17875.0,17830.658
2018-07-30 19:00:00,17307.0,17377.463
2018-07-30 20:00:00,17022.0,17008.09
2018-07-30 21:00:00,16725.0,16838.299
2018-07-30 22:00:00,15592.0,15736.465
2018-07-30 23:00:00,14363.0,14305.962
2018-07-31 00:00:00,13501.0,13362.788
2018-07-31 01:00:00,12787.0,12841.326
2018-07-31 02:00:00,12382.0,12391.825
2018-07-31 03:00:00,12275.0,12152.606
2018-07-31 04:00:00,12498.0,12275.3955
2018-07-31 05:00:00,12926.0,13142.945
2018-07-31 06:00:00,13871.0,13842.169
2018-07-31 07:00:00,14554.0,14621.516
2018-07-31 08:00:00,15072.0,15201.132
2018-07-31 09:00:00,15480.0,15673.819
2018-07-31 10:00:00,15975.0,16079.677
2018-07-31 11:00:00,16157.0,16477.834
2018-07-31 12:00:00,16566.0,16536.943
2018-07-31 13:00:00,16882.0,16863.457
2018-07-31 14:00:00,16984.0,16939.635
2018-07-31 15:00:00,16780.0,17029.93
2018-07-31 16:00:00,16687.0,16746.86
2018-07-31 17:00:00,16874.0,16507.434
2018-07-31 18:00:00,16727.0,16735.82
2018-07-31 19:00:00,16674.0,16403.744
2018-07-31 20:00:00,16556.0,16491.193
2018-07-31 21:00:00,16252.0,16468.885
2018-07-31 22:00:00,15504.0,15335.757
2018-07-31 23:00:00,14424.0,14371.217
2018-08-01 00:00:00,13538.0,13500.178
2018-08-01 01:00:00,12903.0,12872.394
2018-08-01 02:00:00,12506.0,12549.017
2018-08-01 03:00:00,12206.0,12310.133
2018-08-01 04:00:00,12295.0,12268.27
2018-08-01 05:00:00,12714.0,12752.147
2018-08-01 06:00:00,13512.0,13811.246
2018-08-01 07:00:00,14139.0,14243.135
2018-08-01 08:00:00,14685.0,14763.584
2018-08-01 09:00:00,15223.0,15223.258
2018-08-01 10:00:00,15648.0,15889.863
2018-08-01 11:00:00,16116.0,16036.557
2018-08-01 12:00:00,16623.0,16458.299
2018-08-01 13:00:00,17008.0,16875.951
2018-08-01 14:00:00,17146.0,17187.482
2018-08-01 15:00:00,17193.0,17207.97
2018-08-01 16:00:00,17183.0,17205.893
2018-08-01 17:00:00,17204.0,17090.47
2018-08-01 18:00:00,16870.0,17045.738
2018-08-01 19:00:00,16579.0,16593.459
2018-08-01 20:00:00,16457.0,16479.428
2018-08-01 21:00:00,16197.0,16214.2295
2018-08-01 22:00:00,15259.0,15168.4375
2018-08-01 23:00:00,14125.0,14043.001
2018-08-02 00:00:00,13286.0,13150.169
2018-08-02 01:00:00,12587.0,12621.95
2018-08-02 02:00:00,12296.0,12205.604
2018-08-02 03:00:00,12059.0,12039.007
2018-08-02 04:00:00,12224.0,12124.547
2018-08-02 05:00:00,12781.0,12790.705
2018-08-02 06:00:00,13661.0,13774.499
2018-08-02 07:00:00,14326.0,14272.336
2018-08-02 08:00:00,14834.0,14886.738
2018-08-02 09:00:00,15309.0,15378.199
2018-08-02 10:00:00,16025.0,15867.144
2018-08-02 11:00:00,16651.0,16488.346
2018-08-02 12:00:00,17423.0,17038.615
2018-08-02 13:00:00,18067.0,17863.16
2018-08-02 14:00:00,18534.0,18470.59
2018-08-02 15:00:00,18826.0,18834.836
2018-08-02 16:00:00,18869.0,19005.545
2018-08-02 17:00:00,18562.0,18705.814
2018-08-02 18:00:00,18118.0,18152.81
2018-08-02 19:00:00,17673.0,17666.424
2018-08-02 20:00:00,17303.0,17518.924
2018-08-02 21:00:00,17001.0,17093.297
2018-08-02 22:00:00,15964.0,15834.62
2018-08-02 23:00:00,14809.0,14634.407
