Datetime,Actual,Predicted
2017-06-14 10:00:00,15904.0,15498.49
2017-06-14 11:00:00,17137.0,16964.127
2017-06-14 12:00:00,18067.0,18072.16
2017-06-14 13:00:00,18627.0,18629.904
2017-06-14 14:00:00,18973.0,18929.79
2017-06-14 15:00:00,18349.0,19376.176
2017-06-14 16:00:00,17435.0,18503.336
2017-06-14 17:00:00,16789.0,16878.855
2017-06-14 18:00:00,15715.0,16259.333
2017-06-14 19:00:00,14811.0,15114.791
2017-06-14 20:00:00,14316.0,14226.647
2017-06-14 21:00:00,14019.0,13967.436
2017-06-14 22:00:00,13566.0,13577.035
2017-06-14 23:00:00,12682.0,12463.236
2017-06-15 00:00:00,11655.0,11582.462
2017-06-15 01:00:00,10965.0,10806.087
2017-06-15 02:00:00,10447.0,10329.858
2017-06-15 03:00:00,10094.0,10008.551
2017-06-15 04:00:00,9960.0,9851.909
2017-06-15 05:00:00,10118.0,10000.497
2017-06-15 06:00:00,10519.0,10664.144
2017-06-15 07:00:00,11489.0,11371.942
2017-06-15 08:00:00,12454.0,12578.357
2017-06-15 09:00:00,13345.0,13282.408
2017-06-15 10:00:00,14253.0,14133.291
2017-06-15 11:00:00,14989.0,15009.3545
2017-06-15 12:00:00,15729.0,15622.022
2017-06-15 13:00:00,16568.0,16163.527
2017-06-15 14:00:00,17354.0,17175.027
2017-06-15 15:00:00,17845.0,17675.83
2017-06-15 16:00:00,18254.0,17911.865
2017-06-15 17:00:00,18466.0,18222.887
2017-06-15 18:00:00,18413.0,18398.861
2017-06-15 19:00:00,18121.0,18130.312
2017-06-15 20:00:00,17408.0,17424.834
2017-06-15 21:00:00,16571.0,16701.893
2017-06-15 22:00:00,15831.0,15872.478
2017-06-15 23:00:00,14607.0,14424.932
2017-06-16 00:00:00,13283.0,13269.878
2017-06-16 01:00:00,12288.0,12244.744
2017-06-16 02:00:00,11413.0,11589.437
2017-06-16 03:00:00,10694.0,10857.185
2017-06-16 04:00:00,10379.0,10482.27
2017-06-16 05:00:00,10367.0,10399.244
2017-06-16 06:00:00,10788.0,10736.375
2017-06-16 07:00:00,11404.0,11659.211
2017-06-16 08:00:00,11984.0,12515.895
2017-06-16 09:00:00,12602.0,12780.767
2017-06-16 10:00:00,13105.0,13279.013
2017-06-16 11:00:00,13497.0,13621.002
2017-06-16 12:00:00,13918.0,13905.699
2017-06-16 13:00:00,14680.0,14310.217
2017-06-16 14:00:00,15609.0,15210.042
2017-06-16 15:00:00,16301.0,16114.821
2017-06-16 16:00:00,16907.0,16787.58
2017-06-16 17:00:00,17309.0,17257.145
2017-06-16 18:00:00,17398.0,17205.213
2017-06-16 19:00:00,17083.0,16821.855
2017-06-16 20:00:00,16339.0,16178.457
2017-06-16 21:00:00,15726.0,15910.447
2017-06-16 22:00:00,15213.0,15286.249
2017-06-16 23:00:00,14226.0,14086.569
2017-06-17 00:00:00,13116.0,13069.808
2017-06-17 01:00:00,12217.0,12107.7295
2017-06-17 02:00:00,11550.0,11457.225
2017-06-17 03:00:00,11103.0,11042.244
2017-06-17 04:00:00,10771.0,10788.219
2017-06-17 05:00:00,10603.0,10661.959
2017-06-17 06:00:00,10529.0,10603.985
2017-06-17 07:00:00,10570.0,10700.369
2017-06-17 08:00:00,11119.0,11173.461
2017-06-17 09:00:00,12010.0,11857.416
2017-06-17 10:00:00,13197.0,12940.737
2017-06-17 11:00:00,13923.0,14294.106
2017-06-17 12:00:00,14534.0,14591.221
2017-06-17 13:00:00,15078.0,14940.978
2017-06-17 14:00:00,15504.0,15423.42
2017-06-17 15:00:00,15967.0,15681.124
2017-06-17 16:00:00,16061.0,16106.523
2017-06-17 17:00:00,15758.0,16067.053
2017-06-17 18:00:00,15059.0,15517.762
2017-06-17 19:00:00,14529.0,14501.783
2017-06-17 20:00:00,14101.0,13905.3955
2017-06-17 21:00:00,14063.0,13765.031
2017-06-17 22:00:00,13592.0,13651.027
2017-06-17 23:00:00,12796.0,12691.014
2017-06-18 00:00:00,11910.0,11779.867
2017-06-18 01:00:00,11101.0,11027.26
2017-06-18 02:00:00,10557.0,10464.707
2017-06-18 03:00:00,10151.0,10076.245
2017-06-18 04:00:00,9959.0,9806.308
2017-06-18 05:00:00,9808.0,9796.16
2017-06-18 06:00:00,9705.0,9822.992
2017-06-18 07:00:00,9701.0,9785.723
2017-06-18 08:00:00,10189.0,10251.029
2017-06-18 09:00:00,11027.0,11060.594
2017-06-18 10:00:00,11706.0,12096.108
2017-06-18 11:00:00,12251.0,12533.364
2017-06-18 12:00:00,12488.0,12903.117
2017-06-18 13:00:00,12598.0,12810.83
2017-06-18 14:00:00,12687.0,12639.764
2017-06-18 15:00:00,12738.0,12850.391
2017-06-18 16:00:00,12765.0,12822.869
2017-06-18 17:00:00,12838.0,12780.261
2017-06-18 18:00:00,12731.0,12838.098
2017-06-18 19:00:00,12344.0,12601.188
2017-06-18 20:00:00,11906.0,12162.287
2017-06-18 21:00:00,11840.0,11837.823
2017-06-18 22:00:00,11856.0,11636.62
2017-06-18 23:00:00,11293.0,11275.62
2017-06-19 00:00:00,10495.0,10630.166
2017-06-19 01:00:00,9817.0,9879.288
2017-06-19 02:00:00,9355.0,9407.985
2017-06-19 03:00:00,9089.0,9072.171
2017-06-19 04:00:00,8922.0,8973.878
2017-06-19 05:00:00,9107.0,9019.274
2017-06-19 06:00:00,9480.0,9584.662
2017-06-19 07:00:00,10452.0,10252.092
2017-06-19 08:00:00,11399.0,11301.557
2017-06-19 09:00:00,12065.0,12170.088
2017-06-19 10:00:00,12789.0,12601.411
2017-06-19 11:00:00,13390.0,13314.899
2017-06-19 12:00:00,13722.0,13798.08
2017-06-19 13:00:00,14046.0,13970.967
2017-06-19 14:00:00,14313.0,14410.684
2017-06-19 15:00:00,14265.0,14485.554
2017-06-19 16:00:00,13844.0,14194.088
2017-06-19 17:00:00,13315.0,13671.663
2017-06-19 18:00:00,12921.0,12903.891
2017-06-19 19:00:00,12442.0,12470.453
2017-06-19 20:00:00,12059.0,12007.438
2017-06-19 21:00:00,11870.0,11929.862
2017-06-19 22:00:00,11668.0,11664.11
2017-06-19 23:00:00,10853.0,10827.469
2017-06-20 00:00:00,9942.0,9917.167
2017-06-20 01:00:00,9331.0,9327.581
2017-06-20 02:00:00,8912.0,8897.608
2017-06-20 03:00:00,8675.0,8652.269
2017-06-20 04:00:00,8557.0,8577.737
2017-06-20 05:00:00,8661.0,8687.433
2017-06-20 06:00:00,9043.0,9092.302
2017-06-20 07:00:00,9997.0,9783.901
2017-06-20 08:00:00,10953.0,10841.284
2017-06-20 09:00:00,11708.0,11566.943
2017-06-20 10:00:00,12283.0,12233.759
2017-06-20 11:00:00,12777.0,12861.454
2017-06-20 12:00:00,13173.0,13074.017
2017-06-20 13:00:00,13350.0,13470.73
2017-06-20 14:00:00,13432.0,13630.498
2017-06-20 15:00:00,13364.0,13479.155
2017-06-20 16:00:00,12939.0,13236.465
2017-06-20 17:00:00,12458.0,12647.922
2017-06-20 18:00:00,12258.0,12030.352
2017-06-20 19:00:00,12072.0,11903.503
2017-06-20 20:00:00,11773.0,11882.849
2017-06-20 21:00:00,11583.0,11780.034
2017-06-20 22:00:00,11436.0,11368.248
2017-06-20 23:00:00,10669.0,10688.578
2017-06-21 00:00:00,9798.0,9802.644
2017-06-21 01:00:00,9188.0,9155.42
2017-06-21 02:00:00,8776.0,8793.232
2017-06-21 03:00:00,8524.0,8525.911
2017-06-21 04:00:00,8419.0,8420.97
2017-06-21 05:00:00,8583.0,8540.115
2017-06-21 06:00:00,8917.0,9051.747
2017-06-21 07:00:00,9851.0,9711.053
2017-06-21 08:00:00,10822.0,10679.457
2017-06-21 09:00:00,11554.0,11464.026
2017-06-21 10:00:00,12049.0,12098.07
2017-06-21 11:00:00,12470.0,12431.592
2017-06-21 12:00:00,12819.0,12735.599
2017-06-21 13:00:00,13126.0,13034.025
2017-06-21 14:00:00,13550.0,13394.794
2017-06-21 15:00:00,13884.0,13774.953
2017-06-21 16:00:00,13775.0,14094.657
2017-06-21 17:00:00,13706.0,13740.317
2017-06-21 18:00:00,13625.0,13417.509
2017-06-21 19:00:00,13276.0,13212.218
2017-06-21 20:00:00,13005.0,12809.04
2017-06-21 21:00:00,12938.0,12827.789
2017-06-21 22:00:00,12768.0,12494.713
2017-06-21 23:00:00,11953.0,11879.361
2017-06-22 00:00:00,11059.0,10894.68
2017-06-22 01:00:00,10365.0,10271.72
2017-06-22 02:00:00,9893.0,9810.172
2017-06-22 03:00:00,9662.0,9567.49
2017-06-22 04:00:00,9748.0,9538.13
2017-06-22 05:00:00,10077.0,9948.191
2017-06-22 06:00:00,10695.0,10768.187
2017-06-22 07:00:00,11711.0,11712.994
2017-06-22 08:00:00,12721.0,12624.441
2017-06-22 09:00:00,13676.0,13487.879
2017-06-22 10:00:00,14766.0,14381.712
2017-06-22 11:00:00,15791.0,15569.914
2017-06-22 12:00:00,16620.0,16558.332
2017-06-22 13:00:00,17047.0,17224.727
2017-06-22 14:00:00,17249.0,17287.758
2017-06-22 15:00:00,17891.0,17441.984
2017-06-22 16:00:00,18189.0,18196.656
2017-06-22 17:00:00,18002.0,18381.156
2017-06-22 18:00:00,17805.0,18063.906
2017-06-22 19:00:00,17469.0,17062.992
2017-06-22 20:00:00,16894.0,16515.043
2017-06-22 21:00:00,16490.0,16396.34
2017-06-22 22:00:00,16008.0,15810.663
2017-06-22 23:00:00,14844.0,14702.948
2017-06-23 00:00:00,13586.0,13472.776
2017-06-23 01:00:00,12627.0,12477.375
2017-06-23 02:00:00,11966.0,11857.707
2017-06-23 03:00:00,11525.0,11423.74
2017-06-23 04:00:00,11315.0,11127.273
2017-06-23 05:00:00,11343.0,11274.416
2017-06-23 06:00:00,11475.0,11773.7705
2017-06-23 07:00:00,11899.0,12053.878
2017-06-23 08:00:00,12470.0,12734.85
2017-06-23 09:00:00,12905.0,13287.522
2017-06-23 10:00:00,13236.0,13617.568
2017-06-23 11:00:00,13820.0,13577.112
2017-06-23 12:00:00,14243.0,14181.386
2017-06-23 13:00:00,14670.0,14453.53
2017-06-23 14:00:00,15045.0,14988.311
2017-06-23 15:00:00,15277.0,15270.051
2017-06-23 16:00:00,15507.0,15442.162
2017-06-23 17:00:00,15623.0,15492.886
2017-06-23 18:00:00,15313.0,15431.465
2017-06-23 19:00:00,14622.0,14743.909
2017-06-23 20:00:00,13880.0,14141.101
2017-06-23 21:00:00,13228.0,13472.537
2017-06-23 22:00:00,12819.0,12826.9
2017-06-23 23:00:00,11911.0,11885.275
2017-06-24 00:00:00,10871.0,10919.304
2017-06-24 01:00:00,10049.0,10078.649
2017-06-24 02:00:00,9462.0,9499.202
2017-06-24 03:00:00,9092.0,9087.334
2017-06-24 04:00:00,8782.0,8879.246
2017-06-24 05:00:00,8727.0,8750.4
2017-06-24 06:00:00,8670.0,8819.522
2017-06-24 07:00:00,9065.0,8885.288
2017-06-24 08:00:00,9697.0,9514.983
2017-06-24 09:00:00,10357.0,10317.625
2017-06-24 10:00:00,10971.0,11015.518
2017-06-24 11:00:00,11333.0,11480.762
2017-06-24 12:00:00,11461.0,11568.505
2017-06-24 13:00:00,11462.0,11559.066
2017-06-24 14:00:00,11409.0,11464.503
2017-06-24 15:00:00,11344.0,11380.629
2017-06-24 16:00:00,11370.0,11311.989
2017-06-24 17:00:00,11378.0,11345.945
2017-06-24 18:00:00,11242.0,11297.2295
2017-06-24 19:00:00,10964.0,10967.463
2017-06-24 20:00:00,10479.0,10752.928
2017-06-24 21:00:00,10254.0,10499.598
2017-06-24 22:00:00,10118.0,10053.106
2017-06-24 23:00:00,9612.0,9653.53
2017-06-25 00:00:00,9036.0,9031.654
2017-06-25 01:00:00,8532.0,8530.824
2017-06-25 02:00:00,8182.0,8193.025
2017-06-25 03:00:00,7899.0,7942.129
2017-06-25 04:00:00,7728.0,7746.3374
2017-06-25 05:00:00,7626.0,7742.446
2017-06-25 06:00:00,7481.0,7694.622
2017-06-25 07:00:00,7605.0,7757.5596
2017-06-25 08:00:00,7984.0,7911.6826
2017-06-25 09:00:00,8494.0,8634.286
2017-06-25 10:00:00,8951.0,9022.786
2017-06-25 11:00:00,9305.0,9404.761
2017-06-25 12:00:00,9502.0,9558.735
2017-06-25 13:00:00,9576.0,9592.582
2017-06-25 14:00:00,9716.0,9618.891
2017-06-25 15:00:00,9758.0,9865.9375
2017-06-25 16:00:00,9803.0,9790.558
2017-06-25 17:00:00,9903.0,9902.986
2017-06-25 18:00:00,9968.0,10040.417
2017-06-25 19:00:00,9834.0,10007.459
2017-06-25 20:00:00,9622.0,9880.087
2017-06-25 21:00:00,9639.0,9715.106
2017-06-25 22:00:00,9712.0,9505.907
2017-06-25 23:00:00,9272.0,9366.515
2017-06-26 00:00:00,8682.0,8754.392
2017-06-26 01:00:00,8241.0,8340.819
2017-06-26 02:00:00,7946.0,8019.926
2017-06-26 03:00:00,7739.0,7849.6455
2017-06-26 04:00:00,7699.0,7749.87
2017-06-26 05:00:00,7921.0,7909.0737
2017-06-26 06:00:00,8322.0,8422.283
2017-06-26 07:00:00,9137.0,9062.262
2017-06-26 08:00:00,10080.0,10073.6
2017-06-26 09:00:00,10694.0,10734.295
2017-06-26 10:00:00,11101.0,11207.077
2017-06-26 11:00:00,11424.0,11494.461
2017-06-26 12:00:00,11614.0,11589.327
2017-06-26 13:00:00,11717.0,11730.906
2017-06-26 14:00:00,11833.0,11814.775
2017-06-26 15:00:00,11842.0,11849.49
2017-06-26 16:00:00,11800.0,11782.966
2017-06-26 17:00:00,11711.0,11687.797
2017-06-26 18:00:00,11471.0,11555.815
2017-06-26 19:00:00,11024.0,11239.057
2017-06-26 20:00:00,10749.0,10938.695
2017-06-26 21:00:00,10712.0,10858.799
2017-06-26 22:00:00,10613.0,10557.023
2017-06-26 23:00:00,9909.0,10049.249
2017-06-27 00:00:00,9153.0,9186.085
2017-06-27 01:00:00,8616.0,8627.067
2017-06-27 02:00:00,8264.0,8296.228
2017-06-27 03:00:00,8052.0,8064.2075
2017-06-27 04:00:00,7931.0,7993.727
2017-06-27 05:00:00,8057.0,8051.829
2017-06-27 06:00:00,8444.0,8476.51
2017-06-27 07:00:00,9170.0,9140.608
2017-06-27 08:00:00,10089.0,10054.138
2017-06-27 09:00:00,10751.0,10697.721
2017-06-27 10:00:00,11184.0,11260.95
2017-06-27 11:00:00,11562.0,11609.193
2017-06-27 12:00:00,11801.0,11825.244
2017-06-27 13:00:00,11954.0,11949.608
2017-06-27 14:00:00,12212.0,12109.3545
2017-06-27 15:00:00,12342.0,12280.952
2017-06-27 16:00:00,12451.0,12334.655
2017-06-27 17:00:00,12539.0,12392.683
2017-06-27 18:00:00,12498.0,12429.923
2017-06-27 19:00:00,12228.0,12241.327
2017-06-27 20:00:00,11875.0,11977.769
2017-06-27 21:00:00,11624.0,11889.241
2017-06-27 22:00:00,11449.0,11369.981
2017-06-27 23:00:00,10677.0,10727.473
2017-06-28 00:00:00,9796.0,9824.428
2017-06-28 01:00:00,9164.0,9161.427
2017-06-28 02:00:00,8751.0,8746.95
2017-06-28 03:00:00,8492.0,8440.0205
2017-06-28 04:00:00,8356.0,8357.518
2017-06-28 05:00:00,8526.0,8504.547
2017-06-28 06:00:00,8867.0,8905.211
2017-06-28 07:00:00,9679.0,9655.017
2017-06-28 08:00:00,10516.0,10588.424
2017-06-28 09:00:00,11056.0,11205.355
2017-06-28 10:00:00,11366.0,11447.656
2017-06-28 11:00:00,11651.0,11697.833
2017-06-28 12:00:00,11762.0,11850.817
2017-06-28 13:00:00,11708.0,11810.706
2017-06-28 14:00:00,11930.0,11757.456
2017-06-28 15:00:00,12160.0,11939.273
2017-06-28 16:00:00,12371.0,12202.925
2017-06-28 17:00:00,12507.0,12361.266
2017-06-28 18:00:00,12364.0,12376.166
2017-06-28 19:00:00,12174.0,12107.934
2017-06-28 20:00:00,12140.0,11956.787
2017-06-28 21:00:00,12333.0,12038.174
2017-06-28 22:00:00,12148.0,11986.244
2017-06-28 23:00:00,11367.0,11282.14
2017-06-29 00:00:00,10527.0,10535.538
2017-06-29 01:00:00,9821.0,9852.117
2017-06-29 02:00:00,9392.0,9374.846
2017-06-29 03:00:00,9099.0,9108.515
2017-06-29 04:00:00,9010.0,8999.706
2017-06-29 05:00:00,9193.0,9182.889
2017-06-29 06:00:00,9693.0,9726.509
2017-06-29 07:00:00,10595.0,10700.729
2017-06-29 08:00:00,11607.0,11401.402
2017-06-29 09:00:00,12433.0,12249.492
2017-06-29 10:00:00,13124.0,12904.401
2017-06-29 11:00:00,13793.0,13630.767
2017-06-29 12:00:00,14429.0,14218.606
2017-06-29 13:00:00,15032.0,14831.998
2017-06-29 14:00:00,15372.0,15479.981
2017-06-29 15:00:00,15613.0,15722.995
2017-06-29 16:00:00,15522.0,15794.844
2017-06-29 17:00:00,15252.0,15617.93
2017-06-29 18:00:00,14687.0,15050.377
2017-06-29 19:00:00,14131.0,14190.552
2017-06-29 20:00:00,13768.0,13810.562
2017-06-29 21:00:00,13393.0,13508.235
2017-06-29 22:00:00,13049.0,12934.585
2017-06-29 23:00:00,12160.0,12134.041
2017-06-30 00:00:00,11161.0,11119.028
2017-06-30 01:00:00,10392.0,10278.107
2017-06-30 02:00:00,9852.0,9820.785
2017-06-30 03:00:00,9449.0,9460.694
2017-06-30 04:00:00,9275.0,9242.895
2017-06-30 05:00:00,9427.0,9291.631
2017-06-30 06:00:00,9807.0,9875.337
2017-06-30 07:00:00,10683.0,10626.176
2017-06-30 08:00:00,11717.0,11552.021
2017-06-30 09:00:00,12632.0,12404.877
2017-06-30 10:00:00,13259.0,13313.291
2017-06-30 11:00:00,14024.0,13791.488
2017-06-30 12:00:00,14695.0,14390.11
2017-06-30 13:00:00,15177.0,15112.347
2017-06-30 14:00:00,15505.0,15549.545
2017-06-30 15:00:00,15623.0,15661.453
2017-06-30 16:00:00,15495.0,15590.679
2017-06-30 17:00:00,15354.0,15247.787
2017-06-30 18:00:00,15369.0,14928.763
2017-06-30 19:00:00,14990.0,14846.503
2017-06-30 20:00:00,14478.0,14404.145
2017-06-30 21:00:00,14053.0,14257.346
2017-06-30 22:00:00,13763.0,13724.851
2017-06-30 23:00:00,12837.0,12648.206
2017-07-01 00:00:00,11781.0,11793.832
2017-07-01 01:00:00,10873.0,10861.176
2017-07-01 02:00:00,10203.0,10237.208
2017-07-01 03:00:00,9625.0,9725.256
2017-07-01 04:00:00,9335.0,9325.96
2017-07-01 05:00:00,9235.0,9206.405
2017-07-01 06:00:00,9108.0,9292.167
2017-07-01 07:00:00,9400.0,9264.781
2017-07-01 08:00:00,10117.0,10093.384
2017-07-01 09:00:00,11067.0,10984.858
2017-07-01 10:00:00,12045.0,11733.879
2017-07-01 11:00:00,12835.0,12773.629
2017-07-01 12:00:00,13351.0,13356.62
2017-07-01 13:00:00,13771.0,13610.427
2017-07-01 14:00:00,13933.0,14068.334
2017-07-01 15:00:00,14019.0,14144.231
2017-07-01 16:00:00,14034.0,14005.771
2017-07-01 17:00:00,14108.0,13958.775
2017-07-01 18:00:00,13955.0,13920.437
2017-07-01 19:00:00,13530.0,13524.28
2017-07-01 20:00:00,12817.0,13148.335
2017-07-01 21:00:00,12235.0,12642.576
2017-07-01 22:00:00,11967.0,12061.697
2017-07-01 23:00:00,11228.0,11248.132
2017-07-02 00:00:00,10487.0,10370.474
2017-07-02 01:00:00,9710.0,9737.484
2017-07-02 02:00:00,9153.0,9206.061
2017-07-02 03:00:00,8712.0,8751.83
2017-07-02 04:00:00,8472.0,8410.109
2017-07-02 05:00:00,8301.0,8370.084
2017-07-02 06:00:00,8132.0,8251.811
2017-07-02 07:00:00,8244.0,8186.2974
2017-07-02 08:00:00,8847.0,8720.977
2017-07-02 09:00:00,9603.0,9456.8545
2017-07-02 10:00:00,10424.0,10327.45
2017-07-02 11:00:00,11161.0,11052.098
2017-07-02 12:00:00,11944.0,11685.465
2017-07-02 13:00:00,12601.0,12571.123
2017-07-02 14:00:00,13334.0,12980.577
2017-07-02 15:00:00,14119.0,13838.061
2017-07-02 16:00:00,14698.0,14755.005
2017-07-02 17:00:00,14893.0,15063.736
2017-07-02 18:00:00,14799.0,14998.841
2017-07-02 19:00:00,14167.0,14313.818
2017-07-02 20:00:00,13395.0,13685.12
2017-07-02 21:00:00,12910.0,13162.573
2017-07-02 22:00:00,12657.0,12759.201
2017-07-02 23:00:00,11943.0,11828.846
2017-07-03 00:00:00,11112.0,11029.486
2017-07-03 01:00:00,10347.0,10373.792
2017-07-03 02:00:00,9819.0,9856.394
2017-07-03 03:00:00,9438.0,9506.91
2017-07-03 04:00:00,9250.0,9291.806
2017-07-03 05:00:00,9267.0,9324.656
2017-07-03 06:00:00,9503.0,9649.186
2017-07-03 07:00:00,10034.0,10276.74
2017-07-03 08:00:00,10853.0,10970.196
2017-07-03 09:00:00,11700.0,11665.945
2017-07-03 10:00:00,12530.0,12539.944
2017-07-03 11:00:00,13310.0,13351.134
2017-07-03 12:00:00,13901.0,14051.405
2017-07-03 13:00:00,14348.0,14357.47
2017-07-03 14:00:00,14725.0,14783.762
2017-07-03 15:00:00,14912.0,15070.803
2017-07-03 16:00:00,14981.0,15014.856
2017-07-03 17:00:00,14588.0,15012.315
2017-07-03 18:00:00,13889.0,14343.011
2017-07-03 19:00:00,13028.0,13352.594
2017-07-03 20:00:00,12300.0,12649.225
2017-07-03 21:00:00,11857.0,12113.102
2017-07-03 22:00:00,11544.0,11565.943
2017-07-03 23:00:00,10858.0,10771.305
2017-07-04 00:00:00,10085.0,9952.029
2017-07-04 01:00:00,9421.0,9465.573
2017-07-04 02:00:00,8945.0,8976.968
2017-07-04 03:00:00,8604.0,8621.499
2017-07-04 04:00:00,8420.0,8446.685
2017-07-04 05:00:00,8384.0,8465.342
2017-07-04 06:00:00,8306.0,8638.16
2017-07-04 07:00:00,8469.0,8867.543
2017-07-04 08:00:00,8993.0,9234.434
2017-07-04 09:00:00,9856.0,9750.167
2017-07-04 10:00:00,10827.0,10447.903
2017-07-04 11:00:00,11836.0,11302.1455
2017-07-04 12:00:00,12708.0,12239.852
2017-07-04 13:00:00,13450.0,13135.177
2017-07-04 14:00:00,13906.0,14022.755
2017-07-04 15:00:00,14159.0,14200.549
2017-07-04 16:00:00,14202.0,14345.984
2017-07-04 17:00:00,14150.0,14236.637
2017-07-04 18:00:00,13960.0,13902.463
2017-07-04 19:00:00,13443.0,13458.055
2017-07-04 20:00:00,12768.0,13019.787
2017-07-04 21:00:00,12282.0,12557.479
2017-07-04 22:00:00,11939.0,11921.107
2017-07-04 23:00:00,11463.0,11053.024
2017-07-05 00:00:00,10778.0,10477.326
2017-07-05 01:00:00,10057.0,10077.252
2017-07-05 02:00:00,9530.0,9599.172
2017-07-05 03:00:00,9165.0,9190.905
2017-07-05 04:00:00,8984.0,8996.546
2017-07-05 05:00:00,9122.0,9036.464
2017-07-05 06:00:00,9573.0,9557.137
2017-07-05 07:00:00,10500.0,10514.591
2017-07-05 08:00:00,11680.0,11523.933
2017-07-05 09:00:00,12759.0,12691.403
2017-07-05 10:00:00,13781.0,13650.43
2017-07-05 11:00:00,14845.0,14810.485
2017-07-05 12:00:00,15680.0,15640.069
2017-07-05 13:00:00,16392.0,16240.113
2017-07-05 14:00:00,17044.0,16946.254
2017-07-05 15:00:00,17404.0,17230.682
2017-07-05 16:00:00,17531.0,17409.797
2017-07-05 17:00:00,17527.0,17841.336
2017-07-05 18:00:00,17020.0,17508.959
2017-07-05 19:00:00,16187.0,16280.606
2017-07-05 20:00:00,15415.0,15495.76
2017-07-05 21:00:00,15061.0,14989.217
2017-07-05 22:00:00,14533.0,14602.923
2017-07-05 23:00:00,13470.0,13481.593
2017-07-06 00:00:00,12322.0,12255.052
2017-07-06 01:00:00,11422.0,11400.746
2017-07-06 02:00:00,10809.0,10774.246
2017-07-06 03:00:00,10340.0,10381.978
2017-07-06 04:00:00,10095.0,10161.227
2017-07-06 05:00:00,10149.0,10170.605
2017-07-06 06:00:00,10531.0,10573.669
2017-07-06 07:00:00,11523.0,11344.266
2017-07-06 08:00:00,12904.0,12645.637
2017-07-06 09:00:00,14201.0,13993.177
2017-07-06 10:00:00,15371.0,15220.062
2017-07-06 11:00:00,16453.0,16293.519
2017-07-06 12:00:00,17311.0,17108.564
2017-07-06 13:00:00,18052.0,17782.566
2017-07-06 14:00:00,18687.0,18579.162
2017-07-06 15:00:00,19054.0,19089.07
2017-07-06 16:00:00,19269.0,19483.742
2017-07-06 17:00:00,19408.0,19343.094
2017-07-06 18:00:00,19354.0,18963.443
2017-07-06 19:00:00,19005.0,18495.633
2017-07-06 20:00:00,18389.0,18501.186
2017-07-06 21:00:00,17753.0,18171.318
2017-07-06 22:00:00,17205.0,17084.396
2017-07-06 23:00:00,15918.0,15852.811
2017-07-07 00:00:00,14605.0,14586.224
2017-07-07 01:00:00,13542.0,13504.027
2017-07-07 02:00:00,12736.0,12703.592
2017-07-07 03:00:00,12047.0,12238.176
2017-07-07 04:00:00,11575.0,11804.582
2017-07-07 05:00:00,11603.0,11506.197
2017-07-07 06:00:00,12012.0,11881.697
2017-07-07 07:00:00,12857.0,12857.451
2017-07-07 08:00:00,13850.0,13990.479
2017-07-07 09:00:00,14686.0,14789.156
2017-07-07 10:00:00,15479.0,15571.767
2017-07-07 11:00:00,16434.0,16179.222
2017-07-07 12:00:00,17034.0,16960.35
2017-07-07 13:00:00,17336.0,17421.322
2017-07-07 14:00:00,17648.0,17637.887
2017-07-07 15:00:00,17730.0,17766.793
2017-07-07 16:00:00,17586.0,17516.361
2017-07-07 17:00:00,17371.0,17432.238
2017-07-07 18:00:00,16943.0,16843.572
2017-07-07 19:00:00,16099.0,16189.508
2017-07-07 20:00:00,15090.0,15452.269
2017-07-07 21:00:00,14375.0,14707.412
2017-07-07 22:00:00,13895.0,13824.591
2017-07-07 23:00:00,12760.0,12933.393
2017-07-08 00:00:00,11519.0,11677.299
2017-07-08 01:00:00,10625.0,10676.56
2017-07-08 02:00:00,9953.0,10008.008
2017-07-08 03:00:00,9503.0,9513.995
2017-07-08 04:00:00,9224.0,9161.105
2017-07-08 05:00:00,9108.0,9099.489
2017-07-08 06:00:00,9016.0,9193.437
2017-07-08 07:00:00,9328.0,9147.224
2017-07-08 08:00:00,9999.0,9818.383
2017-07-08 09:00:00,10749.0,10743.917
2017-07-08 10:00:00,11433.0,11512.702
2017-07-08 11:00:00,11973.0,12030.763
2017-07-08 12:00:00,12357.0,12413.445
2017-07-08 13:00:00,12567.0,12707.837
2017-07-08 14:00:00,12730.0,12675.133
2017-07-08 15:00:00,12908.0,12760.055
2017-07-08 16:00:00,13149.0,12954.961
2017-07-08 17:00:00,13256.0,13220.1455
2017-07-08 18:00:00,13179.0,13215.199
2017-07-08 19:00:00,12901.0,12942.562
2017-07-08 20:00:00,12321.0,12558.015
2017-07-08 21:00:00,11790.0,12121.58
2017-07-08 22:00:00,11515.0,11519.287
2017-07-08 23:00:00,10830.0,10847.51
2017-07-09 00:00:00,10044.0,10053.391
2017-07-09 01:00:00,9394.0,9384.06
2017-07-09 02:00:00,8855.0,8946.457
2017-07-09 03:00:00,8537.0,8544.213
2017-07-09 04:00:00,8276.0,8311.163
2017-07-09 05:00:00,8168.0,8254.374
2017-07-09 06:00:00,7949.0,8158.8315
2017-07-09 07:00:00,8091.0,7948.2163
2017-07-09 08:00:00,8615.0,8382.269
2017-07-09 09:00:00,9404.0,9264.641
2017-07-09 10:00:00,10362.0,10088.581
2017-07-09 11:00:00,11197.0,11055.531
2017-07-09 12:00:00,11990.0,11724.44
2017-07-09 13:00:00,12641.0,12613.064
2017-07-09 14:00:00,13319.0,13188.512
2017-07-09 15:00:00,13861.0,13773.051
2017-07-09 16:00:00,14219.0,14345.257
2017-07-09 17:00:00,14631.0,14443.32
2017-07-09 18:00:00,14716.0,14754.879
2017-07-09 19:00:00,14550.0,14499.427
2017-07-09 20:00:00,14257.0,14081.91
2017-07-09 21:00:00,14220.0,14063.7
2017-07-09 22:00:00,14133.0,13990.327
2017-07-09 23:00:00,13452.0,13260.446
2017-07-10 00:00:00,12523.0,12429.337
2017-07-10 01:00:00,11705.0,11682.941
2017-07-10 02:00:00,11136.0,11109.47
2017-07-10 03:00:00,10782.0,10737.422
2017-07-10 04:00:00,10660.0,10553.278
2017-07-10 05:00:00,10790.0,10743.497
2017-07-10 06:00:00,11243.0,11274.394
2017-07-10 07:00:00,11847.0,12303.099
2017-07-10 08:00:00,12408.0,12961.17
2017-07-10 09:00:00,12836.0,13115.045
2017-07-10 10:00:00,13402.0,13432.577
2017-07-10 11:00:00,14194.0,13924.984
2017-07-10 12:00:00,14705.0,14671.593
2017-07-10 13:00:00,15056.0,15232.972
2017-07-10 14:00:00,15662.0,15473.206
2017-07-10 15:00:00,16147.0,15956.542
2017-07-10 16:00:00,15987.0,16642.758
2017-07-10 17:00:00,15924.0,16176.048
2017-07-10 18:00:00,16101.0,15781.576
2017-07-10 19:00:00,15862.0,15717.2705
2017-07-10 20:00:00,15439.0,15316.064
2017-07-10 21:00:00,15028.0,15181.189
2017-07-10 22:00:00,14764.0,14608.501
2017-07-10 23:00:00,13570.0,13690.001
2017-07-11 00:00:00,12362.0,12434.277
2017-07-11 01:00:00,11437.0,11472.567
2017-07-11 02:00:00,10800.0,10803.351
2017-07-11 03:00:00,10394.0,10327.669
2017-07-11 04:00:00,10172.0,10205.074
2017-07-11 05:00:00,10296.0,10221.53
2017-07-11 06:00:00,10739.0,10724.634
2017-07-11 07:00:00,11712.0,11591.689
2017-07-11 08:00:00,12885.0,12748.229
2017-07-11 09:00:00,13975.0,13909.789
2017-07-11 10:00:00,14796.0,14837.2295
2017-07-11 11:00:00,15456.0,15405.969
2017-07-11 12:00:00,16049.0,15910.797
2017-07-11 13:00:00,16772.0,16276.155
2017-07-11 14:00:00,17401.0,17303.707
2017-07-11 15:00:00,17535.0,17505.176
2017-07-11 16:00:00,17114.0,17707.719
2017-07-11 17:00:00,16628.0,16689.736
2017-07-11 18:00:00,16378.0,16051.726
2017-07-11 19:00:00,16089.0,15687.31
2017-07-11 20:00:00,15750.0,15564.922
2017-07-11 21:00:00,15564.0,15312.251
2017-07-11 22:00:00,15224.0,15082.77
2017-07-11 23:00:00,14296.0,14121.508
2017-07-12 00:00:00,13155.0,13005.45
2017-07-12 01:00:00,12256.0,12161.237
2017-07-12 02:00:00,11743.0,11566.69
2017-07-12 03:00:00,11326.0,11261.025
2017-07-12 04:00:00,11120.0,11081.38
2017-07-12 05:00:00,11081.0,11179.464
2017-07-12 06:00:00,11568.0,11514.001
2017-07-12 07:00:00,12346.0,12407.656
2017-07-12 08:00:00,13382.0,13382.418
2017-07-12 09:00:00,14046.0,14346.275
2017-07-12 10:00:00,14311.0,14711.011
2017-07-12 11:00:00,14355.0,14761.235
2017-07-12 12:00:00,14353.0,14415.212
2017-07-12 13:00:00,14258.0,14314.682
2017-07-12 14:00:00,14163.0,14292.651
2017-07-12 15:00:00,14284.0,14183.786
2017-07-12 16:00:00,14609.0,14257.0625
2017-07-12 17:00:00,14839.0,14940.061
2017-07-12 18:00:00,14908.0,14979.128
2017-07-12 19:00:00,14941.0,14498.072
2017-07-12 20:00:00,14981.0,14621.106
2017-07-12 21:00:00,14993.0,14711.1045
2017-07-12 22:00:00,14739.0,14662.784
2017-07-12 23:00:00,13906.0,13754.895
2017-07-13 00:00:00,12960.0,12894.951
2017-07-13 01:00:00,12172.0,12244.412
2017-07-13 02:00:00,11476.0,11593.329
2017-07-13 03:00:00,10968.0,11145.485
2017-07-13 04:00:00,10697.0,10834.76
2017-07-13 05:00:00,10806.0,10763.683
2017-07-13 06:00:00,11341.0,11359.128
2017-07-13 07:00:00,12160.0,12359.808
2017-07-13 08:00:00,13089.0,13049.471
2017-07-13 09:00:00,13742.0,13683.811
2017-07-13 10:00:00,14172.0,14217.29
2017-07-13 11:00:00,14590.0,14600.361
2017-07-13 12:00:00,15093.0,15027.804
2017-07-13 13:00:00,15535.0,15437.795
2017-07-13 14:00:00,16056.0,16027.182
2017-07-13 15:00:00,16526.0,16276.037
2017-07-13 16:00:00,16790.0,16970.834
2017-07-13 17:00:00,16963.0,17145.164
2017-07-13 18:00:00,16864.0,16776.361
2017-07-13 19:00:00,16550.0,16239.885
2017-07-13 20:00:00,15864.0,15948.494
2017-07-13 21:00:00,15207.0,15351.132
2017-07-13 22:00:00,14724.0,14598.857
2017-07-13 23:00:00,13590.0,13545.313
2017-07-14 00:00:00,12371.0,12466.392
2017-07-14 01:00:00,11408.0,11401.341
2017-07-14 02:00:00,10689.0,10701.629
2017-07-14 03:00:00,10197.0,10155.15
2017-07-14 04:00:00,9933.0,9887.365
2017-07-14 05:00:00,9976.0,9946.013
2017-07-14 06:00:00,10296.0,10319.014
2017-07-14 07:00:00,10950.0,11043.594
2017-07-14 08:00:00,11718.0,11955.584
2017-07-14 09:00:00,12322.0,12460.029
2017-07-14 10:00:00,12660.0,13068.143
2017-07-14 11:00:00,12866.0,13135.587
2017-07-14 12:00:00,13043.0,13042.007
2017-07-14 13:00:00,13194.0,13182.951
2017-07-14 14:00:00,13391.0,13451.018
2017-07-14 15:00:00,13394.0,13567.436
2017-07-14 16:00:00,13210.0,13389.773
2017-07-14 17:00:00,13094.0,13029.723
2017-07-14 18:00:00,12731.0,12847.258
2017-07-14 19:00:00,12244.0,12440.316
2017-07-14 20:00:00,11935.0,11966.089
2017-07-14 21:00:00,11890.0,11888.062
2017-07-14 22:00:00,11778.0,11647.515
2017-07-14 23:00:00,11055.0,11022.203
2017-07-15 00:00:00,10296.0,10263.496
2017-07-15 01:00:00,9631.0,9635.382
2017-07-15 02:00:00,9136.0,9212.825
2017-07-15 03:00:00,8802.0,8824.981
2017-07-15 04:00:00,8634.0,8624.368
2017-07-15 05:00:00,8565.0,8600.165
2017-07-15 06:00:00,8611.0,8637.318
2017-07-15 07:00:00,8850.0,8837.9
2017-07-15 08:00:00,9505.0,9285.717
2017-07-15 09:00:00,10291.0,10146.331
2017-07-15 10:00:00,11009.0,10943.15
2017-07-15 11:00:00,11647.0,11592.876
2017-07-15 12:00:00,12090.0,12100.968
2017-07-15 13:00:00,12504.0,12382.647
2017-07-15 14:00:00,12833.0,12754.026
2017-07-15 15:00:00,13208.0,13059.224
2017-07-15 16:00:00,13624.0,13390.052
2017-07-15 17:00:00,13767.0,13817.753
2017-07-15 18:00:00,13614.0,13872.557
2017-07-15 19:00:00,13348.0,13230.324
2017-07-15 20:00:00,13030.0,12921.229
2017-07-15 21:00:00,12722.0,12821.323
2017-07-15 22:00:00,12483.0,12498.18
2017-07-15 23:00:00,11818.0,11738.374
2017-07-16 00:00:00,11042.0,10989.774
2017-07-16 01:00:00,10399.0,10275.4795
2017-07-16 02:00:00,9816.0,9846.968
2017-07-16 03:00:00,9441.0,9409.743
2017-07-16 04:00:00,9267.0,9172.706
2017-07-16 05:00:00,9178.0,9120.017
2017-07-16 06:00:00,9028.0,9193.597
2017-07-16 07:00:00,8993.0,9074.889
2017-07-16 08:00:00,9372.0,9298.925
2017-07-16 09:00:00,9839.0,9972.911
2017-07-16 10:00:00,10297.0,10564.849
2017-07-16 11:00:00,10777.0,10888.326
2017-07-16 12:00:00,11051.0,11310.561
2017-07-16 13:00:00,11147.0,11428.254
2017-07-16 14:00:00,11286.0,11333.689
2017-07-16 15:00:00,11402.0,11440.419
2017-07-16 16:00:00,11567.0,11552.805
2017-07-16 17:00:00,11818.0,11720.254
2017-07-16 18:00:00,11874.0,11863.815
2017-07-16 19:00:00,11662.0,11723.722
2017-07-16 20:00:00,11219.0,11468.963
2017-07-16 21:00:00,10982.0,11217.342
2017-07-16 22:00:00,10858.0,10745.171
2017-07-16 23:00:00,10316.0,10302.031
2017-07-17 00:00:00,9602.0,9577.026
2017-07-17 01:00:00,8982.0,9079.446
2017-07-17 02:00:00,8607.0,8633.729
2017-07-17 03:00:00,8387.0,8422.704
2017-07-17 04:00:00,8325.0,8290.086
2017-07-17 05:00:00,8518.0,8437.596
2017-07-17 06:00:00,8926.0,9012.068
2017-07-17 07:00:00,9741.0,9655.323
2017-07-17 08:00:00,10728.0,10562.758
2017-07-17 09:00:00,11548.0,11417.713
2017-07-17 10:00:00,12181.0,12150.817
2017-07-17 11:00:00,12715.0,12660.546
2017-07-17 12:00:00,13136.0,13097.15
2017-07-17 13:00:00,13509.0,13433.257
2017-07-17 14:00:00,13950.0,13811.653
2017-07-17 15:00:00,14319.0,14107.093
2017-07-17 16:00:00,14616.0,14476.08
2017-07-17 17:00:00,14821.0,14770.644
2017-07-17 18:00:00,14822.0,14849.037
2017-07-17 19:00:00,14381.0,14498.865
2017-07-17 20:00:00,13766.0,13987.549
2017-07-17 21:00:00,13320.0,13465.654
2017-07-17 22:00:00,12914.0,12851.651
2017-07-17 23:00:00,11931.0,11915.455
2017-07-18 00:00:00,10855.0,10899.155
2017-07-18 01:00:00,10054.0,10126.289
2017-07-18 02:00:00,9527.0,9567.514
2017-07-18 03:00:00,9190.0,9167.339
2017-07-18 04:00:00,9013.0,9035.692
2017-07-18 05:00:00,9100.0,9124.542
2017-07-18 06:00:00,9529.0,9549.266
2017-07-18 07:00:00,10349.0,10291.547
2017-07-18 08:00:00,11450.0,11228.684
2017-07-18 09:00:00,12359.0,12256.623
2017-07-18 10:00:00,13119.0,13034.124
2017-07-18 11:00:00,13911.0,13826.255
2017-07-18 12:00:00,14605.0,14508.077
2017-07-18 13:00:00,15243.0,15165.368
2017-07-18 14:00:00,15967.0,15741.373
2017-07-18 15:00:00,16653.0,16363.018
2017-07-18 16:00:00,17233.0,16925.084
2017-07-18 17:00:00,17649.0,17541.719
2017-07-18 18:00:00,17604.0,17679.535
2017-07-18 19:00:00,17259.0,17129.684
2017-07-18 20:00:00,16790.0,16560.469
2017-07-18 21:00:00,16448.0,16352.819
2017-07-18 22:00:00,15973.0,15804.277
2017-07-18 23:00:00,14761.0,14712.397
2017-07-19 00:00:00,13511.0,13285.708
2017-07-19 01:00:00,12507.0,12393.176
2017-07-19 02:00:00,11708.0,11770.453
2017-07-19 03:00:00,11056.0,11168.064
2017-07-19 04:00:00,10726.0,10768.574
2017-07-19 05:00:00,10777.0,10739.19
2017-07-19 06:00:00,11168.0,11227.784
2017-07-19 07:00:00,12099.0,11962.756
2017-07-19 08:00:00,13403.0,13119.685
2017-07-19 09:00:00,14618.0,14502.181
2017-07-19 10:00:00,15613.0,15643.934
2017-07-19 11:00:00,16660.0,16606.633
2017-07-19 12:00:00,17533.0,17486.203
2017-07-19 13:00:00,18175.0,18101.498
2017-07-19 14:00:00,18650.0,18652.47
2017-07-19 15:00:00,18840.0,18970.918
2017-07-19 16:00:00,18836.0,18641.469
2017-07-19 17:00:00,18842.0,18460.924
2017-07-19 18:00:00,18521.0,18085.205
2017-07-19 19:00:00,17976.0,17854.777
2017-07-19 20:00:00,17209.0,17428.062
2017-07-19 21:00:00,16660.0,16752.566
2017-07-19 22:00:00,15843.0,15940.503
2017-07-19 23:00:00,14197.0,14403.005
2017-07-20 00:00:00,12910.0,12803.026
2017-07-20 01:00:00,11914.0,11876.333
2017-07-20 02:00:00,11268.0,11225.864
2017-07-20 03:00:00,10823.0,10757.518
2017-07-20 04:00:00,10582.0,10508.378
2017-07-20 05:00:00,10685.0,10576.734
2017-07-20 06:00:00,11306.0,11102.599
2017-07-20 07:00:00,12145.0,12280.38
2017-07-20 08:00:00,12827.0,13073.949
2017-07-20 09:00:00,13270.0,13557.681
2017-07-20 10:00:00,13725.0,13686.613
2017-07-20 11:00:00,14662.0,14202.171
2017-07-20 12:00:00,15840.0,15130.7295
2017-07-20 13:00:00,16936.0,16376.542
2017-07-20 14:00:00,17936.0,17649.264
2017-07-20 15:00:00,18287.0,18581.734
2017-07-20 16:00:00,18023.0,18566.889
2017-07-20 17:00:00,17857.0,18240.203
2017-07-20 18:00:00,17713.0,17303.467
2017-07-20 19:00:00,17209.0,16804.277
2017-07-20 20:00:00,16694.0,16498.215
2017-07-20 21:00:00,16341.0,16085.179
2017-07-20 22:00:00,15811.0,15835.344
2017-07-20 23:00:00,14627.0,14556.121
2017-07-21 00:00:00,13408.0,13226.107
2017-07-21 01:00:00,12371.0,12293.763
2017-07-21 02:00:00,11674.0,11522.985
2017-07-21 03:00:00,11241.0,11100.487
2017-07-21 04:00:00,10935.0,10944.574
2017-07-21 05:00:00,10979.0,10981.854
2017-07-21 06:00:00,11426.0,11406.305
2017-07-21 07:00:00,12215.0,12251.323
2017-07-21 08:00:00,13405.0,13082.314
2017-07-21 09:00:00,14596.0,14313.944
2017-07-21 10:00:00,15581.0,15558.305
2017-07-21 11:00:00,16459.0,16519.004
2017-07-21 12:00:00,17122.0,17100.76
2017-07-21 13:00:00,17679.0,17429.469
2017-07-21 14:00:00,18309.0,18071.945
2017-07-21 15:00:00,18626.0,18500.877
2017-07-21 16:00:00,18506.0,18739.965
2017-07-21 17:00:00,17952.0,18497.64
2017-07-21 18:00:00,17237.0,17721.059
2017-07-21 19:00:00,16656.0,16567.455
2017-07-21 20:00:00,16227.0,15871.995
2017-07-21 21:00:00,15986.0,15623.022
2017-07-21 22:00:00,15187.0,15448.467
2017-07-21 23:00:00,14179.0,13983.061
2017-07-22 00:00:00,13141.0,12865.72
2017-07-22 01:00:00,12146.0,12103.382
2017-07-22 02:00:00,11437.0,11412.836
2017-07-22 03:00:00,11009.0,10905.156
2017-07-22 04:00:00,10693.0,10681.537
2017-07-22 05:00:00,10612.0,10575.502
2017-07-22 06:00:00,10714.0,10727.964
2017-07-22 07:00:00,10981.0,11019.476
2017-07-22 08:00:00,11264.0,11567.76
2017-07-22 09:00:00,11776.0,11973.769
2017-07-22 10:00:00,12550.0,12417.938
2017-07-22 11:00:00,13403.0,13319.267
2017-07-22 12:00:00,14200.0,14063.153
2017-07-22 13:00:00,14900.0,14788.153
2017-07-22 14:00:00,15465.0,15349.353
2017-07-22 15:00:00,15880.0,15776.38
2017-07-22 16:00:00,16112.0,16027.224
2017-07-22 17:00:00,16411.0,16251.83
2017-07-22 18:00:00,16397.0,16246.153
2017-07-22 19:00:00,16074.0,15945.906
2017-07-22 20:00:00,15400.0,15434.344
2017-07-22 21:00:00,14981.0,14997.588
2017-07-22 22:00:00,14516.0,14572.475
2017-07-22 23:00:00,13624.0,13647.441
2017-07-23 00:00:00,12618.0,12552.036
2017-07-23 01:00:00,11727.0,11712.488
2017-07-23 02:00:00,11058.0,11056.909
2017-07-23 03:00:00,10607.0,10565.839
2017-07-23 04:00:00,10288.0,10311.145
2017-07-23 05:00:00,10116.0,10137.832
2017-07-23 06:00:00,9982.0,10034.307
2017-07-23 07:00:00,10100.0,10011.103
2017-07-23 08:00:00,10827.0,10734.867
2017-07-23 09:00:00,11985.0,12070.128
2017-07-23 10:00:00,13313.0,13235.349
2017-07-23 11:00:00,14555.0,14499.318
2017-07-23 12:00:00,15500.0,15391.816
2017-07-23 13:00:00,16122.0,16050.577
2017-07-23 14:00:00,16632.0,16641.775
2017-07-23 15:00:00,16837.0,16925.465
2017-07-23 16:00:00,16796.0,17140.805
2017-07-23 17:00:00,16207.0,16960.553
2017-07-23 18:00:00,15026.0,15850.302
2017-07-23 19:00:00,14318.0,14506.487
2017-07-23 20:00:00,13765.0,13722.039
2017-07-23 21:00:00,13477.0,13458.032
2017-07-23 22:00:00,13102.0,13184.748
2017-07-23 23:00:00,12413.0,12322.27
2017-07-24 00:00:00,11513.0,11445.537
2017-07-24 01:00:00,10749.0,10716.783
2017-07-24 02:00:00,10209.0,10233.345
2017-07-24 03:00:00,9862.0,9851.483
2017-07-24 04:00:00,9690.0,9664.005
2017-07-24 05:00:00,9790.0,9789.177
2017-07-24 06:00:00,10325.0,10218.623
2017-07-24 07:00:00,10979.0,11229.482
2017-07-24 08:00:00,11902.0,12008.489
2017-07-24 09:00:00,12530.0,12936.635
2017-07-24 10:00:00,13002.0,13374.745
2017-07-24 11:00:00,13339.0,13596.486
2017-07-24 12:00:00,13552.0,13658.713
2017-07-24 13:00:00,13731.0,13665.298
2017-07-24 14:00:00,14005.0,13846.577
2017-07-24 15:00:00,14214.0,14198.914
2017-07-24 16:00:00,14411.0,14357.217
2017-07-24 17:00:00,14485.0,14466.527
2017-07-24 18:00:00,14386.0,14449.581
2017-07-24 19:00:00,13902.0,13949.931
2017-07-24 20:00:00,13271.0,13465.88
2017-07-24 21:00:00,12973.0,12945.9
2017-07-24 22:00:00,12597.0,12584.429
2017-07-24 23:00:00,11690.0,11634.069
2017-07-25 00:00:00,10709.0,10796.844
2017-07-25 01:00:00,10051.0,9987.282
2017-07-25 02:00:00,9555.0,9533.069
2017-07-25 03:00:00,9256.0,9231.148
2017-07-25 04:00:00,9108.0,9106.456
2017-07-25 05:00:00,9240.0,9227.333
2017-07-25 06:00:00,9656.0,9601.331
2017-07-25 07:00:00,10479.0,10503.506
2017-07-25 08:00:00,11536.0,11381.68
2017-07-25 09:00:00,12348.0,12353.047
2017-07-25 10:00:00,12928.0,12980.702
2017-07-25 11:00:00,13506.0,13458.813
2017-07-25 12:00:00,13958.0,13934.986
2017-07-25 13:00:00,14388.0,14331.392
2017-07-25 14:00:00,14946.0,14821.614
2017-07-25 15:00:00,15395.0,15309.966
2017-07-25 16:00:00,15720.0,15635.573
2017-07-25 17:00:00,15797.0,15964.009
2017-07-25 18:00:00,15455.0,15656.5625
2017-07-25 19:00:00,14857.0,14858.305
2017-07-25 20:00:00,14286.0,14269.298
2017-07-25 21:00:00,13958.0,14038.147
2017-07-25 22:00:00,13479.0,13568.319
2017-07-25 23:00:00,12459.0,12515.572
2017-07-26 00:00:00,11421.0,11347.643
2017-07-26 01:00:00,10659.0,10592.893
2017-07-26 02:00:00,10059.0,10065.721
2017-07-26 03:00:00,9703.0,9669.725
2017-07-26 04:00:00,9475.0,9468.208
2017-07-26 05:00:00,9620.0,9568.314
2017-07-26 06:00:00,10114.0,10075.869
2017-07-26 07:00:00,10855.0,10907.502
2017-07-26 08:00:00,11827.0,11879.297
2017-07-26 09:00:00,12692.0,12629.849
2017-07-26 10:00:00,13603.0,13404.513
2017-07-26 11:00:00,14591.0,14310.24
2017-07-26 12:00:00,15550.0,15321.487
2017-07-26 13:00:00,16527.0,16213.246
2017-07-26 14:00:00,17377.0,17290.588
2017-07-26 15:00:00,17628.0,17718.148
2017-07-26 16:00:00,17450.0,17887.2
2017-07-26 17:00:00,17115.0,17201.36
2017-07-26 18:00:00,16749.0,16453.682
2017-07-26 19:00:00,16342.0,15937.748
2017-07-26 20:00:00,16071.0,15786.227
2017-07-26 21:00:00,16014.0,15582.524
2017-07-26 22:00:00,15515.0,15513.89
2017-07-26 23:00:00,14501.0,14393.047
2017-07-27 00:00:00,13324.0,13193.721
2017-07-27 01:00:00,12382.0,12214.681
2017-07-27 02:00:00,11696.0,11568.407
2017-07-27 03:00:00,11208.0,11160.813
2017-07-27 04:00:00,10940.0,10946.026
2017-07-27 05:00:00,11027.0,11010.562
2017-07-27 06:00:00,11584.0,11516.736
2017-07-27 07:00:00,12364.0,12436.136
2017-07-27 08:00:00,13467.0,13439.843
2017-07-27 09:00:00,14398.0,14434.609
2017-07-27 10:00:00,15174.0,15293.17
2017-07-27 11:00:00,15899.0,15971.946
2017-07-27 12:00:00,16500.0,16704.986
2017-07-27 13:00:00,16962.0,17169.195
2017-07-27 14:00:00,17277.0,17383.959
2017-07-27 15:00:00,17429.0,17424.76
2017-07-27 16:00:00,17484.0,17123.244
2017-07-27 17:00:00,17395.0,17554.244
2017-07-27 18:00:00,17043.0,16970.178
2017-07-27 19:00:00,16193.0,16146.88
2017-07-27 20:00:00,15082.0,15456.716
2017-07-27 21:00:00,14322.0,14647.023
2017-07-27 22:00:00,13733.0,13791.984
2017-07-27 23:00:00,12663.0,12663.983
2017-07-28 00:00:00,11617.0,11441.468
2017-07-28 01:00:00,10857.0,10704.473
2017-07-28 02:00:00,10322.0,10213.562
2017-07-28 03:00:00,9983.0,9871.936
2017-07-28 04:00:00,9771.0,9733.465
2017-07-28 05:00:00,9904.0,9867.395
2017-07-28 06:00:00,10372.0,10384.157
2017-07-28 07:00:00,11133.0,11254.596
2017-07-28 08:00:00,12129.0,12153.228
2017-07-28 09:00:00,12950.0,12841.779
2017-07-28 10:00:00,13642.0,13567.69
2017-07-28 11:00:00,14222.0,14343.076
2017-07-28 12:00:00,14643.0,14831.925
2017-07-28 13:00:00,14986.0,14930.438
2017-07-28 14:00:00,15298.0,15314.125
2017-07-28 15:00:00,15498.0,15435.45
2017-07-28 16:00:00,15581.0,15470.745
2017-07-28 17:00:00,15559.0,15398.8
2017-07-28 18:00:00,15298.0,15425.681
2017-07-28 19:00:00,14671.0,14747.55
2017-07-28 20:00:00,13760.0,14011.392
2017-07-28 21:00:00,13232.0,13472.056
2017-07-28 22:00:00,12783.0,12900.068
2017-07-28 23:00:00,11929.0,11880.669
2017-07-29 00:00:00,11086.0,10948.065
2017-07-29 01:00:00,10320.0,10290.468
2017-07-29 02:00:00,9789.0,9764.643
2017-07-29 03:00:00,9401.0,9382.201
2017-07-29 04:00:00,9103.0,9096.671
2017-07-29 05:00:00,8899.0,9090.144
2017-07-29 06:00:00,8929.0,9014.572
2017-07-29 07:00:00,9110.0,9021.175
2017-07-29 08:00:00,9808.0,9644.384
2017-07-29 09:00:00,10561.0,10538.5625
2017-07-29 10:00:00,11164.0,11258.549
2017-07-29 11:00:00,11676.0,11520.938
2017-07-29 12:00:00,11966.0,12034.419
2017-07-29 13:00:00,12202.0,12131.917
2017-07-29 14:00:00,12376.0,12335.837
2017-07-29 15:00:00,12579.0,12393.438
2017-07-29 16:00:00,12858.0,12608.754
2017-07-29 17:00:00,13010.0,12909.303
2017-07-29 18:00:00,13007.0,12801.2295
2017-07-29 19:00:00,12695.0,12666.512
2017-07-29 20:00:00,12130.0,12351.437
2017-07-29 21:00:00,11755.0,11900.053
2017-07-29 22:00:00,11508.0,11477.196
2017-07-29 23:00:00,10845.0,10891.593
2017-07-30 00:00:00,10136.0,10071.042
2017-07-30 01:00:00,9526.0,9495.105
2017-07-30 02:00:00,9039.0,9049.564
2017-07-30 03:00:00,8701.0,8709.116
2017-07-30 04:00:00,8465.0,8462.046
2017-07-30 05:00:00,8375.0,8403.667
2017-07-30 06:00:00,8314.0,8348.8
2017-07-30 07:00:00,8277.0,8392.039
2017-07-30 08:00:00,8804.0,8694.771
2017-07-30 09:00:00,9637.0,9411.283
2017-07-30 10:00:00,10492.0,10230.207
2017-07-30 11:00:00,11374.0,11235.812
2017-07-30 12:00:00,12011.0,11861.369
2017-07-30 13:00:00,12508.0,12524.0625
2017-07-30 14:00:00,12947.0,12885.843
2017-07-30 15:00:00,13332.0,13225.245
2017-07-30 16:00:00,13742.0,13616.36
2017-07-30 17:00:00,14013.0,13975.6
2017-07-30 18:00:00,14111.0,14114.542
2017-07-30 19:00:00,13858.0,13894.96
2017-07-30 20:00:00,13327.0,13513.506
2017-07-30 21:00:00,13009.0,13180.683
2017-07-30 22:00:00,12711.0,12829.427
2017-07-30 23:00:00,11891.0,11908.535
2017-07-31 00:00:00,10973.0,10962.688
2017-07-31 01:00:00,10256.0,10254.78
2017-07-31 02:00:00,9695.0,9743.755
2017-07-31 03:00:00,9403.0,9381.67
2017-07-31 04:00:00,9230.0,9286.218
2017-07-31 05:00:00,9380.0,9395.019
2017-07-31 06:00:00,9869.0,9930.179
2017-07-31 07:00:00,10614.0,10769.696
2017-07-31 08:00:00,11653.0,11627.493
2017-07-31 09:00:00,12691.0,12645.807
2017-07-31 10:00:00,13614.0,13566.338
2017-07-31 11:00:00,14495.0,14455.3955
2017-07-31 12:00:00,15111.0,15202.104
2017-07-31 13:00:00,15671.0,15699.512
2017-07-31 14:00:00,16200.0,16125.137
2017-07-31 15:00:00,16604.0,16571.992
2017-07-31 16:00:00,16873.0,16914.701
2017-07-31 17:00:00,17005.0,17093.174
2017-07-31 18:00:00,16885.0,16771.518
2017-07-31 19:00:00,16304.0,16311.222
2017-07-31 20:00:00,15519.0,15839.219
2017-07-31 21:00:00,15088.0,15083.835
2017-07-31 22:00:00,14419.0,14525.383
2017-07-31 23:00:00,13238.0,13201.177
2017-08-01 00:00:00,12008.0,12045.674
2017-08-01 01:00:00,11152.0,11164.184
2017-08-01 02:00:00,10564.0,10546.341
2017-08-01 03:00:00,10136.0,10149.702
2017-08-01 04:00:00,9906.0,9921.032
2017-08-01 05:00:00,9981.0,9970.96
2017-08-01 06:00:00,10525.0,10433.46
2017-08-01 07:00:00,11289.0,11380.469
2017-08-01 08:00:00,12293.0,12281.058
2017-08-01 09:00:00,13278.0,13164.3
2017-08-01 10:00:00,14288.0,14179.898
2017-08-01 11:00:00,15299.0,15206.344
2017-08-01 12:00:00,15950.0,15979.374
2017-08-01 13:00:00,16425.0,16370.11
2017-08-01 14:00:00,16939.0,16621.66
2017-08-01 15:00:00,17096.0,17043.273
2017-08-01 16:00:00,17017.0,17102.725
2017-08-01 17:00:00,17146.0,16890.885
2017-08-01 18:00:00,17219.0,17007.668
2017-08-01 19:00:00,16692.0,16748.438
2017-08-01 20:00:00,16037.0,16042.966
2017-08-01 21:00:00,15637.0,15762.543
2017-08-01 22:00:00,15025.0,14761.288
2017-08-01 23:00:00,13765.0,13707.487
2017-08-02 00:00:00,12508.0,12447.644
2017-08-02 01:00:00,11504.0,11560.051
2017-08-02 02:00:00,10811.0,10840.649
2017-08-02 03:00:00,10340.0,10358.947
2017-08-02 04:00:00,10068.0,10133.957
2017-08-02 05:00:00,10148.0,10185.38
2017-08-02 06:00:00,10632.0,10641.329
2017-08-02 07:00:00,11364.0,11503.39
2017-08-02 08:00:00,12492.0,12445.568
2017-08-02 09:00:00,13560.0,13463.117
2017-08-02 10:00:00,14553.0,14410.293
2017-08-02 11:00:00,15527.0,15417.363
2017-08-02 12:00:00,16112.0,16403.307
2017-08-02 13:00:00,16902.0,16743.484
2017-08-02 14:00:00,17489.0,17435.707
2017-08-02 15:00:00,17846.0,17961.703
2017-08-02 16:00:00,17997.0,17809.12
2017-08-02 17:00:00,17899.0,18067.035
2017-08-02 18:00:00,17440.0,17760.475
2017-08-02 19:00:00,16602.0,16624.32
2017-08-02 20:00:00,15905.0,16006.549
2017-08-02 21:00:00,15581.0,15653.521
2017-08-02 22:00:00,14886.0,14719.753
2017-08-02 23:00:00,13733.0,13568.595
2017-08-03 00:00:00,12560.0,12446.535
2017-08-03 01:00:00,11671.0,11571.465
2017-08-03 02:00:00,11010.0,10984.568
2017-08-03 03:00:00,10567.0,10525.198
2017-08-03 04:00:00,10298.0,10290.063
2017-08-03 05:00:00,10387.0,10372.728
2017-08-03 06:00:00,10881.0,10840.717
2017-08-03 07:00:00,11680.0,11771.256
2017-08-03 08:00:00,12660.0,12595.2295
2017-08-03 09:00:00,13595.0,13494.4375
2017-08-03 10:00:00,14666.0,14286.066
2017-08-03 11:00:00,15761.0,15515.477
2017-08-03 12:00:00,16514.0,16603.281
2017-08-03 13:00:00,16740.0,17370.613
2017-08-03 14:00:00,16781.0,17140.43
2017-08-03 15:00:00,16421.0,17002.666
2017-08-03 16:00:00,16122.0,16200.906
2017-08-03 17:00:00,16282.0,15938.088
2017-08-03 18:00:00,16086.0,16108.883
2017-08-03 19:00:00,15203.0,15647.313
2017-08-03 20:00:00,14462.0,14667.542
2017-08-03 21:00:00,14259.0,14172.079
2017-08-03 22:00:00,13553.0,13583.402
2017-08-03 23:00:00,12464.0,12509.968
2017-08-04 00:00:00,11363.0,11281.769
2017-08-04 01:00:00,10344.0,10564.4
2017-08-04 02:00:00,9612.0,9822.1
2017-08-04 03:00:00,9175.0,9283.293
2017-08-04 04:00:00,8941.0,8936.411
2017-08-04 05:00:00,8976.0,8928.347
2017-08-04 06:00:00,9373.0,9292.219
2017-08-04 07:00:00,9867.0,10004.636
2017-08-04 08:00:00,10428.0,10720.334
2017-08-04 09:00:00,10871.0,11110.826
2017-08-04 10:00:00,11084.0,11448.787
2017-08-04 11:00:00,11271.0,11331.338
2017-08-04 12:00:00,11332.0,11346.204
2017-08-04 13:00:00,11324.0,11370.694
2017-08-04 14:00:00,11315.0,11381.558
2017-08-04 15:00:00,11207.0,11282.855
2017-08-04 16:00:00,11049.0,11109.84
2017-08-04 17:00:00,10934.0,10986.541
2017-08-04 18:00:00,10779.0,10794.955
2017-08-04 19:00:00,10608.0,10603.574
2017-08-04 20:00:00,10450.0,10609.854
2017-08-04 21:00:00,10639.0,10572.934
2017-08-04 22:00:00,10446.0,10456.965
2017-08-04 23:00:00,9859.0,9815.525
2017-08-05 00:00:00,9227.0,9224.5625
2017-08-05 01:00:00,8747.0,8676.703
2017-08-05 02:00:00,8385.0,8401.024
2017-08-05 03:00:00,8197.0,8109.7183
2017-08-05 04:00:00,8047.0,8060.7754
2017-08-05 05:00:00,8076.0,8098.0386
2017-08-05 06:00:00,8216.0,8210.636
2017-08-05 07:00:00,8307.0,8422.804
2017-08-05 08:00:00,8834.0,8645.933
2017-08-05 09:00:00,9451.0,9387.728
2017-08-05 10:00:00,10048.0,9832.372
2017-08-05 11:00:00,10547.0,10443.003
2017-08-05 12:00:00,10928.0,10756.248
2017-08-05 13:00:00,11240.0,11112.727
2017-08-05 14:00:00,11394.0,11420.31
2017-08-05 15:00:00,11542.0,11514.911
2017-08-05 16:00:00,11671.0,11605.194
2017-08-05 17:00:00,11748.0,11752.11
2017-08-05 18:00:00,11681.0,11727.26
2017-08-05 19:00:00,11322.0,11494.033
2017-08-05 20:00:00,11040.0,11247.381
2017-08-05 21:00:00,11246.0,11080.046
2017-08-05 22:00:00,10956.0,11031.888
2017-08-05 23:00:00,10338.0,10356.11
2017-08-06 00:00:00,9695.0,9683.903
2017-08-06 01:00:00,9138.0,9067.753
2017-08-06 02:00:00,8738.0,8673.609
2017-08-06 03:00:00,8444.0,8366.197
2017-08-06 04:00:00,8247.0,8197.24
2017-08-06 05:00:00,8164.0,8158.981
2017-08-06 06:00:00,8180.0,8128.536
2017-08-06 07:00:00,8175.0,8143.956
2017-08-06 08:00:00,8405.0,8503.462
2017-08-06 09:00:00,8879.0,8981.018
2017-08-06 10:00:00,9396.0,9490.254
2017-08-06 11:00:00,9893.0,9996.807
2017-08-06 12:00:00,10407.0,10317.226
2017-08-06 13:00:00,10635.0,10795.604
2017-08-06 14:00:00,10799.0,10889.191
2017-08-06 15:00:00,10890.0,10912.257
2017-08-06 16:00:00,11188.0,10992.549
2017-08-06 17:00:00,11434.0,11356.788
2017-08-06 18:00:00,11542.0,11518.72
2017-08-06 19:00:00,11359.0,11426.524
2017-08-06 20:00:00,11077.0,11310.977
2017-08-06 21:00:00,11202.0,11053.699
2017-08-06 22:00:00,10937.0,10989.398
2017-08-06 23:00:00,10353.0,10325.448
2017-08-07 00:00:00,9595.0,9662.351
2017-08-07 01:00:00,9110.0,9081.012
2017-08-07 02:00:00,8698.0,8755.971
2017-08-07 03:00:00,8501.0,8514.755
2017-08-07 04:00:00,8384.0,8458.46
2017-08-07 05:00:00,8618.0,8568.452
2017-08-07 06:00:00,9270.0,9179.76
2017-08-07 07:00:00,9985.0,10134.94
2017-08-07 08:00:00,10893.0,10824.628
2017-08-07 09:00:00,11619.0,11529.286
2017-08-07 10:00:00,12180.0,12083.761
2017-08-07 11:00:00,12675.0,12638.972
2017-08-07 12:00:00,12961.0,12961.001
2017-08-07 13:00:00,13225.0,13255.777
2017-08-07 14:00:00,13449.0,13477.181
2017-08-07 15:00:00,13535.0,13502.961
2017-08-07 16:00:00,13642.0,13561.147
2017-08-07 17:00:00,13683.0,13682.032
2017-08-07 18:00:00,13483.0,13500.354
2017-08-07 19:00:00,12962.0,13103.663
2017-08-07 20:00:00,12346.0,12727.22
2017-08-07 21:00:00,12128.0,12153.939
2017-08-07 22:00:00,11634.0,11715.417
2017-08-07 23:00:00,10747.0,10784.197
2017-08-08 00:00:00,9809.0,9820.476
2017-08-08 01:00:00,9181.0,9175.967
2017-08-08 02:00:00,8774.0,8788.577
2017-08-08 03:00:00,8495.0,8525.028
2017-08-08 04:00:00,8377.0,8423.268
2017-08-08 05:00:00,8479.0,8519.839
2017-08-08 06:00:00,8995.0,8900.499
2017-08-08 07:00:00,9633.0,9761.977
2017-08-08 08:00:00,10536.0,10488.739
2017-08-08 09:00:00,11253.0,11130.662
2017-08-08 10:00:00,11873.0,11754.58
2017-08-08 11:00:00,12510.0,12331.799
2017-08-08 12:00:00,13025.0,12898.779
2017-08-08 13:00:00,13488.0,13439.938
2017-08-08 14:00:00,14024.0,13975.951
2017-08-08 15:00:00,14426.0,14327.98
2017-08-08 16:00:00,14706.0,14659.92
2017-08-08 17:00:00,14847.0,14917.53
2017-08-08 18:00:00,14716.0,14783.219
2017-08-08 19:00:00,14306.0,14255.616
2017-08-08 20:00:00,13701.0,13940.528
2017-08-08 21:00:00,13555.0,13523.068
2017-08-08 22:00:00,12940.0,12980.606
2017-08-08 23:00:00,11918.0,11932.845
2017-08-09 00:00:00,10853.0,10898.754
2017-08-09 01:00:00,10083.0,10113.803
2017-08-09 02:00:00,9508.0,9595.004
2017-08-09 03:00:00,9142.0,9167.45
2017-08-09 04:00:00,8982.0,8939.943
2017-08-09 05:00:00,9050.0,9055.724
2017-08-09 06:00:00,9550.0,9452.351
2017-08-09 07:00:00,10179.0,10409.745
2017-08-09 08:00:00,11081.0,11041.6875
2017-08-09 09:00:00,12020.0,11760.337
2017-08-09 10:00:00,12796.0,12721.284
2017-08-09 11:00:00,13516.0,13393.747
2017-08-09 12:00:00,14049.0,13979.361
2017-08-09 13:00:00,14485.0,14518.383
2017-08-09 14:00:00,14932.0,14927.812
2017-08-09 15:00:00,15153.0,15206.789
2017-08-09 16:00:00,15308.0,15269.509
2017-08-09 17:00:00,15491.0,15246.717
2017-08-09 18:00:00,15298.0,15261.326
2017-08-09 19:00:00,14778.0,14732.933
2017-08-09 20:00:00,14182.0,14300.593
2017-08-09 21:00:00,13955.0,14084.584
2017-08-09 22:00:00,13315.0,13381.346
2017-08-09 23:00:00,12202.0,12282.544
2017-08-10 00:00:00,11216.0,11169.941
2017-08-10 01:00:00,10374.0,10403.627
2017-08-10 02:00:00,9813.0,9849.927
2017-08-10 03:00:00,9393.0,9436.456
2017-08-10 04:00:00,9197.0,9215.956
2017-08-10 05:00:00,9259.0,9295.859
2017-08-10 06:00:00,9822.0,9723.3
2017-08-10 07:00:00,10461.0,10618.423
2017-08-10 08:00:00,11336.0,11293.393
2017-08-10 09:00:00,12136.0,12072.239
2017-08-10 10:00:00,12890.0,12631.712
2017-08-10 11:00:00,13564.0,13512.86
2017-08-10 12:00:00,14219.0,14017.269
2017-08-10 13:00:00,15077.0,14775.025
2017-08-10 14:00:00,15777.0,15736.014
2017-08-10 15:00:00,16176.0,16241.059
2017-08-10 16:00:00,16306.0,16567.99
2017-08-10 17:00:00,15942.0,16515.84
2017-08-10 18:00:00,15669.0,15651.004
2017-08-10 19:00:00,14884.0,14903.631
2017-08-10 20:00:00,14300.0,14381.54
2017-08-10 21:00:00,14224.0,14253.595
2017-08-10 22:00:00,13627.0,13606.89
2017-08-10 23:00:00,12595.0,12509.458
2017-08-11 00:00:00,11421.0,11465.689
2017-08-11 01:00:00,10598.0,10611.105
2017-08-11 02:00:00,10007.0,10049.98
2017-08-11 03:00:00,9631.0,9608.532
2017-08-11 04:00:00,9477.0,9454.924
2017-08-11 05:00:00,9551.0,9576.796
2017-08-11 06:00:00,10070.0,10087.983
2017-08-11 07:00:00,10747.0,10928.332
2017-08-11 08:00:00,11498.0,11717.366
2017-08-11 09:00:00,12342.0,12300.904
2017-08-11 10:00:00,13155.0,13029.787
2017-08-11 11:00:00,13690.0,13798.421
2017-08-11 12:00:00,14054.0,14155.599
2017-08-11 13:00:00,14302.0,14371.061
2017-08-11 14:00:00,14533.0,14558.309
2017-08-11 15:00:00,14599.0,14625.375
2017-08-11 16:00:00,14486.0,14572.809
2017-08-11 17:00:00,14260.0,14260.256
2017-08-11 18:00:00,13949.0,13816.592
2017-08-11 19:00:00,13391.0,13365.3955
2017-08-11 20:00:00,12790.0,13048.978
2017-08-11 21:00:00,12751.0,12606.919
2017-08-11 22:00:00,12259.0,12391.599
2017-08-11 23:00:00,11457.0,11493.247
2017-08-12 00:00:00,10513.0,10552.082
2017-08-12 01:00:00,9799.0,9812.079
2017-08-12 02:00:00,9222.0,9314.029
2017-08-12 03:00:00,8923.0,8862.711
2017-08-12 04:00:00,8695.0,8680.343
2017-08-12 05:00:00,8642.0,8663.177
2017-08-12 06:00:00,8699.0,8777.975
2017-08-12 07:00:00,8822.0,8880.056
2017-08-12 08:00:00,9306.0,9242.084
2017-08-12 09:00:00,10073.0,9872.397
2017-08-12 10:00:00,10543.0,10706.03
2017-08-12 11:00:00,10973.0,10963.713
2017-08-12 12:00:00,11151.0,11249.217
2017-08-12 13:00:00,11279.0,11189.091
2017-08-12 14:00:00,11334.0,11260.099
2017-08-12 15:00:00,11492.0,11392.301
2017-08-12 16:00:00,11671.0,11537.864
2017-08-12 17:00:00,11816.0,11694.664
2017-08-12 18:00:00,11794.0,11686.238
2017-08-12 19:00:00,11540.0,11536.263
2017-08-12 20:00:00,11096.0,11356.358
2017-08-12 21:00:00,11101.0,11108.026
2017-08-12 22:00:00,10821.0,10848.344
2017-08-12 23:00:00,10151.0,10243.065
2017-08-13 00:00:00,9528.0,9459.15
2017-08-13 01:00:00,8985.0,8949.874
2017-08-13 02:00:00,8565.0,8564.936
2017-08-13 03:00:00,8234.0,8242.051
2017-08-13 04:00:00,8038.0,8064.264
2017-08-13 05:00:00,7980.0,7957.9287
2017-08-13 06:00:00,7982.0,7889.8213
2017-08-13 07:00:00,7866.0,8059.587
2017-08-13 08:00:00,8272.0,8161.4834
2017-08-13 09:00:00,8883.0,8836.213
2017-08-13 10:00:00,9542.0,9481.867
2017-08-13 11:00:00,10066.0,10126.455
2017-08-13 12:00:00,10492.0,10589.025
2017-08-13 13:00:00,10899.0,10866.369
2017-08-13 14:00:00,11289.0,11230.877
2017-08-13 15:00:00,11493.0,11603.473
2017-08-13 16:00:00,11611.0,11693.41
2017-08-13 17:00:00,11623.0,11786.661
2017-08-13 18:00:00,11526.0,11625.157
2017-08-13 19:00:00,11273.0,11373.998
2017-08-13 20:00:00,11144.0,11173.054
2017-08-13 21:00:00,11384.0,11252.8955
2017-08-13 22:00:00,11044.0,11129.757
2017-08-13 23:00:00,10562.0,10451.342
2017-08-14 00:00:00,9869.0,9905.673
2017-08-14 01:00:00,9357.0,9308.0625
2017-08-14 02:00:00,8970.0,8978.337
2017-08-14 03:00:00,8743.0,8731.244
2017-08-14 04:00:00,8616.0,8660.842
2017-08-14 05:00:00,8830.0,8795.229
2017-08-14 06:00:00,9466.0,9451.173
2017-08-14 07:00:00,10192.0,10370.097
2017-08-14 08:00:00,11121.0,11091.507
2017-08-14 09:00:00,11998.0,11845.999
2017-08-14 10:00:00,12803.0,12585.914
2017-08-14 11:00:00,13428.0,13422.018
2017-08-14 12:00:00,13760.0,13774.7295
2017-08-14 13:00:00,14066.0,14104.2295
2017-08-14 14:00:00,14471.0,14410.287
2017-08-14 15:00:00,14942.0,14668.44
2017-08-14 16:00:00,15328.0,15233.478
2017-08-14 17:00:00,15433.0,15432.161
2017-08-14 18:00:00,15235.0,15338.336
2017-08-14 19:00:00,14731.0,14801.667
2017-08-14 20:00:00,14473.0,14323.678
2017-08-14 21:00:00,14535.0,14308.291
2017-08-14 22:00:00,13990.0,13946.162
2017-08-14 23:00:00,12969.0,12906.118
2017-08-15 00:00:00,11878.0,11831.735
2017-08-15 01:00:00,11038.0,11010.782
2017-08-15 02:00:00,10419.0,10451.079
2017-08-15 03:00:00,10056.0,10021.474
2017-08-15 04:00:00,9789.0,9838.49
2017-08-15 05:00:00,9909.0,9883.735
2017-08-15 06:00:00,10486.0,10407.397
2017-08-15 07:00:00,11253.0,11482.838
2017-08-15 08:00:00,12275.0,12225.148
2017-08-15 09:00:00,13299.0,13147.368
2017-08-15 10:00:00,14164.0,14168.971
2017-08-15 11:00:00,15038.0,14958.475
2017-08-15 12:00:00,15687.0,15619.162
2017-08-15 13:00:00,16249.0,16043.14
2017-08-15 14:00:00,16784.0,16770.875
2017-08-15 15:00:00,16993.0,17263.889
2017-08-15 16:00:00,16984.0,17069.234
2017-08-15 17:00:00,16777.0,16829.018
2017-08-15 18:00:00,16252.0,16448.709
2017-08-15 19:00:00,15236.0,15628.018
2017-08-15 20:00:00,14498.0,14847.904
2017-08-15 21:00:00,14272.0,14328.337
2017-08-15 22:00:00,13553.0,13600.434
2017-08-15 23:00:00,12514.0,12472.322
2017-08-16 00:00:00,11418.0,11393.251
2017-08-16 01:00:00,10626.0,10588.846
2017-08-16 02:00:00,10074.0,10062.23
2017-08-16 03:00:00,9732.0,9679.288
2017-08-16 04:00:00,9532.0,9588.9795
2017-08-16 05:00:00,9635.0,9616.056
2017-08-16 06:00:00,10237.0,10174.534
2017-08-16 07:00:00,11101.0,11132.706
2017-08-16 08:00:00,12116.0,11984.842
2017-08-16 09:00:00,13105.0,12811.674
2017-08-16 10:00:00,14056.0,13916.496
2017-08-16 11:00:00,15092.0,14799.663
2017-08-16 12:00:00,16106.0,15909.01
2017-08-16 13:00:00,16994.0,16866.3
2017-08-16 14:00:00,17802.0,17545.89
2017-08-16 15:00:00,18237.0,18055.615
2017-08-16 16:00:00,18282.0,18427.025
2017-08-16 17:00:00,17547.0,18265.314
2017-08-16 18:00:00,16633.0,17313.395
2017-08-16 19:00:00,16042.0,15954.267
2017-08-16 20:00:00,15727.0,15385.693
2017-08-16 21:00:00,15768.0,15396.317
2017-08-16 22:00:00,15274.0,15002.73
2017-08-16 23:00:00,14254.0,14066.592
2017-08-17 00:00:00,13266.0,12936.099
2017-08-17 01:00:00,12442.0,12169.379
2017-08-17 02:00:00,11819.0,11733.206
2017-08-17 03:00:00,11312.0,11374.19
2017-08-17 04:00:00,11011.0,11039.669
2017-08-17 05:00:00,11019.0,11079.402
2017-08-17 06:00:00,11656.0,11479.669
2017-08-17 07:00:00,12611.0,12599.622
2017-08-17 08:00:00,13344.0,13617.799
2017-08-17 09:00:00,13788.0,14060.536
2017-08-17 10:00:00,14251.0,14243.935
2017-08-17 11:00:00,14575.0,14671.773
2017-08-17 12:00:00,14982.0,15036.651
2017-08-17 13:00:00,15687.0,15311.608
2017-08-17 14:00:00,16265.0,16016.829
2017-08-17 15:00:00,16501.0,16635.375
2017-08-17 16:00:00,16662.0,17057.904
2017-08-17 17:00:00,16676.0,16778.404
2017-08-17 18:00:00,16422.0,16389.31
2017-08-17 19:00:00,15742.0,15833.904
2017-08-17 20:00:00,15161.0,15189.988
2017-08-17 21:00:00,15050.0,14878.701
2017-08-17 22:00:00,14344.0,14257.685
2017-08-17 23:00:00,13169.0,13289.776
2017-08-18 00:00:00,12036.0,12074.437
2017-08-18 01:00:00,11176.0,11167.911
2017-08-18 02:00:00,10524.0,10534.073
2017-08-18 03:00:00,10060.0,10084.196
2017-08-18 04:00:00,9834.0,9776.377
2017-08-18 05:00:00,9864.0,9835.85
2017-08-18 06:00:00,10401.0,10177.925
2017-08-18 07:00:00,11120.0,11269.085
2017-08-18 08:00:00,12021.0,11982.095
2017-08-18 09:00:00,12710.0,12755.476
2017-08-18 10:00:00,13190.0,13320.507
2017-08-18 11:00:00,13587.0,13641.063
2017-08-18 12:00:00,14063.0,13891.726
2017-08-18 13:00:00,14650.0,14346.079
2017-08-18 14:00:00,15240.0,15038.886
2017-08-18 15:00:00,15708.0,15605.568
2017-08-18 16:00:00,16105.0,16043.22
2017-08-18 17:00:00,16229.0,16197.655
2017-08-18 18:00:00,15941.0,15906.546
2017-08-18 19:00:00,15232.0,15440.443
2017-08-18 20:00:00,14489.0,14764.377
2017-08-18 21:00:00,14307.0,14309.389
2017-08-18 22:00:00,13670.0,13773.409
2017-08-18 23:00:00,12724.0,12734.183
2017-08-19 00:00:00,11690.0,11700.703
2017-08-19 01:00:00,10835.0,10824.673
2017-08-19 02:00:00,10197.0,10204.917
2017-08-19 03:00:00,9738.0,9720.006
2017-08-19 04:00:00,9760.0,9487.826
2017-08-19 05:00:00,9573.0,9673.991
2017-08-19 06:00:00,9697.0,9719.127
2017-08-19 07:00:00,9765.0,9972.298
2017-08-19 08:00:00,10227.0,10238.206
2017-08-19 09:00:00,11202.0,11081.214
2017-08-19 10:00:00,12146.0,11997.12
2017-08-19 11:00:00,13000.0,12977.1
2017-08-19 12:00:00,13743.0,13624.052
2017-08-19 13:00:00,14374.0,14307.291
2017-08-19 14:00:00,14814.0,14741.293
2017-08-19 15:00:00,15242.0,15269.035
2017-08-19 16:00:00,15585.0,15463.677
2017-08-19 17:00:00,15692.0,15734.298
2017-08-19 18:00:00,15564.0,15405.045
2017-08-19 19:00:00,14919.0,15074.882
2017-08-19 20:00:00,13968.0,14247.126
2017-08-19 21:00:00,13508.0,13757.903
2017-08-19 22:00:00,12850.0,13029.172
2017-08-19 23:00:00,11957.0,12025.418
2017-08-20 00:00:00,10816.0,11010.167
2017-08-20 01:00:00,10076.0,10089.202
2017-08-20 02:00:00,9551.0,9537.653
2017-08-20 03:00:00,9088.0,9114.897
2017-08-20 04:00:00,8831.0,8800.597
2017-08-20 05:00:00,8677.0,8690.377
2017-08-20 06:00:00,8725.0,8621.483
2017-08-20 07:00:00,8638.0,8748.893
2017-08-20 08:00:00,9094.0,9081.242
2017-08-20 09:00:00,9935.0,9775.863
2017-08-20 10:00:00,10918.0,10762.907
2017-08-20 11:00:00,11924.0,11800.677
2017-08-20 12:00:00,12980.0,12876.042
2017-08-20 13:00:00,13953.0,13781.874
2017-08-20 14:00:00,14708.0,14614.827
2017-08-20 15:00:00,15112.0,15373.83
2017-08-20 16:00:00,14964.0,15550.915
2017-08-20 17:00:00,14848.0,15017.49
2017-08-20 18:00:00,14590.0,14528.227
2017-08-20 19:00:00,14424.0,14120.541
2017-08-20 20:00:00,14422.0,13895.587
2017-08-20 21:00:00,14444.0,14207.351
2017-08-20 22:00:00,13940.0,13899.338
2017-08-20 23:00:00,13176.0,13013.605
2017-08-21 00:00:00,12211.0,12147.382
2017-08-21 01:00:00,11444.0,11417.673
2017-08-21 02:00:00,10871.0,10870.497
2017-08-21 03:00:00,10479.0,10466.9795
2017-08-21 04:00:00,10340.0,10313.06
2017-08-21 05:00:00,10478.0,10455.414
2017-08-21 06:00:00,11216.0,11049.651
2017-08-21 07:00:00,12095.0,12318.442
2017-08-21 08:00:00,13079.0,13155.264
2017-08-21 09:00:00,13913.0,13941.437
2017-08-21 10:00:00,14800.0,14631.84
2017-08-21 11:00:00,15724.0,15574.634
2017-08-21 12:00:00,16140.0,16551.805
2017-08-21 13:00:00,16319.0,16804.432
2017-08-21 14:00:00,15908.0,16769.049
2017-08-21 15:00:00,16202.0,15811.501
2017-08-21 16:00:00,16750.0,16034.723
2017-08-21 17:00:00,17313.0,16434.605
2017-08-21 18:00:00,17064.0,17255.383
2017-08-21 19:00:00,16384.0,16264.119
2017-08-21 20:00:00,15938.0,15839.593
2017-08-21 21:00:00,15778.0,15725.686
2017-08-21 22:00:00,15017.0,14927.123
2017-08-21 23:00:00,13930.0,13734.078
2017-08-22 00:00:00,12788.0,12702.407
2017-08-22 01:00:00,11767.0,11849.971
2017-08-22 02:00:00,11236.0,11062.738
2017-08-22 03:00:00,10930.0,10820.832
2017-08-22 04:00:00,10746.0,10716.025
2017-08-22 05:00:00,10899.0,10804.923
2017-08-22 06:00:00,11465.0,11487.389
2017-08-22 07:00:00,12308.0,12450.347
2017-08-22 08:00:00,12881.0,13255.99
2017-08-22 09:00:00,13386.0,13571.049
2017-08-22 10:00:00,13734.0,13783.652
2017-08-22 11:00:00,14114.0,14097.051
2017-08-22 12:00:00,14356.0,14507.684
2017-08-22 13:00:00,14789.0,14531.3125
2017-08-22 14:00:00,15312.0,15078.17
2017-08-22 15:00:00,15536.0,15597.852
2017-08-22 16:00:00,15641.0,15811.276
2017-08-22 17:00:00,15548.0,15608.505
2017-08-22 18:00:00,15192.0,15541.074
2017-08-22 19:00:00,14382.0,14631.553
2017-08-22 20:00:00,13607.0,13852.413
2017-08-22 21:00:00,13358.0,13300.447
2017-08-22 22:00:00,12553.0,12686.253
2017-08-22 23:00:00,11478.0,11550.7705
2017-08-23 00:00:00,10416.0,10487.112
2017-08-23 01:00:00,9703.0,9746.223
2017-08-23 02:00:00,9217.0,9229.253
2017-08-23 03:00:00,8907.0,8904.778
2017-08-23 04:00:00,8734.0,8774.946
2017-08-23 05:00:00,8840.0,8859.515
2017-08-23 06:00:00,9381.0,9335.009
2017-08-23 07:00:00,10123.0,10192.664
2017-08-23 08:00:00,10924.0,10874.078
2017-08-23 09:00:00,11608.0,11546.314
2017-08-23 10:00:00,12089.0,12151.448
2017-08-23 11:00:00,12594.0,12478.371
2017-08-23 12:00:00,12967.0,12870.86
2017-08-23 13:00:00,13254.0,13291.662
2017-08-23 14:00:00,13539.0,13550.678
2017-08-23 15:00:00,13736.0,13681.571
2017-08-23 16:00:00,13831.0,13744.166
2017-08-23 17:00:00,13782.0,13742.507
2017-08-23 18:00:00,13521.0,13494.685
2017-08-23 19:00:00,12959.0,13064.659
2017-08-23 20:00:00,12558.0,12635.977
2017-08-23 21:00:00,12593.0,12336.469
2017-08-23 22:00:00,11923.0,12110.631
2017-08-23 23:00:00,10960.0,11056.412
2017-08-24 00:00:00,10073.0,10008.494
2017-08-24 01:00:00,9431.0,9417.1
2017-08-24 02:00:00,9010.0,8949.228
2017-08-24 03:00:00,8706.0,8759.359
2017-08-24 04:00:00,8581.0,8600.264
2017-08-24 05:00:00,8733.0,8740.11
2017-08-24 06:00:00,9262.0,9175.972
2017-08-24 07:00:00,10080.0,9893.702
2017-08-24 08:00:00,10760.0,10807.319
2017-08-24 09:00:00,11336.0,11414.747
2017-08-24 10:00:00,11885.0,11781.943
2017-08-24 11:00:00,12347.0,12338.553
2017-08-24 12:00:00,12595.0,12623.811
2017-08-24 13:00:00,12802.0,12770.175
2017-08-24 14:00:00,12891.0,13058.967
2017-08-24 15:00:00,12834.0,12934.934
2017-08-24 16:00:00,12704.0,12762.739
2017-08-24 17:00:00,12604.0,12567.698
2017-08-24 18:00:00,12278.0,12384.809
2017-08-24 19:00:00,11763.0,11958.766
2017-08-24 20:00:00,11539.0,11593.263
2017-08-24 21:00:00,11592.0,11570.088
2017-08-24 22:00:00,11029.0,11238.616
2017-08-24 23:00:00,10202.0,10202.345
2017-08-25 00:00:00,9393.0,9372.811
2017-08-25 01:00:00,8853.0,8833.924
2017-08-25 02:00:00,8503.0,8499.842
2017-08-25 03:00:00,8230.0,8298.622
2017-08-25 04:00:00,8112.0,8113.488
2017-08-25 05:00:00,8281.0,8213.067
2017-08-25 06:00:00,8780.0,8721.82
2017-08-25 07:00:00,9486.0,9548.366
2017-08-25 08:00:00,10171.0,10255.231
2017-08-25 09:00:00,10745.0,10743.268
2017-08-25 10:00:00,11261.0,11217.919
2017-08-25 11:00:00,11624.0,11662.759
2017-08-25 12:00:00,11853.0,11909.66
2017-08-25 13:00:00,12006.0,11972.627
2017-08-25 14:00:00,12219.0,12094.105
2017-08-25 15:00:00,12342.0,12253.587
2017-08-25 16:00:00,12399.0,12293.792
2017-08-25 17:00:00,12384.0,12262.4375
2017-08-25 18:00:00,12165.0,12162.086
2017-08-25 19:00:00,11713.0,11842.684
2017-08-25 20:00:00,11393.0,11526.968
2017-08-25 21:00:00,11427.0,11410.751
2017-08-25 22:00:00,10945.0,11112.724
2017-08-25 23:00:00,10273.0,10262.256
2017-08-26 00:00:00,9519.0,9550.544
2017-08-26 01:00:00,8949.0,8911.404
2017-08-26 02:00:00,8593.0,8530.821
2017-08-26 03:00:00,8288.0,8309.381
2017-08-26 04:00:00,8146.0,8139.028
2017-08-26 05:00:00,8132.0,8127.813
2017-08-26 06:00:00,8357.0,8201.557
2017-08-26 07:00:00,8563.0,8583.571
2017-08-26 08:00:00,8940.0,8907.692
2017-08-26 09:00:00,9486.0,9488.747
2017-08-26 10:00:00,10002.0,9978.041
2017-08-26 11:00:00,10449.0,10412.468
2017-08-26 12:00:00,10765.0,10656.61
2017-08-26 13:00:00,10967.0,10922.854
2017-08-26 14:00:00,11113.0,11029.344
2017-08-26 15:00:00,11122.0,11172.127
2017-08-26 16:00:00,11008.0,11170.844
2017-08-26 17:00:00,10834.0,10915.447
2017-08-26 18:00:00,10683.0,10707.294
2017-08-26 19:00:00,10548.0,10517.066
2017-08-26 20:00:00,10720.0,10522.72
2017-08-26 21:00:00,10728.0,10904.362
2017-08-26 22:00:00,10424.0,10519.914
2017-08-26 23:00:00,9901.0,9860.246
2017-08-27 00:00:00,9314.0,9263.115
2017-08-27 01:00:00,8868.0,8750.146
2017-08-27 02:00:00,8509.0,8497.79
2017-08-27 03:00:00,8213.0,8240.496
2017-08-27 04:00:00,8031.0,8033.0503
2017-08-27 05:00:00,7952.0,7936.169
2017-08-27 06:00:00,7944.0,7893.911
2017-08-27 07:00:00,7838.0,7995.1147
2017-08-27 08:00:00,7993.0,8076.931
2017-08-27 09:00:00,8499.0,8531.638
2017-08-27 10:00:00,8904.0,9059.741
2017-08-27 11:00:00,9197.0,9403.566
2017-08-27 12:00:00,9428.0,9486.711
2017-08-27 13:00:00,9608.0,9574.473
2017-08-27 14:00:00,9898.0,9631.895
2017-08-27 15:00:00,10290.0,10000.426
2017-08-27 16:00:00,10484.0,10447.077
2017-08-27 17:00:00,10474.0,10606.389
2017-08-27 18:00:00,10500.0,10481.628
2017-08-27 19:00:00,10550.0,10463.786
2017-08-27 20:00:00,10860.0,10698.183
2017-08-27 21:00:00,11007.0,11008.487
2017-08-27 22:00:00,10673.0,10701.522
2017-08-27 23:00:00,10147.0,10034.637
2017-08-28 00:00:00,9423.0,9435.058
2017-08-28 01:00:00,8980.0,8891.789
2017-08-28 02:00:00,8689.0,8652.338
2017-08-28 03:00:00,8527.0,8511.3125
2017-08-28 04:00:00,8477.0,8476.215
2017-08-28 05:00:00,8673.0,8682.772
2017-08-28 06:00:00,9469.0,9361.027
2017-08-28 07:00:00,10413.0,10376.929
2017-08-28 08:00:00,11099.0,11131.54
2017-08-28 09:00:00,11646.0,11587.177
2017-08-28 10:00:00,12122.0,12049.341
2017-08-28 11:00:00,12677.0,12446.8125
2017-08-28 12:00:00,13126.0,13025.53
2017-08-28 13:00:00,13516.0,13465.533
2017-08-28 14:00:00,13898.0,13856.647
2017-08-28 15:00:00,14069.0,14066.531
2017-08-28 16:00:00,13860.0,14144.425
2017-08-28 17:00:00,13456.0,13708.752
2017-08-28 18:00:00,13026.0,13198.227
2017-08-28 19:00:00,12586.0,12735.89
2017-08-28 20:00:00,12515.0,12460.717
2017-08-28 21:00:00,12444.0,12462.235
2017-08-28 22:00:00,11848.0,11817.169
2017-08-28 23:00:00,10983.0,10939.591
2017-08-29 00:00:00,10081.0,10041.626
2017-08-29 01:00:00,9453.0,9433.555
2017-08-29 02:00:00,9028.0,8990.415
2017-08-29 03:00:00,8797.0,8745.641
2017-08-29 04:00:00,8686.0,8718.269
2017-08-29 05:00:00,8828.0,8854.343
2017-08-29 06:00:00,9427.0,9309.089
2017-08-29 07:00:00,10310.0,10231.174
2017-08-29 08:00:00,11081.0,11094.509
2017-08-29 09:00:00,11770.0,11599.794
2017-08-29 10:00:00,12352.0,12199.864
2017-08-29 11:00:00,12813.0,12900.288
2017-08-29 12:00:00,13013.0,13113.892
2017-08-29 13:00:00,12996.0,13199.555
2017-08-29 14:00:00,13033.0,13082.145
2017-08-29 15:00:00,12921.0,13016.243
2017-08-29 16:00:00,12659.0,12829.628
2017-08-29 17:00:00,12522.0,12418.262
2017-08-29 18:00:00,12608.0,12273.32
2017-08-29 19:00:00,12371.0,12498.851
2017-08-29 20:00:00,12377.0,12312.608
2017-08-29 21:00:00,12372.0,12354.241
2017-08-29 22:00:00,11817.0,11853.028
2017-08-29 23:00:00,10921.0,10985.651
2017-08-30 00:00:00,10053.0,10067.189
2017-08-30 01:00:00,9407.0,9457.853
2017-08-30 02:00:00,8986.0,9007.537
2017-08-30 03:00:00,8696.0,8731.808
2017-08-30 04:00:00,8608.0,8578.208
2017-08-30 05:00:00,8755.0,8782.887
2017-08-30 06:00:00,9344.0,9282.828
2017-08-30 07:00:00,10164.0,10285.289
2017-08-30 08:00:00,10923.0,11021.628
2017-08-30 09:00:00,11590.0,11471.231
2017-08-30 10:00:00,12166.0,11990.607
2017-08-30 11:00:00,12778.0,12575.626
2017-08-30 12:00:00,13154.0,13069.47
2017-08-30 13:00:00,13547.0,13433.632
2017-08-30 14:00:00,13922.0,13918.845
2017-08-30 15:00:00,14196.0,14135.199
2017-08-30 16:00:00,14367.0,14253.149
2017-08-30 17:00:00,14382.0,14345.137
2017-08-30 18:00:00,14208.0,14134.57
2017-08-30 19:00:00,13664.0,13785.024
2017-08-30 20:00:00,13408.0,13304.797
2017-08-30 21:00:00,13265.0,13213.734
2017-08-30 22:00:00,12523.0,12624.109
2017-08-30 23:00:00,11458.0,11516.031
2017-08-31 00:00:00,10500.0,10390.321
2017-08-31 01:00:00,9809.0,9856.761
2017-08-31 02:00:00,9342.0,9355.97
2017-08-31 03:00:00,9079.0,9059.593
2017-08-31 04:00:00,8944.0,8944.219
2017-08-31 05:00:00,9099.0,9041.299
2017-08-31 06:00:00,9694.0,9644.458
2017-08-31 07:00:00,10572.0,10709.438
2017-08-31 08:00:00,11238.0,11386.641
2017-08-31 09:00:00,11741.0,11811.758
2017-08-31 10:00:00,12159.0,12219.048
2017-08-31 11:00:00,12585.0,12630.228
2017-08-31 12:00:00,12794.0,12820.553
2017-08-31 13:00:00,12930.0,12906.833
2017-08-31 14:00:00,13044.0,13054.265
2017-08-31 15:00:00,13006.0,13071.799
2017-08-31 16:00:00,12906.0,12939.616
2017-08-31 17:00:00,12697.0,12752.607
2017-08-31 18:00:00,12248.0,12471.599
2017-08-31 19:00:00,11666.0,11854.683
2017-08-31 20:00:00,11668.0,11426.712
2017-08-31 21:00:00,11674.0,11703.233
2017-08-31 22:00:00,11152.0,11270.083
2017-08-31 23:00:00,10388.0,10337.229
2017-09-01 00:00:00,9543.0,9586.068
2017-09-01 01:00:00,9011.0,8984.196
2017-09-01 02:00:00,8620.0,8614.318
2017-09-01 03:00:00,8322.0,8401.398
2017-09-01 04:00:00,8193.0,8220.616
2017-09-01 05:00:00,8309.0,8320.63
2017-09-01 06:00:00,8813.0,8765.373
2017-09-01 07:00:00,9543.0,9638.447
2017-09-01 08:00:00,10119.0,10334.842
2017-09-01 09:00:00,10604.0,10747.742
2017-09-01 10:00:00,10877.0,10939.612
2017-09-01 11:00:00,11169.0,11137.351
2017-09-01 12:00:00,11304.0,11246.712
2017-09-01 13:00:00,11427.0,11353.918
2017-09-01 14:00:00,11554.0,11501.432
2017-09-01 15:00:00,11578.0,11535.731
2017-09-01 16:00:00,11503.0,11491.875
2017-09-01 17:00:00,11404.0,11388.785
2017-09-01 18:00:00,11187.0,11238.678
2017-09-01 19:00:00,10775.0,10982.191
2017-09-01 20:00:00,10709.0,10815.057
2017-09-01 21:00:00,10734.0,10606.176
2017-09-01 22:00:00,10319.0,10494.851
2017-09-01 23:00:00,9660.0,9749.466
2017-09-02 00:00:00,8989.0,9010.148
2017-09-02 01:00:00,8411.0,8493.109
2017-09-02 02:00:00,8084.0,8097.4995
2017-09-02 03:00:00,7837.0,7877.548
2017-09-02 04:00:00,7688.0,7771.09
2017-09-02 05:00:00,7692.0,7778.2603
2017-09-02 06:00:00,7820.0,7851.141
2017-09-02 07:00:00,7919.0,7914.036
2017-09-02 08:00:00,8115.0,8247.086
2017-09-02 09:00:00,8680.0,8668.024
2017-09-02 10:00:00,9115.0,9159.094
2017-09-02 11:00:00,9406.0,9437.794
2017-09-02 12:00:00,9559.0,9600.68
2017-09-02 13:00:00,9674.0,9606.875
2017-09-02 14:00:00,9708.0,9669.223
2017-09-02 15:00:00,9639.0,9694.593
2017-09-02 16:00:00,9712.0,9570.214
2017-09-02 17:00:00,9753.0,9789.078
2017-09-02 18:00:00,9713.0,9748.469
2017-09-02 19:00:00,9639.0,9697.636
2017-09-02 20:00:00,9887.0,9816.302
2017-09-02 21:00:00,9862.0,9956.807
2017-09-02 22:00:00,9581.0,9588.845
2017-09-02 23:00:00,9149.0,9071.301
2017-09-03 00:00:00,8573.0,8599.06
2017-09-03 01:00:00,8179.0,8100.852
2017-09-03 02:00:00,7796.0,7819.75
2017-09-03 03:00:00,7591.0,7558.14
2017-09-03 04:00:00,7467.0,7454.456
2017-09-03 05:00:00,7443.0,7455.638
2017-09-03 06:00:00,7513.0,7507.4893
2017-09-03 07:00:00,7512.0,7523.588
2017-09-03 08:00:00,7748.0,7721.1396
2017-09-03 09:00:00,8266.0,8239.62
2017-09-03 10:00:00,8853.0,8627.911
2017-09-03 11:00:00,9378.0,9214.8125
2017-09-03 12:00:00,9877.0,9747.498
2017-09-03 13:00:00,10186.0,10201.778
2017-09-03 14:00:00,10509.0,10255.929
2017-09-03 15:00:00,10906.0,10684.713
2017-09-03 16:00:00,11197.0,11027.087
2017-09-03 17:00:00,11404.0,11298.081
2017-09-03 18:00:00,11392.0,11519.119
2017-09-03 19:00:00,11061.0,11373.942
2017-09-03 20:00:00,10971.0,11168.734
2017-09-03 21:00:00,10932.0,10860.963
2017-09-03 22:00:00,10540.0,10614.731
2017-09-03 23:00:00,9925.0,9792.304
2017-09-04 00:00:00,9306.0,9180.455
2017-09-04 01:00:00,8786.0,8795.018
2017-09-04 02:00:00,8370.0,8494.279
2017-09-04 03:00:00,8107.0,8153.8574
2017-09-04 04:00:00,7928.0,8036.3306
2017-09-04 05:00:00,7932.0,8011.237
2017-09-04 06:00:00,8062.0,8229.09
2017-09-04 07:00:00,8202.0,8524.45
2017-09-04 08:00:00,8294.0,8879.668
2017-09-04 09:00:00,8814.0,8990.772
2017-09-04 10:00:00,9592.0,9574.057
2017-09-04 11:00:00,10478.0,10100.021
2017-09-04 12:00:00,11352.0,10989.876
2017-09-04 13:00:00,11898.0,11861.4375
2017-09-04 14:00:00,11937.0,12251.134
2017-09-04 15:00:00,11678.0,12054.1455
2017-09-04 16:00:00,11540.0,11469.836
2017-09-04 17:00:00,11455.0,11396.872
2017-09-04 18:00:00,11322.0,11388.16
2017-09-04 19:00:00,11026.0,11182.397
2017-09-04 20:00:00,11163.0,11140.102
2017-09-04 21:00:00,10979.0,11068.79
2017-09-04 22:00:00,10341.0,10478.81
2017-09-04 23:00:00,9592.0,9575.214
2017-09-05 00:00:00,8889.0,8914.565
2017-09-05 01:00:00,8376.0,8446.51
2017-09-05 02:00:00,8065.0,8096.2305
2017-09-05 03:00:00,7853.0,7934.751
2017-09-05 04:00:00,7725.0,7852.848
2017-09-05 05:00:00,7889.0,7924.963
2017-09-05 06:00:00,8534.0,8373.605
2017-09-05 07:00:00,9417.0,9402.643
2017-09-05 08:00:00,10076.0,10356.801
2017-09-05 09:00:00,10546.0,10754.485
2017-09-05 10:00:00,10888.0,10943.71
2017-09-05 11:00:00,11298.0,11212.443
2017-09-05 12:00:00,11536.0,11498.943
2017-09-05 13:00:00,11650.0,11668.667
2017-09-05 14:00:00,11801.0,11772.752
2017-09-05 15:00:00,11763.0,11803.759
2017-09-05 16:00:00,11625.0,11660.523
2017-09-05 17:00:00,11367.0,11523.648
2017-09-05 18:00:00,11007.0,11269.904
2017-09-05 19:00:00,10711.0,10826.31
2017-09-05 20:00:00,10905.0,10865.956
2017-09-05 21:00:00,10838.0,10989.246
2017-09-05 22:00:00,10301.0,10431.277
2017-09-05 23:00:00,9557.0,9594.023
2017-09-06 00:00:00,8866.0,8923.4375
2017-09-06 01:00:00,8381.0,8428.252
2017-09-06 02:00:00,8091.0,8090.129
2017-09-06 03:00:00,7888.0,7935.3823
2017-09-06 04:00:00,7836.0,7855.4526
2017-09-06 05:00:00,8008.0,8043.1187
2017-09-06 06:00:00,8575.0,8578.09
2017-09-06 07:00:00,9433.0,9443.888
2017-09-06 08:00:00,10007.0,10338.202
2017-09-06 09:00:00,10350.0,10549.114
2017-09-06 10:00:00,10612.0,10798.34
2017-09-06 11:00:00,10875.0,10927.426
2017-09-06 12:00:00,11040.0,10972.362
2017-09-06 13:00:00,11086.0,11102.687
2017-09-06 14:00:00,11178.0,11136.274
2017-09-06 15:00:00,11077.0,11106.548
2017-09-06 16:00:00,10913.0,10932.092
2017-09-06 17:00:00,10805.0,10747.597
2017-09-06 18:00:00,10649.0,10716.777
2017-09-06 19:00:00,10488.0,10605.294
2017-09-06 20:00:00,10741.0,10778.237
2017-09-06 21:00:00,10668.0,10853.923
2017-09-06 22:00:00,10154.0,10300.5625
2017-09-06 23:00:00,9448.0,9554.123
2017-09-07 00:00:00,8740.0,8831.782
2017-09-07 01:00:00,8285.0,8356.166
2017-09-07 02:00:00,7989.0,8052.7715
2017-09-07 03:00:00,7831.0,7918.486
2017-09-07 04:00:00,7809.0,7876.598
2017-09-07 05:00:00,7961.0,7934.7773
2017-09-07 06:00:00,8559.0,8435.365
2017-09-07 07:00:00,9475.0,9341.988
2017-09-07 08:00:00,10031.0,10265.309
2017-09-07 09:00:00,10418.0,10484.952
2017-09-07 10:00:00,10724.0,10739.005
2017-09-07 11:00:00,11012.0,10937.418
2017-09-07 12:00:00,11096.0,11124.669
2017-09-07 13:00:00,11147.0,11163.487
2017-09-07 14:00:00,11200.0,11244.77
2017-09-07 15:00:00,11118.0,11101.806
2017-09-07 16:00:00,11032.0,10979.959
2017-09-07 17:00:00,10905.0,10969.936
2017-09-07 18:00:00,10738.0,10815.995
2017-09-07 19:00:00,10510.0,10761.061
2017-09-07 20:00:00,10829.0,10735.406
2017-09-07 21:00:00,10827.0,10959.18
2017-09-07 22:00:00,10313.0,10421.241
2017-09-07 23:00:00,9577.0,9613.806
2017-09-08 00:00:00,8892.0,8929.266
2017-09-08 01:00:00,8427.0,8449.368
2017-09-08 02:00:00,8122.0,8126.462
2017-09-08 03:00:00,7938.0,7974.276
2017-09-08 04:00:00,7862.0,7909.7666
2017-09-08 05:00:00,8007.0,8022.0713
2017-09-08 06:00:00,8598.0,8491.436
2017-09-08 07:00:00,9607.0,9494.454
2017-09-08 08:00:00,10207.0,10355.319
2017-09-08 09:00:00,10648.0,10679.273
2017-09-08 10:00:00,10972.0,10891.179
2017-09-08 11:00:00,11263.0,11239.382
2017-09-08 12:00:00,11379.0,11409.002
2017-09-08 13:00:00,11382.0,11451.236
2017-09-08 14:00:00,11423.0,11437.269
2017-09-08 15:00:00,11345.0,11330.079
2017-09-08 16:00:00,11211.0,11238.835
2017-09-08 17:00:00,10987.0,11110.532
2017-09-08 18:00:00,10707.0,10853.802
2017-09-08 19:00:00,10491.0,10609.161
2017-09-08 20:00:00,10659.0,10689.743
2017-09-08 21:00:00,10643.0,10723.345
2017-09-08 22:00:00,10231.0,10385.712
2017-09-08 23:00:00,9637.0,9633.543
2017-09-09 00:00:00,8909.0,8974.501
2017-09-09 01:00:00,8494.0,8433.504
2017-09-09 02:00:00,8140.0,8170.9404
2017-09-09 03:00:00,7949.0,7934.486
2017-09-09 04:00:00,7823.0,7832.6235
2017-09-09 05:00:00,7840.0,7803.3276
2017-09-09 06:00:00,8100.0,8048.307
2017-09-09 07:00:00,8318.0,8436.643
2017-09-09 08:00:00,8622.0,8761.264
2017-09-09 09:00:00,9128.0,9051.219
2017-09-09 10:00:00,9519.0,9523.026
2017-09-09 11:00:00,9774.0,9755.103
2017-09-09 12:00:00,9868.0,9778.807
2017-09-09 13:00:00,9929.0,9786.466
2017-09-09 14:00:00,9904.0,9870.232
2017-09-09 15:00:00,9913.0,9834.953
2017-09-09 16:00:00,9931.0,9833.791
2017-09-09 17:00:00,9950.0,9950.984
2017-09-09 18:00:00,9847.0,9982.3
2017-09-09 19:00:00,9636.0,9854.655
2017-09-09 20:00:00,9875.0,9817.638
2017-09-09 21:00:00,9833.0,9953.262
2017-09-09 22:00:00,9552.0,9583.985
2017-09-09 23:00:00,9055.0,9059.139
2017-09-10 00:00:00,8528.0,8479.987
2017-09-10 01:00:00,8083.0,8086.2163
2017-09-10 02:00:00,7730.0,7799.257
2017-09-10 03:00:00,7468.0,7592.2217
2017-09-10 04:00:00,7314.0,7539.8784
2017-09-10 05:00:00,7263.0,7542.785
2017-09-10 06:00:00,7351.0,7624.041
2017-09-10 07:00:00,7402.0,7682.4824
2017-09-10 08:00:00,7520.0,7857.488
2017-09-10 09:00:00,7934.0,8120.0386
2017-09-10 10:00:00,8390.0,8334.972
2017-09-10 11:00:00,8669.0,8760.529
2017-09-10 12:00:00,8896.0,8922.125
2017-09-10 13:00:00,9033.0,9084.735
2017-09-10 14:00:00,9128.0,9139.83
2017-09-10 15:00:00,9270.0,9153.346
2017-09-10 16:00:00,9363.0,9284.415
2017-09-10 17:00:00,9470.0,9467.654
2017-09-10 18:00:00,9481.0,9521.879
2017-09-10 19:00:00,9439.0,9560.709
2017-09-10 20:00:00,9799.0,9667.171
2017-09-10 21:00:00,9847.0,9830.553
2017-09-10 22:00:00,9464.0,9497.732
2017-09-10 23:00:00,8964.0,8902.82
2017-09-11 00:00:00,8416.0,8374.586
2017-09-11 01:00:00,8053.0,8024.0894
2017-09-11 02:00:00,7799.0,7855.971
2017-09-11 03:00:00,7677.0,7664.965
2017-09-11 04:00:00,7601.0,7637.8486
2017-09-11 05:00:00,7800.0,7706.128
2017-09-11 06:00:00,8449.0,8355.2295
2017-09-11 07:00:00,9351.0,9364.167
2017-09-11 08:00:00,9960.0,10257.85
2017-09-11 09:00:00,10369.0,10529.821
2017-09-11 10:00:00,10738.0,10793.176
2017-09-11 11:00:00,11105.0,11056.515
2017-09-11 12:00:00,11308.0,11287.64
2017-09-11 13:00:00,11468.0,11465.238
2017-09-11 14:00:00,11655.0,11595.99
2017-09-11 15:00:00,11731.0,11669.936
2017-09-11 16:00:00,11699.0,11720.331
2017-09-11 17:00:00,11547.0,11669.706
2017-09-11 18:00:00,11280.0,11404.182
2017-09-11 19:00:00,11004.0,11159.058
2017-09-11 20:00:00,11216.0,11180.782
2017-09-11 21:00:00,11081.0,11104.555
2017-09-11 22:00:00,10499.0,10557.346
2017-09-11 23:00:00,9774.0,9769.138
2017-09-12 00:00:00,9021.0,9008.203
2017-09-12 01:00:00,8568.0,8539.997
2017-09-12 02:00:00,8263.0,8280.747
2017-09-12 03:00:00,8099.0,8082.616
2017-09-12 04:00:00,8047.0,8086.6685
2017-09-12 05:00:00,8210.0,8252.049
2017-09-12 06:00:00,8847.0,8893.881
2017-09-12 07:00:00,9771.0,9869.482
2017-09-12 08:00:00,10378.0,10495.184
2017-09-12 09:00:00,10931.0,10824.356
2017-09-12 10:00:00,11310.0,11243.41
2017-09-12 11:00:00,11637.0,11594.958
2017-09-12 12:00:00,11837.0,11863.995
2017-09-12 13:00:00,12011.0,11987.1875
2017-09-12 14:00:00,12207.0,12170.969
2017-09-12 15:00:00,12310.0,12288.276
2017-09-12 16:00:00,12272.0,12328.15
2017-09-12 17:00:00,12220.0,12208.037
2017-09-12 18:00:00,11886.0,12065.88
2017-09-12 19:00:00,11506.0,11764.303
2017-09-12 20:00:00,11678.0,11570.036
2017-09-12 21:00:00,11508.0,11533.728
2017-09-12 22:00:00,10902.0,10972.488
2017-09-12 23:00:00,10116.0,10112.4375
2017-09-13 00:00:00,9366.0,9313.934
2017-09-13 01:00:00,8876.0,8812.597
2017-09-13 02:00:00,8543.0,8523.933
2017-09-13 03:00:00,8307.0,8329.288
2017-09-13 04:00:00,8270.0,8231.32
2017-09-13 05:00:00,8428.0,8412.049
2017-09-13 06:00:00,9072.0,9109.832
2017-09-13 07:00:00,10128.0,10150.573
2017-09-13 08:00:00,10764.0,10767.292
2017-09-13 09:00:00,11150.0,11151.622
2017-09-13 10:00:00,11368.0,11428.184
2017-09-13 11:00:00,11733.0,11588.819
2017-09-13 12:00:00,12018.0,11897.286
2017-09-13 13:00:00,12200.0,12198.116
2017-09-13 14:00:00,12427.0,12381.32
2017-09-13 15:00:00,12440.0,12507.54
2017-09-13 16:00:00,12326.0,12410.864
2017-09-13 17:00:00,12235.0,12189.38
2017-09-13 18:00:00,12096.0,11998.465
2017-09-13 19:00:00,11860.0,11934.401
2017-09-13 20:00:00,12120.0,11956.268
2017-09-13 21:00:00,11940.0,11873.929
2017-09-13 22:00:00,11347.0,11299.658
2017-09-13 23:00:00,10515.0,10506.844
2017-09-14 00:00:00,9690.0,9749.187
2017-09-14 01:00:00,9072.0,9097.241
2017-09-14 02:00:00,8688.0,8697.55
2017-09-14 03:00:00,8421.0,8448.701
2017-09-14 04:00:00,8300.0,8310.992
2017-09-14 05:00:00,8478.0,8406.03
2017-09-14 06:00:00,9113.0,9025.71
2017-09-14 07:00:00,10078.0,10174.228
2017-09-14 08:00:00,10720.0,10739.316
2017-09-14 09:00:00,11172.0,11093.365
2017-09-14 10:00:00,11561.0,11481.453
2017-09-14 11:00:00,11983.0,11927.44
2017-09-14 12:00:00,12400.0,12235.329
2017-09-14 13:00:00,12797.0,12695.9
2017-09-14 14:00:00,13247.0,13047.206
2017-09-14 15:00:00,13568.0,13585.746
2017-09-14 16:00:00,13850.0,13741.258
2017-09-14 17:00:00,13976.0,13919.614
2017-09-14 18:00:00,13801.0,13761.857
2017-09-14 19:00:00,13309.0,13302.831
2017-09-14 20:00:00,13353.0,13062.37
2017-09-14 21:00:00,13066.0,13092.775
2017-09-14 22:00:00,12341.0,12471.663
2017-09-14 23:00:00,11305.0,11339.505
2017-09-15 00:00:00,10357.0,10339.482
2017-09-15 01:00:00,9665.0,9703.998
2017-09-15 02:00:00,9194.0,9204.33
2017-09-15 03:00:00,8868.0,8904.509
2017-09-15 04:00:00,8695.0,8737.629
2017-09-15 05:00:00,8821.0,8818.5625
2017-09-15 06:00:00,9412.0,9309.476
2017-09-15 07:00:00,10375.0,10451.091
2017-09-15 08:00:00,11057.0,11187.164
2017-09-15 09:00:00,11742.0,11700.59
2017-09-15 10:00:00,12436.0,12274.692
2017-09-15 11:00:00,13200.0,13074.002
2017-09-15 12:00:00,13890.0,13845.192
2017-09-15 13:00:00,14479.0,14358.775
2017-09-15 14:00:00,15074.0,15054.104
2017-09-15 15:00:00,15479.0,15421.92
2017-09-15 16:00:00,15796.0,15564.809
2017-09-15 17:00:00,15944.0,15640.679
2017-09-15 18:00:00,15644.0,15637.092
2017-09-15 19:00:00,14958.0,14838.899
2017-09-15 20:00:00,14707.0,14639.868
2017-09-15 21:00:00,14148.0,14478.883
2017-09-15 22:00:00,13499.0,13620.578
2017-09-15 23:00:00,12544.0,12461.732
2017-09-16 00:00:00,11474.0,11553.496
2017-09-16 01:00:00,10678.0,10629.335
2017-09-16 02:00:00,10002.0,10087.494
2017-09-16 03:00:00,9542.0,9593.597
2017-09-16 04:00:00,9313.0,9237.331
2017-09-16 05:00:00,9187.0,9210.91
2017-09-16 06:00:00,9319.0,9320.878
2017-09-16 07:00:00,9540.0,9632.6875
2017-09-16 08:00:00,9929.0,10138.362
2017-09-16 09:00:00,10937.0,10644.473
2017-09-16 10:00:00,11925.0,11621.051
2017-09-16 11:00:00,12927.0,12707.299
2017-09-16 12:00:00,13852.0,13560.971
2017-09-16 13:00:00,14427.0,14623.482
2017-09-16 14:00:00,14709.0,14908.43
2017-09-16 15:00:00,15013.0,15063.263
2017-09-16 16:00:00,15226.0,15074.17
2017-09-16 17:00:00,15216.0,15255.885
2017-09-16 18:00:00,14855.0,15071.807
2017-09-16 19:00:00,14234.0,14391.27
2017-09-16 20:00:00,14020.0,14066.439
2017-09-16 21:00:00,13527.0,13814.822
2017-09-16 22:00:00,12963.0,13034.9375
2017-09-16 23:00:00,12105.0,12084.742
2017-09-17 00:00:00,11269.0,11205.627
2017-09-17 01:00:00,10482.0,10485.892
2017-09-17 02:00:00,9958.0,9895.462
2017-09-17 03:00:00,9508.0,9531.475
2017-09-17 04:00:00,9204.0,9212.232
2017-09-17 05:00:00,9106.0,9090.921
2017-09-17 06:00:00,9111.0,9155.115
2017-09-17 07:00:00,9181.0,9241.044
2017-09-17 08:00:00,9341.0,9696.3125
2017-09-17 09:00:00,10102.0,9977.276
2017-09-17 10:00:00,11083.0,10890.63
2017-09-17 11:00:00,12273.0,11739.049
2017-09-17 12:00:00,13321.0,13088.029
2017-09-17 13:00:00,14091.0,14023.217
2017-09-17 14:00:00,14260.0,14591.346
2017-09-17 15:00:00,14102.0,14500.882
2017-09-17 16:00:00,14048.0,14065.569
2017-09-17 17:00:00,14064.0,13868.185
2017-09-17 18:00:00,13756.0,13772.854
2017-09-17 19:00:00,13257.0,13273.771
2017-09-17 20:00:00,13252.0,12898.3125
2017-09-17 21:00:00,12780.0,13081.164
2017-09-17 22:00:00,11971.0,12404.255
2017-09-17 23:00:00,11000.0,11079.796
2017-09-18 00:00:00,9987.0,10075.249
2017-09-18 01:00:00,9277.0,9342.978
2017-09-18 02:00:00,8777.0,8851.958
2017-09-18 03:00:00,8487.0,8535.795
2017-09-18 04:00:00,8380.0,8396.373
2017-09-18 05:00:00,8546.0,8517.069
2017-09-18 06:00:00,9205.0,9061.236
2017-09-18 07:00:00,10158.0,10224.307
2017-09-18 08:00:00,10791.0,10907.97
2017-09-18 09:00:00,11503.0,11457.398
2017-09-18 10:00:00,12048.0,12219.392
2017-09-18 11:00:00,12604.0,12601.421
2017-09-18 12:00:00,13018.0,12959.839
2017-09-18 13:00:00,13370.0,13327.684
2017-09-18 14:00:00,13766.0,13638.565
2017-09-18 15:00:00,14024.0,13990.025
2017-09-18 16:00:00,14176.0,14196.17
2017-09-18 17:00:00,13970.0,14161.682
2017-09-18 18:00:00,13293.0,13725.65
2017-09-18 19:00:00,12757.0,12763.45
2017-09-18 20:00:00,12882.0,12526.489
2017-09-18 21:00:00,12538.0,12617.642
2017-09-18 22:00:00,11900.0,11962.775
2017-09-18 23:00:00,11031.0,10932.923
2017-09-19 00:00:00,10127.0,10148.107
2017-09-19 01:00:00,9614.0,9470.261
2017-09-19 02:00:00,9231.0,9229.6455
2017-09-19 03:00:00,8999.0,8946.001
2017-09-19 04:00:00,8855.0,8898.649
2017-09-19 05:00:00,9039.0,9006.043
2017-09-19 06:00:00,9730.0,9609.248
2017-09-19 07:00:00,10919.0,10849.891
2017-09-19 08:00:00,11629.0,11743.523
2017-09-19 09:00:00,12067.0,12359.2295
2017-09-19 10:00:00,12451.0,12519.154
2017-09-19 11:00:00,12865.0,12821.104
2017-09-19 12:00:00,13341.0,13154.749
2017-09-19 13:00:00,13938.0,13651.247
2017-09-19 14:00:00,14426.0,14338.4375
2017-09-19 15:00:00,14598.0,14753.161
2017-09-19 16:00:00,14719.0,14798.227
2017-09-19 17:00:00,14773.0,14605.31
2017-09-19 18:00:00,14415.0,14399.442
2017-09-19 19:00:00,13775.0,13905.364
2017-09-19 20:00:00,13721.0,13494.392
2017-09-19 21:00:00,13185.0,13451.998
2017-09-19 22:00:00,12359.0,12521.444
2017-09-19 23:00:00,11291.0,11323.503
2017-09-20 00:00:00,10413.0,10344.252
2017-09-20 01:00:00,9721.0,9793.068
2017-09-20 02:00:00,9284.0,9268.983
2017-09-20 03:00:00,9018.0,9044.776
2017-09-20 04:00:00,8885.0,8925.886
2017-09-20 05:00:00,9043.0,9014.051
2017-09-20 06:00:00,9729.0,9608.002
2017-09-20 07:00:00,10827.0,10764.945
2017-09-20 08:00:00,11505.0,11674.388
2017-09-20 09:00:00,12304.0,12096.3
2017-09-20 10:00:00,13167.0,12888.855
2017-09-20 11:00:00,14141.0,13785.14
2017-09-20 12:00:00,15128.0,14933.408
2017-09-20 13:00:00,16112.0,15845.107
2017-09-20 14:00:00,17084.0,16983.594
2017-09-20 15:00:00,17800.0,17415.223
2017-09-20 16:00:00,18347.0,17930.078
2017-09-20 17:00:00,18585.0,18798.912
2017-09-20 18:00:00,18356.0,18671.662
2017-09-20 19:00:00,17711.0,18131.8
2017-09-20 20:00:00,17494.0,17282.053
2017-09-20 21:00:00,16839.0,16949.646
2017-09-20 22:00:00,15803.0,15741.564
2017-09-20 23:00:00,14456.0,14287.952
2017-09-21 00:00:00,13235.0,13024.054
2017-09-21 01:00:00,12307.0,12121.999
2017-09-21 02:00:00,11632.0,11587.077
2017-09-21 03:00:00,11097.0,11142.024
2017-09-21 04:00:00,10797.0,10839.736
2017-09-21 05:00:00,10877.0,10872.642
2017-09-21 06:00:00,11491.0,11394.054
2017-09-21 07:00:00,12542.0,12467.276
2017-09-21 08:00:00,13289.0,13481.994
2017-09-21 09:00:00,14312.0,14103.528
2017-09-21 10:00:00,15376.0,15170.487
2017-09-21 11:00:00,16513.0,16279.164
2017-09-21 12:00:00,17512.0,17443.568
2017-09-21 13:00:00,18347.0,18144.365
2017-09-21 14:00:00,19003.0,19223.195
2017-09-21 15:00:00,19333.0,19877.936
2017-09-21 16:00:00,19518.0,19588.668
2017-09-21 17:00:00,19443.0,19099.584
2017-09-21 18:00:00,18836.0,18764.521
2017-09-21 19:00:00,18130.0,17898.615
2017-09-21 20:00:00,17932.0,17636.914
2017-09-21 21:00:00,17301.0,17519.092
2017-09-21 22:00:00,16403.0,16465.816
2017-09-21 23:00:00,15091.0,14982.481
2017-09-22 00:00:00,13860.0,13585.137
2017-09-22 01:00:00,12838.0,12768.649
2017-09-22 02:00:00,12104.0,12149.425
2017-09-22 03:00:00,11536.0,11556.391
2017-09-22 04:00:00,11230.0,11247.401
2017-09-22 05:00:00,11227.0,11194.816
2017-09-22 06:00:00,11802.0,11692.534
2017-09-22 07:00:00,12747.0,12782.709
2017-09-22 08:00:00,13516.0,13704.627
2017-09-22 09:00:00,14580.0,14181.83
2017-09-22 10:00:00,15859.0,15434.599
2017-09-22 11:00:00,17237.0,16753.373
2017-09-22 12:00:00,18190.0,18188.14
2017-09-22 13:00:00,18944.0,18816.12
2017-09-22 14:00:00,19533.0,19753.87
2017-09-22 15:00:00,19889.0,19658.102
2017-09-22 16:00:00,20040.0,20002.84
2017-09-22 17:00:00,19979.0,20113.492
2017-09-22 18:00:00,19391.0,19756.58
2017-09-22 19:00:00,18477.0,18438.912
2017-09-22 20:00:00,17950.0,17914.64
2017-09-22 21:00:00,17070.0,17570.697
2017-09-22 22:00:00,16145.0,15968.39
2017-09-22 23:00:00,14893.0,14745.052
2017-09-23 00:00:00,13675.0,13495.594
2017-09-23 01:00:00,12653.0,12580.554
2017-09-23 02:00:00,11882.0,11857.523
2017-09-23 03:00:00,11303.0,11325.601
2017-09-23 04:00:00,10899.0,10913.202
2017-09-23 05:00:00,10730.0,10800.616
2017-09-23 06:00:00,10855.0,10708.005
2017-09-23 07:00:00,11134.0,11167.313
2017-09-23 08:00:00,11567.0,11711.732
2017-09-23 09:00:00,12764.0,12218.967
2017-09-23 10:00:00,14190.0,13562.763
2017-09-23 11:00:00,15593.0,15201.547
2017-09-23 12:00:00,16823.0,16383.046
2017-09-23 13:00:00,17582.0,17545.4
2017-09-23 14:00:00,18056.0,18039.035
2017-09-23 15:00:00,18364.0,18459.445
2017-09-23 16:00:00,18510.0,18527.969
2017-09-23 17:00:00,18373.0,18306.203
2017-09-23 18:00:00,17816.0,18012.26
2017-09-23 19:00:00,16973.0,16912.547
2017-09-23 20:00:00,16530.0,16301.809
2017-09-23 21:00:00,15793.0,16118.044
2017-09-23 22:00:00,14901.0,15074.975
2017-09-23 23:00:00,13868.0,13643.89
2017-09-24 00:00:00,12818.0,12792.106
2017-09-24 01:00:00,11883.0,11881.722
2017-09-24 02:00:00,11175.0,11177.808
2017-09-24 03:00:00,10580.0,10664.781
2017-09-24 04:00:00,10196.0,10227.493
2017-09-24 05:00:00,9980.0,10004.302
2017-09-24 06:00:00,9934.0,9896.763
2017-09-24 07:00:00,10018.0,9931.326
2017-09-24 08:00:00,10194.0,10567.296
2017-09-24 09:00:00,11272.0,10905.786
2017-09-24 10:00:00,12622.0,12202.603
2017-09-24 11:00:00,13971.0,13757.361
2017-09-24 12:00:00,15088.0,15031.663
2017-09-24 13:00:00,15979.0,15921.935
2017-09-24 14:00:00,16559.0,16503.324
2017-09-24 15:00:00,16986.0,17038.846
2017-09-24 16:00:00,17165.0,17283.477
2017-09-24 17:00:00,17149.0,17349.383
2017-09-24 18:00:00,16705.0,16988.668
2017-09-24 19:00:00,16009.0,16102.805
2017-09-24 20:00:00,15757.0,15669.8545
2017-09-24 21:00:00,15016.0,15427.594
2017-09-24 22:00:00,14142.0,14405.589
2017-09-24 23:00:00,13025.0,13097.895
2017-09-25 00:00:00,11965.0,11964.579
2017-09-25 01:00:00,11149.0,11089.424
2017-09-25 02:00:00,10541.0,10528.347
2017-09-25 03:00:00,10181.0,10132.241
2017-09-25 04:00:00,9946.0,9944.742
2017-09-25 05:00:00,10077.0,10039.073
2017-09-25 06:00:00,10760.0,10535.044
2017-09-25 07:00:00,11794.0,11659.444
2017-09-25 08:00:00,12437.0,12817.71
2017-09-25 09:00:00,13358.0,13258.318
2017-09-25 10:00:00,14463.0,14236.78
2017-09-25 11:00:00,15649.0,15264.66
2017-09-25 12:00:00,16822.0,16359.317
2017-09-25 13:00:00,17688.0,17679.531
2017-09-25 14:00:00,18373.0,18208.3
2017-09-25 15:00:00,18684.0,18949.963
2017-09-25 16:00:00,18852.0,18809.252
2017-09-25 17:00:00,18735.0,18311.62
2017-09-25 18:00:00,18213.0,17967.828
2017-09-25 19:00:00,17386.0,17455.344
2017-09-25 20:00:00,16994.0,16665.332
2017-09-25 21:00:00,16131.0,16453.455
2017-09-25 22:00:00,15005.0,15288.877
2017-09-25 23:00:00,13706.0,13687.631
2017-09-26 00:00:00,12406.0,12396.9375
2017-09-26 01:00:00,11476.0,11512.842
2017-09-26 02:00:00,10843.0,10836.269
2017-09-26 03:00:00,10394.0,10380.733
2017-09-26 04:00:00,10169.0,10217.7
2017-09-26 05:00:00,10241.0,10309.037
2017-09-26 06:00:00,10911.0,10814.675
2017-09-26 07:00:00,12025.0,11904.332
2017-09-26 08:00:00,12651.0,12893.358
2017-09-26 09:00:00,13452.0,13297.636
2017-09-26 10:00:00,14383.0,14025.626
2017-09-26 11:00:00,15564.0,15223.862
2017-09-26 12:00:00,16745.0,16316.118
2017-09-26 13:00:00,17736.0,17323.896
2017-09-26 14:00:00,18358.0,18055.447
2017-09-26 15:00:00,18608.0,19048.803
2017-09-26 16:00:00,18734.0,18995.787
2017-09-26 17:00:00,18647.0,18387.531
2017-09-26 18:00:00,18033.0,18005.592
2017-09-26 19:00:00,17352.0,17333.225
2017-09-26 20:00:00,17071.0,16764.973
2017-09-26 21:00:00,16318.0,16518.695
2017-09-26 22:00:00,15208.0,15467.417
2017-09-26 23:00:00,13786.0,13724.761
2017-09-27 00:00:00,12455.0,12473.455
2017-09-27 01:00:00,11472.0,11522.868
2017-09-27 02:00:00,10760.0,10832.465
2017-09-27 03:00:00,10219.0,10329.372
2017-09-27 04:00:00,9843.0,10018.979
2017-09-27 05:00:00,9790.0,9859.072
2017-09-27 06:00:00,10266.0,10218.611
2017-09-27 07:00:00,11166.0,11102.155
2017-09-27 08:00:00,11512.0,12116.71
2017-09-27 09:00:00,11811.0,12094.716
2017-09-27 10:00:00,11922.0,12314.099
2017-09-27 11:00:00,12155.0,12272.135
2017-09-27 12:00:00,12472.0,12350.801
2017-09-27 13:00:00,12847.0,12731.064
2017-09-27 14:00:00,13075.0,13174.768
2017-09-27 15:00:00,13073.0,13202.761
2017-09-27 16:00:00,12982.0,13244.082
2017-09-27 17:00:00,12660.0,12953.652
2017-09-27 18:00:00,12125.0,12411.692
2017-09-27 19:00:00,11943.0,11834.375
2017-09-27 20:00:00,12051.0,11970.438
2017-09-27 21:00:00,11546.0,12026.984
2017-09-27 22:00:00,10899.0,10926.451
2017-09-27 23:00:00,10038.0,10144.292
2017-09-28 00:00:00,9188.0,9182.117
2017-09-28 01:00:00,8668.0,8650.733
2017-09-28 02:00:00,8326.0,8326.31
2017-09-28 03:00:00,8112.0,8091.826
2017-09-28 04:00:00,8034.0,8048.986
2017-09-28 05:00:00,8193.0,8060.7627
2017-09-28 06:00:00,8784.0,8619.782
2017-09-28 07:00:00,9747.0,9289.622
2017-09-28 08:00:00,10225.0,10356.972
2017-09-28 09:00:00,10625.0,10660.097
2017-09-28 10:00:00,11035.0,10992.419
2017-09-28 11:00:00,11357.0,11316.305
2017-09-28 12:00:00,11520.0,11503.735
2017-09-28 13:00:00,11642.0,11560.98
2017-09-28 14:00:00,11857.0,11704.976
2017-09-28 15:00:00,11986.0,11852.875
2017-09-28 16:00:00,12042.0,11935.494
2017-09-28 17:00:00,12026.0,11930.95
2017-09-28 18:00:00,11767.0,11788.324
2017-09-28 19:00:00,11532.0,11437.619
2017-09-28 20:00:00,11661.0,11509.679
2017-09-28 21:00:00,11307.0,11546.223
2017-09-28 22:00:00,10685.0,10741.449
2017-09-28 23:00:00,9901.0,9819.81
2017-09-29 00:00:00,9174.0,9141.55
2017-09-29 01:00:00,8705.0,8637.717
2017-09-29 02:00:00,8382.0,8369.502
2017-09-29 03:00:00,8212.0,8182.016
2017-09-29 04:00:00,8153.0,8138.1963
2017-09-29 05:00:00,8327.0,8334.926
2017-09-29 06:00:00,8877.0,8904.275
2017-09-29 07:00:00,9834.0,9664.129
2017-09-29 08:00:00,10290.0,10449.743
2017-09-29 09:00:00,10759.0,10749.488
2017-09-29 10:00:00,11072.0,11214.91
2017-09-29 11:00:00,11358.0,11404.729
2017-09-29 12:00:00,11467.0,11467.889
2017-09-29 13:00:00,11560.0,11468.017
2017-09-29 14:00:00,11651.0,11560.423
2017-09-29 15:00:00,11609.0,11531.082
2017-09-29 16:00:00,11495.0,11510.449
2017-09-29 17:00:00,11288.0,11357.688
2017-09-29 18:00:00,10956.0,11069.128
2017-09-29 19:00:00,10811.0,10691.232
2017-09-29 20:00:00,10958.0,10922.382
2017-09-29 21:00:00,10651.0,10925.02
2017-09-29 22:00:00,10238.0,10245.101
2017-09-29 23:00:00,9536.0,9550.606
2017-09-30 00:00:00,8902.0,8940.016
2017-09-30 01:00:00,8478.0,8421.78
2017-09-30 02:00:00,8176.0,8173.007
2017-09-30 03:00:00,7952.0,8000.8066
2017-09-30 04:00:00,7837.0,7857.446
2017-09-30 05:00:00,7855.0,7908.39
2017-09-30 06:00:00,8067.0,8094.094
2017-09-30 07:00:00,8416.0,8337.846
2017-09-30 08:00:00,8578.0,8657.531
2017-09-30 09:00:00,9058.0,8989.733
2017-09-30 10:00:00,9382.0,9534.811
2017-09-30 11:00:00,9655.0,9723.474
2017-09-30 12:00:00,9748.0,9717.362
2017-09-30 13:00:00,9802.0,9687.684
2017-09-30 14:00:00,9767.0,9690.773
2017-09-30 15:00:00,9754.0,9655.201
2017-09-30 16:00:00,9796.0,9641.685
2017-09-30 17:00:00,9774.0,9761.5205
2017-09-30 18:00:00,9584.0,9727.792
2017-09-30 19:00:00,9563.0,9541.071
2017-09-30 20:00:00,9881.0,9780.74
2017-09-30 21:00:00,9698.0,10002.538
2017-09-30 22:00:00,9413.0,9406.322
2017-09-30 23:00:00,8974.0,8967.434
2017-10-01 00:00:00,8467.0,8429.292
2017-10-01 01:00:00,8027.0,8095.7114
2017-10-01 02:00:00,7765.0,7769.9136
2017-10-01 03:00:00,7563.0,7602.216
2017-10-01 04:00:00,7458.0,7508.6836
2017-10-01 05:00:00,7409.0,7510.651
2017-10-01 06:00:00,7539.0,7545.082
2017-10-01 07:00:00,7668.0,7719.68
2017-10-01 08:00:00,7755.0,7706.6855
2017-10-01 09:00:00,8072.0,8088.2983
2017-10-01 10:00:00,8370.0,8422.045
2017-10-01 11:00:00,8646.0,8697.324
2017-10-01 12:00:00,8867.0,8884.349
2017-10-01 13:00:00,8981.0,9041.095
2017-10-01 14:00:00,9071.0,9027.363
2017-10-01 15:00:00,9133.0,9028.415
2017-10-01 16:00:00,9167.0,9135.71
2017-10-01 17:00:00,9237.0,9279.817
2017-10-01 18:00:00,9262.0,9385.937
2017-10-01 19:00:00,9643.0,9499.893
2017-10-01 20:00:00,9901.0,9940.304
2017-10-01 21:00:00,9707.0,9807.36
2017-10-01 22:00:00,9420.0,9430.619
2017-10-01 23:00:00,8948.0,8956.402
2017-10-02 00:00:00,8370.0,8399.188
2017-10-02 01:00:00,8049.0,8032.255
2017-10-02 02:00:00,7798.0,7840.056
2017-10-02 03:00:00,7687.0,7664.969
2017-10-02 04:00:00,7698.0,7724.3193
2017-10-02 05:00:00,7955.0,7931.9595
2017-10-02 06:00:00,8679.0,8532.934
2017-10-02 07:00:00,9802.0,9689.275
2017-10-02 08:00:00,10412.0,10332.7705
2017-10-02 09:00:00,10864.0,10794.686
2017-10-02 10:00:00,11302.0,11169.102
2017-10-02 11:00:00,11677.0,11605.475
2017-10-02 12:00:00,11985.0,11860.695
2017-10-02 13:00:00,12277.0,12124.396
2017-10-02 14:00:00,12657.0,12541.61
2017-10-02 15:00:00,12790.0,12805.924
2017-10-02 16:00:00,12780.0,12847.68
2017-10-02 17:00:00,12651.0,12750.467
2017-10-02 18:00:00,12477.0,12503.903
2017-10-02 19:00:00,12471.0,12395.939
2017-10-02 20:00:00,12660.0,12449.575
2017-10-02 21:00:00,12391.0,12422.573
2017-10-02 22:00:00,11699.0,11712.021
2017-10-02 23:00:00,10804.0,10771.187
2017-10-03 00:00:00,9966.0,9927.166
2017-10-03 01:00:00,9374.0,9409.161
2017-10-03 02:00:00,8985.0,8938.192
2017-10-03 03:00:00,8761.0,8726.566
2017-10-03 04:00:00,8676.0,8664.84
2017-10-03 05:00:00,8844.0,8856.715
2017-10-03 06:00:00,9553.0,9502.068
2017-10-03 07:00:00,10738.0,10579.858
2017-10-03 08:00:00,11287.0,11400.144
2017-10-03 09:00:00,11767.0,11649.452
2017-10-03 10:00:00,12123.0,12118.702
2017-10-03 11:00:00,12531.0,12415.005
2017-10-03 12:00:00,12742.0,12775.644
2017-10-03 13:00:00,12900.0,12923.354
2017-10-03 14:00:00,13087.0,13048.832
2017-10-03 15:00:00,13284.0,13150.62
2017-10-03 16:00:00,13322.0,13373.955
2017-10-03 17:00:00,13172.0,13268.88
2017-10-03 18:00:00,13112.0,12937.876
2017-10-03 19:00:00,13132.0,12930.705
2017-10-03 20:00:00,13357.0,13019.751
2017-10-03 21:00:00,13004.0,13211.408
2017-10-03 22:00:00,12383.0,12347.606
2017-10-03 23:00:00,11453.0,11369.84
2017-10-04 00:00:00,10621.0,10470.212
2017-10-04 01:00:00,9993.0,9943.773
2017-10-04 02:00:00,9631.0,9517.014
2017-10-04 03:00:00,9369.0,9318.565
2017-10-04 04:00:00,9252.0,9260.268
2017-10-04 05:00:00,9500.0,9400.183
2017-10-04 06:00:00,10269.0,10196.22
2017-10-04 07:00:00,11474.0,11386.538
2017-10-04 08:00:00,12198.0,12153.913
2017-10-04 09:00:00,12515.0,12530.889
2017-10-04 10:00:00,12591.0,12788.992
2017-10-04 11:00:00,12628.0,12748.927
2017-10-04 12:00:00,12550.0,12663.69
2017-10-04 13:00:00,12493.0,12464.145
2017-10-04 14:00:00,12592.0,12495.809
2017-10-04 15:00:00,12732.0,12630.531
2017-10-04 16:00:00,12828.0,12803.975
2017-10-04 17:00:00,12678.0,12893.895
2017-10-04 18:00:00,12306.0,12733.456
2017-10-04 19:00:00,12190.0,12171.226
2017-10-04 20:00:00,12186.0,12009.153
2017-10-04 21:00:00,11809.0,11830.812
2017-10-04 22:00:00,11162.0,11279.885
2017-10-04 23:00:00,10304.0,10324.297
2017-10-05 00:00:00,9512.0,9555.928
2017-10-05 01:00:00,8912.0,8980.307
2017-10-05 02:00:00,8568.0,8555.933
2017-10-05 03:00:00,8314.0,8372.5205
2017-10-05 04:00:00,8243.0,8258.678
2017-10-05 05:00:00,8382.0,8406.19
2017-10-05 06:00:00,8985.0,8971.932
2017-10-05 07:00:00,9936.0,9895.451
2017-10-05 08:00:00,10387.0,10596.881
2017-10-05 09:00:00,10799.0,10840.071
2017-10-05 10:00:00,11207.0,11032.84
2017-10-05 11:00:00,11569.0,11438.49
2017-10-05 12:00:00,11829.0,11752.786
2017-10-05 13:00:00,12064.0,11903.583
2017-10-05 14:00:00,12324.0,12202.471
2017-10-05 15:00:00,12403.0,12395.941
2017-10-05 16:00:00,12428.0,12375.848
2017-10-05 17:00:00,12312.0,12322.929
2017-10-05 18:00:00,11994.0,12087.006
2017-10-05 19:00:00,12056.0,11848.224
2017-10-05 20:00:00,12137.0,12022.949
2017-10-05 21:00:00,11771.0,11798.413
2017-10-05 22:00:00,11203.0,11151.636
2017-10-05 23:00:00,10392.0,10342.708
2017-10-06 00:00:00,9636.0,9576.659
2017-10-06 01:00:00,9044.0,9044.8125
2017-10-06 02:00:00,8715.0,8664.654
2017-10-06 03:00:00,8491.0,8472.89
2017-10-06 04:00:00,8421.0,8408.384
2017-10-06 05:00:00,8561.0,8581.303
2017-10-06 06:00:00,9176.0,9121.861
2017-10-06 07:00:00,10251.0,10217.574
2017-10-06 08:00:00,10900.0,10909.84
2017-10-06 09:00:00,11236.0,11258.8125
2017-10-06 10:00:00,11333.0,11510.262
2017-10-06 11:00:00,11691.0,11509.136
2017-10-06 12:00:00,11753.0,11833.04
2017-10-06 13:00:00,11775.0,11733.596
2017-10-06 14:00:00,11817.0,11809.639
2017-10-06 15:00:00,11819.0,11784.169
2017-10-06 16:00:00,11698.0,11713.366
2017-10-06 17:00:00,11673.0,11621.515
2017-10-06 18:00:00,11689.0,11609.455
2017-10-06 19:00:00,11808.0,11809.751
2017-10-06 20:00:00,11701.0,11848.95
2017-10-06 21:00:00,11361.0,11402.513
2017-10-06 22:00:00,10990.0,10922.74
2017-10-06 23:00:00,10307.0,10308.852
2017-10-07 00:00:00,9673.0,9609.692
2017-10-07 01:00:00,9106.0,9059.718
2017-10-07 02:00:00,8768.0,8733.574
2017-10-07 03:00:00,8501.0,8537.08
2017-10-07 04:00:00,8376.0,8413.284
2017-10-07 05:00:00,8322.0,8418.315
2017-10-07 06:00:00,8616.0,8560.759
2017-10-07 07:00:00,9019.0,9047.6045
2017-10-07 08:00:00,9310.0,9382.097
2017-10-07 09:00:00,9823.0,9773.346
2017-10-07 10:00:00,10300.0,10235.044
2017-10-07 11:00:00,10736.0,10586.545
2017-10-07 12:00:00,11072.0,10907.88
2017-10-07 13:00:00,11186.0,11180.091
2017-10-07 14:00:00,11061.0,11178.675
2017-10-07 15:00:00,11037.0,11019.954
2017-10-07 16:00:00,10882.0,11053.743
2017-10-07 17:00:00,10440.0,10915.753
2017-10-07 18:00:00,10117.0,10386.667
2017-10-07 19:00:00,10134.0,10135.862
2017-10-07 20:00:00,10266.0,10200.515
2017-10-07 21:00:00,10058.0,10345.088
2017-10-07 22:00:00,9779.0,9785.096
2017-10-07 23:00:00,9226.0,9382.095
2017-10-08 00:00:00,8699.0,8720.372
2017-10-08 01:00:00,8209.0,8309.604
2017-10-08 02:00:00,7901.0,7948.6895
2017-10-08 03:00:00,7621.0,7750.092
2017-10-08 04:00:00,7501.0,7619.817
2017-10-08 05:00:00,7421.0,7627.6973
2017-10-08 06:00:00,7567.0,7696.3955
2017-10-08 07:00:00,7716.0,7797.7305
2017-10-08 08:00:00,7778.0,7887.36
2017-10-08 09:00:00,8121.0,8291.813
2017-10-08 10:00:00,8614.0,8552.62
2017-10-08 11:00:00,9013.0,9028.337
2017-10-08 12:00:00,9420.0,9305.034
2017-10-08 13:00:00,9705.0,9594.977
2017-10-08 14:00:00,9919.0,9720.288
2017-10-08 15:00:00,10118.0,9926.554
2017-10-08 16:00:00,10342.0,10149.289
2017-10-08 17:00:00,10417.0,10426.45
2017-10-08 18:00:00,10363.0,10502.9
2017-10-08 19:00:00,10435.0,10530.186
2017-10-08 20:00:00,10529.0,10588.526
2017-10-08 21:00:00,10249.0,10496.389
2017-10-08 22:00:00,9787.0,9912.664
2017-10-08 23:00:00,9252.0,9267.546
2017-10-09 00:00:00,8643.0,8700.491
2017-10-09 01:00:00,8265.0,8316.249
2017-10-09 02:00:00,8020.0,8017.7783
2017-10-09 03:00:00,7818.0,7908.494
2017-10-09 04:00:00,7770.0,7760.1685
2017-10-09 05:00:00,7984.0,7894.865
2017-10-09 06:00:00,8560.0,8589.935
2017-10-09 07:00:00,9334.0,9548.836
2017-10-09 08:00:00,9966.0,10322.85
2017-10-09 09:00:00,10517.0,10583.527
2017-10-09 10:00:00,11097.0,10906.306
2017-10-09 11:00:00,11525.0,11366.694
2017-10-09 12:00:00,11933.0,11678.524
2017-10-09 13:00:00,12247.0,12160.866
2017-10-09 14:00:00,12646.0,12452.1875
2017-10-09 15:00:00,12795.0,12849.061
2017-10-09 16:00:00,12865.0,12831.845
2017-10-09 17:00:00,12788.0,12847.592
2017-10-09 18:00:00,12475.0,12654.0
2017-10-09 19:00:00,12435.0,12394.598
2017-10-09 20:00:00,12330.0,12388.916
2017-10-09 21:00:00,11714.0,12005.38
2017-10-09 22:00:00,11071.0,11134.57
2017-10-09 23:00:00,10257.0,10199.13
2017-10-10 00:00:00,9516.0,9407.158
2017-10-10 01:00:00,8907.0,8935.9375
2017-10-10 02:00:00,8563.0,8584.448
2017-10-10 03:00:00,8357.0,8334.1875
2017-10-10 04:00:00,8296.0,8301.434
2017-10-10 05:00:00,8400.0,8480.06
2017-10-10 06:00:00,9036.0,9092.377
2017-10-10 07:00:00,10090.0,10202.065
2017-10-10 08:00:00,10632.0,10794.783
2017-10-10 09:00:00,10958.0,11102.418
2017-10-10 10:00:00,11185.0,11246.151
2017-10-10 11:00:00,11355.0,11465.239
2017-10-10 12:00:00,11429.0,11435.462
2017-10-10 13:00:00,11419.0,11466.122
2017-10-10 14:00:00,11415.0,11426.91
2017-10-10 15:00:00,11287.0,11323.287
2017-10-10 16:00:00,11148.0,11097.038
2017-10-10 17:00:00,11102.0,11082.653
2017-10-10 18:00:00,11250.0,11084.417
2017-10-10 19:00:00,11360.0,11538.924
2017-10-10 20:00:00,11301.0,11371.836
2017-10-10 21:00:00,11044.0,10988.471
2017-10-10 22:00:00,10471.0,10579.608
2017-10-10 23:00:00,9788.0,9775.608
2017-10-11 00:00:00,9142.0,9062.949
2017-10-11 01:00:00,8714.0,8634.32
2017-10-11 02:00:00,8497.0,8413.73
2017-10-11 03:00:00,8301.0,8347.205
2017-10-11 04:00:00,8162.0,8258.587
2017-10-11 05:00:00,8350.0,8379.2295
2017-10-11 06:00:00,8960.0,8969.869
2017-10-11 07:00:00,9987.0,10042.886
2017-10-11 08:00:00,10596.0,10561.8
2017-10-11 09:00:00,10857.0,10871.402
2017-10-11 10:00:00,11002.0,11033.609
2017-10-11 11:00:00,11105.0,11149.294
2017-10-11 12:00:00,11116.0,11157.275
2017-10-11 13:00:00,11128.0,11089.796
2017-10-11 14:00:00,11153.0,11180.978
2017-10-11 15:00:00,11132.0,11041.969
2017-10-11 16:00:00,10970.0,11046.774
2017-10-11 17:00:00,10975.0,10932.177
2017-10-11 18:00:00,11005.0,11016.718
2017-10-11 19:00:00,11215.0,11256.075
2017-10-11 20:00:00,11154.0,11285.119
2017-10-11 21:00:00,10879.0,10935.58
2017-10-11 22:00:00,10273.0,10393.742
2017-10-11 23:00:00,9593.0,9582.109
2017-10-12 00:00:00,8921.0,8957.821
2017-10-12 01:00:00,8428.0,8483.653
2017-10-12 02:00:00,8128.0,8188.3213
2017-10-12 03:00:00,7958.0,7999.5996
2017-10-12 04:00:00,7916.0,7932.5347
2017-10-12 05:00:00,8080.0,8116.143
2017-10-12 06:00:00,8710.0,8601.579
2017-10-12 07:00:00,9768.0,9812.994
2017-10-12 08:00:00,10412.0,10368.049
2017-10-12 09:00:00,10671.0,10696.672
2017-10-12 10:00:00,10834.0,10912.518
2017-10-12 11:00:00,10976.0,11002.756
2017-10-12 12:00:00,10993.0,11069.312
2017-10-12 13:00:00,10961.0,11020.033
2017-10-12 14:00:00,10996.0,11005.13
2017-10-12 15:00:00,10878.0,10955.045
2017-10-12 16:00:00,10842.0,10773.685
2017-10-12 17:00:00,10762.0,10866.409
2017-10-12 18:00:00,10787.0,10773.584
2017-10-12 19:00:00,11027.0,11051.763
2017-10-12 20:00:00,11057.0,11175.065
2017-10-12 21:00:00,10770.0,10876.788
2017-10-12 22:00:00,10240.0,10325.91
2017-10-12 23:00:00,9600.0,9601.787
2017-10-13 00:00:00,9023.0,8947.956
2017-10-13 01:00:00,8488.0,8531.519
2017-10-13 02:00:00,8189.0,8205.024
2017-10-13 03:00:00,8009.0,8029.972
2017-10-13 04:00:00,7969.0,7990.4673
2017-10-13 05:00:00,8102.0,8102.996
2017-10-13 06:00:00,8694.0,8694.193
2017-10-13 07:00:00,9714.0,9711.867
2017-10-13 08:00:00,10237.0,10309.816
2017-10-13 09:00:00,10481.0,10534.22
2017-10-13 10:00:00,10742.0,10630.278
2017-10-13 11:00:00,10900.0,10862.262
2017-10-13 12:00:00,11049.0,10921.065
2017-10-13 13:00:00,11137.0,11058.633
2017-10-13 14:00:00,11297.0,11173.327
2017-10-13 15:00:00,11388.0,11247.594
2017-10-13 16:00:00,11338.0,11315.572
2017-10-13 17:00:00,11223.0,11328.551
2017-10-13 18:00:00,11103.0,11171.203
2017-10-13 19:00:00,11314.0,11227.252
2017-10-13 20:00:00,11193.0,11503.803
2017-10-13 21:00:00,10939.0,10920.342
2017-10-13 22:00:00,10513.0,10483.33
2017-10-13 23:00:00,9897.0,9807.538
2017-10-14 00:00:00,9208.0,9189.864
2017-10-14 01:00:00,8693.0,8674.906
2017-10-14 02:00:00,8339.0,8355.182
2017-10-14 03:00:00,8149.0,8099.2065
2017-10-14 04:00:00,8102.0,8056.449
2017-10-14 05:00:00,8102.0,8184.6562
2017-10-14 06:00:00,8295.0,8414.221
2017-10-14 07:00:00,8688.0,8719.769
2017-10-14 08:00:00,9127.0,9126.794
2017-10-14 09:00:00,9555.0,9467.937
2017-10-14 10:00:00,9892.0,9867.2
2017-10-14 11:00:00,10044.0,10023.065
2017-10-14 12:00:00,10217.0,10046.916
2017-10-14 13:00:00,10283.0,10193.683
2017-10-14 14:00:00,10105.0,10237.925
2017-10-14 15:00:00,9947.0,10016.233
2017-10-14 16:00:00,9864.0,9806.606
2017-10-14 17:00:00,9957.0,9821.422
2017-10-14 18:00:00,10088.0,10079.598
2017-10-14 19:00:00,10357.0,10398.069
2017-10-14 20:00:00,10395.0,10396.748
2017-10-14 21:00:00,10279.0,10265.691
2017-10-14 22:00:00,9923.0,9895.121
2017-10-14 23:00:00,9474.0,9449.7
2017-10-15 00:00:00,9017.0,8933.402
2017-10-15 01:00:00,8586.0,8533.454
2017-10-15 02:00:00,8235.0,8290.944
2017-10-15 03:00:00,8029.0,8032.2827
2017-10-15 04:00:00,7918.0,7893.386
2017-10-15 05:00:00,7909.0,7914.8716
2017-10-15 06:00:00,7928.0,8055.685
2017-10-15 07:00:00,8066.0,8162.2373
2017-10-15 08:00:00,8129.0,8245.121
2017-10-15 09:00:00,8284.0,8409.09
2017-10-15 10:00:00,8513.0,8589.072
2017-10-15 11:00:00,8710.0,8730.53
2017-10-15 12:00:00,8819.0,8870.299
2017-10-15 13:00:00,8846.0,8869.559
2017-10-15 14:00:00,8831.0,8869.408
2017-10-15 15:00:00,8767.0,8826.597
2017-10-15 16:00:00,8759.0,8785.715
2017-10-15 17:00:00,8788.0,8869.153
2017-10-15 18:00:00,8995.0,8906.575
2017-10-15 19:00:00,9524.0,9446.424
2017-10-15 20:00:00,9600.0,9811.957
2017-10-15 21:00:00,9422.0,9630.192
2017-10-15 22:00:00,9100.0,9180.455
2017-10-15 23:00:00,8631.0,8895.085
2017-10-16 00:00:00,8168.0,8222.67
2017-10-16 01:00:00,7850.0,7915.9385
2017-10-16 02:00:00,7658.0,7739.0527
2017-10-16 03:00:00,7581.0,7591.198
2017-10-16 04:00:00,7596.0,7672.5474
2017-10-16 05:00:00,7809.0,7870.097
2017-10-16 06:00:00,8557.0,8367.201
2017-10-16 07:00:00,9674.0,9612.327
2017-10-16 08:00:00,10229.0,10325.364
2017-10-16 09:00:00,10424.0,10576.674
2017-10-16 10:00:00,10531.0,10684.753
2017-10-16 11:00:00,10623.0,10738.381
2017-10-16 12:00:00,10704.0,10697.806
2017-10-16 13:00:00,10758.0,10757.7
2017-10-16 14:00:00,10824.0,10848.679
2017-10-16 15:00:00,10780.0,10822.102
2017-10-16 16:00:00,10679.0,10756.194
2017-10-16 17:00:00,10576.0,10722.03
2017-10-16 18:00:00,10524.0,10583.712
2017-10-16 19:00:00,10868.0,10784.704
2017-10-16 20:00:00,10960.0,11052.872
2017-10-16 21:00:00,10659.0,10796.391
2017-10-16 22:00:00,10081.0,10252.986
2017-10-16 23:00:00,9384.0,9542.12
2017-10-17 00:00:00,8677.0,8785.116
2017-10-17 01:00:00,8231.0,8355.1
2017-10-17 02:00:00,7985.0,8019.823
2017-10-17 03:00:00,7828.0,7929.8174
2017-10-17 04:00:00,7756.0,7892.015
2017-10-17 05:00:00,7993.0,7947.742
2017-10-17 06:00:00,8648.0,8604.703
2017-10-17 07:00:00,9719.0,9805.2
2017-10-17 08:00:00,10230.0,10350.521
2017-10-17 09:00:00,10429.0,10523.188
2017-10-17 10:00:00,10551.0,10643.921
2017-10-17 11:00:00,10763.0,10696.691
2017-10-17 12:00:00,10789.0,10816.87
2017-10-17 13:00:00,10846.0,10809.407
2017-10-17 14:00:00,11033.0,10931.55
2017-10-17 15:00:00,11005.0,11019.514
2017-10-17 16:00:00,10963.0,10945.502
2017-10-17 17:00:00,10887.0,10965.265
2017-10-17 18:00:00,10804.0,10915.38
2017-10-17 19:00:00,11065.0,10990.347
2017-10-17 20:00:00,11071.0,11243.271
2017-10-17 21:00:00,10696.0,10931.225
2017-10-17 22:00:00,10177.0,10267.017
2017-10-17 23:00:00,9458.0,9583.234
2017-10-18 00:00:00,8810.0,8866.757
2017-10-18 01:00:00,8381.0,8429.88
2017-10-18 02:00:00,8234.0,8133.394
2017-10-18 03:00:00,8053.0,8110.847
2017-10-18 04:00:00,7996.0,8072.549
2017-10-18 05:00:00,8197.0,8247.483
2017-10-18 06:00:00,8816.0,8901.652
2017-10-18 07:00:00,9911.0,9902.729
2017-10-18 08:00:00,10454.0,10479.6875
2017-10-18 09:00:00,10619.0,10710.657
2017-10-18 10:00:00,10744.0,10807.149
2017-10-18 11:00:00,10925.0,10907.401
2017-10-18 12:00:00,11058.0,10964.621
2017-10-18 13:00:00,11121.0,11112.857
2017-10-18 14:00:00,11184.0,11202.458
2017-10-18 15:00:00,11146.0,11093.25
2017-10-18 16:00:00,11141.0,11041.213
2017-10-18 17:00:00,11041.0,11174.502
2017-10-18 18:00:00,10902.0,11053.484
2017-10-18 19:00:00,11185.0,11044.382
2017-10-18 20:00:00,11126.0,11306.785
2017-10-18 21:00:00,10819.0,10933.294
2017-10-18 22:00:00,10298.0,10314.849
2017-10-18 23:00:00,9562.0,9681.476
2017-10-19 00:00:00,8906.0,8945.657
2017-10-19 01:00:00,8413.0,8470.871
2017-10-19 02:00:00,8108.0,8154.568
2017-10-19 03:00:00,7945.0,7992.598
2017-10-19 04:00:00,7893.0,7930.0117
2017-10-19 05:00:00,8064.0,8055.61
2017-10-19 06:00:00,8659.0,8620.626
2017-10-19 07:00:00,9713.0,9692.748
2017-10-19 08:00:00,10242.0,10314.103
2017-10-19 09:00:00,10460.0,10554.586
2017-10-19 10:00:00,10681.0,10701.608
2017-10-19 11:00:00,10929.0,10833.5
2017-10-19 12:00:00,11080.0,10987.666
2017-10-19 13:00:00,11065.0,11144.799
2017-10-19 14:00:00,11118.0,11133.62
2017-10-19 15:00:00,11183.0,11041.562
2017-10-19 16:00:00,11080.0,11122.926
2017-10-19 17:00:00,10901.0,11042.292
2017-10-19 18:00:00,10749.0,10860.2
2017-10-19 19:00:00,11052.0,10898.229
2017-10-19 20:00:00,10960.0,11212.573
2017-10-19 21:00:00,10671.0,10752.13
2017-10-19 22:00:00,10158.0,10261.786
2017-10-19 23:00:00,9476.0,9621.472
2017-10-20 00:00:00,8847.0,8873.222
2017-10-20 01:00:00,8388.0,8448.974
2017-10-20 02:00:00,8122.0,8124.6772
2017-10-20 03:00:00,7935.0,7999.726
2017-10-20 04:00:00,7901.0,7938.238
2017-10-20 05:00:00,8095.0,8053.878
2017-10-20 06:00:00,8615.0,8600.588
2017-10-20 07:00:00,9671.0,9580.769
2017-10-20 08:00:00,10241.0,10301.187
2017-10-20 09:00:00,10511.0,10600.243
2017-10-20 10:00:00,10751.0,10723.889
2017-10-20 11:00:00,11067.0,10917.016
2017-10-20 12:00:00,11264.0,11141.011
2017-10-20 13:00:00,11408.0,11278.408
2017-10-20 14:00:00,11616.0,11473.487
2017-10-20 15:00:00,11646.0,11616.006
2017-10-20 16:00:00,11557.0,11557.806
2017-10-20 17:00:00,11401.0,11548.5
2017-10-20 18:00:00,11158.0,11351.8125
2017-10-20 19:00:00,11316.0,11254.258
2017-10-20 20:00:00,11150.0,11427.777
2017-10-20 21:00:00,10816.0,10905.609
2017-10-20 22:00:00,10392.0,10418.242
2017-10-20 23:00:00,9763.0,9756.163
2017-10-21 00:00:00,9122.0,9109.057
2017-10-21 01:00:00,8631.0,8589.362
2017-10-21 02:00:00,8238.0,8279.861
2017-10-21 03:00:00,8021.0,8034.0146
2017-10-21 04:00:00,7923.0,7923.1655
2017-10-21 05:00:00,7941.0,7995.0527
2017-10-21 06:00:00,8169.0,8132.6523
2017-10-21 07:00:00,8600.0,8492.222
2017-10-21 08:00:00,8878.0,8984.306
2017-10-21 09:00:00,9194.0,9300.488
2017-10-21 10:00:00,9523.0,9591.591
2017-10-21 11:00:00,9696.0,9742.171
2017-10-21 12:00:00,9875.0,9779.341
2017-10-21 13:00:00,9977.0,9858.568
2017-10-21 14:00:00,10066.0,9914.608
2017-10-21 15:00:00,10130.0,9988.485
2017-10-21 16:00:00,10182.0,9982.737
2017-10-21 17:00:00,10117.0,10206.273
2017-10-21 18:00:00,10080.0,10106.548
2017-10-21 19:00:00,10507.0,10217.192
2017-10-21 20:00:00,10468.0,10460.916
2017-10-21 21:00:00,10261.0,10326.535
2017-10-21 22:00:00,9923.0,9910.73
2017-10-21 23:00:00,9420.0,9460.667
2017-10-22 00:00:00,8883.0,8865.767
2017-10-22 01:00:00,8397.0,8451.178
2017-10-22 02:00:00,8091.0,8112.457
2017-10-22 03:00:00,7834.0,7880.7217
2017-10-22 04:00:00,7695.0,7762.4175
2017-10-22 05:00:00,7686.0,7740.192
2017-10-22 06:00:00,7773.0,7831.526
2017-10-22 07:00:00,7995.0,7935.014
2017-10-22 08:00:00,8041.0,8111.771
2017-10-22 09:00:00,8421.0,8410.052
2017-10-22 10:00:00,8836.0,8736.394
2017-10-22 11:00:00,9146.0,9167.371
2017-10-22 12:00:00,9321.0,9380.6045
2017-10-22 13:00:00,9456.0,9458.005
2017-10-22 14:00:00,9451.0,9514.554
2017-10-22 15:00:00,9375.0,9455.277
2017-10-22 16:00:00,9218.0,9366.487
2017-10-22 17:00:00,9178.0,9298.609
2017-10-22 18:00:00,9367.0,9326.1875
2017-10-22 19:00:00,9676.0,9867.616
2017-10-22 20:00:00,9640.0,9907.143
2017-10-22 21:00:00,9419.0,9680.451
2017-10-22 22:00:00,9127.0,9210.624
2017-10-22 23:00:00,8674.0,8898.188
2017-10-23 00:00:00,8210.0,8278.165
2017-10-23 01:00:00,7939.0,8015.528
2017-10-23 02:00:00,7727.0,7830.8433
2017-10-23 03:00:00,7629.0,7702.001
2017-10-23 04:00:00,7624.0,7696.203
2017-10-23 05:00:00,7910.0,7775.396
2017-10-23 06:00:00,8582.0,8682.518
2017-10-23 07:00:00,9695.0,9712.616
2017-10-23 08:00:00,10554.0,10419.187
2017-10-23 09:00:00,10737.0,10856.515
2017-10-23 10:00:00,10864.0,10962.044
2017-10-23 11:00:00,10999.0,11040.188
2017-10-23 12:00:00,11071.0,11037.729
2017-10-23 13:00:00,11015.0,11120.427
2017-10-23 14:00:00,11010.0,11070.204
2017-10-23 15:00:00,10870.0,10969.875
2017-10-23 16:00:00,10705.0,10771.224
2017-10-23 17:00:00,10705.0,10647.98
2017-10-23 18:00:00,10847.0,10837.486
2017-10-23 19:00:00,11108.0,11172.575
2017-10-23 20:00:00,10965.0,11211.012
2017-10-23 21:00:00,10638.0,10778.3955
2017-10-23 22:00:00,10148.0,10278.785
2017-10-23 23:00:00,9532.0,9642.288
2017-10-24 00:00:00,8943.0,8923.461
2017-10-24 01:00:00,8540.0,8491.556
2017-10-24 02:00:00,8299.0,8264.602
2017-10-24 03:00:00,8090.0,8135.258
2017-10-24 04:00:00,8087.0,8055.7095
2017-10-24 05:00:00,8287.0,8257.43
2017-10-24 06:00:00,8944.0,9000.12
2017-10-24 07:00:00,10093.0,10068.044
2017-10-24 08:00:00,10907.0,10675.241
2017-10-24 09:00:00,11139.0,11034.085
2017-10-24 10:00:00,11265.0,11273.76
2017-10-24 11:00:00,11401.0,11402.312
2017-10-24 12:00:00,11426.0,11429.616
2017-10-24 13:00:00,11376.0,11399.809
2017-10-24 14:00:00,11406.0,11397.314
2017-10-24 15:00:00,11277.0,11313.709
2017-10-24 16:00:00,11184.0,11160.529
2017-10-24 17:00:00,11221.0,11167.977
2017-10-24 18:00:00,11469.0,11388.023
2017-10-24 19:00:00,11613.0,11810.617
2017-10-24 20:00:00,11461.0,11614.272
2017-10-24 21:00:00,11134.0,11219.862
2017-10-24 22:00:00,10596.0,10658.8545
2017-10-24 23:00:00,9911.0,9892.286
2017-10-25 00:00:00,9290.0,9150.7295
2017-10-25 01:00:00,8858.0,8768.34
2017-10-25 02:00:00,8602.0,8541.92
2017-10-25 03:00:00,8474.0,8438.256
2017-10-25 04:00:00,8467.0,8460.527
2017-10-25 05:00:00,8683.0,8710.941
2017-10-25 06:00:00,9431.0,9410.228
2017-10-25 07:00:00,10564.0,10606.12
2017-10-25 08:00:00,11173.0,11135.204
2017-10-25 09:00:00,11214.0,11362.522
2017-10-25 10:00:00,11175.0,11266.034
2017-10-25 11:00:00,11091.0,11215.749
2017-10-25 12:00:00,11057.0,11035.633
2017-10-25 13:00:00,10944.0,11035.953
2017-10-25 14:00:00,10906.0,10907.599
2017-10-25 15:00:00,10795.0,10838.228
2017-10-25 16:00:00,10647.0,10668.294
2017-10-25 17:00:00,10537.0,10621.642
2017-10-25 18:00:00,10610.0,10564.199
2017-10-25 19:00:00,11158.0,10956.38
2017-10-25 20:00:00,11172.0,11129.333
2017-10-25 21:00:00,10972.0,10912.792
2017-10-25 22:00:00,10537.0,10484.35
2017-10-25 23:00:00,9907.0,9855.35
2017-10-26 00:00:00,9330.0,9173.573
2017-10-26 01:00:00,8915.0,8846.217
2017-10-26 02:00:00,8691.0,8634.016
2017-10-26 03:00:00,8549.0,8530.733
2017-10-26 04:00:00,8526.0,8515.561
2017-10-26 05:00:00,8735.0,8744.094
2017-10-26 06:00:00,9497.0,9380.641
2017-10-26 07:00:00,10652.0,10579.5205
2017-10-26 08:00:00,11127.0,11141.07
2017-10-26 09:00:00,11137.0,11274.894
2017-10-26 10:00:00,11111.0,11135.748
2017-10-26 11:00:00,11094.0,11107.735
2017-10-26 12:00:00,11067.0,11057.731
2017-10-26 13:00:00,11049.0,11029.095
2017-10-26 14:00:00,11058.0,11068.358
2017-10-26 15:00:00,10983.0,10986.106
2017-10-26 16:00:00,10852.0,10884.952
2017-10-26 17:00:00,10781.0,10815.795
2017-10-26 18:00:00,10923.0,10840.528
2017-10-26 19:00:00,11360.0,11244.972
2017-10-26 20:00:00,11252.0,11418.759
2017-10-26 21:00:00,10998.0,11035.06
2017-10-26 22:00:00,10524.0,10506.923
2017-10-26 23:00:00,9829.0,9867.176
2017-10-27 00:00:00,9182.0,9132.598
2017-10-27 01:00:00,8740.0,8708.65
2017-10-27 02:00:00,8492.0,8473.05
2017-10-27 03:00:00,8375.0,8340.018
2017-10-27 04:00:00,8340.0,8376.563
2017-10-27 05:00:00,8583.0,8542.834
2017-10-27 06:00:00,9265.0,9300.991
2017-10-27 07:00:00,10390.0,10315.847
2017-10-27 08:00:00,11117.0,10930.052
2017-10-27 09:00:00,11325.0,11202.901
2017-10-27 10:00:00,11450.0,11447.649
2017-10-27 11:00:00,11608.0,11551.07
2017-10-27 12:00:00,11556.0,11627.311
2017-10-27 13:00:00,11419.0,11517.409
2017-10-27 14:00:00,11429.0,11352.697
2017-10-27 15:00:00,11355.0,11330.952
2017-10-27 16:00:00,11243.0,11250.213
2017-10-27 17:00:00,11259.0,11237.588
2017-10-27 18:00:00,11456.0,11384.409
2017-10-27 19:00:00,11617.0,11805.763
2017-10-27 20:00:00,11389.0,11633.501
2017-10-27 21:00:00,11217.0,11145.215
2017-10-27 22:00:00,10833.0,10786.681
2017-10-27 23:00:00,10238.0,10166.296
2017-10-28 00:00:00,9620.0,9545.828
2017-10-28 01:00:00,9170.0,9050.7705
2017-10-28 02:00:00,8897.0,8783.38
2017-10-28 03:00:00,8659.0,8651.818
2017-10-28 04:00:00,8615.0,8572.152
2017-10-28 05:00:00,8657.0,8636.454
2017-10-28 06:00:00,8973.0,8945.545
2017-10-28 07:00:00,9441.0,9438.154
2017-10-28 08:00:00,9783.0,9772.957
2017-10-28 09:00:00,9980.0,10020.952
2017-10-28 10:00:00,10239.0,10148.8545
2017-10-28 11:00:00,10258.0,10308.743
2017-10-28 12:00:00,10292.0,10175.594
2017-10-28 13:00:00,10249.0,10194.157
2017-10-28 14:00:00,10093.0,10125.078
2017-10-28 15:00:00,9948.0,9948.352
2017-10-28 16:00:00,9910.0,9805.237
2017-10-28 17:00:00,9964.0,9944.511
2017-10-28 18:00:00,10230.0,10124.499
2017-10-28 19:00:00,10542.0,10554.186
2017-10-28 20:00:00,10444.0,10543.24
2017-10-28 21:00:00,10253.0,10288.202
2017-10-28 22:00:00,9977.0,9934.115
2017-10-28 23:00:00,9556.0,9478.65
2017-10-29 00:00:00,9119.0,9065.033
2017-10-29 01:00:00,8748.0,8640.241
2017-10-29 02:00:00,8520.0,8464.711
2017-10-29 03:00:00,8346.0,8352.314
2017-10-29 04:00:00,8304.0,8239.015
2017-10-29 05:00:00,8296.0,8287.84
2017-10-29 06:00:00,8462.0,8522.418
2017-10-29 07:00:00,8740.0,8710.734
2017-10-29 08:00:00,8881.0,8882.609
2017-10-29 09:00:00,8970.0,9044.202
2017-10-29 10:00:00,9118.0,9081.271
2017-10-29 11:00:00,9152.0,9201.603
2017-10-29 12:00:00,9158.0,9198.786
2017-10-29 13:00:00,9127.0,9117.234
2017-10-29 14:00:00,9036.0,9088.464
2017-10-29 15:00:00,8963.0,9000.986
2017-10-29 16:00:00,8934.0,8937.986
2017-10-29 17:00:00,9049.0,8988.517
2017-10-29 18:00:00,9404.0,9275.072
2017-10-29 19:00:00,10121.0,9984.204
2017-10-29 20:00:00,10150.0,10181.74
2017-10-29 21:00:00,10017.0,9936.151
2017-10-29 22:00:00,9704.0,9678.743
2017-10-29 23:00:00,9287.0,9168.867
2017-10-30 00:00:00,8865.0,8804.214
2017-10-30 01:00:00,8557.0,8495.94
2017-10-30 02:00:00,8372.0,8345.138
2017-10-30 03:00:00,8279.0,8302.642
2017-10-30 04:00:00,8307.0,8318.985
2017-10-30 05:00:00,8571.0,8650.909
2017-10-30 06:00:00,9343.0,9402.498
2017-10-30 07:00:00,10549.0,10555.426
2017-10-30 08:00:00,11271.0,11120.82
2017-10-30 09:00:00,11373.0,11467.248
2017-10-30 10:00:00,11403.0,11447.339
2017-10-30 11:00:00,11384.0,11437.858
2017-10-30 12:00:00,11307.0,11364.421
2017-10-30 13:00:00,11218.0,11283.7
2017-10-30 14:00:00,11256.0,11217.874
2017-10-30 15:00:00,11213.0,11260.531
2017-10-30 16:00:00,11242.0,11150.156
2017-10-30 17:00:00,11350.0,11426.833
2017-10-30 18:00:00,11622.0,11569.074
2017-10-30 19:00:00,11867.0,11960.964
2017-10-30 20:00:00,11740.0,11857.3545
2017-10-30 21:00:00,11467.0,11469.527
2017-10-30 22:00:00,10982.0,10978.595
2017-10-30 23:00:00,10287.0,10253.183
2017-10-31 00:00:00,9667.0,9541.016
2017-10-31 01:00:00,9291.0,9101.215
2017-10-31 02:00:00,9031.0,8962.801
2017-10-31 03:00:00,8922.0,8936.161
2017-10-31 04:00:00,8934.0,8876.844
2017-10-31 05:00:00,9158.0,9182.275
2017-10-31 06:00:00,9848.0,9869.686
2017-10-31 07:00:00,10963.0,10958.408
2017-10-31 08:00:00,11653.0,11474.468
2017-10-31 09:00:00,11734.0,11705.672
2017-10-31 10:00:00,11671.0,11795.836
2017-10-31 11:00:00,11655.0,11661.862
2017-10-31 12:00:00,11557.0,11605.153
2017-10-31 13:00:00,11418.0,11496.251
2017-10-31 14:00:00,11345.0,11367.209
2017-10-31 15:00:00,11178.0,11236.308
2017-10-31 16:00:00,11098.0,11064.988
2017-10-31 17:00:00,11124.0,11151.581
2017-10-31 18:00:00,11329.0,11387.165
2017-10-31 19:00:00,11667.0,11715.052
2017-10-31 20:00:00,11550.0,11724.67
2017-10-31 21:00:00,11337.0,11264.5205
2017-10-31 22:00:00,10909.0,10883.919
2017-10-31 23:00:00,10258.0,10185.379
2017-11-01 00:00:00,9626.0,9602.271
2017-11-01 01:00:00,9242.0,9114.876
2017-11-01 02:00:00,8982.0,8936.086
2017-11-01 03:00:00,8830.0,8820.852
2017-11-01 04:00:00,8810.0,8864.754
2017-11-01 05:00:00,9086.0,9070.891
2017-11-01 06:00:00,9778.0,9826.849
2017-11-01 07:00:00,10884.0,10889.408
2017-11-01 08:00:00,11578.0,11426.998
2017-11-01 09:00:00,11596.0,11627.847
2017-11-01 10:00:00,11665.0,11616.022
2017-11-01 11:00:00,11653.0,11674.142
2017-11-01 12:00:00,11659.0,11583.332
2017-11-01 13:00:00,11559.0,11572.782
2017-11-01 14:00:00,11554.0,11522.004
2017-11-01 15:00:00,11494.0,11470.387
2017-11-01 16:00:00,11504.0,11427.148
2017-11-01 17:00:00,11644.0,11769.928
2017-11-01 18:00:00,11912.0,11953.888
2017-11-01 19:00:00,11964.0,12074.399
2017-11-01 20:00:00,11791.0,11894.258
2017-11-01 21:00:00,11447.0,11556.64
2017-11-01 22:00:00,10929.0,10959.161
2017-11-01 23:00:00,10166.0,10153.355
2017-11-02 00:00:00,9519.0,9472.225
2017-11-02 01:00:00,9062.0,9044.372
2017-11-02 02:00:00,8704.0,8795.348
2017-11-02 03:00:00,8492.0,8554.065
2017-11-02 04:00:00,8485.0,8480.672
2017-11-02 05:00:00,8655.0,8676.91
2017-11-02 06:00:00,9298.0,9347.599
2017-11-02 07:00:00,10410.0,10295.28
2017-11-02 08:00:00,11133.0,11023.858
2017-11-02 09:00:00,11243.0,11340.866
2017-11-02 10:00:00,11264.0,11355.601
2017-11-02 11:00:00,11280.0,11327.607
2017-11-02 12:00:00,11246.0,11258.741
2017-11-02 13:00:00,11262.0,11211.083
2017-11-02 14:00:00,11291.0,11314.749
2017-11-02 15:00:00,11212.0,11272.721
2017-11-02 16:00:00,11137.0,11160.779
2017-11-02 17:00:00,11182.0,11334.091
2017-11-02 18:00:00,11386.0,11453.877
2017-11-02 19:00:00,11439.0,11638.982
2017-11-02 20:00:00,11256.0,11405.782
2017-11-02 21:00:00,10990.0,11066.907
2017-11-02 22:00:00,10513.0,10566.996
2017-11-02 23:00:00,9858.0,9809.756
2017-11-03 00:00:00,9250.0,9197.017
2017-11-03 01:00:00,8832.0,8787.7295
2017-11-03 02:00:00,8589.0,8597.004
2017-11-03 03:00:00,8462.0,8434.983
2017-11-03 04:00:00,8438.0,8480.429
2017-11-03 05:00:00,8698.0,8669.515
2017-11-03 06:00:00,9393.0,9395.975
2017-11-03 07:00:00,10432.0,10536.635
2017-11-03 08:00:00,11122.0,10997.005
2017-11-03 09:00:00,11213.0,11306.266
2017-11-03 10:00:00,11300.0,11267.677
2017-11-03 11:00:00,11342.0,11350.716
2017-11-03 12:00:00,11274.0,11297.559
2017-11-03 13:00:00,11150.0,11192.62
2017-11-03 14:00:00,10982.0,11094.488
2017-11-03 15:00:00,10845.0,10839.227
2017-11-03 16:00:00,10714.0,10767.575
2017-11-03 17:00:00,10681.0,10827.566
2017-11-03 18:00:00,10985.0,10872.856
2017-11-03 19:00:00,11259.0,11188.91
2017-11-03 20:00:00,11177.0,11219.385
2017-11-03 21:00:00,10982.0,10969.981
2017-11-03 22:00:00,10575.0,10561.253
2017-11-03 23:00:00,10043.0,9930.528
2017-11-04 00:00:00,9441.0,9425.632
2017-11-04 01:00:00,9024.0,8966.976
2017-11-04 02:00:00,8699.0,8729.341
2017-11-04 03:00:00,8555.0,8510.137
2017-11-04 04:00:00,8465.0,8463.092
2017-11-04 05:00:00,8529.0,8577.022
2017-11-04 06:00:00,8755.0,8843.158
2017-11-04 07:00:00,9177.0,9146.014
2017-11-04 08:00:00,9624.0,9433.982
2017-11-04 09:00:00,9973.0,9942.535
2017-11-04 10:00:00,10268.0,10194.942
2017-11-04 11:00:00,10370.0,10334.793
2017-11-04 12:00:00,10357.0,10359.334
2017-11-04 13:00:00,10234.0,10283.668
2017-11-04 14:00:00,10054.0,10089.083
2017-11-04 15:00:00,9879.0,9906.819
2017-11-04 16:00:00,9782.0,9816.498
2017-11-04 17:00:00,9784.0,10155.642
2017-11-04 18:00:00,10089.0,10241.513
2017-11-04 19:00:00,10268.0,10426.029
2017-11-04 20:00:00,10128.0,10356.989
2017-11-04 21:00:00,9947.0,9994.888
2017-11-04 22:00:00,9665.0,9615.449
2017-11-04 23:00:00,9242.0,9185.593
2017-11-05 00:00:00,8576.0,8753.5625
2017-11-05 01:00:00,8198.0,8258.506
2017-11-05 02:00:00,7878.0,7981.6885
2017-11-05 02:00:00,7889.0,7788.552
2017-11-05 03:00:00,7636.0,7789.5366
2017-11-05 04:00:00,7598.0,7660.389
2017-11-05 05:00:00,7642.0,7698.4014
2017-11-05 06:00:00,7805.0,7756.963
2017-11-05 07:00:00,8130.0,7941.607
2017-11-05 08:00:00,8300.0,8224.425
2017-11-05 09:00:00,8658.0,8597.314
2017-11-05 10:00:00,8920.0,8938.299
2017-11-05 11:00:00,9067.0,9109.5625
2017-11-05 12:00:00,9149.0,9186.807
2017-11-05 13:00:00,9225.0,9191.237
2017-11-05 14:00:00,9213.0,9269.045
2017-11-05 15:00:00,9234.0,9261.873
2017-11-05 16:00:00,9251.0,9324.203
2017-11-05 17:00:00,9740.0,9702.11
2017-11-05 18:00:00,10096.0,10450.377
2017-11-05 19:00:00,10002.0,10211.315
2017-11-05 20:00:00,9854.0,10020.665
2017-11-05 21:00:00,9663.0,9776.283
2017-11-05 22:00:00,9276.0,9354.298
2017-11-05 23:00:00,8818.0,8905.978
2017-11-06 00:00:00,8530.0,8407.223
2017-11-06 01:00:00,8339.0,8245.399
2017-11-06 02:00:00,8207.0,8148.4243
2017-11-06 03:00:00,8242.0,8120.406
2017-11-06 04:00:00,8343.0,8315.255
2017-11-06 05:00:00,8723.0,8712.643
2017-11-06 06:00:00,9647.0,9637.321
2017-11-06 07:00:00,10678.0,10634.096
2017-11-06 08:00:00,11160.0,11145.404
2017-11-06 09:00:00,11286.0,11308.667
2017-11-06 10:00:00,11272.0,11333.037
2017-11-06 11:00:00,11343.0,11292.784
2017-11-06 12:00:00,11363.0,11341.697
2017-11-06 13:00:00,11278.0,11352.179
2017-11-06 14:00:00,11290.0,11259.404
2017-11-06 15:00:00,11170.0,11249.729
2017-11-06 16:00:00,11152.0,11093.002
2017-11-06 17:00:00,11595.0,11476.07
2017-11-06 18:00:00,12124.0,12123.171
2017-11-06 19:00:00,11934.0,11948.574
2017-11-06 20:00:00,11700.0,11743.909
2017-11-06 21:00:00,11341.0,11336.377
2017-11-06 22:00:00,10795.0,10852.429
2017-11-06 23:00:00,10069.0,10073.132
2017-11-07 00:00:00,9454.0,9356.838
2017-11-07 01:00:00,9079.0,8976.472
2017-11-07 02:00:00,8835.0,8768.602
2017-11-07 03:00:00,8766.0,8734.347
2017-11-07 04:00:00,8781.0,8769.401
2017-11-07 05:00:00,9080.0,9066.373
2017-11-07 06:00:00,9844.0,9847.446
2017-11-07 07:00:00,10859.0,10824.826
2017-11-07 08:00:00,11242.0,11375.48
2017-11-07 09:00:00,11330.0,11391.704
2017-11-07 10:00:00,11378.0,11427.167
2017-11-07 11:00:00,11504.0,11453.688
2017-11-07 12:00:00,11454.0,11552.187
2017-11-07 13:00:00,11416.0,11399.257
2017-11-07 14:00:00,11431.0,11407.856
2017-11-07 15:00:00,11358.0,11383.77
2017-11-07 16:00:00,11380.0,11343.459
2017-11-07 17:00:00,11676.0,11745.983
2017-11-07 18:00:00,12137.0,12104.085
2017-11-07 19:00:00,11984.0,11953.216
2017-11-07 20:00:00,11803.0,11792.04
2017-11-07 21:00:00,11519.0,11519.217
2017-11-07 22:00:00,11018.0,10989.604
2017-11-07 23:00:00,10353.0,10225.088
2017-11-08 00:00:00,9751.0,9648.554
2017-11-08 01:00:00,9377.0,9264.853
2017-11-08 02:00:00,9184.0,9087.997
2017-11-08 03:00:00,9074.0,9059.305
2017-11-08 04:00:00,9097.0,9098.572
2017-11-08 05:00:00,9419.0,9406.942
2017-11-08 06:00:00,10161.0,10193.496
2017-11-08 07:00:00,11116.0,11227.321
2017-11-08 08:00:00,11448.0,11558.64
2017-11-08 09:00:00,11462.0,11552.477
2017-11-08 10:00:00,11426.0,11511.06
2017-11-08 11:00:00,11447.0,11396.341
2017-11-08 12:00:00,11344.0,11422.796
2017-11-08 13:00:00,11252.0,11244.945
2017-11-08 14:00:00,11204.0,11220.349
2017-11-08 15:00:00,11073.0,11092.154
2017-11-08 16:00:00,11034.0,11024.646
2017-11-08 17:00:00,11432.0,11392.783
2017-11-08 18:00:00,12035.0,11893.335
2017-11-08 19:00:00,11923.0,11923.427
2017-11-08 20:00:00,11777.0,11772.824
2017-11-08 21:00:00,11540.0,11511.276
2017-11-08 22:00:00,11068.0,11037.945
2017-11-08 23:00:00,10398.0,10351.44
2017-11-09 00:00:00,9814.0,9736.87
2017-11-09 01:00:00,9396.0,9321.521
2017-11-09 02:00:00,9207.0,9104.925
2017-11-09 03:00:00,9086.0,9120.986
2017-11-09 04:00:00,9092.0,9126.242
2017-11-09 05:00:00,9363.0,9374.133
2017-11-09 06:00:00,10034.0,10102.985
2017-11-09 07:00:00,11041.0,11050.795
2017-11-09 08:00:00,11506.0,11447.793
2017-11-09 09:00:00,11649.0,11565.14
2017-11-09 10:00:00,11583.0,11657.6875
2017-11-09 11:00:00,11593.0,11569.282
2017-11-09 12:00:00,11580.0,11529.016
2017-11-09 13:00:00,11475.0,11519.199
2017-11-09 14:00:00,11437.0,11453.981
2017-11-09 15:00:00,11377.0,11319.635
2017-11-09 16:00:00,11395.0,11361.0
2017-11-09 17:00:00,11795.0,11825.716
2017-11-09 18:00:00,12411.0,12266.932
2017-11-09 19:00:00,12333.0,12268.676
2017-11-09 20:00:00,12227.0,12116.694
2017-11-09 21:00:00,12039.0,11885.785
2017-11-09 22:00:00,11591.0,11544.286
2017-11-09 23:00:00,10980.0,10874.296
2017-11-10 00:00:00,10424.0,10296.153
2017-11-10 01:00:00,10088.0,9866.722
2017-11-10 02:00:00,9878.0,9848.729
2017-11-10 03:00:00,9763.0,9736.818
2017-11-10 04:00:00,9811.0,9752.51
2017-11-10 05:00:00,10122.0,10076.539
2017-11-10 06:00:00,10806.0,10775.619
2017-11-10 07:00:00,11747.0,11713.17
2017-11-10 08:00:00,12214.0,12124.189
2017-11-10 09:00:00,12493.0,12324.838
2017-11-10 10:00:00,12524.0,12586.87
2017-11-10 11:00:00,12561.0,12489.3125
2017-11-10 12:00:00,12526.0,12465.515
2017-11-10 13:00:00,12450.0,12440.01
2017-11-10 14:00:00,12428.0,12401.279
2017-11-10 15:00:00,12281.0,12361.593
2017-11-10 16:00:00,12178.0,12231.837
2017-11-10 17:00:00,12539.0,12581.017
2017-11-10 18:00:00,12856.0,13040.972
2017-11-10 19:00:00,12653.0,12778.904
2017-11-10 20:00:00,12486.0,12435.543
2017-11-10 21:00:00,12185.0,12160.515
2017-11-10 22:00:00,11786.0,11784.814
2017-11-10 23:00:00,11174.0,11051.008
2017-11-11 00:00:00,10605.0,10550.117
2017-11-11 01:00:00,10192.0,10067.911
2017-11-11 02:00:00,9942.0,9913.134
2017-11-11 03:00:00,9746.0,9789.509
2017-11-11 04:00:00,9668.0,9707.65
2017-11-11 05:00:00,9755.0,9807.118
2017-11-11 06:00:00,10075.0,10030.139
2017-11-11 07:00:00,10466.0,10477.306
2017-11-11 08:00:00,10763.0,10798.527
2017-11-11 09:00:00,11119.0,10915.149
2017-11-11 10:00:00,11362.0,11185.249
2017-11-11 11:00:00,11340.0,11424.929
2017-11-11 12:00:00,11217.0,11216.381
2017-11-11 13:00:00,11080.0,11037.459
2017-11-11 14:00:00,10916.0,10927.914
2017-11-11 15:00:00,10706.0,10794.691
2017-11-11 16:00:00,10753.0,10679.154
2017-11-11 17:00:00,11116.0,11290.324
2017-11-11 18:00:00,11415.0,11615.316
2017-11-11 19:00:00,11257.0,11567.962
2017-11-11 20:00:00,11063.0,11192.942
2017-11-11 21:00:00,10797.0,10975.779
2017-11-11 22:00:00,10495.0,10588.189
2017-11-11 23:00:00,9971.0,10026.907
2017-11-12 00:00:00,9524.0,9463.577
2017-11-12 01:00:00,9150.0,9056.693
2017-11-12 02:00:00,8934.0,8817.332
2017-11-12 03:00:00,8740.0,8703.43
2017-11-12 04:00:00,8725.0,8723.481
2017-11-12 05:00:00,8736.0,8772.018
2017-11-12 06:00:00,8881.0,8949.197
2017-11-12 07:00:00,9118.0,9115.902
2017-11-12 08:00:00,9196.0,9313.894
2017-11-12 09:00:00,9491.0,9422.199
2017-11-12 10:00:00,9795.0,9738.291
2017-11-12 11:00:00,9954.0,9946.44
2017-11-12 12:00:00,10061.0,9974.533
2017-11-12 13:00:00,10140.0,10044.548
2017-11-12 14:00:00,10097.0,10119.47
2017-11-12 15:00:00,10042.0,10064.383
2017-11-12 16:00:00,10060.0,10094.466
2017-11-12 17:00:00,10551.0,10517.577
2017-11-12 18:00:00,10888.0,11004.74
2017-11-12 19:00:00,10843.0,10929.078
2017-11-12 20:00:00,10729.0,10767.339
2017-11-12 21:00:00,10544.0,10532.438
2017-11-12 22:00:00,10162.0,10247.992
2017-11-12 23:00:00,9654.0,9627.44
2017-11-13 00:00:00,9221.0,9138.872
2017-11-13 01:00:00,8975.0,8833.827
2017-11-13 02:00:00,8870.0,8758.058
2017-11-13 03:00:00,8819.0,8799.12
2017-11-13 04:00:00,8991.0,8926.48
2017-11-13 05:00:00,9319.0,9336.183
2017-11-13 06:00:00,10149.0,10148.539
2017-11-13 07:00:00,11229.0,11190.745
2017-11-13 08:00:00,11705.0,11735.471
2017-11-13 09:00:00,11723.0,11731.722
2017-11-13 10:00:00,11745.0,11734.915
2017-11-13 11:00:00,11768.0,11737.745
2017-11-13 12:00:00,11747.0,11766.117
2017-11-13 13:00:00,11776.0,11749.822
2017-11-13 14:00:00,11822.0,11807.581
2017-11-13 15:00:00,11758.0,11812.229
2017-11-13 16:00:00,11764.0,11755.018
2017-11-13 17:00:00,12159.0,12144.857
2017-11-13 18:00:00,12516.0,12539.849
2017-11-13 19:00:00,12307.0,12443.509
2017-11-13 20:00:00,12103.0,12149.663
2017-11-13 21:00:00,11835.0,11783.032
2017-11-13 22:00:00,11331.0,11300.236
2017-11-13 23:00:00,10647.0,10568.619
2017-11-14 00:00:00,10043.0,9937.468
2017-11-14 01:00:00,9701.0,9612.89
2017-11-14 02:00:00,9459.0,9411.355
2017-11-14 03:00:00,9356.0,9341.872
2017-11-14 04:00:00,9344.0,9415.674
2017-11-14 05:00:00,9638.0,9648.408
2017-11-14 06:00:00,10409.0,10421.347
2017-11-14 07:00:00,11428.0,11511.66
2017-11-14 08:00:00,11718.0,11869.068
2017-11-14 09:00:00,11796.0,11812.521
2017-11-14 10:00:00,11782.0,11832.646
2017-11-14 11:00:00,11749.0,11789.96
2017-11-14 12:00:00,11719.0,11752.554
2017-11-14 13:00:00,11701.0,11694.161
2017-11-14 14:00:00,11725.0,11713.4
2017-11-14 15:00:00,11643.0,11662.165
2017-11-14 16:00:00,11668.0,11646.8545
2017-11-14 17:00:00,12031.0,12102.063
2017-11-14 18:00:00,12285.0,12484.573
2017-11-14 19:00:00,12069.0,12226.959
2017-11-14 20:00:00,11824.0,11973.148
2017-11-14 21:00:00,11498.0,11554.268
2017-11-14 22:00:00,10983.0,11075.428
2017-11-14 23:00:00,10260.0,10249.849
2017-11-15 00:00:00,9634.0,9573.757
2017-11-15 01:00:00,9219.0,9138.786
2017-11-15 02:00:00,8943.0,8910.121
2017-11-15 03:00:00,8796.0,8762.365
2017-11-15 04:00:00,8813.0,8793.881
2017-11-15 05:00:00,9083.0,9077.38
2017-11-15 06:00:00,9816.0,9778.336
2017-11-15 07:00:00,10826.0,10828.422
2017-11-15 08:00:00,11499.0,11378.009
2017-11-15 09:00:00,11803.0,11648.558
2017-11-15 10:00:00,11858.0,11896.377
2017-11-15 11:00:00,11939.0,11896.463
2017-11-15 12:00:00,11890.0,11913.361
2017-11-15 13:00:00,11802.0,11825.051
2017-11-15 14:00:00,11741.0,11790.186
2017-11-15 15:00:00,11563.0,11624.936
2017-11-15 16:00:00,11429.0,11480.76
2017-11-15 17:00:00,11740.0,11750.054
2017-11-15 18:00:00,12213.0,12192.942
2017-11-15 19:00:00,12078.0,12126.595
2017-11-15 20:00:00,11967.0,11887.8545
2017-11-15 21:00:00,11754.0,11686.38
2017-11-15 22:00:00,11329.0,11225.046
2017-11-15 23:00:00,10644.0,10564.383
2017-11-16 00:00:00,9993.0,9918.498
2017-11-16 01:00:00,9588.0,9511.1045
2017-11-16 02:00:00,9325.0,9338.273
2017-11-16 03:00:00,9207.0,9202.434
2017-11-16 04:00:00,9190.0,9247.59
2017-11-16 05:00:00,9483.0,9433.589
2017-11-16 06:00:00,10234.0,10232.709
2017-11-16 07:00:00,11268.0,11382.691
2017-11-16 08:00:00,11741.0,11783.339
2017-11-16 09:00:00,11974.0,11886.532
2017-11-16 10:00:00,12008.0,12031.69
2017-11-16 11:00:00,12071.0,12027.886
2017-11-16 12:00:00,11980.0,12033.653
2017-11-16 13:00:00,11919.0,11867.055
2017-11-16 14:00:00,11936.0,11872.539
2017-11-16 15:00:00,11896.0,11866.605
2017-11-16 16:00:00,11976.0,11879.883
2017-11-16 17:00:00,12439.0,12514.085
2017-11-16 18:00:00,12634.0,12898.631
2017-11-16 19:00:00,12389.0,12572.495
2017-11-16 20:00:00,12133.0,12244.78
2017-11-16 21:00:00,11808.0,11813.328
2017-11-16 22:00:00,11360.0,11337.335
2017-11-16 23:00:00,10643.0,10667.641
2017-11-17 00:00:00,9993.0,9889.06
2017-11-17 01:00:00,9584.0,9491.652
2017-11-17 02:00:00,9307.0,9357.543
2017-11-17 03:00:00,9223.0,9226.546
2017-11-17 04:00:00,9244.0,9267.927
2017-11-17 05:00:00,9527.0,9461.988
2017-11-17 06:00:00,10256.0,10183.734
2017-11-17 07:00:00,11295.0,11347.591
2017-11-17 08:00:00,11681.0,11779.912
2017-11-17 09:00:00,11867.0,11816.919
2017-11-17 10:00:00,11930.0,11898.383
2017-11-17 11:00:00,11977.0,11930.256
2017-11-17 12:00:00,11897.0,11919.266
2017-11-17 13:00:00,11787.0,11789.694
2017-11-17 14:00:00,11821.0,11723.359
2017-11-17 15:00:00,11834.0,11802.905
2017-11-17 16:00:00,11828.0,11842.976
2017-11-17 17:00:00,12186.0,12275.487
2017-11-17 18:00:00,12199.0,12673.1045
2017-11-17 19:00:00,11973.0,12082.991
2017-11-17 20:00:00,11714.0,11849.19
2017-11-17 21:00:00,11432.0,11455.472
2017-11-17 22:00:00,10925.0,11065.271
2017-11-17 23:00:00,10310.0,10286.163
2017-11-18 00:00:00,9645.0,9667.728
2017-11-18 01:00:00,9171.0,9131.741
2017-11-18 02:00:00,8829.0,8870.072
2017-11-18 03:00:00,8635.0,8615.51
2017-11-18 04:00:00,8553.0,8537.705
2017-11-18 05:00:00,8639.0,8595.246
2017-11-18 06:00:00,8990.0,9013.138
2017-11-18 07:00:00,9534.0,9353.902
2017-11-18 08:00:00,10027.0,9883.744
2017-11-18 09:00:00,10522.0,10404.53
2017-11-18 10:00:00,10928.0,10737.4795
2017-11-18 11:00:00,11149.0,11088.131
2017-11-18 12:00:00,11147.0,11205.322
2017-11-18 13:00:00,11108.0,11094.188
2017-11-18 14:00:00,10995.0,11022.192
2017-11-18 15:00:00,10899.0,10914.844
2017-11-18 16:00:00,10909.0,10872.892
2017-11-18 17:00:00,11198.0,11248.839
2017-11-18 18:00:00,11394.0,11488.159
2017-11-18 19:00:00,11243.0,11452.048
2017-11-18 20:00:00,11080.0,11099.394
2017-11-18 21:00:00,10825.0,10929.9795
2017-11-18 22:00:00,10563.0,10536.78
2017-11-18 23:00:00,10070.0,9958.417
2017-11-19 00:00:00,9595.0,9498.725
2017-11-19 01:00:00,9237.0,9122.787
2017-11-19 02:00:00,8985.0,8890.397
2017-11-19 03:00:00,8885.0,8767.873
2017-11-19 04:00:00,8852.0,8811.722
2017-11-19 05:00:00,8922.0,8940.209
2017-11-19 06:00:00,9110.0,9129.755
2017-11-19 07:00:00,9407.0,9354.843
2017-11-19 08:00:00,9463.0,9697.767
2017-11-19 09:00:00,9685.0,9641.636
2017-11-19 10:00:00,9800.0,9891.675
2017-11-19 11:00:00,9911.0,9866.126
2017-11-19 12:00:00,9904.0,9950.22
2017-11-19 13:00:00,9902.0,9880.979
2017-11-19 14:00:00,9847.0,9882.636
2017-11-19 15:00:00,9845.0,9813.659
2017-11-19 16:00:00,9969.0,9919.68
2017-11-19 17:00:00,10614.0,10583.512
2017-11-19 18:00:00,11191.0,11076.393
2017-11-19 19:00:00,11286.0,11216.773
2017-11-19 20:00:00,11262.0,11193.767
2017-11-19 21:00:00,11050.0,11070.939
2017-11-19 22:00:00,10783.0,10667.434
2017-11-19 23:00:00,10297.0,10228.384
2017-11-20 00:00:00,9858.0,9793.272
2017-11-20 01:00:00,9527.0,9470.368
2017-11-20 02:00:00,9405.0,9313.588
2017-11-20 03:00:00,9328.0,9343.469
2017-11-20 04:00:00,9382.0,9407.978
2017-11-20 05:00:00,9699.0,9730.707
2017-11-20 06:00:00,10414.0,10459.252
2017-11-20 07:00:00,11433.0,11478.996
2017-11-20 08:00:00,11797.0,11894.439
2017-11-20 09:00:00,11797.0,11932.238
2017-11-20 10:00:00,11776.0,11791.855
2017-11-20 11:00:00,11731.0,11782.981
2017-11-20 12:00:00,11616.0,11708.32
2017-11-20 13:00:00,11489.0,11567.1045
2017-11-20 14:00:00,11418.0,11492.867
2017-11-20 15:00:00,11301.0,11327.729
2017-11-20 16:00:00,11257.0,11315.572
2017-11-20 17:00:00,11778.0,11677.251
2017-11-20 18:00:00,12240.0,12356.8955
2017-11-20 19:00:00,12080.0,12182.198
2017-11-20 20:00:00,11891.0,11932.492
2017-11-20 21:00:00,11644.0,11657.82
2017-11-20 22:00:00,11173.0,11202.627
2017-11-20 23:00:00,10509.0,10478.135
2017-11-21 00:00:00,9888.0,9777.67
2017-11-21 01:00:00,9447.0,9412.895
2017-11-21 02:00:00,9189.0,9161.39
2017-11-21 03:00:00,9028.0,9061.825
2017-11-21 04:00:00,9025.0,9023.814
2017-11-21 05:00:00,9279.0,9276.634
2017-11-21 06:00:00,10012.0,9914.637
2017-11-21 07:00:00,10988.0,10990.083
2017-11-21 08:00:00,11405.0,11493.304
2017-11-21 09:00:00,11717.0,11491.383
2017-11-21 10:00:00,11850.0,11795.89
2017-11-21 11:00:00,11990.0,11907.005
2017-11-21 12:00:00,11948.0,11972.53
2017-11-21 13:00:00,11974.0,11895.478
2017-11-21 14:00:00,12018.0,11968.544
2017-11-21 15:00:00,11914.0,12043.371
2017-11-21 16:00:00,11812.0,11890.092
2017-11-21 17:00:00,12299.0,12141.572
2017-11-21 18:00:00,12643.0,12776.904
2017-11-21 19:00:00,12417.0,12506.861
2017-11-21 20:00:00,12254.0,12288.278
2017-11-21 21:00:00,12029.0,11961.912
2017-11-21 22:00:00,11565.0,11538.226
2017-11-21 23:00:00,11008.0,10871.57
2017-11-22 00:00:00,10412.0,10274.56
2017-11-22 01:00:00,9991.0,9903.901
2017-11-22 02:00:00,9785.0,9749.39
2017-11-22 03:00:00,9667.0,9674.234
2017-11-22 04:00:00,9670.0,9681.683
2017-11-22 05:00:00,9959.0,9923.566
2017-11-22 06:00:00,10639.0,10690.992
2017-11-22 07:00:00,11494.0,11667.431
2017-11-22 08:00:00,11814.0,11930.397
2017-11-22 09:00:00,11923.0,11959.132
2017-11-22 10:00:00,11976.0,11919.63
2017-11-22 11:00:00,11945.0,12006.356
2017-11-22 12:00:00,11840.0,11874.287
2017-11-22 13:00:00,11721.0,11713.258
2017-11-22 14:00:00,11611.0,11657.606
2017-11-22 15:00:00,11463.0,11502.419
2017-11-22 16:00:00,11536.0,11456.927
2017-11-22 17:00:00,12096.0,12072.366
2017-11-22 18:00:00,12445.0,12621.249
2017-11-22 19:00:00,12207.0,12372.829
2017-11-22 20:00:00,11968.0,12125.017
2017-11-22 21:00:00,11706.0,11727.568
2017-11-22 22:00:00,11290.0,11270.078
2017-11-22 23:00:00,10612.0,10633.818
2017-11-23 00:00:00,9998.0,9942.544
2017-11-23 01:00:00,9513.0,9550.17
2017-11-23 02:00:00,9187.0,9212.212
2017-11-23 03:00:00,8968.0,9011.809
2017-11-23 04:00:00,8891.0,8906.33
2017-11-23 05:00:00,8936.0,9077.537
2017-11-23 06:00:00,9081.0,9563.018
2017-11-23 07:00:00,9274.0,9739.802
2017-11-23 08:00:00,9240.0,9676.197
2017-11-23 09:00:00,9344.0,9434.488
2017-11-23 10:00:00,9388.0,9525.804
2017-11-23 11:00:00,9467.0,9466.625
2017-11-23 12:00:00,9470.0,9463.616
2017-11-23 13:00:00,9357.0,9411.156
2017-11-23 14:00:00,9151.0,9270.621
2017-11-23 15:00:00,8953.0,9089.703
2017-11-23 16:00:00,8901.0,9031.503
2017-11-23 17:00:00,9261.0,9163.262
2017-11-23 18:00:00,9609.0,9393.527
2017-11-23 19:00:00,9549.0,9658.999
2017-11-23 20:00:00,9504.0,9479.127
2017-11-23 21:00:00,9483.0,9476.24
2017-11-23 22:00:00,9378.0,9332.217
2017-11-23 23:00:00,9140.0,9065.94
2017-11-24 00:00:00,8860.0,8727.357
2017-11-24 01:00:00,8644.0,8510.558
2017-11-24 02:00:00,8477.0,8434.415
2017-11-24 03:00:00,8397.0,8375.212
2017-11-24 04:00:00,8405.0,8423.996
2017-11-24 05:00:00,8567.0,8590.724
2017-11-24 06:00:00,8975.0,9187.211
2017-11-24 07:00:00,9399.0,9720.31
2017-11-24 08:00:00,9446.0,9916.885
2017-11-24 09:00:00,9538.0,9747.71
2017-11-24 10:00:00,9564.0,9742.711
2017-11-24 11:00:00,9549.0,9592.891
2017-11-24 12:00:00,9532.0,9513.777
2017-11-24 13:00:00,9487.0,9532.802
2017-11-24 14:00:00,9419.0,9506.371
2017-11-24 15:00:00,9369.0,9432.126
2017-11-24 16:00:00,9386.0,9467.149
2017-11-24 17:00:00,9932.0,9894.037
2017-11-24 18:00:00,10420.0,10464.41
2017-11-24 19:00:00,10294.0,10559.729
2017-11-24 20:00:00,10169.0,10258.023
2017-11-24 21:00:00,9938.0,10124.016
2017-11-24 22:00:00,9656.0,9722.274
2017-11-24 23:00:00,9162.0,9413.111
2017-11-25 00:00:00,8733.0,8694.365
2017-11-25 01:00:00,8310.0,8349.475
2017-11-25 02:00:00,8076.0,8084.8037
2017-11-25 03:00:00,7940.0,7942.293
2017-11-25 04:00:00,7910.0,7914.1777
2017-11-25 05:00:00,8045.0,8044.1045
2017-11-25 06:00:00,8327.0,8297.048
2017-11-25 07:00:00,8737.0,8650.675
2017-11-25 08:00:00,8913.0,9040.453
2017-11-25 09:00:00,9185.0,9215.924
2017-11-25 10:00:00,9370.0,9400.265
2017-11-25 11:00:00,9453.0,9531.856
2017-11-25 12:00:00,9444.0,9491.186
2017-11-25 13:00:00,9387.0,9412.071
2017-11-25 14:00:00,9226.0,9364.773
2017-11-25 15:00:00,9119.0,9234.383
2017-11-25 16:00:00,9211.0,9212.598
2017-11-25 17:00:00,9765.0,9713.335
2017-11-25 18:00:00,10334.0,10420.91
2017-11-25 19:00:00,10377.0,10528.136
2017-11-25 20:00:00,10279.0,10431.748
2017-11-25 21:00:00,10190.0,10169.96
2017-11-25 22:00:00,9960.0,9963.275
2017-11-25 23:00:00,9594.0,9442.982
2017-11-26 00:00:00,9130.0,9076.579
2017-11-26 01:00:00,8832.0,8674.237
2017-11-26 02:00:00,8631.0,8560.144
2017-11-26 03:00:00,8510.0,8390.123
2017-11-26 04:00:00,8478.0,8363.355
2017-11-26 05:00:00,8576.0,8463.901
2017-11-26 06:00:00,8738.0,8784.979
2017-11-26 07:00:00,9045.0,8996.6455
2017-11-26 08:00:00,9070.0,9347.324
2017-11-26 09:00:00,9156.0,9283.752
2017-11-26 10:00:00,9278.0,9338.444
2017-11-26 11:00:00,9318.0,9420.644
2017-11-26 12:00:00,9329.0,9440.596
2017-11-26 13:00:00,9269.0,9374.829
2017-11-26 14:00:00,9154.0,9262.125
2017-11-26 15:00:00,9089.0,9155.14
2017-11-26 16:00:00,9229.0,9167.374
2017-11-26 17:00:00,9900.0,9821.764
2017-11-26 18:00:00,10605.0,10579.187
2017-11-26 19:00:00,10596.0,10649.211
2017-11-26 20:00:00,10458.0,10574.742
2017-11-26 21:00:00,10265.0,10322.641
2017-11-26 22:00:00,9891.0,9995.994
2017-11-26 23:00:00,9378.0,9414.65
2017-11-27 00:00:00,8900.0,8911.422
2017-11-27 01:00:00,8666.0,8573.424
2017-11-27 02:00:00,8535.0,8469.703
2017-11-27 03:00:00,8470.0,8455.846
2017-11-27 04:00:00,8574.0,8570.1045
2017-11-27 05:00:00,8922.0,8958.71
2017-11-27 06:00:00,9741.0,9712.783
2017-11-27 07:00:00,10884.0,10792.136
2017-11-27 08:00:00,11338.0,11402.178
2017-11-27 09:00:00,11359.0,11428.212
2017-11-27 10:00:00,11255.0,11409.357
2017-11-27 11:00:00,11258.0,11248.993
2017-11-27 12:00:00,11167.0,11254.53
2017-11-27 13:00:00,11076.0,11109.954
2017-11-27 14:00:00,11100.0,11093.469
2017-11-27 15:00:00,11069.0,11065.72
2017-11-27 16:00:00,11067.0,11099.364
2017-11-27 17:00:00,11661.0,11440.714
2017-11-27 18:00:00,12097.0,12024.804
2017-11-27 19:00:00,11943.0,11998.648
2017-11-27 20:00:00,11757.0,11772.671
2017-11-27 21:00:00,11497.0,11451.397
2017-11-27 22:00:00,10962.0,11033.756
2017-11-27 23:00:00,10247.0,10213.065
2017-11-28 00:00:00,9554.0,9546.28
2017-11-28 01:00:00,9113.0,9049.095
2017-11-28 02:00:00,8804.0,8796.2
2017-11-28 03:00:00,8641.0,8651.24
2017-11-28 04:00:00,8621.0,8621.924
2017-11-28 05:00:00,8843.0,8820.034
2017-11-28 06:00:00,9542.0,9562.949
2017-11-28 07:00:00,10617.0,10518.277
2017-11-28 08:00:00,11035.0,11111.076
2017-11-28 09:00:00,11271.0,11164.441
2017-11-28 10:00:00,11353.0,11343.185
2017-11-28 11:00:00,11337.0,11409.762
2017-11-28 12:00:00,11314.0,11316.632
2017-11-28 13:00:00,11275.0,11300.784
2017-11-28 14:00:00,11321.0,11284.926
2017-11-28 15:00:00,11253.0,11293.372
2017-11-28 16:00:00,11350.0,11233.31
2017-11-28 17:00:00,11887.0,11757.7295
2017-11-28 18:00:00,12054.0,12190.127
2017-11-28 19:00:00,11847.0,11914.802
2017-11-28 20:00:00,11642.0,11644.686
2017-11-28 21:00:00,11418.0,11323.979
2017-11-28 22:00:00,10888.0,10943.412
2017-11-28 23:00:00,10184.0,10160.482
2017-11-29 00:00:00,9541.0,9478.394
2017-11-29 01:00:00,9112.0,9050.39
2017-11-29 02:00:00,8905.0,8786.9375
2017-11-29 03:00:00,8805.0,8723.4
2017-11-29 04:00:00,8812.0,8797.834
2017-11-29 05:00:00,9100.0,9074.51
2017-11-29 06:00:00,9912.0,9830.194
2017-11-29 07:00:00,10988.0,10899.998
2017-11-29 08:00:00,11412.0,11479.134
2017-11-29 09:00:00,11424.0,11546.313
2017-11-29 10:00:00,11395.0,11452.316
2017-11-29 11:00:00,11442.0,11411.646
2017-11-29 12:00:00,11332.0,11427.974
2017-11-29 13:00:00,11268.0,11280.23
2017-11-29 14:00:00,11302.0,11255.891
2017-11-29 15:00:00,11164.0,11296.331
2017-11-29 16:00:00,11173.0,11099.591
2017-11-29 17:00:00,11797.0,11550.101
2017-11-29 18:00:00,12318.0,12271.345
2017-11-29 19:00:00,12171.0,12128.108
2017-11-29 20:00:00,11998.0,11911.929
2017-11-29 21:00:00,11681.0,11659.237
2017-11-29 22:00:00,11148.0,11148.885
2017-11-29 23:00:00,10391.0,10339.787
2017-11-30 00:00:00,9701.0,9674.756
2017-11-30 01:00:00,9205.0,9198.89
2017-11-30 02:00:00,8909.0,8901.831
2017-11-30 03:00:00,8799.0,8738.469
2017-11-30 04:00:00,8745.0,8801.414
2017-11-30 05:00:00,9015.0,9007.279
2017-11-30 06:00:00,9767.0,9767.464
2017-11-30 07:00:00,10842.0,10856.4795
2017-11-30 08:00:00,11342.0,11377.771
2017-11-30 09:00:00,11368.0,11423.083
2017-11-30 10:00:00,11333.0,11368.983
2017-11-30 11:00:00,11339.0,11308.381
2017-11-30 12:00:00,11243.0,11288.849
2017-11-30 13:00:00,11171.0,11178.757
2017-11-30 14:00:00,11174.0,11143.705
2017-11-30 15:00:00,11054.0,11141.653
2017-11-30 16:00:00,11035.0,11007.118
2017-11-30 17:00:00,11570.0,11357.027
2017-11-30 18:00:00,12100.0,11978.883
2017-11-30 19:00:00,11966.0,11948.144
2017-11-30 20:00:00,11838.0,11780.464
2017-11-30 21:00:00,11629.0,11565.063
2017-11-30 22:00:00,11139.0,11154.539
2017-11-30 23:00:00,10447.0,10434.536
2017-12-01 00:00:00,9791.0,9753.316
2017-12-01 01:00:00,9385.0,9268.069
2017-12-01 02:00:00,9100.0,9068.682
2017-12-01 03:00:00,9005.0,8965.7295
2017-12-01 04:00:00,9036.0,9000.586
2017-12-01 05:00:00,9328.0,9263.198
2017-12-01 06:00:00,10042.0,10028.835
2017-12-01 07:00:00,11134.0,11070.025
2017-12-01 08:00:00,11521.0,11570.443
2017-12-01 09:00:00,11524.0,11573.207
2017-12-01 10:00:00,11404.0,11509.892
2017-12-01 11:00:00,11312.0,11363.023
2017-12-01 12:00:00,11195.0,11239.546
2017-12-01 13:00:00,11075.0,11088.069
2017-12-01 14:00:00,11032.0,11018.331
2017-12-01 15:00:00,10908.0,10949.981
2017-12-01 16:00:00,10848.0,10896.185
2017-12-01 17:00:00,11465.0,11321.763
2017-12-01 18:00:00,11953.0,11921.577
2017-12-01 19:00:00,11823.0,11950.508
2017-12-01 20:00:00,11655.0,11746.446
2017-12-01 21:00:00,11457.0,11450.986
2017-12-01 22:00:00,11119.0,11109.538
2017-12-01 23:00:00,10491.0,10526.655
2017-12-02 00:00:00,9816.0,9834.257
2017-12-02 01:00:00,9383.0,9256.907
2017-12-02 02:00:00,9051.0,9063.319
2017-12-02 03:00:00,8891.0,8890.413
2017-12-02 04:00:00,8785.0,8853.805
2017-12-02 05:00:00,8858.0,8882.496
2017-12-02 06:00:00,9132.0,9117.895
2017-12-02 07:00:00,9655.0,9558.983
2017-12-02 08:00:00,9794.0,9878.699
2017-12-02 09:00:00,10021.0,9922.242
2017-12-02 10:00:00,9995.0,10171.803
2017-12-02 11:00:00,9982.0,9989.14
2017-12-02 12:00:00,9886.0,9899.519
2017-12-02 13:00:00,9749.0,9797.574
2017-12-02 14:00:00,9584.0,9629.143
2017-12-02 15:00:00,9436.0,9483.305
2017-12-02 16:00:00,9512.0,9492.766
2017-12-02 17:00:00,10153.0,10062.2
2017-12-02 18:00:00,10718.0,10729.416
2017-12-02 19:00:00,10646.0,10817.197
2017-12-02 20:00:00,10578.0,10522.892
2017-12-02 21:00:00,10440.0,10398.456
2017-12-02 22:00:00,10210.0,10189.98
2017-12-02 23:00:00,9814.0,9786.903
2017-12-03 00:00:00,9285.0,9230.252
2017-12-03 01:00:00,8917.0,8818.296
2017-12-03 02:00:00,8636.0,8664.786
2017-12-03 03:00:00,8530.0,8453.13
2017-12-03 04:00:00,8457.0,8437.533
2017-12-03 05:00:00,8542.0,8542.37
2017-12-03 06:00:00,8728.0,8753.993
2017-12-03 07:00:00,9010.0,8938.171
2017-12-03 08:00:00,9024.0,9129.376
2017-12-03 09:00:00,9168.0,9133.399
2017-12-03 10:00:00,9199.0,9249.732
2017-12-03 11:00:00,9224.0,9307.007
2017-12-03 12:00:00,9211.0,9266.558
2017-12-03 13:00:00,9151.0,9228.674
2017-12-03 14:00:00,9121.0,9142.723
2017-12-03 15:00:00,9054.0,9091.494
2017-12-03 16:00:00,9189.0,9137.049
2017-12-03 17:00:00,9973.0,9827.115
2017-12-03 18:00:00,10603.0,10687.986
2017-12-03 19:00:00,10662.0,10579.578
2017-12-03 20:00:00,10619.0,10571.4
2017-12-03 21:00:00,10441.0,10428.906
2017-12-03 22:00:00,10050.0,10137.3125
2017-12-03 23:00:00,9543.0,9557.4795
2017-12-04 00:00:00,8993.0,9017.184
2017-12-04 01:00:00,8583.0,8624.184
2017-12-04 02:00:00,8358.0,8381.89
2017-12-04 03:00:00,8286.0,8284.629
2017-12-04 04:00:00,8296.0,8329.448
2017-12-04 05:00:00,8623.0,8631.977
2017-12-04 06:00:00,9336.0,9415.312
2017-12-04 07:00:00,10468.0,10500.63
2017-12-04 08:00:00,10989.0,11003.293
2017-12-04 09:00:00,11092.0,11166.875
2017-12-04 10:00:00,11145.0,11176.384
2017-12-04 11:00:00,11206.0,11226.253
2017-12-04 12:00:00,11158.0,11224.436
2017-12-04 13:00:00,11132.0,11111.732
2017-12-04 14:00:00,11136.0,11145.066
2017-12-04 15:00:00,11111.0,11092.969
2017-12-04 16:00:00,11158.0,11124.765
2017-12-04 17:00:00,11787.0,11662.597
2017-12-04 18:00:00,12084.0,12168.237
2017-12-04 19:00:00,11910.0,11999.667
2017-12-04 20:00:00,11704.0,11744.103
2017-12-04 21:00:00,11394.0,11418.878
2017-12-04 22:00:00,10855.0,10909.781
2017-12-04 23:00:00,10058.0,10060.235
2017-12-05 00:00:00,9390.0,9343.602
2017-12-05 01:00:00,8990.0,8917.541
2017-12-05 02:00:00,8802.0,8702.256
2017-12-05 03:00:00,8765.0,8692.824
2017-12-05 04:00:00,8823.0,8762.714
2017-12-05 05:00:00,9121.0,9111.173
2017-12-05 06:00:00,9935.0,9953.775
2017-12-05 07:00:00,11133.0,11055.393
2017-12-05 08:00:00,11727.0,11677.307
2017-12-05 09:00:00,11890.0,11808.466
2017-12-05 10:00:00,11944.0,11956.468
2017-12-05 11:00:00,11990.0,11980.81
2017-12-05 12:00:00,11983.0,11947.348
2017-12-05 13:00:00,11968.0,11997.573
2017-12-05 14:00:00,12035.0,11992.17
2017-12-05 15:00:00,12000.0,12053.71
2017-12-05 16:00:00,12019.0,12059.71
2017-12-05 17:00:00,12739.0,12578.742
2017-12-05 18:00:00,13296.0,13166.1
2017-12-05 19:00:00,13093.0,13124.972
2017-12-05 20:00:00,12911.0,12789.541
2017-12-05 21:00:00,12649.0,12577.3955
2017-12-05 22:00:00,12127.0,12071.773
2017-12-05 23:00:00,11388.0,11304.401
2017-12-06 00:00:00,10651.0,10607.559
2017-12-06 01:00:00,10153.0,10065.577
2017-12-06 02:00:00,9888.0,9795.623
2017-12-06 03:00:00,9732.0,9712.399
2017-12-06 04:00:00,9708.0,9745.638
2017-12-06 05:00:00,9897.0,9991.061
2017-12-06 06:00:00,10629.0,10626.967
2017-12-06 07:00:00,11726.0,11815.924
2017-12-06 08:00:00,12152.0,12206.132
2017-12-06 09:00:00,12150.0,12202.884
2017-12-06 10:00:00,12146.0,12095.699
2017-12-06 11:00:00,12186.0,12128.237
2017-12-06 12:00:00,12131.0,12160.419
2017-12-06 13:00:00,12023.0,12038.621
2017-12-06 14:00:00,12006.0,12007.676
2017-12-06 15:00:00,11901.0,11920.925
2017-12-06 16:00:00,11980.0,11934.748
2017-12-06 17:00:00,12722.0,12733.963
2017-12-06 18:00:00,13306.0,13239.788
2017-12-06 19:00:00,13194.0,13152.078
2017-12-06 20:00:00,13021.0,12970.783
2017-12-06 21:00:00,12786.0,12714.902
2017-12-06 22:00:00,12265.0,12284.409
2017-12-06 23:00:00,11471.0,11441.251
2017-12-07 00:00:00,10738.0,10674.983
2017-12-07 01:00:00,10229.0,10198.556
2017-12-07 02:00:00,10016.0,9935.941
2017-12-07 03:00:00,9906.0,9842.063
2017-12-07 04:00:00,9975.0,9965.16
2017-12-07 05:00:00,10263.0,10272.234
2017-12-07 06:00:00,11025.0,11070.127
2017-12-07 07:00:00,12125.0,12096.877
2017-12-07 08:00:00,12571.0,12509.965
2017-12-07 09:00:00,12700.0,12619.13
2017-12-07 10:00:00,12831.0,12666.62
2017-12-07 11:00:00,12901.0,12883.135
2017-12-07 12:00:00,12734.0,12861.078
2017-12-07 13:00:00,12504.0,12605.908
2017-12-07 14:00:00,12404.0,12421.227
2017-12-07 15:00:00,12315.0,12312.267
2017-12-07 16:00:00,12328.0,12402.74
2017-12-07 17:00:00,13078.0,13062.527
2017-12-07 18:00:00,13645.0,13673.335
2017-12-07 19:00:00,13534.0,13475.538
2017-12-07 20:00:00,13382.0,13325.805
2017-12-07 21:00:00,13157.0,13101.972
2017-12-07 22:00:00,12678.0,12595.867
2017-12-07 23:00:00,11910.0,11869.402
2017-12-08 00:00:00,11183.0,11095.801
2017-12-08 01:00:00,10721.0,10579.506
2017-12-08 02:00:00,10445.0,10420.847
2017-12-08 03:00:00,10318.0,10277.083
2017-12-08 04:00:00,10338.0,10327.282
2017-12-08 05:00:00,10635.0,10585.384
2017-12-08 06:00:00,11294.0,11426.041
2017-12-08 07:00:00,12364.0,12192.415
2017-12-08 08:00:00,12763.0,12810.312
2017-12-08 09:00:00,12737.0,12750.516
2017-12-08 10:00:00,12603.0,12687.966
2017-12-08 11:00:00,12549.0,12533.398
2017-12-08 12:00:00,12369.0,12386.085
2017-12-08 13:00:00,12201.0,12195.812
2017-12-08 14:00:00,12042.0,12063.774
2017-12-08 15:00:00,11897.0,11905.264
2017-12-08 16:00:00,11878.0,11959.312
2017-12-08 17:00:00,12631.0,12610.675
2017-12-08 18:00:00,13191.0,13226.16
2017-12-08 19:00:00,13077.0,13112.034
2017-12-08 20:00:00,12885.0,12865.922
2017-12-08 21:00:00,12642.0,12627.755
2017-12-08 22:00:00,12224.0,12173.934
2017-12-08 23:00:00,11452.0,11575.619
2017-12-09 00:00:00,10743.0,10729.559
2017-12-09 01:00:00,10286.0,10210.247
2017-12-09 02:00:00,9943.0,9986.52
2017-12-09 03:00:00,9818.0,9806.047
2017-12-09 04:00:00,9668.0,9764.049
2017-12-09 05:00:00,9772.0,9762.713
2017-12-09 06:00:00,10058.0,9990.53
2017-12-09 07:00:00,10573.0,10415.398
2017-12-09 08:00:00,10873.0,10842.6455
2017-12-09 09:00:00,11247.0,11118.736
2017-12-09 10:00:00,11520.0,11367.387
2017-12-09 11:00:00,11559.0,11605.827
2017-12-09 12:00:00,11575.0,11446.853
2017-12-09 13:00:00,11421.0,11460.426
2017-12-09 14:00:00,11304.0,11256.328
2017-12-09 15:00:00,11276.0,11244.186
2017-12-09 16:00:00,11313.0,11361.126
2017-12-09 17:00:00,11985.0,12049.546
2017-12-09 18:00:00,12422.0,12581.773
2017-12-09 19:00:00,12387.0,12375.189
2017-12-09 20:00:00,12232.0,12278.275
2017-12-09 21:00:00,12086.0,12003.884
2017-12-09 22:00:00,11806.0,11787.222
2017-12-09 23:00:00,11290.0,11243.6875
2017-12-10 00:00:00,10717.0,10583.26
2017-12-10 01:00:00,10315.0,10205.011
2017-12-10 02:00:00,10020.0,10005.535
2017-12-10 03:00:00,9844.0,9838.138
2017-12-10 04:00:00,9710.0,9743.257
2017-12-10 05:00:00,9784.0,9756.333
2017-12-10 06:00:00,9935.0,9967.477
2017-12-10 07:00:00,10224.0,10231.989
2017-12-10 08:00:00,10271.0,10418.818
2017-12-10 09:00:00,10454.0,10435.875
2017-12-10 10:00:00,10426.0,10579.548
2017-12-10 11:00:00,10513.0,10425.649
2017-12-10 12:00:00,10462.0,10434.959
2017-12-10 13:00:00,10417.0,10397.537
2017-12-10 14:00:00,10408.0,10317.639
2017-12-10 15:00:00,10580.0,10394.434
2017-12-10 16:00:00,10723.0,10773.302
2017-12-10 17:00:00,11472.0,11376.541
2017-12-10 18:00:00,12017.0,12159.726
2017-12-10 19:00:00,12048.0,12029.569
2017-12-10 20:00:00,11998.0,11949.511
2017-12-10 21:00:00,11779.0,11803.48
2017-12-10 22:00:00,11388.0,11363.411
2017-12-10 23:00:00,10755.0,10854.544
2017-12-11 00:00:00,10198.0,10174.539
2017-12-11 01:00:00,9913.0,9750.904
2017-12-11 02:00:00,9694.0,9697.985
2017-12-11 03:00:00,9612.0,9620.979
2017-12-11 04:00:00,9693.0,9686.21
2017-12-11 05:00:00,10055.0,10056.908
2017-12-11 06:00:00,10824.0,10821.454
2017-12-11 07:00:00,12013.0,11937.645
2017-12-11 08:00:00,12536.0,12558.067
2017-12-11 09:00:00,12660.0,12615.799
2017-12-11 10:00:00,12627.0,12716.968
2017-12-11 11:00:00,12677.0,12602.688
2017-12-11 12:00:00,12664.0,12614.997
2017-12-11 13:00:00,12546.0,12602.746
2017-12-11 14:00:00,12450.0,12513.531
2017-12-11 15:00:00,12430.0,12375.75
2017-12-11 16:00:00,12465.0,12535.88
2017-12-11 17:00:00,13140.0,13154.149
2017-12-11 18:00:00,13568.0,13674.681
2017-12-11 19:00:00,13481.0,13408.126
2017-12-11 20:00:00,13267.0,13278.288
2017-12-11 21:00:00,13018.0,12984.063
2017-12-11 22:00:00,12546.0,12453.89
2017-12-11 23:00:00,11708.0,11674.075
2017-12-12 00:00:00,10817.0,10904.727
2017-12-12 01:00:00,10350.0,10316.742
2017-12-12 02:00:00,10173.0,10032.151
2017-12-12 03:00:00,10085.0,10059.287
2017-12-12 04:00:00,10169.0,10177.92
2017-12-12 05:00:00,10532.0,10543.437
2017-12-12 06:00:00,11338.0,11253.495
2017-12-12 07:00:00,12505.0,12563.616
2017-12-12 08:00:00,12924.0,12950.323
2017-12-12 09:00:00,12899.0,12968.591
2017-12-12 10:00:00,12864.0,12856.728
2017-12-12 11:00:00,12837.0,12793.362
2017-12-12 12:00:00,12724.0,12733.715
2017-12-12 13:00:00,12676.0,12593.233
2017-12-12 14:00:00,12645.0,12673.796
2017-12-12 15:00:00,12553.0,12561.753
2017-12-12 16:00:00,12750.0,12580.91
2017-12-12 17:00:00,13505.0,13614.792
2017-12-12 18:00:00,14111.0,13905.414
2017-12-12 19:00:00,13984.0,14098.945
2017-12-12 20:00:00,13803.0,13830.154
2017-12-12 21:00:00,13510.0,13492.631
2017-12-12 22:00:00,12952.0,12989.081
2017-12-12 23:00:00,12158.0,12083.799
2017-12-13 00:00:00,11335.0,11363.103
2017-12-13 01:00:00,10825.0,10812.49
2017-12-13 02:00:00,10522.0,10542.027
2017-12-13 03:00:00,10385.0,10395.827
2017-12-13 04:00:00,10371.0,10413.252
2017-12-13 05:00:00,10634.0,10615.131
2017-12-13 06:00:00,11335.0,11388.563
2017-12-13 07:00:00,12414.0,12497.297
2017-12-13 08:00:00,13003.0,12961.312
2017-12-13 09:00:00,13033.0,13109.725
2017-12-13 10:00:00,13017.0,13068.508
2017-12-13 11:00:00,12981.0,12959.157
2017-12-13 12:00:00,12851.0,12857.921
2017-12-13 13:00:00,12725.0,12716.562
2017-12-13 14:00:00,12639.0,12660.792
2017-12-13 15:00:00,12634.0,12528.581
2017-12-13 16:00:00,12819.0,12663.628
2017-12-13 17:00:00,13490.0,13514.335
2017-12-13 18:00:00,13803.0,13914.054
2017-12-13 19:00:00,13684.0,13630.042
2017-12-13 20:00:00,13529.0,13405.551
2017-12-13 21:00:00,13219.0,13257.692
2017-12-13 22:00:00,12681.0,12706.633
2017-12-13 23:00:00,11784.0,11911.279
2017-12-14 00:00:00,11014.0,10972.944
2017-12-14 01:00:00,10516.0,10480.828
2017-12-14 02:00:00,10245.0,10230.66
2017-12-14 03:00:00,10166.0,10091.036
2017-12-14 04:00:00,10194.0,10179.277
2017-12-14 05:00:00,10555.0,10482.022
2017-12-14 06:00:00,11281.0,11216.821
2017-12-14 07:00:00,12388.0,12372.901
2017-12-14 08:00:00,12902.0,12843.593
2017-12-14 09:00:00,12906.0,12936.5625
2017-12-14 10:00:00,12860.0,12854.192
2017-12-14 11:00:00,12751.0,12794.107
2017-12-14 12:00:00,12571.0,12601.218
2017-12-14 13:00:00,12437.0,12363.579
2017-12-14 14:00:00,12438.0,12368.36
2017-12-14 15:00:00,12371.0,12399.033
2017-12-14 16:00:00,12503.0,12457.367
2017-12-14 17:00:00,13261.0,13307.201
2017-12-14 18:00:00,13746.0,13891.494
2017-12-14 19:00:00,13613.0,13574.9795
2017-12-14 20:00:00,13442.0,13365.262
2017-12-14 21:00:00,13205.0,13155.922
2017-12-14 22:00:00,12758.0,12649.605
2017-12-14 23:00:00,11976.0,11939.182
2017-12-15 00:00:00,11220.0,11132.581
2017-12-15 01:00:00,10720.0,10660.612
2017-12-15 02:00:00,10425.0,10390.508
2017-12-15 03:00:00,10253.0,10258.076
2017-12-15 04:00:00,10249.0,10242.789
2017-12-15 05:00:00,10519.0,10490.9795
2017-12-15 06:00:00,11208.0,11092.637
2017-12-15 07:00:00,12226.0,12259.804
2017-12-15 08:00:00,12856.0,12681.474
2017-12-15 09:00:00,12944.0,13017.235
2017-12-15 10:00:00,12929.0,12929.701
2017-12-15 11:00:00,12840.0,12866.105
2017-12-15 12:00:00,12598.0,12689.753
2017-12-15 13:00:00,12557.0,12440.018
2017-12-15 14:00:00,12522.0,12459.396
2017-12-15 15:00:00,12515.0,12456.052
2017-12-15 16:00:00,12568.0,12595.646
2017-12-15 17:00:00,13145.0,13323.8955
2017-12-15 18:00:00,13379.0,13605.8545
2017-12-15 19:00:00,13120.0,13215.8545
2017-12-15 20:00:00,12886.0,12907.863
2017-12-15 21:00:00,12569.0,12630.901
2017-12-15 22:00:00,12197.0,12161.467
2017-12-15 23:00:00,11462.0,11462.819
2017-12-16 00:00:00,10781.0,10735.106
2017-12-16 01:00:00,10210.0,10251.512
2017-12-16 02:00:00,9863.0,9924.098
2017-12-16 03:00:00,9562.0,9615.073
2017-12-16 04:00:00,9453.0,9538.609
2017-12-16 05:00:00,9580.0,9514.1
2017-12-16 06:00:00,9867.0,9826.93
2017-12-16 07:00:00,10281.0,10208.849
2017-12-16 08:00:00,10562.0,10540.659
2017-12-16 09:00:00,10764.0,10829.679
2017-12-16 10:00:00,10765.0,10907.314
2017-12-16 11:00:00,10718.0,10792.699
2017-12-16 12:00:00,10507.0,10625.883
2017-12-16 13:00:00,10343.0,10352.094
2017-12-16 14:00:00,10070.0,10211.6455
2017-12-16 15:00:00,9937.0,9978.73
2017-12-16 16:00:00,9983.0,9920.166
2017-12-16 17:00:00,10734.0,10612.303
2017-12-16 18:00:00,11433.0,11343.562
2017-12-16 19:00:00,11431.0,11482.8955
2017-12-16 20:00:00,11369.0,11303.022
2017-12-16 21:00:00,11192.0,11221.218
2017-12-16 22:00:00,10970.0,10862.88
2017-12-16 23:00:00,10500.0,10516.759
2017-12-17 00:00:00,9964.0,9980.258
2017-12-17 01:00:00,9528.0,9470.649
2017-12-17 02:00:00,9198.0,9209.906
2017-12-17 03:00:00,9002.0,9019.348
2017-12-17 04:00:00,8914.0,8949.784
2017-12-17 05:00:00,8948.0,8916.167
2017-12-17 06:00:00,9094.0,9162.466
2017-12-17 07:00:00,9385.0,9343.304
2017-12-17 08:00:00,9559.0,9566.978
2017-12-17 09:00:00,9815.0,9763.22
2017-12-17 10:00:00,10005.0,10046.981
2017-12-17 11:00:00,10202.0,10115.813
2017-12-17 12:00:00,10148.0,10254.812
2017-12-17 13:00:00,10080.0,10112.571
2017-12-17 14:00:00,9943.0,10038.86
2017-12-17 15:00:00,9960.0,9933.266
2017-12-17 16:00:00,10130.0,10088.05
2017-12-17 17:00:00,10851.0,10908.905
2017-12-17 18:00:00,11362.0,11528.94
2017-12-17 19:00:00,11366.0,11432.383
2017-12-17 20:00:00,11330.0,11294.78
2017-12-17 21:00:00,11126.0,11178.102
2017-12-17 22:00:00,10746.0,10788.328
2017-12-17 23:00:00,10161.0,10190.525
2017-12-18 00:00:00,9560.0,9567.278
2017-12-18 01:00:00,9159.0,9155.524
2017-12-18 02:00:00,8890.0,8904.75
2017-12-18 03:00:00,8822.0,8788.378
2017-12-18 04:00:00,8828.0,8855.457
2017-12-18 05:00:00,9148.0,9097.549
2017-12-18 06:00:00,9887.0,9868.712
2017-12-18 07:00:00,10995.0,10940.8545
2017-12-18 08:00:00,11710.0,11647.141
2017-12-18 09:00:00,11852.0,11918.953
2017-12-18 10:00:00,11843.0,11969.798
2017-12-18 11:00:00,11899.0,11880.561
2017-12-18 12:00:00,11851.0,11879.552
2017-12-18 13:00:00,11716.0,11819.778
2017-12-18 14:00:00,11578.0,11701.189
2017-12-18 15:00:00,11474.0,11461.536
2017-12-18 16:00:00,11460.0,11518.173
2017-12-18 17:00:00,12157.0,12016.545
2017-12-18 18:00:00,12798.0,12633.869
2017-12-18 19:00:00,12710.0,12725.418
2017-12-18 20:00:00,12567.0,12523.218
2017-12-18 21:00:00,12308.0,12299.672
2017-12-18 22:00:00,11800.0,11795.027
2017-12-18 23:00:00,11013.0,11009.512
2017-12-19 00:00:00,10256.0,10276.13
2017-12-19 01:00:00,9694.0,9686.047
2017-12-19 02:00:00,9389.0,9383.802
2017-12-19 03:00:00,9229.0,9213.915
2017-12-19 04:00:00,9220.0,9217.164
2017-12-19 05:00:00,9502.0,9444.294
2017-12-19 06:00:00,10205.0,10218.254
2017-12-19 07:00:00,11264.0,11312.686
2017-12-19 08:00:00,11732.0,11840.204
2017-12-19 09:00:00,11784.0,11959.088
2017-12-19 10:00:00,11745.0,11801.261
2017-12-19 11:00:00,11659.0,11754.977
2017-12-19 12:00:00,11506.0,11588.601
2017-12-19 13:00:00,11354.0,11405.842
2017-12-19 14:00:00,11333.0,11318.93
2017-12-19 15:00:00,11230.0,11333.929
2017-12-19 16:00:00,11294.0,11292.914
2017-12-19 17:00:00,12044.0,12074.428
2017-12-19 18:00:00,12606.0,12708.945
2017-12-19 19:00:00,12489.0,12484.484
2017-12-19 20:00:00,12350.0,12253.746
2017-12-19 21:00:00,12140.0,12117.134
2017-12-19 22:00:00,11698.0,11746.6875
2017-12-19 23:00:00,10984.0,10980.643
2017-12-20 00:00:00,10256.0,10207.035
2017-12-20 01:00:00,9757.0,9686.428
2017-12-20 02:00:00,9468.0,9427.164
2017-12-20 03:00:00,9338.0,9307.728
2017-12-20 04:00:00,9362.0,9305.581
2017-12-20 05:00:00,9644.0,9593.402
2017-12-20 06:00:00,10387.0,10367.628
2017-12-20 07:00:00,11491.0,11457.358
2017-12-20 08:00:00,11991.0,11989.59
2017-12-20 09:00:00,12028.0,12110.852
2017-12-20 10:00:00,12008.0,12029.831
2017-12-20 11:00:00,11978.0,11981.924
2017-12-20 12:00:00,11882.0,11884.879
2017-12-20 13:00:00,11820.0,11786.943
2017-12-20 14:00:00,11851.0,11762.443
2017-12-20 15:00:00,11884.0,11808.501
2017-12-20 16:00:00,11995.0,11970.337
2017-12-20 17:00:00,12708.0,12664.675
2017-12-20 18:00:00,13266.0,13175.097
2017-12-20 19:00:00,13121.0,13102.175
2017-12-20 20:00:00,12935.0,12892.16
2017-12-20 21:00:00,12641.0,12637.074
2017-12-20 22:00:00,12171.0,12104.406
2017-12-20 23:00:00,11373.0,11385.992
2017-12-21 00:00:00,10574.0,10621.138
2017-12-21 01:00:00,10046.0,10035.504
2017-12-21 02:00:00,9702.0,9703.68
2017-12-21 03:00:00,9554.0,9491.339
2017-12-21 04:00:00,9541.0,9502.265
2017-12-21 05:00:00,9774.0,9816.523
2017-12-21 06:00:00,10472.0,10427.531
2017-12-21 07:00:00,11496.0,11531.067
2017-12-21 08:00:00,12092.0,11976.862
2017-12-21 09:00:00,12161.0,12213.923
2017-12-21 10:00:00,12178.0,12207.173
2017-12-21 11:00:00,12171.0,12172.414
2017-12-21 12:00:00,12076.0,12115.914
2017-12-21 13:00:00,12054.0,11983.822
2017-12-21 14:00:00,12101.0,12069.426
2017-12-21 15:00:00,12081.0,12121.779
2017-12-21 16:00:00,12090.0,12158.706
2017-12-21 17:00:00,12740.0,12806.228
2017-12-21 18:00:00,12990.0,13196.29
2017-12-21 19:00:00,12766.0,12791.712
2017-12-21 20:00:00,12548.0,12540.154
2017-12-21 21:00:00,12306.0,12194.8955
2017-12-21 22:00:00,11829.0,11818.178
2017-12-21 23:00:00,11069.0,11052.98
2017-12-22 00:00:00,10307.0,10266.064
2017-12-22 01:00:00,9758.0,9743.975
2017-12-22 02:00:00,9428.0,9429.706
2017-12-22 03:00:00,9224.0,9188.845
2017-12-22 04:00:00,9201.0,9212.101
2017-12-22 05:00:00,9416.0,9376.084
2017-12-22 06:00:00,9980.0,10044.299
2017-12-22 07:00:00,10890.0,10834.176
2017-12-22 08:00:00,11440.0,11373.686
2017-12-22 09:00:00,11536.0,11628.528
2017-12-22 10:00:00,11595.0,11572.874
2017-12-22 11:00:00,11642.0,11645.738
2017-12-22 12:00:00,11630.0,11575.086
2017-12-22 13:00:00,11554.0,11564.951
2017-12-22 14:00:00,11536.0,11520.932
2017-12-22 15:00:00,11504.0,11427.825
2017-12-22 16:00:00,11595.0,11507.463
2017-12-22 17:00:00,12210.0,12263.797
2017-12-22 18:00:00,12504.0,12679.073
2017-12-22 19:00:00,12271.0,12375.797
2017-12-22 20:00:00,12032.0,12150.203
2017-12-22 21:00:00,11779.0,11818.418
2017-12-22 22:00:00,11457.0,11378.037
2017-12-22 23:00:00,10860.0,10840.899
2017-12-23 00:00:00,10222.0,10133.829
2017-12-23 01:00:00,9755.0,9644.166
2017-12-23 02:00:00,9402.0,9411.614
2017-12-23 03:00:00,9193.0,9193.888
2017-12-23 04:00:00,9112.0,9066.172
2017-12-23 05:00:00,9222.0,9144.395
2017-12-23 06:00:00,9515.0,9491.239
2017-12-23 07:00:00,9934.0,9900.53
2017-12-23 08:00:00,10247.0,10150.492
2017-12-23 09:00:00,10369.0,10446.931
2017-12-23 10:00:00,10443.0,10433.674
2017-12-23 11:00:00,10463.0,10489.415
2017-12-23 12:00:00,10452.0,10376.1455
2017-12-23 13:00:00,10395.0,10331.373
2017-12-23 14:00:00,10294.0,10266.962
2017-12-23 15:00:00,10190.0,10196.138
2017-12-23 16:00:00,10329.0,10239.908
2017-12-23 17:00:00,11112.0,11069.46
2017-12-23 18:00:00,11785.0,11588.737
2017-12-23 19:00:00,11813.0,11693.699
2017-12-23 20:00:00,11764.0,11656.845
2017-12-23 21:00:00,11675.0,11532.389
2017-12-23 22:00:00,11453.0,11302.332
2017-12-23 23:00:00,10993.0,10962.847
2017-12-24 00:00:00,10490.0,10372.509
2017-12-24 01:00:00,9971.0,10005.714
2017-12-24 02:00:00,9723.0,9648.87
2017-12-24 03:00:00,9501.0,9462.659
2017-12-24 04:00:00,9451.0,9399.79
2017-12-24 05:00:00,9412.0,9469.763
2017-12-24 06:00:00,9561.0,9550.38
2017-12-24 07:00:00,9798.0,9739.809
2017-12-24 08:00:00,10060.0,9916.066
2017-12-24 09:00:00,10358.0,10221.731
2017-12-24 10:00:00,10616.0,10642.892
2017-12-24 11:00:00,10807.0,10815.948
2017-12-24 12:00:00,10834.0,10862.724
2017-12-24 13:00:00,10814.0,10878.034
2017-12-24 14:00:00,10816.0,10822.758
2017-12-24 15:00:00,10809.0,10866.601
2017-12-24 16:00:00,10870.0,10981.941
2017-12-24 17:00:00,11460.0,11520.62
2017-12-24 18:00:00,11871.0,11921.909
2017-12-24 19:00:00,11744.0,11884.087
2017-12-24 20:00:00,11608.0,11615.685
2017-12-24 21:00:00,11479.0,11454.691
2017-12-24 22:00:00,11375.0,11191.733
2017-12-24 23:00:00,10975.0,10917.079
2017-12-25 00:00:00,10596.0,10340.935
2017-12-25 01:00:00,10223.0,10178.0
2017-12-25 02:00:00,10004.0,9974.172
2017-12-25 03:00:00,9801.0,9867.967
2017-12-25 04:00:00,9754.0,9857.697
2017-12-25 05:00:00,9853.0,9942.075
2017-12-25 06:00:00,10060.0,10404.691
2017-12-25 07:00:00,10354.0,10765.201
2017-12-25 08:00:00,10412.0,10889.328
2017-12-25 09:00:00,10512.0,10605.131
2017-12-25 10:00:00,10577.0,10707.315
2017-12-25 11:00:00,10585.0,10727.802
2017-12-25 12:00:00,10601.0,10664.251
2017-12-25 13:00:00,10572.0,10666.595
2017-12-25 14:00:00,10571.0,10626.823
2017-12-25 15:00:00,10629.0,10617.9795
2017-12-25 16:00:00,10830.0,10837.487
2017-12-25 17:00:00,11444.0,11443.803
2017-12-25 18:00:00,12013.0,11962.361
2017-12-25 19:00:00,11977.0,12036.226
2017-12-25 20:00:00,11983.0,11908.61
2017-12-25 21:00:00,11960.0,11810.722
2017-12-25 22:00:00,11847.0,11556.775
2017-12-25 23:00:00,11525.0,11243.636
2017-12-26 00:00:00,11091.0,11155.827
2017-12-26 01:00:00,10798.0,10561.958
2017-12-26 02:00:00,10642.0,10505.862
2017-12-26 03:00:00,10577.0,10492.912
2017-12-26 04:00:00,10587.0,10557.385
2017-12-26 05:00:00,10807.0,10959.675
2017-12-26 06:00:00,11283.0,11370.973
2017-12-26 07:00:00,11949.0,11902.75
2017-12-26 08:00:00,12326.0,12365.058
2017-12-26 09:00:00,12602.0,12392.553
2017-12-26 10:00:00,12788.0,12676.238
2017-12-26 11:00:00,12888.0,12843.518
2017-12-26 12:00:00,12869.0,12840.104
2017-12-26 13:00:00,12787.0,12799.704
2017-12-26 14:00:00,12726.0,12716.14
2017-12-26 15:00:00,12653.0,12618.462
2017-12-26 16:00:00,12708.0,12664.861
2017-12-26 17:00:00,13459.0,13305.462
2017-12-26 18:00:00,14251.0,13914.379
2017-12-26 19:00:00,14183.0,14274.599
2017-12-26 20:00:00,14019.0,14064.727
2017-12-26 21:00:00,13813.0,13791.54
2017-12-26 22:00:00,13438.0,13307.945
2017-12-26 23:00:00,12814.0,12627.67
2017-12-27 00:00:00,12171.0,11964.683
2017-12-27 01:00:00,11767.0,11563.432
2017-12-27 02:00:00,11473.0,11457.661
2017-12-27 03:00:00,11415.0,11326.277
2017-12-27 04:00:00,11408.0,11454.228
2017-12-27 05:00:00,11636.0,11569.59
2017-12-27 06:00:00,12163.0,12156.541
2017-12-27 07:00:00,12914.0,12826.148
2017-12-27 08:00:00,13317.0,13275.142
2017-12-27 09:00:00,13496.0,13331.454
2017-12-27 10:00:00,13574.0,13521.452
2017-12-27 11:00:00,13624.0,13601.209
2017-12-27 12:00:00,13540.0,13567.131
2017-12-27 13:00:00,13420.0,13452.496
2017-12-27 14:00:00,13354.0,13301.524
2017-12-27 15:00:00,13261.0,13258.305
2017-12-27 16:00:00,13315.0,13204.421
2017-12-27 17:00:00,14028.0,13802.665
2017-12-27 18:00:00,14694.0,14694.29
2017-12-27 19:00:00,14610.0,14710.953
2017-12-27 20:00:00,14446.0,14451.589
2017-12-27 21:00:00,14214.0,14204.857
2017-12-27 22:00:00,13757.0,13713.78
2017-12-27 23:00:00,13105.0,12934.577
2017-12-28 00:00:00,12475.0,12282.927
2017-12-28 01:00:00,12015.0,11794.653
2017-12-28 02:00:00,11751.0,11693.603
2017-12-28 03:00:00,11595.0,11614.358
2017-12-28 04:00:00,11578.0,11573.637
2017-12-28 05:00:00,11714.0,11706.677
2017-12-28 06:00:00,12108.0,12294.217
2017-12-28 07:00:00,12758.0,12684.105
2017-12-28 08:00:00,13145.0,13185.082
2017-12-28 09:00:00,13379.0,13299.035
2017-12-28 10:00:00,13386.0,13373.494
2017-12-28 11:00:00,13529.0,13392.66
2017-12-28 12:00:00,13608.0,13483.266
2017-12-28 13:00:00,13445.0,13542.47
2017-12-28 14:00:00,13504.0,13340.324
2017-12-28 15:00:00,13432.0,13433.027
2017-12-28 16:00:00,13409.0,13390.668
2017-12-28 17:00:00,13992.0,13924.341
2017-12-28 18:00:00,14435.0,14643.746
2017-12-28 19:00:00,14245.0,14352.182
2017-12-28 20:00:00,14055.0,13982.844
2017-12-28 21:00:00,13782.0,13775.381
2017-12-28 22:00:00,13353.0,13315.113
2017-12-28 23:00:00,12638.0,12622.813
2017-12-29 00:00:00,12009.0,11772.143
2017-12-29 01:00:00,11531.0,11475.642
2017-12-29 02:00:00,11222.0,11159.094
2017-12-29 03:00:00,11005.0,11069.583
2017-12-29 04:00:00,10961.0,10916.699
2017-12-29 05:00:00,11130.0,11112.645
2017-12-29 06:00:00,11552.0,11688.61
2017-12-29 07:00:00,12196.0,12151.799
2017-12-29 08:00:00,12542.0,12606.802
2017-12-29 09:00:00,12746.0,12730.429
2017-12-29 10:00:00,12906.0,12827.654
2017-12-29 11:00:00,12991.0,12923.363
2017-12-29 12:00:00,13023.0,12887.012
2017-12-29 13:00:00,12988.0,12935.388
2017-12-29 14:00:00,12999.0,12946.428
2017-12-29 15:00:00,12907.0,12951.214
2017-12-29 16:00:00,12917.0,12904.736
2017-12-29 17:00:00,13437.0,13509.461
2017-12-29 18:00:00,13862.0,14057.763
2017-12-29 19:00:00,13767.0,13819.698
2017-12-29 20:00:00,13572.0,13567.63
2017-12-29 21:00:00,13294.0,13273.971
2017-12-29 22:00:00,12917.0,12929.01
2017-12-29 23:00:00,12340.0,12233.22
2017-12-30 00:00:00,11644.0,11634.254
2017-12-30 01:00:00,11233.0,11049.508
2017-12-30 02:00:00,10947.0,10883.551
2017-12-30 03:00:00,10828.0,10704.053
2017-12-30 04:00:00,10782.0,10758.81
2017-12-30 05:00:00,10917.0,10860.317
2017-12-30 06:00:00,11169.0,11211.249
2017-12-30 07:00:00,11621.0,11559.5625
2017-12-30 08:00:00,11832.0,11714.181
2017-12-30 09:00:00,12099.0,12062.574
2017-12-30 10:00:00,12146.0,12181.697
2017-12-30 11:00:00,12280.0,12140.953
2017-12-30 12:00:00,12261.0,12214.838
2017-12-30 13:00:00,12179.0,12142.5
2017-12-30 14:00:00,12059.0,12074.406
2017-12-30 15:00:00,11974.0,11967.869
2017-12-30 16:00:00,12154.0,11994.194
2017-12-30 17:00:00,12878.0,12966.31
2017-12-30 18:00:00,13673.0,13512.743
2017-12-30 19:00:00,13686.0,13559.105
2017-12-30 20:00:00,13632.0,13511.575
2017-12-30 21:00:00,13423.0,13466.608
2017-12-30 22:00:00,13191.0,13161.631
2017-12-30 23:00:00,12684.0,12651.393
2017-12-31 00:00:00,12132.0,12018.472
2017-12-31 01:00:00,11711.0,11541.832
2017-12-31 02:00:00,11405.0,11415.081
2017-12-31 03:00:00,11235.0,11240.165
2017-12-31 04:00:00,11145.0,11163.129
2017-12-31 05:00:00,11192.0,11213.911
2017-12-31 06:00:00,11288.0,11253.764
2017-12-31 07:00:00,11507.0,11619.534
2017-12-31 08:00:00,11554.0,11584.472
2017-12-31 09:00:00,11624.0,11673.147
2017-12-31 10:00:00,11673.0,11653.472
2017-12-31 11:00:00,11787.0,11656.862
2017-12-31 12:00:00,11883.0,11735.89
2017-12-31 13:00:00,11799.0,11888.055
2017-12-31 14:00:00,11704.0,11732.759
2017-12-31 15:00:00,11661.0,11637.914
2017-12-31 16:00:00,11840.0,11773.209
2017-12-31 17:00:00,12581.0,12736.582
2017-12-31 18:00:00,13452.0,13257.27
2017-12-31 19:00:00,13393.0,13409.854
2017-12-31 20:00:00,13192.0,13185.392
2017-12-31 21:00:00,13116.0,12988.666
2017-12-31 22:00:00,12809.0,12867.747
2017-12-31 23:00:00,12563.0,12223.988
2018-01-01 00:00:00,12263.0,12086.128
2018-01-01 01:00:00,11982.0,11989.591
2018-01-01 02:00:00,11747.0,11875.628
2018-01-01 03:00:00,11581.0,11633.054
2018-01-01 04:00:00,11565.0,11533.557
2018-01-01 05:00:00,11585.0,11711.276
2018-01-01 06:00:00,11773.0,11860.82
2018-01-01 07:00:00,11949.0,12300.554
2018-01-01 08:00:00,11940.0,12294.619
2018-01-01 09:00:00,11891.0,12035.07
2018-01-01 10:00:00,11979.0,11903.862
2018-01-01 11:00:00,12096.0,12106.184
2018-01-01 12:00:00,12155.0,12216.523
2018-01-01 13:00:00,12131.0,12174.633
2018-01-01 14:00:00,12064.0,12149.714
2018-01-01 15:00:00,12053.0,12052.748
2018-01-01 16:00:00,12183.0,12158.875
2018-01-01 17:00:00,12926.0,12847.352
2018-01-01 18:00:00,13809.0,13771.427
2018-01-01 19:00:00,13858.0,13828.243
2018-01-01 20:00:00,13758.0,13709.875
2018-01-01 21:00:00,13627.0,13519.744
2018-01-01 22:00:00,13336.0,13145.662
2018-01-01 23:00:00,12816.0,12619.627
2018-01-02 00:00:00,12315.0,12116.2705
2018-01-02 01:00:00,11981.0,11879.86
2018-01-02 02:00:00,11805.0,11757.017
2018-01-02 03:00:00,11684.0,11722.716
2018-01-02 04:00:00,11728.0,11666.393
2018-01-02 05:00:00,11991.0,12032.983
2018-01-02 06:00:00,12559.0,12507.996
2018-01-02 07:00:00,13379.0,13423.333
2018-01-02 08:00:00,13854.0,13790.291
2018-01-02 09:00:00,14040.0,13996.574
2018-01-02 10:00:00,14179.0,14061.916
2018-01-02 11:00:00,14241.0,14173.978
2018-01-02 12:00:00,14204.0,14188.518
2018-01-02 13:00:00,14138.0,14119.18
2018-01-02 14:00:00,14078.0,14101.703
2018-01-02 15:00:00,13984.0,13975.812
2018-01-02 16:00:00,14011.0,13952.956
2018-01-02 17:00:00,14614.0,14391.025
2018-01-02 18:00:00,15405.0,15360.682
2018-01-02 19:00:00,15408.0,15425.983
2018-01-02 20:00:00,15246.0,15285.274
2018-01-02 21:00:00,14933.0,14974.273
2018-01-02 22:00:00,14437.0,14369.295
2018-01-02 23:00:00,13704.0,13592.334
2018-01-03 00:00:00,12995.0,13004.972
2018-01-03 01:00:00,12494.0,12537.897
2018-01-03 02:00:00,12135.0,12205.85
2018-01-03 03:00:00,11901.0,11976.962
2018-01-03 04:00:00,11787.0,11874.461
2018-01-03 05:00:00,11923.0,11957.147
2018-01-03 06:00:00,12395.0,12514.825
2018-01-03 07:00:00,13135.0,13371.195
2018-01-03 08:00:00,13575.0,13671.708
2018-01-03 09:00:00,13753.0,13791.143
2018-01-03 10:00:00,13858.0,13932.234
2018-01-03 11:00:00,13913.0,13998.776
2018-01-03 12:00:00,13847.0,13848.855
2018-01-03 13:00:00,13802.0,13728.962
2018-01-03 14:00:00,13739.0,13813.759
2018-01-03 15:00:00,13672.0,13688.529
2018-01-03 16:00:00,13744.0,13725.801
2018-01-03 17:00:00,14294.0,14349.826
2018-01-03 18:00:00,14887.0,14963.25
2018-01-03 19:00:00,14866.0,14803.97
2018-01-03 20:00:00,14595.0,14642.843
2018-01-03 21:00:00,14314.0,14328.034
2018-01-03 22:00:00,13880.0,13788.03
2018-01-03 23:00:00,13234.0,13077.554
2018-01-04 00:00:00,12649.0,12440.414
2018-01-04 01:00:00,12250.0,12128.013
2018-01-04 02:00:00,12010.0,11975.593
2018-01-04 03:00:00,11867.0,11882.586
2018-01-04 04:00:00,11890.0,11851.029
2018-01-04 05:00:00,12099.0,12088.459
2018-01-04 06:00:00,12669.0,12712.749
2018-01-04 07:00:00,13507.0,13600.941
2018-01-04 08:00:00,13939.0,13942.171
2018-01-04 09:00:00,14054.0,14073.549
2018-01-04 10:00:00,14022.0,14097.472
2018-01-04 11:00:00,14000.0,13966.326
2018-01-04 12:00:00,13915.0,13989.081
2018-01-04 13:00:00,13794.0,13734.294
2018-01-04 14:00:00,13721.0,13732.122
2018-01-04 15:00:00,13624.0,13642.451
2018-01-04 16:00:00,13607.0,13599.021
2018-01-04 17:00:00,14149.0,14005.957
2018-01-04 18:00:00,14906.0,14931.592
2018-01-04 19:00:00,14875.0,14906.205
2018-01-04 20:00:00,14735.0,14690.115
2018-01-04 21:00:00,14518.0,14369.069
2018-01-04 22:00:00,14027.0,14030.994
2018-01-04 23:00:00,13453.0,13225.823
2018-01-05 00:00:00,12806.0,12714.565
2018-01-05 01:00:00,12388.0,12354.878
2018-01-05 02:00:00,12167.0,12117.644
2018-01-05 03:00:00,12032.0,12057.18
2018-01-05 04:00:00,12057.0,12038.903
2018-01-05 05:00:00,12243.0,12276.112
2018-01-05 06:00:00,12795.0,12874.219
2018-01-05 07:00:00,13647.0,13708.237
2018-01-05 08:00:00,14065.0,14044.761
2018-01-05 09:00:00,14152.0,14177.247
2018-01-05 10:00:00,14135.0,14191.421
2018-01-05 11:00:00,14123.0,14073.722
2018-01-05 12:00:00,13998.0,14030.828
2018-01-05 13:00:00,13844.0,13907.073
2018-01-05 14:00:00,13765.0,13714.874
2018-01-05 15:00:00,13640.0,13675.0205
2018-01-05 16:00:00,13628.0,13694.897
2018-01-05 17:00:00,14143.0,13995.624
2018-01-05 18:00:00,14785.0,14920.012
2018-01-05 19:00:00,14783.0,14765.73
2018-01-05 20:00:00,14628.0,14509.153
2018-01-05 21:00:00,14418.0,14323.908
2018-01-05 22:00:00,14072.0,14009.231
2018-01-05 23:00:00,13426.0,13351.752
2018-01-06 00:00:00,12846.0,12608.99
2018-01-06 01:00:00,12423.0,12386.363
2018-01-06 02:00:00,12167.0,12137.673
2018-01-06 03:00:00,12013.0,12000.8
2018-01-06 04:00:00,11970.0,11931.392
2018-01-06 05:00:00,12032.0,12077.831
2018-01-06 06:00:00,12306.0,12454.103
2018-01-06 07:00:00,12691.0,12938.187
2018-01-06 08:00:00,12900.0,13163.434
2018-01-06 09:00:00,13008.0,13186.607
2018-01-06 10:00:00,13060.0,13058.244
2018-01-06 11:00:00,12967.0,13172.25
2018-01-06 12:00:00,12878.0,12958.142
2018-01-06 13:00:00,12630.0,12824.157
2018-01-06 14:00:00,12437.0,12454.366
2018-01-06 15:00:00,12235.0,12333.533
2018-01-06 16:00:00,12289.0,12136.382
2018-01-06 17:00:00,12814.0,12848.233
2018-01-06 18:00:00,13630.0,13620.963
2018-01-06 19:00:00,13666.0,13607.837
2018-01-06 20:00:00,13612.0,13457.43
2018-01-06 21:00:00,13461.0,13335.171
2018-01-06 22:00:00,13217.0,13144.284
2018-01-06 23:00:00,12725.0,12720.838
2018-01-07 00:00:00,12231.0,12135.389
2018-01-07 01:00:00,11820.0,11728.345
2018-01-07 02:00:00,11560.0,11603.837
2018-01-07 03:00:00,11310.0,11429.523
2018-01-07 04:00:00,11230.0,11248.823
2018-01-07 05:00:00,11187.0,11269.172
2018-01-07 06:00:00,11306.0,11308.794
2018-01-07 07:00:00,11417.0,11570.51
2018-01-07 08:00:00,11507.0,11546.099
2018-01-07 09:00:00,11727.0,11702.136
2018-01-07 10:00:00,11890.0,11953.005
2018-01-07 11:00:00,12053.0,11915.065
2018-01-07 12:00:00,12111.0,12026.13
2018-01-07 13:00:00,12066.0,12095.814
2018-01-07 14:00:00,12002.0,12008.993
2018-01-07 15:00:00,11988.0,11927.43
2018-01-07 16:00:00,11992.0,12005.341
2018-01-07 17:00:00,12483.0,12487.059
2018-01-07 18:00:00,12924.0,13263.84
2018-01-07 19:00:00,12828.0,13029.554
2018-01-07 20:00:00,12607.0,12697.756
2018-01-07 21:00:00,12361.0,12410.229
2018-01-07 22:00:00,11982.0,12037.838
2018-01-07 23:00:00,11409.0,11384.413
2018-01-08 00:00:00,10866.0,10874.331
2018-01-08 01:00:00,10525.0,10464.451
2018-01-08 02:00:00,10254.0,10343.12
2018-01-08 03:00:00,10060.0,10176.617
2018-01-08 04:00:00,10099.0,10070.958
2018-01-08 05:00:00,10312.0,10374.041
2018-01-08 06:00:00,10977.0,11056.531
2018-01-08 07:00:00,11998.0,12062.771
2018-01-08 08:00:00,12515.0,12654.893
2018-01-08 09:00:00,12514.0,12779.773
2018-01-08 10:00:00,12522.0,12608.421
2018-01-08 11:00:00,12445.0,12515.236
2018-01-08 12:00:00,12315.0,12414.259
2018-01-08 13:00:00,12221.0,12272.297
2018-01-08 14:00:00,12175.0,12188.005
2018-01-08 15:00:00,12032.0,12138.163
2018-01-08 16:00:00,11992.0,12095.6
2018-01-08 17:00:00,12469.0,12390.857
2018-01-08 18:00:00,13199.0,13194.255
2018-01-08 19:00:00,13105.0,13266.791
2018-01-08 20:00:00,12981.0,12951.552
2018-01-08 21:00:00,12733.0,12725.434
2018-01-08 22:00:00,12240.0,12235.3125
2018-01-08 23:00:00,11540.0,11444.488
2018-01-09 00:00:00,10891.0,10890.822
2018-01-09 01:00:00,10452.0,10426.514
2018-01-09 02:00:00,10180.0,10189.374
2018-01-09 03:00:00,10039.0,10044.342
2018-01-09 04:00:00,10075.0,10087.312
2018-01-09 05:00:00,10362.0,10359.444
2018-01-09 06:00:00,11023.0,11098.968
2018-01-09 07:00:00,12075.0,12089.196
2018-01-09 08:00:00,12602.0,12498.92
2018-01-09 09:00:00,12597.0,12719.394
2018-01-09 10:00:00,12636.0,12635.28
2018-01-09 11:00:00,12602.0,12607.286
2018-01-09 12:00:00,12450.0,12510.459
2018-01-09 13:00:00,12302.0,12347.637
2018-01-09 14:00:00,12236.0,12209.246
2018-01-09 15:00:00,12138.0,12098.017
2018-01-09 16:00:00,12162.0,12152.472
2018-01-09 17:00:00,12663.0,12619.756
2018-01-09 18:00:00,13189.0,13376.307
2018-01-09 19:00:00,13064.0,13212.273
2018-01-09 20:00:00,12876.0,12887.237
2018-01-09 21:00:00,12610.0,12611.221
2018-01-09 22:00:00,12137.0,12064.677
2018-01-09 23:00:00,11442.0,11401.028
2018-01-10 00:00:00,10814.0,10704.572
2018-01-10 01:00:00,10372.0,10346.36
2018-01-10 02:00:00,10134.0,10176.242
2018-01-10 03:00:00,9995.0,10004.595
2018-01-10 04:00:00,9945.0,10024.945
2018-01-10 05:00:00,10193.0,10258.656
2018-01-10 06:00:00,10793.0,10856.633
2018-01-10 07:00:00,11782.0,11778.086
2018-01-10 08:00:00,12305.0,12287.251
2018-01-10 09:00:00,12317.0,12525.868
2018-01-10 10:00:00,12357.0,12301.362
2018-01-10 11:00:00,12408.0,12385.862
2018-01-10 12:00:00,12350.0,12416.5205
2018-01-10 13:00:00,12278.0,12304.192
2018-01-10 14:00:00,12219.0,12242.581
2018-01-10 15:00:00,12134.0,12097.64
2018-01-10 16:00:00,12086.0,12148.419
2018-01-10 17:00:00,12429.0,12497.059
2018-01-10 18:00:00,12673.0,13081.183
2018-01-10 19:00:00,12405.0,12775.38
2018-01-10 20:00:00,12141.0,12293.968
2018-01-10 21:00:00,11797.0,11891.318
2018-01-10 22:00:00,11256.0,11410.957
2018-01-10 23:00:00,10546.0,10604.41
2018-01-11 00:00:00,9886.0,9898.269
2018-01-11 01:00:00,9427.0,9435.716
2018-01-11 02:00:00,9110.0,9132.121
2018-01-11 03:00:00,8947.0,8929.491
2018-01-11 04:00:00,8919.0,8929.879
2018-01-11 05:00:00,9125.0,9173.547
2018-01-11 06:00:00,9760.0,9847.647
2018-01-11 07:00:00,10694.0,10852.879
2018-01-11 08:00:00,11334.0,11279.792
2018-01-11 09:00:00,11396.0,11613.272
2018-01-11 10:00:00,11479.0,11497.043
2018-01-11 11:00:00,11528.0,11557.171
2018-01-11 12:00:00,11528.0,11485.413
2018-01-11 13:00:00,11527.0,11449.049
2018-01-11 14:00:00,11555.0,11473.475
2018-01-11 15:00:00,11470.0,11440.362
2018-01-11 16:00:00,11521.0,11424.5
2018-01-11 17:00:00,11955.0,11803.572
2018-01-11 18:00:00,12264.0,12515.107
2018-01-11 19:00:00,12242.0,12181.484
2018-01-11 20:00:00,12173.0,12102.92
2018-01-11 21:00:00,12074.0,11876.913
2018-01-11 22:00:00,11750.0,11621.158
2018-01-11 23:00:00,11155.0,10994.029
2018-01-12 00:00:00,10608.0,10445.491
2018-01-12 01:00:00,10278.0,10105.842
2018-01-12 02:00:00,10093.0,10049.713
2018-01-12 03:00:00,10058.0,10003.119
2018-01-12 04:00:00,10071.0,10085.289
2018-01-12 05:00:00,10345.0,10295.724
2018-01-12 06:00:00,11055.0,10879.22
2018-01-12 07:00:00,12101.0,12026.724
2018-01-12 08:00:00,12762.0,12547.93
2018-01-12 09:00:00,12967.0,12875.564
2018-01-12 10:00:00,13109.0,13079.164
2018-01-12 11:00:00,13232.0,13153.52
2018-01-12 12:00:00,13223.0,13201.399
2018-01-12 13:00:00,13221.0,13164.235
2018-01-12 14:00:00,13264.0,13218.767
2018-01-12 15:00:00,13175.0,13201.107
2018-01-12 16:00:00,13115.0,13164.496
2018-01-12 17:00:00,13425.0,13461.021
2018-01-12 18:00:00,13868.0,13891.543
2018-01-12 19:00:00,13749.0,13910.72
2018-01-12 20:00:00,13550.0,13537.841
2018-01-12 21:00:00,13321.0,13221.685
2018-01-12 22:00:00,12985.0,12913.924
2018-01-12 23:00:00,12391.0,12262.858
2018-01-13 00:00:00,11805.0,11647.025
2018-01-13 01:00:00,11415.0,11346.763
2018-01-13 02:00:00,11171.0,11117.636
2018-01-13 03:00:00,11024.0,10965.377
2018-01-13 04:00:00,10992.0,10962.757
2018-01-13 05:00:00,11143.0,11098.5
2018-01-13 06:00:00,11467.0,11492.135
2018-01-13 07:00:00,11884.0,11864.095
2018-01-13 08:00:00,12150.0,12150.76
2018-01-13 09:00:00,12231.0,12223.781
2018-01-13 10:00:00,12245.0,12224.391
2018-01-13 11:00:00,12191.0,12213.501
2018-01-13 12:00:00,12210.0,12060.439
2018-01-13 13:00:00,12077.0,12128.786
2018-01-13 14:00:00,11848.0,11915.102
2018-01-13 15:00:00,11714.0,11700.991
2018-01-13 16:00:00,11765.0,11701.183
2018-01-13 17:00:00,12172.0,12199.165
2018-01-13 18:00:00,12938.0,12895.766
2018-01-13 19:00:00,12928.0,13014.605
2018-01-13 20:00:00,12830.0,12739.936
2018-01-13 21:00:00,12706.0,12601.218
2018-01-13 22:00:00,12483.0,12382.773
2018-01-13 23:00:00,12113.0,11954.0625
2018-01-14 00:00:00,11673.0,11630.753
2018-01-14 01:00:00,11383.0,11346.483
2018-01-14 02:00:00,11200.0,11149.682
2018-01-14 03:00:00,11063.0,11050.346
2018-01-14 04:00:00,11014.0,11008.726
2018-01-14 05:00:00,11049.0,11085.595
2018-01-14 06:00:00,11291.0,11232.277
2018-01-14 07:00:00,11567.0,11712.921
2018-01-14 08:00:00,11671.0,11713.637
2018-01-14 09:00:00,11656.0,11747.845
2018-01-14 10:00:00,11727.0,11670.967
2018-01-14 11:00:00,11812.0,11790.619
2018-01-14 12:00:00,11762.0,11868.564
2018-01-14 13:00:00,11746.0,11682.653
2018-01-14 14:00:00,11699.0,11769.843
2018-01-14 15:00:00,11778.0,11747.739
2018-01-14 16:00:00,11918.0,11950.833
2018-01-14 17:00:00,12467.0,12531.76
2018-01-14 18:00:00,12986.0,13187.474
2018-01-14 19:00:00,13004.0,13072.958
2018-01-14 20:00:00,12966.0,12889.626
2018-01-14 21:00:00,12738.0,12797.604
2018-01-14 22:00:00,12423.0,12442.555
2018-01-14 23:00:00,11942.0,11905.939
2018-01-15 00:00:00,11433.0,11460.213
2018-01-15 01:00:00,11170.0,11038.265
2018-01-15 02:00:00,10984.0,10982.699
2018-01-15 03:00:00,10789.0,10863.218
2018-01-15 04:00:00,10837.0,10806.788
2018-01-15 05:00:00,11060.0,11099.508
2018-01-15 06:00:00,11497.0,11772.557
2018-01-15 07:00:00,12318.0,12242.417
2018-01-15 08:00:00,12763.0,12814.004
2018-01-15 09:00:00,12967.0,12947.544
2018-01-15 10:00:00,13168.0,13087.589
2018-01-15 11:00:00,13137.0,13213.711
2018-01-15 12:00:00,13149.0,13089.524
2018-01-15 13:00:00,13190.0,13079.829
2018-01-15 14:00:00,13298.0,13199.097
2018-01-15 15:00:00,13310.0,13249.3125
2018-01-15 16:00:00,13342.0,13273.213
2018-01-15 17:00:00,13667.0,13750.228
2018-01-15 18:00:00,14304.0,14276.821
2018-01-15 19:00:00,14191.0,14406.374
2018-01-15 20:00:00,14006.0,14028.494
2018-01-15 21:00:00,13756.0,13765.733
2018-01-15 22:00:00,13260.0,13245.987
2018-01-15 23:00:00,12642.0,12463.213
2018-01-16 00:00:00,12073.0,11965.568
2018-01-16 01:00:00,11735.0,11646.876
2018-01-16 02:00:00,11559.0,11571.4375
2018-01-16 03:00:00,11475.0,11491.998
2018-01-16 04:00:00,11506.0,11530.031
2018-01-16 05:00:00,11684.0,11694.61
2018-01-16 06:00:00,12285.0,12212.579
2018-01-16 07:00:00,13219.0,13266.286
2018-01-16 08:00:00,13690.0,13635.224
2018-01-16 09:00:00,13687.0,13797.884
2018-01-16 10:00:00,13603.0,13724.192
2018-01-16 11:00:00,13511.0,13561.468
2018-01-16 12:00:00,13355.0,13403.071
2018-01-16 13:00:00,13110.0,13232.086
2018-01-16 14:00:00,13080.0,13047.463
2018-01-16 15:00:00,12958.0,12948.181
2018-01-16 16:00:00,12918.0,12970.512
2018-01-16 17:00:00,13319.0,13266.913
2018-01-16 18:00:00,14023.0,14092.082
2018-01-16 19:00:00,13992.0,14079.686
2018-01-16 20:00:00,13848.0,13858.833
2018-01-16 21:00:00,13586.0,13540.8545
2018-01-16 22:00:00,13124.0,13110.683
2018-01-16 23:00:00,12487.0,12367.681
2018-01-17 00:00:00,11905.0,11807.389
2018-01-17 01:00:00,11578.0,11505.311
2018-01-17 02:00:00,11368.0,11398.198
2018-01-17 03:00:00,11326.0,11318.76
2018-01-17 04:00:00,11340.0,11415.209
2018-01-17 05:00:00,11593.0,11545.417
2018-01-17 06:00:00,12262.0,12216.107
2018-01-17 07:00:00,13351.0,13167.384
2018-01-17 08:00:00,13864.0,13763.702
2018-01-17 09:00:00,13798.0,13912.23
2018-01-17 10:00:00,13648.0,13835.967
2018-01-17 11:00:00,13572.0,13537.464
2018-01-17 12:00:00,13410.0,13376.713
2018-01-17 13:00:00,13279.0,13168.453
2018-01-17 14:00:00,13218.0,13179.646
2018-01-17 15:00:00,13098.0,13108.994
2018-01-17 16:00:00,13085.0,13011.643
2018-01-17 17:00:00,13484.0,13446.367
2018-01-17 18:00:00,14257.0,14318.134
2018-01-17 19:00:00,14244.0,14283.86
2018-01-17 20:00:00,14128.0,14120.497
2018-01-17 21:00:00,13848.0,13865.531
2018-01-17 22:00:00,13298.0,13362.038
2018-01-17 23:00:00,12590.0,12514.399
2018-01-18 00:00:00,11968.0,11929.848
2018-01-18 01:00:00,11601.0,11550.617
2018-01-18 02:00:00,11363.0,11363.242
2018-01-18 03:00:00,11239.0,11304.695
2018-01-18 04:00:00,11195.0,11295.372
2018-01-18 05:00:00,11476.0,11384.715
2018-01-18 06:00:00,12074.0,12083.093
2018-01-18 07:00:00,13134.0,13018.16
2018-01-18 08:00:00,13549.0,13545.167
2018-01-18 09:00:00,13483.0,13607.671
2018-01-18 10:00:00,13353.0,13467.149
2018-01-18 11:00:00,13253.0,13290.114
2018-01-18 12:00:00,13018.0,13124.705
2018-01-18 13:00:00,12850.0,12823.986
2018-01-18 14:00:00,12734.0,12776.903
2018-01-18 15:00:00,12588.0,12576.821
2018-01-18 16:00:00,12527.0,12500.219
2018-01-18 17:00:00,12846.0,12870.944
2018-01-18 18:00:00,13572.0,13593.916
2018-01-18 19:00:00,13496.0,13622.813
2018-01-18 20:00:00,13306.0,13324.042
2018-01-18 21:00:00,13001.0,13058.339
2018-01-18 22:00:00,12454.0,12516.873
2018-01-18 23:00:00,11745.0,11716.808
2018-01-19 00:00:00,11099.0,11081.356
2018-01-19 01:00:00,10726.0,10626.036
2018-01-19 02:00:00,10482.0,10474.104
2018-01-19 03:00:00,10362.0,10343.839
2018-01-19 04:00:00,10375.0,10375.432
2018-01-19 05:00:00,10604.0,10582.921
2018-01-19 06:00:00,11245.0,11261.788
2018-01-19 07:00:00,12284.0,12249.967
2018-01-19 08:00:00,12667.0,12805.55
2018-01-19 09:00:00,12586.0,12734.154
2018-01-19 10:00:00,12502.0,12506.957
2018-01-19 11:00:00,12432.0,12420.041
2018-01-19 12:00:00,12291.0,12306.853
2018-01-19 13:00:00,12148.0,12183.653
2018-01-19 14:00:00,12111.0,12055.766
2018-01-19 15:00:00,11961.0,12006.8125
2018-01-19 16:00:00,11851.0,11909.533
2018-01-19 17:00:00,12244.0,12125.616
2018-01-19 18:00:00,12851.0,12965.796
2018-01-19 19:00:00,12729.0,12978.231
2018-01-19 20:00:00,12444.0,12551.007
2018-01-19 21:00:00,12132.0,12170.29
2018-01-19 22:00:00,11692.0,11768.543
2018-01-19 23:00:00,11073.0,11056.4
2018-01-20 00:00:00,10423.0,10547.814
2018-01-20 01:00:00,10067.0,10023.65
2018-01-20 02:00:00,9756.0,9806.99
2018-01-20 03:00:00,9533.0,9596.95
2018-01-20 04:00:00,9498.0,9457.42
2018-01-20 05:00:00,9527.0,9540.522
2018-01-20 06:00:00,9895.0,9723.617
2018-01-20 07:00:00,10316.0,10329.15
2018-01-20 08:00:00,10565.0,10629.245
2018-01-20 09:00:00,10681.0,10727.651
2018-01-20 10:00:00,10698.0,10840.693
2018-01-20 11:00:00,10682.0,10736.989
2018-01-20 12:00:00,10505.0,10709.68
2018-01-20 13:00:00,10357.0,10361.332
2018-01-20 14:00:00,10077.0,10247.015
2018-01-20 15:00:00,9976.0,9930.604
2018-01-20 16:00:00,9917.0,9930.769
2018-01-20 17:00:00,10296.0,10278.244
2018-01-20 18:00:00,10962.0,11092.498
2018-01-20 19:00:00,10997.0,11179.027
2018-01-20 20:00:00,10849.0,10955.4375
2018-01-20 21:00:00,10657.0,10746.97
2018-01-20 22:00:00,10377.0,10404.591
2018-01-20 23:00:00,9920.0,9933.294
2018-01-21 00:00:00,9446.0,9458.213
2018-01-21 01:00:00,9108.0,9061.364
2018-01-21 02:00:00,8875.0,8839.232
2018-01-21 03:00:00,8706.0,8705.368
2018-01-21 04:00:00,8674.0,8712.484
2018-01-21 05:00:00,8669.0,8698.169
2018-01-21 06:00:00,8876.0,8849.506
2018-01-21 07:00:00,9117.0,9093.464
2018-01-21 08:00:00,9283.0,9253.942
2018-01-21 09:00:00,9494.0,9535.796
2018-01-21 10:00:00,9741.0,9623.326
2018-01-21 11:00:00,9916.0,9885.364
2018-01-21 12:00:00,10005.0,9937.488
2018-01-21 13:00:00,10044.0,10008.834
2018-01-21 14:00:00,10007.0,10020.657
2018-01-21 15:00:00,10087.0,9943.629
2018-01-21 16:00:00,10172.0,10192.459
2018-01-21 17:00:00,10550.0,10602.926
2018-01-21 18:00:00,11060.0,11118.094
2018-01-21 19:00:00,11011.0,11262.975
2018-01-21 20:00:00,10910.0,10931.452
2018-01-21 21:00:00,10621.0,10770.48
2018-01-21 22:00:00,10263.0,10373.456
2018-01-21 23:00:00,9769.0,9756.411
2018-01-22 00:00:00,9313.0,9288.967
2018-01-22 01:00:00,9022.0,8987.124
2018-01-22 02:00:00,8900.0,8820.937
2018-01-22 03:00:00,8788.0,8854.662
2018-01-22 04:00:00,8904.0,8908.943
2018-01-22 05:00:00,9173.0,9262.88
2018-01-22 06:00:00,9979.0,9981.515
2018-01-22 07:00:00,10990.0,11079.136
2018-01-22 08:00:00,11673.0,11659.229
2018-01-22 09:00:00,11697.0,11892.6455
2018-01-22 10:00:00,11711.0,11713.134
2018-01-22 11:00:00,11779.0,11760.0
2018-01-22 12:00:00,11802.0,11780.888
2018-01-22 13:00:00,11751.0,11813.039
2018-01-22 14:00:00,11699.0,11735.648
2018-01-22 15:00:00,11449.0,11628.799
2018-01-22 16:00:00,11288.0,11428.569
2018-01-22 17:00:00,11536.0,11513.129
2018-01-22 18:00:00,12058.0,12004.983
2018-01-22 19:00:00,11968.0,12170.5205
2018-01-22 20:00:00,11792.0,11940.663
2018-01-22 21:00:00,11555.0,11660.136
2018-01-22 22:00:00,11050.0,11110.961
2018-01-22 23:00:00,10434.0,10304.246
2018-01-23 00:00:00,9848.0,9758.554
2018-01-23 01:00:00,9512.0,9428.11
2018-01-23 02:00:00,9321.0,9275.176
2018-01-23 03:00:00,9226.0,9236.432
2018-01-23 04:00:00,9263.0,9267.411
2018-01-23 05:00:00,9596.0,9496.982
2018-01-23 06:00:00,10350.0,10321.939
2018-01-23 07:00:00,11495.0,11462.774
2018-01-23 08:00:00,12108.0,12058.151
2018-01-23 09:00:00,12210.0,12196.304
2018-01-23 10:00:00,12337.0,12290.477
2018-01-23 11:00:00,12491.0,12385.578
2018-01-23 12:00:00,12499.0,12484.669
2018-01-23 13:00:00,12485.0,12424.578
2018-01-23 14:00:00,12517.0,12470.365
2018-01-23 15:00:00,12445.0,12435.464
2018-01-23 16:00:00,12450.0,12419.38
2018-01-23 17:00:00,12698.0,12714.841
2018-01-23 18:00:00,13078.0,13158.266
2018-01-23 19:00:00,12911.0,13065.549
2018-01-23 20:00:00,12638.0,12684.621
2018-01-23 21:00:00,12358.0,12308.273
2018-01-23 22:00:00,11845.0,11903.284
2018-01-23 23:00:00,11177.0,11063.131
2018-01-24 00:00:00,10523.0,10442.469
2018-01-24 01:00:00,10156.0,10058.809
2018-01-24 02:00:00,9945.0,9889.396
2018-01-24 03:00:00,9804.0,9828.508
2018-01-24 04:00:00,9787.0,9851.323
2018-01-24 05:00:00,10080.0,10049.802
2018-01-24 06:00:00,10806.0,10802.999
2018-01-24 07:00:00,11844.0,11951.569
2018-01-24 08:00:00,12397.0,12341.819
2018-01-24 09:00:00,12467.0,12469.741
2018-01-24 10:00:00,12522.0,12476.13
2018-01-24 11:00:00,12620.0,12499.023
2018-01-24 12:00:00,12631.0,12670.094
2018-01-24 13:00:00,12617.0,12554.106
2018-01-24 14:00:00,12675.0,12562.433
2018-01-24 15:00:00,12545.0,12618.939
2018-01-24 16:00:00,12470.0,12504.568
2018-01-24 17:00:00,12775.0,12770.147
2018-01-24 18:00:00,13194.0,13386.141
2018-01-24 19:00:00,13037.0,13188.605
2018-01-24 20:00:00,12869.0,12828.727
2018-01-24 21:00:00,12542.0,12570.955
2018-01-24 22:00:00,12072.0,11984.97
2018-01-24 23:00:00,11315.0,11273.576
2018-01-25 00:00:00,10742.0,10576.949
2018-01-25 01:00:00,10359.0,10301.65
2018-01-25 02:00:00,10161.0,10140.4375
2018-01-25 03:00:00,10057.0,10037.735
2018-01-25 04:00:00,10036.0,10083.102
2018-01-25 05:00:00,10310.0,10294.052
2018-01-25 06:00:00,11010.0,11056.748
2018-01-25 07:00:00,12064.0,12083.482
2018-01-25 08:00:00,12515.0,12502.945
2018-01-25 09:00:00,12491.0,12613.622
2018-01-25 10:00:00,12371.0,12448.696
2018-01-25 11:00:00,12243.0,12332.196
2018-01-25 12:00:00,12086.0,12071.837
2018-01-25 13:00:00,11904.0,11986.799
2018-01-25 14:00:00,11814.0,11835.04
2018-01-25 15:00:00,11660.0,11650.453
2018-01-25 16:00:00,11591.0,11600.277
2018-01-25 17:00:00,11812.0,11894.997
2018-01-25 18:00:00,12472.0,12472.321
2018-01-25 19:00:00,12459.0,12507.343
2018-01-25 20:00:00,12332.0,12365.842
2018-01-25 21:00:00,12061.0,12047.999
2018-01-25 22:00:00,11622.0,11608.864
2018-01-25 23:00:00,10935.0,10934.566
2018-01-26 00:00:00,10334.0,10320.058
2018-01-26 01:00:00,9956.0,9871.507
2018-01-26 02:00:00,9721.0,9680.569
2018-01-26 03:00:00,9587.0,9571.942
2018-01-26 04:00:00,9562.0,9633.654
2018-01-26 05:00:00,9810.0,9798.828
2018-01-26 06:00:00,10480.0,10393.507
2018-01-26 07:00:00,11508.0,11490.242
2018-01-26 08:00:00,11868.0,11950.404
2018-01-26 09:00:00,11846.0,11942.043
2018-01-26 10:00:00,11777.0,11784.246
2018-01-26 11:00:00,11746.0,11719.671
2018-01-26 12:00:00,11624.0,11679.833
2018-01-26 13:00:00,11550.0,11500.089
2018-01-26 14:00:00,11544.0,11453.292
2018-01-26 15:00:00,11510.0,11398.4795
2018-01-26 16:00:00,11392.0,11443.623
2018-01-26 17:00:00,11621.0,11597.652
2018-01-26 18:00:00,12087.0,12175.112
2018-01-26 19:00:00,11923.0,12156.16
2018-01-26 20:00:00,11711.0,11828.405
2018-01-26 21:00:00,11425.0,11485.564
2018-01-26 22:00:00,11000.0,11081.313
2018-01-26 23:00:00,10428.0,10421.138
2018-01-27 00:00:00,9836.0,9853.687
2018-01-27 01:00:00,9417.0,9408.864
2018-01-27 02:00:00,9124.0,9112.458
2018-01-27 03:00:00,8901.0,8934.063
2018-01-27 04:00:00,8757.0,8857.081
2018-01-27 05:00:00,8852.0,8899.295
2018-01-27 06:00:00,9070.0,9102.336
2018-01-27 07:00:00,9549.0,9489.299
2018-01-27 08:00:00,9825.0,9824.423
2018-01-27 09:00:00,10054.0,10087.513
2018-01-27 10:00:00,10130.0,10220.316
2018-01-27 11:00:00,10180.0,10166.988
2018-01-27 12:00:00,10025.0,10124.338
2018-01-27 13:00:00,9907.0,9913.486
2018-01-27 14:00:00,9671.0,9735.075
2018-01-27 15:00:00,9576.0,9550.568
2018-01-27 16:00:00,9532.0,9532.23
2018-01-27 17:00:00,9770.0,9800.912
2018-01-27 18:00:00,10489.0,10313.902
2018-01-27 19:00:00,10619.0,10680.244
2018-01-27 20:00:00,10540.0,10574.433
2018-01-27 21:00:00,10401.0,10366.759
2018-01-27 22:00:00,10191.0,10073.847
2018-01-27 23:00:00,9798.0,9745.311
2018-01-28 00:00:00,9405.0,9279.956
2018-01-28 01:00:00,9027.0,8973.502
2018-01-28 02:00:00,8857.0,8744.449
2018-01-28 03:00:00,8796.0,8681.34
2018-01-28 04:00:00,8730.0,8766.065
2018-01-28 05:00:00,8838.0,8836.39
2018-01-28 06:00:00,8982.0,8987.306
2018-01-28 07:00:00,9331.0,9198.825
2018-01-28 08:00:00,9359.0,9415.49
2018-01-28 09:00:00,9504.0,9440.3955
2018-01-28 10:00:00,9562.0,9587.177
2018-01-28 11:00:00,9619.0,9602.152
2018-01-28 12:00:00,9648.0,9628.31
2018-01-28 13:00:00,9693.0,9661.9375
2018-01-28 14:00:00,9765.0,9700.639
2018-01-28 15:00:00,9938.0,9762.64
2018-01-28 16:00:00,10139.0,10028.544
2018-01-28 17:00:00,10555.0,10548.699
2018-01-28 18:00:00,11119.0,11048.474
2018-01-28 19:00:00,11175.0,11195.598
2018-01-28 20:00:00,11113.0,11160.531
2018-01-28 21:00:00,10938.0,10952.025
2018-01-28 22:00:00,10605.0,10616.775
2018-01-28 23:00:00,10201.0,10057.8955
2018-01-29 00:00:00,9728.0,9671.68
2018-01-29 01:00:00,9499.0,9337.694
2018-01-29 02:00:00,9425.0,9345.087
2018-01-29 03:00:00,9377.0,9404.315
2018-01-29 04:00:00,9474.0,9495.168
2018-01-29 05:00:00,9785.0,9786.177
2018-01-29 06:00:00,10648.0,10478.998
2018-01-29 07:00:00,11785.0,11690.273
2018-01-29 08:00:00,12434.0,12176.372
2018-01-29 09:00:00,12545.0,12618.687
2018-01-29 10:00:00,12684.0,12631.156
2018-01-29 11:00:00,12780.0,12786.083
2018-01-29 12:00:00,12742.0,12760.608
2018-01-29 13:00:00,12670.0,12705.683
2018-01-29 14:00:00,12642.0,12650.919
2018-01-29 15:00:00,12606.0,12544.261
2018-01-29 16:00:00,12591.0,12612.738
2018-01-29 17:00:00,12795.0,12937.444
2018-01-29 18:00:00,13321.0,13213.304
2018-01-29 19:00:00,13247.0,13277.287
2018-01-29 20:00:00,13058.0,13030.93
2018-01-29 21:00:00,12794.0,12799.183
2018-01-29 22:00:00,12341.0,12303.397
2018-01-29 23:00:00,11699.0,11525.443
2018-01-30 00:00:00,11111.0,10971.233
2018-01-30 01:00:00,10802.0,10584.202
2018-01-30 02:00:00,10624.0,10578.864
2018-01-30 03:00:00,10509.0,10570.787
2018-01-30 04:00:00,10536.0,10538.479
2018-01-30 05:00:00,10833.0,10840.609
2018-01-30 06:00:00,11577.0,11561.58
2018-01-30 07:00:00,12643.0,12512.863
2018-01-30 08:00:00,13066.0,13095.215
2018-01-30 09:00:00,12949.0,13159.615
2018-01-30 10:00:00,12809.0,12860.663
2018-01-30 11:00:00,12749.0,12730.558
2018-01-30 12:00:00,12650.0,12636.6875
2018-01-30 13:00:00,12445.0,12539.286
2018-01-30 14:00:00,12375.0,12385.302
2018-01-30 15:00:00,12399.0,12210.857
2018-01-30 16:00:00,12466.0,12405.997
2018-01-30 17:00:00,12814.0,12831.4
2018-01-30 18:00:00,13373.0,13443.986
2018-01-30 19:00:00,13268.0,13405.551
2018-01-30 20:00:00,13110.0,13038.533
2018-01-30 21:00:00,12771.0,12828.4375
2018-01-30 22:00:00,12282.0,12274.968
2018-01-30 23:00:00,11646.0,11501.772
2018-01-31 00:00:00,10986.0,10922.793
2018-01-31 01:00:00,10603.0,10530.353
2018-01-31 02:00:00,10346.0,10329.95
2018-01-31 03:00:00,10183.0,10173.131
2018-01-31 04:00:00,10141.0,10154.18
2018-01-31 05:00:00,10400.0,10341.273
2018-01-31 06:00:00,11098.0,11040.312
2018-01-31 07:00:00,12151.0,12171.391
2018-01-31 08:00:00,12519.0,12622.941
2018-01-31 09:00:00,12494.0,12548.609
2018-01-31 10:00:00,12293.0,12422.181
2018-01-31 11:00:00,12322.0,12197.231
2018-01-31 12:00:00,12256.0,12213.815
2018-01-31 13:00:00,12132.0,12197.225
2018-01-31 14:00:00,12062.0,12063.435
2018-01-31 15:00:00,11975.0,11963.035
2018-01-31 16:00:00,11923.0,11906.878
2018-01-31 17:00:00,12144.0,12234.418
2018-01-31 18:00:00,12665.0,12702.022
2018-01-31 19:00:00,12597.0,12774.566
2018-01-31 20:00:00,12379.0,12441.969
2018-01-31 21:00:00,12114.0,12098.729
2018-01-31 22:00:00,11614.0,11721.094
2018-01-31 23:00:00,10975.0,10917.259
2018-02-01 00:00:00,10355.0,10359.786
2018-02-01 01:00:00,9978.0,9925.167
2018-02-01 02:00:00,9803.0,9715.754
2018-02-01 03:00:00,9686.0,9695.371
2018-02-01 04:00:00,9720.0,9745.416
2018-02-01 05:00:00,10014.0,9999.321
2018-02-01 06:00:00,10772.0,10731.7295
2018-02-01 07:00:00,11874.0,11783.726
2018-02-01 08:00:00,12451.0,12288.982
2018-02-01 09:00:00,12719.0,12520.811
2018-02-01 10:00:00,12582.0,12753.601
2018-02-01 11:00:00,12664.0,12548.679
2018-02-01 12:00:00,12623.0,12574.793
2018-02-01 13:00:00,12603.0,12548.653
2018-02-01 14:00:00,12553.0,12577.927
2018-02-01 15:00:00,12522.0,12431.705
2018-02-01 16:00:00,12554.0,12478.113
2018-02-01 17:00:00,12927.0,12790.874
2018-02-01 18:00:00,13665.0,13478.464
2018-02-01 19:00:00,13820.0,13658.08
2018-02-01 20:00:00,13700.0,13592.556
2018-02-01 21:00:00,13436.0,13421.992
2018-02-01 22:00:00,12994.0,12961.602
2018-02-01 23:00:00,12286.0,12168.722
2018-02-02 00:00:00,11743.0,11574.022
2018-02-02 01:00:00,11444.0,11241.717
2018-02-02 02:00:00,11265.0,11200.776
2018-02-02 03:00:00,11140.0,11218.839
2018-02-02 04:00:00,11173.0,11177.893
2018-02-02 05:00:00,11408.0,11386.517
2018-02-02 06:00:00,12073.0,11956.727
2018-02-02 07:00:00,13050.0,12972.962
2018-02-02 08:00:00,13456.0,13411.311
2018-02-02 09:00:00,13509.0,13475.206
2018-02-02 10:00:00,13435.0,13441.913
2018-02-02 11:00:00,13414.0,13334.244
2018-02-02 12:00:00,13263.0,13232.912
2018-02-02 13:00:00,13099.0,13121.372
2018-02-02 14:00:00,12895.0,12976.744
2018-02-02 15:00:00,12719.0,12744.57
2018-02-02 16:00:00,12613.0,12613.66
2018-02-02 17:00:00,12852.0,12800.26
2018-02-02 18:00:00,13495.0,13448.315
2018-02-02 19:00:00,13527.0,13750.794
2018-02-02 20:00:00,13341.0,13399.075
2018-02-02 21:00:00,13102.0,13104.557
2018-02-02 22:00:00,12708.0,12756.326
2018-02-02 23:00:00,12069.0,12149.292
2018-02-03 00:00:00,11501.0,11437.925
2018-02-03 01:00:00,11038.0,11044.208
2018-02-03 02:00:00,10763.0,10791.006
2018-02-03 03:00:00,10509.0,10627.775
2018-02-03 04:00:00,10451.0,10512.14
2018-02-03 05:00:00,10492.0,10470.913
2018-02-03 06:00:00,10775.0,10757.78
2018-02-03 07:00:00,11188.0,11081.502
2018-02-03 08:00:00,11427.0,11402.309
2018-02-03 09:00:00,11689.0,11627.797
2018-02-03 10:00:00,11831.0,11816.943
2018-02-03 11:00:00,11881.0,11863.337
2018-02-03 12:00:00,11765.0,11811.174
2018-02-03 13:00:00,11643.0,11623.967
2018-02-03 14:00:00,11414.0,11506.024
2018-02-03 15:00:00,11253.0,11289.205
2018-02-03 16:00:00,11122.0,11166.893
2018-02-03 17:00:00,11254.0,11364.508
2018-02-03 18:00:00,11768.0,11953.608
2018-02-03 19:00:00,11845.0,12111.782
2018-02-03 20:00:00,11705.0,11869.467
2018-02-03 21:00:00,11522.0,11588.655
2018-02-03 22:00:00,11280.0,11265.754
2018-02-03 23:00:00,10833.0,10760.888
2018-02-04 00:00:00,10330.0,10347.61
2018-02-04 01:00:00,9937.0,9964.884
2018-02-04 02:00:00,9638.0,9715.638
2018-02-04 03:00:00,9484.0,9486.611
2018-02-04 04:00:00,9418.0,9421.529
2018-02-04 05:00:00,9519.0,9420.757
2018-02-04 06:00:00,9684.0,9660.143
2018-02-04 07:00:00,10091.0,9914.393
2018-02-04 08:00:00,10275.0,10254.015
2018-02-04 09:00:00,10643.0,10498.483
2018-02-04 10:00:00,11021.0,10888.345
2018-02-04 11:00:00,11310.0,11182.297
2018-02-04 12:00:00,11459.0,11363.941
2018-02-04 13:00:00,11598.0,11448.696
2018-02-04 14:00:00,11636.0,11568.073
2018-02-04 15:00:00,11610.0,11586.841
2018-02-04 16:00:00,11610.0,11624.277
2018-02-04 17:00:00,11750.0,11860.178
2018-02-04 18:00:00,12356.0,12256.274
2018-02-04 19:00:00,12541.0,12544.102
2018-02-04 20:00:00,12444.0,12500.611
2018-02-04 21:00:00,12323.0,12257.944
2018-02-04 22:00:00,12110.0,12016.376
2018-02-04 23:00:00,11715.0,11618.635
2018-02-05 00:00:00,11318.0,11341.022
2018-02-05 01:00:00,11098.0,10961.707
2018-02-05 02:00:00,10995.0,10963.681
2018-02-05 03:00:00,10974.0,10983.497
2018-02-05 04:00:00,11108.0,11123.692
2018-02-05 05:00:00,11349.0,11532.46
2018-02-05 06:00:00,12178.0,12049.344
2018-02-05 07:00:00,13223.0,13249.236
2018-02-05 08:00:00,13649.0,13633.187
2018-02-05 09:00:00,13775.0,13785.538
2018-02-05 10:00:00,13739.0,13825.278
2018-02-05 11:00:00,13599.0,13731.743
2018-02-05 12:00:00,13517.0,13508.594
2018-02-05 13:00:00,13612.0,13348.969
2018-02-05 14:00:00,13676.0,13664.08
2018-02-05 15:00:00,13598.0,13637.334
2018-02-05 16:00:00,13573.0,13580.952
2018-02-05 17:00:00,13772.0,13807.342
2018-02-05 18:00:00,14292.0,14481.171
2018-02-05 19:00:00,14292.0,14419.508
2018-02-05 20:00:00,14103.0,14146.153
2018-02-05 21:00:00,13781.0,13795.29
2018-02-05 22:00:00,13236.0,13213.402
2018-02-05 23:00:00,12478.0,12422.958
2018-02-06 00:00:00,11845.0,11866.472
2018-02-06 01:00:00,11498.0,11422.964
2018-02-06 02:00:00,11288.0,11320.773
2018-02-06 03:00:00,11248.0,11264.2295
2018-02-06 04:00:00,11227.0,11308.644
2018-02-06 05:00:00,11523.0,11504.93
2018-02-06 06:00:00,12155.0,12162.167
2018-02-06 07:00:00,13108.0,13009.786
2018-02-06 08:00:00,13445.0,13555.708
2018-02-06 09:00:00,13374.0,13484.714
2018-02-06 10:00:00,13253.0,13330.803
2018-02-06 11:00:00,13158.0,13199.414
2018-02-06 12:00:00,13001.0,13009.635
2018-02-06 13:00:00,12828.0,12908.262
2018-02-06 14:00:00,12801.0,12783.228
2018-02-06 15:00:00,12742.0,12726.777
2018-02-06 16:00:00,12800.0,12762.461
2018-02-06 17:00:00,13037.0,13143.251
2018-02-06 18:00:00,13595.0,13797.85
2018-02-06 19:00:00,13675.0,13727.814
2018-02-06 20:00:00,13475.0,13483.662
2018-02-06 21:00:00,13177.0,13234.538
2018-02-06 22:00:00,12670.0,12737.168
2018-02-06 23:00:00,11988.0,11895.534
2018-02-07 00:00:00,11402.0,11368.765
2018-02-07 01:00:00,11013.0,10976.776
2018-02-07 02:00:00,10805.0,10771.27
2018-02-07 03:00:00,10756.0,10709.147
2018-02-07 04:00:00,10770.0,10879.674
2018-02-07 05:00:00,11040.0,11052.822
2018-02-07 06:00:00,11705.0,11734.318
2018-02-07 07:00:00,12700.0,12655.981
2018-02-07 08:00:00,13080.0,13157.024
2018-02-07 09:00:00,13186.0,13206.288
2018-02-07 10:00:00,13132.0,13215.385
2018-02-07 11:00:00,13155.0,13089.436
2018-02-07 12:00:00,13071.0,13064.517
2018-02-07 13:00:00,13022.0,12976.959
2018-02-07 14:00:00,12918.0,12965.541
2018-02-07 15:00:00,12884.0,12775.633
2018-02-07 16:00:00,12976.0,12823.727
2018-02-07 17:00:00,13251.0,13312.437
2018-02-07 18:00:00,13778.0,13838.097
2018-02-07 19:00:00,13877.0,13917.701
2018-02-07 20:00:00,13710.0,13730.761
2018-02-07 21:00:00,13471.0,13480.171
2018-02-07 22:00:00,12966.0,13023.011
2018-02-07 23:00:00,12298.0,12235.245
2018-02-08 00:00:00,11729.0,11642.669
2018-02-08 01:00:00,11412.0,11310.887
2018-02-08 02:00:00,11223.0,11197.031
2018-02-08 03:00:00,11128.0,11173.912
2018-02-08 04:00:00,11156.0,11181.961
2018-02-08 05:00:00,11378.0,11401.166
2018-02-08 06:00:00,12014.0,11957.206
2018-02-08 07:00:00,12988.0,12898.693
2018-02-08 08:00:00,13400.0,13335.424
2018-02-08 09:00:00,13492.0,13453.42
2018-02-08 10:00:00,13485.0,13481.728
2018-02-08 11:00:00,13427.0,13446.31
2018-02-08 12:00:00,13168.0,13257.337
2018-02-08 13:00:00,12967.0,12989.953
2018-02-08 14:00:00,12912.0,12901.768
2018-02-08 15:00:00,12866.0,12758.28
2018-02-08 16:00:00,12813.0,12819.95
2018-02-08 17:00:00,13010.0,13049.92
2018-02-08 18:00:00,13544.0,13654.662
2018-02-08 19:00:00,13643.0,13795.627
2018-02-08 20:00:00,13464.0,13523.867
2018-02-08 21:00:00,13180.0,13164.896
2018-02-08 22:00:00,12670.0,12721.456
2018-02-08 23:00:00,11974.0,11896.998
2018-02-09 00:00:00,11362.0,11315.29
2018-02-09 01:00:00,10973.0,10940.601
2018-02-09 02:00:00,10686.0,10714.878
2018-02-09 03:00:00,10534.0,10559.854
2018-02-09 04:00:00,10502.0,10570.215
2018-02-09 05:00:00,10670.0,10753.527
2018-02-09 06:00:00,11136.0,11258.0625
2018-02-09 07:00:00,11797.0,11930.074
2018-02-09 08:00:00,12074.0,12418.614
2018-02-09 09:00:00,12436.0,12169.165
2018-02-09 10:00:00,12622.0,12549.134
2018-02-09 11:00:00,12758.0,12703.095
2018-02-09 12:00:00,12804.0,12662.923
2018-02-09 13:00:00,12796.0,12746.184
2018-02-09 14:00:00,12733.0,12784.48
2018-02-09 15:00:00,12596.0,12628.258
2018-02-09 16:00:00,12522.0,12554.761
2018-02-09 17:00:00,12595.0,12689.864
2018-02-09 18:00:00,13138.0,13144.341
2018-02-09 19:00:00,13139.0,13400.081
2018-02-09 20:00:00,12884.0,12943.318
2018-02-09 21:00:00,12596.0,12596.894
2018-02-09 22:00:00,12228.0,12171.705
2018-02-09 23:00:00,11611.0,11578.232
2018-02-10 00:00:00,11062.0,11076.54
2018-02-10 01:00:00,10683.0,10638.841
2018-02-10 02:00:00,10479.0,10462.653
2018-02-10 03:00:00,10305.0,10304.72
2018-02-10 04:00:00,10294.0,10257.939
2018-02-10 05:00:00,10433.0,10412.736
2018-02-10 06:00:00,10740.0,10682.834
2018-02-10 07:00:00,11125.0,11061.121
2018-02-10 08:00:00,11300.0,11417.351
2018-02-10 09:00:00,11671.0,11520.391
2018-02-10 10:00:00,11887.0,11889.984
2018-02-10 11:00:00,11906.0,11952.51
2018-02-10 12:00:00,11862.0,11835.432
2018-02-10 13:00:00,11712.0,11717.107
2018-02-10 14:00:00,11555.0,11568.649
2018-02-10 15:00:00,11428.0,11411.157
2018-02-10 16:00:00,11424.0,11387.229
2018-02-10 17:00:00,11589.0,11661.975
2018-02-10 18:00:00,12123.0,12236.783
2018-02-10 19:00:00,12328.0,12309.172
2018-02-10 20:00:00,12198.0,12284.583
2018-02-10 21:00:00,11978.0,11986.684
2018-02-10 22:00:00,11669.0,11677.907
2018-02-10 23:00:00,11140.0,11197.903
2018-02-11 00:00:00,10794.0,10615.662
2018-02-11 01:00:00,10443.0,10346.405
2018-02-11 02:00:00,10244.0,10234.503
2018-02-11 03:00:00,10099.0,10093.159
2018-02-11 04:00:00,10051.0,10081.416
2018-02-11 05:00:00,10082.0,10153.371
2018-02-11 06:00:00,10252.0,10222.28
2018-02-11 07:00:00,10451.0,10479.199
2018-02-11 08:00:00,10489.0,10521.634
2018-02-11 09:00:00,10749.0,10712.501
2018-02-11 10:00:00,10969.0,10911.834
2018-02-11 11:00:00,11056.0,11093.562
2018-02-11 12:00:00,11041.0,11057.166
2018-02-11 13:00:00,11072.0,11043.582
2018-02-11 14:00:00,11028.0,11083.559
2018-02-11 15:00:00,10924.0,11001.068
2018-02-11 16:00:00,10847.0,10931.904
2018-02-11 17:00:00,11217.0,11073.438
2018-02-11 18:00:00,11953.0,11961.5205
2018-02-11 19:00:00,12468.0,12350.656
2018-02-11 20:00:00,12327.0,12419.534
2018-02-11 21:00:00,12249.0,12089.134
2018-02-11 22:00:00,11940.0,11918.842
2018-02-11 23:00:00,11453.0,11462.092
2018-02-12 00:00:00,11045.0,10928.059
2018-02-12 01:00:00,10827.0,10708.051
2018-02-12 02:00:00,10643.0,10674.125
2018-02-12 03:00:00,10623.0,10617.431
2018-02-12 04:00:00,10707.0,10766.329
2018-02-12 05:00:00,10993.0,11037.694
2018-02-12 06:00:00,11719.0,11739.076
2018-02-12 07:00:00,12739.0,12731.379
2018-02-12 08:00:00,13059.0,13216.237
2018-02-12 09:00:00,13053.0,13200.636
2018-02-12 10:00:00,12894.0,13058.408
2018-02-12 11:00:00,12789.0,12867.134
2018-02-12 12:00:00,12663.0,12650.967
2018-02-12 13:00:00,12586.0,12519.398
2018-02-12 14:00:00,12495.0,12506.203
2018-02-12 15:00:00,12385.0,12396.801
2018-02-12 16:00:00,12394.0,12333.761
2018-02-12 17:00:00,12611.0,12649.308
2018-02-12 18:00:00,13184.0,13307.044
2018-02-12 19:00:00,13436.0,13458.477
2018-02-12 20:00:00,13300.0,13291.754
2018-02-12 21:00:00,13090.0,13036.789
2018-02-12 22:00:00,12634.0,12547.298
2018-02-12 23:00:00,11966.0,11800.976
2018-02-13 00:00:00,11347.0,11309.667
2018-02-13 01:00:00,11011.0,10920.02
2018-02-13 02:00:00,10852.0,10796.302
2018-02-13 03:00:00,10736.0,10700.297
2018-02-13 04:00:00,10747.0,10795.78
2018-02-13 05:00:00,10989.0,11005.975
2018-02-13 06:00:00,11636.0,11584.028
2018-02-13 07:00:00,12590.0,12544.216
2018-02-13 08:00:00,12935.0,12935.931
2018-02-13 09:00:00,13070.0,13020.173
2018-02-13 10:00:00,13079.0,13099.028
2018-02-13 11:00:00,13008.0,13033.37
2018-02-13 12:00:00,12808.0,12891.665
2018-02-13 13:00:00,12617.0,12691.116
2018-02-13 14:00:00,12451.0,12533.499
2018-02-13 15:00:00,12339.0,12295.31
2018-02-13 16:00:00,12250.0,12225.713
2018-02-13 17:00:00,12293.0,12442.018
2018-02-13 18:00:00,12735.0,12799.433
2018-02-13 19:00:00,13003.0,13145.564
2018-02-13 20:00:00,12870.0,12920.9375
2018-02-13 21:00:00,12653.0,12613.363
2018-02-13 22:00:00,12185.0,12178.872
2018-02-13 23:00:00,11516.0,11493.007
2018-02-14 00:00:00,10896.0,10927.09
2018-02-14 01:00:00,10512.0,10450.781
2018-02-14 02:00:00,10284.0,10236.592
2018-02-14 03:00:00,10145.0,10179.143
2018-02-14 04:00:00,10125.0,10151.513
2018-02-14 05:00:00,10391.0,10341.44
2018-02-14 06:00:00,11081.0,11051.083
2018-02-14 07:00:00,12054.0,12160.067
2018-02-14 08:00:00,12352.0,12498.138
2018-02-14 09:00:00,12276.0,12433.072
2018-02-14 10:00:00,12103.0,12211.486
2018-02-14 11:00:00,11997.0,12038.613
2018-02-14 12:00:00,11905.0,11866.772
2018-02-14 13:00:00,11746.0,11760.079
2018-02-14 14:00:00,11674.0,11670.113
2018-02-14 15:00:00,11585.0,11528.68
2018-02-14 16:00:00,11613.0,11537.587
2018-02-14 17:00:00,11818.0,11934.833
2018-02-14 18:00:00,12307.0,12493.327
2018-02-14 19:00:00,12386.0,12602.869
2018-02-14 20:00:00,12197.0,12404.892
2018-02-14 21:00:00,11908.0,11995.268
2018-02-14 22:00:00,11428.0,11540.08
2018-02-14 23:00:00,10725.0,10830.866
2018-02-15 00:00:00,10106.0,10155.057
2018-02-15 01:00:00,9686.0,9713.782
2018-02-15 02:00:00,9428.0,9447.52
2018-02-15 03:00:00,9287.0,9268.001
2018-02-15 04:00:00,9266.0,9319.669
2018-02-15 05:00:00,9486.0,9442.17
2018-02-15 06:00:00,10182.0,10196.464
2018-02-15 07:00:00,11219.0,11242.592
2018-02-15 08:00:00,11621.0,11758.582
2018-02-15 09:00:00,11818.0,11750.726
2018-02-15 10:00:00,11872.0,11908.1045
2018-02-15 11:00:00,11871.0,11918.902
2018-02-15 12:00:00,11822.0,11823.718
2018-02-15 13:00:00,11665.0,11745.841
2018-02-15 14:00:00,11634.0,11583.127
2018-02-15 15:00:00,11480.0,11536.686
2018-02-15 16:00:00,11414.0,11433.9795
2018-02-15 17:00:00,11533.0,11583.605
2018-02-15 18:00:00,12002.0,11978.885
2018-02-15 19:00:00,12082.0,12268.544
2018-02-15 20:00:00,11904.0,12003.398
2018-02-15 21:00:00,11659.0,11738.098
2018-02-15 22:00:00,11220.0,11314.893
2018-02-15 23:00:00,10538.0,10579.761
2018-02-16 00:00:00,9995.0,9914.34
2018-02-16 01:00:00,9673.0,9642.927
2018-02-16 02:00:00,9478.0,9438.703
2018-02-16 03:00:00,9367.0,9370.938
2018-02-16 04:00:00,9360.0,9388.08
2018-02-16 05:00:00,9641.0,9621.881
2018-02-16 06:00:00,10323.0,10374.421
2018-02-16 07:00:00,11334.0,11316.677
2018-02-16 08:00:00,11788.0,11933.121
2018-02-16 09:00:00,12005.0,11970.129
2018-02-16 10:00:00,12135.0,12047.613
2018-02-16 11:00:00,12101.0,12129.002
2018-02-16 12:00:00,11884.0,11986.581
2018-02-16 13:00:00,11719.0,11716.34
2018-02-16 14:00:00,11621.0,11567.886
2018-02-16 15:00:00,11474.0,11465.642
2018-02-16 16:00:00,11329.0,11382.346
2018-02-16 17:00:00,11430.0,11474.565
2018-02-16 18:00:00,11975.0,11918.0625
2018-02-16 19:00:00,12368.0,12258.963
2018-02-16 20:00:00,12287.0,12284.055
2018-02-16 21:00:00,12095.0,12077.691
2018-02-16 22:00:00,11829.0,11729.14
2018-02-16 23:00:00,11282.0,11211.683
2018-02-17 00:00:00,10823.0,10621.502
2018-02-17 01:00:00,10421.0,10311.918
2018-02-17 02:00:00,10280.0,10195.909
2018-02-17 03:00:00,10122.0,10148.128
2018-02-17 04:00:00,10123.0,10105.426
2018-02-17 05:00:00,10176.0,10265.504
2018-02-17 06:00:00,10503.0,10438.129
2018-02-17 07:00:00,10882.0,10905.795
2018-02-17 08:00:00,11078.0,11125.597
2018-02-17 09:00:00,11339.0,11260.618
2018-02-17 10:00:00,11503.0,11462.12
2018-02-17 11:00:00,11390.0,11589.144
2018-02-17 12:00:00,11164.0,11274.149
2018-02-17 13:00:00,10986.0,11036.762
2018-02-17 14:00:00,10825.0,10825.699
2018-02-17 15:00:00,10812.0,10736.199
2018-02-17 16:00:00,10906.0,10861.725
2018-02-17 17:00:00,11057.0,11274.749
2018-02-17 18:00:00,11382.0,11634.202
2018-02-17 19:00:00,11609.0,11782.077
2018-02-17 20:00:00,11502.0,11891.119
2018-02-17 21:00:00,11357.0,11457.334
2018-02-17 22:00:00,11051.0,11100.37
2018-02-17 23:00:00,10603.0,10639.063
2018-02-18 00:00:00,10152.0,10147.986
2018-02-18 01:00:00,9824.0,9796.166
2018-02-18 02:00:00,9634.0,9633.556
2018-02-18 03:00:00,9544.0,9521.76
2018-02-18 04:00:00,9557.0,9504.304
2018-02-18 05:00:00,9655.0,9635.587
2018-02-18 06:00:00,9847.0,9865.899
2018-02-18 07:00:00,10061.0,10034.291
2018-02-18 08:00:00,10127.0,10129.4
2018-02-18 09:00:00,10236.0,10301.769
2018-02-18 10:00:00,10307.0,10352.813
2018-02-18 11:00:00,10370.0,10318.296
2018-02-18 12:00:00,10242.0,10341.292
2018-02-18 13:00:00,10135.0,10163.47
2018-02-18 14:00:00,9986.0,10018.039
2018-02-18 15:00:00,9924.0,9910.906
2018-02-18 16:00:00,9928.0,9949.362
2018-02-18 17:00:00,10144.0,10248.06
2018-02-18 18:00:00,10750.0,10790.236
2018-02-18 19:00:00,11218.0,11341.361
2018-02-18 20:00:00,11141.0,11369.053
2018-02-18 21:00:00,10945.0,11080.171
2018-02-18 22:00:00,10628.0,10650.497
2018-02-18 23:00:00,10135.0,10187.422
2018-02-19 00:00:00,9668.0,9624.315
2018-02-19 01:00:00,9361.0,9298.988
2018-02-19 02:00:00,9183.0,9178.99
2018-02-19 03:00:00,9055.0,9182.43
2018-02-19 04:00:00,9074.0,9094.196
2018-02-19 05:00:00,9339.0,9318.625
2018-02-19 06:00:00,9918.0,10017.834
2018-02-19 07:00:00,10793.0,10909.137
2018-02-19 08:00:00,11150.0,11325.083
2018-02-19 09:00:00,11455.0,11369.158
2018-02-19 10:00:00,11665.0,11559.677
2018-02-19 11:00:00,11765.0,11753.05
2018-02-19 12:00:00,11756.0,11714.129
2018-02-19 13:00:00,11645.0,11692.163
2018-02-19 14:00:00,11576.0,11578.186
2018-02-19 15:00:00,11441.0,11426.902
2018-02-19 16:00:00,11365.0,11378.365
2018-02-19 17:00:00,11466.0,11496.9
2018-02-19 18:00:00,11789.0,11857.1875
2018-02-19 19:00:00,11752.0,12097.844
2018-02-19 20:00:00,11514.0,11760.076
2018-02-19 21:00:00,11249.0,11348.054
2018-02-19 22:00:00,10834.0,10887.488
2018-02-19 23:00:00,10186.0,10193.739
2018-02-20 00:00:00,9614.0,9608.24
2018-02-20 01:00:00,9158.0,9170.27
2018-02-20 02:00:00,8836.0,8908.583
2018-02-20 03:00:00,8726.0,8713.683
2018-02-20 04:00:00,8709.0,8729.846
2018-02-20 05:00:00,8953.0,9009.774
2018-02-20 06:00:00,9578.0,9701.868
2018-02-20 07:00:00,10555.0,10610.976
2018-02-20 08:00:00,11017.0,11138.372
2018-02-20 09:00:00,11157.0,11277.895
2018-02-20 10:00:00,11200.0,11236.59
2018-02-20 11:00:00,11329.0,11238.168
2018-02-20 12:00:00,11349.0,11314.742
2018-02-20 13:00:00,11413.0,11298.251
2018-02-20 14:00:00,11516.0,11421.236
2018-02-20 15:00:00,11375.0,11422.914
2018-02-20 16:00:00,11302.0,11266.622
2018-02-20 17:00:00,11426.0,11325.785
2018-02-20 18:00:00,11809.0,11752.112
2018-02-20 19:00:00,11927.0,12017.72
2018-02-20 20:00:00,11803.0,11819.994
2018-02-20 21:00:00,11596.0,11604.8955
2018-02-20 22:00:00,11213.0,11171.989
2018-02-20 23:00:00,10610.0,10498.645
2018-02-21 00:00:00,10102.0,9999.428
2018-02-21 01:00:00,9775.0,9707.872
2018-02-21 02:00:00,9599.0,9568.835
2018-02-21 03:00:00,9537.0,9498.035
2018-02-21 04:00:00,9519.0,9537.025
2018-02-21 05:00:00,9821.0,9766.632
2018-02-21 06:00:00,10558.0,10471.268
2018-02-21 07:00:00,11601.0,11541.7705
2018-02-21 08:00:00,12059.0,11991.847
2018-02-21 09:00:00,12231.0,12197.551
2018-02-21 10:00:00,12279.0,12302.119
2018-02-21 11:00:00,12242.0,12322.796
2018-02-21 12:00:00,12199.0,12142.557
2018-02-21 13:00:00,12091.0,12102.418
2018-02-21 14:00:00,12106.0,12054.609
2018-02-21 15:00:00,12032.0,11997.667
2018-02-21 16:00:00,12045.0,11968.508
2018-02-21 17:00:00,12195.0,12207.413
2018-02-21 18:00:00,12585.0,12642.198
2018-02-21 19:00:00,12739.0,12755.851
2018-02-21 20:00:00,12611.0,12641.159
2018-02-21 21:00:00,12346.0,12382.745
2018-02-21 22:00:00,11870.0,11808.814
2018-02-21 23:00:00,11153.0,11124.127
2018-02-22 00:00:00,10582.0,10475.762
2018-02-22 01:00:00,10211.0,10111.058
2018-02-22 02:00:00,9953.0,9989.662
2018-02-22 03:00:00,9807.0,9844.288
2018-02-22 04:00:00,9773.0,9857.903
2018-02-22 05:00:00,10046.0,10023.452
2018-02-22 06:00:00,10699.0,10788.223
2018-02-22 07:00:00,11715.0,11685.003
2018-02-22 08:00:00,12125.0,12165.996
2018-02-22 09:00:00,12212.0,12193.62
2018-02-22 10:00:00,12168.0,12184.081
2018-02-22 11:00:00,12138.0,12161.805
2018-02-22 12:00:00,11947.0,12039.084
2018-02-22 13:00:00,11796.0,11795.676
2018-02-22 14:00:00,11796.0,11687.512
2018-02-22 15:00:00,11764.0,11686.444
2018-02-22 16:00:00,11766.0,11716.932
2018-02-22 17:00:00,11831.0,11978.592
2018-02-22 18:00:00,12192.0,12283.536
2018-02-22 19:00:00,12300.0,12414.459
2018-02-22 20:00:00,12101.0,12334.373
2018-02-22 21:00:00,11821.0,11899.585
2018-02-22 22:00:00,11350.0,11437.68
2018-02-22 23:00:00,10681.0,10737.318
2018-02-23 00:00:00,10068.0,10055.008
2018-02-23 01:00:00,9651.0,9658.572
2018-02-23 02:00:00,9417.0,9376.812
2018-02-23 03:00:00,9251.0,9280.749
2018-02-23 04:00:00,9277.0,9258.639
2018-02-23 05:00:00,9500.0,9443.273
2018-02-23 06:00:00,10150.0,10182.463
2018-02-23 07:00:00,11070.0,11142.845
2018-02-23 08:00:00,11481.0,11597.405
2018-02-23 09:00:00,11632.0,11626.823
2018-02-23 10:00:00,11790.0,11686.708
2018-02-23 11:00:00,11866.0,11868.655
2018-02-23 12:00:00,11862.0,11762.544
2018-02-23 13:00:00,11796.0,11774.07
2018-02-23 14:00:00,11749.0,11764.341
2018-02-23 15:00:00,11647.0,11618.965
2018-02-23 16:00:00,11530.0,11556.921
2018-02-23 17:00:00,11599.0,11638.896
2018-02-23 18:00:00,11862.0,12023.0205
2018-02-23 19:00:00,11954.0,12131.904
2018-02-23 20:00:00,11786.0,11951.497
2018-02-23 21:00:00,11508.0,11601.589
2018-02-23 22:00:00,11183.0,11133.4
2018-02-23 23:00:00,10584.0,10577.853
2018-02-24 00:00:00,10072.0,10025.574
2018-02-24 01:00:00,9631.0,9665.098
2018-02-24 02:00:00,9429.0,9376.026
2018-02-24 03:00:00,9267.0,9262.444
2018-02-24 04:00:00,9209.0,9230.485
2018-02-24 05:00:00,9316.0,9317.586
2018-02-24 06:00:00,9606.0,9611.26
2018-02-24 07:00:00,10052.0,9989.626
2018-02-24 08:00:00,10304.0,10231.434
2018-02-24 09:00:00,10639.0,10567.226
2018-02-24 10:00:00,10787.0,10808.083
2018-02-24 11:00:00,10859.0,10837.896
2018-02-24 12:00:00,10682.0,10825.1875
2018-02-24 13:00:00,10576.0,10530.742
2018-02-24 14:00:00,10406.0,10383.55
2018-02-24 15:00:00,10300.0,10264.973
2018-02-24 16:00:00,10360.0,10225.713
2018-02-24 17:00:00,10545.0,10592.968
2018-02-24 18:00:00,10927.0,11039.1455
2018-02-24 19:00:00,10989.0,11178.974
2018-02-24 20:00:00,10859.0,11054.398
2018-02-24 21:00:00,10658.0,10762.084
2018-02-24 22:00:00,10243.0,10422.551
2018-02-24 23:00:00,9771.0,9826.175
2018-02-25 00:00:00,9383.0,9273.975
2018-02-25 01:00:00,9053.0,9005.124
2018-02-25 02:00:00,8896.0,8786.2295
2018-02-25 03:00:00,8886.0,8733.673
2018-02-25 04:00:00,8902.0,8865.548
2018-02-25 05:00:00,8990.0,9013.708
2018-02-25 06:00:00,9131.0,9188.845
2018-02-25 07:00:00,9327.0,9283.991
2018-02-25 08:00:00,9409.0,9444.094
2018-02-25 09:00:00,9566.0,9625.05
2018-02-25 10:00:00,9648.0,9688.133
2018-02-25 11:00:00,9674.0,9705.716
2018-02-25 12:00:00,9642.0,9627.471
2018-02-25 13:00:00,9575.0,9571.611
2018-02-25 14:00:00,9502.0,9497.345
2018-02-25 15:00:00,9408.0,9467.797
2018-02-25 16:00:00,9426.0,9392.974
2018-02-25 17:00:00,9591.0,9536.816
2018-02-25 18:00:00,10113.0,9988.973
2018-02-25 19:00:00,10683.0,10489.275
2018-02-25 20:00:00,10668.0,10757.743
2018-02-25 21:00:00,10561.0,10499.091
2018-02-25 22:00:00,10224.0,10233.5
2018-02-25 23:00:00,9810.0,9815.102
2018-02-26 00:00:00,9414.0,9303.981
2018-02-26 01:00:00,9123.0,9073.497
2018-02-26 02:00:00,9060.0,8906.358
2018-02-26 03:00:00,9040.0,8965.333
2018-02-26 04:00:00,9113.0,9095.354
2018-02-26 05:00:00,9442.0,9487.8955
2018-02-26 06:00:00,10275.0,10250.522
2018-02-26 07:00:00,11223.0,11314.534
2018-02-26 08:00:00,11573.0,11734.379
2018-02-26 09:00:00,11579.0,11657.751
2018-02-26 10:00:00,11441.0,11558.124
2018-02-26 11:00:00,11382.0,11412.823
2018-02-26 12:00:00,11288.0,11330.667
2018-02-26 13:00:00,11162.0,11244.276
2018-02-26 14:00:00,11095.0,11134.155
2018-02-26 15:00:00,10940.0,11016.934
2018-02-26 16:00:00,10789.0,10896.4795
2018-02-26 17:00:00,10800.0,10893.182
2018-02-26 18:00:00,11096.0,11128.292
2018-02-26 19:00:00,11545.0,11535.959
2018-02-26 20:00:00,11444.0,11792.619
2018-02-26 21:00:00,11221.0,11298.345
2018-02-26 22:00:00,10773.0,10910.565
2018-02-26 23:00:00,10210.0,10125.545
2018-02-27 00:00:00,9695.0,9685.919
2018-02-27 01:00:00,9337.0,9229.044
2018-02-27 02:00:00,9113.0,9107.724
2018-02-27 03:00:00,9009.0,9034.347
2018-02-27 04:00:00,8994.0,9011.595
2018-02-27 05:00:00,9224.0,9183.579
2018-02-27 06:00:00,9929.0,9835.769
2018-02-27 07:00:00,10873.0,10892.842
2018-02-27 08:00:00,11225.0,11406.476
2018-02-27 09:00:00,11360.0,11370.28
2018-02-27 10:00:00,11299.0,11393.944
2018-02-27 11:00:00,11183.0,11283.3545
2018-02-27 12:00:00,11105.0,11100.855
2018-02-27 13:00:00,10988.0,11037.452
2018-02-27 14:00:00,10955.0,10971.583
2018-02-27 15:00:00,10812.0,10842.972
2018-02-27 16:00:00,10625.0,10757.329
2018-02-27 17:00:00,10654.0,10692.638
2018-02-27 18:00:00,10925.0,10998.6045
2018-02-27 19:00:00,11345.0,11259.185
2018-02-27 20:00:00,11176.0,11583.465
2018-02-27 21:00:00,10943.0,11098.271
2018-02-27 22:00:00,10488.0,10546.8545
2018-02-27 23:00:00,9857.0,9869.079
2018-02-28 00:00:00,9282.0,9301.038
2018-02-28 01:00:00,8881.0,8864.725
2018-02-28 02:00:00,8654.0,8628.761
2018-02-28 03:00:00,8510.0,8500.827
2018-02-28 04:00:00,8467.0,8511.795
2018-02-28 05:00:00,8697.0,8700.458
2018-02-28 06:00:00,9365.0,9375.161
2018-02-28 07:00:00,10280.0,10340.43
2018-02-28 08:00:00,10662.0,10885.65
2018-02-28 09:00:00,10734.0,10954.949
2018-02-28 10:00:00,10781.0,10841.156
2018-02-28 11:00:00,10836.0,10861.829
2018-02-28 12:00:00,10807.0,10859.312
2018-02-28 13:00:00,10740.0,10779.585
2018-02-28 14:00:00,10788.0,10782.438
2018-02-28 15:00:00,10807.0,10753.589
2018-02-28 16:00:00,10789.0,10811.567
2018-02-28 17:00:00,11030.0,10886.901
2018-02-28 18:00:00,11406.0,11337.986
2018-02-28 19:00:00,11604.0,11597.813
2018-02-28 20:00:00,11494.0,11596.019
2018-02-28 21:00:00,11278.0,11324.988
2018-02-28 22:00:00,10833.0,10821.31
2018-02-28 23:00:00,10185.0,10096.032
2018-03-01 00:00:00,9616.0,9573.19
2018-03-01 01:00:00,9217.0,9133.494
2018-03-01 02:00:00,9008.0,8948.005
2018-03-01 03:00:00,8887.0,8899.575
2018-03-01 04:00:00,8929.0,8915.859
2018-03-01 05:00:00,9226.0,9232.665
2018-03-01 06:00:00,10012.0,9881.112
2018-03-01 07:00:00,11129.0,10996.8955
2018-03-01 08:00:00,11753.0,11580.049
2018-03-01 09:00:00,11945.0,11925.35
2018-03-01 10:00:00,11935.0,11993.646
2018-03-01 11:00:00,11984.0,11937.75
2018-03-01 12:00:00,11917.0,11925.146
2018-03-01 13:00:00,11713.0,11847.572
2018-03-01 14:00:00,11596.0,11627.523
2018-03-01 15:00:00,11334.0,11441.037
2018-03-01 16:00:00,11247.0,11222.854
2018-03-01 17:00:00,11250.0,11266.009
2018-03-01 18:00:00,11488.0,11389.521
2018-03-01 19:00:00,12004.0,11774.694
2018-03-01 20:00:00,11872.0,12062.088
2018-03-01 21:00:00,11640.0,11680.111
2018-03-01 22:00:00,11251.0,11167.4
2018-03-01 23:00:00,10558.0,10538.161
2018-03-02 00:00:00,10035.0,9930.483
2018-03-02 01:00:00,9635.0,9563.253
2018-03-02 02:00:00,9480.0,9410.056
2018-03-02 03:00:00,9346.0,9374.212
2018-03-02 04:00:00,9350.0,9406.197
2018-03-02 05:00:00,9639.0,9628.13
2018-03-02 06:00:00,10347.0,10387.017
2018-03-02 07:00:00,11147.0,11334.847
2018-03-02 08:00:00,11409.0,11579.337
2018-03-02 09:00:00,11403.0,11456.366
2018-03-02 10:00:00,11403.0,11421.868
2018-03-02 11:00:00,11420.0,11388.032
2018-03-02 12:00:00,11299.0,11333.879
2018-03-02 13:00:00,11162.0,11176.016
2018-03-02 14:00:00,11079.0,11083.052
2018-03-02 15:00:00,10908.0,10933.682
2018-03-02 16:00:00,10738.0,10769.684
2018-03-02 17:00:00,10742.0,10749.459
2018-03-02 18:00:00,11021.0,10895.908
2018-03-02 19:00:00,11530.0,11350.653
2018-03-02 20:00:00,11446.0,11722.375
2018-03-02 21:00:00,11258.0,11280.721
2018-03-02 22:00:00,11033.0,10931.633
2018-03-02 23:00:00,10475.0,10534.109
2018-03-03 00:00:00,9943.0,9928.329
2018-03-03 01:00:00,9526.0,9474.08
2018-03-03 02:00:00,9281.0,9263.432
2018-03-03 03:00:00,9102.0,9165.716
2018-03-03 04:00:00,9041.0,9111.04
2018-03-03 05:00:00,9159.0,9095.831
2018-03-03 06:00:00,9434.0,9415.162
2018-03-03 07:00:00,9744.0,9775.043
2018-03-03 08:00:00,9919.0,9929.073
2018-03-03 09:00:00,10083.0,10137.168
2018-03-03 10:00:00,10148.0,10193.955
2018-03-03 11:00:00,10156.0,10126.506
2018-03-03 12:00:00,10085.0,10036.815
2018-03-03 13:00:00,9915.0,9995.679
2018-03-03 14:00:00,9679.0,9749.744
2018-03-03 15:00:00,9518.0,9519.818
2018-03-03 16:00:00,9472.0,9382.188
2018-03-03 17:00:00,9586.0,9532.17
2018-03-03 18:00:00,9938.0,9817.917
2018-03-03 19:00:00,10568.0,10372.655
2018-03-03 20:00:00,10575.0,10766.912
2018-03-03 21:00:00,10480.0,10489.933
2018-03-03 22:00:00,10280.0,10193.752
2018-03-03 23:00:00,9863.0,9841.154
2018-03-04 00:00:00,9450.0,9358.143
2018-03-04 01:00:00,9128.0,9068.933
2018-03-04 02:00:00,8968.0,8882.908
2018-03-04 03:00:00,8831.0,8795.439
2018-03-04 04:00:00,8769.0,8843.575
2018-03-04 05:00:00,8854.0,8883.912
2018-03-04 06:00:00,8999.0,9008.297
2018-03-04 07:00:00,9087.0,9223.126
2018-03-04 08:00:00,9139.0,9169.934
2018-03-04 09:00:00,9279.0,9262.984
2018-03-04 10:00:00,9373.0,9366.912
2018-03-04 11:00:00,9383.0,9456.334
2018-03-04 12:00:00,9357.0,9440.933
2018-03-04 13:00:00,9336.0,9340.558
2018-03-04 14:00:00,9152.0,9301.16
2018-03-04 15:00:00,9092.0,9083.183
2018-03-04 16:00:00,9153.0,9061.757
2018-03-04 17:00:00,9338.0,9248.503
2018-03-04 18:00:00,9820.0,9676.725
2018-03-04 19:00:00,10486.0,10265.96
2018-03-04 20:00:00,10554.0,10701.532
2018-03-04 21:00:00,10384.0,10485.674
2018-03-04 22:00:00,10167.0,10068.697
2018-03-04 23:00:00,9700.0,9668.945
2018-03-05 00:00:00,9379.0,9154.379
2018-03-05 01:00:00,9124.0,9061.242
2018-03-05 02:00:00,9030.0,8946.937
2018-03-05 03:00:00,8977.0,8956.191
2018-03-05 04:00:00,9021.0,9000.1
2018-03-05 05:00:00,9335.0,9334.721
2018-03-05 06:00:00,10129.0,10153.546
2018-03-05 07:00:00,11029.0,11148.61
2018-03-05 08:00:00,11666.0,11472.735
2018-03-05 09:00:00,11897.0,11778.083
2018-03-05 10:00:00,12058.0,11940.465
2018-03-05 11:00:00,12037.0,12116.879
2018-03-05 12:00:00,12011.0,11965.449
2018-03-05 13:00:00,11981.0,11929.907
2018-03-05 14:00:00,11900.0,11947.643
2018-03-05 15:00:00,11826.0,11824.107
2018-03-05 16:00:00,11816.0,11760.057
2018-03-05 17:00:00,12004.0,11906.945
2018-03-05 18:00:00,12362.0,12186.4795
2018-03-05 19:00:00,12446.0,12435.857
2018-03-05 20:00:00,12261.0,12495.35
2018-03-05 21:00:00,11956.0,12012.964
2018-03-05 22:00:00,11448.0,11471.1875
2018-03-05 23:00:00,10750.0,10667.447
2018-03-06 00:00:00,10138.0,10119.723
2018-03-06 01:00:00,9699.0,9717.237
2018-03-06 02:00:00,9420.0,9460.255
2018-03-06 03:00:00,9329.0,9299.004
2018-03-06 04:00:00,9330.0,9370.523
2018-03-06 05:00:00,9567.0,9648.425
2018-03-06 06:00:00,10268.0,10366.709
2018-03-06 07:00:00,11185.0,11361.082
2018-03-06 08:00:00,11674.0,11733.795
2018-03-06 09:00:00,11840.0,11851.069
2018-03-06 10:00:00,11904.0,11883.373
2018-03-06 11:00:00,11893.0,11940.872
2018-03-06 12:00:00,11769.0,11851.783
2018-03-06 13:00:00,11799.0,11691.197
2018-03-06 14:00:00,11815.0,11853.0205
2018-03-06 15:00:00,11706.0,11732.094
2018-03-06 16:00:00,11609.0,11587.744
2018-03-06 17:00:00,11711.0,11672.309
2018-03-06 18:00:00,11990.0,11910.975
2018-03-06 19:00:00,12274.0,12160.17
2018-03-06 20:00:00,12146.0,12378.604
2018-03-06 21:00:00,11891.0,11936.806
2018-03-06 22:00:00,11432.0,11459.545
2018-03-06 23:00:00,10776.0,10739.663
2018-03-07 00:00:00,10244.0,10199.888
2018-03-07 01:00:00,9854.0,9793.272
2018-03-07 02:00:00,9682.0,9586.684
2018-03-07 03:00:00,9613.0,9581.749
2018-03-07 04:00:00,9672.0,9642.362
2018-03-07 05:00:00,9984.0,9944.725
2018-03-07 06:00:00,10704.0,10704.654
2018-03-07 07:00:00,11611.0,11659.534
2018-03-07 08:00:00,11994.0,12090.308
2018-03-07 09:00:00,12017.0,12124.312
2018-03-07 10:00:00,11952.0,11997.897
2018-03-07 11:00:00,11958.0,11896.115
2018-03-07 12:00:00,11882.0,11900.789
2018-03-07 13:00:00,11818.0,11783.507
2018-03-07 14:00:00,11810.0,11746.525
2018-03-07 15:00:00,11711.0,11709.613
2018-03-07 16:00:00,11726.0,11617.405
2018-03-07 17:00:00,11878.0,11812.279
2018-03-07 18:00:00,12247.0,12140.582
2018-03-07 19:00:00,12535.0,12350.19
2018-03-07 20:00:00,12401.0,12565.509
2018-03-07 21:00:00,12203.0,12211.581
2018-03-07 22:00:00,11703.0,11745.73
2018-03-07 23:00:00,11031.0,10939.339
2018-03-08 00:00:00,10464.0,10383.586
2018-03-08 01:00:00,10101.0,10027.161
2018-03-08 02:00:00,9924.0,9871.294
2018-03-08 03:00:00,9822.0,9802.27
2018-03-08 04:00:00,9834.0,9860.459
2018-03-08 05:00:00,10163.0,10078.942
2018-03-08 06:00:00,10857.0,10942.461
2018-03-08 07:00:00,11710.0,11731.278
2018-03-08 08:00:00,12068.0,12105.648
2018-03-08 09:00:00,12120.0,12179.045
2018-03-08 10:00:00,12072.0,12097.98
2018-03-08 11:00:00,12062.0,12052.954
2018-03-08 12:00:00,11981.0,12017.673
2018-03-08 13:00:00,11894.0,11876.757
2018-03-08 14:00:00,11826.0,11852.857
2018-03-08 15:00:00,11735.0,11678.71
2018-03-08 16:00:00,11639.0,11631.715
2018-03-08 17:00:00,11707.0,11721.179
2018-03-08 18:00:00,11930.0,11967.321
2018-03-08 19:00:00,12442.0,12164.043
2018-03-08 20:00:00,12354.0,12514.545
2018-03-08 21:00:00,12119.0,12125.848
2018-03-08 22:00:00,11633.0,11663.688
2018-03-08 23:00:00,10952.0,10933.115
2018-03-09 00:00:00,10381.0,10272.843
2018-03-09 01:00:00,10037.0,9921.891
2018-03-09 02:00:00,9882.0,9752.307
2018-03-09 03:00:00,9762.0,9765.028
2018-03-09 04:00:00,9772.0,9822.985
2018-03-09 05:00:00,10087.0,10043.958
2018-03-09 06:00:00,10793.0,10818.04
2018-03-09 07:00:00,11543.0,11644.013
2018-03-09 08:00:00,11860.0,11927.335
2018-03-09 09:00:00,11875.0,11949.222
2018-03-09 10:00:00,11839.0,11837.92
2018-03-09 11:00:00,11792.0,11790.296
2018-03-09 12:00:00,11701.0,11703.9795
2018-03-09 13:00:00,11510.0,11564.374
2018-03-09 14:00:00,11405.0,11425.475
2018-03-09 15:00:00,11200.0,11239.275
2018-03-09 16:00:00,11067.0,11070.026
2018-03-09 17:00:00,11103.0,11118.941
2018-03-09 18:00:00,11414.0,11251.102
2018-03-09 19:00:00,11984.0,11722.9375
2018-03-09 20:00:00,11853.0,12072.709
2018-03-09 21:00:00,11621.0,11724.054
2018-03-09 22:00:00,11318.0,11270.606
2018-03-09 23:00:00,10750.0,10777.949
2018-03-10 00:00:00,10230.0,10264.369
2018-03-10 01:00:00,9851.0,9802.547
2018-03-10 02:00:00,9638.0,9578.011
2018-03-10 03:00:00,9545.0,9508.807
2018-03-10 04:00:00,9473.0,9513.087
2018-03-10 05:00:00,9621.0,9536.606
2018-03-10 06:00:00,9890.0,9833.31
2018-03-10 07:00:00,10109.0,10202.926
2018-03-10 08:00:00,10263.0,10183.97
2018-03-10 09:00:00,10443.0,10416.759
2018-03-10 10:00:00,10523.0,10474.809
2018-03-10 11:00:00,10483.0,10482.467
2018-03-10 12:00:00,10378.0,10326.204
2018-03-10 13:00:00,10182.0,10201.927
2018-03-10 14:00:00,9978.0,9999.659
2018-03-10 15:00:00,9807.0,9799.041
2018-03-10 16:00:00,9745.0,9773.373
2018-03-10 17:00:00,9871.0,9868.742
2018-03-10 18:00:00,10177.0,10170.925
2018-03-10 19:00:00,10783.0,10581.906
2018-03-10 20:00:00,10860.0,11137.95
2018-03-10 21:00:00,10743.0,10803.7295
2018-03-10 22:00:00,10489.0,10491.241
2018-03-10 23:00:00,10056.0,10053.165
2018-03-11 00:00:00,9632.0,9565.089
2018-03-11 01:00:00,9360.0,9188.317
2018-03-11 02:00:00,9126.0,9090.761
2018-03-11 04:00:00,9031.0,9057.116
2018-03-11 05:00:00,8966.0,9083.561
2018-03-11 06:00:00,9127.0,9128.299
2018-03-11 07:00:00,9384.0,9293.365
2018-03-11 08:00:00,9431.0,9577.677
2018-03-11 09:00:00,9485.0,9621.34
2018-03-11 10:00:00,9568.0,9614.968
2018-03-11 11:00:00,9628.0,9622.961
2018-03-11 12:00:00,9638.0,9679.066
2018-03-11 13:00:00,9609.0,9653.576
2018-03-11 14:00:00,9562.0,9558.757
2018-03-11 15:00:00,9460.0,9540.1875
2018-03-11 16:00:00,9440.0,9468.239
2018-03-11 17:00:00,9441.0,9528.6
2018-03-11 18:00:00,9523.0,9592.554
2018-03-11 19:00:00,9877.0,9776.943
2018-03-11 20:00:00,10574.0,10449.581
2018-03-11 21:00:00,10647.0,10652.191
2018-03-11 22:00:00,10463.0,10426.728
2018-03-11 23:00:00,10052.0,9952.279
2018-03-12 00:00:00,9629.0,9586.369
2018-03-12 01:00:00,9249.0,9206.608
2018-03-12 02:00:00,9071.0,9035.937
2018-03-12 03:00:00,8970.0,8969.671
2018-03-12 04:00:00,9100.0,8989.856
2018-03-12 05:00:00,9255.0,9443.648
2018-03-12 06:00:00,10031.0,10002.77
2018-03-12 07:00:00,11161.0,11080.126
2018-03-12 08:00:00,11826.0,11635.7295
2018-03-12 09:00:00,11923.0,11925.62
2018-03-12 10:00:00,11973.0,11898.559
2018-03-12 11:00:00,11960.0,11946.355
2018-03-12 12:00:00,11914.0,11896.916
2018-03-12 13:00:00,11725.0,11821.729
2018-03-12 14:00:00,11599.0,11631.219
2018-03-12 15:00:00,11449.0,11451.146
2018-03-12 16:00:00,11304.0,11416.983
2018-03-12 17:00:00,11276.0,11357.121
2018-03-12 18:00:00,11321.0,11415.002
2018-03-12 19:00:00,11468.0,11511.681
2018-03-12 20:00:00,11865.0,11952.589
2018-03-12 21:00:00,11750.0,11860.143
2018-03-12 22:00:00,11362.0,11261.592
2018-03-12 23:00:00,10740.0,10670.6
2018-03-13 00:00:00,10104.0,10097.535
2018-03-13 01:00:00,9746.0,9656.521
2018-03-13 02:00:00,9535.0,9523.249
2018-03-13 03:00:00,9407.0,9429.613
2018-03-13 04:00:00,9464.0,9400.86
2018-03-13 05:00:00,9755.0,9747.997
2018-03-13 06:00:00,10463.0,10459.482
2018-03-13 07:00:00,11581.0,11498.28
2018-03-13 08:00:00,12044.0,12032.783
2018-03-13 09:00:00,12030.0,12171.658
2018-03-13 10:00:00,11935.0,12029.996
2018-03-13 11:00:00,11922.0,11901.705
2018-03-13 12:00:00,11958.0,11812.605
2018-03-13 13:00:00,11919.0,11892.101
2018-03-13 14:00:00,11984.0,11868.463
2018-03-13 15:00:00,11937.0,11909.262
2018-03-13 16:00:00,11950.0,11863.018
2018-03-13 17:00:00,11926.0,12017.884
2018-03-13 18:00:00,11900.0,11990.735
2018-03-13 19:00:00,11996.0,11973.0625
2018-03-13 20:00:00,12411.0,12287.394
2018-03-13 21:00:00,12312.0,12334.349
2018-03-13 22:00:00,11883.0,11848.184
2018-03-13 23:00:00,11227.0,11128.612
2018-03-14 00:00:00,10599.0,10477.377
2018-03-14 01:00:00,10213.0,10092.504
2018-03-14 02:00:00,9994.0,9991.735
2018-03-14 03:00:00,9913.0,9870.169
2018-03-14 04:00:00,9939.0,9968.007
2018-03-14 05:00:00,10164.0,10215.662
2018-03-14 06:00:00,10892.0,10903.929
2018-03-14 07:00:00,11951.0,11778.45
2018-03-14 08:00:00,12388.0,12333.305
2018-03-14 09:00:00,12347.0,12404.477
2018-03-14 10:00:00,12152.0,12229.898
2018-03-14 11:00:00,12059.0,12046.487
2018-03-14 12:00:00,11965.0,11919.718
2018-03-14 13:00:00,11832.0,11844.347
2018-03-14 14:00:00,11646.0,11770.456
2018-03-14 15:00:00,11459.0,11437.42
2018-03-14 16:00:00,11211.0,11302.043
2018-03-14 17:00:00,11092.0,11213.152
2018-03-14 18:00:00,11041.0,11208.32
2018-03-14 19:00:00,11107.0,11211.534
2018-03-14 20:00:00,11616.0,11551.906
2018-03-14 21:00:00,11549.0,11689.745
2018-03-14 22:00:00,11159.0,11186.321
2018-03-14 23:00:00,10513.0,10473.453
2018-03-15 00:00:00,9896.0,9893.885
2018-03-15 01:00:00,9499.0,9456.471
2018-03-15 02:00:00,9246.0,9224.497
2018-03-15 03:00:00,9167.0,9100.906
2018-03-15 04:00:00,9212.0,9144.673
2018-03-15 05:00:00,9482.0,9476.109
2018-03-15 06:00:00,10226.0,10231.701
2018-03-15 07:00:00,11364.0,11334.906
2018-03-15 08:00:00,11785.0,11816.495
2018-03-15 09:00:00,11759.0,11809.5205
2018-03-15 10:00:00,11634.0,11710.017
2018-03-15 11:00:00,11510.0,11554.638
2018-03-15 12:00:00,11413.0,11379.337
2018-03-15 13:00:00,11269.0,11267.744
2018-03-15 14:00:00,11220.0,11160.6
2018-03-15 15:00:00,11045.0,11114.1875
2018-03-15 16:00:00,10853.0,10922.587
2018-03-15 17:00:00,10812.0,10775.335
2018-03-15 18:00:00,10816.0,10843.9375
2018-03-15 19:00:00,10927.0,10974.55
2018-03-15 20:00:00,11571.0,11429.513
2018-03-15 21:00:00,11574.0,11435.649
2018-03-15 22:00:00,11257.0,11137.4
2018-03-15 23:00:00,10665.0,10572.249
2018-03-16 00:00:00,10100.0,10014.0
2018-03-16 01:00:00,9700.0,9672.526
2018-03-16 02:00:00,9510.0,9426.472
2018-03-16 03:00:00,9414.0,9378.446
2018-03-16 04:00:00,9429.0,9436.588
2018-03-16 05:00:00,9714.0,9673.516
2018-03-16 06:00:00,10386.0,10364.24
2018-03-16 07:00:00,11480.0,11382.727
2018-03-16 08:00:00,12015.0,11743.428
2018-03-16 09:00:00,12131.0,12116.093
2018-03-16 10:00:00,12142.0,12081.619
2018-03-16 11:00:00,12000.0,12115.404
2018-03-16 12:00:00,11851.0,11860.068
2018-03-16 13:00:00,11712.0,11714.816
2018-03-16 14:00:00,11586.0,11626.53
2018-03-16 15:00:00,11416.0,11351.067
2018-03-16 16:00:00,11304.0,11255.358
2018-03-16 17:00:00,11257.0,11281.473
2018-03-16 18:00:00,11322.0,11305.847
2018-03-16 19:00:00,11394.0,11485.685
2018-03-16 20:00:00,11855.0,11813.994
2018-03-16 21:00:00,11711.0,11774.79
2018-03-16 22:00:00,11322.0,11376.296
2018-03-16 23:00:00,10710.0,10738.019
2018-03-17 00:00:00,10118.0,10145.743
2018-03-17 01:00:00,9767.0,9681.045
2018-03-17 02:00:00,9484.0,9502.208
2018-03-17 03:00:00,9291.0,9361.768
2018-03-17 04:00:00,9316.0,9233.141
2018-03-17 05:00:00,9361.0,9422.574
2018-03-17 06:00:00,9672.0,9617.351
2018-03-17 07:00:00,10090.0,9997.842
2018-03-17 08:00:00,10379.0,10271.138
2018-03-17 09:00:00,10694.0,10625.554
2018-03-17 10:00:00,10835.0,10852.03
2018-03-17 11:00:00,10801.0,10853.733
2018-03-17 12:00:00,10659.0,10687.077
2018-03-17 13:00:00,10464.0,10523.2
2018-03-17 14:00:00,10097.0,10269.801
2018-03-17 15:00:00,9899.0,9854.112
2018-03-17 16:00:00,9642.0,9746.472
2018-03-17 17:00:00,9574.0,9664.894
2018-03-17 18:00:00,9508.0,9685.775
2018-03-17 19:00:00,9692.0,9732.577
2018-03-17 20:00:00,10272.0,10279.066
2018-03-17 21:00:00,10372.0,10499.451
2018-03-17 22:00:00,10251.0,10203.306
2018-03-17 23:00:00,9888.0,9850.999
2018-03-18 00:00:00,9518.0,9369.249
2018-03-18 01:00:00,9171.0,9090.668
2018-03-18 02:00:00,8994.0,8931.155
2018-03-18 03:00:00,8857.0,8815.458
2018-03-18 04:00:00,8862.0,8827.638
2018-03-18 05:00:00,8815.0,8987.525
2018-03-18 06:00:00,9029.0,8986.758
2018-03-18 07:00:00,9285.0,9193.117
2018-03-18 08:00:00,9305.0,9317.329
2018-03-18 09:00:00,9408.0,9473.186
2018-03-18 10:00:00,9406.0,9488.998
2018-03-18 11:00:00,9378.0,9415.931
2018-03-18 12:00:00,9279.0,9312.792
2018-03-18 13:00:00,9192.0,9185.198
2018-03-18 14:00:00,9076.0,9119.963
2018-03-18 15:00:00,8971.0,8996.654
2018-03-18 16:00:00,8922.0,8935.377
2018-03-18 17:00:00,8907.0,8941.652
2018-03-18 18:00:00,9017.0,9017.643
2018-03-18 19:00:00,9199.0,9264.126
2018-03-18 20:00:00,9830.0,9834.262
2018-03-18 21:00:00,9886.0,10173.777
2018-03-18 22:00:00,9664.0,9652.324
2018-03-18 23:00:00,9302.0,9225.605
2018-03-19 00:00:00,8915.0,8837.276
2018-03-19 01:00:00,8630.0,8569.539
2018-03-19 02:00:00,8491.0,8447.948
2018-03-19 03:00:00,8450.0,8469.885
2018-03-19 04:00:00,8503.0,8558.456
2018-03-19 05:00:00,8841.0,8879.604
2018-03-19 06:00:00,9652.0,9652.18
2018-03-19 07:00:00,10871.0,10678.168
2018-03-19 08:00:00,11410.0,11377.274
2018-03-19 09:00:00,11466.0,11524.92
2018-03-19 10:00:00,11337.0,11445.688
2018-03-19 11:00:00,11319.0,11277.698
2018-03-19 12:00:00,11245.0,11246.428
2018-03-19 13:00:00,11171.0,11170.961
2018-03-19 14:00:00,11135.0,11136.462
2018-03-19 15:00:00,11021.0,11025.948
2018-03-19 16:00:00,10913.0,10885.035
2018-03-19 17:00:00,10904.0,10806.508
2018-03-19 18:00:00,10957.0,10936.356
2018-03-19 19:00:00,11043.0,11048.472
2018-03-19 20:00:00,11612.0,11508.2
2018-03-19 21:00:00,11571.0,11526.289
2018-03-19 22:00:00,11203.0,11104.766
2018-03-19 23:00:00,10524.0,10449.564
2018-03-20 00:00:00,9919.0,9877.737
2018-03-20 01:00:00,9564.0,9445.941
2018-03-20 02:00:00,9354.0,9331.515
2018-03-20 03:00:00,9269.0,9246.084
2018-03-20 04:00:00,9283.0,9337.962
2018-03-20 05:00:00,9599.0,9562.058
2018-03-20 06:00:00,10354.0,10300.033
2018-03-20 07:00:00,11447.0,11413.805
2018-03-20 08:00:00,11821.0,11878.492
2018-03-20 09:00:00,11954.0,11947.432
2018-03-20 10:00:00,11916.0,11974.4795
2018-03-20 11:00:00,11828.0,11910.715
2018-03-20 12:00:00,11737.0,11700.801
2018-03-20 13:00:00,11609.0,11640.796
2018-03-20 14:00:00,11563.0,11538.791
2018-03-20 15:00:00,11422.0,11417.87
2018-03-20 16:00:00,11315.0,11244.934
2018-03-20 17:00:00,11308.0,11300.866
2018-03-20 18:00:00,11387.0,11365.441
2018-03-20 19:00:00,11487.0,11491.11
2018-03-20 20:00:00,11948.0,11896.564
2018-03-20 21:00:00,11839.0,11862.036
2018-03-20 22:00:00,11409.0,11392.766
2018-03-20 23:00:00,10791.0,10710.451
2018-03-21 00:00:00,10141.0,10151.953
2018-03-21 01:00:00,9756.0,9673.055
2018-03-21 02:00:00,9485.0,9539.169
2018-03-21 03:00:00,9378.0,9397.666
2018-03-21 04:00:00,9369.0,9327.235
2018-03-21 05:00:00,9618.0,9586.023
2018-03-21 06:00:00,10349.0,10343.1
2018-03-21 07:00:00,11461.0,11341.179
2018-03-21 08:00:00,11845.0,11822.83
2018-03-21 09:00:00,11923.0,11922.898
2018-03-21 10:00:00,11837.0,11894.439
2018-03-21 11:00:00,11749.0,11789.567
2018-03-21 12:00:00,11615.0,11635.569
2018-03-21 13:00:00,11470.0,11478.988
2018-03-21 14:00:00,11414.0,11409.681
2018-03-21 15:00:00,11214.0,11217.73
2018-03-21 16:00:00,11032.0,11037.125
2018-03-21 17:00:00,10954.0,10966.838
2018-03-21 18:00:00,10966.0,10967.023
2018-03-21 19:00:00,10968.0,11131.685
2018-03-21 20:00:00,11552.0,11448.261
2018-03-21 21:00:00,11583.0,11517.325
2018-03-21 22:00:00,11207.0,11141.6
2018-03-21 23:00:00,10616.0,10551.641
2018-03-22 00:00:00,10005.0,10023.988
2018-03-22 01:00:00,9628.0,9565.793
2018-03-22 02:00:00,9432.0,9392.377
2018-03-22 03:00:00,9351.0,9308.107
2018-03-22 04:00:00,9378.0,9384.05
2018-03-22 05:00:00,9685.0,9624.704
2018-03-22 06:00:00,10391.0,10468.348
2018-03-22 07:00:00,11494.0,11409.27
2018-03-22 08:00:00,11846.0,11828.919
2018-03-22 09:00:00,11797.0,11914.245
2018-03-22 10:00:00,11652.0,11758.066
2018-03-22 11:00:00,11552.0,11567.212
2018-03-22 12:00:00,11418.0,11437.16
2018-03-22 13:00:00,11242.0,11277.994
2018-03-22 14:00:00,11177.0,11167.07
2018-03-22 15:00:00,10994.0,11037.018
2018-03-22 16:00:00,10783.0,10817.623
2018-03-22 17:00:00,10667.0,10699.916
2018-03-22 18:00:00,10610.0,10655.8
2018-03-22 19:00:00,10663.0,10723.261
2018-03-22 20:00:00,11217.0,11198.378
2018-03-22 21:00:00,11248.0,11249.464
2018-03-22 22:00:00,10913.0,10905.887
2018-03-22 23:00:00,10345.0,10230.049
2018-03-23 00:00:00,9774.0,9753.924
2018-03-23 01:00:00,9374.0,9304.654
2018-03-23 02:00:00,9148.0,9113.18
2018-03-23 03:00:00,9073.0,8999.482
2018-03-23 04:00:00,9089.0,9035.839
2018-03-23 05:00:00,9410.0,9365.216
2018-03-23 06:00:00,10116.0,10092.251
2018-03-23 07:00:00,11147.0,11065.06
2018-03-23 08:00:00,11521.0,11510.099
2018-03-23 09:00:00,11544.0,11545.497
2018-03-23 10:00:00,11464.0,11474.292
2018-03-23 11:00:00,11412.0,11406.394
2018-03-23 12:00:00,11272.0,11254.436
2018-03-23 13:00:00,11170.0,11143.272
2018-03-23 14:00:00,11065.0,11073.371
2018-03-23 15:00:00,10921.0,10918.404
2018-03-23 16:00:00,10733.0,10773.448
2018-03-23 17:00:00,10722.0,10613.74
2018-03-23 18:00:00,10768.0,10741.353
2018-03-23 19:00:00,10886.0,10926.24
2018-03-23 20:00:00,11381.0,11263.549
2018-03-23 21:00:00,11357.0,11299.569
2018-03-23 22:00:00,11120.0,11018.307
2018-03-23 23:00:00,10551.0,10509.508
2018-03-24 00:00:00,9954.0,9989.75
2018-03-24 01:00:00,9545.0,9458.553
2018-03-24 02:00:00,9230.0,9261.598
2018-03-24 03:00:00,9084.0,9057.835
2018-03-24 04:00:00,9007.0,8994.301
2018-03-24 05:00:00,9157.0,9080.654
2018-03-24 06:00:00,9363.0,9401.204
2018-03-24 07:00:00,9912.0,9659.131
2018-03-24 08:00:00,10132.0,10126.492
2018-03-24 09:00:00,10549.0,10337.673
2018-03-24 10:00:00,10782.0,10575.554
2018-03-24 11:00:00,10881.0,10851.371
2018-03-24 12:00:00,10902.0,10815.442
2018-03-24 13:00:00,10737.0,10815.563
2018-03-24 14:00:00,10544.0,10590.12
2018-03-24 15:00:00,10411.0,10392.374
2018-03-24 16:00:00,10252.0,10362.202
2018-03-24 17:00:00,10221.0,10284.056
2018-03-24 18:00:00,10266.0,10352.015
2018-03-24 19:00:00,10301.0,10501.549
2018-03-24 20:00:00,10657.0,10671.923
2018-03-24 21:00:00,10684.0,10824.877
2018-03-24 22:00:00,10459.0,10491.965
2018-03-24 23:00:00,10085.0,9997.314
2018-03-25 00:00:00,9590.0,9599.092
2018-03-25 01:00:00,9321.0,9199.38
2018-03-25 02:00:00,9096.0,9058.063
2018-03-25 03:00:00,8993.0,9002.166
2018-03-25 04:00:00,9047.0,8905.278
2018-03-25 05:00:00,9113.0,9060.986
2018-03-25 06:00:00,9289.0,9322.469
2018-03-25 07:00:00,9569.0,9513.387
2018-03-25 08:00:00,9535.0,9699.555
2018-03-25 09:00:00,9687.0,9697.771
2018-03-25 10:00:00,9716.0,9831.893
2018-03-25 11:00:00,9715.0,9765.842
2018-03-25 12:00:00,9699.0,9690.023
2018-03-25 13:00:00,9624.0,9629.135
2018-03-25 14:00:00,9501.0,9525.899
2018-03-25 15:00:00,9373.0,9449.98
2018-03-25 16:00:00,9354.0,9332.69
2018-03-25 17:00:00,9394.0,9434.56
2018-03-25 18:00:00,9527.0,9563.92
2018-03-25 19:00:00,9678.0,9781.895
2018-03-25 20:00:00,10322.0,10117.301
2018-03-25 21:00:00,10488.0,10556.133
2018-03-25 22:00:00,10265.0,10309.733
2018-03-25 23:00:00,9908.0,9838.447
2018-03-26 00:00:00,9554.0,9385.857
2018-03-26 01:00:00,9289.0,9128.006
2018-03-26 02:00:00,9157.0,9118.178
2018-03-26 03:00:00,9128.0,9162.25
2018-03-26 04:00:00,9168.0,9140.688
2018-03-26 05:00:00,9462.0,9459.863
2018-03-26 06:00:00,10198.0,10231.63
2018-03-26 07:00:00,11165.0,11257.209
2018-03-26 08:00:00,11549.0,11544.35
2018-03-26 09:00:00,11606.0,11623.082
2018-03-26 10:00:00,11470.0,11599.102
2018-03-26 11:00:00,11410.0,11458.289
2018-03-26 12:00:00,11365.0,11286.167
2018-03-26 13:00:00,11271.0,11278.205
2018-03-26 14:00:00,11212.0,11213.547
2018-03-26 15:00:00,11112.0,11073.636
2018-03-26 16:00:00,11023.0,11024.462
2018-03-26 17:00:00,10964.0,11061.395
2018-03-26 18:00:00,10937.0,10987.285
2018-03-26 19:00:00,10944.0,11087.2705
2018-03-26 20:00:00,11234.0,11418.77
2018-03-26 21:00:00,11061.0,11382.118
2018-03-26 22:00:00,10669.0,10712.917
2018-03-26 23:00:00,10111.0,10060.13
2018-03-27 00:00:00,9560.0,9493.994
2018-03-27 01:00:00,9152.0,9141.445
2018-03-27 02:00:00,8890.0,8877.215
2018-03-27 03:00:00,8743.0,8743.077
2018-03-27 04:00:00,8650.0,8751.279
2018-03-27 05:00:00,8878.0,8904.823
2018-03-27 06:00:00,9469.0,9512.649
2018-03-27 07:00:00,10402.0,10410.166
2018-03-27 08:00:00,10904.0,10977.559
2018-03-27 09:00:00,11133.0,11121.601
2018-03-27 10:00:00,11260.0,11215.301
2018-03-27 11:00:00,11356.0,11295.368
2018-03-27 12:00:00,11297.0,11298.211
2018-03-27 13:00:00,11193.0,11194.963
2018-03-27 14:00:00,11174.0,11110.352
2018-03-27 15:00:00,11099.0,11045.792
2018-03-27 16:00:00,10990.0,10939.061
2018-03-27 17:00:00,10909.0,10882.541
2018-03-27 18:00:00,10860.0,10850.547
2018-03-27 19:00:00,10801.0,10906.444
2018-03-27 20:00:00,11085.0,11114.949
2018-03-27 21:00:00,10973.0,11214.542
2018-03-27 22:00:00,10604.0,10630.576
2018-03-27 23:00:00,10034.0,9938.284
2018-03-28 00:00:00,9485.0,9348.08
2018-03-28 01:00:00,9094.0,9065.473
2018-03-28 02:00:00,8894.0,8836.966
2018-03-28 03:00:00,8723.0,8744.774
2018-03-28 04:00:00,8699.0,8748.949
2018-03-28 05:00:00,8953.0,8936.722
2018-03-28 06:00:00,9583.0,9670.086
2018-03-28 07:00:00,10483.0,10559.261
2018-03-28 08:00:00,10905.0,10942.494
2018-03-28 09:00:00,11129.0,11063.215
2018-03-28 10:00:00,11133.0,11204.346
2018-03-28 11:00:00,11099.0,11155.371
2018-03-28 12:00:00,10976.0,11006.204
2018-03-28 13:00:00,10911.0,10885.371
2018-03-28 14:00:00,10847.0,10847.183
2018-03-28 15:00:00,10710.0,10716.953
2018-03-28 16:00:00,10567.0,10544.205
2018-03-28 17:00:00,10473.0,10500.556
2018-03-28 18:00:00,10490.0,10483.807
2018-03-28 19:00:00,10478.0,10657.164
2018-03-28 20:00:00,10890.0,10940.987
2018-03-28 21:00:00,10823.0,10981.631
2018-03-28 22:00:00,10435.0,10469.871
2018-03-28 23:00:00,9866.0,9767.9
2018-03-29 00:00:00,9299.0,9247.301
2018-03-29 01:00:00,8897.0,8835.684
2018-03-29 02:00:00,8664.0,8656.045
2018-03-29 03:00:00,8522.0,8506.286
2018-03-29 04:00:00,8513.0,8516.316
2018-03-29 05:00:00,8769.0,8737.972
2018-03-29 06:00:00,9317.0,9418.342
2018-03-29 07:00:00,10247.0,10196.7295
2018-03-29 08:00:00,10702.0,10767.861
2018-03-29 09:00:00,10991.0,10934.383
2018-03-29 10:00:00,11067.0,11083.053
2018-03-29 11:00:00,11078.0,11156.879
2018-03-29 12:00:00,11030.0,11028.233
2018-03-29 13:00:00,10994.0,10956.63
2018-03-29 14:00:00,10994.0,10946.607
2018-03-29 15:00:00,10936.0,10866.735
2018-03-29 16:00:00,10866.0,10815.77
2018-03-29 17:00:00,10845.0,10803.017
2018-03-29 18:00:00,10804.0,10786.804
2018-03-29 19:00:00,10707.0,10801.713
2018-03-29 20:00:00,11048.0,11041.268
2018-03-29 21:00:00,11009.0,11102.116
2018-03-29 22:00:00,10674.0,10636.852
2018-03-29 23:00:00,10095.0,10006.916
2018-03-30 00:00:00,9512.0,9502.994
2018-03-30 01:00:00,9118.0,9055.272
2018-03-30 02:00:00,8835.0,8836.289
2018-03-30 03:00:00,8705.0,8717.591
2018-03-30 04:00:00,8693.0,8683.602
2018-03-30 05:00:00,8883.0,8929.758
2018-03-30 06:00:00,9384.0,9541.477
2018-03-30 07:00:00,10022.0,10363.998
2018-03-30 08:00:00,10298.0,10604.045
2018-03-30 09:00:00,10516.0,10599.038
2018-03-30 10:00:00,10521.0,10638.7295
2018-03-30 11:00:00,10434.0,10585.058
2018-03-30 12:00:00,10282.0,10314.523
2018-03-30 13:00:00,10104.0,10198.267
2018-03-30 14:00:00,9991.0,10018.624
2018-03-30 15:00:00,9852.0,9811.591
2018-03-30 16:00:00,9727.0,9683.832
2018-03-30 17:00:00,9670.0,9700.795
2018-03-30 18:00:00,9733.0,9733.441
2018-03-30 19:00:00,9822.0,9960.115
2018-03-30 20:00:00,10154.0,10253.604
2018-03-30 21:00:00,10193.0,10267.62
2018-03-30 22:00:00,9973.0,10159.055
2018-03-30 23:00:00,9545.0,9789.123
2018-03-31 00:00:00,9096.0,9005.202
2018-03-31 01:00:00,8768.0,8672.069
2018-03-31 02:00:00,8551.0,8549.151
2018-03-31 03:00:00,8467.0,8421.621
2018-03-31 04:00:00,8382.0,8454.783
2018-03-31 05:00:00,8468.0,8512.433
2018-03-31 06:00:00,8666.0,8764.154
2018-03-31 07:00:00,9106.0,8940.162
2018-03-31 08:00:00,9383.0,9292.276
2018-03-31 09:00:00,9918.0,9600.621
2018-03-31 10:00:00,10099.0,10115.574
2018-03-31 11:00:00,10193.0,10120.253
2018-03-31 12:00:00,10095.0,10089.497
2018-03-31 13:00:00,9817.0,9986.847
2018-03-31 14:00:00,9583.0,9687.712
2018-03-31 15:00:00,9394.0,9475.37
2018-03-31 16:00:00,9228.0,9323.457
2018-03-31 17:00:00,9152.0,9246.158
2018-03-31 18:00:00,9214.0,9239.645
2018-03-31 19:00:00,9325.0,9409.557
2018-03-31 20:00:00,9850.0,9881.685
2018-03-31 21:00:00,10016.0,10104.333
2018-03-31 22:00:00,9857.0,9815.272
2018-03-31 23:00:00,9556.0,9457.75
2018-04-01 00:00:00,9127.0,9045.11
2018-04-01 01:00:00,8829.0,8662.584
2018-04-01 02:00:00,8632.0,8498.107
2018-04-01 03:00:00,8571.0,8427.208
2018-04-01 04:00:00,8543.0,8431.39
2018-04-01 05:00:00,8691.0,8565.677
2018-04-01 06:00:00,8881.0,8878.276
2018-04-01 07:00:00,9055.0,9060.054
2018-04-01 08:00:00,9050.0,9198.575
2018-04-01 09:00:00,9201.0,9205.083
2018-04-01 10:00:00,9348.0,9365.843
2018-04-01 11:00:00,9390.0,9446.94
2018-04-01 12:00:00,9338.0,9394.964
2018-04-01 13:00:00,9194.0,9267.97
2018-04-01 14:00:00,9111.0,9114.01
2018-04-01 15:00:00,9049.0,9040.264
2018-04-01 16:00:00,9027.0,9017.384
2018-04-01 17:00:00,9056.0,9082.182
2018-04-01 18:00:00,9192.0,9145.808
2018-04-01 19:00:00,9454.0,9412.86
2018-04-01 20:00:00,9995.0,9985.798
2018-04-01 21:00:00,10172.0,10144.044
2018-04-01 22:00:00,9983.0,9841.915
2018-04-01 23:00:00,9660.0,9475.247
2018-04-02 00:00:00,9259.0,9131.139
2018-04-02 01:00:00,9073.0,8843.616
2018-04-02 02:00:00,8960.0,8867.044
2018-04-02 03:00:00,8889.0,8847.866
2018-04-02 04:00:00,9056.0,8935.344
2018-04-02 05:00:00,9383.0,9327.672
2018-04-02 06:00:00,10172.0,10177.678
2018-04-02 07:00:00,11112.0,11146.919
2018-04-02 08:00:00,11557.0,11593.795
2018-04-02 09:00:00,11656.0,11684.741
2018-04-02 10:00:00,11504.0,11625.778
2018-04-02 11:00:00,11478.0,11481.389
2018-04-02 12:00:00,11431.0,11376.668
2018-04-02 13:00:00,11345.0,11348.003
2018-04-02 14:00:00,11293.0,11321.572
2018-04-02 15:00:00,11211.0,11189.062
2018-04-02 16:00:00,11031.0,11111.496
2018-04-02 17:00:00,10900.0,10950.086
2018-04-02 18:00:00,10828.0,10873.313
2018-04-02 19:00:00,10885.0,10863.185
2018-04-02 20:00:00,11345.0,11288.226
2018-04-02 21:00:00,11300.0,11482.731
2018-04-02 22:00:00,10903.0,10921.891
2018-04-02 23:00:00,10225.0,10136.169
2018-04-03 00:00:00,9577.0,9519.745
2018-04-03 01:00:00,9171.0,9088.094
2018-04-03 02:00:00,8956.0,8887.128
2018-04-03 03:00:00,8841.0,8802.651
2018-04-03 04:00:00,8800.0,8855.666
2018-04-03 05:00:00,9042.0,9082.342
2018-04-03 06:00:00,9745.0,9695.283
2018-04-03 07:00:00,10768.0,10716.643
2018-04-03 08:00:00,11354.0,11261.607
2018-04-03 09:00:00,11628.0,11489.323
2018-04-03 10:00:00,11712.0,11732.556
2018-04-03 11:00:00,11832.0,11763.38
2018-04-03 12:00:00,11859.0,11817.998
2018-04-03 13:00:00,11782.0,11804.185
2018-04-03 14:00:00,11806.0,11758.655
2018-04-03 15:00:00,11763.0,11768.342
2018-04-03 16:00:00,11667.0,11647.131
2018-04-03 17:00:00,11642.0,11611.302
2018-04-03 18:00:00,11656.0,11624.525
2018-04-03 19:00:00,11631.0,11640.73
2018-04-03 20:00:00,11820.0,11904.948
2018-04-03 21:00:00,11676.0,11840.314
2018-04-03 22:00:00,11185.0,11155.219
2018-04-03 23:00:00,10577.0,10399.054
2018-04-04 00:00:00,10014.0,9812.113
2018-04-04 01:00:00,9669.0,9520.654
2018-04-04 02:00:00,9463.0,9353.879
2018-04-04 03:00:00,9415.0,9344.33
2018-04-04 04:00:00,9471.0,9478.807
2018-04-04 05:00:00,9811.0,9757.878
2018-04-04 06:00:00,10528.0,10485.897
2018-04-04 07:00:00,11462.0,11554.695
2018-04-04 08:00:00,11957.0,11943.28
2018-04-04 09:00:00,12104.0,12187.847
2018-04-04 10:00:00,12013.0,12129.941
2018-04-04 11:00:00,12020.0,11971.852
2018-04-04 12:00:00,11975.0,11981.263
2018-04-04 13:00:00,11900.0,11873.038
2018-04-04 14:00:00,11922.0,11839.502
2018-04-04 15:00:00,11829.0,11797.919
2018-04-04 16:00:00,11658.0,11714.367
2018-04-04 17:00:00,11568.0,11609.14
2018-04-04 18:00:00,11499.0,11557.664
2018-04-04 19:00:00,11428.0,11513.256
2018-04-04 20:00:00,11796.0,11708.684
2018-04-04 21:00:00,11919.0,11974.333
2018-04-04 22:00:00,11501.0,11567.682
2018-04-04 23:00:00,10826.0,10855.439
2018-04-05 00:00:00,10243.0,10141.32
2018-04-05 01:00:00,9865.0,9698.782
2018-04-05 02:00:00,9660.0,9528.67
2018-04-05 03:00:00,9541.0,9513.3
2018-04-05 04:00:00,9562.0,9574.94
2018-04-05 05:00:00,9777.0,9844.0
2018-04-05 06:00:00,10505.0,10360.53
2018-04-05 07:00:00,11493.0,11491.695
2018-04-05 08:00:00,11831.0,11906.937
2018-04-05 09:00:00,11856.0,11960.677
2018-04-05 10:00:00,11725.0,11810.146
2018-04-05 11:00:00,11649.0,11680.551
2018-04-05 12:00:00,11540.0,11561.947
2018-04-05 13:00:00,11376.0,11397.789
2018-04-05 14:00:00,11353.0,11301.189
2018-04-05 15:00:00,11295.0,11229.249
2018-04-05 16:00:00,11272.0,11242.674
2018-04-05 17:00:00,11313.0,11370.382
2018-04-05 18:00:00,11408.0,11442.662
2018-04-05 19:00:00,11381.0,11503.616
2018-04-05 20:00:00,11680.0,11616.614
2018-04-05 21:00:00,11620.0,11797.273
2018-04-05 22:00:00,11223.0,11213.658
2018-04-05 23:00:00,10556.0,10572.537
2018-04-06 00:00:00,9943.0,9896.124
2018-04-06 01:00:00,9565.0,9454.066
2018-04-06 02:00:00,9334.0,9297.724
2018-04-06 03:00:00,9180.0,9217.245
2018-04-06 04:00:00,9177.0,9240.285
2018-04-06 05:00:00,9411.0,9378.004
2018-04-06 06:00:00,10073.0,10057.098
2018-04-06 07:00:00,10993.0,10993.0625
2018-04-06 08:00:00,11501.0,11465.169
2018-04-06 09:00:00,11787.0,11610.888
2018-04-06 10:00:00,11913.0,11809.543
2018-04-06 11:00:00,11887.0,11956.754
2018-04-06 12:00:00,11785.0,11788.027
2018-04-06 13:00:00,11855.0,11691.693
2018-04-06 14:00:00,11899.0,11946.233
2018-04-06 15:00:00,11767.0,11861.154
2018-04-06 16:00:00,11512.0,11665.876
2018-04-06 17:00:00,11371.0,11427.943
2018-04-06 18:00:00,11315.0,11312.278
2018-04-06 19:00:00,11322.0,11297.984
2018-04-06 20:00:00,11646.0,11574.192
2018-04-06 21:00:00,11719.0,11787.767
2018-04-06 22:00:00,11446.0,11435.786
2018-04-06 23:00:00,10889.0,10860.588
2018-04-07 00:00:00,10379.0,10258.151
2018-04-07 01:00:00,9992.0,9791.461
2018-04-07 02:00:00,9774.0,9686.248
2018-04-07 03:00:00,9625.0,9549.129
2018-04-07 04:00:00,9602.0,9537.69
2018-04-07 05:00:00,9723.0,9659.351
2018-04-07 06:00:00,10042.0,9995.913
2018-04-07 07:00:00,10355.0,10384.776
2018-04-07 08:00:00,10570.0,10620.091
2018-04-07 09:00:00,10742.0,10740.95
2018-04-07 10:00:00,10811.0,10790.596
2018-04-07 11:00:00,10786.0,10793.694
2018-04-07 12:00:00,10675.0,10718.623
2018-04-07 13:00:00,10502.0,10552.477
2018-04-07 14:00:00,10205.0,10266.11
2018-04-07 15:00:00,10019.0,9938.742
2018-04-07 16:00:00,9812.0,9870.998
2018-04-07 17:00:00,9730.0,9853.308
2018-04-07 18:00:00,9706.0,9774.01
2018-04-07 19:00:00,9787.0,9840.384
2018-04-07 20:00:00,10293.0,10238.879
2018-04-07 21:00:00,10609.0,10657.777
2018-04-07 22:00:00,10416.0,10525.129
2018-04-07 23:00:00,10036.0,9957.073
2018-04-08 00:00:00,9691.0,9491.2295
2018-04-08 01:00:00,9396.0,9227.802
2018-04-08 02:00:00,9210.0,9113.767
2018-04-08 03:00:00,9116.0,9087.83
2018-04-08 04:00:00,9073.0,9048.098
2018-04-08 05:00:00,9148.0,9086.832
2018-04-08 06:00:00,9324.0,9315.421
2018-04-08 07:00:00,9471.0,9513.866
2018-04-08 08:00:00,9461.0,9548.684
2018-04-08 09:00:00,9569.0,9634.17
2018-04-08 10:00:00,9657.0,9671.189
2018-04-08 11:00:00,9599.0,9768.926
2018-04-08 12:00:00,9612.0,9563.359
2018-04-08 13:00:00,9529.0,9568.919
2018-04-08 14:00:00,9483.0,9465.063
2018-04-08 15:00:00,9399.0,9445.104
2018-04-08 16:00:00,9327.0,9382.741
2018-04-08 17:00:00,9482.0,9392.1455
2018-04-08 18:00:00,9649.0,9716.522
2018-04-08 19:00:00,9934.0,9869.84
2018-04-08 20:00:00,10397.0,10330.869
2018-04-08 21:00:00,10516.0,10611.852
2018-04-08 22:00:00,10212.0,10237.336
2018-04-08 23:00:00,9774.0,9726.021
2018-04-09 00:00:00,9427.0,9204.985
2018-04-09 01:00:00,9184.0,9009.101
2018-04-09 02:00:00,9047.0,8910.408
2018-04-09 03:00:00,9006.0,8951.66
2018-04-09 04:00:00,9067.0,9031.478
2018-04-09 05:00:00,9352.0,9428.668
2018-04-09 06:00:00,10139.0,10105.876
2018-04-09 07:00:00,11058.0,11171.916
2018-04-09 08:00:00,11612.0,11545.458
2018-04-09 09:00:00,11824.0,11752.822
2018-04-09 10:00:00,11858.0,11867.314
2018-04-09 11:00:00,11855.0,11868.347
2018-04-09 12:00:00,11822.0,11796.307
2018-04-09 13:00:00,11802.0,11760.4375
2018-04-09 14:00:00,11766.0,11786.757
2018-04-09 15:00:00,11641.0,11652.603
2018-04-09 16:00:00,11579.0,11578.894
2018-04-09 17:00:00,11505.0,11647.567
2018-04-09 18:00:00,11465.0,11520.128
2018-04-09 19:00:00,11399.0,11451.887
2018-04-09 20:00:00,11634.0,11709.857
2018-04-09 21:00:00,11637.0,11835.724
2018-04-09 22:00:00,11192.0,11256.6455
2018-04-09 23:00:00,10510.0,10446.31
2018-04-10 00:00:00,9974.0,9737.692
2018-04-10 01:00:00,9589.0,9468.879
2018-04-10 02:00:00,9430.0,9346.111
2018-04-10 03:00:00,9337.0,9289.879
2018-04-10 04:00:00,9348.0,9388.26
2018-04-10 05:00:00,9650.0,9627.22
2018-04-10 06:00:00,10388.0,10379.985
2018-04-10 07:00:00,11255.0,11434.388
2018-04-10 08:00:00,11657.0,11746.212
2018-04-10 09:00:00,11650.0,11754.961
2018-04-10 10:00:00,11552.0,11645.787
2018-04-10 11:00:00,11492.0,11539.106
2018-04-10 12:00:00,11360.0,11384.428
2018-04-10 13:00:00,11228.0,11238.615
2018-04-10 14:00:00,11221.0,11145.006
2018-04-10 15:00:00,11080.0,11131.397
2018-04-10 16:00:00,10977.0,10963.682
2018-04-10 17:00:00,10906.0,10957.171
2018-04-10 18:00:00,10849.0,10919.428
2018-04-10 19:00:00,10831.0,10876.233
2018-04-10 20:00:00,11166.0,11219.287
2018-04-10 21:00:00,11257.0,11404.5
2018-04-10 22:00:00,10820.0,10917.796
2018-04-10 23:00:00,10204.0,10138.1875
2018-04-11 00:00:00,9619.0,9522.881
2018-04-11 01:00:00,9245.0,9115.069
2018-04-11 02:00:00,9004.0,8942.027
2018-04-11 03:00:00,8853.0,8890.742
2018-04-11 04:00:00,8890.0,8875.783
2018-04-11 05:00:00,9129.0,9156.564
2018-04-11 06:00:00,9916.0,9848.728
2018-04-11 07:00:00,10760.0,10831.518
2018-04-11 08:00:00,11171.0,11221.049
2018-04-11 09:00:00,11210.0,11326.226
2018-04-11 10:00:00,11139.0,11258.77
2018-04-11 11:00:00,11084.0,11141.706
2018-04-11 12:00:00,10997.0,11011.25
2018-04-11 13:00:00,10883.0,10942.558
2018-04-11 14:00:00,10875.0,10840.782
2018-04-11 15:00:00,10769.0,10814.254
2018-04-11 16:00:00,10636.0,10647.052
2018-04-11 17:00:00,10525.0,10546.9795
2018-04-11 18:00:00,10466.0,10474.223
2018-04-11 19:00:00,10446.0,10552.88
2018-04-11 20:00:00,10784.0,10815.976
2018-04-11 21:00:00,10779.0,11020.646
2018-04-11 22:00:00,10361.0,10472.502
2018-04-11 23:00:00,9774.0,9734.181
2018-04-12 00:00:00,9111.0,9156.305
2018-04-12 01:00:00,8749.0,8667.935
2018-04-12 02:00:00,8502.0,8477.285
2018-04-12 03:00:00,8366.0,8377.413
2018-04-12 04:00:00,8333.0,8374.112
2018-04-12 05:00:00,8536.0,8520.098
2018-04-12 06:00:00,9228.0,9128.329
2018-04-12 07:00:00,10053.0,9933.209
2018-04-12 08:00:00,10523.0,10589.248
2018-04-12 09:00:00,10808.0,10801.534
2018-04-12 10:00:00,10781.0,10918.359
2018-04-12 11:00:00,10867.0,10846.213
2018-04-12 12:00:00,10882.0,10879.299
2018-04-12 13:00:00,10877.0,10855.158
2018-04-12 14:00:00,10924.0,10881.869
2018-04-12 15:00:00,10798.0,10847.565
2018-04-12 16:00:00,10579.0,10632.589
2018-04-12 17:00:00,10404.0,10411.6875
2018-04-12 18:00:00,10215.0,10287.981
2018-04-12 19:00:00,10065.0,10175.694
2018-04-12 20:00:00,10464.0,10327.631
2018-04-12 21:00:00,10604.0,10692.5625
2018-04-12 22:00:00,10223.0,10338.842
2018-04-12 23:00:00,9645.0,9645.457
2018-04-13 00:00:00,9067.0,9035.209
2018-04-13 01:00:00,8703.0,8624.274
2018-04-13 02:00:00,8472.0,8425.499
2018-04-13 03:00:00,8363.0,8367.283
2018-04-13 04:00:00,8364.0,8404.716
2018-04-13 05:00:00,8575.0,8623.719
2018-04-13 06:00:00,9260.0,9243.881
2018-04-13 07:00:00,10101.0,10099.539
2018-04-13 08:00:00,10576.0,10582.935
2018-04-13 09:00:00,10811.0,10761.389
2018-04-13 10:00:00,10913.0,10901.504
2018-04-13 11:00:00,11081.0,10970.019
2018-04-13 12:00:00,11136.0,11063.787
2018-04-13 13:00:00,11149.0,11082.633
2018-04-13 14:00:00,11207.0,11106.777
2018-04-13 15:00:00,11169.0,11084.915
2018-04-13 16:00:00,10954.0,10986.569
2018-04-13 17:00:00,10929.0,10728.153
2018-04-13 18:00:00,10792.0,10837.551
2018-04-13 19:00:00,10780.0,10652.096
2018-04-13 20:00:00,11004.0,10989.495
2018-04-13 21:00:00,10961.0,11149.108
2018-04-13 22:00:00,10632.0,10628.103
2018-04-13 23:00:00,10033.0,9953.097
2018-04-14 00:00:00,9498.0,9315.059
2018-04-14 01:00:00,9161.0,8990.119
2018-04-14 02:00:00,8948.0,8823.895
2018-04-14 03:00:00,8839.0,8739.47
2018-04-14 04:00:00,8712.0,8820.391
2018-04-14 05:00:00,8838.0,8867.652
2018-04-14 06:00:00,9098.0,9039.757
2018-04-14 07:00:00,9537.0,9387.374
2018-04-14 08:00:00,9880.0,9826.763
2018-04-14 09:00:00,10282.0,10156.261
2018-04-14 10:00:00,10612.0,10505.343
2018-04-14 11:00:00,10709.0,10712.033
2018-04-14 12:00:00,10673.0,10649.491
2018-04-14 13:00:00,10529.0,10588.898
2018-04-14 14:00:00,10377.0,10365.881
2018-04-14 15:00:00,10352.0,10267.582
2018-04-14 16:00:00,10330.0,10359.687
2018-04-14 17:00:00,10450.0,10433.974
2018-04-14 18:00:00,10494.0,10561.029
2018-04-14 19:00:00,10595.0,10536.541
2018-04-14 20:00:00,10772.0,10874.364
2018-04-14 21:00:00,10688.0,10916.201
2018-04-14 22:00:00,10473.0,10437.953
2018-04-14 23:00:00,10034.0,9965.505
2018-04-15 00:00:00,9604.0,9429.902
2018-04-15 01:00:00,9193.0,9089.238
2018-04-15 02:00:00,9016.0,8866.725
2018-04-15 03:00:00,8823.0,8817.445
2018-04-15 04:00:00,8796.0,8739.653
2018-04-15 05:00:00,8819.0,8849.605
2018-04-15 06:00:00,9013.0,8944.948
2018-04-15 07:00:00,9223.0,9224.208
2018-04-15 08:00:00,9414.0,9519.657
2018-04-15 09:00:00,9863.0,9679.801
2018-04-15 10:00:00,10136.0,10141.904
2018-04-15 11:00:00,10326.0,10255.893
2018-04-15 12:00:00,10319.0,10354.805
2018-04-15 13:00:00,10181.0,10231.168
2018-04-15 14:00:00,10121.0,10057.788
2018-04-15 15:00:00,10044.0,10035.379
2018-04-15 16:00:00,10076.0,9996.204
2018-04-15 17:00:00,10134.0,10161.989
2018-04-15 18:00:00,10292.0,10222.878
2018-04-15 19:00:00,10391.0,10412.472
2018-04-15 20:00:00,10716.0,10673.184
2018-04-15 21:00:00,10800.0,10850.353
2018-04-15 22:00:00,10544.0,10540.75
2018-04-15 23:00:00,10117.0,9951.671
2018-04-16 00:00:00,9691.0,9550.675
2018-04-16 01:00:00,9436.0,9231.249
2018-04-16 02:00:00,9293.0,9212.34
2018-04-16 03:00:00,9241.0,9243.261
2018-04-16 04:00:00,9360.0,9337.878
2018-04-16 05:00:00,9709.0,9625.183
2018-04-16 06:00:00,10482.0,10590.964
2018-04-16 07:00:00,11432.0,11553.349
2018-04-16 08:00:00,12079.0,11923.199
2018-04-16 09:00:00,12327.0,12260.399
2018-04-16 10:00:00,12355.0,12450.435
2018-04-16 11:00:00,12378.0,12397.106
2018-04-16 12:00:00,12305.0,12325.7295
2018-04-16 13:00:00,12277.0,12176.428
2018-04-16 14:00:00,12272.0,12251.142
2018-04-16 15:00:00,12174.0,12193.264
2018-04-16 16:00:00,12073.0,12090.876
2018-04-16 17:00:00,12028.0,12092.596
2018-04-16 18:00:00,12009.0,12074.516
2018-04-16 19:00:00,11873.0,11977.319
2018-04-16 20:00:00,12005.0,12150.586
2018-04-16 21:00:00,12019.0,12099.397
2018-04-16 22:00:00,11552.0,11656.937
2018-04-16 23:00:00,10874.0,10860.085
2018-04-17 00:00:00,10266.0,10127.477
2018-04-17 01:00:00,9843.0,9697.469
2018-04-17 02:00:00,9677.0,9518.735
2018-04-17 03:00:00,9537.0,9494.716
2018-04-17 04:00:00,9582.0,9556.861
2018-04-17 05:00:00,9857.0,9850.443
2018-04-17 06:00:00,10605.0,10536.241
2018-04-17 07:00:00,11386.0,11563.008
2018-04-17 08:00:00,11792.0,11862.892
2018-04-17 09:00:00,11889.0,11962.937
2018-04-17 10:00:00,11859.0,11877.481
2018-04-17 11:00:00,11846.0,11841.054
2018-04-17 12:00:00,11705.0,11766.549
2018-04-17 13:00:00,11556.0,11569.407
2018-04-17 14:00:00,11437.0,11449.321
2018-04-17 15:00:00,11262.0,11250.859
2018-04-17 16:00:00,11035.0,11106.601
2018-04-17 17:00:00,10931.0,11015.643
2018-04-17 18:00:00,10848.0,10932.902
2018-04-17 19:00:00,10758.0,10915.746
2018-04-17 20:00:00,11112.0,11087.254
2018-04-17 21:00:00,11462.0,11397.48
2018-04-17 22:00:00,11163.0,11164.122
2018-04-17 23:00:00,10576.0,10480.273
2018-04-18 00:00:00,9935.0,9902.553
2018-04-18 01:00:00,9624.0,9398.621
2018-04-18 02:00:00,9451.0,9318.803
2018-04-18 03:00:00,9315.0,9314.443
2018-04-18 04:00:00,9301.0,9385.945
2018-04-18 05:00:00,9596.0,9522.675
2018-04-18 06:00:00,10323.0,10266.629
2018-04-18 07:00:00,11130.0,11342.577
2018-04-18 08:00:00,11684.0,11569.94
2018-04-18 09:00:00,11896.0,11730.69
2018-04-18 10:00:00,12044.0,11933.898
2018-04-18 11:00:00,12111.0,12103.446
2018-04-18 12:00:00,12160.0,12076.628
2018-04-18 13:00:00,12137.0,12131.995
2018-04-18 14:00:00,12164.0,12098.604
2018-04-18 15:00:00,12042.0,12074.513
2018-04-18 16:00:00,11952.0,11913.125
2018-04-18 17:00:00,11909.0,11927.631
2018-04-18 18:00:00,11942.0,11884.999
2018-04-18 19:00:00,11870.0,11967.737
2018-04-18 20:00:00,12009.0,12128.8125
2018-04-18 21:00:00,11923.0,12053.083
2018-04-18 22:00:00,11455.0,11537.073
2018-04-18 23:00:00,10805.0,10750.845
2018-04-19 00:00:00,10210.0,10097.211
2018-04-19 01:00:00,9845.0,9692.941
2018-04-19 02:00:00,9597.0,9520.77
2018-04-19 03:00:00,9447.0,9484.105
2018-04-19 04:00:00,9376.0,9445.584
2018-04-19 05:00:00,9613.0,9592.286
2018-04-19 06:00:00,10296.0,10330.885
2018-04-19 07:00:00,11058.0,11278.536
2018-04-19 08:00:00,11436.0,11680.645
2018-04-19 09:00:00,11531.0,11655.49
2018-04-19 10:00:00,11492.0,11567.3
2018-04-19 11:00:00,11447.0,11496.987
2018-04-19 12:00:00,11335.0,11367.581
2018-04-19 13:00:00,11194.0,11209.6455
2018-04-19 14:00:00,11107.0,11111.378
2018-04-19 15:00:00,10926.0,10960.53
2018-04-19 16:00:00,10726.0,10767.19
2018-04-19 17:00:00,10548.0,10653.418
2018-04-19 18:00:00,10450.0,10493.769
2018-04-19 19:00:00,10372.0,10483.546
2018-04-19 20:00:00,10609.0,10673.688
2018-04-19 21:00:00,10949.0,10959.914
2018-04-19 22:00:00,10686.0,10696.0205
2018-04-19 23:00:00,10111.0,10109.666
2018-04-20 00:00:00,9584.0,9496.12
2018-04-20 01:00:00,9240.0,9117.963
2018-04-20 02:00:00,9053.0,8937.479
2018-04-20 03:00:00,8930.0,8935.014
2018-04-20 04:00:00,8959.0,8885.945
2018-04-20 05:00:00,9236.0,9158.444
2018-04-20 06:00:00,9932.0,9836.762
2018-04-20 07:00:00,10661.0,10792.239
2018-04-20 08:00:00,11084.0,11067.697
2018-04-20 09:00:00,11112.0,11220.309
2018-04-20 10:00:00,11016.0,11094.344
2018-04-20 11:00:00,10964.0,10975.341
2018-04-20 12:00:00,10851.0,10839.872
2018-04-20 13:00:00,10775.0,10743.463
2018-04-20 14:00:00,10744.0,10687.024
2018-04-20 15:00:00,10618.0,10679.844
2018-04-20 16:00:00,10420.0,10495.473
2018-04-20 17:00:00,10275.0,10330.723
2018-04-20 18:00:00,10109.0,10228.192
2018-04-20 19:00:00,9984.0,10177.382
2018-04-20 20:00:00,10159.0,10252.592
2018-04-20 21:00:00,10474.0,10462.816
2018-04-20 22:00:00,10199.0,10405.043
2018-04-20 23:00:00,9695.0,9735.109
2018-04-21 00:00:00,9142.0,9130.143
2018-04-21 01:00:00,8801.0,8673.373
2018-04-21 02:00:00,8545.0,8518.433
2018-04-21 03:00:00,8426.0,8369.334
2018-04-21 04:00:00,8357.0,8369.139
2018-04-21 05:00:00,8454.0,8462.312
2018-04-21 06:00:00,8716.0,8687.681
2018-04-21 07:00:00,9022.0,8943.849
2018-04-21 08:00:00,9359.0,9226.357
2018-04-21 09:00:00,9722.0,9597.815
2018-04-21 10:00:00,9866.0,9924.08
2018-04-21 11:00:00,9968.0,9854.394
2018-04-21 12:00:00,9857.0,9920.678
2018-04-21 13:00:00,9733.0,9748.353
2018-04-21 14:00:00,9509.0,9585.202
2018-04-21 15:00:00,9365.0,9379.027
2018-04-21 16:00:00,9230.0,9195.923
2018-04-21 17:00:00,9191.0,9211.446
2018-04-21 18:00:00,9152.0,9231.391
2018-04-21 19:00:00,9268.0,9153.897
2018-04-21 20:00:00,9600.0,9639.726
2018-04-21 21:00:00,9820.0,9970.828
2018-04-21 22:00:00,9649.0,9664.008
2018-04-21 23:00:00,9199.0,9209.479
2018-04-22 00:00:00,8801.0,8694.871
2018-04-22 01:00:00,8429.0,8381.594
2018-04-22 02:00:00,8188.0,8155.5356
2018-04-22 03:00:00,8024.0,7976.9307
2018-04-22 04:00:00,7973.0,7886.3945
2018-04-22 05:00:00,7996.0,7895.065
2018-04-22 06:00:00,8148.0,8135.1245
2018-04-22 07:00:00,8204.0,8313.287
2018-04-22 08:00:00,8429.0,8362.825
2018-04-22 09:00:00,8625.0,8682.323
2018-04-22 10:00:00,8727.0,8802.743
2018-04-22 11:00:00,8808.0,8817.13
2018-04-22 12:00:00,8817.0,8829.753
2018-04-22 13:00:00,8773.0,8783.079
2018-04-22 14:00:00,8754.0,8753.746
2018-04-22 15:00:00,8661.0,8739.16
2018-04-22 16:00:00,8627.0,8677.839
2018-04-22 17:00:00,8690.0,8654.516
2018-04-22 18:00:00,8747.0,8711.203
2018-04-22 19:00:00,8792.0,8887.432
2018-04-22 20:00:00,9049.0,9155.775
2018-04-22 21:00:00,9499.0,9461.723
2018-04-22 22:00:00,9305.0,9400.047
2018-04-22 23:00:00,8891.0,8927.92
2018-04-23 00:00:00,8403.0,8538.075
2018-04-23 01:00:00,8158.0,8130.284
2018-04-23 02:00:00,8046.0,7953.94
2018-04-23 03:00:00,7993.0,7955.94
2018-04-23 04:00:00,8108.0,8076.958
2018-04-23 05:00:00,8397.0,8485.335
2018-04-23 06:00:00,9159.0,9076.053
2018-04-23 07:00:00,9916.0,10136.415
2018-04-23 08:00:00,10598.0,10618.681
2018-04-23 09:00:00,10716.0,10883.315
2018-04-23 10:00:00,10763.0,10859.717
2018-04-23 11:00:00,10755.0,10854.844
2018-04-23 12:00:00,10733.0,10756.957
2018-04-23 13:00:00,10702.0,10694.608
2018-04-23 14:00:00,10714.0,10721.536
2018-04-23 15:00:00,10615.0,10666.622
2018-04-23 16:00:00,10506.0,10551.725
2018-04-23 17:00:00,10377.0,10501.303
2018-04-23 18:00:00,10287.0,10358.095
2018-04-23 19:00:00,10198.0,10298.521
2018-04-23 20:00:00,10402.0,10461.945
2018-04-23 21:00:00,10601.0,10748.798
2018-04-23 22:00:00,10194.0,10420.309
2018-04-23 23:00:00,9519.0,9670.202
2018-04-24 00:00:00,8927.0,8907.651
2018-04-24 01:00:00,8519.0,8537.659
2018-04-24 02:00:00,8288.0,8285.502
2018-04-24 03:00:00,8131.0,8182.7207
2018-04-24 04:00:00,8104.0,8147.809
2018-04-24 05:00:00,8324.0,8364.5205
2018-04-24 06:00:00,9007.0,8977.357
2018-04-24 07:00:00,9785.0,9915.615
2018-04-24 08:00:00,10395.0,10431.175
2018-04-24 09:00:00,10565.0,10710.365
2018-04-24 10:00:00,10621.0,10736.231
2018-04-24 11:00:00,10729.0,10725.662
2018-04-24 12:00:00,10770.0,10716.274
2018-04-24 13:00:00,10811.0,10790.449
2018-04-24 14:00:00,10854.0,10820.457
2018-04-24 15:00:00,10776.0,10803.129
2018-04-24 16:00:00,10689.0,10665.899
2018-04-24 17:00:00,10558.0,10616.955
2018-04-24 18:00:00,10446.0,10404.0625
2018-04-24 19:00:00,10207.0,10357.235
2018-04-24 20:00:00,10307.0,10448.284
2018-04-24 21:00:00,10603.0,10775.843
2018-04-24 22:00:00,10176.0,10472.285
2018-04-24 23:00:00,9499.0,9662.332
2018-04-25 00:00:00,8876.0,8964.373
2018-04-25 01:00:00,8474.0,8483.9
2018-04-25 02:00:00,8251.0,8249.907
2018-04-25 03:00:00,8156.0,8138.6904
2018-04-25 04:00:00,8156.0,8188.734
2018-04-25 05:00:00,8432.0,8442.109
2018-04-25 06:00:00,9091.0,9095.047
2018-04-25 07:00:00,9872.0,9981.379
2018-04-25 08:00:00,10456.0,10554.631
2018-04-25 09:00:00,10629.0,10709.664
2018-04-25 10:00:00,10708.0,10795.348
2018-04-25 11:00:00,10764.0,10783.097
2018-04-25 12:00:00,10713.0,10770.075
2018-04-25 13:00:00,10643.0,10631.166
2018-04-25 14:00:00,10666.0,10616.343
2018-04-25 15:00:00,10556.0,10591.1875
2018-04-25 16:00:00,10437.0,10424.721
2018-04-25 17:00:00,10286.0,10383.656
2018-04-25 18:00:00,10184.0,10262.064
2018-04-25 19:00:00,10037.0,10232.614
2018-04-25 20:00:00,10223.0,10268.71
2018-04-25 21:00:00,10592.0,10454.664
2018-04-25 22:00:00,10251.0,10420.519
2018-04-25 23:00:00,9662.0,9686.07
2018-04-26 00:00:00,9056.0,8963.535
2018-04-26 01:00:00,8720.0,8577.529
2018-04-26 02:00:00,8516.0,8472.325
2018-04-26 03:00:00,8389.0,8396.251
2018-04-26 04:00:00,8435.0,8394.588
2018-04-26 05:00:00,8692.0,8678.754
2018-04-26 06:00:00,9363.0,9374.856
2018-04-26 07:00:00,10095.0,10266.498
2018-04-26 08:00:00,10596.0,10659.572
2018-04-26 09:00:00,10727.0,10793.929
2018-04-26 10:00:00,10693.0,10833.039
2018-04-26 11:00:00,10767.0,10737.594
2018-04-26 12:00:00,10719.0,10802.642
2018-04-26 13:00:00,10722.0,10674.33
2018-04-26 14:00:00,10739.0,10717.706
2018-04-26 15:00:00,10659.0,10703.735
2018-04-26 16:00:00,10542.0,10536.779
2018-04-26 17:00:00,10409.0,10459.982
2018-04-26 18:00:00,10263.0,10350.285
2018-04-26 19:00:00,10077.0,10247.633
2018-04-26 20:00:00,10159.0,10360.292
2018-04-26 21:00:00,10454.0,10390.96
2018-04-26 22:00:00,10082.0,10289.713
2018-04-26 23:00:00,9430.0,9672.332
2018-04-27 00:00:00,8832.0,8889.961
2018-04-27 01:00:00,8399.0,8470.056
2018-04-27 02:00:00,8146.0,8189.3267
2018-04-27 03:00:00,8021.0,8070.826
2018-04-27 04:00:00,8015.0,8024.131
2018-04-27 05:00:00,8270.0,8226.42
2018-04-27 06:00:00,8900.0,8796.934
2018-04-27 07:00:00,9617.0,9762.021
2018-04-27 08:00:00,10161.0,10284.725
2018-04-27 09:00:00,10395.0,10445.603
2018-04-27 10:00:00,10491.0,10544.142
2018-04-27 11:00:00,10590.0,10593.954
2018-04-27 12:00:00,10582.0,10611.935
2018-04-27 13:00:00,10581.0,10601.564
2018-04-27 14:00:00,10605.0,10555.814
2018-04-27 15:00:00,10463.0,10600.458
2018-04-27 16:00:00,10312.0,10388.388
2018-04-27 17:00:00,10209.0,10269.831
2018-04-27 18:00:00,10160.0,10245.883
2018-04-27 19:00:00,10232.0,10236.824
2018-04-27 20:00:00,10362.0,10552.478
2018-04-27 21:00:00,10518.0,10542.002
2018-04-27 22:00:00,10251.0,10257.369
2018-04-27 23:00:00,9685.0,9696.459
2018-04-28 00:00:00,9127.0,9018.413
2018-04-28 01:00:00,8698.0,8624.263
2018-04-28 02:00:00,8478.0,8384.666
2018-04-28 03:00:00,8289.0,8291.172
2018-04-28 04:00:00,8281.0,8213.618
2018-04-28 05:00:00,8376.0,8361.713
2018-04-28 06:00:00,8624.0,8677.558
2018-04-28 07:00:00,8806.0,8892.679
2018-04-28 08:00:00,9061.0,8975.28
2018-04-28 09:00:00,9317.0,9306.878
2018-04-28 10:00:00,9466.0,9502.152
2018-04-28 11:00:00,9544.0,9495.173
2018-04-28 12:00:00,9455.0,9521.097
2018-04-28 13:00:00,9331.0,9413.537
2018-04-28 14:00:00,9164.0,9207.223
2018-04-28 15:00:00,9039.0,9030.843
2018-04-28 16:00:00,8901.0,8964.028
2018-04-28 17:00:00,8896.0,8874.028
2018-04-28 18:00:00,8858.0,8896.776
2018-04-28 19:00:00,8908.0,8923.167
2018-04-28 20:00:00,9110.0,9194.455
2018-04-28 21:00:00,9618.0,9487.041
2018-04-28 22:00:00,9491.0,9434.084
2018-04-28 23:00:00,9139.0,8995.923
2018-04-29 00:00:00,8752.0,8682.182
2018-04-29 01:00:00,8403.0,8317.151
2018-04-29 02:00:00,8243.0,8123.3267
2018-04-29 03:00:00,8098.0,7987.2847
2018-04-29 04:00:00,8087.0,7972.2085
2018-04-29 05:00:00,8113.0,8022.1997
2018-04-29 06:00:00,8254.0,8265.225
2018-04-29 07:00:00,8231.0,8366.268
2018-04-29 08:00:00,8415.0,8370.135
2018-04-29 09:00:00,8560.0,8584.597
2018-04-29 10:00:00,8705.0,8716.082
2018-04-29 11:00:00,8747.0,8783.719
2018-04-29 12:00:00,8733.0,8801.23
2018-04-29 13:00:00,8713.0,8755.331
2018-04-29 14:00:00,8645.0,8725.543
2018-04-29 15:00:00,8605.0,8671.376
2018-04-29 16:00:00,8547.0,8624.025
2018-04-29 17:00:00,8581.0,8572.419
2018-04-29 18:00:00,8664.0,8627.986
2018-04-29 19:00:00,8696.0,8753.28
2018-04-29 20:00:00,8928.0,8996.709
2018-04-29 21:00:00,9391.0,9315.714
2018-04-29 22:00:00,9228.0,9440.186
2018-04-29 23:00:00,8808.0,8976.777
2018-04-30 00:00:00,8381.0,8459.828
2018-04-30 01:00:00,8098.0,8081.4727
2018-04-30 02:00:00,7916.0,7922.6455
2018-04-30 03:00:00,7813.0,7815.897
2018-04-30 04:00:00,7975.0,7776.2183
2018-04-30 05:00:00,8300.0,8219.628
2018-04-30 06:00:00,9010.0,9037.617
2018-04-30 07:00:00,9799.0,10039.444
2018-04-30 08:00:00,10368.0,10506.871
2018-04-30 09:00:00,10514.0,10733.408
2018-04-30 10:00:00,10676.0,10729.633
2018-04-30 11:00:00,10815.0,10865.595
2018-04-30 12:00:00,10858.0,10854.411
2018-04-30 13:00:00,10905.0,10928.372
2018-04-30 14:00:00,10977.0,10956.519
2018-04-30 15:00:00,10963.0,10933.248
2018-04-30 16:00:00,10867.0,10890.059
2018-04-30 17:00:00,10788.0,10801.656
2018-04-30 18:00:00,10707.0,10694.792
2018-04-30 19:00:00,10491.0,10655.107
2018-04-30 20:00:00,10461.0,10748.977
2018-04-30 21:00:00,10755.0,10748.34
2018-04-30 22:00:00,10358.0,10586.204
2018-04-30 23:00:00,9658.0,9831.466
2018-05-01 00:00:00,8937.0,8985.769
2018-05-01 01:00:00,8411.0,8511.879
2018-05-01 02:00:00,8110.0,8164.4453
2018-05-01 03:00:00,7917.0,8012.497
2018-05-01 04:00:00,7844.0,7949.8706
2018-05-01 05:00:00,8020.0,8058.041
2018-05-01 06:00:00,8519.0,8520.519
2018-05-01 07:00:00,9293.0,9288.828
2018-05-01 08:00:00,10048.0,10151.895
2018-05-01 09:00:00,10537.0,10526.466
2018-05-01 10:00:00,10896.0,10782.152
2018-05-01 11:00:00,11235.0,11107.261
2018-05-01 12:00:00,11482.0,11379.59
2018-05-01 13:00:00,11667.0,11617.898
2018-05-01 14:00:00,11909.0,11801.63
2018-05-01 15:00:00,11998.0,11921.705
2018-05-01 16:00:00,12011.0,12015.553
2018-05-01 17:00:00,11971.0,11937.786
2018-05-01 18:00:00,11851.0,11818.679
2018-05-01 19:00:00,11609.0,11653.851
2018-05-01 20:00:00,11592.0,11529.517
2018-05-01 21:00:00,11870.0,11750.696
2018-05-01 22:00:00,11448.0,11587.844
2018-05-01 23:00:00,10647.0,10685.619
2018-05-02 00:00:00,9874.0,9872.864
2018-05-02 01:00:00,9313.0,9281.791
2018-05-02 02:00:00,8893.0,8902.365
2018-05-02 03:00:00,8591.0,8657.308
2018-05-02 04:00:00,8459.0,8451.843
2018-05-02 05:00:00,8577.0,8614.598
2018-05-02 06:00:00,9164.0,9129.685
2018-05-02 07:00:00,9990.0,10098.093
2018-05-02 08:00:00,10840.0,10853.962
2018-05-02 09:00:00,11373.0,11322.949
2018-05-02 10:00:00,11752.0,11750.871
2018-05-02 11:00:00,12070.0,12065.414
2018-05-02 12:00:00,12418.0,12257.3
2018-05-02 13:00:00,12731.0,12675.009
2018-05-02 14:00:00,13164.0,12993.207
2018-05-02 15:00:00,13417.0,13356.114
2018-05-02 16:00:00,13545.0,13566.178
2018-05-02 17:00:00,13370.0,13650.566
2018-05-02 18:00:00,13106.0,13200.112
2018-05-02 19:00:00,12898.0,12827.454
2018-05-02 20:00:00,12914.0,12686.754
2018-05-02 21:00:00,12670.0,12932.707
2018-05-02 22:00:00,12055.0,12146.154
2018-05-02 23:00:00,11160.0,11113.792
2018-05-03 00:00:00,10307.0,10219.887
2018-05-03 01:00:00,9648.0,9662.973
2018-05-03 02:00:00,9160.0,9164.92
2018-05-03 03:00:00,8862.0,8852.35
2018-05-03 04:00:00,8776.0,8709.267
2018-05-03 05:00:00,8917.0,8887.993
2018-05-03 06:00:00,9406.0,9446.901
2018-05-03 07:00:00,10244.0,10315.44
2018-05-03 08:00:00,10986.0,11133.238
2018-05-03 09:00:00,11306.0,11576.375
2018-05-03 10:00:00,11612.0,11731.728
2018-05-03 11:00:00,11883.0,11978.116
2018-05-03 12:00:00,11881.0,12077.904
2018-05-03 13:00:00,11937.0,11905.925
2018-05-03 14:00:00,12025.0,12009.117
2018-05-03 15:00:00,11846.0,12028.797
2018-05-03 16:00:00,11547.0,11671.286
2018-05-03 17:00:00,11441.0,11225.94
2018-05-03 18:00:00,11298.0,11191.229
2018-05-03 19:00:00,11080.0,11079.109
2018-05-03 20:00:00,11055.0,11031.777
2018-05-03 21:00:00,11177.0,11180.342
2018-05-03 22:00:00,10788.0,10858.949
2018-05-03 23:00:00,10083.0,10053.884
2018-05-04 00:00:00,9408.0,9271.313
2018-05-04 01:00:00,8913.0,8882.349
2018-05-04 02:00:00,8616.0,8566.995
2018-05-04 03:00:00,8440.0,8410.967
2018-05-04 04:00:00,8361.0,8385.058
2018-05-04 05:00:00,8534.0,8573.269
2018-05-04 06:00:00,9079.0,9058.075
2018-05-04 07:00:00,9883.0,9995.484
2018-05-04 08:00:00,10615.0,10634.088
2018-05-04 09:00:00,10961.0,11007.547
2018-05-04 10:00:00,11134.0,11164.959
2018-05-04 11:00:00,11230.0,11351.6
2018-05-04 12:00:00,11338.0,11287.173
2018-05-04 13:00:00,11465.0,11330.08
2018-05-04 14:00:00,11642.0,11489.662
2018-05-04 15:00:00,11713.0,11611.475
2018-05-04 16:00:00,11725.0,11646.653
2018-05-04 17:00:00,11773.0,11652.477
2018-05-04 18:00:00,11674.0,11709.059
2018-05-04 19:00:00,11386.0,11489.909
2018-05-04 20:00:00,11071.0,11336.796
2018-05-04 21:00:00,11129.0,11107.956
2018-05-04 22:00:00,10798.0,10880.983
2018-05-04 23:00:00,10065.0,10099.189
2018-05-05 00:00:00,9356.0,9325.75
2018-05-05 01:00:00,8770.0,8819.084
2018-05-05 02:00:00,8365.0,8457.491
2018-05-05 03:00:00,8072.0,8133.4697
2018-05-05 04:00:00,7901.0,7952.603
2018-05-05 05:00:00,7939.0,7873.7866
2018-05-05 06:00:00,8036.0,8026.2305
2018-05-05 07:00:00,8188.0,8280.148
2018-05-05 08:00:00,8700.0,8512.016
2018-05-05 09:00:00,9297.0,9202.264
2018-05-05 10:00:00,9744.0,9738.653
2018-05-05 11:00:00,10154.0,10075.268
2018-05-05 12:00:00,10374.0,10256.294
2018-05-05 13:00:00,10537.0,10512.195
2018-05-05 14:00:00,10655.0,10611.274
2018-05-05 15:00:00,10887.0,10711.809
2018-05-05 16:00:00,11085.0,10930.615
2018-05-05 17:00:00,11305.0,11183.837
2018-05-05 18:00:00,11313.0,11353.457
2018-05-05 19:00:00,11063.0,11202.791
2018-05-05 20:00:00,10679.0,11012.915
2018-05-05 21:00:00,10648.0,10800.007
2018-05-05 22:00:00,10156.0,10530.949
2018-05-05 23:00:00,9446.0,9543.888
2018-05-06 00:00:00,8777.0,8910.964
2018-05-06 01:00:00,8259.0,8343.2705
2018-05-06 02:00:00,7900.0,7958.225
2018-05-06 03:00:00,7665.0,7709.804
2018-05-06 04:00:00,7472.0,7572.2476
2018-05-06 05:00:00,7418.0,7547.0767
2018-05-06 06:00:00,7438.0,7535.0933
2018-05-06 07:00:00,7425.0,7617.41
2018-05-06 08:00:00,7683.0,7945.62
2018-05-06 09:00:00,8081.0,8407.029
2018-05-06 10:00:00,8461.0,8627.888
2018-05-06 11:00:00,8787.0,8925.259
2018-05-06 12:00:00,8992.0,9115.192
2018-05-06 13:00:00,9199.0,9249.601
2018-05-06 14:00:00,9280.0,9453.58
2018-05-06 15:00:00,9393.0,9401.191
2018-05-06 16:00:00,9484.0,9509.287
2018-05-06 17:00:00,9520.0,9610.187
2018-05-06 18:00:00,9529.0,9540.146
2018-05-06 19:00:00,9382.0,9492.877
2018-05-06 20:00:00,9289.0,9523.428
2018-05-06 21:00:00,9531.0,9515.066
2018-05-06 22:00:00,9321.0,9437.618
2018-05-06 23:00:00,8763.0,8960.917
2018-05-07 00:00:00,8245.0,8376.778
2018-05-07 01:00:00,7880.0,7973.824
2018-05-07 02:00:00,7627.0,7734.973
2018-05-07 03:00:00,7509.0,7578.4336
2018-05-07 04:00:00,7532.0,7627.65
2018-05-07 05:00:00,7809.0,7817.4316
2018-05-07 06:00:00,8344.0,8263.802
2018-05-07 07:00:00,9219.0,9242.216
2018-05-07 08:00:00,10054.0,10127.291
2018-05-07 09:00:00,10485.0,10684.773
2018-05-07 10:00:00,10803.0,10827.206
2018-05-07 11:00:00,11114.0,11060.965
2018-05-07 12:00:00,11286.0,11248.564
2018-05-07 13:00:00,11388.0,11311.421
2018-05-07 14:00:00,11552.0,11471.767
2018-05-07 15:00:00,11626.0,11570.224
2018-05-07 16:00:00,11665.0,11587.527
2018-05-07 17:00:00,11675.0,11603.067
2018-05-07 18:00:00,11595.0,11530.032
2018-05-07 19:00:00,11310.0,11428.508
2018-05-07 20:00:00,11061.0,11256.93
2018-05-07 21:00:00,11211.0,11189.934
2018-05-07 22:00:00,10785.0,10808.25
2018-05-07 23:00:00,9985.0,10021.791
2018-05-08 00:00:00,9176.0,9201.82
2018-05-08 01:00:00,8666.0,8684.209
2018-05-08 02:00:00,8331.0,8330.789
2018-05-08 03:00:00,8111.0,8119.487
2018-05-08 04:00:00,8048.0,8051.7188
2018-05-08 05:00:00,8191.0,8204.267
2018-05-08 06:00:00,8684.0,8664.636
2018-05-08 07:00:00,9504.0,9599.702
2018-05-08 08:00:00,10370.0,10432.465
2018-05-08 09:00:00,10914.0,10970.123
2018-05-08 10:00:00,11337.0,11244.936
2018-05-08 11:00:00,11712.0,11632.046
2018-05-08 12:00:00,12002.0,11939.489
2018-05-08 13:00:00,12308.0,12231.893
2018-05-08 14:00:00,12627.0,12584.67
2018-05-08 15:00:00,12868.0,12776.809
2018-05-08 16:00:00,13018.0,12976.056
2018-05-08 17:00:00,13116.0,12982.258
2018-05-08 18:00:00,12907.0,13030.992
2018-05-08 19:00:00,12336.0,12601.961
2018-05-08 20:00:00,11973.0,12000.339
2018-05-08 21:00:00,12018.0,11944.737
2018-05-08 22:00:00,11506.0,11740.544
2018-05-08 23:00:00,10583.0,10669.902
2018-05-09 00:00:00,9696.0,9695.639
2018-05-09 01:00:00,9061.0,9091.593
2018-05-09 02:00:00,8665.0,8688.098
2018-05-09 03:00:00,8405.0,8412.198
2018-05-09 04:00:00,8296.0,8272.273
2018-05-09 05:00:00,8449.0,8411.919
2018-05-09 06:00:00,8979.0,8885.494
2018-05-09 07:00:00,9902.0,9914.069
2018-05-09 08:00:00,10725.0,10796.418
2018-05-09 09:00:00,10926.0,11320.195
2018-05-09 10:00:00,11171.0,11220.963
2018-05-09 11:00:00,11487.0,11451.151
2018-05-09 12:00:00,11747.0,11633.526
2018-05-09 13:00:00,12062.0,11870.867
2018-05-09 14:00:00,12456.0,12230.878
2018-05-09 15:00:00,12526.0,12566.19
2018-05-09 16:00:00,12697.0,12508.762
2018-05-09 17:00:00,12943.0,12687.666
2018-05-09 18:00:00,12760.0,12875.215
2018-05-09 19:00:00,12495.0,12437.472
2018-05-09 20:00:00,12201.0,12236.1045
2018-05-09 21:00:00,12171.0,12042.902
2018-05-09 22:00:00,11650.0,11672.899
2018-05-09 23:00:00,10707.0,10762.421
2018-05-10 00:00:00,9804.0,9798.577
2018-05-10 01:00:00,9093.0,9154.637
2018-05-10 02:00:00,8671.0,8745.795
2018-05-10 03:00:00,8397.0,8441.32
2018-05-10 04:00:00,8267.0,8314.965
2018-05-10 05:00:00,8394.0,8360.585
2018-05-10 06:00:00,8877.0,8842.928
2018-05-10 07:00:00,9642.0,9765.881
2018-05-10 08:00:00,10509.0,10571.631
2018-05-10 09:00:00,10944.0,11076.506
2018-05-10 10:00:00,11116.0,11290.395
2018-05-10 11:00:00,11394.0,11397.412
2018-05-10 12:00:00,11654.0,11539.664
2018-05-10 13:00:00,11865.0,11790.714
2018-05-10 14:00:00,12098.0,11986.758
2018-05-10 15:00:00,12212.0,12128.979
2018-05-10 16:00:00,12025.0,12233.392
2018-05-10 17:00:00,11823.0,11882.5
2018-05-10 18:00:00,11562.0,11595.042
2018-05-10 19:00:00,11228.0,11200.675
2018-05-10 20:00:00,10978.0,11120.952
2018-05-10 21:00:00,11125.0,11093.883
2018-05-10 22:00:00,10709.0,10874.729
2018-05-10 23:00:00,9897.0,9969.357
2018-05-11 00:00:00,9118.0,9164.023
2018-05-11 01:00:00,8542.0,8643.352
2018-05-11 02:00:00,8192.0,8229.99
2018-05-11 03:00:00,7959.0,8042.103
2018-05-11 04:00:00,7895.0,7897.029
2018-05-11 05:00:00,8072.0,7983.105
2018-05-11 06:00:00,8594.0,8474.432
2018-05-11 07:00:00,9338.0,9387.34
2018-05-11 08:00:00,9999.0,10257.372
2018-05-11 09:00:00,10362.0,10620.392
2018-05-11 10:00:00,10607.0,10784.917
2018-05-11 11:00:00,10720.0,10874.389
2018-05-11 12:00:00,10775.0,10722.669
2018-05-11 13:00:00,10757.0,10764.779
2018-05-11 14:00:00,10742.0,10792.908
2018-05-11 15:00:00,10631.0,10743.204
2018-05-11 16:00:00,10420.0,10544.717
2018-05-11 17:00:00,10297.0,10290.731
2018-05-11 18:00:00,10125.0,10202.299
2018-05-11 19:00:00,10011.0,10042.624
2018-05-11 20:00:00,10039.0,10065.003
2018-05-11 21:00:00,10334.0,10235.274
2018-05-11 22:00:00,10080.0,10163.548
2018-05-11 23:00:00,9470.0,9632.201
2018-05-12 00:00:00,8872.0,8900.463
2018-05-12 01:00:00,8391.0,8425.757
2018-05-12 02:00:00,8145.0,8117.9355
2018-05-12 03:00:00,7920.0,7974.7646
2018-05-12 04:00:00,7861.0,7836.6187
2018-05-12 05:00:00,7920.0,7905.5293
2018-05-12 06:00:00,8118.0,8105.343
2018-05-12 07:00:00,8392.0,8364.314
2018-05-12 08:00:00,8880.0,8743.003
2018-05-12 09:00:00,9271.0,9284.217
2018-05-12 10:00:00,9462.0,9509.665
2018-05-12 11:00:00,9605.0,9601.679
2018-05-12 12:00:00,9506.0,9611.043
2018-05-12 13:00:00,9345.0,9488.894
2018-05-12 14:00:00,9269.0,9221.109
2018-05-12 15:00:00,9302.0,9152.099
2018-05-12 16:00:00,9164.0,9220.302
2018-05-12 17:00:00,9060.0,9114.017
2018-05-12 18:00:00,9080.0,9030.758
2018-05-12 19:00:00,9080.0,9069.701
2018-05-12 20:00:00,9181.0,9305.037
2018-05-12 21:00:00,9472.0,9600.756
2018-05-12 22:00:00,9349.0,9333.63
2018-05-12 23:00:00,8946.0,8973.729
2018-05-13 00:00:00,8478.0,8499.198
2018-05-13 01:00:00,8122.0,8088.036
2018-05-13 02:00:00,7884.0,7831.5522
2018-05-13 03:00:00,7668.0,7663.273
2018-05-13 04:00:00,7580.0,7489.274
2018-05-13 05:00:00,7542.0,7492.485
2018-05-13 06:00:00,7621.0,7523.404
2018-05-13 07:00:00,7662.0,7542.1665
2018-05-13 08:00:00,7917.0,7736.0396
2018-05-13 09:00:00,8287.0,8282.038
2018-05-13 10:00:00,8543.0,8549.221
2018-05-13 11:00:00,8611.0,8731.557
2018-05-13 12:00:00,8637.0,8712.276
2018-05-13 13:00:00,8686.0,8682.607
2018-05-13 14:00:00,8658.0,8673.727
2018-05-13 15:00:00,8659.0,8647.247
2018-05-13 16:00:00,8667.0,8642.281
2018-05-13 17:00:00,8654.0,8653.042
2018-05-13 18:00:00,8712.0,8621.374
2018-05-13 19:00:00,8810.0,8743.549
2018-05-13 20:00:00,8879.0,9036.967
2018-05-13 21:00:00,9202.0,9286.863
2018-05-13 22:00:00,9084.0,9345.362
2018-05-13 23:00:00,8677.0,8918.14
2018-05-14 00:00:00,8201.0,8340.038
2018-05-14 01:00:00,7882.0,8003.949
2018-05-14 02:00:00,7684.0,7765.6626
2018-05-14 03:00:00,7620.0,7685.542
2018-05-14 04:00:00,7632.0,7652.0415
2018-05-14 05:00:00,7871.0,7796.2344
2018-05-14 06:00:00,8504.0,8531.235
2018-05-14 07:00:00,9600.0,9426.924
2018-05-14 08:00:00,10455.0,10315.673
2018-05-14 09:00:00,10684.0,10798.889
2018-05-14 10:00:00,10998.0,10904.076
2018-05-14 11:00:00,11206.0,11189.968
2018-05-14 12:00:00,11304.0,11307.545
2018-05-14 13:00:00,11552.0,11363.165
2018-05-14 14:00:00,11913.0,11738.815
2018-05-14 15:00:00,12098.0,12051.509
2018-05-14 16:00:00,12229.0,12164.076
2018-05-14 17:00:00,12242.0,12246.604
2018-05-14 18:00:00,12104.0,12057.12
2018-05-14 19:00:00,11793.0,11853.478
2018-05-14 20:00:00,11464.0,11662.968
2018-05-14 21:00:00,11519.0,11424.29
2018-05-14 22:00:00,11044.0,11099.916
2018-05-14 23:00:00,10361.0,10186.871
2018-05-15 00:00:00,9551.0,9488.403
2018-05-15 01:00:00,9026.0,8968.004
2018-05-15 02:00:00,8645.0,8626.911
2018-05-15 03:00:00,8412.0,8409.51
2018-05-15 04:00:00,8341.0,8306.866
2018-05-15 05:00:00,8528.0,8470.534
2018-05-15 06:00:00,9085.0,9059.437
2018-05-15 07:00:00,10030.0,9988.393
2018-05-15 08:00:00,10766.0,10813.448
2018-05-15 09:00:00,10897.0,11166.999
2018-05-15 10:00:00,11276.0,11112.992
2018-05-15 11:00:00,11583.0,11515.168
2018-05-15 12:00:00,11692.0,11738.813
2018-05-15 13:00:00,11786.0,11811.021
2018-05-15 14:00:00,11957.0,11834.403
2018-05-15 15:00:00,11868.0,11972.69
2018-05-15 16:00:00,11547.0,11736.606
2018-05-15 17:00:00,11319.0,11324.156
2018-05-15 18:00:00,11130.0,11046.835
2018-05-15 19:00:00,10805.0,10993.7
2018-05-15 20:00:00,10567.0,10886.102
2018-05-15 21:00:00,10707.0,10799.827
2018-05-15 22:00:00,10416.0,10602.663
2018-05-15 23:00:00,9634.0,9817.833
2018-05-16 00:00:00,8917.0,8985.975
2018-05-16 01:00:00,8467.0,8478.635
2018-05-16 02:00:00,8165.0,8190.7485
2018-05-16 03:00:00,7984.0,8005.728
2018-05-16 04:00:00,7934.0,7985.084
2018-05-16 05:00:00,8093.0,8098.6743
2018-05-16 06:00:00,8584.0,8544.641
2018-05-16 07:00:00,9405.0,9367.159
2018-05-16 08:00:00,10183.0,10237.142
2018-05-16 09:00:00,10647.0,10636.631
2018-05-16 10:00:00,10991.0,10962.302
2018-05-16 11:00:00,11366.0,11239.581
2018-05-16 12:00:00,11601.0,11532.89
2018-05-16 13:00:00,11788.0,11676.742
2018-05-16 14:00:00,12038.0,11827.844
2018-05-16 15:00:00,12221.0,12060.953
2018-05-16 16:00:00,12346.0,12227.198
2018-05-16 17:00:00,12436.0,12272.4375
2018-05-16 18:00:00,12378.0,12260.237
2018-05-16 19:00:00,12049.0,12092.235
2018-05-16 20:00:00,11734.0,11840.901
2018-05-16 21:00:00,11682.0,11712.257
2018-05-16 22:00:00,11254.0,11221.172
2018-05-16 23:00:00,10338.0,10421.213
2018-05-17 00:00:00,9478.0,9464.8125
2018-05-17 01:00:00,8879.0,8906.484
2018-05-17 02:00:00,8506.0,8526.995
2018-05-17 03:00:00,8287.0,8282.07
2018-05-17 04:00:00,8162.0,8215.431
2018-05-17 05:00:00,8275.0,8309.448
2018-05-17 06:00:00,8752.0,8816.2705
2018-05-17 07:00:00,9591.0,9649.758
2018-05-17 08:00:00,10490.0,10464.076
2018-05-17 09:00:00,10995.0,11027.045
2018-05-17 10:00:00,11298.0,11321.954
2018-05-17 11:00:00,11554.0,11581.301
2018-05-17 12:00:00,11756.0,11744.192
2018-05-17 13:00:00,11885.0,11838.503
2018-05-17 14:00:00,12082.0,11995.482
2018-05-17 15:00:00,12103.0,12093.267
2018-05-17 16:00:00,11997.0,12049.894
2018-05-17 17:00:00,11817.0,11854.744
2018-05-17 18:00:00,11503.0,11579.971
2018-05-17 19:00:00,10981.0,11210.676
2018-05-17 20:00:00,10673.0,10884.112
2018-05-17 21:00:00,10817.0,10745.744
2018-05-17 22:00:00,10474.0,10621.1
2018-05-17 23:00:00,9725.0,9814.188
2018-05-18 00:00:00,8968.0,9028.742
2018-05-18 01:00:00,8482.0,8475.665
2018-05-18 02:00:00,8191.0,8182.086
2018-05-18 03:00:00,8004.0,8010.0103
2018-05-18 04:00:00,7944.0,7975.802
2018-05-18 05:00:00,8145.0,8075.554
2018-05-18 06:00:00,8585.0,8674.78
2018-05-18 07:00:00,9282.0,9421.603
2018-05-18 08:00:00,10030.0,10245.061
2018-05-18 09:00:00,10505.0,10579.516
2018-05-18 10:00:00,10763.0,10828.895
2018-05-18 11:00:00,10982.0,10963.0625
2018-05-18 12:00:00,11149.0,11065.044
2018-05-18 13:00:00,11178.0,11206.087
2018-05-18 14:00:00,11257.0,11238.01
2018-05-18 15:00:00,11151.0,11203.978
2018-05-18 16:00:00,10914.0,10980.364
2018-05-18 17:00:00,10725.0,10733.133
2018-05-18 18:00:00,10503.0,10499.262
2018-05-18 19:00:00,10356.0,10298.589
2018-05-18 20:00:00,10373.0,10403.811
2018-05-18 21:00:00,10502.0,10552.368
2018-05-18 22:00:00,10254.0,10276.345
2018-05-18 23:00:00,9625.0,9644.555
2018-05-19 00:00:00,9018.0,9012.573
2018-05-19 01:00:00,8535.0,8499.217
2018-05-19 02:00:00,8236.0,8196.8
2018-05-19 03:00:00,8006.0,8029.8765
2018-05-19 04:00:00,7873.0,7907.3047
2018-05-19 05:00:00,7951.0,7895.623
2018-05-19 06:00:00,8107.0,8071.335
2018-05-19 07:00:00,8344.0,8355.319
2018-05-19 08:00:00,8764.0,8723.591
2018-05-19 09:00:00,9207.0,9159.664
2018-05-19 10:00:00,9565.0,9528.157
2018-05-19 11:00:00,9752.0,9750.718
2018-05-19 12:00:00,9874.0,9794.765
2018-05-19 13:00:00,9789.0,9820.063
2018-05-19 14:00:00,9733.0,9670.772
2018-05-19 15:00:00,9634.0,9664.635
2018-05-19 16:00:00,9607.0,9529.233
2018-05-19 17:00:00,9663.0,9579.313
2018-05-19 18:00:00,9643.0,9742.0625
2018-05-19 19:00:00,9623.0,9642.404
2018-05-19 20:00:00,9618.0,9745.364
2018-05-19 21:00:00,9826.0,9839.68
2018-05-19 22:00:00,9639.0,9743.21
2018-05-19 23:00:00,9198.0,9202.22
2018-05-20 00:00:00,8650.0,8654.579
2018-05-20 01:00:00,8233.0,8202.278
2018-05-20 02:00:00,7878.0,7875.4863
2018-05-20 03:00:00,7670.0,7681.194
2018-05-20 04:00:00,7547.0,7531.0806
2018-05-20 05:00:00,7510.0,7521.1455
2018-05-20 06:00:00,7488.0,7542.107
2018-05-20 07:00:00,7552.0,7582.717
2018-05-20 08:00:00,7775.0,7823.403
2018-05-20 09:00:00,8141.0,8155.6196
2018-05-20 10:00:00,8510.0,8475.568
2018-05-20 11:00:00,8784.0,8800.077
2018-05-20 12:00:00,8931.0,8930.782
2018-05-20 13:00:00,8927.0,8962.6045
2018-05-20 14:00:00,8809.0,8903.129
2018-05-20 15:00:00,8820.0,8809.544
2018-05-20 16:00:00,8763.0,8806.946
2018-05-20 17:00:00,8767.0,8805.639
2018-05-20 18:00:00,8895.0,8840.021
2018-05-20 19:00:00,8953.0,9003.839
2018-05-20 20:00:00,9082.0,9246.065
2018-05-20 21:00:00,9385.0,9471.219
2018-05-20 22:00:00,9266.0,9349.186
2018-05-20 23:00:00,8791.0,8874.128
2018-05-21 00:00:00,8317.0,8388.587
2018-05-21 01:00:00,8003.0,8028.32
2018-05-21 02:00:00,7811.0,7841.3584
2018-05-21 03:00:00,7723.0,7663.77
2018-05-21 04:00:00,7728.0,7740.146
2018-05-21 05:00:00,7960.0,7967.7534
2018-05-21 06:00:00,8666.0,8581.63
2018-05-21 07:00:00,9631.0,9628.9
2018-05-21 08:00:00,10464.0,10352.241
2018-05-21 09:00:00,10752.0,10832.654
2018-05-21 10:00:00,10929.0,10947.1
2018-05-21 11:00:00,11211.0,11103.395
2018-05-21 12:00:00,11333.0,11316.66
2018-05-21 13:00:00,11276.0,11389.059
2018-05-21 14:00:00,11298.0,11314.841
2018-05-21 15:00:00,11170.0,11224.804
2018-05-21 16:00:00,11076.0,11019.958
2018-05-21 17:00:00,11033.0,10988.213
2018-05-21 18:00:00,10948.0,10950.151
2018-05-21 19:00:00,10756.0,10784.103
2018-05-21 20:00:00,10649.0,10794.977
2018-05-21 21:00:00,10808.0,10869.046
2018-05-21 22:00:00,10479.0,10579.098
2018-05-21 23:00:00,9763.0,9810.3955
2018-05-22 00:00:00,9065.0,9056.052
2018-05-22 01:00:00,8618.0,8579.187
2018-05-22 02:00:00,8333.0,8292.321
2018-05-22 03:00:00,8145.0,8131.615
2018-05-22 04:00:00,8110.0,8092.8335
2018-05-22 05:00:00,8278.0,8319.71
2018-05-22 06:00:00,8838.0,8919.982
2018-05-22 07:00:00,9669.0,9739.441
2018-05-22 08:00:00,10371.0,10439.917
2018-05-22 09:00:00,10753.0,10797.66
2018-05-22 10:00:00,10976.0,10980.039
2018-05-22 11:00:00,11145.0,11172.382
2018-05-22 12:00:00,11289.0,11216.6455
2018-05-22 13:00:00,11322.0,11342.004
2018-05-22 14:00:00,11381.0,11355.746
2018-05-22 15:00:00,11292.0,11317.375
2018-05-22 16:00:00,11196.0,11170.469
2018-05-22 17:00:00,11091.0,11041.455
2018-05-22 18:00:00,10956.0,10960.667
2018-05-22 19:00:00,10739.0,10773.179
2018-05-22 20:00:00,10616.0,10784.39
2018-05-22 21:00:00,10776.0,10813.131
2018-05-22 22:00:00,10517.0,10546.577
2018-05-22 23:00:00,9819.0,9871.169
2018-05-23 00:00:00,9079.0,9099.668
2018-05-23 01:00:00,8593.0,8596.032
2018-05-23 02:00:00,8319.0,8287.935
2018-05-23 03:00:00,8104.0,8144.347
2018-05-23 04:00:00,8079.0,8079.833
2018-05-23 05:00:00,8253.0,8246.583
2018-05-23 06:00:00,8688.0,8836.622
2018-05-23 07:00:00,9518.0,9547.226
2018-05-23 08:00:00,10359.0,10345.68
2018-05-23 09:00:00,10859.0,10880.865
2018-05-23 10:00:00,11239.0,11089.809
2018-05-23 11:00:00,11583.0,11484.876
2018-05-23 12:00:00,11808.0,11749.985
2018-05-23 13:00:00,12003.0,11928.996
2018-05-23 14:00:00,12312.0,12141.43
2018-05-23 15:00:00,12478.0,12446.668
2018-05-23 16:00:00,12587.0,12555.164
2018-05-23 17:00:00,12673.0,12553.53
2018-05-23 18:00:00,12612.0,12546.948
2018-05-23 19:00:00,12244.0,12401.142
2018-05-23 20:00:00,11906.0,11966.388
2018-05-23 21:00:00,11823.0,11899.911
2018-05-23 22:00:00,11445.0,11438.317
2018-05-23 23:00:00,10567.0,10618.377
2018-05-24 00:00:00,9660.0,9779.429
2018-05-24 01:00:00,9019.0,9059.625
2018-05-24 02:00:00,8575.0,8623.559
2018-05-24 03:00:00,8343.0,8339.673
2018-05-24 04:00:00,8246.0,8225.821
2018-05-24 05:00:00,8366.0,8381.626
2018-05-24 06:00:00,8792.0,8931.455
2018-05-24 07:00:00,9686.0,9642.049
2018-05-24 08:00:00,10730.0,10604.823
2018-05-24 09:00:00,11437.0,11311.263
2018-05-24 10:00:00,11984.0,11914.293
2018-05-24 11:00:00,12533.0,12449.171
2018-05-24 12:00:00,12987.0,12914.449
2018-05-24 13:00:00,13381.0,13341.007
2018-05-24 14:00:00,13864.0,13797.339
2018-05-24 15:00:00,14216.0,14159.717
2018-05-24 16:00:00,14517.0,14425.807
2018-05-24 17:00:00,14775.0,14695.786
2018-05-24 18:00:00,14710.0,14673.709
2018-05-24 19:00:00,14354.0,14315.861
2018-05-24 20:00:00,13868.0,13931.295
2018-05-24 21:00:00,13583.0,13681.8
2018-05-24 22:00:00,13066.0,13060.13
2018-05-24 23:00:00,12043.0,12005.422
2018-05-25 00:00:00,10915.0,10954.673
2018-05-25 01:00:00,10062.0,10223.225
2018-05-25 02:00:00,9480.0,9568.36
2018-05-25 03:00:00,9089.0,9137.396
2018-05-25 04:00:00,8862.0,8930.115
2018-05-25 05:00:00,8940.0,8955.953
2018-05-25 06:00:00,9309.0,9292.448
2018-05-25 07:00:00,10284.0,10061.896
2018-05-25 08:00:00,11435.0,11208.604
2018-05-25 09:00:00,12444.0,12334.991
2018-05-25 10:00:00,13288.0,13107.466
2018-05-25 11:00:00,14122.0,14064.225
2018-05-25 12:00:00,14820.0,14880.337
2018-05-25 13:00:00,15351.0,15295.422
2018-05-25 14:00:00,15854.0,15681.936
2018-05-25 15:00:00,16168.0,15889.3
2018-05-25 16:00:00,16159.0,16102.804
2018-05-25 17:00:00,15925.0,15941.943
2018-05-25 18:00:00,15412.0,15497.171
2018-05-25 19:00:00,14785.0,14867.911
2018-05-25 20:00:00,14342.0,14178.817
2018-05-25 21:00:00,14172.0,14085.589
2018-05-25 22:00:00,13789.0,13678.414
2018-05-25 23:00:00,12979.0,12644.169
2018-05-26 00:00:00,11981.0,11899.026
2018-05-26 01:00:00,11112.0,11080.57
2018-05-26 02:00:00,10430.0,10416.885
2018-05-26 03:00:00,9919.0,9919.516
2018-05-26 04:00:00,9633.0,9601.461
2018-05-26 05:00:00,9477.0,9533.109
2018-05-26 06:00:00,9395.0,9489.219
2018-05-26 07:00:00,9617.0,9551.431
2018-05-26 08:00:00,10373.0,10205.529
2018-05-26 09:00:00,11357.0,11205.478
2018-05-26 10:00:00,12278.0,12194.864
2018-05-26 11:00:00,13214.0,13121.552
2018-05-26 12:00:00,13941.0,13884.297
2018-05-26 13:00:00,14463.0,14382.254
2018-05-26 14:00:00,14890.0,14687.058
2018-05-26 15:00:00,15247.0,15098.102
2018-05-26 16:00:00,15577.0,15346.22
2018-05-26 17:00:00,15768.0,15523.433
2018-05-26 18:00:00,15755.0,15529.327
2018-05-26 19:00:00,15410.0,15231.155
2018-05-26 20:00:00,14819.0,14775.478
2018-05-26 21:00:00,14221.0,14508.954
2018-05-26 22:00:00,13717.0,13858.076
2018-05-26 23:00:00,12798.0,12724.677
2018-05-27 00:00:00,11795.0,11742.883
2018-05-27 01:00:00,10951.0,10894.424
2018-05-27 02:00:00,10262.0,10268.795
2018-05-27 03:00:00,9781.0,9756.173
2018-05-27 04:00:00,9406.0,9460.201
2018-05-27 05:00:00,9243.0,9193.761
2018-05-27 06:00:00,9028.0,9145.392
2018-05-27 07:00:00,9350.0,9054.79
2018-05-27 08:00:00,10276.0,9926.553
2018-05-27 09:00:00,11589.0,11313.459
2018-05-27 10:00:00,12974.0,12758.441
2018-05-27 11:00:00,14161.0,14021.556
2018-05-27 12:00:00,15126.0,14989.474
2018-05-27 13:00:00,15768.0,15054.395
2018-05-27 14:00:00,16225.0,16097.317
2018-05-27 15:00:00,16602.0,16529.307
2018-05-27 16:00:00,16888.0,16737.443
2018-05-27 17:00:00,17001.0,16906.959
2018-05-27 18:00:00,16883.0,16641.262
2018-05-27 19:00:00,16525.0,16257.792
2018-05-27 20:00:00,15825.0,15840.728
2018-05-27 21:00:00,15320.0,15431.355
2018-05-27 22:00:00,14761.0,14819.381
2018-05-27 23:00:00,13811.0,13623.7705
2018-05-28 00:00:00,12791.0,12706.787
2018-05-28 01:00:00,11788.0,11819.38
2018-05-28 02:00:00,11015.0,11084.271
2018-05-28 03:00:00,10532.0,10526.831
2018-05-28 04:00:00,10164.0,10187.014
2018-05-28 05:00:00,9924.0,10183.448
2018-05-28 06:00:00,9845.0,10234.587
2018-05-28 07:00:00,10260.0,10272.14
2018-05-28 08:00:00,11213.0,10971.186
2018-05-28 09:00:00,12510.0,12164.484
2018-05-28 10:00:00,13794.0,13646.485
2018-05-28 11:00:00,14627.0,14791.523
2018-05-28 12:00:00,14768.0,15275.968
2018-05-28 13:00:00,14962.0,14974.025
2018-05-28 14:00:00,15255.0,15197.015
2018-05-28 15:00:00,15741.0,15392.457
2018-05-28 16:00:00,16394.0,15942.951
2018-05-28 17:00:00,17002.0,16501.143
2018-05-28 18:00:00,17254.0,16963.197
2018-05-28 19:00:00,16910.0,17006.121
2018-05-28 20:00:00,16147.0,16383.778
2018-05-28 21:00:00,15485.0,15728.228
2018-05-28 22:00:00,14768.0,14831.144
2018-05-28 23:00:00,13487.0,13457.537
2018-05-29 00:00:00,12167.0,12159.455
2018-05-29 01:00:00,11210.0,11229.345
2018-05-29 02:00:00,10513.0,10526.2295
2018-05-29 03:00:00,10037.0,9978.893
2018-05-29 04:00:00,9805.0,9688.174
2018-05-29 05:00:00,9846.0,9823.709
2018-05-29 06:00:00,10298.0,10169.935
2018-05-29 07:00:00,11363.0,11125.735
2018-05-29 08:00:00,12590.0,12470.646
2018-05-29 09:00:00,13642.0,13636.649
2018-05-29 10:00:00,14471.0,14371.631
2018-05-29 11:00:00,15241.0,15138.04
2018-05-29 12:00:00,15769.0,15815.746
2018-05-29 13:00:00,16374.0,16059.928
2018-05-29 14:00:00,16891.0,16665.43
2018-05-29 15:00:00,17081.0,17221.697
2018-05-29 16:00:00,17065.0,17097.47
2018-05-29 17:00:00,16896.0,16807.809
2018-05-29 18:00:00,16619.0,16514.1
2018-05-29 19:00:00,15783.0,15988.909
2018-05-29 20:00:00,14962.0,15218.8955
2018-05-29 21:00:00,14669.0,14483.426
2018-05-29 22:00:00,14183.0,13957.721
2018-05-29 23:00:00,13069.0,12876.179
2018-05-30 00:00:00,11916.0,11819.086
2018-05-30 01:00:00,11025.0,10953.308
2018-05-30 02:00:00,10443.0,10369.24
2018-05-30 03:00:00,10052.0,9929.154
2018-05-30 04:00:00,9886.0,9780.437
2018-05-30 05:00:00,10020.0,9893.974
2018-05-30 06:00:00,10579.0,10482.022
2018-05-30 07:00:00,11524.0,11504.627
2018-05-30 08:00:00,12495.0,12513.541
2018-05-30 09:00:00,13202.0,13285.13
2018-05-30 10:00:00,13857.0,13881.271
2018-05-30 11:00:00,14567.0,14431.604
2018-05-30 12:00:00,15382.0,14872.908
2018-05-30 13:00:00,16066.0,15691.697
2018-05-30 14:00:00,16592.0,16318.088
2018-05-30 15:00:00,16763.0,16907.914
2018-05-30 16:00:00,16345.0,16852.52
2018-05-30 17:00:00,15872.0,16291.706
2018-05-30 18:00:00,15462.0,15410.9
2018-05-30 19:00:00,14964.0,14810.885
2018-05-30 20:00:00,14455.0,14394.643
2018-05-30 21:00:00,14250.0,14046.806
2018-05-30 22:00:00,13820.0,13631.575
2018-05-30 23:00:00,12863.0,12680.762
2018-05-31 00:00:00,11765.0,11674.052
2018-05-31 01:00:00,11010.0,10863.075
2018-05-31 02:00:00,10433.0,10369.9375
2018-05-31 03:00:00,10054.0,9971.469
2018-05-31 04:00:00,9885.0,9799.361
2018-05-31 05:00:00,9985.0,9894.861
2018-05-31 06:00:00,10460.0,10414.311
2018-05-31 07:00:00,11579.0,11422.87
2018-05-31 08:00:00,12863.0,12623.436
2018-05-31 09:00:00,13880.0,13866.54
2018-05-31 10:00:00,14915.0,14749.741
2018-05-31 11:00:00,15973.0,15582.315
2018-05-31 12:00:00,16686.0,16719.668
2018-05-31 13:00:00,17306.0,17278.533
2018-05-31 14:00:00,17842.0,17815.008
2018-05-31 15:00:00,18048.0,18014.238
2018-05-31 16:00:00,18151.0,18261.57
2018-05-31 17:00:00,18397.0,18103.13
2018-05-31 18:00:00,18352.0,18147.773
2018-05-31 19:00:00,17781.0,17889.252
2018-05-31 20:00:00,17018.0,16909.422
2018-05-31 21:00:00,16370.0,16352.297
2018-05-31 22:00:00,15752.0,15608.021
2018-05-31 23:00:00,14417.0,14377.807
2018-06-01 00:00:00,13078.0,13005.255
2018-06-01 01:00:00,11985.0,11992.077
2018-06-01 02:00:00,11243.0,11260.46
2018-06-01 03:00:00,10649.0,10752.74
2018-06-01 04:00:00,10360.0,10386.958
2018-06-01 05:00:00,10355.0,10382.79
2018-06-01 06:00:00,10790.0,10688.624
2018-06-01 07:00:00,11856.0,11609.087
2018-06-01 08:00:00,13120.0,12943.964
2018-06-01 09:00:00,13593.0,14169.395
2018-06-01 10:00:00,13743.0,14143.552
2018-06-01 11:00:00,13736.0,14190.17
2018-06-01 12:00:00,13724.0,13744.169
2018-06-01 13:00:00,13640.0,13717.597
2018-06-01 14:00:00,13648.0,13756.826
2018-06-01 15:00:00,13623.0,13738.893
2018-06-01 16:00:00,13536.0,13630.332
2018-06-01 17:00:00,13278.0,13608.956
2018-06-01 18:00:00,12835.0,13134.614
2018-06-01 19:00:00,12161.0,12517.799
2018-06-01 20:00:00,11488.0,11888.89
2018-06-01 21:00:00,11168.0,11534.901
2018-06-01 22:00:00,10852.0,10838.991
2018-06-01 23:00:00,10148.0,10250.366
2018-06-02 00:00:00,9357.0,9368.257
2018-06-02 01:00:00,8799.0,8744.035
2018-06-02 02:00:00,8388.0,8434.509
2018-06-02 03:00:00,8153.0,8158.6836
2018-06-02 04:00:00,8014.0,8022.121
2018-06-02 05:00:00,8003.0,8005.704
2018-06-02 06:00:00,8030.0,8138.263
2018-06-02 07:00:00,8275.0,8188.698
2018-06-02 08:00:00,8761.0,8679.462
2018-06-02 09:00:00,9253.0,9293.049
2018-06-02 10:00:00,9671.0,9663.154
2018-06-02 11:00:00,9893.0,9935.19
2018-06-02 12:00:00,10082.0,9985.017
2018-06-02 13:00:00,10112.0,10139.154
2018-06-02 14:00:00,10169.0,10119.29
2018-06-02 15:00:00,10282.0,10172.555
2018-06-02 16:00:00,10469.0,10317.623
2018-06-02 17:00:00,10665.0,10611.19
2018-06-02 18:00:00,10645.0,10616.019
2018-06-02 19:00:00,10495.0,10398.766
2018-06-02 20:00:00,10336.0,10335.009
2018-06-02 21:00:00,10457.0,10360.348
2018-06-02 22:00:00,10311.0,10247.476
2018-06-02 23:00:00,9808.0,9765.204
2018-06-03 00:00:00,9184.0,9186.683
2018-06-03 01:00:00,8687.0,8645.508
2018-06-03 02:00:00,8321.0,8349.344
2018-06-03 03:00:00,8104.0,8073.8174
2018-06-03 04:00:00,7953.0,7958.1406
2018-06-03 05:00:00,7927.0,7867.092
2018-06-03 06:00:00,7785.0,7920.272
2018-06-03 07:00:00,7930.0,7783.6523
2018-06-03 08:00:00,8315.0,8163.898
2018-06-03 09:00:00,8870.0,8821.387
2018-06-03 10:00:00,9361.0,9402.433
2018-06-03 11:00:00,9786.0,9740.606
2018-06-03 12:00:00,10136.0,10074.169
2018-06-03 13:00:00,10415.0,10238.782
2018-06-03 14:00:00,10602.0,10600.023
2018-06-03 15:00:00,10766.0,10697.632
2018-06-03 16:00:00,10848.0,10792.279
2018-06-03 17:00:00,10931.0,10810.41
2018-06-03 18:00:00,10864.0,10871.742
2018-06-03 19:00:00,10680.0,10675.979
2018-06-03 20:00:00,10372.0,10541.656
2018-06-03 21:00:00,10265.0,10378.021
2018-06-03 22:00:00,10175.0,10036.66
2018-06-03 23:00:00,9624.0,9658.859
2018-06-04 00:00:00,8984.0,9007.92
2018-06-04 01:00:00,8474.0,8525.549
2018-06-04 02:00:00,8154.0,8237.729
2018-06-04 03:00:00,7968.0,8040.417
2018-06-04 04:00:00,7928.0,7909.3037
2018-06-04 05:00:00,8126.0,8075.247
2018-06-04 06:00:00,8547.0,8605.067
2018-06-04 07:00:00,9435.0,9255.418
2018-06-04 08:00:00,10372.0,10361.006
2018-06-04 09:00:00,11007.0,11067.82
2018-06-04 10:00:00,11408.0,11502.323
2018-06-04 11:00:00,11773.0,11748.622
2018-06-04 12:00:00,12034.0,12039.897
2018-06-04 13:00:00,12264.0,12174.806
2018-06-04 14:00:00,12579.0,12506.4
2018-06-04 15:00:00,12870.0,12753.705
2018-06-04 16:00:00,13177.0,13006.959
2018-06-04 17:00:00,13399.0,13338.447
2018-06-04 18:00:00,13449.0,13342.067
2018-06-04 19:00:00,13244.0,13042.0625
2018-06-04 20:00:00,12872.0,12788.785
2018-06-04 21:00:00,12588.0,12717.74
2018-06-04 22:00:00,12285.0,12149.126
2018-06-04 23:00:00,11407.0,11248.356
2018-06-05 00:00:00,10466.0,10473.118
2018-06-05 01:00:00,9801.0,9807.384
2018-06-05 02:00:00,9317.0,9361.114
2018-06-05 03:00:00,8985.0,9024.356
2018-06-05 04:00:00,8818.0,8862.115
2018-06-05 05:00:00,8927.0,8929.945
2018-06-05 06:00:00,9367.0,9355.591
2018-06-05 07:00:00,10177.0,10176.716
2018-06-05 08:00:00,10955.0,11091.679
2018-06-05 09:00:00,11494.0,11660.571
2018-06-05 10:00:00,11863.0,12019.121
2018-06-05 11:00:00,12116.0,12309.744
2018-06-05 12:00:00,12188.0,12279.799
2018-06-05 13:00:00,12186.0,12254.176
2018-06-05 14:00:00,12185.0,12237.327
2018-06-05 15:00:00,12053.0,12133.748
2018-06-05 16:00:00,11854.0,11949.397
2018-06-05 17:00:00,11599.0,11734.314
2018-06-05 18:00:00,11377.0,11333.665
2018-06-05 19:00:00,10941.0,11086.913
2018-06-05 20:00:00,10607.0,10858.583
2018-06-05 21:00:00,10529.0,10746.025
2018-06-05 22:00:00,10382.0,10334.586
2018-06-05 23:00:00,9720.0,9826.73
2018-06-06 00:00:00,8997.0,9068.633
2018-06-06 01:00:00,8508.0,8544.623
2018-06-06 02:00:00,8222.0,8226.81
2018-06-06 03:00:00,8020.0,7984.556
2018-06-06 04:00:00,7922.0,7895.154
2018-06-06 05:00:00,8062.0,8015.2056
2018-06-06 06:00:00,8394.0,8421.787
2018-06-06 07:00:00,9190.0,8973.396
2018-06-06 08:00:00,10026.0,9955.886
2018-06-06 09:00:00,10630.0,10622.866
2018-06-06 10:00:00,11055.0,11059.619
2018-06-06 11:00:00,11439.0,11378.343
2018-06-06 12:00:00,11619.0,11581.657
2018-06-06 13:00:00,11672.0,11740.649
2018-06-06 14:00:00,11684.0,11773.8955
2018-06-06 15:00:00,11927.0,11636.798
2018-06-06 16:00:00,12127.0,11961.437
2018-06-06 17:00:00,12137.0,12083.161
2018-06-06 18:00:00,12190.0,11948.533
2018-06-06 19:00:00,12145.0,11927.991
2018-06-06 20:00:00,11921.0,11902.775
2018-06-06 21:00:00,11976.0,11867.211
2018-06-06 22:00:00,11770.0,11699.876
2018-06-06 23:00:00,10987.0,10906.517
2018-06-07 00:00:00,10099.0,10111.196
2018-06-07 01:00:00,9475.0,9417.112
2018-06-07 02:00:00,9034.0,9019.684
2018-06-07 03:00:00,8694.0,8767.558
2018-06-07 04:00:00,8622.0,8548.774
2018-06-07 05:00:00,8717.0,8763.476
2018-06-07 06:00:00,9154.0,9167.917
2018-06-07 07:00:00,9951.0,10022.087
2018-06-07 08:00:00,10855.0,10784.917
2018-06-07 09:00:00,11627.0,11412.524
2018-06-07 10:00:00,12357.0,12032.327
2018-06-07 11:00:00,13000.0,12833.413
2018-06-07 12:00:00,13495.0,13429.63
2018-06-07 13:00:00,13896.0,13865.053
2018-06-07 14:00:00,14357.0,14201.638
2018-06-07 15:00:00,14782.0,14600.402
2018-06-07 16:00:00,15001.0,14976.182
2018-06-07 17:00:00,15029.0,15140.741
2018-06-07 18:00:00,14674.0,14904.286
2018-06-07 19:00:00,13865.0,14197.585
2018-06-07 20:00:00,12944.0,13509.091
2018-06-07 21:00:00,12448.0,12741.834
2018-06-07 22:00:00,11903.0,11962.114
2018-06-07 23:00:00,10977.0,10965.134
2018-06-08 00:00:00,10020.0,10019.524
2018-06-08 01:00:00,9316.0,9362.519
2018-06-08 02:00:00,8893.0,8865.1455
2018-06-08 03:00:00,8578.0,8618.96
2018-06-08 04:00:00,8458.0,8428.376
2018-06-08 05:00:00,8577.0,8567.624
2018-06-08 06:00:00,8975.0,8997.033
2018-06-08 07:00:00,9642.0,9746.031
2018-06-08 08:00:00,10363.0,10513.247
2018-06-08 09:00:00,10905.0,11058.113
2018-06-08 10:00:00,11192.0,11379.908
2018-06-08 11:00:00,11428.0,11420.094
2018-06-08 12:00:00,11533.0,11514.176
2018-06-08 13:00:00,11661.0,11558.073
2018-06-08 14:00:00,11893.0,11730.721
2018-06-08 15:00:00,11970.0,11924.844
2018-06-08 16:00:00,11899.0,11890.32
2018-06-08 17:00:00,11908.0,11743.631
2018-06-08 18:00:00,11850.0,11700.847
2018-06-08 19:00:00,11637.0,11522.895
2018-06-08 20:00:00,11283.0,11365.386
2018-06-08 21:00:00,11250.0,11156.954
2018-06-08 22:00:00,11021.0,10957.911
2018-06-08 23:00:00,10343.0,10334.586
2018-06-09 00:00:00,9552.0,9620.742
2018-06-09 01:00:00,8960.0,8964.818
2018-06-09 02:00:00,8538.0,8575.124
2018-06-09 03:00:00,8283.0,8265.512
2018-06-09 04:00:00,8103.0,8144.1045
2018-06-09 05:00:00,8111.0,8117.0957
2018-06-09 06:00:00,8379.0,8202.535
2018-06-09 07:00:00,8701.0,8662.029
2018-06-09 08:00:00,9148.0,9132.528
2018-06-09 09:00:00,9664.0,9681.182
2018-06-09 10:00:00,10038.0,10123.591
2018-06-09 11:00:00,10292.0,10333.148
2018-06-09 12:00:00,10492.0,10464.105
2018-06-09 13:00:00,10745.0,10611.182
2018-06-09 14:00:00,10991.0,10822.196
2018-06-09 15:00:00,11332.0,11083.853
2018-06-09 16:00:00,11722.0,11449.425
2018-06-09 17:00:00,12046.0,11838.232
2018-06-09 18:00:00,12152.0,12125.664
2018-06-09 19:00:00,11850.0,11940.315
2018-06-09 20:00:00,11282.0,11693.683
2018-06-09 21:00:00,11043.0,11127.3545
2018-06-09 22:00:00,10743.0,10738.042
2018-06-09 23:00:00,10072.0,10079.486
2018-06-10 00:00:00,9447.0,9394.048
2018-06-10 01:00:00,8863.0,8867.9
2018-06-10 02:00:00,8478.0,8457.869
2018-06-10 03:00:00,8207.0,8176.842
2018-06-10 04:00:00,8165.0,8010.4854
2018-06-10 05:00:00,8148.0,8070.255
2018-06-10 06:00:00,8169.0,8164.9023
2018-06-10 07:00:00,8121.0,8305.51
2018-06-10 08:00:00,8431.0,8454.525
2018-06-10 09:00:00,8876.0,8961.07
2018-06-10 10:00:00,9307.0,9393.504
2018-06-10 11:00:00,9654.0,9838.601
2018-06-10 12:00:00,9900.0,10007.648
2018-06-10 13:00:00,9973.0,10110.666
2018-06-10 14:00:00,9967.0,10109.003
2018-06-10 15:00:00,9895.0,10055.59
2018-06-10 16:00:00,9832.0,9922.37
2018-06-10 17:00:00,9740.0,9852.32
2018-06-10 18:00:00,9808.0,9718.675
2018-06-10 19:00:00,9748.0,9852.782
2018-06-10 20:00:00,9717.0,9790.135
2018-06-10 21:00:00,9953.0,9868.859
2018-06-10 22:00:00,9900.0,9898.164
2018-06-10 23:00:00,9494.0,9422.884
2018-06-11 00:00:00,8940.0,8908.533
2018-06-11 01:00:00,8590.0,8497.406
2018-06-11 02:00:00,8338.0,8328.531
2018-06-11 03:00:00,8232.0,8193.136
2018-06-11 04:00:00,8153.0,8215.173
2018-06-11 05:00:00,8404.0,8412.443
2018-06-11 06:00:00,8848.0,9032.363
2018-06-11 07:00:00,9679.0,9794.923
2018-06-11 08:00:00,10501.0,10581.624
2018-06-11 09:00:00,10976.0,11042.772
2018-06-11 10:00:00,11284.0,11190.831
2018-06-11 11:00:00,11566.0,11459.535
2018-06-11 12:00:00,11704.0,11697.462
2018-06-11 13:00:00,11765.0,11767.124
2018-06-11 14:00:00,11852.0,11790.387
2018-06-11 15:00:00,11854.0,11815.12
2018-06-11 16:00:00,11714.0,11793.704
2018-06-11 17:00:00,11629.0,11599.432
2018-06-11 18:00:00,11514.0,11496.757
2018-06-11 19:00:00,11383.0,11340.646
2018-06-11 20:00:00,11243.0,11368.503
2018-06-11 21:00:00,11361.0,11366.431
2018-06-11 22:00:00,11113.0,11127.952
2018-06-11 23:00:00,10432.0,10277.583
2018-06-12 00:00:00,9669.0,9633.88
2018-06-12 01:00:00,9117.0,9063.624
2018-06-12 02:00:00,8789.0,8723.45
2018-06-12 03:00:00,8583.0,8534.951
2018-06-12 04:00:00,8559.0,8487.83
2018-06-12 05:00:00,8730.0,8718.833
2018-06-12 06:00:00,9215.0,9283.883
2018-06-12 07:00:00,10120.0,10114.375
2018-06-12 08:00:00,11002.0,10884.493
2018-06-12 09:00:00,11576.0,11445.233
2018-06-12 10:00:00,12006.0,11920.361
2018-06-12 11:00:00,12449.0,12407.298
2018-06-12 12:00:00,12711.0,12714.047
2018-06-12 13:00:00,12948.0,12923.086
2018-06-12 14:00:00,13340.0,13085.156
2018-06-12 15:00:00,13674.0,13573.32
2018-06-12 16:00:00,13879.0,13813.639
2018-06-12 17:00:00,13856.0,13941.949
2018-06-12 18:00:00,13718.0,13795.512
2018-06-12 19:00:00,13389.0,13320.045
2018-06-12 20:00:00,13190.0,13133.438
2018-06-12 21:00:00,13194.0,13039.287
2018-06-12 22:00:00,12955.0,12855.455
2018-06-12 23:00:00,12019.0,11997.642
2018-06-13 00:00:00,10997.0,11071.971
2018-06-13 01:00:00,10254.0,10268.531
2018-06-13 02:00:00,9767.0,9722.075
2018-06-13 03:00:00,9463.0,9426.355
2018-06-13 04:00:00,9358.0,9326.599
2018-06-13 05:00:00,9460.0,9446.696
2018-06-13 06:00:00,9917.0,10018.478
2018-06-13 07:00:00,10939.0,10832.795
2018-06-13 08:00:00,11978.0,11919.216
2018-06-13 09:00:00,12823.0,12689.302
2018-06-13 10:00:00,13454.0,13387.499
2018-06-13 11:00:00,13981.0,13949.129
2018-06-13 12:00:00,14261.0,14406.665
2018-06-13 13:00:00,14467.0,14608.91
2018-06-13 14:00:00,14749.0,14665.149
2018-06-13 15:00:00,14970.0,14931.591
2018-06-13 16:00:00,15134.0,15133.6045
2018-06-13 17:00:00,15236.0,15053.235
2018-06-13 18:00:00,15119.0,15123.783
2018-06-13 19:00:00,14622.0,14668.133
2018-06-13 20:00:00,13925.0,14198.137
2018-06-13 21:00:00,13228.0,13693.267
2018-06-13 22:00:00,12672.0,12754.97
2018-06-13 23:00:00,11591.0,11573.044
2018-06-14 00:00:00,10507.0,10542.554
2018-06-14 01:00:00,9709.0,9800.39
2018-06-14 02:00:00,9180.0,9235.315
2018-06-14 03:00:00,8904.0,8866.655
2018-06-14 04:00:00,8766.0,8756.016
2018-06-14 05:00:00,8882.0,8863.354
2018-06-14 06:00:00,9260.0,9341.578
2018-06-14 07:00:00,10199.0,10114.257
2018-06-14 08:00:00,11085.0,11056.79
2018-06-14 09:00:00,12004.0,11750.076
2018-06-14 10:00:00,12748.0,12573.715
2018-06-14 11:00:00,13344.0,13219.696
2018-06-14 12:00:00,13829.0,13703.474
2018-06-14 13:00:00,14156.0,14123.021
2018-06-14 14:00:00,14394.0,14500.976
2018-06-14 15:00:00,14347.0,14711.175
2018-06-14 16:00:00,14149.0,14313.454
2018-06-14 17:00:00,13910.0,14027.995
2018-06-14 18:00:00,13617.0,13496.061
2018-06-14 19:00:00,13147.0,13026.063
2018-06-14 20:00:00,12760.0,12679.741
2018-06-14 21:00:00,12630.0,12475.25
2018-06-14 22:00:00,12451.0,12210.095
2018-06-14 23:00:00,11567.0,11500.925
2018-06-15 00:00:00,10585.0,10604.267
2018-06-15 01:00:00,9850.0,9875.865
2018-06-15 02:00:00,9382.0,9326.22
2018-06-15 03:00:00,8982.0,9088.853
2018-06-15 04:00:00,8848.0,8825.685
2018-06-15 05:00:00,8954.0,8941.138
2018-06-15 06:00:00,9326.0,9353.897
2018-06-15 07:00:00,10283.0,10090.871
2018-06-15 08:00:00,11329.0,11186.28
2018-06-15 09:00:00,12082.0,12133.653
2018-06-15 10:00:00,12501.0,12544.165
2018-06-15 11:00:00,12818.0,12898.225
2018-06-15 12:00:00,13178.0,13012.721
2018-06-15 13:00:00,13851.0,13457.896
2018-06-15 14:00:00,14763.0,14157.42
2018-06-15 15:00:00,15616.0,15126.948
2018-06-15 16:00:00,16326.0,16005.502
2018-06-15 17:00:00,16833.0,16678.299
2018-06-15 18:00:00,16994.0,16951.596
2018-06-15 19:00:00,16684.0,16537.203
2018-06-15 20:00:00,16062.0,15992.319
2018-06-15 21:00:00,15713.0,15587.5205
2018-06-15 22:00:00,15411.0,15335.363
2018-06-15 23:00:00,14555.0,14447.381
2018-06-16 00:00:00,13472.0,13353.452
2018-06-16 01:00:00,12619.0,12365.375
2018-06-16 02:00:00,11781.0,11886.183
2018-06-16 03:00:00,10973.0,11224.6045
2018-06-16 04:00:00,10456.0,10656.92
2018-06-16 05:00:00,10275.0,10297.101
2018-06-16 06:00:00,10211.0,10246.588
2018-06-16 07:00:00,10410.0,10442.742
2018-06-16 08:00:00,11334.0,11117.501
2018-06-16 09:00:00,12681.0,12492.352
2018-06-16 10:00:00,14007.0,13957.719
2018-06-16 11:00:00,15050.0,15111.814
2018-06-16 12:00:00,15834.0,15718.96
2018-06-16 13:00:00,16284.0,16293.634
2018-06-16 14:00:00,16632.0,16769.566
2018-06-16 15:00:00,17057.0,16857.219
2018-06-16 16:00:00,17496.0,16943.97
2018-06-16 17:00:00,17801.0,17622.42
2018-06-16 18:00:00,17910.0,17433.766
2018-06-16 19:00:00,17464.0,17585.684
2018-06-16 20:00:00,16834.0,16612.984
2018-06-16 21:00:00,16384.0,16310.436
2018-06-16 22:00:00,16000.0,15790.269
2018-06-16 23:00:00,15129.0,14843.543
2018-06-17 00:00:00,14147.0,13847.546
2018-06-17 01:00:00,13278.0,12989.598
2018-06-17 02:00:00,12563.0,12347.593
2018-06-17 03:00:00,11966.0,11958.648
2018-06-17 04:00:00,11474.0,11658.011
2018-06-17 05:00:00,11226.0,11144.845
2018-06-17 06:00:00,10926.0,11187.48
2018-06-17 07:00:00,11219.0,11113.405
2018-06-17 08:00:00,12275.0,11936.309
2018-06-17 09:00:00,13646.0,13560.422
2018-06-17 10:00:00,15034.0,14816.409
2018-06-17 11:00:00,16198.0,15443.36
2018-06-17 12:00:00,17102.0,16905.379
2018-06-17 13:00:00,17760.0,17401.299
2018-06-17 14:00:00,18241.0,17922.121
2018-06-17 15:00:00,18449.0,18506.541
2018-06-17 16:00:00,18390.0,18781.453
2018-06-17 17:00:00,18215.0,18631.693
2018-06-17 18:00:00,17974.0,17914.479
2018-06-17 19:00:00,17599.0,17508.492
2018-06-17 20:00:00,17213.0,17047.842
2018-06-17 21:00:00,16949.0,16829.088
2018-06-17 22:00:00,16789.0,16466.686
2018-06-17 23:00:00,15823.0,15740.017
2018-06-18 00:00:00,14753.0,14439.753
2018-06-18 01:00:00,13812.0,13570.789
2018-06-18 02:00:00,13239.0,13045.604
2018-06-18 03:00:00,12770.0,12630.242
2018-06-18 04:00:00,12495.0,12518.051
2018-06-18 05:00:00,12578.0,12487.022
2018-06-18 06:00:00,13042.0,12810.282
2018-06-18 07:00:00,14139.0,13925.74
2018-06-18 08:00:00,15689.0,15217.879
2018-06-18 09:00:00,16983.0,16397.678
2018-06-18 10:00:00,18085.0,17883.172
2018-06-18 11:00:00,19090.0,18864.29
2018-06-18 12:00:00,19926.0,19557.234
2018-06-18 13:00:00,20498.0,20360.951
2018-06-18 14:00:00,20941.0,20655.219
2018-06-18 15:00:00,21209.0,20651.447
2018-06-18 16:00:00,21349.0,21009.426
2018-06-18 17:00:00,21344.0,21228.5
2018-06-18 18:00:00,20727.0,20950.215
2018-06-18 19:00:00,19188.0,19727.498
2018-06-18 20:00:00,18050.0,18767.426
2018-06-18 21:00:00,17122.0,17797.188
2018-06-18 22:00:00,16209.0,16289.508
2018-06-18 23:00:00,14819.0,14765.475
2018-06-19 00:00:00,13394.0,13451.522
2018-06-19 01:00:00,12273.0,12289.165
2018-06-19 02:00:00,11426.0,11483.485
2018-06-19 03:00:00,10841.0,10814.3955
2018-06-19 04:00:00,10524.0,10539.367
2018-06-19 05:00:00,10509.0,10521.815
2018-06-19 06:00:00,10855.0,10933.112
2018-06-19 07:00:00,11523.0,11661.262
2018-06-19 08:00:00,12339.0,12435.852
2018-06-19 09:00:00,13025.0,13006.903
2018-06-19 10:00:00,13651.0,13420.271
2018-06-19 11:00:00,14293.0,14119.509
2018-06-19 12:00:00,15008.0,14887.212
2018-06-19 13:00:00,15630.0,15527.906
2018-06-19 14:00:00,16160.0,16134.244
2018-06-19 15:00:00,16387.0,16494.012
2018-06-19 16:00:00,16030.0,16809.508
2018-06-19 17:00:00,15315.0,15854.991
2018-06-19 18:00:00,14758.0,14988.105
2018-06-19 19:00:00,14127.0,14130.919
2018-06-19 20:00:00,13556.0,13646.706
2018-06-19 21:00:00,13296.0,13098.571
2018-06-19 22:00:00,12891.0,12844.503
2018-06-19 23:00:00,12016.0,11884.72
2018-06-20 00:00:00,11069.0,11034.0205
2018-06-20 01:00:00,10334.0,10244.322
2018-06-20 02:00:00,9832.0,9785.181
2018-06-20 03:00:00,9510.0,9453.655
2018-06-20 04:00:00,9381.0,9342.407
2018-06-20 05:00:00,9469.0,9503.929
2018-06-20 06:00:00,9949.0,9974.607
2018-06-20 07:00:00,10810.0,10828.196
2018-06-20 08:00:00,11640.0,11763.743
2018-06-20 09:00:00,12103.0,12379.416
2018-06-20 10:00:00,12611.0,12615.247
2018-06-20 11:00:00,13265.0,13076.888
2018-06-20 12:00:00,13722.0,13727.965
2018-06-20 13:00:00,14063.0,14046.951
2018-06-20 14:00:00,14514.0,14406.087
2018-06-20 15:00:00,14786.0,14698.488
2018-06-20 16:00:00,14741.0,14849.952
2018-06-20 17:00:00,14671.0,14609.123
2018-06-20 18:00:00,14418.0,14205.553
2018-06-20 19:00:00,13817.0,13837.344
2018-06-20 20:00:00,13058.0,13342.5625
2018-06-20 21:00:00,12712.0,12778.085
2018-06-20 22:00:00,12310.0,12318.117
2018-06-20 23:00:00,11492.0,11419.546
2018-06-21 00:00:00,10648.0,10528.949
2018-06-21 01:00:00,10016.0,9902.719
2018-06-21 02:00:00,9573.0,9504.502
2018-06-21 03:00:00,9231.0,9254.1875
2018-06-21 04:00:00,9143.0,9074.39
2018-06-21 05:00:00,9289.0,9213.606
2018-06-21 06:00:00,9818.0,9681.437
2018-06-21 07:00:00,10657.0,10742.123
2018-06-21 08:00:00,11481.0,11638.451
2018-06-21 09:00:00,11963.0,12319.14
2018-06-21 10:00:00,12251.0,12490.811
2018-06-21 11:00:00,12485.0,12673.756
2018-06-21 12:00:00,12497.0,12650.228
2018-06-21 13:00:00,12455.0,12487.351
2018-06-21 14:00:00,12426.0,12481.815
2018-06-21 15:00:00,12266.0,12370.106
2018-06-21 16:00:00,12064.0,12169.129
2018-06-21 17:00:00,11920.0,11897.304
2018-06-21 18:00:00,11782.0,11725.216
2018-06-21 19:00:00,11615.0,11523.967
2018-06-21 20:00:00,11528.0,11502.962
2018-06-21 21:00:00,11505.0,11609.731
2018-06-21 22:00:00,11258.0,11241.96
2018-06-21 23:00:00,10622.0,10543.196
2018-06-22 00:00:00,9914.0,9823.966
2018-06-22 01:00:00,9378.0,9328.925
2018-06-22 02:00:00,9012.0,8976.077
2018-06-22 03:00:00,8822.0,8796.576
2018-06-22 04:00:00,8687.0,8774.3
2018-06-22 05:00:00,8843.0,8868.9375
2018-06-22 06:00:00,9253.0,9352.725
2018-06-22 07:00:00,10029.0,10013.932
2018-06-22 08:00:00,10700.0,10885.587
2018-06-22 09:00:00,11146.0,11290.678
2018-06-22 10:00:00,11371.0,11502.739
2018-06-22 11:00:00,11508.0,11601.851
2018-06-22 12:00:00,11529.0,11533.732
2018-06-22 13:00:00,11472.0,11444.916
2018-06-22 14:00:00,11485.0,11397.905
2018-06-22 15:00:00,11385.0,11357.175
2018-06-22 16:00:00,11195.0,11211.874
2018-06-22 17:00:00,11037.0,10988.266
2018-06-22 18:00:00,10861.0,10885.681
2018-06-22 19:00:00,10663.0,10681.197
2018-06-22 20:00:00,10541.0,10630.382
2018-06-22 21:00:00,10631.0,10643.108
2018-06-22 22:00:00,10543.0,10564.721
2018-06-22 23:00:00,9989.0,9991.24
2018-06-23 00:00:00,9391.0,9305.7
2018-06-23 01:00:00,8899.0,8841.6875
2018-06-23 02:00:00,8572.0,8552.598
2018-06-23 03:00:00,8332.0,8316.859
2018-06-23 04:00:00,8210.0,8204.143
2018-06-23 05:00:00,8207.0,8201.186
2018-06-23 06:00:00,8354.0,8290.411
2018-06-23 07:00:00,8577.0,8566.677
2018-06-23 08:00:00,9054.0,8960.908
2018-06-23 09:00:00,9648.0,9524.752
2018-06-23 10:00:00,10159.0,10020.57
2018-06-23 11:00:00,10541.0,10376.597
2018-06-23 12:00:00,10928.0,10690.028
2018-06-23 13:00:00,11238.0,11022.022
2018-06-23 14:00:00,11486.0,11307.983
2018-06-23 15:00:00,11706.0,11506.173
2018-06-23 16:00:00,11846.0,11730.29
2018-06-23 17:00:00,11959.0,11825.669
2018-06-23 18:00:00,11929.0,11869.273
2018-06-23 19:00:00,11610.0,11656.731
2018-06-23 20:00:00,11244.0,11366.8
2018-06-23 21:00:00,11221.0,11201.72
2018-06-23 22:00:00,11131.0,10940.337
2018-06-23 23:00:00,10572.0,10461.057
2018-06-24 00:00:00,9944.0,9837.017
2018-06-24 01:00:00,9379.0,9322.663
2018-06-24 02:00:00,8941.0,8900.221
2018-06-24 03:00:00,8592.0,8607.769
2018-06-24 04:00:00,8363.0,8369.338
2018-06-24 05:00:00,8259.0,8325.458
2018-06-24 06:00:00,8108.0,8251.216
2018-06-24 07:00:00,8275.0,8252.862
2018-06-24 08:00:00,8900.0,8583.788
2018-06-24 09:00:00,9743.0,9489.453
2018-06-24 10:00:00,10592.0,10343.096
2018-06-24 11:00:00,11376.0,11266.104
2018-06-24 12:00:00,12005.0,11921.305
2018-06-24 13:00:00,12548.0,12524.964
2018-06-24 14:00:00,12928.0,12980.399
2018-06-24 15:00:00,13256.0,13198.242
2018-06-24 16:00:00,13346.0,13571.246
2018-06-24 17:00:00,13215.0,13436.612
2018-06-24 18:00:00,13103.0,13074.044
2018-06-24 19:00:00,12696.0,12874.516
2018-06-24 20:00:00,12002.0,12544.453
2018-06-24 21:00:00,11547.0,12021.965
2018-06-24 22:00:00,11301.0,11341.932
2018-06-24 23:00:00,10623.0,10642.677
2018-06-25 00:00:00,9864.0,9786.598
2018-06-25 01:00:00,9280.0,9265.678
2018-06-25 02:00:00,8841.0,8865.159
2018-06-25 03:00:00,8543.0,8610.576
2018-06-25 04:00:00,8460.0,8466.912
2018-06-25 05:00:00,8664.0,8603.628
2018-06-25 06:00:00,9136.0,9105.126
2018-06-25 07:00:00,10081.0,9929.47
2018-06-25 08:00:00,11174.0,10933.38
2018-06-25 09:00:00,11918.0,11935.447
2018-06-25 10:00:00,12556.0,12514.472
2018-06-25 11:00:00,13146.0,13127.37
2018-06-25 12:00:00,13595.0,13708.097
2018-06-25 13:00:00,13949.0,13978.475
2018-06-25 14:00:00,14293.0,14272.527
2018-06-25 15:00:00,14543.0,14573.28
2018-06-25 16:00:00,14746.0,14737.36
2018-06-25 17:00:00,14845.0,14782.773
2018-06-25 18:00:00,14688.0,14724.651
2018-06-25 19:00:00,14147.0,14273.906
2018-06-25 20:00:00,13468.0,13768.716
2018-06-25 21:00:00,13192.0,13160.254
2018-06-25 22:00:00,12935.0,12691.067
2018-06-25 23:00:00,12110.0,11933.506
2018-06-26 00:00:00,11152.0,11114.902
2018-06-26 01:00:00,10402.0,10275.736
2018-06-26 02:00:00,9867.0,9848.562
2018-06-26 03:00:00,9491.0,9484.645
2018-06-26 04:00:00,9269.0,9318.206
2018-06-26 05:00:00,9378.0,9322.913
2018-06-26 06:00:00,9769.0,9832.364
2018-06-26 07:00:00,10528.0,10678.435
2018-06-26 08:00:00,11358.0,11401.509
2018-06-26 09:00:00,11865.0,12091.537
2018-06-26 10:00:00,12237.0,12403.231
2018-06-26 11:00:00,12833.0,12633.609
2018-06-26 12:00:00,13211.0,13253.69
2018-06-26 13:00:00,13702.0,13508.27
2018-06-26 14:00:00,14279.0,14071.389
2018-06-26 15:00:00,15081.0,14589.276
2018-06-26 16:00:00,15453.0,15401.377
2018-06-26 17:00:00,15369.0,15724.603
2018-06-26 18:00:00,15177.0,15336.769
2018-06-26 19:00:00,14546.0,14521.338
2018-06-26 20:00:00,14039.0,14076.979
2018-06-26 21:00:00,13750.0,13872.925
2018-06-26 22:00:00,13373.0,13314.474
2018-06-26 23:00:00,12504.0,12367.265
2018-06-27 00:00:00,11521.0,11342.027
2018-06-27 01:00:00,10748.0,10613.703
2018-06-27 02:00:00,10212.0,10198.057
2018-06-27 03:00:00,9850.0,9821.371
2018-06-27 04:00:00,9697.0,9661.923
2018-06-27 05:00:00,9790.0,9801.617
2018-06-27 06:00:00,10334.0,10266.221
2018-06-27 07:00:00,11146.0,11368.839
2018-06-27 08:00:00,11983.0,12164.381
2018-06-27 09:00:00,12537.0,12815.054
2018-06-27 10:00:00,12968.0,13108.607
2018-06-27 11:00:00,13463.0,13493.297
2018-06-27 12:00:00,13743.0,13749.056
2018-06-27 13:00:00,14092.0,14074.274
2018-06-27 14:00:00,14671.0,14363.513
2018-06-27 15:00:00,15095.0,14883.793
2018-06-27 16:00:00,15163.0,15359.194
2018-06-27 17:00:00,15069.0,15206.861
2018-06-27 18:00:00,15012.0,14840.705
2018-06-27 19:00:00,14652.0,14375.289
2018-06-27 20:00:00,14115.0,14145.4
2018-06-27 21:00:00,13663.0,13934.696
2018-06-27 22:00:00,13308.0,13230.481
2018-06-27 23:00:00,12389.0,12317.441
2018-06-28 00:00:00,11297.0,11264.082
2018-06-28 01:00:00,10486.0,10476.862
2018-06-28 02:00:00,9927.0,9922.669
2018-06-28 03:00:00,9542.0,9560.726
2018-06-28 04:00:00,9374.0,9364.989
2018-06-28 05:00:00,9474.0,9397.454
2018-06-28 06:00:00,9888.0,10004.197
2018-06-28 07:00:00,10956.0,10734.919
2018-06-28 08:00:00,12254.0,11918.841
2018-06-28 09:00:00,13390.0,13071.251
2018-06-28 10:00:00,14381.0,14166.576
2018-06-28 11:00:00,15291.0,15180.811
2018-06-28 12:00:00,16059.0,15903.214
2018-06-28 13:00:00,16715.0,16526.934
2018-06-28 14:00:00,17322.0,17058.5
2018-06-28 15:00:00,17736.0,17680.078
2018-06-28 16:00:00,17998.0,17967.084
2018-06-28 17:00:00,18075.0,18217.041
2018-06-28 18:00:00,17677.0,17986.531
2018-06-28 19:00:00,16999.0,17009.332
2018-06-28 20:00:00,16355.0,16187.328
2018-06-28 21:00:00,15863.0,15796.05
2018-06-28 22:00:00,15400.0,15212.7
2018-06-28 23:00:00,14306.0,14181.501
2018-06-29 00:00:00,13028.0,12945.52
2018-06-29 01:00:00,11948.0,11957.418
2018-06-29 02:00:00,11243.0,11222.133
2018-06-29 03:00:00,10764.0,10716.645
2018-06-29 04:00:00,10529.0,10472.616
2018-06-29 05:00:00,10599.0,10530.417
2018-06-29 06:00:00,11035.0,11079.958
2018-06-29 07:00:00,12137.0,11795.313
2018-06-29 08:00:00,13605.0,13271.595
2018-06-29 09:00:00,14950.0,14664.274
2018-06-29 10:00:00,16120.0,16049.436
2018-06-29 11:00:00,17214.0,17211.037
2018-06-29 12:00:00,18179.0,17902.758
2018-06-29 13:00:00,18953.0,18701.912
2018-06-29 14:00:00,19756.0,19701.115
2018-06-29 15:00:00,20375.0,20236.203
2018-06-29 16:00:00,20745.0,19975.846
2018-06-29 17:00:00,20996.0,19660.633
2018-06-29 18:00:00,20915.0,19475.41
2018-06-29 19:00:00,20530.0,19251.436
2018-06-29 20:00:00,19965.0,19196.281
2018-06-29 21:00:00,19389.0,19125.326
2018-06-29 22:00:00,18848.0,18462.592
2018-06-29 23:00:00,17633.0,17105.508
2018-06-30 00:00:00,16412.0,16205.54
2018-06-30 01:00:00,15313.0,14976.434
2018-06-30 02:00:00,14478.0,14287.63
2018-06-30 03:00:00,13758.0,13569.251
2018-06-30 04:00:00,13263.0,13247.514
2018-06-30 05:00:00,12937.0,12878.609
2018-06-30 06:00:00,12778.0,12943.416
2018-06-30 07:00:00,13219.0,13033.835
2018-06-30 08:00:00,14318.0,14145.249
2018-06-30 09:00:00,15662.0,15358.332
2018-06-30 10:00:00,17009.0,15758.96
2018-06-30 11:00:00,18114.0,17675.422
2018-06-30 12:00:00,18832.0,18633.297
2018-06-30 13:00:00,19302.0,19172.244
2018-06-30 14:00:00,19605.0,19360.547
2018-06-30 15:00:00,19821.0,19399.748
2018-06-30 16:00:00,19937.0,19687.176
2018-06-30 17:00:00,19954.0,19646.682
2018-06-30 18:00:00,19790.0,19507.252
2018-06-30 19:00:00,19376.0,18926.158
2018-06-30 20:00:00,18709.0,18309.373
2018-06-30 21:00:00,18086.0,17828.559
2018-06-30 22:00:00,17611.0,17380.07
2018-06-30 23:00:00,16600.0,16146.608
2018-07-01 00:00:00,15466.0,15297.082
2018-07-01 01:00:00,14452.0,14194.502
2018-07-01 02:00:00,13586.0,13417.967
2018-07-01 03:00:00,12906.0,12895.343
2018-07-01 04:00:00,12416.0,12487.592
2018-07-01 05:00:00,12099.0,12197.978
2018-07-01 06:00:00,11849.0,12089.325
2018-07-01 07:00:00,11960.0,12001.434
2018-07-01 08:00:00,12831.0,12491.338
2018-07-01 09:00:00,14181.0,13945.145
2018-07-01 10:00:00,15384.0,15380.544
2018-07-01 11:00:00,16494.0,16419.627
2018-07-01 12:00:00,17474.0,17211.246
2018-07-01 13:00:00,18150.0,17811.543
2018-07-01 14:00:00,18634.0,18473.465
2018-07-01 15:00:00,18932.0,18789.861
2018-07-01 16:00:00,18909.0,19249.428
2018-07-01 17:00:00,18056.0,18986.516
2018-07-01 18:00:00,16710.0,17720.725
2018-07-01 19:00:00,15828.0,16083.102
2018-07-01 20:00:00,15320.0,15198.272
2018-07-01 21:00:00,14968.0,14907.143
2018-07-01 22:00:00,14812.0,14632.609
2018-07-01 23:00:00,14068.0,13923.103
2018-07-02 00:00:00,13134.0,13110.802
2018-07-02 01:00:00,12278.0,12132.125
2018-07-02 02:00:00,11615.0,11579.37
2018-07-02 03:00:00,11131.0,11128.828
2018-07-02 04:00:00,10787.0,10909.459
2018-07-02 05:00:00,10806.0,10868.655
2018-07-02 06:00:00,11065.0,11212.798
2018-07-02 07:00:00,11845.0,11831.142
2018-07-02 08:00:00,13042.0,12872.802
2018-07-02 09:00:00,13947.0,14056.914
2018-07-02 10:00:00,14665.0,14855.008
2018-07-02 11:00:00,15322.0,15326.878
2018-07-02 12:00:00,15786.0,15822.901
2018-07-02 13:00:00,16229.0,16142.494
2018-07-02 14:00:00,16688.0,16419.625
2018-07-02 15:00:00,17072.0,16900.65
2018-07-02 16:00:00,17356.0,17269.857
2018-07-02 17:00:00,17486.0,17529.592
2018-07-02 18:00:00,17413.0,17518.766
2018-07-02 19:00:00,16871.0,16703.455
2018-07-02 20:00:00,15962.0,16211.487
2018-07-02 21:00:00,14964.0,15502.15
2018-07-02 22:00:00,14266.0,14441.922
2018-07-02 23:00:00,13017.0,13111.344
2018-07-03 00:00:00,11743.0,11833.575
2018-07-03 01:00:00,10726.0,10838.175
2018-07-03 02:00:00,10103.0,10130.401
2018-07-03 03:00:00,9653.0,9724.855
2018-07-03 04:00:00,9461.0,9418.741
2018-07-03 05:00:00,9557.0,9523.813
2018-07-03 06:00:00,9977.0,10002.389
2018-07-03 07:00:00,10947.0,10767.746
2018-07-03 08:00:00,12122.0,11996.655
2018-07-03 09:00:00,13286.0,13066.091
2018-07-03 10:00:00,14391.0,14161.725
2018-07-03 11:00:00,15475.0,15347.845
2018-07-03 12:00:00,16418.0,16103.491
2018-07-03 13:00:00,17310.0,16969.082
2018-07-03 14:00:00,18058.0,17834.285
2018-07-03 15:00:00,18492.0,18578.111
2018-07-03 16:00:00,18765.0,18992.932
2018-07-03 17:00:00,19005.0,18646.062
2018-07-03 18:00:00,18939.0,18859.812
2018-07-03 19:00:00,18328.0,18685.02
2018-07-03 20:00:00,17483.0,17968.422
2018-07-03 21:00:00,16798.0,17168.373
2018-07-03 22:00:00,16263.0,16024.806
2018-07-03 23:00:00,15221.0,14780.591
2018-07-04 00:00:00,14123.0,13896.743
2018-07-04 01:00:00,13088.0,12935.31
2018-07-04 02:00:00,12394.0,12239.162
2018-07-04 03:00:00,11815.0,11738.253
2018-07-04 04:00:00,11435.0,11439.427
2018-07-04 05:00:00,11185.0,11353.601
2018-07-04 06:00:00,11026.0,11424.8
2018-07-04 07:00:00,11339.0,11386.357
2018-07-04 08:00:00,12266.0,12118.571
2018-07-04 09:00:00,13470.0,13266.392
2018-07-04 10:00:00,14834.0,14492.303
2018-07-04 11:00:00,16089.0,15881.778
2018-07-04 12:00:00,16913.0,17087.355
2018-07-04 13:00:00,17377.0,17682.01
2018-07-04 14:00:00,17818.0,17734.363
2018-07-04 15:00:00,17984.0,17939.64
2018-07-04 16:00:00,18021.0,18151.379
2018-07-04 17:00:00,17834.0,18175.69
2018-07-04 18:00:00,17700.0,17267.281
2018-07-04 19:00:00,17134.0,16765.62
2018-07-04 20:00:00,16365.0,16530.553
2018-07-04 21:00:00,15949.0,15911.1045
2018-07-04 22:00:00,15347.0,15422.533
2018-07-04 23:00:00,14424.0,14097.281
2018-07-05 00:00:00,13451.0,13068.03
2018-07-05 01:00:00,12563.0,12411.973
2018-07-05 02:00:00,11826.0,11821.461
2018-07-05 03:00:00,11305.0,11259.439
2018-07-05 04:00:00,11086.0,11027.471
2018-07-05 05:00:00,11140.0,11130.807
2018-07-05 06:00:00,11533.0,11609.025
2018-07-05 07:00:00,12568.0,12191.999
2018-07-05 08:00:00,14000.0,13790.995
2018-07-05 09:00:00,15428.0,15176.967
2018-07-05 10:00:00,16799.0,16530.832
2018-07-05 11:00:00,18001.0,17996.805
2018-07-05 12:00:00,18945.0,18877.523
2018-07-05 13:00:00,19530.0,19874.377
2018-07-05 14:00:00,19488.0,19702.168
2018-07-05 15:00:00,18228.0,19386.889
2018-07-05 16:00:00,17390.0,17872.662
2018-07-05 17:00:00,17069.0,16777.244
2018-07-05 18:00:00,16812.0,16394.182
2018-07-05 19:00:00,16374.0,16189.085
2018-07-05 20:00:00,16103.0,15781.961
2018-07-05 21:00:00,15679.0,15700.738
2018-07-05 22:00:00,15347.0,15023.39
2018-07-05 23:00:00,14329.0,14198.005
2018-07-06 00:00:00,13178.0,12994.293
2018-07-06 01:00:00,12136.0,12177.762
2018-07-06 02:00:00,11303.0,11444.807
2018-07-06 03:00:00,10677.0,10809.441
2018-07-06 04:00:00,10317.0,10407.836
2018-07-06 05:00:00,10275.0,10328.786
2018-07-06 06:00:00,10455.0,10593.543
2018-07-06 07:00:00,11248.0,11021.208
2018-07-06 08:00:00,12290.0,12338.109
2018-07-06 09:00:00,13028.0,13199.329
2018-07-06 10:00:00,13513.0,13669.238
2018-07-06 11:00:00,13875.0,14047.677
2018-07-06 12:00:00,13973.0,14236.577
2018-07-06 13:00:00,14025.0,14119.687
2018-07-06 14:00:00,14200.0,14128.84
2018-07-06 15:00:00,14286.0,14274.552
2018-07-06 16:00:00,14381.0,14286.306
2018-07-06 17:00:00,14375.0,14220.683
2018-07-06 18:00:00,14183.0,14163.129
2018-07-06 19:00:00,13590.0,13672.392
2018-07-06 20:00:00,12901.0,13124.497
2018-07-06 21:00:00,12191.0,12713.732
2018-07-06 22:00:00,11826.0,11944.043
2018-07-06 23:00:00,11082.0,11154.293
2018-07-07 00:00:00,10248.0,10215.549
2018-07-07 01:00:00,9600.0,9540.911
2018-07-07 02:00:00,9144.0,9094.199
2018-07-07 03:00:00,8806.0,8807.76
2018-07-07 04:00:00,8626.0,8603.702
2018-07-07 05:00:00,8599.0,8553.013
2018-07-07 06:00:00,8517.0,8691.085
2018-07-07 07:00:00,8858.0,8699.049
2018-07-07 08:00:00,9497.0,9248.774
2018-07-07 09:00:00,10171.0,10152.651
2018-07-07 10:00:00,10731.0,10779.153
2018-07-07 11:00:00,11283.0,11165.82
2018-07-07 12:00:00,11668.0,11648.704
2018-07-07 13:00:00,12011.0,12059.449
2018-07-07 14:00:00,12201.0,12229.24
2018-07-07 15:00:00,12601.0,12300.593
2018-07-07 16:00:00,12934.0,12705.683
2018-07-07 17:00:00,13277.0,13122.555
2018-07-07 18:00:00,13302.0,13318.795
2018-07-07 19:00:00,13043.0,12976.085
2018-07-07 20:00:00,12489.0,12691.66
2018-07-07 21:00:00,11924.0,12325.92
2018-07-07 22:00:00,11603.0,11676.631
2018-07-07 23:00:00,10929.0,10957.461
2018-07-08 00:00:00,10198.0,10119.367
2018-07-08 01:00:00,9532.0,9505.77
2018-07-08 02:00:00,9072.0,9039.259
2018-07-08 03:00:00,8691.0,8750.283
2018-07-08 04:00:00,8466.0,8524.543
2018-07-08 05:00:00,8339.0,8461.889
2018-07-08 06:00:00,8228.0,8313.414
2018-07-08 07:00:00,8334.0,8259.134
2018-07-08 08:00:00,8914.0,8748.705
2018-07-08 09:00:00,9667.0,9569.107
2018-07-08 10:00:00,10550.0,10328.832
2018-07-08 11:00:00,11297.0,11287.238
2018-07-08 12:00:00,12028.0,11805.138
2018-07-08 13:00:00,12625.0,12593.875
2018-07-08 14:00:00,13232.0,13188.152
2018-07-08 15:00:00,13855.0,13739.545
2018-07-08 16:00:00,14422.0,14407.116
2018-07-08 17:00:00,14933.0,14776.292
2018-07-08 18:00:00,15116.0,15053.0625
2018-07-08 19:00:00,14988.0,14901.32
2018-07-08 20:00:00,14546.0,14656.876
2018-07-08 21:00:00,13953.0,14390.539
2018-07-08 22:00:00,13635.0,13760.279
2018-07-08 23:00:00,12699.0,12875.595
2018-07-09 00:00:00,11660.0,11674.131
2018-07-09 01:00:00,10817.0,10859.869
2018-07-09 02:00:00,10213.0,10236.955
2018-07-09 03:00:00,9759.0,9848.5625
2018-07-09 04:00:00,9588.0,9619.852
2018-07-09 05:00:00,9715.0,9730.531
2018-07-09 06:00:00,10140.0,10162.597
2018-07-09 07:00:00,11073.0,10928.236
2018-07-09 08:00:00,12453.0,12266.001
2018-07-09 09:00:00,13593.0,13447.25
2018-07-09 10:00:00,14683.0,14704.023
2018-07-09 11:00:00,15689.0,15714.851
2018-07-09 12:00:00,16510.0,16401.48
2018-07-09 13:00:00,17248.0,17203.92
2018-07-09 14:00:00,17951.0,17758.008
2018-07-09 15:00:00,18528.0,18473.074
2018-07-09 16:00:00,19037.0,18849.328
2018-07-09 17:00:00,19325.0,19352.13
2018-07-09 18:00:00,19096.0,19228.805
2018-07-09 19:00:00,18642.0,18656.87
2018-07-09 20:00:00,18103.0,17927.795
2018-07-09 21:00:00,17393.0,17570.293
2018-07-09 22:00:00,16777.0,16575.477
2018-07-09 23:00:00,15533.0,15539.381
2018-07-10 00:00:00,14232.0,14199.81
2018-07-10 01:00:00,13214.0,13036.432
2018-07-10 02:00:00,12485.0,12383.052
2018-07-10 03:00:00,11964.0,11964.412
2018-07-10 04:00:00,11681.0,11826.934
2018-07-10 05:00:00,11702.0,11667.652
2018-07-10 06:00:00,12098.0,12180.79
2018-07-10 07:00:00,13077.0,12977.663
2018-07-10 08:00:00,14477.0,14203.401
2018-07-10 09:00:00,15589.0,15726.698
2018-07-10 10:00:00,16496.0,16702.758
2018-07-10 11:00:00,17310.0,17527.23
2018-07-10 12:00:00,17793.0,17896.436
2018-07-10 13:00:00,18121.0,18121.01
2018-07-10 14:00:00,18420.0,18310.96
2018-07-10 15:00:00,18515.0,18691.904
2018-07-10 16:00:00,18514.0,18505.715
2018-07-10 17:00:00,18318.0,18248.46
2018-07-10 18:00:00,17850.0,17880.762
2018-07-10 19:00:00,16923.0,16855.078
2018-07-10 20:00:00,15969.0,16189.312
2018-07-10 21:00:00,15217.0,15368.566
2018-07-10 22:00:00,14704.0,14740.012
2018-07-10 23:00:00,13596.0,13564.565
2018-07-11 00:00:00,12391.0,12345.492
2018-07-11 01:00:00,11420.0,11371.342
2018-07-11 02:00:00,10721.0,10680.619
2018-07-11 03:00:00,10242.0,10266.452
2018-07-11 04:00:00,9981.0,10008.875
2018-07-11 05:00:00,10003.0,10019.942
2018-07-11 06:00:00,10420.0,10421.573
2018-07-11 07:00:00,11328.0,11239.962
2018-07-11 08:00:00,12551.0,12392.321
2018-07-11 09:00:00,13566.0,13434.128
2018-07-11 10:00:00,14482.0,14378.51
2018-07-11 11:00:00,15374.0,15318.41
2018-07-11 12:00:00,16066.0,16076.469
2018-07-11 13:00:00,16712.0,16414.0
2018-07-11 14:00:00,17347.0,17009.469
2018-07-11 15:00:00,17782.0,17503.436
2018-07-11 16:00:00,18084.0,17763.123
2018-07-11 17:00:00,18135.0,18043.59
2018-07-11 18:00:00,17944.0,17889.936
2018-07-11 19:00:00,17327.0,17311.578
2018-07-11 20:00:00,16450.0,16655.53
2018-07-11 21:00:00,15621.0,15927.029
2018-07-11 22:00:00,15012.0,14953.956
2018-07-11 23:00:00,13895.0,13751.525
2018-07-12 00:00:00,12715.0,12569.348
2018-07-12 01:00:00,11750.0,11748.885
2018-07-12 02:00:00,11046.0,11059.727
2018-07-12 03:00:00,10513.0,10543.894
2018-07-12 04:00:00,10231.0,10214.357
2018-07-12 05:00:00,10299.0,10289.597
2018-07-12 06:00:00,10760.0,10668.397
2018-07-12 07:00:00,11643.0,11673.545
2018-07-12 08:00:00,12805.0,12670.809
2018-07-12 09:00:00,13811.0,13759.539
2018-07-12 10:00:00,14568.0,14707.59
2018-07-12 11:00:00,15421.0,15188.513
2018-07-12 12:00:00,16236.0,16009.77
2018-07-12 13:00:00,16855.0,16676.783
2018-07-12 14:00:00,17366.0,17367.39
2018-07-12 15:00:00,17581.0,17556.2
2018-07-12 16:00:00,17713.0,17756.865
2018-07-12 17:00:00,17751.0,17532.29
2018-07-12 18:00:00,17622.0,17278.035
2018-07-12 19:00:00,17173.0,16802.574
2018-07-12 20:00:00,16594.0,16476.867
2018-07-12 21:00:00,16067.0,16088.559
2018-07-12 22:00:00,15557.0,15413.119
2018-07-12 23:00:00,14475.0,14352.134
2018-07-13 00:00:00,13357.0,12999.964
2018-07-13 01:00:00,12296.0,12266.032
2018-07-13 02:00:00,11618.0,11481.365
2018-07-13 03:00:00,11076.0,11088.995
2018-07-13 04:00:00,10709.0,10773.17
2018-07-13 05:00:00,10699.0,10758.198
2018-07-13 06:00:00,11080.0,11055.233
2018-07-13 07:00:00,11937.0,11847.83
2018-07-13 08:00:00,13237.0,13056.842
2018-07-13 09:00:00,14347.0,14404.218
2018-07-13 10:00:00,15396.0,15379.89
2018-07-13 11:00:00,16430.0,16256.957
2018-07-13 12:00:00,17257.0,17047.824
2018-07-13 13:00:00,18027.0,17755.953
2018-07-13 14:00:00,18756.0,18544.836
2018-07-13 15:00:00,19279.0,18987.646
2018-07-13 16:00:00,19599.0,19260.18
2018-07-13 17:00:00,19773.0,19093.865
2018-07-13 18:00:00,19682.0,19350.027
2018-07-13 19:00:00,19208.0,19160.709
2018-07-13 20:00:00,18332.0,18512.459
2018-07-13 21:00:00,17525.0,18105.482
2018-07-13 22:00:00,16735.0,17101.963
2018-07-13 23:00:00,15608.0,15221.82
2018-07-14 00:00:00,14362.0,14273.59
2018-07-14 01:00:00,13304.0,13083.869
2018-07-14 02:00:00,12420.0,12460.974
2018-07-14 03:00:00,11830.0,11785.821
2018-07-14 04:00:00,11500.0,11543.364
2018-07-14 05:00:00,11260.0,11368.93
2018-07-14 06:00:00,11353.0,11338.344
2018-07-14 07:00:00,11505.0,11819.362
2018-07-14 08:00:00,11851.0,12173.025
2018-07-14 09:00:00,12354.0,12595.504
2018-07-14 10:00:00,12940.0,13032.07
2018-07-14 11:00:00,13414.0,13561.09
2018-07-14 12:00:00,13515.0,13806.153
2018-07-14 13:00:00,13508.0,13654.343
2018-07-14 14:00:00,13642.0,13499.708
2018-07-14 15:00:00,13788.0,13818.822
2018-07-14 16:00:00,14180.0,13889.896
2018-07-14 17:00:00,14653.0,14347.356
2018-07-14 18:00:00,14905.0,14937.676
2018-07-14 19:00:00,14664.0,14786.8125
2018-07-14 20:00:00,14315.0,14288.074
2018-07-14 21:00:00,14013.0,14070.186
2018-07-14 22:00:00,13841.0,13619.507
2018-07-14 23:00:00,13186.0,12993.208
2018-07-15 00:00:00,12381.0,12369.7295
2018-07-15 01:00:00,11527.0,11661.393
2018-07-15 02:00:00,10870.0,10983.928
2018-07-15 03:00:00,10413.0,10531.435
2018-07-15 04:00:00,10183.0,10176.575
2018-07-15 05:00:00,9966.0,10089.32
2018-07-15 06:00:00,9875.0,9963.963
2018-07-15 07:00:00,10025.0,9860.5205
2018-07-15 08:00:00,10940.0,10510.781
2018-07-15 09:00:00,12192.0,12045.043
2018-07-15 10:00:00,13439.0,13358.227
2018-07-15 11:00:00,14594.0,14449.026
2018-07-15 12:00:00,15497.0,15445.165
2018-07-15 13:00:00,16147.0,16044.242
2018-07-15 14:00:00,16558.0,16654.643
2018-07-15 15:00:00,16976.0,16904.715
2018-07-15 16:00:00,17224.0,17133.273
2018-07-15 17:00:00,17320.0,17468.596
2018-07-15 18:00:00,17307.0,17072.13
2018-07-15 19:00:00,17092.0,16830.414
2018-07-15 20:00:00,16663.0,16338.322
2018-07-15 21:00:00,16199.0,16232.219
2018-07-15 22:00:00,15806.0,15819.344
2018-07-15 23:00:00,14879.0,14728.643
2018-07-16 00:00:00,13757.0,13584.382
2018-07-16 01:00:00,12869.0,12732.848
2018-07-16 02:00:00,12186.0,12169.394
2018-07-16 03:00:00,11721.0,11654.808
2018-07-16 04:00:00,11532.0,11411.543
2018-07-16 05:00:00,11621.0,11510.898
2018-07-16 06:00:00,12155.0,12095.676
2018-07-16 07:00:00,13133.0,13110.681
2018-07-16 08:00:00,14504.0,14243.901
2018-07-16 09:00:00,15832.0,15743.151
2018-07-16 10:00:00,16988.0,17001.135
2018-07-16 11:00:00,17964.0,17965.947
2018-07-16 12:00:00,18857.0,18832.557
2018-07-16 13:00:00,19167.0,18931.691
2018-07-16 14:00:00,19266.0,19366.838
2018-07-16 15:00:00,19005.0,19347.336
2018-07-16 16:00:00,18960.0,19077.967
2018-07-16 17:00:00,19032.0,18796.855
2018-07-16 18:00:00,18990.0,18688.033
2018-07-16 19:00:00,18568.0,18422.15
2018-07-16 20:00:00,17710.0,17775.727
2018-07-16 21:00:00,16736.0,17109.697
2018-07-16 22:00:00,15925.0,15914.572
2018-07-16 23:00:00,14540.0,14424.952
2018-07-17 00:00:00,13173.0,13234.901
2018-07-17 01:00:00,12050.0,12148.042
2018-07-17 02:00:00,11198.0,11336.655
2018-07-17 03:00:00,10633.0,10699.697
2018-07-17 04:00:00,10296.0,10355.545
2018-07-17 05:00:00,10340.0,10323.884
2018-07-17 06:00:00,10731.0,10660.768
2018-07-17 07:00:00,11660.0,11415.81
2018-07-17 08:00:00,12802.0,12695.952
2018-07-17 09:00:00,13830.0,13690.83
2018-07-17 10:00:00,14677.0,14745.667
2018-07-17 11:00:00,15477.0,15293.057
2018-07-17 12:00:00,16073.0,15914.296
2018-07-17 13:00:00,16426.0,16373.224
2018-07-17 14:00:00,16643.0,16570.027
2018-07-17 15:00:00,16780.0,16717.934
2018-07-17 16:00:00,16879.0,16888.467
2018-07-17 17:00:00,16834.0,16754.117
2018-07-17 18:00:00,16534.0,16418.465
2018-07-17 19:00:00,15873.0,15951.008
2018-07-17 20:00:00,14938.0,15245.241
2018-07-17 21:00:00,14160.0,14373.232
2018-07-17 22:00:00,13569.0,13677.539
2018-07-17 23:00:00,12504.0,12515.182
2018-07-18 00:00:00,11393.0,11380.218
2018-07-18 01:00:00,10572.0,10578.319
2018-07-18 02:00:00,9976.0,10026.234
2018-07-18 03:00:00,9556.0,9589.946
2018-07-18 04:00:00,9338.0,9438.431
2018-07-18 05:00:00,9380.0,9394.52
2018-07-18 06:00:00,9755.0,9837.859
2018-07-18 07:00:00,10616.0,10648.997
2018-07-18 08:00:00,11699.0,11579.125
2018-07-18 09:00:00,12532.0,12483.857
2018-07-18 10:00:00,13118.0,13369.943
2018-07-18 11:00:00,13684.0,13696.381
2018-07-18 12:00:00,14098.0,14040.164
2018-07-18 13:00:00,14512.0,14410.289
2018-07-18 14:00:00,14891.0,14835.439
2018-07-18 15:00:00,15188.0,15184.527
2018-07-18 16:00:00,15387.0,15262.275
2018-07-18 17:00:00,15486.0,15448.327
2018-07-18 18:00:00,15311.0,15262.051
2018-07-18 19:00:00,14717.0,14686.241
2018-07-18 20:00:00,13832.0,14107.633
2018-07-18 21:00:00,13416.0,13505.539
2018-07-18 22:00:00,12990.0,13038.647
2018-07-18 23:00:00,12111.0,12066.082
2018-07-19 00:00:00,11089.0,11169.898
2018-07-19 01:00:00,10331.0,10302.256
2018-07-19 02:00:00,9791.0,9794.009
2018-07-19 03:00:00,9422.0,9441.218
2018-07-19 04:00:00,9209.0,9233.178
2018-07-19 05:00:00,9287.0,9278.24
2018-07-19 06:00:00,9746.0,9624.19
2018-07-19 07:00:00,10560.0,10620.212
2018-07-19 08:00:00,11705.0,11484.184
2018-07-19 09:00:00,12536.0,12545.709
2018-07-19 10:00:00,13275.0,13359.628
2018-07-19 11:00:00,14133.0,13909.017
2018-07-19 12:00:00,14881.0,14848.539
2018-07-19 13:00:00,15420.0,15417.544
2018-07-19 14:00:00,15988.0,15905.962
2018-07-19 15:00:00,16323.0,16341.829
2018-07-19 16:00:00,16236.0,16593.87
2018-07-19 17:00:00,15929.0,16021.453
2018-07-19 18:00:00,15534.0,15555.452
2018-07-19 19:00:00,15171.0,14889.252
2018-07-19 20:00:00,14879.0,14474.837
2018-07-19 21:00:00,14729.0,14457.261
2018-07-19 22:00:00,14495.0,14295.173
2018-07-19 23:00:00,13645.0,13486.101
2018-07-20 00:00:00,12682.0,12476.352
2018-07-20 01:00:00,11929.0,11774.158
2018-07-20 02:00:00,11327.0,11295.275
2018-07-20 03:00:00,10895.0,10886.167
2018-07-20 04:00:00,10676.0,10668.123
2018-07-20 05:00:00,10784.0,10676.167
2018-07-20 06:00:00,11178.0,11330.061
2018-07-20 07:00:00,11930.0,12019.789
2018-07-20 08:00:00,13035.0,13046.808
2018-07-20 09:00:00,13687.0,14087.82
2018-07-20 10:00:00,14158.0,14532.315
2018-07-20 11:00:00,14361.0,14749.365
2018-07-20 12:00:00,14404.0,14654.186
2018-07-20 13:00:00,14491.0,14427.715
2018-07-20 14:00:00,14456.0,14623.93
2018-07-20 15:00:00,14420.0,14277.637
2018-07-20 16:00:00,14242.0,14211.221
2018-07-20 17:00:00,14080.0,13913.252
2018-07-20 18:00:00,13773.0,13665.385
2018-07-20 19:00:00,13333.0,13211.549
2018-07-20 20:00:00,12964.0,12947.847
2018-07-20 21:00:00,12896.0,12750.836
2018-07-20 22:00:00,12687.0,12560.1875
2018-07-20 23:00:00,12004.0,11963.145
2018-07-21 00:00:00,11256.0,11219.171
2018-07-21 01:00:00,10581.0,10667.555
2018-07-21 02:00:00,10058.0,10024.15
2018-07-21 03:00:00,9708.0,9713.704
2018-07-21 04:00:00,9558.0,9486.038
2018-07-21 05:00:00,9504.0,9484.744
2018-07-21 06:00:00,9666.0,9644.786
2018-07-21 07:00:00,9915.0,9889.304
2018-07-21 08:00:00,10364.0,10449.679
2018-07-21 09:00:00,10912.0,11012.978
2018-07-21 10:00:00,11395.0,11534.572
2018-07-21 11:00:00,11717.0,11844.241
2018-07-21 12:00:00,12027.0,11983.533
2018-07-21 13:00:00,12205.0,12245.579
2018-07-21 14:00:00,12395.0,12334.114
2018-07-21 15:00:00,12447.0,12428.025
2018-07-21 16:00:00,12571.0,12361.121
2018-07-21 17:00:00,12589.0,12533.367
2018-07-21 18:00:00,12460.0,12530.678
2018-07-21 19:00:00,12184.0,12317.537
2018-07-21 20:00:00,11836.0,12015.029
2018-07-21 21:00:00,11783.0,11787.639
2018-07-21 22:00:00,11645.0,11506.477
2018-07-21 23:00:00,11107.0,10997.27
2018-07-22 00:00:00,10520.0,10364.318
2018-07-22 01:00:00,9947.0,9896.779
2018-07-22 02:00:00,9501.0,9524.209
2018-07-22 03:00:00,9236.0,9183.139
2018-07-22 04:00:00,9034.0,9039.745
2018-07-22 05:00:00,9028.0,9001.839
2018-07-22 06:00:00,9003.0,9084.711
2018-07-22 07:00:00,9022.0,9145.432
2018-07-22 08:00:00,9283.0,9359.269
2018-07-22 09:00:00,9727.0,9780.273
2018-07-22 10:00:00,10121.0,10265.556
2018-07-22 11:00:00,10485.0,10468.415
2018-07-22 12:00:00,10747.0,10716.028
2018-07-22 13:00:00,11045.0,10873.841
2018-07-22 14:00:00,11193.0,11141.059
2018-07-22 15:00:00,11379.0,11246.904
2018-07-22 16:00:00,11611.0,11490.041
2018-07-22 17:00:00,11776.0,11796.685
2018-07-22 18:00:00,11797.0,11813.362
2018-07-22 19:00:00,11722.0,11678.951
2018-07-22 20:00:00,11513.0,11626.751
2018-07-22 21:00:00,11451.0,11530.017
2018-07-22 22:00:00,11357.0,11155.227
2018-07-22 23:00:00,10824.0,10780.455
2018-07-23 00:00:00,10092.0,10143.041
2018-07-23 01:00:00,9581.0,9553.206
2018-07-23 02:00:00,9196.0,9254.844
2018-07-23 03:00:00,8962.0,8964.342
2018-07-23 04:00:00,8901.0,8857.751
2018-07-23 05:00:00,9085.0,9077.789
2018-07-23 06:00:00,9635.0,9612.902
2018-07-23 07:00:00,10393.0,10543.673
2018-07-23 08:00:00,11480.0,11200.258
2018-07-23 09:00:00,12309.0,12142.448
2018-07-23 10:00:00,13075.0,12819.795
2018-07-23 11:00:00,13802.0,13607.919
2018-07-23 12:00:00,14405.0,14264.726
2018-07-23 13:00:00,15004.0,14806.796
2018-07-23 14:00:00,15405.0,15491.825
2018-07-23 15:00:00,15542.0,15717.675
2018-07-23 16:00:00,15439.0,15744.635
2018-07-23 17:00:00,15217.0,15342.874
2018-07-23 18:00:00,14927.0,14973.022
2018-07-23 19:00:00,14490.0,14336.355
2018-07-23 20:00:00,13991.0,14150.095
2018-07-23 21:00:00,13725.0,13846.5625
2018-07-23 22:00:00,13347.0,13302.942
2018-07-23 23:00:00,12381.0,12343.977
2018-07-24 00:00:00,11311.0,11238.76
2018-07-24 01:00:00,10550.0,10518.0
2018-07-24 02:00:00,9981.0,10038.339
2018-07-24 03:00:00,9576.0,9612.634
2018-07-24 04:00:00,9428.0,9417.114
2018-07-24 05:00:00,9538.0,9486.543
2018-07-24 06:00:00,10024.0,10054.232
2018-07-24 07:00:00,10798.0,10838.626
2018-07-24 08:00:00,11869.0,11657.64
2018-07-24 09:00:00,12803.0,12641.054
2018-07-24 10:00:00,13679.0,13502.496
2018-07-24 11:00:00,14676.0,14381.667
2018-07-24 12:00:00,15478.0,15223.291
2018-07-24 13:00:00,16100.0,15897.632
2018-07-24 14:00:00,16671.0,16808.771
2018-07-24 15:00:00,17067.0,17011.742
2018-07-24 16:00:00,17317.0,17116.904
2018-07-24 17:00:00,17371.0,17274.234
2018-07-24 18:00:00,17194.0,16871.043
2018-07-24 19:00:00,16678.0,16653.068
2018-07-24 20:00:00,15973.0,15934.391
2018-07-24 21:00:00,15443.0,15594.399
2018-07-24 22:00:00,14873.0,14897.44
2018-07-24 23:00:00,13701.0,13652.901
2018-07-25 00:00:00,12425.0,12426.039
2018-07-25 01:00:00,11506.0,11453.648
2018-07-25 02:00:00,10763.0,10812.6
2018-07-25 03:00:00,10251.0,10294.304
2018-07-25 04:00:00,9907.0,9984.791
2018-07-25 05:00:00,9939.0,9955.166
2018-07-25 06:00:00,10312.0,10337.19
2018-07-25 07:00:00,11117.0,11123.417
2018-07-25 08:00:00,12191.0,12083.301
2018-07-25 09:00:00,13179.0,12982.99
2018-07-25 10:00:00,14081.0,14134.538
2018-07-25 11:00:00,15008.0,14834.178
2018-07-25 12:00:00,15677.0,15689.671
2018-07-25 13:00:00,16225.0,16029.878
2018-07-25 14:00:00,16943.0,16710.56
2018-07-25 15:00:00,17465.0,17171.092
2018-07-25 16:00:00,17846.0,17436.633
2018-07-25 17:00:00,18050.0,17739.53
2018-07-25 18:00:00,17927.0,17913.447
2018-07-25 19:00:00,17313.0,17691.162
2018-07-25 20:00:00,16532.0,16593.988
2018-07-25 21:00:00,15997.0,16119.882
2018-07-25 22:00:00,15321.0,15427.851
2018-07-25 23:00:00,14185.0,14069.903
2018-07-26 00:00:00,13054.0,12800.142
2018-07-26 01:00:00,12096.0,11999.595
2018-07-26 02:00:00,11432.0,11381.357
2018-07-26 03:00:00,10929.0,10919.088
2018-07-26 04:00:00,10600.0,10663.315
2018-07-26 05:00:00,10645.0,10581.505
2018-07-26 06:00:00,11085.0,11047.377
2018-07-26 07:00:00,11769.0,11913.085
2018-07-26 08:00:00,12686.0,12736.053
2018-07-26 09:00:00,13498.0,13590.315
2018-07-26 10:00:00,14258.0,14135.441
2018-07-26 11:00:00,14902.0,14970.44
2018-07-26 12:00:00,15314.0,15415.095
2018-07-26 13:00:00,15585.0,15643.508
2018-07-26 14:00:00,15810.0,15976.622
2018-07-26 15:00:00,15942.0,15960.249
2018-07-26 16:00:00,15924.0,16004.837
2018-07-26 17:00:00,15715.0,15826.141
2018-07-26 18:00:00,15244.0,15447.875
2018-07-26 19:00:00,14579.0,14733.988
2018-07-26 20:00:00,13945.0,14016.609
2018-07-26 21:00:00,13626.0,13615.671
2018-07-26 22:00:00,13174.0,13125.395
2018-07-26 23:00:00,12206.0,12173.039
2018-07-27 00:00:00,11143.0,11189.107
2018-07-27 01:00:00,10307.0,10282.688
2018-07-27 02:00:00,9719.0,9703.305
2018-07-27 03:00:00,9325.0,9320.32
2018-07-27 04:00:00,9142.0,9118.83
2018-07-27 05:00:00,9167.0,9274.934
2018-07-27 06:00:00,9610.0,9543.672
2018-07-27 07:00:00,10224.0,10422.2295
2018-07-27 08:00:00,11121.0,10972.309
2018-07-27 09:00:00,11791.0,11740.378
2018-07-27 10:00:00,12345.0,12387.79
2018-07-27 11:00:00,12845.0,12787.461
2018-07-27 12:00:00,13219.0,13123.934
2018-07-27 13:00:00,13483.0,13449.365
2018-07-27 14:00:00,13674.0,13759.029
2018-07-27 15:00:00,13781.0,13707.288
2018-07-27 16:00:00,13827.0,13793.279
2018-07-27 17:00:00,13799.0,13753.1455
2018-07-27 18:00:00,13586.0,13564.379
2018-07-27 19:00:00,13179.0,13058.028
2018-07-27 20:00:00,12672.0,12694.089
2018-07-27 21:00:00,12502.0,12372.194
2018-07-27 22:00:00,12155.0,12154.821
2018-07-27 23:00:00,11383.0,11368.506
2018-07-28 00:00:00,10501.0,10562.801
2018-07-28 01:00:00,9727.0,9827.591
2018-07-28 02:00:00,9251.0,9226.646
2018-07-28 03:00:00,8865.0,8868.727
2018-07-28 04:00:00,8644.0,8674.526
2018-07-28 05:00:00,8606.0,8651.996
2018-07-28 06:00:00,8672.0,8716.578
2018-07-28 07:00:00,8834.0,8917.674
2018-07-28 08:00:00,9375.0,9298.678
2018-07-28 09:00:00,10152.0,10053.264
2018-07-28 10:00:00,10872.0,10778.707
2018-07-28 11:00:00,11418.0,11508.56
2018-07-28 12:00:00,11796.0,11758.387
2018-07-28 13:00:00,12111.0,12072.03
2018-07-28 14:00:00,12382.0,12228.049
2018-07-28 15:00:00,12520.0,12480.493
2018-07-28 16:00:00,12665.0,12529.965
2018-07-28 17:00:00,12546.0,12701.37
2018-07-28 18:00:00,12369.0,12408.034
2018-07-28 19:00:00,12035.0,12085.436
2018-07-28 20:00:00,11714.0,11729.487
2018-07-28 21:00:00,11591.0,11661.213
2018-07-28 22:00:00,11384.0,11363.937
2018-07-28 23:00:00,10728.0,10780.302
2018-07-29 00:00:00,10031.0,10012.255
2018-07-29 01:00:00,9400.0,9386.859
2018-07-29 02:00:00,8950.0,8962.761
2018-07-29 03:00:00,8587.0,8603.131
2018-07-29 04:00:00,8325.0,8323.941
2018-07-29 05:00:00,8255.0,8221.284
2018-07-29 06:00:00,8205.0,8157.6577
2018-07-29 07:00:00,8172.0,8231.285
2018-07-29 08:00:00,8629.0,8401.582
2018-07-29 09:00:00,9353.0,9272.997
2018-07-29 10:00:00,10143.0,10037.91
2018-07-29 11:00:00,10853.0,10839.027
2018-07-29 12:00:00,11423.0,11447.269
2018-07-29 13:00:00,11856.0,11822.856
2018-07-29 14:00:00,12252.0,12192.027
2018-07-29 15:00:00,12384.0,12599.454
2018-07-29 16:00:00,12520.0,12515.729
2018-07-29 17:00:00,12455.0,12544.373
2018-07-29 18:00:00,12448.0,12280.938
2018-07-29 19:00:00,12186.0,12288.397
2018-07-29 20:00:00,11845.0,12003.802
2018-07-29 21:00:00,11809.0,11789.564
2018-07-29 22:00:00,11569.0,11599.661
2018-07-29 23:00:00,10989.0,10910.663
2018-07-30 00:00:00,10223.0,10168.349
2018-07-30 01:00:00,9632.0,9575.296
2018-07-30 02:00:00,9140.0,9236.071
2018-07-30 03:00:00,8872.0,8843.039
2018-07-30 04:00:00,8700.0,8743.047
2018-07-30 05:00:00,8921.0,8846.617
2018-07-30 06:00:00,9472.0,9446.605
2018-07-30 07:00:00,10201.0,10350.088
2018-07-30 08:00:00,11180.0,11091.875
2018-07-30 09:00:00,12085.0,11936.922
2018-07-30 10:00:00,12792.0,12756.386
2018-07-30 11:00:00,13417.0,13375.585
2018-07-30 12:00:00,13960.0,13797.815
2018-07-30 13:00:00,14386.0,14257.839
2018-07-30 14:00:00,14900.0,14847.735
2018-07-30 15:00:00,15242.0,15178.622
2018-07-30 16:00:00,15414.0,15491.487
2018-07-30 17:00:00,15532.0,15535.079
2018-07-30 18:00:00,15434.0,15407.602
2018-07-30 19:00:00,14930.0,14949.985
2018-07-30 20:00:00,14168.0,14368.122
2018-07-30 21:00:00,13735.0,13866.3
2018-07-30 22:00:00,13194.0,13335.024
2018-07-30 23:00:00,12223.0,12203.581
2018-07-31 00:00:00,11206.0,11175.826
2018-07-31 01:00:00,10442.0,10409.262
2018-07-31 02:00:00,9918.0,9883.048
2018-07-31 03:00:00,9548.0,9569.8
2018-07-31 04:00:00,9391.0,9407.311
2018-07-31 05:00:00,9511.0,9481.147
2018-07-31 06:00:00,10119.0,10009.005
2018-07-31 07:00:00,10896.0,10977.417
2018-07-31 08:00:00,11737.0,11782.677
2018-07-31 09:00:00,12272.0,12501.785
2018-07-31 10:00:00,12716.0,12831.567
2018-07-31 11:00:00,13366.0,13244.451
2018-07-31 12:00:00,13826.0,13796.095
2018-07-31 13:00:00,14103.0,14145.115
2018-07-31 14:00:00,14435.0,14295.654
2018-07-31 15:00:00,14484.0,14564.748
2018-07-31 16:00:00,14501.0,14624.135
2018-07-31 17:00:00,14242.0,14387.254
2018-07-31 18:00:00,13921.0,13833.572
2018-07-31 19:00:00,13532.0,13373.168
2018-07-31 20:00:00,13300.0,13081.157
2018-07-31 21:00:00,13346.0,13155.233
2018-07-31 22:00:00,12898.0,13039.511
2018-07-31 23:00:00,11945.0,11978.153
2018-08-01 00:00:00,10975.0,10970.17
2018-08-01 01:00:00,10233.0,10235.169
2018-08-01 02:00:00,9734.0,9710.171
2018-08-01 03:00:00,9374.0,9391.998
2018-08-01 04:00:00,9156.0,9178.404
2018-08-01 05:00:00,9270.0,9238.945
2018-08-01 06:00:00,9753.0,9693.828
2018-08-01 07:00:00,10466.0,10632.13
2018-08-01 08:00:00,11424.0,11255.627
2018-08-01 09:00:00,12294.0,12079.153
2018-08-01 10:00:00,13025.0,12856.68
2018-08-01 11:00:00,13814.0,13642.047
2018-08-01 12:00:00,14516.0,14438.384
2018-08-01 13:00:00,15203.0,15062.321
2018-08-01 14:00:00,15881.0,15706.735
2018-08-01 15:00:00,16123.0,16089.977
2018-08-01 16:00:00,15766.0,16127.05
2018-08-01 17:00:00,15574.0,15570.884
2018-08-01 18:00:00,15569.0,15190.4
2018-08-01 19:00:00,15122.0,14858.517
2018-08-01 20:00:00,14449.0,14602.353
2018-08-01 21:00:00,14246.0,14265.955
2018-08-01 22:00:00,13778.0,13595.703
2018-08-01 23:00:00,12892.0,12614.448
2018-08-02 00:00:00,11916.0,11784.968
2018-08-02 01:00:00,11095.0,11063.124
2018-08-02 02:00:00,10530.0,10477.717
2018-08-02 03:00:00,10165.0,10088.303
2018-08-02 04:00:00,9931.0,9938.614
2018-08-02 05:00:00,9996.0,10026.5625
2018-08-02 06:00:00,10482.0,10442.784
2018-08-02 07:00:00,11200.0,11330.313
2018-08-02 08:00:00,12179.0,12105.636
2018-08-02 09:00:00,13042.0,13037.767
2018-08-02 10:00:00,13828.0,13814.837
2018-08-02 11:00:00,14790.0,14479.452
2018-08-02 12:00:00,15527.0,15331.98
2018-08-02 13:00:00,16074.0,16197.924
2018-08-02 14:00:00,16584.0,16522.62
2018-08-02 15:00:00,16869.0,16950.396
2018-08-02 16:00:00,17015.0,17183.225
2018-08-02 17:00:00,17068.0,16989.836
2018-08-02 18:00:00,16897.0,16452.643
2018-08-02 19:00:00,16437.0,16243.839
2018-08-02 20:00:00,15590.0,15821.879
2018-08-02 21:00:00,15086.0,15242.226
2018-08-02 22:00:00,14448.0,14412.36
2018-08-02 23:00:00,13335.0,13282.707
