Datetime,Actual,Predicted
2016-07-07 02:00:00,1744.0,1731.3795
2016-07-07 03:00:00,1689.0,1687.5089
2016-07-07 04:00:00,1694.0,1683.0302
2016-07-07 05:00:00,1765.0,1776.7593
2016-07-07 06:00:00,1877.0,1910.3926
2016-07-07 07:00:00,2017.0,2034.2794
2016-07-07 08:00:00,2117.0,2134.2605
2016-07-07 09:00:00,2218.0,2226.9941
2016-07-07 10:00:00,2322.0,2325.8154
2016-07-07 11:00:00,2434.0,2408.108
2016-07-07 12:00:00,2560.0,2512.454
2016-07-07 13:00:00,2691.0,2648.5593
2016-07-07 14:00:00,2782.0,2766.9072
2016-07-07 15:00:00,2809.0,2844.9463
2016-07-07 16:00:00,2824.0,2825.342
2016-07-07 17:00:00,2818.0,2799.4636
2016-07-07 18:00:00,2788.0,2742.7183
2016-07-07 19:00:00,2694.0,2697.4846
2016-07-07 20:00:00,2599.0,2613.2153
2016-07-07 21:00:00,2558.0,2543.4717
2016-07-07 22:00:00,2392.0,2401.7117
2016-07-07 23:00:00,2187.0,2161.5862
2016-07-08 00:00:00,2018.0,2000.1201
2016-07-08 01:00:00,1899.0,1876.8458
2016-07-08 02:00:00,1808.0,1802.1554
2016-07-08 03:00:00,1753.0,1752.8805
2016-07-08 04:00:00,1748.0,1741.9778
2016-07-08 05:00:00,1812.0,1810.9403
2016-07-08 06:00:00,1914.0,1940.6561
2016-07-08 07:00:00,2049.0,2070.0884
2016-07-08 08:00:00,2172.0,2168.7158
2016-07-08 09:00:00,2291.0,2271.1716
2016-07-08 10:00:00,2455.0,2422.668
2016-07-08 11:00:00,2577.0,2582.5022
2016-07-08 12:00:00,2678.0,2692.1484
2016-07-08 13:00:00,2658.0,2761.374
2016-07-08 14:00:00,2604.0,2652.7585
2016-07-08 15:00:00,2626.0,2531.8335
2016-07-08 16:00:00,2679.0,2591.2114
2016-07-08 17:00:00,2713.0,2641.8845
2016-07-08 18:00:00,2699.0,2644.7573
2016-07-08 19:00:00,2638.0,2577.9497
2016-07-08 20:00:00,2540.0,2539.4011
2016-07-08 21:00:00,2483.0,2473.7134
2016-07-08 22:00:00,2362.0,2349.4817
2016-07-08 23:00:00,2169.0,2144.3706
2016-07-09 00:00:00,1968.0,1983.4365
2016-07-09 01:00:00,1788.0,1811.8503
2016-07-09 02:00:00,1682.0,1675.5592
2016-07-09 03:00:00,1581.0,1603.2006
2016-07-09 04:00:00,1558.0,1543.5344
2016-07-09 05:00:00,1542.0,1564.073
2016-07-09 06:00:00,1533.0,1546.6786
2016-07-09 07:00:00,1630.0,1596.8002
2016-07-09 08:00:00,1789.0,1767.8289
2016-07-09 09:00:00,1932.0,1934.2719
2016-07-09 10:00:00,2054.0,2067.0803
2016-07-09 11:00:00,2122.0,2150.2478
2016-07-09 12:00:00,2158.0,2190.8027
2016-07-09 13:00:00,2188.0,2189.6506
2016-07-09 14:00:00,2220.0,2197.428
2016-07-09 15:00:00,2253.0,2247.3665
2016-07-09 16:00:00,2284.0,2277.805
2016-07-09 17:00:00,2305.0,2294.753
2016-07-09 18:00:00,2281.0,2279.2136
2016-07-09 19:00:00,2201.0,2211.68
2016-07-09 20:00:00,2096.0,2134.135
2016-07-09 21:00:00,2023.0,2069.8306
2016-07-09 22:00:00,1921.0,1913.7104
2016-07-09 23:00:00,1762.0,1772.5055
2016-07-10 00:00:00,1612.0,1613.6165
2016-07-10 01:00:00,1506.0,1499.7988
2016-07-10 02:00:00,1434.0,1437.5343
2016-07-10 03:00:00,1385.0,1384.9144
2016-07-10 04:00:00,1355.0,1360.1815
2016-07-10 05:00:00,1345.0,1355.1941
2016-07-10 06:00:00,1340.0,1341.71
2016-07-10 07:00:00,1407.0,1373.9456
2016-07-10 08:00:00,1548.0,1542.1035
2016-07-10 09:00:00,1693.0,1673.6656
2016-07-10 10:00:00,1834.0,1834.1252
2016-07-10 11:00:00,1944.0,1962.0598
2016-07-10 12:00:00,2060.0,2043.3702
2016-07-10 13:00:00,2157.0,2157.6243
2016-07-10 14:00:00,2209.0,2247.4856
2016-07-10 15:00:00,2288.0,2283.2976
2016-07-10 16:00:00,2368.0,2357.2402
2016-07-10 17:00:00,2426.0,2413.0752
2016-07-10 18:00:00,2435.0,2427.4722
2016-07-10 19:00:00,2412.0,2373.9106
2016-07-10 20:00:00,2323.0,2344.248
2016-07-10 21:00:00,2282.0,2287.7266
2016-07-10 22:00:00,2150.0,2159.3918
2016-07-10 23:00:00,1980.0,1974.487
2016-07-11 00:00:00,1821.0,1833.6437
2016-07-11 01:00:00,1701.0,1704.6868
2016-07-11 02:00:00,1633.0,1623.4854
2016-07-11 03:00:00,1590.0,1586.6932
2016-07-11 04:00:00,1598.0,1591.4613
2016-07-11 05:00:00,1689.0,1681.9294
2016-07-11 06:00:00,1808.0,1849.4454
2016-07-11 07:00:00,1957.0,1960.7352
2016-07-11 08:00:00,2141.0,2087.2302
2016-07-11 09:00:00,2320.0,2287.13
2016-07-11 10:00:00,2502.0,2466.4834
2016-07-11 11:00:00,2627.0,2643.1763
2016-07-11 12:00:00,2748.0,2747.1536
2016-07-11 13:00:00,2862.0,2840.7092
2016-07-11 14:00:00,2934.0,2938.281
2016-07-11 15:00:00,2984.0,2994.011
2016-07-11 16:00:00,3025.0,3024.5037
2016-07-11 17:00:00,3048.0,3052.3777
2016-07-11 18:00:00,3025.0,3007.1965
2016-07-11 19:00:00,2949.0,2962.6848
2016-07-11 20:00:00,2849.0,2858.678
2016-07-11 21:00:00,2748.0,2783.7632
2016-07-11 22:00:00,2564.0,2577.2617
2016-07-11 23:00:00,2328.0,2325.1738
2016-07-12 00:00:00,2135.0,2129.7297
2016-07-12 01:00:00,1988.0,1996.5814
2016-07-12 02:00:00,1854.0,1886.7131
2016-07-12 03:00:00,1782.0,1776.7985
2016-07-12 04:00:00,1770.0,1762.7448
2016-07-12 05:00:00,1836.0,1837.5107
2016-07-12 06:00:00,1967.0,1966.6952
2016-07-12 07:00:00,2133.0,2130.189
2016-07-12 08:00:00,2316.0,2286.3438
2016-07-12 09:00:00,2499.0,2478.4993
2016-07-12 10:00:00,2683.0,2691.029
2016-07-12 11:00:00,2822.0,2832.4573
2016-07-12 12:00:00,2946.0,2946.2175
2016-07-12 13:00:00,3066.0,3043.1514
2016-07-12 14:00:00,3128.0,3084.5437
2016-07-12 15:00:00,3137.0,3110.0867
2016-07-12 16:00:00,3066.0,3161.0662
2016-07-12 17:00:00,3033.0,3004.6692
2016-07-12 18:00:00,2995.0,2982.3047
2016-07-12 19:00:00,2949.0,2912.4001
2016-07-12 20:00:00,2832.0,2864.2617
2016-07-12 21:00:00,2767.0,2784.327
2016-07-12 22:00:00,2620.0,2610.2957
2016-07-12 23:00:00,2400.0,2381.894
2016-07-13 00:00:00,2221.0,2192.9932
2016-07-13 01:00:00,2064.0,2061.7617
2016-07-13 02:00:00,1966.0,1945.7023
2016-07-13 03:00:00,1901.0,1890.049
2016-07-13 04:00:00,1895.0,1882.8824
2016-07-13 05:00:00,1970.0,1951.7244
2016-07-13 06:00:00,2104.0,2114.1677
2016-07-13 07:00:00,2254.0,2256.1816
2016-07-13 08:00:00,2430.0,2385.5237
2016-07-13 09:00:00,2584.0,2583.5637
2016-07-13 10:00:00,2724.0,2742.0361
2016-07-13 11:00:00,2861.0,2863.549
2016-07-13 12:00:00,3002.0,2990.8547
2016-07-13 13:00:00,3118.0,3091.8945
2016-07-13 14:00:00,3191.0,3147.6814
2016-07-13 15:00:00,3203.0,3163.2502
2016-07-13 16:00:00,3211.0,3154.9744
2016-07-13 17:00:00,3216.0,3144.5425
2016-07-13 18:00:00,3172.0,3188.043
2016-07-13 19:00:00,3004.0,3083.6157
2016-07-13 20:00:00,2782.0,2886.6685
2016-07-13 21:00:00,2658.0,2722.9426
2016-07-13 22:00:00,2444.0,2511.754
2016-07-13 23:00:00,2206.0,2212.93
2016-07-14 00:00:00,2027.0,2005.7257
2016-07-14 01:00:00,1914.0,1895.3658
2016-07-14 02:00:00,1825.0,1817.9489
2016-07-14 03:00:00,1771.0,1770.8317
2016-07-14 04:00:00,1777.0,1766.6158
2016-07-14 05:00:00,1846.0,1856.39
2016-07-14 06:00:00,1962.0,1984.4221
2016-07-14 07:00:00,2136.0,2121.0996
2016-07-14 08:00:00,2286.0,2271.9285
2016-07-14 09:00:00,2422.0,2428.2766
2016-07-14 10:00:00,2557.0,2558.0723
2016-07-14 11:00:00,2667.0,2668.9233
2016-07-14 12:00:00,2791.0,2774.8003
2016-07-14 13:00:00,2890.0,2890.3574
2016-07-14 14:00:00,2941.0,2935.597
2016-07-14 15:00:00,2892.0,2988.8928
2016-07-14 16:00:00,2807.0,2881.0186
2016-07-14 17:00:00,2739.0,2771.5564
2016-07-14 18:00:00,2723.0,2674.7812
2016-07-14 19:00:00,2683.0,2623.5317
2016-07-14 20:00:00,2595.0,2586.7485
2016-07-14 21:00:00,2562.0,2529.0723
2016-07-14 22:00:00,2432.0,2402.255
2016-07-14 23:00:00,2234.0,2227.5286
2016-07-15 00:00:00,2059.0,2060.62
2016-07-15 01:00:00,1940.0,1917.7654
2016-07-15 02:00:00,1847.0,1841.8577
2016-07-15 03:00:00,1784.0,1788.1715
2016-07-15 04:00:00,1797.0,1777.7476
2016-07-15 05:00:00,1884.0,1872.5619
2016-07-15 06:00:00,2009.0,2040.2421
2016-07-15 07:00:00,2157.0,2145.5073
2016-07-15 08:00:00,2301.0,2281.0818
2016-07-15 09:00:00,2447.0,2428.2544
2016-07-15 10:00:00,2590.0,2587.369
2016-07-15 11:00:00,2684.0,2698.0938
2016-07-15 12:00:00,2761.0,2794.8296
2016-07-15 13:00:00,2838.0,2832.4102
2016-07-15 14:00:00,2886.0,2861.1
2016-07-15 15:00:00,2899.0,2874.7302
2016-07-15 16:00:00,2914.0,2908.5452
2016-07-15 17:00:00,2894.0,2870.536
2016-07-15 18:00:00,2825.0,2816.4194
2016-07-15 19:00:00,2700.0,2711.044
2016-07-15 20:00:00,2552.0,2619.4204
2016-07-15 21:00:00,2484.0,2496.8506
2016-07-15 22:00:00,2323.0,2353.471
2016-07-15 23:00:00,2093.0,2118.7075
2016-07-16 00:00:00,1898.0,1891.5846
2016-07-16 01:00:00,1737.0,1756.2092
2016-07-16 02:00:00,1631.0,1635.0181
2016-07-16 03:00:00,1562.0,1554.4055
2016-07-16 04:00:00,1533.0,1532.5647
2016-07-16 05:00:00,1546.0,1540.1937
2016-07-16 06:00:00,1555.0,1573.5541
2016-07-16 07:00:00,1604.0,1629.0011
2016-07-16 08:00:00,1741.0,1744.3793
2016-07-16 09:00:00,1891.0,1888.503
2016-07-16 10:00:00,2012.0,2030.1505
2016-07-16 11:00:00,2084.0,2113.1624
2016-07-16 12:00:00,2133.0,2167.3862
2016-07-16 13:00:00,2184.0,2187.9453
2016-07-16 14:00:00,2240.0,2225.3057
2016-07-16 15:00:00,2296.0,2284.0444
2016-07-16 16:00:00,2358.0,2346.315
2016-07-16 17:00:00,2385.0,2381.045
2016-07-16 18:00:00,2371.0,2387.8518
2016-07-16 19:00:00,2308.0,2301.8926
2016-07-16 20:00:00,2205.0,2241.4993
2016-07-16 21:00:00,2115.0,2159.3804
2016-07-16 22:00:00,1998.0,1991.2756
2016-07-16 23:00:00,1818.0,1835.3148
2016-07-17 00:00:00,1665.0,1667.5775
2016-07-17 01:00:00,1544.0,1551.3723
2016-07-17 02:00:00,1466.0,1471.8523
2016-07-17 03:00:00,1415.0,1412.4861
2016-07-17 04:00:00,1393.0,1388.2528
2016-07-17 05:00:00,1392.0,1393.158
2016-07-17 06:00:00,1390.0,1381.7625
2016-07-17 07:00:00,1442.0,1439.3867
2016-07-17 08:00:00,1600.0,1587.3563
2016-07-17 09:00:00,1766.0,1754.3977
2016-07-17 10:00:00,1932.0,1908.4601
2016-07-17 11:00:00,2093.0,2067.0645
2016-07-17 12:00:00,2254.0,2247.6182
2016-07-17 13:00:00,2379.0,2389.9946
2016-07-17 14:00:00,2438.0,2473.736
2016-07-17 15:00:00,2489.0,2513.2231
2016-07-17 16:00:00,2528.0,2540.813
2016-07-17 17:00:00,2565.0,2563.8108
2016-07-17 18:00:00,2569.0,2555.0474
2016-07-17 19:00:00,2537.0,2501.0017
2016-07-17 20:00:00,2487.0,2462.2432
2016-07-17 21:00:00,2482.0,2461.6292
2016-07-17 22:00:00,2388.0,2385.6013
2016-07-17 23:00:00,2250.0,2217.544
2016-07-18 00:00:00,2106.0,2105.022
2016-07-18 01:00:00,2013.0,1995.8387
2016-07-18 02:00:00,1948.0,1937.5524
2016-07-18 03:00:00,1910.0,1891.8777
2016-07-18 04:00:00,1926.0,1910.0365
2016-07-18 05:00:00,2033.0,2017.8538
2016-07-18 06:00:00,2189.0,2226.4521
2016-07-18 07:00:00,2257.0,2368.628
2016-07-18 08:00:00,2302.0,2382.0486
2016-07-18 09:00:00,2324.0,2407.2556
2016-07-18 10:00:00,2395.0,2386.0684
2016-07-18 11:00:00,2524.0,2445.1753
2016-07-18 12:00:00,2680.0,2608.0437
2016-07-18 13:00:00,2802.0,2747.6897
2016-07-18 14:00:00,2913.0,2874.1553
2016-07-18 15:00:00,2958.0,2955.8528
2016-07-18 16:00:00,2990.0,3006.0583
2016-07-18 17:00:00,2958.0,3009.42
2016-07-18 18:00:00,2901.0,2926.2805
2016-07-18 19:00:00,2815.0,2839.1597
2016-07-18 20:00:00,2732.0,2759.795
2016-07-18 21:00:00,2678.0,2671.337
2016-07-18 22:00:00,2524.0,2537.2625
2016-07-18 23:00:00,2302.0,2325.7268
2016-07-19 00:00:00,2123.0,2127.0784
2016-07-19 01:00:00,1987.0,1985.6904
2016-07-19 02:00:00,1876.0,1893.7573
2016-07-19 03:00:00,1813.0,1815.0157
2016-07-19 04:00:00,1808.0,1807.346
2016-07-19 05:00:00,1894.0,1886.296
2016-07-19 06:00:00,2022.0,2043.3756
2016-07-19 07:00:00,2162.0,2165.1843
2016-07-19 08:00:00,2326.0,2278.2905
2016-07-19 09:00:00,2469.0,2457.8098
2016-07-19 10:00:00,2630.0,2640.6802
2016-07-19 11:00:00,2755.0,2764.752
2016-07-19 12:00:00,2887.0,2851.548
2016-07-19 13:00:00,2978.0,2983.3496
2016-07-19 14:00:00,3036.0,3058.921
2016-07-19 15:00:00,3070.0,3066.9058
2016-07-19 16:00:00,3107.0,3059.7104
2016-07-19 17:00:00,3102.0,3086.4214
2016-07-19 18:00:00,3063.0,3070.0127
2016-07-19 19:00:00,2966.0,2963.1316
2016-07-19 20:00:00,2840.0,2863.6414
2016-07-19 21:00:00,2751.0,2805.2935
2016-07-19 22:00:00,2562.0,2587.3494
2016-07-19 23:00:00,2313.0,2326.6235
2016-07-20 00:00:00,2115.0,2118.2993
2016-07-20 01:00:00,1969.0,1974.0319
2016-07-20 02:00:00,1848.0,1866.0416
2016-07-20 03:00:00,1778.0,1777.7341
2016-07-20 04:00:00,1763.0,1767.8954
2016-07-20 05:00:00,1846.0,1830.2272
2016-07-20 06:00:00,1964.0,1974.2677
2016-07-20 07:00:00,2096.0,2115.4578
2016-07-20 08:00:00,2262.0,2226.326
2016-07-20 09:00:00,2403.0,2398.1465
2016-07-20 10:00:00,2569.0,2559.078
2016-07-20 11:00:00,2716.0,2713.2927
2016-07-20 12:00:00,2865.0,2827.9133
2016-07-20 13:00:00,2984.0,2982.496
2016-07-20 14:00:00,3074.0,3075.889
2016-07-20 15:00:00,3128.0,3138.1914
2016-07-20 16:00:00,3161.0,3142.0747
2016-07-20 17:00:00,3167.0,3168.1165
2016-07-20 18:00:00,3133.0,3128.6338
2016-07-20 19:00:00,3014.0,3016.8713
2016-07-20 20:00:00,2898.0,2910.1785
2016-07-20 21:00:00,2824.0,2856.1536
2016-07-20 22:00:00,2649.0,2659.6167
2016-07-20 23:00:00,2422.0,2425.7056
2016-07-21 00:00:00,2225.0,2220.684
2016-07-21 01:00:00,2066.0,2072.8022
2016-07-21 02:00:00,1950.0,1947.8329
2016-07-21 03:00:00,1877.0,1869.5854
2016-07-21 04:00:00,1871.0,1854.2986
2016-07-21 05:00:00,1945.0,1943.629
2016-07-21 06:00:00,2067.0,2093.0225
2016-07-21 07:00:00,2214.0,2205.0662
2016-07-21 08:00:00,2402.0,2359.2026
2016-07-21 09:00:00,2583.0,2574.3809
2016-07-21 10:00:00,2756.0,2757.6816
2016-07-21 11:00:00,2905.0,2911.0723
2016-07-21 12:00:00,3043.0,3032.1814
2016-07-21 13:00:00,3168.0,3139.6128
2016-07-21 14:00:00,3235.0,3219.4392
2016-07-21 15:00:00,3226.0,3260.3076
2016-07-21 16:00:00,3226.0,3302.7957
2016-07-21 17:00:00,3200.0,3272.3054
2016-07-21 18:00:00,3123.0,3135.5784
2016-07-21 19:00:00,2978.0,3017.8525
2016-07-21 20:00:00,2813.0,2906.7036
2016-07-21 21:00:00,2744.0,2750.4895
2016-07-21 22:00:00,2555.0,2574.8235
2016-07-21 23:00:00,2322.0,2330.51
2016-07-22 00:00:00,2149.0,2114.8555
2016-07-22 01:00:00,2002.0,2004.3964
2016-07-22 02:00:00,1902.0,1894.8237
2016-07-22 03:00:00,1835.0,1831.0371
2016-07-22 04:00:00,1847.0,1812.1788
2016-07-22 05:00:00,1942.0,1925.604
2016-07-22 06:00:00,2093.0,2086.9744
2016-07-22 07:00:00,2249.0,2221.4817
2016-07-22 08:00:00,2437.0,2395.8015
2016-07-22 09:00:00,2596.0,2599.6816
2016-07-22 10:00:00,2677.0,2750.138
2016-07-22 11:00:00,2656.0,2780.959
2016-07-22 12:00:00,2676.0,2682.3027
2016-07-22 13:00:00,2706.0,2658.3293
2016-07-22 14:00:00,2664.0,2696.0728
2016-07-22 15:00:00,2703.0,2627.1567
2016-07-22 16:00:00,2774.0,2689.1106
2016-07-22 17:00:00,2810.0,2766.3403
2016-07-22 18:00:00,2825.0,2765.1924
2016-07-22 19:00:00,2800.0,2723.0686
2016-07-22 20:00:00,2707.0,2686.67
2016-07-22 21:00:00,2648.0,2658.0232
2016-07-22 22:00:00,2499.0,2506.999
2016-07-22 23:00:00,2284.0,2296.5295
2016-07-23 00:00:00,2090.0,2102.3894
2016-07-23 01:00:00,1939.0,1945.4
2016-07-23 02:00:00,1831.0,1826.4197
2016-07-23 03:00:00,1758.0,1762.9684
2016-07-23 04:00:00,1727.0,1738.0792
2016-07-23 05:00:00,1735.0,1735.4353
2016-07-23 06:00:00,1760.0,1753.9321
2016-07-23 07:00:00,1841.0,1826.0629
2016-07-23 08:00:00,2062.0,1969.893
2016-07-23 09:00:00,2282.0,2207.645
2016-07-23 10:00:00,2464.0,2442.319
2016-07-23 11:00:00,2604.0,2596.0115
2016-07-23 12:00:00,2720.0,2705.504
2016-07-23 13:00:00,2807.0,2833.0374
2016-07-23 14:00:00,2859.0,2858.2751
2016-07-23 15:00:00,2923.0,2844.6238
2016-07-23 16:00:00,2949.0,2913.4373
2016-07-23 17:00:00,2990.0,2943.7793
2016-07-23 18:00:00,2961.0,2952.848
2016-07-23 19:00:00,2888.0,2869.4192
2016-07-23 20:00:00,2788.0,2779.0688
2016-07-23 21:00:00,2733.0,2736.5015
2016-07-23 22:00:00,2569.0,2588.4824
2016-07-23 23:00:00,2367.0,2340.6611
2016-07-24 00:00:00,2170.0,2159.2883
2016-07-24 01:00:00,2020.0,2015.9331
2016-07-24 02:00:00,1909.0,1896.327
2016-07-24 03:00:00,1823.0,1826.1599
2016-07-24 04:00:00,1769.0,1776.6958
2016-07-24 05:00:00,1761.0,1762.9918
2016-07-24 06:00:00,1764.0,1759.1608
2016-07-24 07:00:00,1813.0,1813.9374
2016-07-24 08:00:00,2008.0,1962.9374
2016-07-24 09:00:00,2228.0,2201.6143
2016-07-24 10:00:00,2422.0,2416.2803
2016-07-24 11:00:00,2616.0,2598.237
2016-07-24 12:00:00,2761.0,2762.1816
2016-07-24 13:00:00,2879.0,2868.3242
2016-07-24 14:00:00,2955.0,2926.5679
2016-07-24 15:00:00,2983.0,2961.751
2016-07-24 16:00:00,3008.0,3009.3281
2016-07-24 17:00:00,3035.0,2979.355
2016-07-24 18:00:00,3013.0,3007.333
2016-07-24 19:00:00,2970.0,2915.6033
2016-07-24 20:00:00,2889.0,2851.0232
2016-07-24 21:00:00,2857.0,2839.2417
2016-07-24 22:00:00,2736.0,2722.3643
2016-07-24 23:00:00,2558.0,2550.565
2016-07-25 00:00:00,2401.0,2347.4646
2016-07-25 01:00:00,2283.0,2247.728
2016-07-25 02:00:00,2201.0,2166.5664
2016-07-25 03:00:00,2151.0,2129.0735
2016-07-25 04:00:00,2152.0,2148.2188
2016-07-25 05:00:00,2253.0,2222.4756
2016-07-25 06:00:00,2383.0,2436.2114
2016-07-25 07:00:00,2525.0,2544.9163
2016-07-25 08:00:00,2716.0,2717.667
2016-07-25 09:00:00,2875.0,2897.987
2016-07-25 10:00:00,3018.0,3059.4106
2016-07-25 11:00:00,3129.0,3124.529
2016-07-25 12:00:00,3204.0,3211.984
2016-07-25 13:00:00,3276.0,3285.5752
2016-07-25 14:00:00,3318.0,3337.0972
2016-07-25 15:00:00,3309.0,3282.336
2016-07-25 16:00:00,3318.0,3283.6875
2016-07-25 17:00:00,3327.0,3253.045
2016-07-25 18:00:00,3269.0,3210.0437
2016-07-25 19:00:00,3208.0,3132.3994
2016-07-25 20:00:00,3122.0,3053.7576
2016-07-25 21:00:00,3041.0,3012.6785
2016-07-25 22:00:00,2858.0,2866.0747
2016-07-25 23:00:00,2626.0,2612.8774
2016-07-26 00:00:00,2425.0,2447.2065
2016-07-26 01:00:00,2281.0,2262.76
2016-07-26 02:00:00,2153.0,2154.1272
2016-07-26 03:00:00,2082.0,2081.5273
2016-07-26 04:00:00,2051.0,2067.418
2016-07-26 05:00:00,2125.0,2117.86
2016-07-26 06:00:00,2240.0,2261.098
2016-07-26 07:00:00,2358.0,2369.0999
2016-07-26 08:00:00,2466.0,2491.7644
2016-07-26 09:00:00,2627.0,2597.6343
2016-07-26 10:00:00,2773.0,2770.137
2016-07-26 11:00:00,2895.0,2894.1255
2016-07-26 12:00:00,2982.0,3023.0234
2016-07-26 13:00:00,2994.0,3090.1582
2016-07-26 14:00:00,2944.0,3050.1323
2016-07-26 15:00:00,2876.0,2918.2249
2016-07-26 16:00:00,2853.0,2849.7747
2016-07-26 17:00:00,2883.0,2818.4373
2016-07-26 18:00:00,2882.0,2805.301
2016-07-26 19:00:00,2832.0,2788.2957
2016-07-26 20:00:00,2778.0,2757.1045
2016-07-26 21:00:00,2745.0,2727.5244
2016-07-26 22:00:00,2577.0,2593.6582
2016-07-26 23:00:00,2368.0,2396.4775
2016-07-27 00:00:00,2205.0,2195.8213
2016-07-27 01:00:00,2070.0,2061.4062
2016-07-27 02:00:00,1965.0,1967.6603
2016-07-27 03:00:00,1902.0,1902.7769
2016-07-27 04:00:00,1899.0,1889.4438
2016-07-27 05:00:00,1946.0,1967.9783
2016-07-27 06:00:00,2123.0,2065.3057
2016-07-27 07:00:00,2236.0,2258.1667
2016-07-27 08:00:00,2393.0,2364.3596
2016-07-27 09:00:00,2588.0,2525.6328
2016-07-27 10:00:00,2765.0,2750.4775
2016-07-27 11:00:00,2900.0,2904.8972
2016-07-27 12:00:00,3038.0,3015.4573
2016-07-27 13:00:00,3132.0,3124.814
2016-07-27 14:00:00,3199.0,3165.306
2016-07-27 15:00:00,3226.0,3180.9846
2016-07-27 16:00:00,3253.0,3268.0364
2016-07-27 17:00:00,3249.0,3279.453
2016-07-27 18:00:00,3230.0,3232.6226
2016-07-27 19:00:00,3140.0,3143.987
2016-07-27 20:00:00,2989.0,3063.3953
2016-07-27 21:00:00,2928.0,2914.9458
2016-07-27 22:00:00,2740.0,2762.8276
2016-07-27 23:00:00,2520.0,2502.4512
2016-07-28 00:00:00,2335.0,2321.6333
2016-07-28 01:00:00,2177.0,2185.1443
2016-07-28 02:00:00,2062.0,2059.7944
2016-07-28 03:00:00,2011.0,1994.249
2016-07-28 04:00:00,1986.0,1990.4358
2016-07-28 05:00:00,2061.0,2057.7178
2016-07-28 06:00:00,2220.0,2200.5886
2016-07-28 07:00:00,2330.0,2379.68
2016-07-28 08:00:00,2403.0,2471.6838
2016-07-28 09:00:00,2466.0,2524.7578
2016-07-28 10:00:00,2555.0,2551.1726
2016-07-28 11:00:00,2630.0,2625.169
2016-07-28 12:00:00,2719.0,2687.2207
2016-07-28 13:00:00,2809.0,2812.336
2016-07-28 14:00:00,2919.0,2882.2334
2016-07-28 15:00:00,2945.0,2953.848
2016-07-28 16:00:00,2941.0,2978.232
2016-07-28 17:00:00,2956.0,2936.6985
2016-07-28 18:00:00,2945.0,2880.1033
2016-07-28 19:00:00,2878.0,2856.4744
2016-07-28 20:00:00,2787.0,2789.5925
2016-07-28 21:00:00,2723.0,2742.2188
2016-07-28 22:00:00,2538.0,2582.3235
2016-07-28 23:00:00,2321.0,2311.237
2016-07-29 00:00:00,2145.0,2140.4973
2016-07-29 01:00:00,2003.0,2010.5217
2016-07-29 02:00:00,1895.0,1899.3789
2016-07-29 03:00:00,1844.0,1828.0978
2016-07-29 04:00:00,1839.0,1835.545
2016-07-29 05:00:00,1921.0,1912.1844
2016-07-29 06:00:00,2043.0,2077.2737
2016-07-29 07:00:00,2164.0,2178.2024
2016-07-29 08:00:00,2319.0,2287.927
2016-07-29 09:00:00,2485.0,2451.957
2016-07-29 10:00:00,2664.0,2650.7073
2016-07-29 11:00:00,2819.0,2783.2522
2016-07-29 12:00:00,2939.0,2932.6904
2016-07-29 13:00:00,2984.0,3038.9875
2016-07-29 14:00:00,3014.0,3053.1277
2016-07-29 15:00:00,2996.0,2971.504
2016-07-29 16:00:00,2920.0,2967.779
2016-07-29 17:00:00,2800.0,2844.2007
2016-07-29 18:00:00,2652.0,2702.8462
2016-07-29 19:00:00,2518.0,2544.2163
2016-07-29 20:00:00,2447.0,2404.959
2016-07-29 21:00:00,2406.0,2408.8088
2016-07-29 22:00:00,2259.0,2260.7222
2016-07-29 23:00:00,2074.0,2045.809
2016-07-30 00:00:00,1899.0,1879.3925
2016-07-30 01:00:00,1771.0,1769.1509
2016-07-30 02:00:00,1685.0,1675.6326
2016-07-30 03:00:00,1630.0,1620.0975
2016-07-30 04:00:00,1605.0,1600.0591
2016-07-30 05:00:00,1620.0,1619.0458
2016-07-30 06:00:00,1668.0,1641.7361
2016-07-30 07:00:00,1723.0,1756.4137
2016-07-30 08:00:00,1840.0,1860.3461
2016-07-30 09:00:00,1964.0,1989.8518
2016-07-30 10:00:00,2091.0,2093.8804
2016-07-30 11:00:00,2233.0,2189.2134
2016-07-30 12:00:00,2358.0,2346.7576
2016-07-30 13:00:00,2443.0,2431.1873
2016-07-30 14:00:00,2517.0,2498.7302
2016-07-30 15:00:00,2575.0,2548.9026
2016-07-30 16:00:00,2633.0,2627.5486
2016-07-30 17:00:00,2638.0,2637.906
2016-07-30 18:00:00,2605.0,2607.9263
2016-07-30 19:00:00,2529.0,2517.0771
2016-07-30 20:00:00,2409.0,2444.8206
2016-07-30 21:00:00,2359.0,2370.2913
2016-07-30 22:00:00,2200.0,2230.42
2016-07-30 23:00:00,2040.0,2010.2538
2016-07-31 00:00:00,1870.0,1863.5321
2016-07-31 01:00:00,1742.0,1733.9834
2016-07-31 02:00:00,1648.0,1644.639
2016-07-31 03:00:00,1590.0,1579.6185
2016-07-31 04:00:00,1551.0,1549.5117
2016-07-31 05:00:00,1540.0,1549.3085
2016-07-31 06:00:00,1546.0,1534.8131
2016-07-31 07:00:00,1580.0,1598.8073
2016-07-31 08:00:00,1751.0,1715.3673
2016-07-31 09:00:00,1933.0,1907.9641
2016-07-31 10:00:00,2082.0,2089.6306
2016-07-31 11:00:00,2200.0,2261.0322
2016-07-31 12:00:00,2306.0,2306.2036
2016-07-31 13:00:00,2394.0,2374.0164
2016-07-31 14:00:00,2490.0,2465.584
2016-07-31 15:00:00,2562.0,2562.8408
2016-07-31 16:00:00,2629.0,2614.1494
2016-07-31 17:00:00,2679.0,2658.8284
2016-07-31 18:00:00,2651.0,2672.468
2016-07-31 19:00:00,2578.0,2581.53
2016-07-31 20:00:00,2502.0,2499.9436
2016-07-31 21:00:00,2485.0,2487.829
2016-07-31 22:00:00,2355.0,2374.913
2016-07-31 23:00:00,2183.0,2178.7512
2016-08-01 00:00:00,2023.0,2019.1359
2016-08-01 01:00:00,1910.0,1902.7711
2016-08-01 02:00:00,1822.0,1818.4551
2016-08-01 03:00:00,1783.0,1771.5397
2016-08-01 04:00:00,1783.0,1782.738
2016-08-01 05:00:00,1867.0,1879.0958
2016-08-01 06:00:00,2014.0,2032.1158
2016-08-01 07:00:00,2157.0,2148.5422
2016-08-01 08:00:00,2336.0,2302.9001
2016-08-01 09:00:00,2468.0,2489.4224
2016-08-01 10:00:00,2636.0,2611.6719
2016-08-01 11:00:00,2764.0,2782.713
2016-08-01 12:00:00,2869.0,2879.7075
2016-08-01 13:00:00,2933.0,2954.5981
2016-08-01 14:00:00,2978.0,3014.8713
2016-08-01 15:00:00,2983.0,3010.836
2016-08-01 16:00:00,3008.0,3004.484
2016-08-01 17:00:00,3019.0,2985.4802
2016-08-01 18:00:00,2996.0,2956.7068
2016-08-01 19:00:00,2909.0,2904.9678
2016-08-01 20:00:00,2795.0,2832.682
2016-08-01 21:00:00,2705.0,2739.5083
2016-08-01 22:00:00,2547.0,2524.78
2016-08-01 23:00:00,2324.0,2298.181
2016-08-02 00:00:00,2141.0,2126.765
2016-08-02 01:00:00,2007.0,2002.2769
2016-08-02 02:00:00,1899.0,1902.1238
2016-08-02 03:00:00,1840.0,1834.2673
2016-08-02 04:00:00,1829.0,1830.1
2016-08-02 05:00:00,1913.0,1910.5809
2016-08-02 06:00:00,2050.0,2068.7214
2016-08-02 07:00:00,2171.0,2184.7654
2016-08-02 08:00:00,2331.0,2284.0322
2016-08-02 09:00:00,2503.0,2468.6611
2016-08-02 10:00:00,2668.0,2678.8567
2016-08-02 11:00:00,2823.0,2800.733
2016-08-02 12:00:00,2977.0,2942.2039
2016-08-02 13:00:00,3071.0,3112.7424
2016-08-02 14:00:00,3130.0,3206.146
2016-08-02 15:00:00,3159.0,3128.6113
2016-08-02 16:00:00,3181.0,3166.9082
2016-08-02 17:00:00,3186.0,3151.1072
2016-08-02 18:00:00,3132.0,3109.2986
2016-08-02 19:00:00,3053.0,2999.489
2016-08-02 20:00:00,2939.0,2954.681
2016-08-02 21:00:00,2864.0,2888.9617
2016-08-02 22:00:00,2665.0,2667.8657
2016-08-02 23:00:00,2424.0,2413.2822
2016-08-03 00:00:00,2224.0,2217.5696
2016-08-03 01:00:00,2067.0,2072.749
2016-08-03 02:00:00,1948.0,1943.9261
2016-08-03 03:00:00,1882.0,1863.054
2016-08-03 04:00:00,1869.0,1850.9678
2016-08-03 05:00:00,1943.0,1935.7716
2016-08-03 06:00:00,2076.0,2098.4495
2016-08-03 07:00:00,2210.0,2204.0833
2016-08-03 08:00:00,2367.0,2347.5288
2016-08-03 09:00:00,2538.0,2513.5122
2016-08-03 10:00:00,2728.0,2717.6475
2016-08-03 11:00:00,2891.0,2894.6396
2016-08-03 12:00:00,3022.0,3009.5127
2016-08-03 13:00:00,3132.0,3122.322
2016-08-03 14:00:00,3200.0,3163.8738
2016-08-03 15:00:00,3213.0,3177.5757
2016-08-03 16:00:00,3225.0,3182.6619
2016-08-03 17:00:00,3210.0,3220.7388
2016-08-03 18:00:00,3169.0,3126.7832
2016-08-03 19:00:00,3082.0,3051.7737
2016-08-03 20:00:00,2960.0,3002.5374
2016-08-03 21:00:00,2889.0,2900.799
2016-08-03 22:00:00,2677.0,2659.9236
2016-08-03 23:00:00,2444.0,2426.2363
2016-08-04 00:00:00,2243.0,2240.6516
2016-08-04 01:00:00,2101.0,2094.4004
2016-08-04 02:00:00,1996.0,1984.0146
2016-08-04 03:00:00,1925.0,1919.866
2016-08-04 04:00:00,1919.0,1924.145
2016-08-04 05:00:00,2005.0,1998.3688
2016-08-04 06:00:00,2147.0,2179.1084
2016-08-04 07:00:00,2275.0,2298.5874
2016-08-04 08:00:00,2398.0,2425.9878
2016-08-04 09:00:00,2543.0,2533.436
2016-08-04 10:00:00,2738.0,2690.7983
2016-08-04 11:00:00,2902.0,2899.8003
2016-08-04 12:00:00,3066.0,3042.6904
2016-08-04 13:00:00,3163.0,3135.272
2016-08-04 14:00:00,3237.0,3231.4556
2016-08-04 15:00:00,3254.0,3267.3228
2016-08-04 16:00:00,3274.0,3300.8293
2016-08-04 17:00:00,3264.0,3262.7825
2016-08-04 18:00:00,3205.0,3184.0793
2016-08-04 19:00:00,3111.0,3081.9607
2016-08-04 20:00:00,3010.0,3012.2627
2016-08-04 21:00:00,2943.0,2951.6743
2016-08-04 22:00:00,2743.0,2735.975
2016-08-04 23:00:00,2508.0,2506.7996
2016-08-05 00:00:00,2323.0,2310.0547
2016-08-05 01:00:00,2164.0,2179.7644
2016-08-05 02:00:00,2058.0,2033.6489
2016-08-05 03:00:00,1988.0,1985.8745
2016-08-05 04:00:00,1981.0,1968.3907
2016-08-05 05:00:00,2046.0,2054.7856
2016-08-05 06:00:00,2191.0,2200.309
2016-08-05 07:00:00,2301.0,2321.599
2016-08-05 08:00:00,2455.0,2443.9294
2016-08-05 09:00:00,2696.0,2632.325
2016-08-05 10:00:00,2840.0,2889.1133
2016-08-05 11:00:00,2980.0,3000.7827
2016-08-05 12:00:00,3097.0,3114.1536
2016-08-05 13:00:00,3203.0,3191.584
2016-08-05 14:00:00,3266.0,3226.0334
2016-08-05 15:00:00,3256.0,3247.1667
2016-08-05 16:00:00,3287.0,3270.631
2016-08-05 17:00:00,3262.0,3239.3428
2016-08-05 18:00:00,3201.0,3174.2295
2016-08-05 19:00:00,3104.0,3070.0498
2016-08-05 20:00:00,2981.0,2995.8716
2016-08-05 21:00:00,2924.0,2948.3596
2016-08-05 22:00:00,2732.0,2706.2498
2016-08-05 23:00:00,2505.0,2490.1191
2016-08-06 00:00:00,2315.0,2286.1748
2016-08-06 01:00:00,2166.0,2161.6323
2016-08-06 02:00:00,2055.0,2041.0397
2016-08-06 03:00:00,1960.0,1973.6154
2016-08-06 04:00:00,1895.0,1919.748
2016-08-06 05:00:00,1863.0,1879.1189
2016-08-06 06:00:00,1857.0,1887.8804
2016-08-06 07:00:00,1879.0,1883.605
2016-08-06 08:00:00,2035.0,2014.6661
2016-08-06 09:00:00,2182.0,2219.0798
2016-08-06 10:00:00,2301.0,2337.681
2016-08-06 11:00:00,2394.0,2417.957
2016-08-06 12:00:00,2479.0,2477.1401
2016-08-06 13:00:00,2543.0,2518.577
2016-08-06 14:00:00,2587.0,2580.3467
2016-08-06 15:00:00,2614.0,2607.209
2016-08-06 16:00:00,2635.0,2627.0156
2016-08-06 17:00:00,2626.0,2617.8486
2016-08-06 18:00:00,2619.0,2596.355
2016-08-06 19:00:00,2538.0,2527.3027
2016-08-06 20:00:00,2421.0,2454.377
2016-08-06 21:00:00,2338.0,2366.5356
2016-08-06 22:00:00,2166.0,2186.6191
2016-08-06 23:00:00,1977.0,1978.7098
2016-08-07 00:00:00,1801.0,1814.2256
2016-08-07 01:00:00,1673.0,1680.0793
2016-08-07 02:00:00,1579.0,1587.5936
2016-08-07 03:00:00,1526.0,1522.1178
2016-08-07 04:00:00,1493.0,1493.7356
2016-08-07 05:00:00,1491.0,1491.8691
2016-08-07 06:00:00,1495.0,1498.9316
2016-08-07 07:00:00,1528.0,1510.2633
2016-08-07 08:00:00,1676.0,1663.1444
2016-08-07 09:00:00,1853.0,1831.6339
2016-08-07 10:00:00,2019.0,2012.538
2016-08-07 11:00:00,2181.0,2170.1165
2016-08-07 12:00:00,2307.0,2315.5398
2016-08-07 13:00:00,2398.0,2396.4946
2016-08-07 14:00:00,2461.0,2476.1025
2016-08-07 15:00:00,2518.0,2520.1682
2016-08-07 16:00:00,2594.0,2564.1465
2016-08-07 17:00:00,2646.0,2615.4907
2016-08-07 18:00:00,2627.0,2651.1309
2016-08-07 19:00:00,2561.0,2558.2756
2016-08-07 20:00:00,2459.0,2483.395
2016-08-07 21:00:00,2425.0,2429.549
2016-08-07 22:00:00,2270.0,2297.5894
2016-08-07 23:00:00,2105.0,2088.613
2016-08-08 00:00:00,1958.0,1943.9067
2016-08-08 01:00:00,1824.0,1842.1412
2016-08-08 02:00:00,1756.0,1742.9972
2016-08-08 03:00:00,1700.0,1706.969
2016-08-08 04:00:00,1710.0,1705.3264
2016-08-08 05:00:00,1796.0,1798.3176
2016-08-08 06:00:00,1943.0,1976.6328
2016-08-08 07:00:00,2054.0,2083.5789
2016-08-08 08:00:00,2173.0,2181.9932
2016-08-08 09:00:00,2294.0,2303.2664
2016-08-08 10:00:00,2458.0,2437.3408
2016-08-08 11:00:00,2598.0,2592.3738
2016-08-08 12:00:00,2724.0,2716.5454
2016-08-08 13:00:00,2853.0,2850.992
2016-08-08 14:00:00,2947.0,2910.8962
2016-08-08 15:00:00,2989.0,3000.7427
2016-08-08 16:00:00,3025.0,3032.0117
2016-08-08 17:00:00,3050.0,3047.943
2016-08-08 18:00:00,3012.0,3001.4355
2016-08-08 19:00:00,2895.0,2903.9849
2016-08-08 20:00:00,2777.0,2831.588
2016-08-08 21:00:00,2709.0,2721.602
2016-08-08 22:00:00,2521.0,2505.0115
2016-08-08 23:00:00,2298.0,2271.6924
2016-08-09 00:00:00,2113.0,2100.1587
2016-08-09 01:00:00,1970.0,1973.7416
2016-08-09 02:00:00,1850.0,1868.1995
2016-08-09 03:00:00,1785.0,1781.4263
2016-08-09 04:00:00,1796.0,1773.5352
2016-08-09 05:00:00,1904.0,1886.6805
2016-08-09 06:00:00,2062.0,2107.942
2016-08-09 07:00:00,2179.0,2193.7334
2016-08-09 08:00:00,2329.0,2305.553
2016-08-09 09:00:00,2507.0,2474.7153
2016-08-09 10:00:00,2692.0,2701.5217
2016-08-09 11:00:00,2866.0,2850.7644
2016-08-09 12:00:00,3013.0,3007.8447
2016-08-09 13:00:00,3141.0,3104.3445
2016-08-09 14:00:00,3206.0,3229.1182
2016-08-09 15:00:00,3260.0,3180.4304
2016-08-09 16:00:00,3238.0,3244.6123
2016-08-09 17:00:00,3160.0,3256.3894
2016-08-09 18:00:00,3096.0,3128.932
2016-08-09 19:00:00,2992.0,3000.6907
2016-08-09 20:00:00,2915.0,2923.6965
2016-08-09 21:00:00,2882.0,2851.3882
2016-08-09 22:00:00,2695.0,2665.0337
2016-08-09 23:00:00,2489.0,2437.7666
2016-08-10 00:00:00,2302.0,2282.2222
2016-08-10 01:00:00,2158.0,2159.7913
2016-08-10 02:00:00,2060.0,2042.6072
2016-08-10 03:00:00,2009.0,1988.9741
2016-08-10 04:00:00,2006.0,1983.9001
2016-08-10 05:00:00,2112.0,2085.1003
2016-08-10 06:00:00,2291.0,2318.527
2016-08-10 07:00:00,2394.0,2429.294
2016-08-10 08:00:00,2499.0,2520.3489
2016-08-10 09:00:00,2614.0,2640.9158
2016-08-10 10:00:00,2680.0,2759.289
2016-08-10 11:00:00,2703.0,2777.6
2016-08-10 12:00:00,2699.0,2772.9226
2016-08-10 13:00:00,2801.0,2697.0935
2016-08-10 14:00:00,2956.0,2812.9333
2016-08-10 15:00:00,2987.0,2992.1445
2016-08-10 16:00:00,2969.0,3042.7937
2016-08-10 17:00:00,2944.0,2936.6973
2016-08-10 18:00:00,2914.0,2872.3262
2016-08-10 19:00:00,2864.0,2809.6338
2016-08-10 20:00:00,2759.0,2802.5955
2016-08-10 21:00:00,2722.0,2718.7393
2016-08-10 22:00:00,2543.0,2542.6255
2016-08-10 23:00:00,2352.0,2322.9526
2016-08-11 00:00:00,2192.0,2184.3105
2016-08-11 01:00:00,2062.0,2063.3252
2016-08-11 02:00:00,1994.0,1966.588
2016-08-11 03:00:00,1941.0,1935.1102
2016-08-11 04:00:00,1960.0,1943.1477
2016-08-11 05:00:00,2062.0,2070.7422
2016-08-11 06:00:00,2240.0,2242.0588
2016-08-11 07:00:00,2384.0,2374.6323
2016-08-11 08:00:00,2552.0,2514.7603
2016-08-11 09:00:00,2754.0,2705.4248
2016-08-11 10:00:00,2974.0,2898.8865
2016-08-11 11:00:00,3116.0,3103.786
2016-08-11 12:00:00,3228.0,3227.6003
2016-08-11 13:00:00,3301.0,3300.1436
2016-08-11 14:00:00,3312.0,3253.747
2016-08-11 15:00:00,3262.0,3231.4915
2016-08-11 16:00:00,3274.0,3229.0234
2016-08-11 17:00:00,3287.0,3226.1714
2016-08-11 18:00:00,3254.0,3178.1868
2016-08-11 19:00:00,3196.0,3139.9204
2016-08-11 20:00:00,3111.0,3078.753
2016-08-11 21:00:00,3034.0,3037.3296
2016-08-11 22:00:00,2838.0,2833.9797
2016-08-11 23:00:00,2624.0,2601.9448
2016-08-12 00:00:00,2434.0,2430.5388
2016-08-12 01:00:00,2267.0,2269.9314
2016-08-12 02:00:00,2153.0,2143.391
2016-08-12 03:00:00,2096.0,2075.9194
2016-08-12 04:00:00,2098.0,2083.3647
2016-08-12 05:00:00,2173.0,2165.8965
2016-08-12 06:00:00,2325.0,2317.979
2016-08-12 07:00:00,2455.0,2457.5193
2016-08-12 08:00:00,2632.0,2619.057
2016-08-12 09:00:00,2811.0,2781.1091
2016-08-12 10:00:00,2988.0,2986.9563
2016-08-12 11:00:00,3130.0,3120.859
2016-08-12 12:00:00,3222.0,3218.3037
2016-08-12 13:00:00,3286.0,3319.3809
2016-08-12 14:00:00,3255.0,3280.3652
2016-08-12 15:00:00,3170.0,3212.4304
2016-08-12 16:00:00,3219.0,3160.82
2016-08-12 17:00:00,3159.0,3156.3347
2016-08-12 18:00:00,3101.0,3089.6978
2016-08-12 19:00:00,3027.0,2970.7234
2016-08-12 20:00:00,2962.0,2925.5586
2016-08-12 21:00:00,2901.0,2877.724
2016-08-12 22:00:00,2710.0,2701.5586
2016-08-12 23:00:00,2505.0,2478.5974
2016-08-13 00:00:00,2334.0,2301.6726
2016-08-13 01:00:00,2171.0,2184.9236
2016-08-13 02:00:00,2069.0,2049.573
2016-08-13 03:00:00,2002.0,1992.3188
2016-08-13 04:00:00,1978.0,1963.4547
2016-08-13 05:00:00,2006.0,1999.9895
2016-08-13 06:00:00,2055.0,2082.85
2016-08-13 07:00:00,2117.0,2139.374
2016-08-13 08:00:00,2280.0,2263.1704
2016-08-13 09:00:00,2457.0,2456.4346
2016-08-13 10:00:00,2571.0,2624.4502
2016-08-13 11:00:00,2624.0,2655.5098
2016-08-13 12:00:00,2709.0,2688.5708
2016-08-13 13:00:00,2723.0,2769.1443
2016-08-13 14:00:00,2655.0,2740.3123
2016-08-13 15:00:00,2632.0,2624.4392
2016-08-13 16:00:00,2626.0,2597.2131
2016-08-13 17:00:00,2558.0,2588.053
2016-08-13 18:00:00,2507.0,2496.1355
2016-08-13 19:00:00,2430.0,2433.1538
2016-08-13 20:00:00,2392.0,2384.439
2016-08-13 21:00:00,2361.0,2375.826
2016-08-13 22:00:00,2227.0,2232.994
2016-08-13 23:00:00,2093.0,2064.253
2016-08-14 00:00:00,1949.0,1956.7524
2016-08-14 01:00:00,1832.0,1826.2499
2016-08-14 02:00:00,1764.0,1753.4702
2016-08-14 03:00:00,1722.0,1706.3585
2016-08-14 04:00:00,1695.0,1699.612
2016-08-14 05:00:00,1696.0,1704.0823
2016-08-14 06:00:00,1733.0,1723.6708
2016-08-14 07:00:00,1766.0,1776.7822
2016-08-14 08:00:00,1850.0,1886.9761
2016-08-14 09:00:00,1938.0,1986.5144
2016-08-14 10:00:00,1986.0,2027.1598
2016-08-14 11:00:00,1988.0,2067.2605
2016-08-14 12:00:00,2031.0,2029.2242
2016-08-14 13:00:00,2028.0,2080.6433
2016-08-14 14:00:00,2044.0,2032.454
2016-08-14 15:00:00,2110.0,2059.6614
2016-08-14 16:00:00,2171.0,2164.7249
2016-08-14 17:00:00,2216.0,2191.2573
2016-08-14 18:00:00,2233.0,2217.016
2016-08-14 19:00:00,2234.0,2199.247
2016-08-14 20:00:00,2246.0,2210.4858
2016-08-14 21:00:00,2246.0,2217.881
2016-08-14 22:00:00,2139.0,2145.3423
2016-08-14 23:00:00,2017.0,2021.1561
2016-08-15 00:00:00,1892.0,1902.1682
2016-08-15 01:00:00,1819.0,1808.7483
2016-08-15 02:00:00,1759.0,1776.9711
2016-08-15 03:00:00,1749.0,1735.3472
2016-08-15 04:00:00,1767.0,1771.4286
2016-08-15 05:00:00,1890.0,1886.0726
2016-08-15 06:00:00,2087.0,2098.409
2016-08-15 07:00:00,2212.0,2234.8796
2016-08-15 08:00:00,2286.0,2274.253
2016-08-15 09:00:00,2363.0,2349.2034
2016-08-15 10:00:00,2422.0,2426.082
2016-08-15 11:00:00,2474.0,2451.3635
2016-08-15 12:00:00,2534.0,2505.7478
2016-08-15 13:00:00,2591.0,2572.8713
2016-08-15 14:00:00,2616.0,2615.3298
2016-08-15 15:00:00,2624.0,2618.7246
2016-08-15 16:00:00,2689.0,2641.4976
2016-08-15 17:00:00,2696.0,2712.6763
2016-08-15 18:00:00,2643.0,2682.1445
2016-08-15 19:00:00,2549.0,2571.336
2016-08-15 20:00:00,2547.0,2494.9697
2016-08-15 21:00:00,2510.0,2506.9949
2016-08-15 22:00:00,2343.0,2334.7905
2016-08-15 23:00:00,2173.0,2128.497
2016-08-16 00:00:00,2044.0,2011.694
2016-08-16 01:00:00,1932.0,1920.4824
2016-08-16 02:00:00,1854.0,1855.926
2016-08-16 03:00:00,1817.0,1814.2574
2016-08-16 04:00:00,1832.0,1825.7609
2016-08-16 05:00:00,1942.0,1932.6333
2016-08-16 06:00:00,2146.0,2135.7983
2016-08-16 07:00:00,2271.0,2277.0437
2016-08-16 08:00:00,2362.0,2373.831
2016-08-16 09:00:00,2451.0,2449.705
2016-08-16 10:00:00,2557.0,2533.5818
2016-08-16 11:00:00,2625.0,2630.303
2016-08-16 12:00:00,2679.0,2704.5093
2016-08-16 13:00:00,2688.0,2731.6213
2016-08-16 14:00:00,2721.0,2693.8633
2016-08-16 15:00:00,2671.0,2725.9492
2016-08-16 16:00:00,2645.0,2658.24
2016-08-16 17:00:00,2619.0,2619.0051
2016-08-16 18:00:00,2585.0,2575.5974
2016-08-16 19:00:00,2535.0,2515.9565
2016-08-16 20:00:00,2526.0,2481.6833
2016-08-16 21:00:00,2498.0,2491.7556
2016-08-16 22:00:00,2335.0,2328.6934
2016-08-16 23:00:00,2152.0,2129.1084
2016-08-17 00:00:00,2023.0,1996.6946
2016-08-17 01:00:00,1917.0,1899.8612
2016-08-17 02:00:00,1837.0,1842.1187
2016-08-17 03:00:00,1801.0,1790.6796
2016-08-17 04:00:00,1810.0,1812.9584
2016-08-17 05:00:00,1916.0,1909.9623
2016-08-17 06:00:00,2118.0,2120.4182
2016-08-17 07:00:00,2229.0,2254.6367
2016-08-17 08:00:00,2286.0,2331.4563
2016-08-17 09:00:00,2350.0,2382.726
2016-08-17 10:00:00,2412.0,2436.8643
2016-08-17 11:00:00,2451.0,2446.4536
2016-08-17 12:00:00,2536.0,2503.2222
2016-08-17 13:00:00,2636.0,2590.2173
2016-08-17 14:00:00,2744.0,2710.3008
2016-08-17 15:00:00,2802.0,2806.531
2016-08-17 16:00:00,2873.0,2869.0247
2016-08-17 17:00:00,2871.0,2910.4243
2016-08-17 18:00:00,2854.0,2840.044
2016-08-17 19:00:00,2765.0,2776.7886
2016-08-17 20:00:00,2712.0,2722.8591
2016-08-17 21:00:00,2657.0,2673.1025
2016-08-17 22:00:00,2449.0,2476.3774
2016-08-17 23:00:00,2249.0,2235.5862
2016-08-18 00:00:00,2057.0,2081.346
2016-08-18 01:00:00,1925.0,1923.8398
2016-08-18 02:00:00,1831.0,1830.5863
2016-08-18 03:00:00,1779.0,1776.5093
2016-08-18 04:00:00,1787.0,1786.0121
2016-08-18 05:00:00,1878.0,1873.4115
2016-08-18 06:00:00,2063.0,2053.2144
2016-08-18 07:00:00,2168.0,2181.8735
2016-08-18 08:00:00,2260.0,2267.396
2016-08-18 09:00:00,2343.0,2370.2346
2016-08-18 10:00:00,2425.0,2453.2134
2016-08-18 11:00:00,2518.0,2524.9556
2016-08-18 12:00:00,2669.0,2603.934
2016-08-18 13:00:00,2801.0,2763.0198
2016-08-18 14:00:00,2903.0,2872.8813
2016-08-18 15:00:00,2955.0,2976.0273
2016-08-18 16:00:00,2989.0,3009.1736
2016-08-18 17:00:00,3007.0,3011.628
2016-08-18 18:00:00,2942.0,2957.5105
2016-08-18 19:00:00,2835.0,2860.596
2016-08-18 20:00:00,2766.0,2785.6904
2016-08-18 21:00:00,2679.0,2716.9258
2016-08-18 22:00:00,2481.0,2478.12
2016-08-18 23:00:00,2252.0,2254.197
2016-08-19 00:00:00,2082.0,2065.9595
2016-08-19 01:00:00,1954.0,1943.0287
2016-08-19 02:00:00,1852.0,1855.5474
2016-08-19 03:00:00,1807.0,1785.4103
2016-08-19 04:00:00,1815.0,1801.615
2016-08-19 05:00:00,1913.0,1897.8339
2016-08-19 06:00:00,2102.0,2095.618
2016-08-19 07:00:00,2207.0,2216.5898
2016-08-19 08:00:00,2304.0,2301.6958
2016-08-19 09:00:00,2395.0,2424.9817
2016-08-19 10:00:00,2479.0,2523.5432
2016-08-19 11:00:00,2563.0,2578.6584
2016-08-19 12:00:00,2693.0,2629.23
2016-08-19 13:00:00,2849.0,2776.3323
2016-08-19 14:00:00,2929.0,2906.7983
2016-08-19 15:00:00,2976.0,2955.0474
2016-08-19 16:00:00,2979.0,3016.8157
2016-08-19 17:00:00,2916.0,2984.7212
2016-08-19 18:00:00,2798.0,2835.755
2016-08-19 19:00:00,2649.0,2666.8232
2016-08-19 20:00:00,2563.0,2550.244
2016-08-19 21:00:00,2499.0,2495.4092
2016-08-19 22:00:00,2326.0,2327.2097
2016-08-19 23:00:00,2116.0,2111.2805
2016-08-20 00:00:00,1943.0,1920.7091
2016-08-20 01:00:00,1809.0,1797.8019
2016-08-20 02:00:00,1718.0,1710.5365
2016-08-20 03:00:00,1668.0,1653.5602
2016-08-20 04:00:00,1649.0,1642.9497
2016-08-20 05:00:00,1652.0,1676.7712
2016-08-20 06:00:00,1709.0,1694.8088
2016-08-20 07:00:00,1752.0,1767.7706
2016-08-20 08:00:00,1888.0,1861.9369
2016-08-20 09:00:00,2044.0,2024.5425
2016-08-20 10:00:00,2200.0,2159.9043
2016-08-20 11:00:00,2326.0,2308.1433
2016-08-20 12:00:00,2434.0,2428.6733
2016-08-20 13:00:00,2482.0,2506.7834
2016-08-20 14:00:00,2508.0,2525.4412
2016-08-20 15:00:00,2417.0,2518.643
2016-08-20 16:00:00,2436.0,2403.662
2016-08-20 17:00:00,2396.0,2392.7197
2016-08-20 18:00:00,2325.0,2333.4817
2016-08-20 19:00:00,2232.0,2244.1016
2016-08-20 20:00:00,2204.0,2164.3186
2016-08-20 21:00:00,2148.0,2161.5815
2016-08-20 22:00:00,2015.0,1999.1586
2016-08-20 23:00:00,1873.0,1845.9049
2016-08-21 00:00:00,1732.0,1705.7869
2016-08-21 01:00:00,1637.0,1607.996
2016-08-21 02:00:00,1581.0,1564.1714
2016-08-21 03:00:00,1528.0,1539.3782
2016-08-21 04:00:00,1499.0,1510.8877
2016-08-21 05:00:00,1481.0,1512.5514
2016-08-21 06:00:00,1512.0,1503.7367
2016-08-21 07:00:00,1525.0,1542.3643
2016-08-21 08:00:00,1604.0,1663.7045
2016-08-21 09:00:00,1778.0,1740.5045
2016-08-21 10:00:00,1867.0,1912.0713
2016-08-21 11:00:00,1955.0,1989.7969
2016-08-21 12:00:00,2030.0,2047.9469
2016-08-21 13:00:00,2082.0,2095.8086
2016-08-21 14:00:00,2121.0,2136.5476
2016-08-21 15:00:00,2163.0,2163.088
2016-08-21 16:00:00,2204.0,2217.6785
2016-08-21 17:00:00,2225.0,2232.1863
2016-08-21 18:00:00,2195.0,2204.3955
2016-08-21 19:00:00,2155.0,2154.4434
2016-08-21 20:00:00,2100.0,2135.0205
2016-08-21 21:00:00,2071.0,2064.7131
2016-08-21 22:00:00,1912.0,1946.0654
2016-08-21 23:00:00,1769.0,1773.6808
2016-08-22 00:00:00,1654.0,1635.8938
2016-08-22 01:00:00,1565.0,1567.2882
2016-08-22 02:00:00,1522.0,1509.1643
2016-08-22 03:00:00,1502.0,1484.3386
2016-08-22 04:00:00,1540.0,1513.977
2016-08-22 05:00:00,1643.0,1630.3191
2016-08-22 06:00:00,1818.0,1841.0409
2016-08-22 07:00:00,1905.0,1928.2059
2016-08-22 08:00:00,2018.0,1986.6771
2016-08-22 09:00:00,2125.0,2130.3384
2016-08-22 10:00:00,2215.0,2227.3743
2016-08-22 11:00:00,2275.0,2278.8584
2016-08-22 12:00:00,2351.0,2335.984
2016-08-22 13:00:00,2414.0,2393.7625
2016-08-22 14:00:00,2461.0,2445.0784
2016-08-22 15:00:00,2487.0,2486.3608
2016-08-22 16:00:00,2507.0,2506.619
2016-08-22 17:00:00,2519.0,2511.2988
2016-08-22 18:00:00,2492.0,2481.8271
2016-08-22 19:00:00,2425.0,2428.8945
2016-08-22 20:00:00,2377.0,2381.8557
2016-08-22 21:00:00,2304.0,2339.9978
2016-08-22 22:00:00,2093.0,2122.1587
2016-08-22 23:00:00,1903.0,1908.9668
2016-08-23 00:00:00,1761.0,1750.6359
2016-08-23 01:00:00,1656.0,1654.7975
2016-08-23 02:00:00,1583.0,1581.6053
2016-08-23 03:00:00,1549.0,1554.9734
2016-08-23 04:00:00,1569.0,1556.8134
2016-08-23 05:00:00,1658.0,1669.3567
2016-08-23 06:00:00,1839.0,1849.5314
2016-08-23 07:00:00,1921.0,1943.3447
2016-08-23 08:00:00,2026.0,2016.1781
2016-08-23 09:00:00,2137.0,2135.6418
2016-08-23 10:00:00,2235.0,2253.1726
2016-08-23 11:00:00,2323.0,2318.2395
2016-08-23 12:00:00,2412.0,2398.7158
2016-08-23 13:00:00,2483.0,2499.7712
2016-08-23 14:00:00,2515.0,2535.989
2016-08-23 15:00:00,2546.0,2521.0752
2016-08-23 16:00:00,2617.0,2556.3333
2016-08-23 17:00:00,2654.0,2640.6626
2016-08-23 18:00:00,2624.0,2647.5513
2016-08-23 19:00:00,2525.0,2559.9568
2016-08-23 20:00:00,2492.0,2474.2026
2016-08-23 21:00:00,2400.0,2447.0945
2016-08-23 22:00:00,2203.0,2211.448
2016-08-23 23:00:00,1998.0,1996.1643
2016-08-24 00:00:00,1839.0,1837.2203
2016-08-24 01:00:00,1736.0,1718.9839
2016-08-24 02:00:00,1659.0,1655.7733
2016-08-24 03:00:00,1631.0,1623.6227
2016-08-24 04:00:00,1649.0,1642.8022
2016-08-24 05:00:00,1756.0,1748.0522
2016-08-24 06:00:00,1961.0,1947.6923
2016-08-24 07:00:00,2060.0,2079.2925
2016-08-24 08:00:00,2143.0,2158.7578
2016-08-24 09:00:00,2227.0,2254.0886
2016-08-24 10:00:00,2319.0,2340.849
2016-08-24 11:00:00,2409.0,2406.8376
2016-08-24 12:00:00,2499.0,2503.2344
2016-08-24 13:00:00,2662.0,2580.2305
2016-08-24 14:00:00,2724.0,2740.3977
2016-08-24 15:00:00,2740.0,2775.1243
2016-08-24 16:00:00,2776.0,2772.9985
2016-08-24 17:00:00,2768.0,2772.833
2016-08-24 18:00:00,2730.0,2712.3042
2016-08-24 19:00:00,2664.0,2647.668
2016-08-24 20:00:00,2643.0,2600.7007
2016-08-24 21:00:00,2600.0,2572.261
2016-08-24 22:00:00,2419.0,2401.7163
2016-08-24 23:00:00,2242.0,2193.4597
2016-08-25 00:00:00,2091.0,2052.4749
2016-08-25 01:00:00,1990.0,1960.207
2016-08-25 02:00:00,1911.0,1911.7583
2016-08-25 03:00:00,1878.0,1854.9318
2016-08-25 04:00:00,1905.0,1882.1045
2016-08-25 05:00:00,2024.0,2019.4645
2016-08-25 06:00:00,2250.0,2244.3787
2016-08-25 07:00:00,2382.0,2401.2732
2016-08-25 08:00:00,2462.0,2483.5903
2016-08-25 09:00:00,2577.0,2557.9988
2016-08-25 10:00:00,2721.0,2699.9917
2016-08-25 11:00:00,2855.0,2859.9001
2016-08-25 12:00:00,2988.0,2953.3054
2016-08-25 13:00:00,3124.0,3100.3093
2016-08-25 14:00:00,3207.0,3193.6516
2016-08-25 15:00:00,3252.0,3210.2961
2016-08-25 16:00:00,3284.0,3250.4568
2016-08-25 17:00:00,3265.0,3255.4053
2016-08-25 18:00:00,3193.0,3223.8372
2016-08-25 19:00:00,3100.0,3084.5144
2016-08-25 20:00:00,3054.0,3020.8582
2016-08-25 21:00:00,2930.0,2992.2664
2016-08-25 22:00:00,2705.0,2682.8904
2016-08-25 23:00:00,2455.0,2460.6824
2016-08-26 00:00:00,2275.0,2260.703
2016-08-26 01:00:00,2130.0,2122.9326
2016-08-26 02:00:00,2026.0,2015.9843
2016-08-26 03:00:00,1975.0,1954.0975
2016-08-26 04:00:00,1962.0,1969.4757
2016-08-26 05:00:00,2057.0,2052.978
2016-08-26 06:00:00,2237.0,2241.3716
2016-08-26 07:00:00,2335.0,2374.28
2016-08-26 08:00:00,2455.0,2457.8623
2016-08-26 09:00:00,2611.0,2591.1792
2016-08-26 10:00:00,2758.0,2762.824
2016-08-26 11:00:00,2881.0,2896.8289
2016-08-26 12:00:00,2988.0,2990.2056
2016-08-26 13:00:00,3084.0,3081.9866
2016-08-26 14:00:00,3152.0,3144.515
2016-08-26 15:00:00,3191.0,3176.9238
2016-08-26 16:00:00,3215.0,3152.858
2016-08-26 17:00:00,3175.0,3198.0151
2016-08-26 18:00:00,3093.0,3089.4763
2016-08-26 19:00:00,2961.0,2967.7388
2016-08-26 20:00:00,2868.0,2860.1733
2016-08-26 21:00:00,2709.0,2797.6414
2016-08-26 22:00:00,2495.0,2493.5723
2016-08-26 23:00:00,2283.0,2263.7515
2016-08-27 00:00:00,2091.0,2075.5408
2016-08-27 01:00:00,1945.0,1936.9176
2016-08-27 02:00:00,1837.0,1833.4652
2016-08-27 03:00:00,1776.0,1761.326
2016-08-27 04:00:00,1744.0,1762.2866
2016-08-27 05:00:00,1757.0,1772.2686
2016-08-27 06:00:00,1820.0,1803.9379
2016-08-27 07:00:00,1864.0,1887.0784
2016-08-27 08:00:00,2004.0,2009.7319
2016-08-27 09:00:00,2198.0,2145.6064
2016-08-27 10:00:00,2415.0,2339.9463
2016-08-27 11:00:00,2609.0,2542.3877
2016-08-27 12:00:00,2761.0,2720.9248
2016-08-27 13:00:00,2872.0,2847.7559
2016-08-27 14:00:00,2877.0,2940.1191
2016-08-27 15:00:00,2611.0,2872.245
2016-08-27 16:00:00,2468.0,2514.182
2016-08-27 17:00:00,2474.0,2360.1904
2016-08-27 18:00:00,2461.0,2399.4768
2016-08-27 19:00:00,2416.0,2374.2427
2016-08-27 20:00:00,2390.0,2346.5151
2016-08-27 21:00:00,2319.0,2335.87
2016-08-27 22:00:00,2175.0,2153.3313
2016-08-27 23:00:00,2002.0,1966.0872
2016-08-28 00:00:00,1857.0,1829.8052
2016-08-28 01:00:00,1730.0,1730.6827
2016-08-28 02:00:00,1653.0,1644.279
2016-08-28 03:00:00,1606.0,1599.8484
2016-08-28 04:00:00,1565.0,1585.3699
2016-08-28 05:00:00,1562.0,1577.4352
2016-08-28 06:00:00,1595.0,1586.2317
2016-08-28 07:00:00,1608.0,1639.7089
2016-08-28 08:00:00,1773.0,1734.0238
2016-08-28 09:00:00,2001.0,1938.6041
2016-08-28 10:00:00,2197.0,2164.9434
2016-08-28 11:00:00,2389.0,2372.9778
2016-08-28 12:00:00,2537.0,2517.7646
2016-08-28 13:00:00,2669.0,2639.5437
2016-08-28 14:00:00,2766.0,2752.4446
2016-08-28 15:00:00,2850.0,2804.2334
2016-08-28 16:00:00,2906.0,2865.0571
2016-08-28 17:00:00,2938.0,2934.542
2016-08-28 18:00:00,2873.0,2904.5542
2016-08-28 19:00:00,2734.0,2788.71
2016-08-28 20:00:00,2625.0,2657.7273
2016-08-28 21:00:00,2485.0,2598.7878
2016-08-28 22:00:00,2307.0,2322.04
2016-08-28 23:00:00,2123.0,2120.7559
2016-08-29 00:00:00,1967.0,1962.1439
2016-08-29 01:00:00,1856.0,1851.1058
2016-08-29 02:00:00,1773.0,1775.0715
2016-08-29 03:00:00,1735.0,1729.602
2016-08-29 04:00:00,1744.0,1737.7496
2016-08-29 05:00:00,1870.0,1831.2754
2016-08-29 06:00:00,2087.0,2076.217
2016-08-29 07:00:00,2198.0,2221.4382
2016-08-29 08:00:00,2327.0,2324.8027
2016-08-29 09:00:00,2493.0,2480.557
2016-08-29 10:00:00,2661.0,2654.1833
2016-08-29 11:00:00,2808.0,2783.9292
2016-08-29 12:00:00,2945.0,2945.2986
2016-08-29 13:00:00,3084.0,3037.1558
2016-08-29 14:00:00,3159.0,3170.8545
2016-08-29 15:00:00,3183.0,3193.338
2016-08-29 16:00:00,3224.0,3172.362
2016-08-29 17:00:00,3214.0,3228.5522
2016-08-29 18:00:00,3161.0,3131.963
2016-08-29 19:00:00,3043.0,3072.41
2016-08-29 20:00:00,3001.0,2980.733
2016-08-29 21:00:00,2854.0,2914.7913
2016-08-29 22:00:00,2600.0,2633.5002
2016-08-29 23:00:00,2344.0,2349.7822
2016-08-30 00:00:00,2156.0,2152.7593
2016-08-30 01:00:00,1998.0,2016.3303
2016-08-30 02:00:00,1882.0,1898.8339
2016-08-30 03:00:00,1816.0,1812.7148
2016-08-30 04:00:00,1800.0,1810.7871
2016-08-30 05:00:00,1894.0,1897.6047
2016-08-30 06:00:00,2088.0,2074.0273
2016-08-30 07:00:00,2182.0,2210.6865
2016-08-30 08:00:00,2286.0,2305.7268
2016-08-30 09:00:00,2424.0,2412.9304
2016-08-30 10:00:00,2583.0,2566.8235
2016-08-30 11:00:00,2744.0,2714.4
2016-08-30 12:00:00,2879.0,2874.839
2016-08-30 13:00:00,3019.0,2987.3745
2016-08-30 14:00:00,3101.0,3070.8596
2016-08-30 15:00:00,3147.0,3124.0286
2016-08-30 16:00:00,3176.0,3199.1392
2016-08-30 17:00:00,3181.0,3168.107
2016-08-30 18:00:00,3123.0,3108.204
2016-08-30 19:00:00,2972.0,2995.9111
2016-08-30 20:00:00,2920.0,2889.6284
2016-08-30 21:00:00,2770.0,2833.233
2016-08-30 22:00:00,2524.0,2537.2388
2016-08-30 23:00:00,2311.0,2281.6663
2016-08-31 00:00:00,2140.0,2117.3723
2016-08-31 01:00:00,2012.0,2003.6609
2016-08-31 02:00:00,1910.0,1921.9763
2016-08-31 03:00:00,1854.0,1847.1543
2016-08-31 04:00:00,1850.0,1849.0594
2016-08-31 05:00:00,1962.0,1930.8188
2016-08-31 06:00:00,2187.0,2166.17
2016-08-31 07:00:00,2301.0,2307.604
2016-08-31 08:00:00,2357.0,2403.912
2016-08-31 09:00:00,2482.0,2468.0505
2016-08-31 10:00:00,2636.0,2619.919
2016-08-31 11:00:00,2748.0,2778.9287
2016-08-31 12:00:00,2879.0,2864.1362
2016-08-31 13:00:00,2960.0,2962.3833
2016-08-31 14:00:00,2945.0,3005.6584
2016-08-31 15:00:00,2928.0,2951.6548
2016-08-31 16:00:00,2888.0,2886.7769
2016-08-31 17:00:00,2853.0,2843.9114
2016-08-31 18:00:00,2763.0,2777.1475
2016-08-31 19:00:00,2609.0,2675.382
2016-08-31 20:00:00,2697.0,2546.9324
2016-08-31 21:00:00,2598.0,2625.2515
2016-08-31 22:00:00,2381.0,2388.0264
2016-08-31 23:00:00,2172.0,2156.9014
2016-09-01 00:00:00,2016.0,1999.032
2016-09-01 01:00:00,1894.0,1890.538
2016-09-01 02:00:00,1796.0,1806.6464
2016-09-01 03:00:00,1743.0,1757.9504
2016-09-01 04:00:00,1743.0,1743.0753
2016-09-01 05:00:00,1833.0,1811.7498
2016-09-01 06:00:00,2019.0,1995.745
2016-09-01 07:00:00,2077.0,2138.4453
2016-09-01 08:00:00,2135.0,2159.8718
2016-09-01 09:00:00,2213.0,2234.8083
2016-09-01 10:00:00,2307.0,2307.8809
2016-09-01 11:00:00,2361.0,2398.4495
2016-09-01 12:00:00,2410.0,2437.8564
2016-09-01 13:00:00,2435.0,2467.4128
2016-09-01 14:00:00,2441.0,2444.4993
2016-09-01 15:00:00,2428.0,2415.497
2016-09-01 16:00:00,2418.0,2407.5676
2016-09-01 17:00:00,2409.0,2380.6663
2016-09-01 18:00:00,2348.0,2350.8083
2016-09-01 19:00:00,2269.0,2282.7969
2016-09-01 20:00:00,2265.0,2246.8542
2016-09-01 21:00:00,2191.0,2192.5015
2016-09-01 22:00:00,2011.0,2013.8304
2016-09-01 23:00:00,1831.0,1827.3187
2016-09-02 00:00:00,1690.0,1704.4015
2016-09-02 01:00:00,1610.0,1587.3458
2016-09-02 02:00:00,1544.0,1543.9873
2016-09-02 03:00:00,1510.0,1510.7058
2016-09-02 04:00:00,1527.0,1515.3193
2016-09-02 05:00:00,1612.0,1619.9478
2016-09-02 06:00:00,1805.0,1756.7528
2016-09-02 07:00:00,1888.0,1896.5917
2016-09-02 08:00:00,1954.0,1957.4296
2016-09-02 09:00:00,2049.0,2032.327
2016-09-02 10:00:00,2132.0,2131.219
2016-09-02 11:00:00,2175.0,2174.116
2016-09-02 12:00:00,2225.0,2217.6018
2016-09-02 13:00:00,2260.0,2259.9631
2016-09-02 14:00:00,2277.0,2268.5698
2016-09-02 15:00:00,2269.0,2269.0251
2016-09-02 16:00:00,2289.0,2273.7527
2016-09-02 17:00:00,2271.0,2258.1072
2016-09-02 18:00:00,2202.0,2205.2139
2016-09-02 19:00:00,2101.0,2136.171
2016-09-02 20:00:00,2075.0,2059.9868
2016-09-02 21:00:00,2006.0,2009.074
2016-09-02 22:00:00,1853.0,1863.4989
2016-09-02 23:00:00,1673.0,1689.9521
2016-09-03 00:00:00,1530.0,1534.9811
2016-09-03 01:00:00,1428.0,1432.6469
2016-09-03 02:00:00,1366.0,1368.9092
2016-09-03 03:00:00,1337.0,1332.413
2016-09-03 04:00:00,1323.0,1319.689
2016-09-03 05:00:00,1341.0,1344.7446
2016-09-03 06:00:00,1368.0,1401.0027
2016-09-03 07:00:00,1404.0,1418.8059
2016-09-03 08:00:00,1483.0,1495.4664
2016-09-03 09:00:00,1594.0,1579.113
2016-09-03 10:00:00,1698.0,1692.4009
2016-09-03 11:00:00,1775.0,1755.7523
2016-09-03 12:00:00,1840.0,1825.2463
2016-09-03 13:00:00,1896.0,1873.1974
2016-09-03 14:00:00,1945.0,1938.1874
2016-09-03 15:00:00,1985.0,1976.9984
2016-09-03 16:00:00,2047.0,2011.9071
2016-09-03 17:00:00,2077.0,2064.1929
2016-09-03 18:00:00,2050.0,2051.9077
2016-09-03 19:00:00,1973.0,2015.5282
2016-09-03 20:00:00,1944.0,1969.1074
2016-09-03 21:00:00,1871.0,1903.0679
2016-09-03 22:00:00,1736.0,1751.5776
2016-09-03 23:00:00,1595.0,1589.0721
2016-09-04 00:00:00,1482.0,1470.2894
2016-09-04 01:00:00,1396.0,1388.3787
2016-09-04 02:00:00,1336.0,1343.062
2016-09-04 03:00:00,1300.0,1296.9591
2016-09-04 04:00:00,1277.0,1282.4093
2016-09-04 05:00:00,1293.0,1282.1129
2016-09-04 06:00:00,1315.0,1330.5242
2016-09-04 07:00:00,1334.0,1329.8634
2016-09-04 08:00:00,1430.0,1427.8019
2016-09-04 09:00:00,1548.0,1514.9104
2016-09-04 10:00:00,1654.0,1632.3027
2016-09-04 11:00:00,1772.0,1725.985
2016-09-04 12:00:00,1859.0,1864.1943
2016-09-04 13:00:00,1941.0,1927.016
2016-09-04 14:00:00,2018.0,1994.9565
2016-09-04 15:00:00,2098.0,2090.5315
2016-09-04 16:00:00,2164.0,2180.6206
2016-09-04 17:00:00,2198.0,2221.504
2016-09-04 18:00:00,2173.0,2198.2095
2016-09-04 19:00:00,2070.0,2142.76
2016-09-04 20:00:00,2007.0,2070.179
2016-09-04 21:00:00,1924.0,1939.8212
2016-09-04 22:00:00,1783.0,1810.4396
2016-09-04 23:00:00,1631.0,1646.7448
2016-09-05 00:00:00,1516.0,1524.8722
2016-09-05 01:00:00,1428.0,1431.6128
2016-09-05 02:00:00,1371.0,1382.4161
2016-09-05 03:00:00,1332.0,1342.472
2016-09-05 04:00:00,1320.0,1324.2468
2016-09-05 05:00:00,1333.0,1346.3816
2016-09-05 06:00:00,1371.0,1357.2566
2016-09-05 07:00:00,1372.0,1380.5581
2016-09-05 08:00:00,1471.0,1453.2534
2016-09-05 09:00:00,1617.0,1588.9796
2016-09-05 10:00:00,1791.0,1753.1018
2016-09-05 11:00:00,1954.0,1864.801
2016-09-05 12:00:00,2117.0,2056.458
2016-09-05 13:00:00,2239.0,2211.3215
2016-09-05 14:00:00,2353.0,2340.485
2016-09-05 15:00:00,2464.0,2431.6763
2016-09-05 16:00:00,2544.0,2541.0764
2016-09-05 17:00:00,2588.0,2612.3445
2016-09-05 18:00:00,2580.0,2575.9897
2016-09-05 19:00:00,2504.0,2513.58
2016-09-05 20:00:00,2483.0,2495.8774
2016-09-05 21:00:00,2392.0,2392.382
2016-09-05 22:00:00,2186.0,2194.6382
2016-09-05 23:00:00,2017.0,1980.3218
2016-09-06 00:00:00,1877.0,1863.7207
2016-09-06 01:00:00,1776.0,1754.5541
2016-09-06 02:00:00,1697.0,1709.4252
2016-09-06 03:00:00,1664.0,1657.7887
2016-09-06 04:00:00,1672.0,1666.0374
2016-09-06 05:00:00,1792.0,1759.445
2016-09-06 06:00:00,2022.0,1994.6243
2016-09-06 07:00:00,2143.0,2172.427
2016-09-06 08:00:00,2271.0,2249.3538
2016-09-06 09:00:00,2453.0,2404.1858
2016-09-06 10:00:00,2634.0,2640.183
2016-09-06 11:00:00,2808.0,2783.288
2016-09-06 12:00:00,2965.0,2968.298
2016-09-06 13:00:00,3072.0,3060.1306
2016-09-06 14:00:00,3143.0,3190.9697
2016-09-06 15:00:00,3187.0,3197.0217
2016-09-06 16:00:00,3218.0,3173.799
2016-09-06 17:00:00,3215.0,3222.754
2016-09-06 18:00:00,3149.0,3234.2278
2016-09-06 19:00:00,3025.0,3102.8838
2016-09-06 20:00:00,2972.0,2990.1262
2016-09-06 21:00:00,2831.0,2836.4683
2016-09-06 22:00:00,2595.0,2625.2988
2016-09-06 23:00:00,2363.0,2362.2754
2016-09-07 00:00:00,2201.0,2173.7593
2016-09-07 01:00:00,2066.0,2041.59
2016-09-07 02:00:00,1968.0,1959.4417
2016-09-07 03:00:00,1911.0,1898.7792
2016-09-07 04:00:00,1917.0,1899.7946
2016-09-07 05:00:00,2025.0,2029.4462
2016-09-07 06:00:00,2221.0,2244.0647
2016-09-07 07:00:00,2325.0,2355.1543
2016-09-07 08:00:00,2433.0,2415.0435
2016-09-07 09:00:00,2577.0,2537.776
2016-09-07 10:00:00,2767.0,2719.6492
2016-09-07 11:00:00,2935.0,2904.0344
2016-09-07 12:00:00,3074.0,3073.3726
2016-09-07 13:00:00,3177.0,3207.0793
2016-09-07 14:00:00,3260.0,3246.0122
2016-09-07 15:00:00,3271.0,3266.6902
2016-09-07 16:00:00,3277.0,3258.2585
2016-09-07 17:00:00,3283.0,3248.509
2016-09-07 18:00:00,3229.0,3187.894
2016-09-07 19:00:00,3127.0,3157.8035
2016-09-07 20:00:00,3089.0,3045.161
2016-09-07 21:00:00,2931.0,2969.6152
2016-09-07 22:00:00,2692.0,2709.065
2016-09-07 23:00:00,2472.0,2436.9512
2016-09-08 00:00:00,2293.0,2267.44
2016-09-08 01:00:00,2171.0,2136.0874
2016-09-08 02:00:00,2065.0,2058.7458
2016-09-08 03:00:00,2014.0,2009.8666
2016-09-08 04:00:00,2009.0,1994.6473
2016-09-08 05:00:00,2107.0,2089.363
2016-09-08 06:00:00,2327.0,2295.4602
2016-09-08 07:00:00,2429.0,2464.9868
2016-09-08 08:00:00,2487.0,2544.361
2016-09-08 09:00:00,2595.0,2578.9658
2016-09-08 10:00:00,2746.0,2707.6746
2016-09-08 11:00:00,2865.0,2863.2185
2016-09-08 12:00:00,3012.0,2989.9746
2016-09-08 13:00:00,3109.0,3088.2551
2016-09-08 14:00:00,3152.0,3156.466
2016-09-08 15:00:00,3175.0,3194.8123
2016-09-08 16:00:00,3190.0,3169.1406
2016-09-08 17:00:00,3153.0,3139.53
2016-09-08 18:00:00,3042.0,3091.021
2016-09-08 19:00:00,2909.0,2965.105
2016-09-08 20:00:00,2835.0,2861.9011
2016-09-08 21:00:00,2685.0,2742.0142
2016-09-08 22:00:00,2493.0,2473.8386
2016-09-08 23:00:00,2297.0,2263.2107
2016-09-09 00:00:00,2136.0,2114.545
2016-09-09 01:00:00,2008.0,1996.0312
2016-09-09 02:00:00,1916.0,1909.0251
2016-09-09 03:00:00,1872.0,1853.0094
2016-09-09 04:00:00,1884.0,1870.7032
2016-09-09 05:00:00,1987.0,1981.6802
2016-09-09 06:00:00,2211.0,2173.1714
2016-09-09 07:00:00,2320.0,2333.969
2016-09-09 08:00:00,2368.0,2406.8416
2016-09-09 09:00:00,2438.0,2440.238
2016-09-09 10:00:00,2532.0,2505.8564
2016-09-09 11:00:00,2628.0,2596.4248
2016-09-09 12:00:00,2751.0,2715.9087
2016-09-09 13:00:00,2865.0,2836.3726
2016-09-09 14:00:00,2930.0,2936.5383
2016-09-09 15:00:00,2959.0,2912.4268
2016-09-09 16:00:00,3000.0,2930.0889
2016-09-09 17:00:00,2969.0,2927.7793
2016-09-09 18:00:00,2859.0,2858.7656
2016-09-09 19:00:00,2732.0,2724.2727
2016-09-09 20:00:00,2703.0,2651.647
2016-09-09 21:00:00,2601.0,2590.2783
2016-09-09 22:00:00,2422.0,2411.3267
2016-09-09 23:00:00,2234.0,2208.7432
2016-09-10 00:00:00,2064.0,2038.6001
2016-09-10 01:00:00,1940.0,1909.698
2016-09-10 02:00:00,1880.0,1839.1057
2016-09-10 03:00:00,1839.0,1819.7041
2016-09-10 04:00:00,1822.0,1836.5394
2016-09-10 05:00:00,1828.0,1862.6227
2016-09-10 06:00:00,1885.0,1897.5983
2016-09-10 07:00:00,1922.0,1964.5082
2016-09-10 08:00:00,2057.0,2013.1844
2016-09-10 09:00:00,2202.0,2170.4143
2016-09-10 10:00:00,2341.0,2306.8186
2016-09-10 11:00:00,2462.0,2434.9573
2016-09-10 12:00:00,2553.0,2541.0393
2016-09-10 13:00:00,2616.0,2637.0913
2016-09-10 14:00:00,2654.0,2643.0005
2016-09-10 15:00:00,2582.0,2664.728
2016-09-10 16:00:00,2413.0,2545.2776
2016-09-10 17:00:00,2292.0,2334.528
2016-09-10 18:00:00,2193.0,2158.3843
2016-09-10 19:00:00,2094.0,2099.7905
2016-09-10 20:00:00,2087.0,2076.151
2016-09-10 21:00:00,2017.0,2056.273
2016-09-10 22:00:00,1855.0,1884.5249
2016-09-10 23:00:00,1693.0,1710.0059
2016-09-11 00:00:00,1561.0,1551.7845
2016-09-11 01:00:00,1468.0,1465.501
2016-09-11 02:00:00,1411.0,1414.2673
2016-09-11 03:00:00,1362.0,1372.6412
2016-09-11 04:00:00,1340.0,1340.0251
2016-09-11 05:00:00,1354.0,1343.2609
2016-09-11 06:00:00,1383.0,1372.95
2016-09-11 07:00:00,1398.0,1429.5955
2016-09-11 08:00:00,1493.0,1504.5767
2016-09-11 09:00:00,1585.0,1601.0481
2016-09-11 10:00:00,1660.0,1684.4558
2016-09-11 11:00:00,1724.0,1720.2917
2016-09-11 12:00:00,1787.0,1769.2499
2016-09-11 13:00:00,1835.0,1804.8501
2016-09-11 14:00:00,1878.0,1869.9827
2016-09-11 15:00:00,1920.0,1889.5056
2016-09-11 16:00:00,1987.0,1952.5251
2016-09-11 17:00:00,2046.0,2029.7356
2016-09-11 18:00:00,2042.0,2049.794
2016-09-11 19:00:00,1992.0,2022.7473
2016-09-11 20:00:00,2008.0,1996.2557
2016-09-11 21:00:00,1921.0,1977.4403
2016-09-11 22:00:00,1785.0,1808.1697
2016-09-11 23:00:00,1663.0,1655.658
2016-09-12 00:00:00,1570.0,1560.5732
2016-09-12 01:00:00,1509.0,1494.4182
2016-09-12 02:00:00,1464.0,1457.1631
2016-09-12 03:00:00,1452.0,1439.2057
2016-09-12 04:00:00,1483.0,1460.3359
2016-09-12 05:00:00,1589.0,1576.9132
2016-09-12 06:00:00,1779.0,1780.495
2016-09-12 07:00:00,1863.0,1918.5425
2016-09-12 08:00:00,1923.0,1943.9481
2016-09-12 09:00:00,2007.0,1983.7084
2016-09-12 10:00:00,2128.0,2090.5757
2016-09-12 11:00:00,2168.0,2205.151
2016-09-12 12:00:00,2232.0,2222.7295
2016-09-12 13:00:00,2293.0,2275.0674
2016-09-12 14:00:00,2364.0,2335.0422
2016-09-12 15:00:00,2398.0,2394.4932
2016-09-12 16:00:00,2446.0,2428.034
2016-09-12 17:00:00,2490.0,2459.7734
2016-09-12 18:00:00,2453.0,2491.3213
2016-09-12 19:00:00,2385.0,2405.7751
2016-09-12 20:00:00,2376.0,2381.5078
2016-09-12 21:00:00,2223.0,2295.2422
2016-09-12 22:00:00,2021.0,2030.2865
2016-09-12 23:00:00,1842.0,1838.9092
2016-09-13 00:00:00,1702.0,1706.0991
2016-09-13 01:00:00,1617.0,1605.9993
2016-09-13 02:00:00,1547.0,1560.7302
2016-09-13 03:00:00,1516.0,1520.3354
2016-09-13 04:00:00,1535.0,1518.2019
2016-09-13 05:00:00,1631.0,1631.8992
2016-09-13 06:00:00,1833.0,1830.7706
2016-09-13 07:00:00,1919.0,1931.6096
2016-09-13 08:00:00,1988.0,1991.3009
2016-09-13 09:00:00,2080.0,2080.627
2016-09-13 10:00:00,2177.0,2192.0642
2016-09-13 11:00:00,2252.0,2258.2134
2016-09-13 12:00:00,2335.0,2326.1272
2016-09-13 13:00:00,2429.0,2402.5781
2016-09-13 14:00:00,2501.0,2501.2236
2016-09-13 15:00:00,2543.0,2553.4692
2016-09-13 16:00:00,2594.0,2574.0056
2016-09-13 17:00:00,2620.0,2605.0593
2016-09-13 18:00:00,2581.0,2587.144
2016-09-13 19:00:00,2488.0,2518.7947
2016-09-13 20:00:00,2481.0,2483.886
2016-09-13 21:00:00,2334.0,2384.8147
2016-09-13 22:00:00,2131.0,2144.7268
2016-09-13 23:00:00,1945.0,1916.8344
2016-09-14 00:00:00,1803.0,1795.521
2016-09-14 01:00:00,1700.0,1692.9188
2016-09-14 02:00:00,1625.0,1629.6221
2016-09-14 03:00:00,1598.0,1579.536
2016-09-14 04:00:00,1606.0,1609.4458
2016-09-14 05:00:00,1726.0,1706.5518
2016-09-14 06:00:00,1922.0,1941.4596
2016-09-14 07:00:00,2027.0,2037.1948
2016-09-14 08:00:00,2085.0,2105.4365
2016-09-14 09:00:00,2178.0,2183.7786
2016-09-14 10:00:00,2267.0,2300.8591
2016-09-14 11:00:00,2339.0,2340.8716
2016-09-14 12:00:00,2435.0,2428.7014
2016-09-14 13:00:00,2460.0,2516.468
2016-09-14 14:00:00,2491.0,2479.273
2016-09-14 15:00:00,2549.0,2489.7134
2016-09-14 16:00:00,2606.0,2553.4478
2016-09-14 17:00:00,2595.0,2622.6343
2016-09-14 18:00:00,2549.0,2542.5088
2016-09-14 19:00:00,2444.0,2473.9065
2016-09-14 20:00:00,2440.0,2423.8481
2016-09-14 21:00:00,2308.0,2346.1406
2016-09-14 22:00:00,2110.0,2120.9124
2016-09-14 23:00:00,1925.0,1916.8981
2016-09-15 00:00:00,1793.0,1776.2635
2016-09-15 01:00:00,1685.0,1687.4059
2016-09-15 02:00:00,1611.0,1618.8545
2016-09-15 03:00:00,1574.0,1569.1359
2016-09-15 04:00:00,1582.0,1583.158
2016-09-15 05:00:00,1682.0,1677.0013
2016-09-15 06:00:00,1874.0,1859.7767
2016-09-15 07:00:00,1970.0,1984.6521
2016-09-15 08:00:00,2018.0,2060.0159
2016-09-15 09:00:00,2073.0,2098.5178
2016-09-15 10:00:00,2162.0,2160.751
2016-09-15 11:00:00,2200.0,2226.0688
2016-09-15 12:00:00,2257.0,2246.836
2016-09-15 13:00:00,2321.0,2304.699
2016-09-15 14:00:00,2339.0,2357.5647
2016-09-15 15:00:00,2365.0,2356.1587
2016-09-15 16:00:00,2395.0,2375.367
2016-09-15 17:00:00,2409.0,2395.629
2016-09-15 18:00:00,2369.0,2374.5369
2016-09-15 19:00:00,2306.0,2313.735
2016-09-15 20:00:00,2308.0,2297.8967
2016-09-15 21:00:00,2236.0,2220.783
2016-09-15 22:00:00,2046.0,2063.4993
2016-09-15 23:00:00,1858.0,1858.7247
2016-09-16 00:00:00,1699.0,1713.6566
2016-09-16 01:00:00,1616.0,1596.7599
2016-09-16 02:00:00,1540.0,1552.183
2016-09-16 03:00:00,1524.0,1508.9503
2016-09-16 04:00:00,1530.0,1530.3256
2016-09-16 05:00:00,1629.0,1623.6069
2016-09-16 06:00:00,1826.0,1816.6195
2016-09-16 07:00:00,1924.0,1930.4845
2016-09-16 08:00:00,1973.0,1993.1161
2016-09-16 09:00:00,2072.0,2053.1902
2016-09-16 10:00:00,2175.0,2149.914
2016-09-16 11:00:00,2295.0,2247.6345
2016-09-16 12:00:00,2406.0,2377.2617
2016-09-16 13:00:00,2524.0,2501.529
2016-09-16 14:00:00,2620.0,2608.4902
2016-09-16 15:00:00,2703.0,2664.1978
2016-09-16 16:00:00,2770.0,2755.9946
2016-09-16 17:00:00,2735.0,2764.6382
2016-09-16 18:00:00,2626.0,2660.5757
2016-09-16 19:00:00,2518.0,2533.7632
2016-09-16 20:00:00,2450.0,2469.884
2016-09-16 21:00:00,2348.0,2376.5686
2016-09-16 22:00:00,2188.0,2180.5745
2016-09-16 23:00:00,2017.0,1985.6051
2016-09-17 00:00:00,1856.0,1844.6395
2016-09-17 01:00:00,1736.0,1723.7217
2016-09-17 02:00:00,1666.0,1649.0347
2016-09-17 03:00:00,1614.0,1617.1465
2016-09-17 04:00:00,1611.0,1594.7203
2016-09-17 05:00:00,1636.0,1629.278
2016-09-17 06:00:00,1702.0,1718.861
2016-09-17 07:00:00,1772.0,1780.2513
2016-09-17 08:00:00,1878.0,1883.7404
2016-09-17 09:00:00,2007.0,2012.4155
2016-09-17 10:00:00,2094.0,2116.9736
2016-09-17 11:00:00,2165.0,2171.8691
2016-09-17 12:00:00,2156.0,2242.315
2016-09-17 13:00:00,2115.0,2172.4731
2016-09-17 14:00:00,2092.0,2096.4988
2016-09-17 15:00:00,2110.0,2058.2988
2016-09-17 16:00:00,2110.0,2133.9402
2016-09-17 17:00:00,2084.0,2099.114
2016-09-17 18:00:00,2046.0,2043.085
2016-09-17 19:00:00,2020.0,2014.789
2016-09-17 20:00:00,2046.0,2010.4424
2016-09-17 21:00:00,1966.0,2001.5444
2016-09-17 22:00:00,1865.0,1840.3362
2016-09-17 23:00:00,1735.0,1722.047
2016-09-18 00:00:00,1646.0,1616.371
2016-09-18 01:00:00,1559.0,1566.6628
2016-09-18 02:00:00,1508.0,1502.9835
2016-09-18 03:00:00,1476.0,1475.7267
2016-09-18 04:00:00,1468.0,1474.4994
2016-09-18 05:00:00,1467.0,1493.1086
2016-09-18 06:00:00,1509.0,1507.9064
2016-09-18 07:00:00,1549.0,1566.3434
2016-09-18 08:00:00,1649.0,1645.7677
2016-09-18 09:00:00,1781.0,1748.0723
2016-09-18 10:00:00,1902.0,1881.3658
2016-09-18 11:00:00,2028.0,1994.1632
2016-09-18 12:00:00,2144.0,2099.6694
2016-09-18 13:00:00,2229.0,2191.373
2016-09-18 14:00:00,2288.0,2289.8596
2016-09-18 15:00:00,2321.0,2337.7507
2016-09-18 16:00:00,2334.0,2356.8794
2016-09-18 17:00:00,2338.0,2328.5237
2016-09-18 18:00:00,2317.0,2283.7336
2016-09-18 19:00:00,2278.0,2266.2314
2016-09-18 20:00:00,2291.0,2267.721
2016-09-18 21:00:00,2178.0,2236.9321
2016-09-18 22:00:00,2014.0,2039.1268
2016-09-18 23:00:00,1882.0,1858.1367
2016-09-19 00:00:00,1753.0,1750.1401
2016-09-19 01:00:00,1665.0,1661.2772
2016-09-19 02:00:00,1608.0,1605.0789
2016-09-19 03:00:00,1581.0,1581.3157
2016-09-19 04:00:00,1592.0,1593.561
2016-09-19 05:00:00,1714.0,1692.0323
2016-09-19 06:00:00,1918.0,1932.0781
2016-09-19 07:00:00,2017.0,2064.6543
2016-09-19 08:00:00,2081.0,2124.0205
2016-09-19 09:00:00,2183.0,2171.1274
2016-09-19 10:00:00,2319.0,2281.1172
2016-09-19 11:00:00,2413.0,2396.704
2016-09-19 12:00:00,2529.0,2489.8105
2016-09-19 13:00:00,2631.0,2615.8735
2016-09-19 14:00:00,2695.0,2690.9316
2016-09-19 15:00:00,2747.0,2727.0833
2016-09-19 16:00:00,2789.0,2785.0422
2016-09-19 17:00:00,2800.0,2811.8132
2016-09-19 18:00:00,2725.0,2742.6873
2016-09-19 19:00:00,2614.0,2663.674
2016-09-19 20:00:00,2563.0,2603.7961
2016-09-19 21:00:00,2380.0,2465.1396
2016-09-19 22:00:00,2155.0,2189.6387
2016-09-19 23:00:00,1944.0,1958.1575
2016-09-20 00:00:00,1795.0,1805.321
2016-09-20 01:00:00,1687.0,1681.4828
2016-09-20 02:00:00,1608.0,1618.0284
2016-09-20 03:00:00,1574.0,1570.6006
2016-09-20 04:00:00,1588.0,1583.7722
2016-09-20 05:00:00,1687.0,1685.244
2016-09-20 06:00:00,1890.0,1894.264
2016-09-20 07:00:00,1978.0,2003.6991
2016-09-20 08:00:00,2033.0,2057.797
2016-09-20 09:00:00,2139.0,2122.2488
2016-09-20 10:00:00,2264.0,2253.184
2016-09-20 11:00:00,2367.0,2362.5496
2016-09-20 12:00:00,2481.0,2458.6858
2016-09-20 13:00:00,2614.0,2562.8525
2016-09-20 14:00:00,2717.0,2701.7136
2016-09-20 15:00:00,2784.0,2771.4167
2016-09-20 16:00:00,2852.0,2821.0496
2016-09-20 17:00:00,2851.0,2857.92
2016-09-20 18:00:00,2779.0,2794.8357
2016-09-20 19:00:00,2680.0,2702.974
2016-09-20 20:00:00,2627.0,2655.046
2016-09-20 21:00:00,2446.0,2545.1973
2016-09-20 22:00:00,2212.0,2242.834
2016-09-20 23:00:00,2001.0,2008.5474
2016-09-21 00:00:00,1852.0,1847.611
2016-09-21 01:00:00,1742.0,1736.6763
2016-09-21 02:00:00,1655.0,1672.2599
2016-09-21 03:00:00,1615.0,1615.0232
2016-09-21 04:00:00,1627.0,1635.7936
2016-09-21 05:00:00,1730.0,1711.9974
2016-09-21 06:00:00,1931.0,1959.7372
2016-09-21 07:00:00,2043.0,2051.7356
2016-09-21 08:00:00,2077.0,2133.2546
2016-09-21 09:00:00,2190.0,2161.0984
2016-09-21 10:00:00,2315.0,2297.7039
2016-09-21 11:00:00,2437.0,2419.8228
2016-09-21 12:00:00,2565.0,2543.4138
2016-09-21 13:00:00,2702.0,2678.0408
2016-09-21 14:00:00,2791.0,2785.4858
2016-09-21 15:00:00,2864.0,2846.9214
2016-09-21 16:00:00,2913.0,2915.3772
2016-09-21 17:00:00,2911.0,2921.7202
2016-09-21 18:00:00,2845.0,2835.7617
2016-09-21 19:00:00,2728.0,2752.4202
2016-09-21 20:00:00,2669.0,2686.163
2016-09-21 21:00:00,2494.0,2587.8606
2016-09-21 22:00:00,2265.0,2283.9133
2016-09-21 23:00:00,2058.0,2041.3357
2016-09-22 00:00:00,1882.0,1897.0452
2016-09-22 01:00:00,1774.0,1759.9167
2016-09-22 02:00:00,1684.0,1692.2725
2016-09-22 03:00:00,1638.0,1638.9039
2016-09-22 04:00:00,1646.0,1653.1659
2016-09-22 05:00:00,1737.0,1743.4332
2016-09-22 06:00:00,1954.0,1935.3965
2016-09-22 07:00:00,2036.0,2073.1765
2016-09-22 08:00:00,2105.0,2120.1494
2016-09-22 09:00:00,2215.0,2203.1055
2016-09-22 10:00:00,2351.0,2341.4346
2016-09-22 11:00:00,2477.0,2472.314
2016-09-22 12:00:00,2605.0,2596.794
2016-09-22 13:00:00,2742.0,2718.49
2016-09-22 14:00:00,2840.0,2835.3547
2016-09-22 15:00:00,2891.0,2883.4402
2016-09-22 16:00:00,2931.0,2894.7021
2016-09-22 17:00:00,2935.0,2938.2227
2016-09-22 18:00:00,2851.0,2896.7168
2016-09-22 19:00:00,2749.0,2759.0088
2016-09-22 20:00:00,2702.0,2716.6414
2016-09-22 21:00:00,2540.0,2611.415
2016-09-22 22:00:00,2323.0,2305.958
2016-09-22 23:00:00,2115.0,2093.0112
2016-09-23 00:00:00,1945.0,1944.7466
2016-09-23 01:00:00,1831.0,1820.6707
2016-09-23 02:00:00,1751.0,1747.6633
2016-09-23 03:00:00,1707.0,1710.6875
2016-09-23 04:00:00,1714.0,1710.3617
2016-09-23 05:00:00,1814.0,1803.4565
2016-09-23 06:00:00,2007.0,2023.4878
2016-09-23 07:00:00,2122.0,2124.675
2016-09-23 08:00:00,2180.0,2213.9243
2016-09-23 09:00:00,2306.0,2303.113
2016-09-23 10:00:00,2461.0,2447.207
2016-09-23 11:00:00,2589.0,2599.7012
2016-09-23 12:00:00,2726.0,2713.1833
2016-09-23 13:00:00,2860.0,2836.9578
2016-09-23 14:00:00,2941.0,2936.961
2016-09-23 15:00:00,2979.0,2978.2856
2016-09-23 16:00:00,2994.0,2997.8027
2016-09-23 17:00:00,2957.0,2938.6362
2016-09-23 18:00:00,2840.0,2850.0557
2016-09-23 19:00:00,2720.0,2738.0032
2016-09-23 20:00:00,2662.0,2653.8652
2016-09-23 21:00:00,2503.0,2565.3667
2016-09-23 22:00:00,2332.0,2287.2217
2016-09-23 23:00:00,2117.0,2109.6035
2016-09-24 00:00:00,1928.0,1928.1346
2016-09-24 01:00:00,1803.0,1780.3308
2016-09-24 02:00:00,1703.0,1709.0912
2016-09-24 03:00:00,1655.0,1636.4475
2016-09-24 04:00:00,1638.0,1632.7517
2016-09-24 05:00:00,1658.0,1671.6775
2016-09-24 06:00:00,1721.0,1741.2152
2016-09-24 07:00:00,1799.0,1795.1261
2016-09-24 08:00:00,1852.0,1906.4857
2016-09-24 09:00:00,1941.0,1991.4116
2016-09-24 10:00:00,1988.0,2045.3281
2016-09-24 11:00:00,2016.0,2067.291
2016-09-24 12:00:00,2042.0,2063.5273
2016-09-24 13:00:00,2091.0,2071.4028
2016-09-24 14:00:00,2145.0,2130.2336
2016-09-24 15:00:00,2201.0,2190.7454
2016-09-24 16:00:00,2263.0,2238.7534
2016-09-24 17:00:00,2273.0,2285.207
2016-09-24 18:00:00,2229.0,2231.7588
2016-09-24 19:00:00,2146.0,2181.6448
2016-09-24 20:00:00,2127.0,2122.237
2016-09-24 21:00:00,2014.0,2048.4468
2016-09-24 22:00:00,1869.0,1876.4205
2016-09-24 23:00:00,1711.0,1716.1621
2016-09-25 00:00:00,1576.0,1580.2336
2016-09-25 01:00:00,1482.0,1482.178
2016-09-25 02:00:00,1415.0,1419.5851
2016-09-25 03:00:00,1375.0,1375.6223
2016-09-25 04:00:00,1344.0,1360.8768
2016-09-25 05:00:00,1362.0,1368.3678
2016-09-25 06:00:00,1395.0,1381.2556
2016-09-25 07:00:00,1423.0,1447.1044
2016-09-25 08:00:00,1502.0,1522.5863
2016-09-25 09:00:00,1614.0,1617.7169
2016-09-25 10:00:00,1717.0,1719.6515
2016-09-25 11:00:00,1839.0,1793.6416
2016-09-25 12:00:00,1955.0,1931.8439
2016-09-25 13:00:00,2060.0,2049.2686
2016-09-25 14:00:00,2177.0,2150.7046
2016-09-25 15:00:00,2265.0,2269.759
2016-09-25 16:00:00,2351.0,2351.6536
2016-09-25 17:00:00,2399.0,2407.529
2016-09-25 18:00:00,2378.0,2389.6812
2016-09-25 19:00:00,2345.0,2322.556
2016-09-25 20:00:00,2337.0,2309.762
2016-09-25 21:00:00,2200.0,2247.8684
2016-09-25 22:00:00,2043.0,2047.1881
2016-09-25 23:00:00,1896.0,1868.1493
2016-09-26 00:00:00,1769.0,1760.9751
2016-09-26 01:00:00,1684.0,1671.2648
2016-09-26 02:00:00,1634.0,1633.099
2016-09-26 03:00:00,1620.0,1610.2456
2016-09-26 04:00:00,1655.0,1635.1876
2016-09-26 05:00:00,1778.0,1771.8477
2016-09-26 06:00:00,2000.0,2010.2983
2016-09-26 07:00:00,2130.0,2144.6853
2016-09-26 08:00:00,2131.0,2219.152
2016-09-26 09:00:00,2135.0,2195.7612
2016-09-26 10:00:00,2148.0,2180.465
2016-09-26 11:00:00,2145.0,2179.4675
2016-09-26 12:00:00,2131.0,2161.128
2016-09-26 13:00:00,2129.0,2128.7007
2016-09-26 14:00:00,2123.0,2119.092
2016-09-26 15:00:00,2102.0,2100.805
2016-09-26 16:00:00,2084.0,2105.7258
2016-09-26 17:00:00,2065.0,2088.3552
2016-09-26 18:00:00,2041.0,2057.5698
2016-09-26 19:00:00,2033.0,2032.257
2016-09-26 20:00:00,2058.0,2048.3743
2016-09-26 21:00:00,1935.0,2002.2726
2016-09-26 22:00:00,1791.0,1793.1508
2016-09-26 23:00:00,1668.0,1646.1677
2016-09-27 00:00:00,1574.0,1567.411
2016-09-27 01:00:00,1510.0,1508.7201
2016-09-27 02:00:00,1464.0,1466.7178
2016-09-27 03:00:00,1442.0,1441.0323
2016-09-27 04:00:00,1460.0,1462.6656
2016-09-27 05:00:00,1568.0,1548.6267
2016-09-27 06:00:00,1769.0,1765.9724
2016-09-27 07:00:00,1871.0,1872.551
2016-09-27 08:00:00,1895.0,1897.1714
2016-09-27 09:00:00,1939.0,1931.3695
2016-09-27 10:00:00,1990.0,1978.796
2016-09-27 11:00:00,2022.0,2016.7546
2016-09-27 12:00:00,2045.0,2036.1641
2016-09-27 13:00:00,2077.0,2057.2314
2016-09-27 14:00:00,2077.0,2088.14
2016-09-27 15:00:00,2080.0,2062.1375
2016-09-27 16:00:00,2079.0,2087.6003
2016-09-27 17:00:00,2057.0,2078.4707
2016-09-27 18:00:00,2028.0,2030.9197
2016-09-27 19:00:00,2050.0,2021.3945
2016-09-27 20:00:00,2066.0,2088.7356
2016-09-27 21:00:00,1969.0,2000.7494
2016-09-27 22:00:00,1830.0,1822.798
2016-09-27 23:00:00,1685.0,1668.4066
2016-09-28 00:00:00,1586.0,1575.3347
2016-09-28 01:00:00,1526.0,1517.8752
2016-09-28 02:00:00,1467.0,1484.6023
2016-09-28 03:00:00,1457.0,1444.9541
2016-09-28 04:00:00,1476.0,1477.292
2016-09-28 05:00:00,1584.0,1578.635
2016-09-28 06:00:00,1783.0,1781.0332
2016-09-28 07:00:00,1906.0,1902.0511
2016-09-28 08:00:00,1957.0,1958.5312
2016-09-28 09:00:00,1989.0,2008.4517
2016-09-28 10:00:00,2005.0,2036.8804
2016-09-28 11:00:00,2004.0,2016.3959
2016-09-28 12:00:00,2017.0,2011.1053
2016-09-28 13:00:00,2036.0,2023.9376
2016-09-28 14:00:00,2020.0,2029.8403
2016-09-28 15:00:00,1982.0,1989.533
2016-09-28 16:00:00,1969.0,1975.2816
2016-09-28 17:00:00,1961.0,1960.5083
2016-09-28 18:00:00,1949.0,1958.9844
2016-09-28 19:00:00,1988.0,1967.214
2016-09-28 20:00:00,2000.0,2027.7623
2016-09-28 21:00:00,1910.0,1927.2502
2016-09-28 22:00:00,1776.0,1757.7152
2016-09-28 23:00:00,1659.0,1630.2235
2016-09-29 00:00:00,1570.0,1554.7991
2016-09-29 01:00:00,1511.0,1499.5862
2016-09-29 02:00:00,1475.0,1469.1179
2016-09-29 03:00:00,1450.0,1452.1046
2016-09-29 04:00:00,1482.0,1477.2458
2016-09-29 05:00:00,1589.0,1578.3835
2016-09-29 06:00:00,1794.0,1804.4341
2016-09-29 07:00:00,1913.0,1900.3878
2016-09-29 08:00:00,1930.0,1948.2639
2016-09-29 09:00:00,1958.0,1955.4578
2016-09-29 10:00:00,1977.0,1989.7025
2016-09-29 11:00:00,1997.0,1985.1476
2016-09-29 12:00:00,2011.0,2022.27
2016-09-29 13:00:00,2014.0,2025.6771
2016-09-29 14:00:00,2017.0,1998.3236
2016-09-29 15:00:00,1974.0,1992.7522
2016-09-29 16:00:00,1967.0,1957.7463
2016-09-29 17:00:00,1952.0,1960.4583
2016-09-29 18:00:00,1928.0,1938.0972
2016-09-29 19:00:00,1974.0,1950.8806
2016-09-29 20:00:00,1985.0,2024.478
2016-09-29 21:00:00,1907.0,1914.816
2016-09-29 22:00:00,1792.0,1762.4775
2016-09-29 23:00:00,1671.0,1651.5616
2016-09-30 00:00:00,1589.0,1561.4858
2016-09-30 01:00:00,1513.0,1520.0002
2016-09-30 02:00:00,1476.0,1472.6047
2016-09-30 03:00:00,1449.0,1458.5106
2016-09-30 04:00:00,1482.0,1477.2081
2016-09-30 05:00:00,1574.0,1573.2838
2016-09-30 06:00:00,1786.0,1772.0598
2016-09-30 07:00:00,1924.0,1881.1577
2016-09-30 08:00:00,1932.0,1953.1311
2016-09-30 09:00:00,1977.0,1962.2037
2016-09-30 10:00:00,1999.0,2005.3807
2016-09-30 11:00:00,2002.0,2008.5547
2016-09-30 12:00:00,1999.0,2005.4772
2016-09-30 13:00:00,2001.0,1988.5502
2016-09-30 14:00:00,1974.0,1987.1985
2016-09-30 15:00:00,1923.0,1933.8934
2016-09-30 16:00:00,1903.0,1901.6879
2016-09-30 17:00:00,1866.0,1878.0607
2016-09-30 18:00:00,1842.0,1840.4622
2016-09-30 19:00:00,1856.0,1839.8315
2016-09-30 20:00:00,1857.0,1897.7844
2016-09-30 21:00:00,1792.0,1825.517
2016-09-30 22:00:00,1684.0,1675.8853
2016-09-30 23:00:00,1549.0,1563.0425
2016-10-01 00:00:00,1443.0,1442.5143
2016-10-01 01:00:00,1369.0,1373.6066
2016-10-01 02:00:00,1326.0,1332.1755
2016-10-01 03:00:00,1309.0,1304.3657
2016-10-01 04:00:00,1308.0,1302.6357
2016-10-01 05:00:00,1331.0,1341.3608
2016-10-01 06:00:00,1394.0,1409.7728
2016-10-01 07:00:00,1475.0,1469.9606
2016-10-01 08:00:00,1540.0,1539.5625
2016-10-01 09:00:00,1608.0,1613.676
2016-10-01 10:00:00,1646.0,1658.3577
2016-10-01 11:00:00,1656.0,1666.0164
2016-10-01 12:00:00,1649.0,1658.7936
2016-10-01 13:00:00,1640.0,1642.5726
2016-10-01 14:00:00,1628.0,1623.4092
2016-10-01 15:00:00,1615.0,1617.7294
2016-10-01 16:00:00,1614.0,1619.1328
2016-10-01 17:00:00,1607.0,1613.75
2016-10-01 18:00:00,1593.0,1598.7769
2016-10-01 19:00:00,1650.0,1649.6609
2016-10-01 20:00:00,1666.0,1666.2233
2016-10-01 21:00:00,1609.0,1615.6655
2016-10-01 22:00:00,1531.0,1519.9341
2016-10-01 23:00:00,1436.0,1419.1497
2016-10-02 00:00:00,1359.0,1340.7278
2016-10-02 01:00:00,1302.0,1287.0667
2016-10-02 02:00:00,1279.0,1262.5719
2016-10-02 03:00:00,1250.0,1245.7184
2016-10-02 04:00:00,1257.0,1220.3674
2016-10-02 05:00:00,1264.0,1281.9794
2016-10-02 06:00:00,1317.0,1306.0348
2016-10-02 07:00:00,1372.0,1382.1675
2016-10-02 08:00:00,1441.0,1454.2733
2016-10-02 09:00:00,1512.0,1517.017
2016-10-02 10:00:00,1559.0,1542.6405
2016-10-02 11:00:00,1602.0,1575.8987
2016-10-02 12:00:00,1622.0,1610.4541
2016-10-02 13:00:00,1633.0,1623.6943
2016-10-02 14:00:00,1631.0,1637.6146
2016-10-02 15:00:00,1637.0,1628.863
2016-10-02 16:00:00,1666.0,1659.3185
2016-10-02 17:00:00,1697.0,1702.2821
2016-10-02 18:00:00,1708.0,1734.2677
2016-10-02 19:00:00,1768.0,1788.7369
2016-10-02 20:00:00,1803.0,1797.343
2016-10-02 21:00:00,1730.0,1728.4756
2016-10-02 22:00:00,1633.0,1627.6232
2016-10-02 23:00:00,1543.0,1543.5044
2016-10-03 00:00:00,1467.0,1465.8125
2016-10-03 01:00:00,1428.0,1417.4601
2016-10-03 02:00:00,1402.0,1404.8684
2016-10-03 03:00:00,1401.0,1402.8766
2016-10-03 04:00:00,1424.0,1431.7178
2016-10-03 05:00:00,1545.0,1535.7722
2016-10-03 06:00:00,1751.0,1776.0144
2016-10-03 07:00:00,1876.0,1906.292
2016-10-03 08:00:00,1902.0,1905.9943
2016-10-03 09:00:00,1938.0,1951.3368
2016-10-03 10:00:00,2003.0,1981.5385
2016-10-03 11:00:00,2047.0,2022.7012
2016-10-03 12:00:00,2066.0,2063.9148
2016-10-03 13:00:00,2100.0,2069.906
2016-10-03 14:00:00,2115.0,2105.802
2016-10-03 15:00:00,2093.0,2104.3333
2016-10-03 16:00:00,2088.0,2080.5168
2016-10-03 17:00:00,2084.0,2090.424
2016-10-03 18:00:00,2061.0,2078.5908
2016-10-03 19:00:00,2107.0,2092.04
2016-10-03 20:00:00,2106.0,2123.52
2016-10-03 21:00:00,1996.0,2008.4451
2016-10-03 22:00:00,1834.0,1839.9342
2016-10-03 23:00:00,1695.0,1701.8987
2016-10-04 00:00:00,1596.0,1591.6188
2016-10-04 01:00:00,1532.0,1511.836
2016-10-04 02:00:00,1474.0,1488.9075
2016-10-04 03:00:00,1454.0,1453.5782
2016-10-04 04:00:00,1477.0,1473.0431
2016-10-04 05:00:00,1590.0,1583.8698
2016-10-04 06:00:00,1794.0,1813.4517
2016-10-04 07:00:00,1909.0,1933.2894
2016-10-04 08:00:00,1924.0,1934.848
2016-10-04 09:00:00,1973.0,1959.0742
2016-10-04 10:00:00,2030.0,2020.519
2016-10-04 11:00:00,2072.0,2051.2964
2016-10-04 12:00:00,2130.0,2094.5522
2016-10-04 13:00:00,2174.0,2160.2295
2016-10-04 14:00:00,2205.0,2187.5537
2016-10-04 15:00:00,2215.0,2207.474
2016-10-04 16:00:00,2215.0,2227.9124
2016-10-04 17:00:00,2215.0,2221.016
2016-10-04 18:00:00,2175.0,2207.3496
2016-10-04 19:00:00,2200.0,2196.3252
2016-10-04 20:00:00,2187.0,2189.7935
2016-10-04 21:00:00,2079.0,2090.6814
2016-10-04 22:00:00,1933.0,1934.402
2016-10-04 23:00:00,1793.0,1781.2152
2016-10-05 00:00:00,1676.0,1686.1166
2016-10-05 01:00:00,1593.0,1599.7289
2016-10-05 02:00:00,1525.0,1547.7748
2016-10-05 03:00:00,1506.0,1501.6802
2016-10-05 04:00:00,1534.0,1525.1804
2016-10-05 05:00:00,1641.0,1647.4619
2016-10-05 06:00:00,1851.0,1866.995
2016-10-05 07:00:00,1980.0,1997.646
2016-10-05 08:00:00,1996.0,2028.014
2016-10-05 09:00:00,2056.0,2040.2838
2016-10-05 10:00:00,2120.0,2116.4817
2016-10-05 11:00:00,2169.0,2144.9243
2016-10-05 12:00:00,2244.0,2202.9036
2016-10-05 13:00:00,2305.0,2278.8171
2016-10-05 14:00:00,2347.0,2335.6208
2016-10-05 15:00:00,2344.0,2362.4858
2016-10-05 16:00:00,2371.0,2344.0889
2016-10-05 17:00:00,2358.0,2378.8245
2016-10-05 18:00:00,2308.0,2337.5022
2016-10-05 19:00:00,2327.0,2317.014
2016-10-05 20:00:00,2305.0,2304.7236
2016-10-05 21:00:00,2199.0,2222.6145
2016-10-05 22:00:00,2038.0,2043.0183
2016-10-05 23:00:00,1876.0,1869.7146
2016-10-06 00:00:00,1754.0,1755.0704
2016-10-06 01:00:00,1660.0,1670.1589
2016-10-06 02:00:00,1590.0,1600.0046
2016-10-06 03:00:00,1550.0,1565.4668
2016-10-06 04:00:00,1572.0,1565.87
2016-10-06 05:00:00,1677.0,1676.2246
2016-10-06 06:00:00,1880.0,1898.4419
2016-10-06 07:00:00,2007.0,2031.8693
2016-10-06 08:00:00,2022.0,2086.3904
2016-10-06 09:00:00,2085.0,2078.4202
2016-10-06 10:00:00,2162.0,2159.7832
2016-10-06 11:00:00,2231.0,2201.606
2016-10-06 12:00:00,2320.0,2276.7988
2016-10-06 13:00:00,2411.0,2378.4363
2016-10-06 14:00:00,2478.0,2463.037
2016-10-06 15:00:00,2491.0,2505.4204
2016-10-06 16:00:00,2495.0,2507.163
2016-10-06 17:00:00,2483.0,2471.7407
2016-10-06 18:00:00,2404.0,2436.0154
2016-10-06 19:00:00,2397.0,2377.3909
2016-10-06 20:00:00,2366.0,2365.2827
2016-10-06 21:00:00,2234.0,2268.5718
2016-10-06 22:00:00,2048.0,2054.6013
2016-10-06 23:00:00,1878.0,1860.8988
2016-10-07 00:00:00,1748.0,1747.5781
2016-10-07 01:00:00,1648.0,1665.5153
2016-10-07 02:00:00,1566.0,1585.0294
2016-10-07 03:00:00,1539.0,1527.8215
2016-10-07 04:00:00,1548.0,1551.3016
2016-10-07 05:00:00,1643.0,1646.6753
2016-10-07 06:00:00,1839.0,1854.4144
2016-10-07 07:00:00,1951.0,1972.0809
2016-10-07 08:00:00,1961.0,2010.9598
2016-10-07 09:00:00,2021.0,2017.5278
2016-10-07 10:00:00,2099.0,2081.4485
2016-10-07 11:00:00,2161.0,2140.028
2016-10-07 12:00:00,2227.0,2193.872
2016-10-07 13:00:00,2298.0,2279.3325
2016-10-07 14:00:00,2343.0,2338.4524
2016-10-07 15:00:00,2365.0,2360.9426
2016-10-07 16:00:00,2383.0,2377.612
2016-10-07 17:00:00,2359.0,2370.1934
2016-10-07 18:00:00,2274.0,2296.9114
2016-10-07 19:00:00,2217.0,2243.754
2016-10-07 20:00:00,2157.0,2175.5088
2016-10-07 21:00:00,2049.0,2083.1775
2016-10-07 22:00:00,1903.0,1911.4474
2016-10-07 23:00:00,1743.0,1738.8674
2016-10-08 00:00:00,1592.0,1614.6254
2016-10-08 01:00:00,1497.0,1484.8953
2016-10-08 02:00:00,1426.0,1442.7988
2016-10-08 03:00:00,1376.0,1397.6033
2016-10-08 04:00:00,1350.0,1374.404
2016-10-08 05:00:00,1371.0,1376.8057
2016-10-08 06:00:00,1425.0,1434.5083
2016-10-08 07:00:00,1496.0,1501.83
2016-10-08 08:00:00,1556.0,1587.3376
2016-10-08 09:00:00,1612.0,1658.66
2016-10-08 10:00:00,1657.0,1689.1217
2016-10-08 11:00:00,1671.0,1704.5858
2016-10-08 12:00:00,1669.0,1708.0691
2016-10-08 13:00:00,1673.0,1691.6337
2016-10-08 14:00:00,1664.0,1704.3658
2016-10-08 15:00:00,1645.0,1685.0667
2016-10-08 16:00:00,1645.0,1674.0874
2016-10-08 17:00:00,1644.0,1667.6389
2016-10-08 18:00:00,1616.0,1660.7346
2016-10-08 19:00:00,1662.0,1668.8378
2016-10-08 20:00:00,1662.0,1656.0049
2016-10-08 21:00:00,1599.0,1630.6887
2016-10-08 22:00:00,1510.0,1518.5339
2016-10-08 23:00:00,1421.0,1424.5475
2016-10-09 00:00:00,1346.0,1334.1091
2016-10-09 01:00:00,1291.0,1295.2495
2016-10-09 02:00:00,1260.0,1270.191
2016-10-09 03:00:00,1242.0,1255.5776
2016-10-09 04:00:00,1234.0,1231.9094
2016-10-09 05:00:00,1262.0,1248.3694
2016-10-09 06:00:00,1301.0,1311.2559
2016-10-09 07:00:00,1369.0,1352.1626
2016-10-09 08:00:00,1439.0,1447.399
2016-10-09 09:00:00,1503.0,1518.2268
2016-10-09 10:00:00,1533.0,1540.9915
2016-10-09 11:00:00,1547.0,1562.3694
2016-10-09 12:00:00,1561.0,1566.8029
2016-10-09 13:00:00,1562.0,1566.6528
2016-10-09 14:00:00,1565.0,1564.4976
2016-10-09 15:00:00,1579.0,1568.7399
2016-10-09 16:00:00,1610.0,1612.6624
2016-10-09 17:00:00,1636.0,1650.8951
2016-10-09 18:00:00,1644.0,1682.6198
2016-10-09 19:00:00,1741.0,1749.3165
2016-10-09 20:00:00,1747.0,1774.1454
2016-10-09 21:00:00,1673.0,1698.3442
2016-10-09 22:00:00,1592.0,1595.2393
2016-10-09 23:00:00,1541.0,1503.7281
2016-10-10 00:00:00,1464.0,1485.8646
2016-10-10 01:00:00,1411.0,1426.653
2016-10-10 02:00:00,1394.0,1390.7477
2016-10-10 03:00:00,1390.0,1398.8497
2016-10-10 04:00:00,1424.0,1419.8019
2016-10-10 05:00:00,1537.0,1537.5267
2016-10-10 06:00:00,1745.0,1758.4314
2016-10-10 07:00:00,1891.0,1912.0674
2016-10-10 08:00:00,1920.0,1920.7928
2016-10-10 09:00:00,1974.0,1961.1039
2016-10-10 10:00:00,2011.0,2019.5237
2016-10-10 11:00:00,2028.0,2027.988
2016-10-10 12:00:00,2025.0,2037.4272
2016-10-10 13:00:00,2033.0,2022.4331
2016-10-10 14:00:00,1993.0,2024.196
2016-10-10 15:00:00,1973.0,1957.3232
2016-10-10 16:00:00,1971.0,1962.3903
2016-10-10 17:00:00,1973.0,1968.0797
2016-10-10 18:00:00,1964.0,1978.6707
2016-10-10 19:00:00,2016.0,2026.7314
2016-10-10 20:00:00,1999.0,2031.1554
2016-10-10 21:00:00,1892.0,1906.0131
2016-10-10 22:00:00,1762.0,1759.1011
2016-10-10 23:00:00,1647.0,1631.9788
2016-10-11 00:00:00,1554.0,1552.9136
2016-10-11 01:00:00,1501.0,1486.2991
2016-10-11 02:00:00,1452.0,1465.2843
2016-10-11 03:00:00,1450.0,1444.7767
2016-10-11 04:00:00,1472.0,1478.5135
2016-10-11 05:00:00,1584.0,1585.9387
2016-10-11 06:00:00,1793.0,1807.6381
2016-10-11 07:00:00,1921.0,1930.6637
2016-10-11 08:00:00,1932.0,1935.5917
2016-10-11 09:00:00,1945.0,1964.6091
2016-10-11 10:00:00,1980.0,1978.1143
2016-10-11 11:00:00,1985.0,1994.3793
2016-10-11 12:00:00,1993.0,1995.8269
2016-10-11 13:00:00,2002.0,1996.6007
2016-10-11 14:00:00,2002.0,1991.9667
2016-10-11 15:00:00,1977.0,1974.3864
2016-10-11 16:00:00,1966.0,1962.2158
2016-10-11 17:00:00,1972.0,1963.8605
2016-10-11 18:00:00,1947.0,1980.5629
2016-10-11 19:00:00,2014.0,1995.8826
2016-10-11 20:00:00,1998.0,2015.5328
2016-10-11 21:00:00,1898.0,1915.1051
2016-10-11 22:00:00,1770.0,1762.9387
2016-10-11 23:00:00,1654.0,1631.557
2016-10-12 00:00:00,1564.0,1561.2997
2016-10-12 01:00:00,1514.0,1507.0609
2016-10-12 02:00:00,1469.0,1472.025
2016-10-12 03:00:00,1462.0,1456.7249
2016-10-12 04:00:00,1479.0,1493.8604
2016-10-12 05:00:00,1598.0,1588.1604
2016-10-12 06:00:00,1795.0,1833.0505
2016-10-12 07:00:00,1929.0,1937.7012
2016-10-12 08:00:00,1927.0,1947.1842
2016-10-12 09:00:00,1968.0,1956.222
2016-10-12 10:00:00,2009.0,2002.7747
2016-10-12 11:00:00,2018.0,2013.4174
2016-10-12 12:00:00,2048.0,2020.7913
2016-10-12 13:00:00,2082.0,2053.7957
2016-10-12 14:00:00,2101.0,2087.6355
2016-10-12 15:00:00,2092.0,2090.8403
2016-10-12 16:00:00,2082.0,2088.6519
2016-10-12 17:00:00,2063.0,2074.9465
2016-10-12 18:00:00,2053.0,2046.6199
2016-10-12 19:00:00,2114.0,2091.6511
2016-10-12 20:00:00,2073.0,2131.2642
2016-10-12 21:00:00,1982.0,1992.6982
2016-10-12 22:00:00,1843.0,1829.709
2016-10-12 23:00:00,1709.0,1702.35
2016-10-13 00:00:00,1620.0,1608.4545
2016-10-13 01:00:00,1551.0,1547.7983
2016-10-13 02:00:00,1498.0,1516.0465
2016-10-13 03:00:00,1476.0,1489.2579
2016-10-13 04:00:00,1485.0,1503.5148
2016-10-13 05:00:00,1582.0,1581.0991
2016-10-13 06:00:00,1784.0,1788.6736
2016-10-13 07:00:00,1914.0,1926.2533
2016-10-13 08:00:00,1919.0,1943.071
2016-10-13 09:00:00,1942.0,1951.2756
2016-10-13 10:00:00,1965.0,1977.3727
2016-10-13 11:00:00,1972.0,1991.4523
2016-10-13 12:00:00,1983.0,1992.4863
2016-10-13 13:00:00,2001.0,1990.9822
2016-10-13 14:00:00,1989.0,1996.9604
2016-10-13 15:00:00,1957.0,1959.6763
2016-10-13 16:00:00,1944.0,1945.9823
2016-10-13 17:00:00,1925.0,1944.5709
2016-10-13 18:00:00,1911.0,1919.4708
2016-10-13 19:00:00,1976.0,1962.9491
2016-10-13 20:00:00,1964.0,1997.4552
2016-10-13 21:00:00,1890.0,1886.8611
2016-10-13 22:00:00,1765.0,1761.9896
2016-10-13 23:00:00,1651.0,1628.848
2016-10-14 00:00:00,1568.0,1554.0217
2016-10-14 01:00:00,1514.0,1511.2968
2016-10-14 02:00:00,1483.0,1481.5828
2016-10-14 03:00:00,1469.0,1468.3798
2016-10-14 04:00:00,1482.0,1504.6268
2016-10-14 05:00:00,1602.0,1582.9922
2016-10-14 06:00:00,1794.0,1820.2935
2016-10-14 07:00:00,1924.0,1909.1351
2016-10-14 08:00:00,1934.0,1935.8625
2016-10-14 09:00:00,1958.0,1954.3063
2016-10-14 10:00:00,1975.0,1974.0338
2016-10-14 11:00:00,1961.0,1969.8989
2016-10-14 12:00:00,1962.0,1954.1757
2016-10-14 13:00:00,1959.0,1952.884
2016-10-14 14:00:00,1934.0,1935.1829
2016-10-14 15:00:00,1898.0,1893.4279
2016-10-14 16:00:00,1865.0,1873.7988
2016-10-14 17:00:00,1833.0,1833.6455
2016-10-14 18:00:00,1809.0,1802.6886
2016-10-14 19:00:00,1855.0,1834.9113
2016-10-14 20:00:00,1830.0,1858.8148
2016-10-14 21:00:00,1771.0,1774.7332
2016-10-14 22:00:00,1678.0,1671.3601
2016-10-14 23:00:00,1561.0,1559.9506
2016-10-15 00:00:00,1462.0,1459.3721
2016-10-15 01:00:00,1406.0,1396.9468
2016-10-15 02:00:00,1365.0,1375.958
2016-10-15 03:00:00,1345.0,1356.3739
2016-10-15 04:00:00,1343.0,1359.8984
2016-10-15 05:00:00,1391.0,1384.3376
2016-10-15 06:00:00,1461.0,1468.0764
2016-10-15 07:00:00,1540.0,1545.6638
2016-10-15 08:00:00,1599.0,1604.7257
2016-10-15 09:00:00,1652.0,1665.4373
2016-10-15 10:00:00,1689.0,1683.1393
2016-10-15 11:00:00,1691.0,1685.5984
2016-10-15 12:00:00,1696.0,1678.1838
2016-10-15 13:00:00,1699.0,1681.5901
2016-10-15 14:00:00,1703.0,1676.3662
2016-10-15 15:00:00,1711.0,1680.8323
2016-10-15 16:00:00,1717.0,1711.3953
2016-10-15 17:00:00,1731.0,1719.2979
2016-10-15 18:00:00,1723.0,1737.6914
2016-10-15 19:00:00,1783.0,1781.6277
2016-10-15 20:00:00,1758.0,1792.1278
2016-10-15 21:00:00,1688.0,1707.7306
2016-10-15 22:00:00,1598.0,1597.9403
2016-10-15 23:00:00,1510.0,1506.6396
2016-10-16 00:00:00,1421.0,1419.962
2016-10-16 01:00:00,1360.0,1351.4984
2016-10-16 02:00:00,1317.0,1317.2167
2016-10-16 03:00:00,1295.0,1303.5057
2016-10-16 04:00:00,1289.0,1304.4038
2016-10-16 05:00:00,1298.0,1306.603
2016-10-16 06:00:00,1346.0,1345.8179
2016-10-16 07:00:00,1393.0,1408.2996
2016-10-16 08:00:00,1448.0,1477.5184
2016-10-16 09:00:00,1535.0,1527.0226
2016-10-16 10:00:00,1601.0,1573.7214
2016-10-16 11:00:00,1663.0,1615.9767
2016-10-16 12:00:00,1719.0,1688.4536
2016-10-16 13:00:00,1747.0,1739.1814
2016-10-16 14:00:00,1765.0,1752.4352
2016-10-16 15:00:00,1777.0,1767.7694
2016-10-16 16:00:00,1811.0,1821.0203
2016-10-16 17:00:00,1820.0,1856.277
2016-10-16 18:00:00,1845.0,1846.0079
2016-10-16 19:00:00,1930.0,1900.0896
2016-10-16 20:00:00,1922.0,1930.3976
2016-10-16 21:00:00,1851.0,1855.3242
2016-10-16 22:00:00,1747.0,1749.8077
2016-10-16 23:00:00,1662.0,1648.0164
2016-10-17 00:00:00,1587.0,1577.742
2016-10-17 01:00:00,1529.0,1535.1587
2016-10-17 02:00:00,1500.0,1498.6652
2016-10-17 03:00:00,1491.0,1491.6932
2016-10-17 04:00:00,1522.0,1524.4808
2016-10-17 05:00:00,1638.0,1639.1757
2016-10-17 06:00:00,1853.0,1884.4696
2016-10-17 07:00:00,2008.0,2017.8073
2016-10-17 08:00:00,2025.0,2045.6617
2016-10-17 09:00:00,2092.0,2064.5972
2016-10-17 10:00:00,2155.0,2137.446
2016-10-17 11:00:00,2224.0,2186.4736
2016-10-17 12:00:00,2302.0,2263.702
2016-10-17 13:00:00,2355.0,2345.7603
2016-10-17 14:00:00,2398.0,2384.1802
2016-10-17 15:00:00,2395.0,2407.2322
2016-10-17 16:00:00,2411.0,2408.1033
2016-10-17 17:00:00,2399.0,2415.234
2016-10-17 18:00:00,2369.0,2379.558
2016-10-17 19:00:00,2402.0,2372.0151
2016-10-17 20:00:00,2346.0,2392.1768
2016-10-17 21:00:00,2223.0,2251.112
2016-10-17 22:00:00,2074.0,2042.7268
2016-10-17 23:00:00,1927.0,1903.7227
2016-10-18 00:00:00,1796.0,1813.1777
2016-10-18 01:00:00,1721.0,1722.6769
2016-10-18 02:00:00,1646.0,1673.4254
2016-10-18 03:00:00,1615.0,1616.5094
2016-10-18 04:00:00,1627.0,1636.1223
2016-10-18 05:00:00,1739.0,1726.5605
2016-10-18 06:00:00,1948.0,1971.3636
2016-10-18 07:00:00,2082.0,2096.1133
2016-10-18 08:00:00,2091.0,2141.5474
2016-10-18 09:00:00,2144.0,2133.9346
2016-10-18 10:00:00,2224.0,2201.6294
2016-10-18 11:00:00,2277.0,2269.5325
2016-10-18 12:00:00,2352.0,2318.6199
2016-10-18 13:00:00,2401.0,2409.275
2016-10-18 14:00:00,2386.0,2423.1074
2016-10-18 15:00:00,2344.0,2361.2588
2016-10-18 16:00:00,2321.0,2338.6497
2016-10-18 17:00:00,2317.0,2296.307
2016-10-18 18:00:00,2329.0,2290.3362
2016-10-18 19:00:00,2381.0,2333.9714
2016-10-18 20:00:00,2355.0,2360.6794
2016-10-18 21:00:00,2242.0,2263.7485
2016-10-18 22:00:00,2089.0,2082.736
2016-10-18 23:00:00,1930.0,1919.6149
2016-10-19 00:00:00,1818.0,1803.3555
2016-10-19 01:00:00,1714.0,1737.9456
2016-10-19 02:00:00,1658.0,1669.2982
2016-10-19 03:00:00,1611.0,1631.8818
2016-10-19 04:00:00,1616.0,1627.7223
2016-10-19 05:00:00,1715.0,1710.8871
2016-10-19 06:00:00,1914.0,1920.0359
2016-10-19 07:00:00,2044.0,2069.336
2016-10-19 08:00:00,2035.0,2120.8147
2016-10-19 09:00:00,2079.0,2092.6663
2016-10-19 10:00:00,2149.0,2154.8235
2016-10-19 11:00:00,2190.0,2168.1526
2016-10-19 12:00:00,2258.0,2214.407
2016-10-19 13:00:00,2323.0,2286.144
2016-10-19 14:00:00,2358.0,2351.9773
2016-10-19 15:00:00,2345.0,2363.9766
2016-10-19 16:00:00,2331.0,2347.3887
2016-10-19 17:00:00,2293.0,2324.9148
2016-10-19 18:00:00,2301.0,2265.4622
2016-10-19 19:00:00,2299.0,2320.2896
2016-10-19 20:00:00,2225.0,2270.5095
2016-10-19 21:00:00,2086.0,2131.8984
2016-10-19 22:00:00,1920.0,1932.9282
2016-10-19 23:00:00,1789.0,1765.1783
2016-10-20 00:00:00,1673.0,1685.4733
2016-10-20 01:00:00,1604.0,1600.1696
2016-10-20 02:00:00,1557.0,1559.4425
2016-10-20 03:00:00,1498.0,1537.8418
2016-10-20 04:00:00,1554.0,1524.3612
2016-10-20 05:00:00,1653.0,1663.8142
2016-10-20 06:00:00,1847.0,1876.765
2016-10-20 07:00:00,1990.0,1991.2094
2016-10-20 08:00:00,2022.0,2065.1077
2016-10-20 09:00:00,2035.0,2074.643
2016-10-20 10:00:00,2070.0,2083.1072
2016-10-20 11:00:00,2066.0,2092.516
2016-10-20 12:00:00,2081.0,2075.0745
2016-10-20 13:00:00,2086.0,2092.65
2016-10-20 14:00:00,2066.0,2072.3481
2016-10-20 15:00:00,2011.0,2026.2855
2016-10-20 16:00:00,2011.0,1990.9741
2016-10-20 17:00:00,2008.0,2000.6765
2016-10-20 18:00:00,2024.0,2004.9474
2016-10-20 19:00:00,2036.0,2062.3213
2016-10-20 20:00:00,1995.0,2028.7006
2016-10-20 21:00:00,1908.0,1922.3052
2016-10-20 22:00:00,1791.0,1773.0269
2016-10-20 23:00:00,1673.0,1651.6069
2016-10-21 00:00:00,1584.0,1570.7499
2016-10-21 01:00:00,1516.0,1527.2106
2016-10-21 02:00:00,1472.0,1474.5167
2016-10-21 03:00:00,1461.0,1450.7797
2016-10-21 04:00:00,1491.0,1490.2719
2016-10-21 05:00:00,1595.0,1585.7667
2016-10-21 06:00:00,1778.0,1807.702
2016-10-21 07:00:00,1936.0,1914.9954
2016-10-21 08:00:00,1963.0,1957.4259
2016-10-21 09:00:00,1990.0,1990.0795
2016-10-21 10:00:00,2000.0,2017.4934
2016-10-21 11:00:00,1998.0,1993.1934
2016-10-21 12:00:00,1993.0,2000.1176
2016-10-21 13:00:00,1996.0,1989.1482
2016-10-21 14:00:00,1971.0,1978.436
2016-10-21 15:00:00,1915.0,1937.1411
2016-10-21 16:00:00,1905.0,1889.2412
2016-10-21 17:00:00,1891.0,1888.8169
2016-10-21 18:00:00,1901.0,1877.7651
2016-10-21 19:00:00,1936.0,1939.3687
2016-10-21 20:00:00,1904.0,1934.2484
2016-10-21 21:00:00,1840.0,1848.4403
2016-10-21 22:00:00,1749.0,1744.1982
2016-10-21 23:00:00,1635.0,1640.8364
2016-10-22 00:00:00,1532.0,1523.3402
2016-10-22 01:00:00,1462.0,1457.2068
2016-10-22 02:00:00,1418.0,1419.8794
2016-10-22 03:00:00,1402.0,1400.6693
2016-10-22 04:00:00,1406.0,1404.6704
2016-10-22 05:00:00,1440.0,1451.2295
2016-10-22 06:00:00,1513.0,1524.8164
2016-10-22 07:00:00,1613.0,1603.7751
2016-10-22 08:00:00,1662.0,1687.4852
2016-10-22 09:00:00,1727.0,1727.202
2016-10-22 10:00:00,1735.0,1764.5499
2016-10-22 11:00:00,1715.0,1736.8947
2016-10-22 12:00:00,1689.0,1699.0371
2016-10-22 13:00:00,1671.0,1666.6302
2016-10-22 14:00:00,1634.0,1650.018
2016-10-22 15:00:00,1602.0,1619.2959
2016-10-22 16:00:00,1595.0,1602.5336
2016-10-22 17:00:00,1594.0,1607.2914
2016-10-22 18:00:00,1619.0,1619.1267
2016-10-22 19:00:00,1705.0,1697.9523
2016-10-22 20:00:00,1695.0,1716.4143
2016-10-22 21:00:00,1642.0,1659.5066
2016-10-22 22:00:00,1574.0,1562.2399
2016-10-22 23:00:00,1493.0,1488.2467
2016-10-23 00:00:00,1412.0,1413.5585
2016-10-23 01:00:00,1362.0,1354.118
2016-10-23 02:00:00,1338.0,1324.9198
2016-10-23 03:00:00,1324.0,1306.9032
2016-10-23 04:00:00,1324.0,1332.6853
2016-10-23 05:00:00,1348.0,1365.7117
2016-10-23 06:00:00,1406.0,1401.4877
2016-10-23 07:00:00,1485.0,1477.6434
2016-10-23 08:00:00,1534.0,1550.1456
2016-10-23 09:00:00,1578.0,1585.6973
2016-10-23 10:00:00,1588.0,1603.739
2016-10-23 11:00:00,1589.0,1601.7925
2016-10-23 12:00:00,1598.0,1594.0327
2016-10-23 13:00:00,1582.0,1594.6605
2016-10-23 14:00:00,1586.0,1566.6653
2016-10-23 15:00:00,1579.0,1587.9099
2016-10-23 16:00:00,1612.0,1605.8616
2016-10-23 17:00:00,1651.0,1650.2
2016-10-23 18:00:00,1692.0,1707.7905
2016-10-23 19:00:00,1799.0,1787.8678
2016-10-23 20:00:00,1777.0,1822.5963
2016-10-23 21:00:00,1702.0,1722.0725
2016-10-23 22:00:00,1618.0,1616.1241
2016-10-23 23:00:00,1555.0,1538.0497
2016-10-24 00:00:00,1483.0,1497.0801
2016-10-24 01:00:00,1439.0,1442.2239
2016-10-24 02:00:00,1424.0,1423.2877
2016-10-24 03:00:00,1402.0,1420.7902
2016-10-24 04:00:00,1436.0,1438.2242
2016-10-24 05:00:00,1549.0,1533.2177
2016-10-24 06:00:00,1752.0,1775.4333
2016-10-24 07:00:00,1900.0,1904.7823
2016-10-24 08:00:00,1903.0,1944.0894
2016-10-24 09:00:00,1914.0,1948.1614
2016-10-24 10:00:00,1945.0,1948.2733
2016-10-24 11:00:00,1954.0,1954.1649
2016-10-24 12:00:00,1969.0,1963.8542
2016-10-24 13:00:00,1969.0,1970.8251
2016-10-24 14:00:00,1964.0,1954.9661
2016-10-24 15:00:00,1924.0,1940.5753
2016-10-24 16:00:00,1900.0,1911.8412
2016-10-24 17:00:00,1897.0,1902.4454
2016-10-24 18:00:00,1914.0,1913.4357
2016-10-24 19:00:00,2006.0,1986.1791
2016-10-24 20:00:00,1977.0,2025.7146
2016-10-24 21:00:00,1900.0,1893.1943
2016-10-24 22:00:00,1780.0,1782.5776
2016-10-24 23:00:00,1660.0,1654.6893
2016-10-25 00:00:00,1585.0,1569.5824
2016-10-25 01:00:00,1547.0,1531.0114
2016-10-25 02:00:00,1510.0,1521.1523
2016-10-25 03:00:00,1509.0,1515.5076
2016-10-25 04:00:00,1546.0,1544.6876
2016-10-25 05:00:00,1678.0,1671.1309
2016-10-25 06:00:00,1898.0,1920.8751
2016-10-25 07:00:00,2049.0,2051.009
2016-10-25 08:00:00,2044.0,2050.9387
2016-10-25 09:00:00,2033.0,2052.569
2016-10-25 10:00:00,2038.0,2040.774
2016-10-25 11:00:00,2009.0,2030.1681
2016-10-25 12:00:00,1995.0,1994.5947
2016-10-25 13:00:00,1993.0,1981.8134
2016-10-25 14:00:00,1971.0,1974.214
2016-10-25 15:00:00,1946.0,1931.1738
2016-10-25 16:00:00,1946.0,1923.7488
2016-10-25 17:00:00,1967.0,1945.7952
2016-10-25 18:00:00,2004.0,1996.4395
2016-10-25 19:00:00,2065.0,2070.8164
2016-10-25 20:00:00,2035.0,2063.2053
2016-10-25 21:00:00,1940.0,1952.9419
2016-10-25 22:00:00,1822.0,1801.5383
2016-10-25 23:00:00,1715.0,1681.6279
2016-10-26 00:00:00,1632.0,1630.0623
2016-10-26 01:00:00,1570.0,1577.93
2016-10-26 02:00:00,1539.0,1541.0367
2016-10-26 03:00:00,1530.0,1538.2509
2016-10-26 04:00:00,1571.0,1570.7507
2016-10-26 05:00:00,1681.0,1700.0647
2016-10-26 06:00:00,1897.0,1922.0758
2016-10-26 07:00:00,2035.0,2046.7772
2016-10-26 08:00:00,2058.0,2050.468
2016-10-26 09:00:00,2087.0,2076.4028
2016-10-26 10:00:00,2074.0,2107.518
2016-10-26 11:00:00,2055.0,2051.491
2016-10-26 12:00:00,2029.0,2041.5101
2016-10-26 13:00:00,2010.0,2010.9681
2016-10-26 14:00:00,1989.0,1982.5522
2016-10-26 15:00:00,1949.0,1952.6671
2016-10-26 16:00:00,1932.0,1933.2798
2016-10-26 17:00:00,1935.0,1936.7898
2016-10-26 18:00:00,1980.0,1964.08
2016-10-26 19:00:00,2044.0,2064.1167
2016-10-26 20:00:00,2018.0,2039.2721
2016-10-26 21:00:00,1936.0,1935.1487
2016-10-26 22:00:00,1801.0,1810.6918
2016-10-26 23:00:00,1683.0,1678.4686
2016-10-27 00:00:00,1604.0,1596.4594
2016-10-27 01:00:00,1531.0,1551.2805
2016-10-27 02:00:00,1504.0,1500.9133
2016-10-27 03:00:00,1489.0,1493.3584
2016-10-27 04:00:00,1520.0,1524.1268
2016-10-27 05:00:00,1640.0,1632.49
2016-10-27 06:00:00,1851.0,1872.5072
2016-10-27 07:00:00,1977.0,1988.6412
2016-10-27 08:00:00,2013.0,1994.1592
2016-10-27 09:00:00,2010.0,2042.4292
2016-10-27 10:00:00,2029.0,2017.3517
2016-10-27 11:00:00,2016.0,2016.7876
2016-10-27 12:00:00,2001.0,2017.5322
2016-10-27 13:00:00,2004.0,1989.7527
2016-10-27 14:00:00,1981.0,1987.256
2016-10-27 15:00:00,1960.0,1940.6907
2016-10-27 16:00:00,1941.0,1949.2728
2016-10-27 17:00:00,1947.0,1943.9501
2016-10-27 18:00:00,2001.0,1978.0269
2016-10-27 19:00:00,2021.0,2063.2302
2016-10-27 20:00:00,2012.0,2011.2891
2016-10-27 21:00:00,1941.0,1941.893
2016-10-27 22:00:00,1822.0,1818.3453
2016-10-27 23:00:00,1709.0,1695.2424
2016-10-28 00:00:00,1624.0,1624.0881
2016-10-28 01:00:00,1559.0,1564.9613
2016-10-28 02:00:00,1522.0,1528.9927
2016-10-28 03:00:00,1520.0,1509.6302
2016-10-28 04:00:00,1552.0,1549.5498
2016-10-28 05:00:00,1671.0,1678.1028
2016-10-28 06:00:00,1876.0,1893.4938
2016-10-28 07:00:00,2020.0,2017.0475
2016-10-28 08:00:00,2012.0,2027.4933
2016-10-28 09:00:00,1989.0,2021.5084
2016-10-28 10:00:00,1991.0,1987.2875
2016-10-28 11:00:00,1968.0,1967.5021
2016-10-28 12:00:00,1951.0,1951.9897
2016-10-28 13:00:00,1934.0,1933.9695
2016-10-28 14:00:00,1916.0,1902.3224
2016-10-28 15:00:00,1878.0,1883.0518
2016-10-28 16:00:00,1856.0,1857.8041
2016-10-28 17:00:00,1840.0,1828.9513
2016-10-28 18:00:00,1847.0,1846.6287
2016-10-28 19:00:00,1886.0,1901.6228
2016-10-28 20:00:00,1850.0,1885.8354
2016-10-28 21:00:00,1790.0,1795.4628
2016-10-28 22:00:00,1700.0,1697.6998
2016-10-28 23:00:00,1579.0,1593.7386
2016-10-29 00:00:00,1491.0,1490.6974
2016-10-29 01:00:00,1421.0,1420.8412
2016-10-29 02:00:00,1381.0,1385.4861
2016-10-29 03:00:00,1365.0,1372.4341
2016-10-29 04:00:00,1367.0,1382.9432
2016-10-29 05:00:00,1401.0,1429.6863
2016-10-29 06:00:00,1479.0,1488.8395
2016-10-29 07:00:00,1564.0,1565.2352
2016-10-29 08:00:00,1613.0,1643.2557
2016-10-29 09:00:00,1669.0,1673.2749
2016-10-29 10:00:00,1699.0,1701.1439
2016-10-29 11:00:00,1695.0,1697.3756
2016-10-29 12:00:00,1692.0,1674.2665
2016-10-29 13:00:00,1684.0,1667.1506
2016-10-29 14:00:00,1690.0,1660.9087
2016-10-29 15:00:00,1699.0,1672.6812
2016-10-29 16:00:00,1699.0,1706.867
2016-10-29 17:00:00,1688.0,1704.7798
2016-10-29 18:00:00,1698.0,1701.7936
2016-10-29 19:00:00,1753.0,1757.3633
2016-10-29 20:00:00,1714.0,1749.4789
2016-10-29 21:00:00,1658.0,1688.2628
2016-10-29 22:00:00,1568.0,1574.753
2016-10-29 23:00:00,1470.0,1485.8383
2016-10-30 00:00:00,1394.0,1392.7218
2016-10-30 01:00:00,1324.0,1338.6471
2016-10-30 02:00:00,1286.0,1299.7527
2016-10-30 03:00:00,1277.0,1260.7542
2016-10-30 04:00:00,1260.0,1266.816
2016-10-30 05:00:00,1277.0,1297.813
2016-10-30 06:00:00,1321.0,1323.699
2016-10-30 07:00:00,1399.0,1382.1543
2016-10-30 08:00:00,1440.0,1478.5277
2016-10-30 09:00:00,1516.0,1520.8739
2016-10-30 10:00:00,1582.0,1551.2599
2016-10-30 11:00:00,1622.0,1602.3269
2016-10-30 12:00:00,1649.0,1635.8698
2016-10-30 13:00:00,1644.0,1656.0719
2016-10-30 14:00:00,1631.0,1643.4191
2016-10-30 15:00:00,1624.0,1626.7633
2016-10-30 16:00:00,1628.0,1643.7695
2016-10-30 17:00:00,1648.0,1658.6141
2016-10-30 18:00:00,1691.0,1692.0312
2016-10-30 19:00:00,1753.0,1788.2266
2016-10-30 20:00:00,1730.0,1764.7885
2016-10-30 21:00:00,1660.0,1703.3368
2016-10-30 22:00:00,1593.0,1587.1271
2016-10-30 23:00:00,1522.0,1510.8868
2016-10-31 00:00:00,1465.0,1462.28
2016-10-31 01:00:00,1418.0,1422.0029
2016-10-31 02:00:00,1403.0,1405.9949
2016-10-31 03:00:00,1403.0,1404.1096
2016-10-31 04:00:00,1448.0,1430.4141
2016-10-31 05:00:00,1568.0,1580.6865
2016-10-31 06:00:00,1788.0,1800.5519
2016-10-31 07:00:00,1937.0,1946.9484
2016-10-31 08:00:00,1969.0,1955.973
2016-10-31 09:00:00,1980.0,2007.3867
2016-10-31 10:00:00,1987.0,2001.9119
2016-10-31 11:00:00,1980.0,1983.0255
2016-10-31 12:00:00,1984.0,1974.0387
2016-10-31 13:00:00,1978.0,1978.2452
2016-10-31 14:00:00,1958.0,1957.5695
2016-10-31 15:00:00,1941.0,1926.3239
2016-10-31 16:00:00,1918.0,1937.1151
2016-10-31 17:00:00,1905.0,1922.9701
2016-10-31 18:00:00,1900.0,1920.1088
2016-10-31 19:00:00,1934.0,1960.8254
2016-10-31 20:00:00,1943.0,1966.2804
2016-10-31 21:00:00,1888.0,1887.0592
2016-10-31 22:00:00,1774.0,1786.7482
2016-10-31 23:00:00,1661.0,1657.3375
2016-11-01 00:00:00,1583.0,1579.6953
2016-11-01 01:00:00,1532.0,1532.212
2016-11-01 02:00:00,1486.0,1509.0541
2016-11-01 03:00:00,1465.0,1489.4327
2016-11-01 04:00:00,1509.0,1498.8279
2016-11-01 05:00:00,1618.0,1620.8503
2016-11-01 06:00:00,1828.0,1838.159
2016-11-01 07:00:00,1973.0,1941.0249
2016-11-01 08:00:00,1973.0,1986.0532
2016-11-01 09:00:00,1992.0,1986.6907
2016-11-01 10:00:00,2014.0,2003.8021
2016-11-01 11:00:00,2031.0,2001.3302
2016-11-01 12:00:00,2062.0,2027.8976
2016-11-01 13:00:00,2082.0,2058.0156
2016-11-01 14:00:00,2088.0,2074.9895
2016-11-01 15:00:00,2077.0,2063.1929
2016-11-01 16:00:00,2076.0,2076.6292
2016-11-01 17:00:00,2043.0,2121.186
2016-11-01 18:00:00,2063.0,2061.463
2016-11-01 19:00:00,2117.0,2076.8076
2016-11-01 20:00:00,2062.0,2117.9731
2016-11-01 21:00:00,1971.0,1975.1228
2016-11-01 22:00:00,1846.0,1832.2125
2016-11-01 23:00:00,1714.0,1708.6125
2016-11-02 00:00:00,1614.0,1621.5542
2016-11-02 01:00:00,1543.0,1547.3125
2016-11-02 02:00:00,1493.0,1505.2103
2016-11-02 03:00:00,1471.0,1488.3501
2016-11-02 04:00:00,1494.0,1503.6154
2016-11-02 05:00:00,1610.0,1605.4557
2016-11-02 06:00:00,1810.0,1841.1313
2016-11-02 07:00:00,1964.0,1942.777
2016-11-02 08:00:00,1973.0,1983.8901
2016-11-02 09:00:00,1991.0,1997.5051
2016-11-02 10:00:00,2028.0,2018.1349
2016-11-02 11:00:00,2066.0,2030.4707
2016-11-02 12:00:00,2080.0,2072.8738
2016-11-02 13:00:00,2105.0,2089.0789
2016-11-02 14:00:00,2113.0,2099.9756
2016-11-02 15:00:00,2109.0,2102.5225
2016-11-02 16:00:00,2090.0,2118.2063
2016-11-02 17:00:00,2085.0,2126.4573
2016-11-02 18:00:00,2099.0,2109.3113
2016-11-02 19:00:00,2156.0,2102.977
2016-11-02 20:00:00,2096.0,2136.335
2016-11-02 21:00:00,2010.0,2006.1031
2016-11-02 22:00:00,1883.0,1878.3971
2016-11-02 23:00:00,1759.0,1757.3499
2016-11-03 00:00:00,1674.0,1667.8004
2016-11-03 01:00:00,1581.0,1616.4382
2016-11-03 02:00:00,1529.0,1551.0947
2016-11-03 03:00:00,1497.0,1513.7378
2016-11-03 04:00:00,1517.0,1524.5886
2016-11-03 05:00:00,1625.0,1631.9547
2016-11-03 06:00:00,1838.0,1845.3673
2016-11-03 07:00:00,1985.0,1968.1327
2016-11-03 08:00:00,2017.0,2010.0793
2016-11-03 09:00:00,2027.0,2053.5298
2016-11-03 10:00:00,2045.0,2047.4355
2016-11-03 11:00:00,2036.0,2039.6246
2016-11-03 12:00:00,2045.0,2027.6307
2016-11-03 13:00:00,2065.0,2045.0819
2016-11-03 14:00:00,2021.0,2058.1145
2016-11-03 15:00:00,1971.0,1986.9978
2016-11-03 16:00:00,1948.0,1968.6129
2016-11-03 17:00:00,1942.0,1998.7109
2016-11-03 18:00:00,1951.0,1980.2823
2016-11-03 19:00:00,2002.0,1980.7041
2016-11-03 20:00:00,1960.0,1998.6913
2016-11-03 21:00:00,1894.0,1890.313
2016-11-03 22:00:00,1753.0,1777.665
2016-11-03 23:00:00,1640.0,1624.5493
2016-11-04 00:00:00,1544.0,1541.1418
2016-11-04 01:00:00,1477.0,1486.262
2016-11-04 02:00:00,1462.0,1448.7511
2016-11-04 03:00:00,1441.0,1447.9066
2016-11-04 04:00:00,1479.0,1486.804
2016-11-04 05:00:00,1585.0,1593.828
2016-11-04 06:00:00,1783.0,1809.4004
2016-11-04 07:00:00,1931.0,1897.792
2016-11-04 08:00:00,1958.0,1943.5242
2016-11-04 09:00:00,1968.0,1977.5115
2016-11-04 10:00:00,1973.0,1983.4573
2016-11-04 11:00:00,1968.0,1963.7358
2016-11-04 12:00:00,1960.0,1959.3124
2016-11-04 13:00:00,1929.0,1941.437
2016-11-04 14:00:00,1898.0,1898.0907
2016-11-04 15:00:00,1845.0,1855.6913
2016-11-04 16:00:00,1825.0,1829.2853
2016-11-04 17:00:00,1806.0,1837.4406
2016-11-04 18:00:00,1839.0,1821.0468
2016-11-04 19:00:00,1887.0,1845.8765
2016-11-04 20:00:00,1859.0,1876.0088
2016-11-04 21:00:00,1804.0,1801.118
2016-11-04 22:00:00,1716.0,1704.3452
2016-11-04 23:00:00,1605.0,1609.9218
2016-11-05 00:00:00,1528.0,1511.379
2016-11-05 01:00:00,1472.0,1461.5198
2016-11-05 02:00:00,1440.0,1439.0643
2016-11-05 03:00:00,1433.0,1431.9995
2016-11-05 04:00:00,1445.0,1444.6196
2016-11-05 05:00:00,1488.0,1509.8331
2016-11-05 06:00:00,1583.0,1574.9618
2016-11-05 07:00:00,1689.0,1658.8507
2016-11-05 08:00:00,1761.0,1747.3971
2016-11-05 09:00:00,1787.0,1798.5684
2016-11-05 10:00:00,1775.0,1800.1832
2016-11-05 11:00:00,1735.0,1748.1564
2016-11-05 12:00:00,1694.0,1695.7708
2016-11-05 13:00:00,1654.0,1653.3662
2016-11-05 14:00:00,1615.0,1618.0409
2016-11-05 15:00:00,1584.0,1596.0438
2016-11-05 16:00:00,1588.0,1590.3907
2016-11-05 17:00:00,1594.0,1639.6484
2016-11-05 18:00:00,1645.0,1648.8998
2016-11-05 19:00:00,1692.0,1699.9347
2016-11-05 20:00:00,1664.0,1691.5544
2016-11-05 21:00:00,1618.0,1638.8545
2016-11-05 22:00:00,1546.0,1542.288
2016-11-05 23:00:00,1472.0,1457.6589
2016-11-06 00:00:00,1400.0,1392.7284
2016-11-06 01:00:00,1334.0,1349.1963
2016-11-06 02:00:00,1364.0,1309.2345
2016-11-06 02:00:00,1331.0,1341.262
2016-11-06 03:00:00,1335.0,1335.605
2016-11-06 04:00:00,1344.0,1354.3147
2016-11-06 05:00:00,1393.0,1385.5863
2016-11-06 06:00:00,1465.0,1469.8712
2016-11-06 07:00:00,1529.0,1528.2245
2016-11-06 08:00:00,1602.0,1581.4255
2016-11-06 09:00:00,1612.0,1635.8074
2016-11-06 10:00:00,1594.0,1614.6217
2016-11-06 11:00:00,1588.0,1594.2692
2016-11-06 12:00:00,1576.0,1579.2032
2016-11-06 13:00:00,1565.0,1557.0062
2016-11-06 14:00:00,1561.0,1548.4714
2016-11-06 15:00:00,1555.0,1563.8575
2016-11-06 16:00:00,1593.0,1580.704
2016-11-06 17:00:00,1678.0,1700.8105
2016-11-06 18:00:00,1758.0,1771.4481
2016-11-06 19:00:00,1732.0,1787.5988
2016-11-06 20:00:00,1693.0,1738.8226
2016-11-06 21:00:00,1617.0,1696.0438
2016-11-06 22:00:00,1551.0,1556.954
2016-11-06 23:00:00,1495.0,1472.9869
2016-11-07 00:00:00,1458.0,1448.478
2016-11-07 01:00:00,1441.0,1432.2286
2016-11-07 02:00:00,1429.0,1442.7719
2016-11-07 03:00:00,1456.0,1448.8649
2016-11-07 04:00:00,1500.0,1518.4128
2016-11-07 05:00:00,1655.0,1629.8052
2016-11-07 06:00:00,1865.0,1889.1215
2016-11-07 07:00:00,1976.0,2003.3457
2016-11-07 08:00:00,1978.0,1996.6703
2016-11-07 09:00:00,1981.0,1993.5723
2016-11-07 10:00:00,1981.0,1990.8494
2016-11-07 11:00:00,1978.0,1972.5901
2016-11-07 12:00:00,1988.0,1970.9492
2016-11-07 13:00:00,1987.0,1982.6707
2016-11-07 14:00:00,1982.0,1969.8508
2016-11-07 15:00:00,1953.0,1959.1296
2016-11-07 16:00:00,1943.0,1953.8331
2016-11-07 17:00:00,2014.0,2017.2561
2016-11-07 18:00:00,2053.0,2073.3167
2016-11-07 19:00:00,2014.0,2052.0366
2016-11-07 20:00:00,1947.0,1991.6198
2016-11-07 21:00:00,1858.0,1893.8076
2016-11-07 22:00:00,1739.0,1761.7588
2016-11-07 23:00:00,1631.0,1570.857
2016-11-08 00:00:00,1571.0,1543.4607
2016-11-08 01:00:00,1527.0,1515.4612
2016-11-08 02:00:00,1498.0,1511.5358
2016-11-08 03:00:00,1493.0,1503.6168
2016-11-08 04:00:00,1548.0,1529.1447
2016-11-08 05:00:00,1679.0,1676.4568
2016-11-08 06:00:00,1877.0,1914.7676
2016-11-08 07:00:00,1968.0,2012.5232
2016-11-08 08:00:00,1976.0,1995.7478
2016-11-08 09:00:00,1994.0,1990.0312
2016-11-08 10:00:00,2008.0,2011.9133
2016-11-08 11:00:00,1996.0,1998.6866
2016-11-08 12:00:00,1997.0,1979.2883
2016-11-08 13:00:00,1986.0,1992.6788
2016-11-08 14:00:00,1972.0,1960.7018
2016-11-08 15:00:00,1941.0,1945.4667
2016-11-08 16:00:00,1951.0,1936.3397
2016-11-08 17:00:00,2054.0,2024.7864
2016-11-08 18:00:00,2083.0,2102.6177
2016-11-08 19:00:00,2044.0,2068.1543
2016-11-08 20:00:00,1982.0,2009.6636
2016-11-08 21:00:00,1892.0,1915.826
2016-11-08 22:00:00,1783.0,1781.262
2016-11-08 23:00:00,1680.0,1653.4161
2016-11-09 00:00:00,1633.0,1594.656
2016-11-09 01:00:00,1576.0,1587.9674
2016-11-09 02:00:00,1535.0,1557.5684
2016-11-09 03:00:00,1525.0,1539.5679
2016-11-09 04:00:00,1573.0,1567.735
2016-11-09 05:00:00,1686.0,1700.8711
2016-11-09 06:00:00,1887.0,1921.2382
2016-11-09 07:00:00,1999.0,2020.4253
2016-11-09 08:00:00,2014.0,2031.4183
2016-11-09 09:00:00,2041.0,2037.2837
2016-11-09 10:00:00,2053.0,2063.357
2016-11-09 11:00:00,2036.0,2038.811
2016-11-09 12:00:00,2032.0,2023.07
2016-11-09 13:00:00,2007.0,2019.7805
2016-11-09 14:00:00,1969.0,1977.0116
2016-11-09 15:00:00,1922.0,1929.9994
2016-11-09 16:00:00,1921.0,1918.8137
2016-11-09 17:00:00,2023.0,2001.378
2016-11-09 18:00:00,2111.0,2069.4053
2016-11-09 19:00:00,2079.0,2097.4326
2016-11-09 20:00:00,2040.0,2042.6113
2016-11-09 21:00:00,1974.0,1955.9834
2016-11-09 22:00:00,1860.0,1860.2411
2016-11-09 23:00:00,1759.0,1733.202
2016-11-10 00:00:00,1691.0,1683.2449
2016-11-10 01:00:00,1652.0,1645.6069
2016-11-10 02:00:00,1627.0,1639.1909
2016-11-10 03:00:00,1627.0,1628.3464
2016-11-10 04:00:00,1677.0,1673.5988
2016-11-10 05:00:00,1817.0,1806.3109
2016-11-10 06:00:00,2029.0,2036.5563
2016-11-10 07:00:00,2121.0,2152.8577
2016-11-10 08:00:00,2104.0,2126.8508
2016-11-10 09:00:00,2066.0,2095.0781
2016-11-10 10:00:00,2044.0,2050.5222
2016-11-10 11:00:00,2007.0,2007.3046
2016-11-10 12:00:00,1983.0,1977.3085
2016-11-10 13:00:00,1972.0,1960.007
2016-11-10 14:00:00,1958.0,1947.1334
2016-11-10 15:00:00,1910.0,1921.092
2016-11-10 16:00:00,1914.0,1904.7908
2016-11-10 17:00:00,1974.0,1996.411
2016-11-10 18:00:00,2044.0,2046.8442
2016-11-10 19:00:00,2043.0,2035.7375
2016-11-10 20:00:00,2004.0,2015.7223
2016-11-10 21:00:00,1925.0,1937.6289
2016-11-10 22:00:00,1809.0,1822.696
2016-11-10 23:00:00,1709.0,1690.7747
2016-11-11 00:00:00,1654.0,1632.3768
2016-11-11 01:00:00,1590.0,1615.3557
2016-11-11 02:00:00,1551.0,1582.1455
2016-11-11 03:00:00,1552.0,1556.3718
2016-11-11 04:00:00,1587.0,1587.0792
2016-11-11 05:00:00,1687.0,1705.7617
2016-11-11 06:00:00,1898.0,1889.0092
2016-11-11 07:00:00,1981.0,2014.1671
2016-11-11 08:00:00,1999.0,1991.5255
2016-11-11 09:00:00,1987.0,2005.286
2016-11-11 10:00:00,1985.0,1974.2982
2016-11-11 11:00:00,1955.0,1957.0863
2016-11-11 12:00:00,1951.0,1928.6672
2016-11-11 13:00:00,1945.0,1933.3623
2016-11-11 14:00:00,1906.0,1918.4536
2016-11-11 15:00:00,1867.0,1864.9551
2016-11-11 16:00:00,1875.0,1864.4424
2016-11-11 17:00:00,1949.0,1944.1295
2016-11-11 18:00:00,1990.0,1992.7864
2016-11-11 19:00:00,1962.0,1973.4946
2016-11-11 20:00:00,1933.0,1929.0289
2016-11-11 21:00:00,1880.0,1876.4601
2016-11-11 22:00:00,1792.0,1796.519
2016-11-11 23:00:00,1695.0,1685.2975
2016-11-12 00:00:00,1617.0,1610.815
2016-11-12 01:00:00,1576.0,1555.7037
2016-11-12 02:00:00,1562.0,1549.1709
2016-11-12 03:00:00,1567.0,1562.9193
2016-11-12 04:00:00,1593.0,1600.6517
2016-11-12 05:00:00,1667.0,1656.4994
2016-11-12 06:00:00,1766.0,1762.7257
2016-11-12 07:00:00,1848.0,1840.1425
2016-11-12 08:00:00,1890.0,1872.7734
2016-11-12 09:00:00,1890.0,1898.9613
2016-11-12 10:00:00,1858.0,1878.4089
2016-11-12 11:00:00,1813.0,1813.59
2016-11-12 12:00:00,1754.0,1764.3802
2016-11-12 13:00:00,1692.0,1702.0125
2016-11-12 14:00:00,1657.0,1645.3331
2016-11-12 15:00:00,1629.0,1629.6733
2016-11-12 16:00:00,1644.0,1646.3319
2016-11-12 17:00:00,1745.0,1731.5261
2016-11-12 18:00:00,1821.0,1819.5836
2016-11-12 19:00:00,1813.0,1824.8114
2016-11-12 20:00:00,1813.0,1787.6908
2016-11-12 21:00:00,1775.0,1777.2183
2016-11-12 22:00:00,1722.0,1701.2711
2016-11-12 23:00:00,1638.0,1627.1947
2016-11-13 00:00:00,1590.0,1583.3966
2016-11-13 01:00:00,1559.0,1545.8276
2016-11-13 02:00:00,1551.0,1556.7509
2016-11-13 03:00:00,1543.0,1554.1372
2016-11-13 04:00:00,1566.0,1566.9197
2016-11-13 05:00:00,1606.0,1614.817
2016-11-13 06:00:00,1668.0,1682.1106
2016-11-13 07:00:00,1729.0,1732.1934
2016-11-13 08:00:00,1770.0,1766.2058
2016-11-13 09:00:00,1757.0,1786.0583
2016-11-13 10:00:00,1718.0,1743.1707
2016-11-13 11:00:00,1672.0,1680.3184
2016-11-13 12:00:00,1645.0,1644.8738
2016-11-13 13:00:00,1621.0,1618.1324
2016-11-13 14:00:00,1585.0,1598.2665
2016-11-13 15:00:00,1577.0,1587.5864
2016-11-13 16:00:00,1628.0,1601.9562
2016-11-13 17:00:00,1752.0,1749.2787
2016-11-13 18:00:00,1855.0,1841.2523
2016-11-13 19:00:00,1862.0,1853.3234
2016-11-13 20:00:00,1851.0,1840.5826
2016-11-13 21:00:00,1808.0,1793.9668
2016-11-13 22:00:00,1746.0,1723.7753
2016-11-13 23:00:00,1697.0,1671.3444
2016-11-14 00:00:00,1658.0,1645.4291
2016-11-14 01:00:00,1653.0,1645.9708
2016-11-14 02:00:00,1651.0,1659.7612
2016-11-14 03:00:00,1673.0,1666.1829
2016-11-14 04:00:00,1731.0,1740.8451
2016-11-14 05:00:00,1884.0,1867.86
2016-11-14 06:00:00,2103.0,2104.668
2016-11-14 07:00:00,2203.0,2200.0903
2016-11-14 08:00:00,2198.0,2201.0496
2016-11-14 09:00:00,2163.0,2186.0034
2016-11-14 10:00:00,2132.0,2151.1562
2016-11-14 11:00:00,2087.0,2104.354
2016-11-14 12:00:00,2061.0,2075.0935
2016-11-14 13:00:00,2029.0,2042.2566
2016-11-14 14:00:00,1990.0,1997.9567
2016-11-14 15:00:00,1946.0,1958.0703
2016-11-14 16:00:00,1944.0,1954.1624
2016-11-14 17:00:00,2040.0,2048.4526
2016-11-14 18:00:00,2115.0,2122.6992
2016-11-14 19:00:00,2098.0,2111.3538
2016-11-14 20:00:00,2065.0,2065.876
2016-11-14 21:00:00,2000.0,1990.2073
2016-11-14 22:00:00,1901.0,1881.0521
2016-11-14 23:00:00,1796.0,1774.2896
2016-11-15 00:00:00,1740.0,1723.5217
2016-11-15 01:00:00,1699.0,1704.4862
2016-11-15 02:00:00,1676.0,1683.631
2016-11-15 03:00:00,1668.0,1678.5507
2016-11-15 04:00:00,1709.0,1707.2703
2016-11-15 05:00:00,1840.0,1836.4723
2016-11-15 06:00:00,2053.0,2063.7441
2016-11-15 07:00:00,2138.0,2159.5488
2016-11-15 08:00:00,2127.0,2127.239
2016-11-15 09:00:00,2112.0,2104.527
2016-11-15 10:00:00,2073.0,2091.1655
2016-11-15 11:00:00,2028.0,2032.3289
2016-11-15 12:00:00,2021.0,2001.5457
2016-11-15 13:00:00,2000.0,2001.4497
2016-11-15 14:00:00,1986.0,1971.9998
2016-11-15 15:00:00,1948.0,1956.3214
2016-11-15 16:00:00,1950.0,1955.4438
2016-11-15 17:00:00,2028.0,2045.278
2016-11-15 18:00:00,2110.0,2096.6606
2016-11-15 19:00:00,2077.0,2108.578
2016-11-15 20:00:00,2045.0,2037.2616
2016-11-15 21:00:00,1963.0,1975.7662
2016-11-15 22:00:00,1853.0,1857.8462
2016-11-15 23:00:00,1747.0,1748.509
2016-11-16 00:00:00,1689.0,1671.3732
2016-11-16 01:00:00,1644.0,1645.8827
2016-11-16 02:00:00,1616.0,1641.1683
2016-11-16 03:00:00,1621.0,1620.5568
2016-11-16 04:00:00,1667.0,1664.6749
2016-11-16 05:00:00,1789.0,1798.53
2016-11-16 06:00:00,2009.0,2000.8015
2016-11-16 07:00:00,2028.0,2126.8613
2016-11-16 08:00:00,2066.0,2033.2905
2016-11-16 09:00:00,2044.0,2076.3801
2016-11-16 10:00:00,2029.0,2032.181
2016-11-16 11:00:00,2034.0,1996.1185
2016-11-16 12:00:00,1989.0,2031.0251
2016-11-16 13:00:00,1978.0,1959.5765
2016-11-16 14:00:00,1961.0,1938.7723
2016-11-16 15:00:00,1923.0,1932.5226
2016-11-16 16:00:00,1923.0,1920.7279
2016-11-16 17:00:00,2008.0,2006.977
2016-11-16 18:00:00,2078.0,2070.8706
2016-11-16 19:00:00,2052.0,2059.1008
2016-11-16 20:00:00,2024.0,2018.9779
2016-11-16 21:00:00,1954.0,1942.5167
2016-11-16 22:00:00,1831.0,1851.7279
2016-11-16 23:00:00,1733.0,1714.719
2016-11-17 00:00:00,1669.0,1648.4747
2016-11-17 01:00:00,1631.0,1627.5747
2016-11-17 02:00:00,1614.0,1608.4285
2016-11-17 03:00:00,1613.0,1609.9424
2016-11-17 04:00:00,1654.0,1653.2357
2016-11-17 05:00:00,1789.0,1776.271
2016-11-17 06:00:00,2002.0,2000.3545
2016-11-17 07:00:00,2094.0,2121.3574
2016-11-17 08:00:00,2090.0,2098.6746
2016-11-17 09:00:00,2061.0,2077.7944
2016-11-17 10:00:00,2033.0,2049.2415
2016-11-17 11:00:00,2014.0,1995.6266
2016-11-17 12:00:00,2013.0,1992.1904
2016-11-17 13:00:00,1997.0,2002.8036
2016-11-17 14:00:00,1981.0,1967.96
2016-11-17 15:00:00,1948.0,1943.3191
2016-11-17 16:00:00,1931.0,1951.2941
2016-11-17 17:00:00,2011.0,2013.3767
2016-11-17 18:00:00,2064.0,2081.6074
2016-11-17 19:00:00,2028.0,2050.5605
2016-11-17 20:00:00,1992.0,2001.6849
2016-11-17 21:00:00,1912.0,1929.6592
2016-11-17 22:00:00,1778.0,1800.6771
2016-11-17 23:00:00,1670.0,1648.3427
2016-11-18 00:00:00,1587.0,1583.4926
2016-11-18 01:00:00,1537.0,1538.1097
2016-11-18 02:00:00,1500.0,1511.5608
2016-11-18 03:00:00,1488.0,1498.5299
2016-11-18 04:00:00,1525.0,1523.5778
2016-11-18 05:00:00,1643.0,1643.1462
2016-11-18 06:00:00,1842.0,1866.0704
2016-11-18 07:00:00,1933.0,1953.3323
2016-11-18 08:00:00,1959.0,1947.5658
2016-11-18 09:00:00,1969.0,1963.5576
2016-11-18 10:00:00,1975.0,1978.115
2016-11-18 11:00:00,1980.0,1957.6354
2016-11-18 12:00:00,1976.0,1976.6635
2016-11-18 13:00:00,1984.0,1963.6434
2016-11-18 14:00:00,1966.0,1972.5093
2016-11-18 15:00:00,1927.0,1934.5607
2016-11-18 16:00:00,1907.0,1925.8994
2016-11-18 17:00:00,1947.0,1947.9149
2016-11-18 18:00:00,1965.0,1991.5342
2016-11-18 19:00:00,1905.0,1950.3417
2016-11-18 20:00:00,1860.0,1879.6791
2016-11-18 21:00:00,1793.0,1802.3622
2016-11-18 22:00:00,1688.0,1700.4934
2016-11-18 23:00:00,1572.0,1593.7777
2016-11-19 00:00:00,1465.0,1476.0104
2016-11-19 01:00:00,1391.0,1399.1918
2016-11-19 02:00:00,1363.0,1351.5198
2016-11-19 03:00:00,1357.0,1348.771
2016-11-19 04:00:00,1387.0,1359.8008
2016-11-19 05:00:00,1445.0,1447.1357
2016-11-19 06:00:00,1546.0,1531.1265
2016-11-19 07:00:00,1679.0,1628.0016
2016-11-19 08:00:00,1772.0,1750.5525
2016-11-19 09:00:00,1868.0,1817.8357
2016-11-19 10:00:00,1911.0,1900.4403
2016-11-19 11:00:00,1927.0,1906.558
2016-11-19 12:00:00,1925.0,1920.3175
2016-11-19 13:00:00,1913.0,1908.5378
2016-11-19 14:00:00,1915.0,1894.8851
2016-11-19 15:00:00,1911.0,1909.4485
2016-11-19 16:00:00,1945.0,1924.9631
2016-11-19 17:00:00,2026.0,2023.748
2016-11-19 18:00:00,2029.0,2048.3687
2016-11-19 19:00:00,2003.0,1999.3477
2016-11-19 20:00:00,1972.0,1966.6365
2016-11-19 21:00:00,1912.0,1933.3455
2016-11-19 22:00:00,1826.0,1807.4415
2016-11-19 23:00:00,1725.0,1710.3359
2016-11-20 00:00:00,1662.0,1633.3544
2016-11-20 01:00:00,1612.0,1599.3978
2016-11-20 02:00:00,1592.0,1575.3157
2016-11-20 03:00:00,1585.0,1585.8882
2016-11-20 04:00:00,1594.0,1606.362
2016-11-20 05:00:00,1627.0,1647.5105
2016-11-20 06:00:00,1691.0,1713.5367
2016-11-20 07:00:00,1768.0,1779.3435
2016-11-20 08:00:00,1856.0,1839.4164
2016-11-20 09:00:00,1904.0,1892.0728
2016-11-20 10:00:00,1927.0,1920.6373
2016-11-20 11:00:00,1932.0,1928.9803
2016-11-20 12:00:00,1934.0,1929.673
2016-11-20 13:00:00,1925.0,1917.4551
2016-11-20 14:00:00,1921.0,1907.7822
2016-11-20 15:00:00,1929.0,1922.8658
2016-11-20 16:00:00,1978.0,1970.6108
2016-11-20 17:00:00,2099.0,2087.3096
2016-11-20 18:00:00,2133.0,2156.1182
2016-11-20 19:00:00,2123.0,2130.334
2016-11-20 20:00:00,2084.0,2098.8792
2016-11-20 21:00:00,2017.0,2028.3273
2016-11-20 22:00:00,1926.0,1935.8264
2016-11-20 23:00:00,1859.0,1840.1261
2016-11-21 00:00:00,1807.0,1802.5162
2016-11-21 01:00:00,1773.0,1779.0945
2016-11-21 02:00:00,1762.0,1770.5789
2016-11-21 03:00:00,1776.0,1781.108
2016-11-21 04:00:00,1821.0,1847.6647
2016-11-21 05:00:00,1951.0,1956.7678
2016-11-21 06:00:00,2157.0,2160.3423
2016-11-21 07:00:00,2273.0,2280.087
2016-11-21 08:00:00,2270.0,2286.2095
2016-11-21 09:00:00,2284.0,2260.911
2016-11-21 10:00:00,2257.0,2295.4333
2016-11-21 11:00:00,2220.0,2221.3428
2016-11-21 12:00:00,2194.0,2182.1018
2016-11-21 13:00:00,2152.0,2162.3376
2016-11-21 14:00:00,2119.0,2109.1216
2016-11-21 15:00:00,2082.0,2078.3267
2016-11-21 16:00:00,2100.0,2095.9915
2016-11-21 17:00:00,2251.0,2220.682
2016-11-21 18:00:00,2321.0,2311.1248
2016-11-21 19:00:00,2309.0,2310.6733
2016-11-21 20:00:00,2281.0,2267.1765
2016-11-21 21:00:00,2221.0,2198.809
2016-11-21 22:00:00,2099.0,2092.8064
2016-11-21 23:00:00,1995.0,1979.746
2016-11-22 00:00:00,1931.0,1907.7316
2016-11-22 01:00:00,1899.0,1892.3489
2016-11-22 02:00:00,1870.0,1884.3535
2016-11-22 03:00:00,1875.0,1877.0957
2016-11-22 04:00:00,1933.0,1917.8557
2016-11-22 05:00:00,2052.0,2067.1826
2016-11-22 06:00:00,2264.0,2248.4602
2016-11-22 07:00:00,2347.0,2379.3108
2016-11-22 08:00:00,2338.0,2343.3403
2016-11-22 09:00:00,2316.0,2315.22
2016-11-22 10:00:00,2299.0,2294.0583
2016-11-22 11:00:00,2237.0,2254.8462
2016-11-22 12:00:00,2204.0,2193.4143
2016-11-22 13:00:00,2143.0,2160.2695
2016-11-22 14:00:00,2115.0,2105.0713
2016-11-22 15:00:00,2083.0,2070.4377
2016-11-22 16:00:00,2112.0,2106.2961
2016-11-22 17:00:00,2237.0,2234.4854
2016-11-22 18:00:00,2279.0,2317.0325
2016-11-22 19:00:00,2267.0,2262.924
2016-11-22 20:00:00,2240.0,2236.2053
2016-11-22 21:00:00,2187.0,2167.961
2016-11-22 22:00:00,2075.0,2064.288
2016-11-22 23:00:00,1970.0,1956.6407
2016-11-23 00:00:00,1890.0,1883.8474
2016-11-23 01:00:00,1822.0,1843.4844
2016-11-23 02:00:00,1786.0,1792.0511
2016-11-23 03:00:00,1778.0,1778.1313
2016-11-23 04:00:00,1813.0,1806.3695
2016-11-23 05:00:00,1901.0,1933.1981
2016-11-23 06:00:00,2054.0,2090.6611
2016-11-23 07:00:00,2171.0,2182.5544
2016-11-23 08:00:00,2199.0,2184.9565
2016-11-23 09:00:00,2230.0,2193.4077
2016-11-23 10:00:00,2252.0,2221.5588
2016-11-23 11:00:00,2234.0,2224.5557
2016-11-23 12:00:00,2210.0,2205.414
2016-11-23 13:00:00,2177.0,2184.6182
2016-11-23 14:00:00,2127.0,2138.0754
2016-11-23 15:00:00,2083.0,2078.331
2016-11-23 16:00:00,2097.0,2090.2964
2016-11-23 17:00:00,2170.0,2201.0625
2016-11-23 18:00:00,2162.0,2230.542
2016-11-23 19:00:00,2097.0,2152.9717
2016-11-23 20:00:00,2045.0,2069.4355
2016-11-23 21:00:00,1960.0,1988.7626
2016-11-23 22:00:00,1808.0,1861.7257
2016-11-23 23:00:00,1655.0,1699.241
2016-11-24 00:00:00,1548.0,1569.824
2016-11-24 01:00:00,1472.0,1474.9729
2016-11-24 02:00:00,1426.0,1437.0436
2016-11-24 03:00:00,1396.0,1401.006
2016-11-24 04:00:00,1387.0,1416.8047
2016-11-24 05:00:00,1406.0,1437.3757
2016-11-24 06:00:00,1446.0,1509.6177
2016-11-24 07:00:00,1530.0,1527.8109
2016-11-24 08:00:00,1620.0,1613.4353
2016-11-24 09:00:00,1730.0,1699.3533
2016-11-24 10:00:00,1815.0,1792.7358
2016-11-24 11:00:00,1826.0,1808.7056
2016-11-24 12:00:00,1757.0,1779.4314
2016-11-24 13:00:00,1667.0,1694.9755
2016-11-24 14:00:00,1605.0,1607.0803
2016-11-24 15:00:00,1564.0,1555.904
2016-11-24 16:00:00,1552.0,1563.12
2016-11-24 17:00:00,1601.0,1607.5038
2016-11-24 18:00:00,1599.0,1632.5535
2016-11-24 19:00:00,1601.0,1621.9124
2016-11-24 20:00:00,1601.0,1593.7622
2016-11-24 21:00:00,1575.0,1576.0496
2016-11-24 22:00:00,1540.0,1513.6576
2016-11-24 23:00:00,1477.0,1475.482
2016-11-25 00:00:00,1428.0,1431.1226
2016-11-25 01:00:00,1398.0,1391.986
2016-11-25 02:00:00,1380.0,1385.0074
2016-11-25 03:00:00,1381.0,1383.8423
2016-11-25 04:00:00,1412.0,1424.7454
2016-11-25 05:00:00,1477.0,1501.1676
2016-11-25 06:00:00,1556.0,1610.585
2016-11-25 07:00:00,1651.0,1677.2155
2016-11-25 08:00:00,1703.0,1736.6987
2016-11-25 09:00:00,1764.0,1783.3203
2016-11-25 10:00:00,1799.0,1813.442
2016-11-25 11:00:00,1820.0,1778.6407
2016-11-25 12:00:00,1816.0,1811.733
2016-11-25 13:00:00,1809.0,1799.106
2016-11-25 14:00:00,1805.0,1783.2118
2016-11-25 15:00:00,1795.0,1801.8544
2016-11-25 16:00:00,1832.0,1822.9735
2016-11-25 17:00:00,1914.0,1925.9438
2016-11-25 18:00:00,1908.0,1949.5469
2016-11-25 19:00:00,1879.0,1892.2072
2016-11-25 20:00:00,1847.0,1856.6661
2016-11-25 21:00:00,1787.0,1809.3273
2016-11-25 22:00:00,1723.0,1703.9722
2016-11-25 23:00:00,1633.0,1633.8568
2016-11-26 00:00:00,1558.0,1553.6156
2016-11-26 01:00:00,1510.0,1499.2638
2016-11-26 02:00:00,1477.0,1482.7172
2016-11-26 03:00:00,1471.0,1468.5403
2016-11-26 04:00:00,1477.0,1487.3184
2016-11-26 05:00:00,1522.0,1529.0555
2016-11-26 06:00:00,1597.0,1594.508
2016-11-26 07:00:00,1669.0,1690.7278
2016-11-26 08:00:00,1734.0,1732.9382
2016-11-26 09:00:00,1786.0,1788.479
2016-11-26 10:00:00,1791.0,1815.8656
2016-11-26 11:00:00,1810.0,1782.1805
2016-11-26 12:00:00,1788.0,1793.0056
2016-11-26 13:00:00,1748.0,1764.2808
2016-11-26 14:00:00,1731.0,1716.6166
2016-11-26 15:00:00,1708.0,1712.6398
2016-11-26 16:00:00,1745.0,1728.4371
2016-11-26 17:00:00,1841.0,1850.1744
2016-11-26 18:00:00,1881.0,1891.6298
2016-11-26 19:00:00,1861.0,1876.286
2016-11-26 20:00:00,1853.0,1847.5295
2016-11-26 21:00:00,1814.0,1812.5778
2016-11-26 22:00:00,1753.0,1727.6915
2016-11-26 23:00:00,1684.0,1668.4984
2016-11-27 00:00:00,1616.0,1616.5181
2016-11-27 01:00:00,1588.0,1573.391
2016-11-27 02:00:00,1570.0,1572.7764
2016-11-27 03:00:00,1572.0,1563.6691
2016-11-27 04:00:00,1585.0,1591.1897
2016-11-27 05:00:00,1615.0,1635.284
2016-11-27 06:00:00,1694.0,1690.3151
2016-11-27 07:00:00,1763.0,1772.5321
2016-11-27 08:00:00,1804.0,1826.9277
2016-11-27 09:00:00,1798.0,1841.9489
2016-11-27 10:00:00,1773.0,1815.6328
2016-11-27 11:00:00,1745.0,1761.0886
2016-11-27 12:00:00,1727.0,1725.4103
2016-11-27 13:00:00,1682.0,1692.3995
2016-11-27 14:00:00,1655.0,1652.0956
2016-11-27 15:00:00,1663.0,1639.659
2016-11-27 16:00:00,1722.0,1708.586
2016-11-27 17:00:00,1893.0,1870.1748
2016-11-27 18:00:00,1950.0,1976.4005
2016-11-27 19:00:00,1958.0,1950.6715
2016-11-27 20:00:00,1939.0,1935.3307
2016-11-27 21:00:00,1879.0,1883.0089
2016-11-27 22:00:00,1811.0,1807.5144
2016-11-27 23:00:00,1750.0,1730.7104
2016-11-28 00:00:00,1689.0,1689.9244
2016-11-28 01:00:00,1660.0,1658.1793
2016-11-28 02:00:00,1640.0,1650.3932
2016-11-28 03:00:00,1645.0,1651.742
2016-11-28 04:00:00,1688.0,1683.8684
2016-11-28 05:00:00,1811.0,1823.7771
2016-11-28 06:00:00,2000.0,2033.5566
2016-11-28 07:00:00,2114.0,2141.8115
2016-11-28 08:00:00,2124.0,2146.0857
2016-11-28 09:00:00,2145.0,2126.9802
2016-11-28 10:00:00,2154.0,2157.3413
2016-11-28 11:00:00,2132.0,2138.224
2016-11-28 12:00:00,2139.0,2114.834
2016-11-28 13:00:00,2117.0,2129.9016
2016-11-28 14:00:00,2098.0,2097.0322
2016-11-28 15:00:00,2088.0,2066.1204
2016-11-28 16:00:00,2133.0,2104.9656
2016-11-28 17:00:00,2235.0,2250.7642
2016-11-28 18:00:00,2233.0,2289.0906
2016-11-28 19:00:00,2211.0,2212.5664
2016-11-28 20:00:00,2170.0,2173.8538
2016-11-28 21:00:00,2076.0,2076.4558
2016-11-28 22:00:00,1938.0,1955.3563
2016-11-28 23:00:00,1818.0,1808.8812
2016-11-29 00:00:00,1730.0,1728.416
2016-11-29 01:00:00,1655.0,1682.7429
2016-11-29 02:00:00,1612.0,1630.4952
2016-11-29 03:00:00,1597.0,1607.4264
2016-11-29 04:00:00,1636.0,1626.8777
2016-11-29 05:00:00,1744.0,1740.3021
2016-11-29 06:00:00,1939.0,1949.6486
2016-11-29 07:00:00,2043.0,2069.8235
2016-11-29 08:00:00,2023.0,2076.3606
2016-11-29 09:00:00,2025.0,2025.294
2016-11-29 10:00:00,2014.0,2034.0386
2016-11-29 11:00:00,2007.0,2000.3315
2016-11-29 12:00:00,1989.0,1994.1083
2016-11-29 13:00:00,1972.0,1975.7622
2016-11-29 14:00:00,1958.0,1950.2668
2016-11-29 15:00:00,1923.0,1931.0991
2016-11-29 16:00:00,1938.0,1931.6582
2016-11-29 17:00:00,2051.0,2043.3312
2016-11-29 18:00:00,2114.0,2091.054
2016-11-29 19:00:00,2080.0,2090.274
2016-11-29 20:00:00,2052.0,2043.0662
2016-11-29 21:00:00,1978.0,1979.8662
2016-11-29 22:00:00,1842.0,1867.902
2016-11-29 23:00:00,1727.0,1726.1747
2016-11-30 00:00:00,1644.0,1628.8425
2016-11-30 01:00:00,1582.0,1593.6167
2016-11-30 02:00:00,1547.0,1570.1588
2016-11-30 03:00:00,1539.0,1542.0011
2016-11-30 04:00:00,1566.0,1572.6967
2016-11-30 05:00:00,1685.0,1678.1375
2016-11-30 06:00:00,1888.0,1892.6826
2016-11-30 07:00:00,2011.0,2013.8356
2016-11-30 08:00:00,2008.0,2036.2257
2016-11-30 09:00:00,2015.0,2010.8306
2016-11-30 10:00:00,2004.0,2021.5529
2016-11-30 11:00:00,1983.0,1979.1942
2016-11-30 12:00:00,1984.0,1959.8052
2016-11-30 13:00:00,1981.0,1967.9802
2016-11-30 14:00:00,1964.0,1956.9149
2016-11-30 15:00:00,1946.0,1937.4349
2016-11-30 16:00:00,1995.0,1949.3671
2016-11-30 17:00:00,2118.0,2084.7053
2016-11-30 18:00:00,2142.0,2167.0796
2016-11-30 19:00:00,2130.0,2122.7349
2016-11-30 20:00:00,2116.0,2079.1714
2016-11-30 21:00:00,2048.0,2032.7561
2016-11-30 22:00:00,1944.0,1934.0966
2016-11-30 23:00:00,1834.0,1816.2441
2016-12-01 00:00:00,1763.0,1756.3729
2016-12-01 01:00:00,1720.0,1717.1105
2016-12-01 02:00:00,1686.0,1701.857
2016-12-01 03:00:00,1688.0,1691.497
2016-12-01 04:00:00,1733.0,1734.2218
2016-12-01 05:00:00,1861.0,1849.5768
2016-12-01 06:00:00,2078.0,2090.1914
2016-12-01 07:00:00,2204.0,2178.9714
2016-12-01 08:00:00,2206.0,2199.33
2016-12-01 09:00:00,2224.0,2211.013
2016-12-01 10:00:00,2241.0,2234.3513
2016-12-01 11:00:00,2255.0,2224.225
2016-12-01 12:00:00,2245.0,2244.5342
2016-12-01 13:00:00,2241.0,2225.3325
2016-12-01 14:00:00,2221.0,2224.4668
2016-12-01 15:00:00,2197.0,2197.959
2016-12-01 16:00:00,2226.0,2221.4268
2016-12-01 17:00:00,2332.0,2358.4324
2016-12-01 18:00:00,2357.0,2384.252
2016-12-01 19:00:00,2328.0,2344.443
2016-12-01 20:00:00,2287.0,2303.1716
2016-12-01 21:00:00,2202.0,2230.2737
2016-12-01 22:00:00,2087.0,2077.9338
2016-12-01 23:00:00,1944.0,1952.5404
2016-12-02 00:00:00,1865.0,1847.3032
2016-12-02 01:00:00,1808.0,1799.6637
2016-12-02 02:00:00,1768.0,1786.6619
2016-12-02 03:00:00,1752.0,1758.0942
2016-12-02 04:00:00,1801.0,1785.0397
2016-12-02 05:00:00,1923.0,1916.3131
2016-12-02 06:00:00,2120.0,2138.0608
2016-12-02 07:00:00,2236.0,2264.679
2016-12-02 08:00:00,2232.0,2261.4985
2016-12-02 09:00:00,2243.0,2228.536
2016-12-02 10:00:00,2248.0,2241.7466
2016-12-02 11:00:00,2230.0,2218.4175
2016-12-02 12:00:00,2220.0,2205.247
2016-12-02 13:00:00,2221.0,2195.5479
2016-12-02 14:00:00,2190.0,2192.5503
2016-12-02 15:00:00,2161.0,2159.2268
2016-12-02 16:00:00,2189.0,2188.8093
2016-12-02 17:00:00,2276.0,2309.599
2016-12-02 18:00:00,2272.0,2306.8472
2016-12-02 19:00:00,2223.0,2234.7122
2016-12-02 20:00:00,2177.0,2184.0242
2016-12-02 21:00:00,2112.0,2124.643
2016-12-02 22:00:00,2020.0,1996.2893
2016-12-02 23:00:00,1869.0,1889.8198
2016-12-03 00:00:00,1771.0,1779.7026
2016-12-03 01:00:00,1704.0,1706.9203
2016-12-03 02:00:00,1665.0,1668.8424
2016-12-03 03:00:00,1662.0,1657.9928
2016-12-03 04:00:00,1671.0,1679.7728
2016-12-03 05:00:00,1720.0,1724.6879
2016-12-03 06:00:00,1801.0,1814.1855
2016-12-03 07:00:00,1898.0,1888.1436
2016-12-03 08:00:00,1961.0,1956.6761
2016-12-03 09:00:00,2006.0,2007.3986
2016-12-03 10:00:00,2030.0,2027.0834
2016-12-03 11:00:00,2001.0,2015.9877
2016-12-03 12:00:00,1967.0,1965.3721
2016-12-03 13:00:00,1943.0,1925.0068
2016-12-03 14:00:00,1908.0,1906.1423
2016-12-03 15:00:00,1899.0,1892.3917
2016-12-03 16:00:00,1918.0,1912.6843
2016-12-03 17:00:00,2039.0,2017.0662
2016-12-03 18:00:00,2052.0,2083.3223
2016-12-03 19:00:00,2008.0,2011.6439
2016-12-03 20:00:00,1990.0,1972.4122
2016-12-03 21:00:00,1960.0,1942.3918
2016-12-03 22:00:00,1882.0,1874.6096
2016-12-03 23:00:00,1786.0,1789.057
2016-12-04 00:00:00,1720.0,1711.9427
2016-12-04 01:00:00,1656.0,1671.6942
2016-12-04 02:00:00,1614.0,1629.2197
2016-12-04 03:00:00,1606.0,1606.956
2016-12-04 04:00:00,1617.0,1619.6051
2016-12-04 05:00:00,1643.0,1650.761
2016-12-04 06:00:00,1693.0,1717.4374
2016-12-04 07:00:00,1784.0,1772.3302
2016-12-04 08:00:00,1824.0,1846.0677
2016-12-04 09:00:00,1886.0,1871.7191
2016-12-04 10:00:00,1896.0,1880.285
2016-12-04 11:00:00,1901.0,1883.0176
2016-12-04 12:00:00,1905.0,1894.4048
2016-12-04 13:00:00,1891.0,1889.1031
2016-12-04 14:00:00,1890.0,1860.9258
2016-12-04 15:00:00,1897.0,1898.0402
2016-12-04 16:00:00,1976.0,1948.7882
2016-12-04 17:00:00,2109.0,2108.1504
2016-12-04 18:00:00,2135.0,2174.2122
2016-12-04 19:00:00,2120.0,2126.7983
2016-12-04 20:00:00,2089.0,2096.9426
2016-12-04 21:00:00,2010.0,2033.2325
2016-12-04 22:00:00,1913.0,1921.7772
2016-12-04 23:00:00,1829.0,1813.6135
2016-12-05 00:00:00,1769.0,1766.7039
2016-12-05 01:00:00,1738.0,1734.3479
2016-12-05 02:00:00,1718.0,1728.8191
2016-12-05 03:00:00,1731.0,1726.9812
2016-12-05 04:00:00,1784.0,1779.938
2016-12-05 05:00:00,1919.0,1930.6431
2016-12-05 06:00:00,2122.0,2137.5217
2016-12-05 07:00:00,2265.0,2279.7595
2016-12-05 08:00:00,2264.0,2274.875
2016-12-05 09:00:00,2271.0,2275.641
2016-12-05 10:00:00,2262.0,2274.915
2016-12-05 11:00:00,2247.0,2235.085
2016-12-05 12:00:00,2223.0,2223.826
2016-12-05 13:00:00,2126.0,2189.5645
2016-12-05 14:00:00,2160.0,2082.642
2016-12-05 15:00:00,2149.0,2151.238
2016-12-05 16:00:00,2119.0,2178.743
2016-12-05 17:00:00,2293.0,2222.6743
2016-12-05 18:00:00,2340.0,2362.5405
2016-12-05 19:00:00,2333.0,2331.4995
2016-12-05 20:00:00,2314.0,2302.8992
2016-12-05 21:00:00,2256.0,2237.5242
2016-12-05 22:00:00,2137.0,2138.6775
2016-12-05 23:00:00,2012.0,2012.1876
2016-12-06 00:00:00,1930.0,1924.898
2016-12-06 01:00:00,1875.0,1879.1654
2016-12-06 02:00:00,1827.0,1853.5885
2016-12-06 03:00:00,1812.0,1826.4792
2016-12-06 04:00:00,1850.0,1837.4664
2016-12-06 05:00:00,1979.0,1970.9581
2016-12-06 06:00:00,2172.0,2204.0952
2016-12-06 07:00:00,2309.0,2307.8506
2016-12-06 08:00:00,2304.0,2306.0312
2016-12-06 09:00:00,2309.0,2287.905
2016-12-06 10:00:00,2337.0,2303.672
2016-12-06 11:00:00,2311.0,2327.0942
2016-12-06 12:00:00,2297.0,2286.0203
2016-12-06 13:00:00,2276.0,2271.4534
2016-12-06 14:00:00,2247.0,2253.2317
2016-12-06 15:00:00,2217.0,2213.122
2016-12-06 16:00:00,2254.0,2239.808
2016-12-06 17:00:00,2371.0,2385.6077
2016-12-06 18:00:00,2384.0,2426.139
2016-12-06 19:00:00,2361.0,2374.4375
2016-12-06 20:00:00,2326.0,2321.8018
2016-12-06 21:00:00,2243.0,2259.2466
2016-12-06 22:00:00,2126.0,2127.737
2016-12-06 23:00:00,1996.0,1991.8627
2016-12-07 00:00:00,1928.0,1906.3118
2016-12-07 01:00:00,1893.0,1881.2932
2016-12-07 02:00:00,1866.0,1878.3
2016-12-07 03:00:00,1877.0,1876.1483
2016-12-07 04:00:00,1940.0,1927.8176
2016-12-07 05:00:00,2073.0,2092.8596
2016-12-07 06:00:00,2292.0,2294.971
2016-12-07 07:00:00,2420.0,2426.4993
2016-12-07 08:00:00,2391.0,2406.376
2016-12-07 09:00:00,2353.0,2370.083
2016-12-07 10:00:00,2322.0,2331.268
2016-12-07 11:00:00,2288.0,2275.8213
2016-12-07 12:00:00,2263.0,2249.4514
2016-12-07 13:00:00,2253.0,2238.7505
2016-12-07 14:00:00,2230.0,2228.1245
2016-12-07 15:00:00,2208.0,2196.9124
2016-12-07 16:00:00,2246.0,2239.3271
2016-12-07 17:00:00,2393.0,2380.5498
2016-12-07 18:00:00,2441.0,2445.9458
2016-12-07 19:00:00,2416.0,2421.1567
2016-12-07 20:00:00,2413.0,2379.1462
2016-12-07 21:00:00,2313.0,2343.392
2016-12-07 22:00:00,2193.0,2180.9539
2016-12-07 23:00:00,2073.0,2061.1167
2016-12-08 00:00:00,2002.0,1980.0886
2016-12-08 01:00:00,1954.0,1945.9531
2016-12-08 02:00:00,1934.0,1933.7347
2016-12-08 03:00:00,1942.0,1940.8638
2016-12-08 04:00:00,1991.0,1988.0697
2016-12-08 05:00:00,2135.0,2136.94
2016-12-08 06:00:00,2351.0,2358.8032
2016-12-08 07:00:00,2502.0,2476.6372
2016-12-08 08:00:00,2494.0,2466.3074
2016-12-08 09:00:00,2483.0,2473.8438
2016-12-08 10:00:00,2483.0,2464.0662
2016-12-08 11:00:00,2495.0,2451.8862
2016-12-08 12:00:00,2504.0,2471.6682
2016-12-08 13:00:00,2510.0,2488.9229
2016-12-08 14:00:00,2515.0,2497.432
2016-12-08 15:00:00,2500.0,2502.6355
2016-12-08 16:00:00,2548.0,2534.1401
2016-12-08 17:00:00,2656.0,2669.3433
2016-12-08 18:00:00,2685.0,2712.9893
2016-12-08 19:00:00,2657.0,2655.3574
2016-12-08 20:00:00,2619.0,2611.6772
2016-12-08 21:00:00,2553.0,2546.803
2016-12-08 22:00:00,2420.0,2414.3987
2016-12-08 23:00:00,2288.0,2268.192
2016-12-09 00:00:00,2216.0,2177.8086
2016-12-09 01:00:00,2157.0,2163.829
2016-12-09 02:00:00,2117.0,2132.2605
2016-12-09 03:00:00,2117.0,2127.7847
2016-12-09 04:00:00,2163.0,2145.849
2016-12-09 05:00:00,2290.0,2290.5608
2016-12-09 06:00:00,2493.0,2519.9817
2016-12-09 07:00:00,2609.0,2623.4458
2016-12-09 08:00:00,2600.0,2594.586
2016-12-09 09:00:00,2571.0,2584.1897
2016-12-09 10:00:00,2552.0,2534.6687
2016-12-09 11:00:00,2514.0,2499.591
2016-12-09 12:00:00,2510.0,2473.6277
2016-12-09 13:00:00,2500.0,2489.3977
2016-12-09 14:00:00,2489.0,2474.3076
2016-12-09 15:00:00,2436.0,2444.6094
2016-12-09 16:00:00,2457.0,2460.484
2016-12-09 17:00:00,2547.0,2591.7527
2016-12-09 18:00:00,2537.0,2598.8196
2016-12-09 19:00:00,2495.0,2487.7156
2016-12-09 20:00:00,2463.0,2454.2766
2016-12-09 21:00:00,2393.0,2396.2688
2016-12-09 22:00:00,2286.0,2281.083
2016-12-09 23:00:00,2145.0,2148.061
2016-12-10 00:00:00,2046.0,2028.9471
2016-12-10 01:00:00,1979.0,1981.5754
2016-12-10 02:00:00,1950.0,1943.994
2016-12-10 03:00:00,1934.0,1936.4283
2016-12-10 04:00:00,1958.0,1945.8073
2016-12-10 05:00:00,2009.0,2026.6442
2016-12-10 06:00:00,2096.0,2106.769
2016-12-10 07:00:00,2184.0,2193.9812
2016-12-10 08:00:00,2240.0,2237.778
2016-12-10 09:00:00,2275.0,2282.4297
2016-12-10 10:00:00,2278.0,2288.5645
2016-12-10 11:00:00,2264.0,2232.294
2016-12-10 12:00:00,2243.0,2230.328
2016-12-10 13:00:00,2206.0,2208.7307
2016-12-10 14:00:00,2154.0,2179.006
2016-12-10 15:00:00,2138.0,2133.8145
2016-12-10 16:00:00,2147.0,2152.2725
2016-12-10 17:00:00,2267.0,2274.8137
2016-12-10 18:00:00,2293.0,2319.2432
2016-12-10 19:00:00,2257.0,2274.4185
2016-12-10 20:00:00,2228.0,2215.5867
2016-12-10 21:00:00,2180.0,2161.2297
2016-12-10 22:00:00,2096.0,2081.0405
2016-12-10 23:00:00,1993.0,1989.3816
2016-12-11 00:00:00,1900.0,1897.1453
2016-12-11 01:00:00,1841.0,1850.5447
2016-12-11 02:00:00,1812.0,1805.7638
2016-12-11 03:00:00,1805.0,1800.1978
2016-12-11 04:00:00,1810.0,1810.8766
2016-12-11 05:00:00,1840.0,1857.0466
2016-12-11 06:00:00,1900.0,1899.9656
2016-12-11 07:00:00,1977.0,1990.8578
2016-12-11 08:00:00,2034.0,2038.1299
2016-12-11 09:00:00,2095.0,2095.1528
2016-12-11 10:00:00,2108.0,2116.615
2016-12-11 11:00:00,2100.0,2089.6123
2016-12-11 12:00:00,2108.0,2082.3638
2016-12-11 13:00:00,2070.0,2089.977
2016-12-11 14:00:00,2056.0,2035.3187
2016-12-11 15:00:00,2055.0,2045.3771
2016-12-11 16:00:00,2117.0,2112.5793
2016-12-11 17:00:00,2267.0,2274.1265
2016-12-11 18:00:00,2282.0,2331.8096
2016-12-11 19:00:00,2265.0,2260.4465
2016-12-11 20:00:00,2220.0,2245.6567
2016-12-11 21:00:00,2149.0,2161.4949
2016-12-11 22:00:00,2040.0,2054.4263
2016-12-11 23:00:00,1948.0,1939.3708
2016-12-12 00:00:00,1870.0,1873.8927
2016-12-12 01:00:00,1822.0,1821.141
2016-12-12 02:00:00,1793.0,1805.3876
2016-12-12 03:00:00,1786.0,1785.3132
2016-12-12 04:00:00,1820.0,1816.9458
2016-12-12 05:00:00,1960.0,1949.3596
2016-12-12 06:00:00,2162.0,2186.1484
2016-12-12 07:00:00,2306.0,2308.5632
2016-12-12 08:00:00,2330.0,2327.1902
2016-12-12 09:00:00,2342.0,2348.05
2016-12-12 10:00:00,2375.0,2345.0605
2016-12-12 11:00:00,2379.0,2363.2852
2016-12-12 12:00:00,2375.0,2366.0127
2016-12-12 13:00:00,2375.0,2348.7605
2016-12-12 14:00:00,2355.0,2346.6057
2016-12-12 15:00:00,2333.0,2326.9666
2016-12-12 16:00:00,2385.0,2364.2556
2016-12-12 17:00:00,2519.0,2523.275
2016-12-12 18:00:00,2550.0,2571.3164
2016-12-12 19:00:00,2527.0,2518.1045
2016-12-12 20:00:00,2478.0,2477.8616
2016-12-12 21:00:00,2405.0,2395.19
2016-12-12 22:00:00,2255.0,2256.5251
2016-12-12 23:00:00,2141.0,2104.3005
2016-12-13 00:00:00,2047.0,2046.4474
2016-12-13 01:00:00,2015.0,2003.1891
2016-12-13 02:00:00,1990.0,1995.1766
2016-12-13 03:00:00,1969.0,1993.7141
2016-12-13 04:00:00,2006.0,2018.0544
2016-12-13 05:00:00,2115.0,2121.5327
2016-12-13 06:00:00,2318.0,2341.3057
2016-12-13 07:00:00,2435.0,2481.7053
2016-12-13 08:00:00,2436.0,2454.6016
2016-12-13 09:00:00,2438.0,2440.8142
2016-12-13 10:00:00,2439.0,2426.473
2016-12-13 11:00:00,2429.0,2409.3843
2016-12-13 12:00:00,2413.0,2415.2617
2016-12-13 13:00:00,2401.0,2388.7815
2016-12-13 14:00:00,2399.0,2366.882
2016-12-13 15:00:00,2359.0,2374.3008
2016-12-13 16:00:00,2393.0,2391.1729
2016-12-13 17:00:00,2515.0,2532.9395
2016-12-13 18:00:00,2558.0,2574.7222
2016-12-13 19:00:00,2533.0,2538.0447
2016-12-13 20:00:00,2502.0,2487.2634
2016-12-13 21:00:00,2434.0,2428.877
2016-12-13 22:00:00,2318.0,2297.3892
2016-12-13 23:00:00,2203.0,2179.75
2016-12-14 00:00:00,2138.0,2113.8152
2016-12-14 01:00:00,2101.0,2093.4734
2016-12-14 02:00:00,2089.0,2077.454
2016-12-14 03:00:00,2105.0,2091.9019
2016-12-14 04:00:00,2180.0,2170.065
2016-12-14 05:00:00,2331.0,2318.0044
2016-12-14 06:00:00,2562.0,2564.1257
2016-12-14 07:00:00,2687.0,2680.7075
2016-12-14 08:00:00,2689.0,2667.935
2016-12-14 09:00:00,2647.0,2676.2307
2016-12-14 10:00:00,2587.0,2610.8025
2016-12-14 11:00:00,2525.0,2537.6711
2016-12-14 12:00:00,2494.0,2494.4636
2016-12-14 13:00:00,2495.0,2446.635
2016-12-14 14:00:00,2476.0,2455.7715
2016-12-14 15:00:00,2486.0,2438.7893
2016-12-14 16:00:00,2541.0,2512.7944
2016-12-14 17:00:00,2681.0,2671.8328
2016-12-14 18:00:00,2729.0,2745.4045
2016-12-14 19:00:00,2723.0,2702.1284
2016-12-14 20:00:00,2700.0,2679.6028
2016-12-14 21:00:00,2653.0,2644.526
2016-12-14 22:00:00,2555.0,2519.1685
2016-12-14 23:00:00,2440.0,2410.161
2016-12-15 00:00:00,2388.0,2351.5706
2016-12-15 01:00:00,2362.0,2334.7498
2016-12-15 02:00:00,2341.0,2329.1125
2016-12-15 03:00:00,2356.0,2362.859
2016-12-15 04:00:00,2434.0,2414.694
2016-12-15 05:00:00,2566.0,2614.8997
2016-12-15 06:00:00,2737.0,2783.1016
2016-12-15 07:00:00,2885.0,2858.876
2016-12-15 08:00:00,2911.0,2835.9949
2016-12-15 09:00:00,2869.0,2862.6982
2016-12-15 10:00:00,2824.0,2832.908
2016-12-15 11:00:00,2764.0,2723.3672
2016-12-15 12:00:00,2721.0,2712.5989
2016-12-15 13:00:00,2681.0,2665.5579
2016-12-15 14:00:00,2642.0,2615.545
2016-12-15 15:00:00,2628.0,2599.5833
2016-12-15 16:00:00,2667.0,2650.1438
2016-12-15 17:00:00,2853.0,2792.1943
2016-12-15 18:00:00,2919.0,2920.8018
2016-12-15 19:00:00,2911.0,2882.4338
2016-12-15 20:00:00,2901.0,2876.0476
2016-12-15 21:00:00,2826.0,2836.928
2016-12-15 22:00:00,2698.0,2652.7166
2016-12-15 23:00:00,2570.0,2528.5593
2016-12-16 00:00:00,2476.0,2444.3801
2016-12-16 01:00:00,2408.0,2408.8525
2016-12-16 02:00:00,2361.0,2367.8545
2016-12-16 03:00:00,2356.0,2349.3267
2016-12-16 04:00:00,2380.0,2378.6516
2016-12-16 05:00:00,2481.0,2461.5066
2016-12-16 06:00:00,2652.0,2679.4543
2016-12-16 07:00:00,2780.0,2825.4045
2016-12-16 08:00:00,2781.0,2826.3167
2016-12-16 09:00:00,2779.0,2761.9084
2016-12-16 10:00:00,2756.0,2742.1033
2016-12-16 11:00:00,2730.0,2692.99
2016-12-16 12:00:00,2683.0,2652.907
2016-12-16 13:00:00,2593.0,2615.309
2016-12-16 14:00:00,2642.0,2526.708
2016-12-16 15:00:00,2564.0,2619.943
2016-12-16 16:00:00,2583.0,2580.6672
2016-12-16 17:00:00,2688.0,2723.8164
2016-12-16 18:00:00,2684.0,2746.9456
2016-12-16 19:00:00,2617.0,2658.058
2016-12-16 20:00:00,2560.0,2568.0461
2016-12-16 21:00:00,2485.0,2483.243
2016-12-16 22:00:00,2355.0,2356.2222
2016-12-16 23:00:00,2202.0,2221.2292
2016-12-17 00:00:00,2077.0,2076.8718
2016-12-17 01:00:00,1989.0,2002.3704
2016-12-17 02:00:00,1944.0,1941.6953
2016-12-17 03:00:00,1912.0,1915.3424
2016-12-17 04:00:00,1915.0,1920.1442
2016-12-17 05:00:00,1933.0,1959.0975
2016-12-17 06:00:00,1988.0,2010.0526
2016-12-17 07:00:00,2060.0,2067.3494
2016-12-17 08:00:00,2115.0,2125.2012
2016-12-17 09:00:00,2157.0,2175.776
2016-12-17 10:00:00,2194.0,2186.32
2016-12-17 11:00:00,2182.0,2200.4487
2016-12-17 12:00:00,2153.0,2161.5103
2016-12-17 13:00:00,2109.0,2135.0999
2016-12-17 14:00:00,2064.0,2092.2012
2016-12-17 15:00:00,2040.0,2034.1515
2016-12-17 16:00:00,2066.0,2070.623
2016-12-17 17:00:00,2121.0,2179.3892
2016-12-17 18:00:00,2125.0,2176.619
2016-12-17 19:00:00,2107.0,2092.5073
2016-12-17 20:00:00,2076.0,2092.2986
2016-12-17 21:00:00,2031.0,2040.8219
2016-12-17 22:00:00,1984.0,1932.8312
2016-12-17 23:00:00,1882.0,1880.9996
2016-12-18 00:00:00,1807.0,1792.87
2016-12-18 01:00:00,1763.0,1748.1039
2016-12-18 02:00:00,1745.0,1740.3044
2016-12-18 03:00:00,1745.0,1742.1106
2016-12-18 04:00:00,1753.0,1764.913
2016-12-18 05:00:00,1817.0,1787.7523
2016-12-18 06:00:00,1897.0,1884.8076
2016-12-18 07:00:00,2003.0,2004.5435
2016-12-18 08:00:00,2086.0,2082.795
2016-12-18 09:00:00,2172.0,2133.6194
2016-12-18 10:00:00,2218.0,2187.6501
2016-12-18 11:00:00,2232.0,2234.8477
2016-12-18 12:00:00,2236.0,2229.4763
2016-12-18 13:00:00,2222.0,2222.3813
2016-12-18 14:00:00,2214.0,2198.79
2016-12-18 15:00:00,2201.0,2210.2378
2016-12-18 16:00:00,2254.0,2238.1118
2016-12-18 17:00:00,2387.0,2404.887
2016-12-18 18:00:00,2446.0,2465.5466
2016-12-18 19:00:00,2436.0,2440.2861
2016-12-18 20:00:00,2436.0,2415.8342
2016-12-18 21:00:00,2389.0,2399.9932
2016-12-18 22:00:00,2307.0,2307.4045
2016-12-18 23:00:00,2235.0,2202.3914
2016-12-19 00:00:00,2181.0,2165.4167
2016-12-19 01:00:00,2145.0,2158.2095
2016-12-19 02:00:00,2147.0,2145.0747
2016-12-19 03:00:00,2164.0,2192.3777
2016-12-19 04:00:00,2224.0,2234.9058
2016-12-19 05:00:00,2358.0,2389.091
2016-12-19 06:00:00,2555.0,2562.6833
2016-12-19 07:00:00,2712.0,2713.2021
2016-12-19 08:00:00,2728.0,2726.3215
2016-12-19 09:00:00,2715.0,2710.8481
2016-12-19 10:00:00,2704.0,2672.4722
2016-12-19 11:00:00,2654.0,2660.7734
2016-12-19 12:00:00,2600.0,2623.8806
2016-12-19 13:00:00,2549.0,2569.475
2016-12-19 14:00:00,2521.0,2514.187
2016-12-19 15:00:00,2483.0,2483.5388
2016-12-19 16:00:00,2506.0,2511.1948
2016-12-19 17:00:00,2656.0,2674.2583
2016-12-19 18:00:00,2743.0,2759.1572
2016-12-19 19:00:00,2747.0,2730.8992
2016-12-19 20:00:00,2721.0,2717.0864
2016-12-19 21:00:00,2657.0,2657.796
2016-12-19 22:00:00,2546.0,2520.274
2016-12-19 23:00:00,2434.0,2402.7678
2016-12-20 00:00:00,2359.0,2353.9377
2016-12-20 01:00:00,2314.0,2301.7349
2016-12-20 02:00:00,2288.0,2277.993
2016-12-20 03:00:00,2279.0,2303.92
2016-12-20 04:00:00,2326.0,2303.8982
2016-12-20 05:00:00,2444.0,2427.399
2016-12-20 06:00:00,2624.0,2649.5776
2016-12-20 07:00:00,2733.0,2769.0647
2016-12-20 08:00:00,2714.0,2721.1235
2016-12-20 09:00:00,2655.0,2663.1592
2016-12-20 10:00:00,2593.0,2619.4434
2016-12-20 11:00:00,2535.0,2515.2373
2016-12-20 12:00:00,2479.0,2482.3474
2016-12-20 13:00:00,2419.0,2428.7004
2016-12-20 14:00:00,2385.0,2371.5774
2016-12-20 15:00:00,2365.0,2343.7595
2016-12-20 16:00:00,2386.0,2416.0674
2016-12-20 17:00:00,2525.0,2551.4424
2016-12-20 18:00:00,2571.0,2659.3728
2016-12-20 19:00:00,2548.0,2573.5442
2016-12-20 20:00:00,2513.0,2510.307
2016-12-20 21:00:00,2444.0,2440.95
2016-12-20 22:00:00,2334.0,2311.0994
2016-12-20 23:00:00,2209.0,2187.1375
2016-12-21 00:00:00,2122.0,2113.9778
2016-12-21 01:00:00,2069.0,2067.8872
2016-12-21 02:00:00,2050.0,2040.2389
2016-12-21 03:00:00,2057.0,2046.4225
2016-12-21 04:00:00,2103.0,2111.935
2016-12-21 05:00:00,2215.0,2231.0986
2016-12-21 06:00:00,2390.0,2415.2993
2016-12-21 07:00:00,2516.0,2523.6172
2016-12-21 08:00:00,2517.0,2501.569
2016-12-21 09:00:00,2433.0,2499.7322
2016-12-21 10:00:00,2503.0,2401.7307
2016-12-21 11:00:00,2422.0,2502.8862
2016-12-21 12:00:00,2377.0,2401.7292
2016-12-21 13:00:00,2368.0,2337.5103
2016-12-21 14:00:00,2326.0,2326.2822
2016-12-21 15:00:00,2271.0,2285.9321
2016-12-21 16:00:00,2277.0,2287.6047
2016-12-21 17:00:00,2393.0,2396.398
2016-12-21 18:00:00,2465.0,2458.052
2016-12-21 19:00:00,2450.0,2455.636
2016-12-21 20:00:00,2408.0,2431.103
2016-12-21 21:00:00,2352.0,2336.8315
2016-12-21 22:00:00,2230.0,2222.1091
2016-12-21 23:00:00,2114.0,2084.8765
2016-12-22 00:00:00,2025.0,2014.5239
2016-12-22 01:00:00,1963.0,1962.9242
2016-12-22 02:00:00,1916.0,1931.2382
2016-12-22 03:00:00,1918.0,1894.8186
2016-12-22 04:00:00,1947.0,1944.9581
2016-12-22 05:00:00,2065.0,2052.2925
2016-12-22 06:00:00,2221.0,2225.3362
2016-12-22 07:00:00,2350.0,2349.826
2016-12-22 08:00:00,2386.0,2375.962
2016-12-22 09:00:00,2405.0,2392.3962
2016-12-22 10:00:00,2417.0,2404.805
2016-12-22 11:00:00,2379.0,2387.384
2016-12-22 12:00:00,2349.0,2336.7368
2016-12-22 13:00:00,2315.0,2310.98
2016-12-22 14:00:00,2255.0,2276.5085
2016-12-22 15:00:00,2217.0,2212.749
2016-12-22 16:00:00,2214.0,2219.0225
2016-12-22 17:00:00,2322.0,2307.0154
2016-12-22 18:00:00,2395.0,2403.5063
2016-12-22 19:00:00,2382.0,2378.2122
2016-12-22 20:00:00,2373.0,2344.292
2016-12-22 21:00:00,2314.0,2315.8909
2016-12-22 22:00:00,2222.0,2185.1633
2016-12-22 23:00:00,2097.0,2080.1086
2016-12-23 00:00:00,2013.0,1985.2563
2016-12-23 01:00:00,1954.0,1940.0109
2016-12-23 02:00:00,1924.0,1918.9575
2016-12-23 03:00:00,1916.0,1906.6106
2016-12-23 04:00:00,1954.0,1942.3026
2016-12-23 05:00:00,2027.0,2061.45
2016-12-23 06:00:00,2130.0,2168.6887
2016-12-23 07:00:00,2227.0,2255.512
2016-12-23 08:00:00,2264.0,2251.3416
2016-12-23 09:00:00,2292.0,2276.356
2016-12-23 10:00:00,2294.0,2295.643
2016-12-23 11:00:00,2268.0,2244.8035
2016-12-23 12:00:00,2223.0,2219.6272
2016-12-23 13:00:00,2184.0,2156.41
2016-12-23 14:00:00,2136.0,2129.2793
2016-12-23 15:00:00,2113.0,2087.0793
2016-12-23 16:00:00,2142.0,2118.654
2016-12-23 17:00:00,2244.0,2267.2598
2016-12-23 18:00:00,2220.0,2298.917
2016-12-23 19:00:00,2181.0,2187.394
2016-12-23 20:00:00,2132.0,2145.2913
2016-12-23 21:00:00,2053.0,2081.356
2016-12-23 22:00:00,1971.0,1954.368
2016-12-23 23:00:00,1863.0,1863.2219
2016-12-24 00:00:00,1743.0,1757.4039
2016-12-24 01:00:00,1660.0,1675.5848
2016-12-24 02:00:00,1615.0,1621.0304
2016-12-24 03:00:00,1577.0,1601.0421
2016-12-24 04:00:00,1568.0,1583.9409
2016-12-24 05:00:00,1582.0,1597.3068
2016-12-24 06:00:00,1622.0,1631.4369
2016-12-24 07:00:00,1696.0,1699.8807
2016-12-24 08:00:00,1777.0,1772.2906
2016-12-24 09:00:00,1861.0,1865.9131
2016-12-24 10:00:00,1903.0,1917.6699
2016-12-24 11:00:00,1901.0,1914.266
2016-12-24 12:00:00,1867.0,1875.9604
2016-12-24 13:00:00,1841.0,1827.3047
2016-12-24 14:00:00,1824.0,1815.1615
2016-12-24 15:00:00,1805.0,1827.7849
2016-12-24 16:00:00,1820.0,1825.1067
2016-12-24 17:00:00,1880.0,1918.7465
2016-12-24 18:00:00,1866.0,1901.5201
2016-12-24 19:00:00,1830.0,1844.57
2016-12-24 20:00:00,1807.0,1814.27
2016-12-24 21:00:00,1795.0,1778.5964
2016-12-24 22:00:00,1769.0,1733.3256
2016-12-24 23:00:00,1695.0,1686.3418
2016-12-25 00:00:00,1617.0,1620.6307
2016-12-25 01:00:00,1557.0,1566.4434
2016-12-25 02:00:00,1531.0,1531.1498
2016-12-25 03:00:00,1524.0,1513.1321
2016-12-25 04:00:00,1517.0,1524.2675
2016-12-25 05:00:00,1543.0,1557.4938
2016-12-25 06:00:00,1604.0,1585.4656
2016-12-25 07:00:00,1680.0,1674.8998
2016-12-25 08:00:00,1754.0,1747.5902
2016-12-25 09:00:00,1797.0,1804.9369
2016-12-25 10:00:00,1805.0,1813.4789
2016-12-25 11:00:00,1785.0,1787.9501
2016-12-25 12:00:00,1766.0,1764.6116
2016-12-25 13:00:00,1710.0,1725.1456
2016-12-25 14:00:00,1673.0,1670.3049
2016-12-25 15:00:00,1646.0,1650.5925
2016-12-25 16:00:00,1653.0,1666.2374
2016-12-25 17:00:00,1719.0,1767.5994
2016-12-25 18:00:00,1748.0,1793.0133
2016-12-25 19:00:00,1730.0,1765.9246
2016-12-25 20:00:00,1731.0,1749.5089
2016-12-25 21:00:00,1695.0,1735.712
2016-12-25 22:00:00,1634.0,1633.384
2016-12-25 23:00:00,1555.0,1551.5863
2016-12-26 00:00:00,1476.0,1483.6609
2016-12-26 01:00:00,1424.0,1427.097
2016-12-26 02:00:00,1386.0,1387.2972
2016-12-26 03:00:00,1378.0,1363.498
2016-12-26 04:00:00,1391.0,1374.5272
2016-12-26 05:00:00,1426.0,1429.9355
2016-12-26 06:00:00,1476.0,1490.9396
2016-12-26 07:00:00,1538.0,1560.0643
2016-12-26 08:00:00,1572.0,1577.3204
2016-12-26 09:00:00,1634.0,1638.3069
2016-12-26 10:00:00,1693.0,1690.2537
2016-12-26 11:00:00,1703.0,1701.0641
2016-12-26 12:00:00,1691.0,1677.5767
2016-12-26 13:00:00,1671.0,1637.3898
2016-12-26 14:00:00,1646.0,1634.0432
2016-12-26 15:00:00,1630.0,1621.5042
2016-12-26 16:00:00,1655.0,1639.8429
2016-12-26 17:00:00,1769.0,1751.8507
2016-12-26 18:00:00,1792.0,1837.7081
2016-12-26 19:00:00,1766.0,1813.0348
2016-12-26 20:00:00,1728.0,1764.1808
2016-12-26 21:00:00,1671.0,1710.1228
2016-12-26 22:00:00,1586.0,1593.1053
2016-12-26 23:00:00,1504.0,1500.8527
2016-12-27 00:00:00,1433.0,1433.3998
2016-12-27 01:00:00,1398.0,1373.0779
2016-12-27 02:00:00,1398.0,1360.8552
2016-12-27 03:00:00,1425.0,1379.6652
2016-12-27 04:00:00,1489.0,1442.5513
2016-12-27 05:00:00,1603.0,1563.9756
2016-12-27 06:00:00,1767.0,1755.338
2016-12-27 07:00:00,1907.0,1877.8004
2016-12-27 08:00:00,1962.0,1942.8575
2016-12-27 09:00:00,1990.0,2006.6724
2016-12-27 10:00:00,2017.0,2015.7203
2016-12-27 11:00:00,1995.0,2011.7001
2016-12-27 12:00:00,1971.0,1967.9889
2016-12-27 13:00:00,1932.0,1947.5845
2016-12-27 14:00:00,1901.0,1903.0607
2016-12-27 15:00:00,1872.0,1883.3303
2016-12-27 16:00:00,1888.0,1886.0281
2016-12-27 17:00:00,2022.0,1990.7346
2016-12-27 18:00:00,2111.0,2070.5425
2016-12-27 19:00:00,2106.0,2116.344
2016-12-27 20:00:00,2083.0,2089.4482
2016-12-27 21:00:00,2032.0,2013.641
2016-12-27 22:00:00,1943.0,1913.5525
2016-12-27 23:00:00,1841.0,1820.6995
2016-12-28 00:00:00,1769.0,1754.5493
2016-12-28 01:00:00,1724.0,1727.3165
2016-12-28 02:00:00,1723.0,1701.2867
2016-12-28 03:00:00,1732.0,1736.9274
2016-12-28 04:00:00,1774.0,1774.2751
2016-12-28 05:00:00,1882.0,1889.7308
2016-12-28 06:00:00,2015.0,2060.8423
2016-12-28 07:00:00,2140.0,2144.4744
2016-12-28 08:00:00,2168.0,2170.7666
2016-12-28 09:00:00,2141.0,2180.683
2016-12-28 10:00:00,2103.0,2129.0708
2016-12-28 11:00:00,2053.0,2068.872
2016-12-28 12:00:00,2001.0,2021.1064
2016-12-28 13:00:00,1960.0,1970.7458
2016-12-28 14:00:00,1911.0,1921.0065
2016-12-28 15:00:00,1894.0,1885.7505
2016-12-28 16:00:00,1918.0,1904.0723
2016-12-28 17:00:00,2041.0,2048.245
2016-12-28 18:00:00,2110.0,2115.7952
2016-12-28 19:00:00,2084.0,2110.5093
2016-12-28 20:00:00,2038.0,2062.7654
2016-12-28 21:00:00,1961.0,1988.4194
2016-12-28 22:00:00,1864.0,1868.332
2016-12-28 23:00:00,1753.0,1770.219
2016-12-29 00:00:00,1670.0,1665.5096
2016-12-29 01:00:00,1613.0,1615.029
2016-12-29 02:00:00,1599.0,1575.7036
2016-12-29 03:00:00,1598.0,1582.6748
2016-12-29 04:00:00,1631.0,1625.6301
2016-12-29 05:00:00,1734.0,1722.229
2016-12-29 06:00:00,1878.0,1913.8654
2016-12-29 07:00:00,1997.0,1999.2524
2016-12-29 08:00:00,2036.0,2017.845
2016-12-29 09:00:00,2054.0,2055.3142
2016-12-29 10:00:00,2067.0,2061.197
2016-12-29 11:00:00,2053.0,2041.5157
2016-12-29 12:00:00,2031.0,2033.4823
2016-12-29 13:00:00,1983.0,2004.8894
2016-12-29 14:00:00,1954.0,1944.7482
2016-12-29 15:00:00,1947.0,1916.6221
2016-12-29 16:00:00,2027.0,1962.1412
2016-12-29 17:00:00,2192.0,2148.7297
2016-12-29 18:00:00,2221.0,2239.3188
2016-12-29 19:00:00,2195.0,2195.025
2016-12-29 20:00:00,2166.0,2151.2288
2016-12-29 21:00:00,2092.0,2092.147
2016-12-29 22:00:00,1990.0,1973.0217
2016-12-29 23:00:00,1887.0,1869.9012
2016-12-30 00:00:00,1801.0,1810.4716
2016-12-30 01:00:00,1754.0,1747.8774
2016-12-30 02:00:00,1733.0,1730.3203
2016-12-30 03:00:00,1727.0,1736.1852
2016-12-30 04:00:00,1758.0,1760.6094
2016-12-30 05:00:00,1838.0,1856.5984
2016-12-30 06:00:00,1936.0,1985.0289
2016-12-30 07:00:00,2054.0,2061.8364
2016-12-30 08:00:00,2087.0,2085.1155
2016-12-30 09:00:00,2116.0,2092.2952
2016-12-30 10:00:00,2096.0,2119.965
2016-12-30 11:00:00,2063.0,2065.144
2016-12-30 12:00:00,2024.0,2021.1418
2016-12-30 13:00:00,1979.0,1978.7025
2016-12-30 14:00:00,1952.0,1936.5687
2016-12-30 15:00:00,1910.0,1911.923
2016-12-30 16:00:00,1943.0,1907.8503
2016-12-30 17:00:00,2076.0,2067.4822
2016-12-30 18:00:00,2128.0,2109.296
2016-12-30 19:00:00,2094.0,2103.38
2016-12-30 20:00:00,2071.0,2051.8125
2016-12-30 21:00:00,2029.0,2008.1133
2016-12-30 22:00:00,1957.0,1922.2769
2016-12-30 23:00:00,1864.0,1864.7605
2016-12-31 00:00:00,1788.0,1774.1061
2016-12-31 01:00:00,1730.0,1732.8964
2016-12-31 02:00:00,1701.0,1705.6896
2016-12-31 03:00:00,1693.0,1691.5408
2016-12-31 04:00:00,1708.0,1706.9706
2016-12-31 05:00:00,1732.0,1752.923
2016-12-31 06:00:00,1778.0,1781.5602
2016-12-31 07:00:00,1849.0,1851.0493
2016-12-31 08:00:00,1877.0,1896.2892
2016-12-31 09:00:00,1937.0,1898.7186
2016-12-31 10:00:00,1949.0,1943.11
2016-12-31 11:00:00,1918.0,1924.5214
2016-12-31 12:00:00,1913.0,1879.2855
2016-12-31 13:00:00,1913.0,1878.881
2016-12-31 14:00:00,1905.0,1890.1697
2016-12-31 15:00:00,1901.0,1896.5647
2016-12-31 16:00:00,1927.0,1924.9545
2016-12-31 17:00:00,2015.0,2032.7213
2016-12-31 18:00:00,1999.0,2045.2076
2016-12-31 19:00:00,1929.0,1945.8363
2016-12-31 20:00:00,1854.0,1870.1938
2016-12-31 21:00:00,1805.0,1809.6539
2016-12-31 22:00:00,1745.0,1744.0048
2016-12-31 23:00:00,1695.0,1688.0889
2017-01-01 00:00:00,1644.0,1630.9882
2017-01-01 01:00:00,1608.0,1615.9698
2017-01-01 02:00:00,1584.0,1585.7819
2017-01-01 03:00:00,1570.0,1572.3612
2017-01-01 04:00:00,1597.0,1568.3188
2017-01-01 05:00:00,1639.0,1619.054
2017-01-01 06:00:00,1682.0,1696.7426
2017-01-01 07:00:00,1744.0,1734.0135
2017-01-01 08:00:00,1774.0,1774.537
2017-01-01 09:00:00,1785.0,1805.421
2017-01-01 10:00:00,1771.0,1796.4685
2017-01-01 11:00:00,1737.0,1753.9714
2017-01-01 12:00:00,1727.0,1709.8177
2017-01-01 13:00:00,1675.0,1694.9647
2017-01-01 14:00:00,1650.0,1647.3641
2017-01-01 15:00:00,1653.0,1629.092
2017-01-01 16:00:00,1693.0,1681.7568
2017-01-01 17:00:00,1827.0,1805.5093
2017-01-01 18:00:00,1882.0,1917.0094
2017-01-01 19:00:00,1866.0,1879.0685
2017-01-01 20:00:00,1845.0,1877.0791
2017-01-01 21:00:00,1774.0,1821.7148
2017-01-01 22:00:00,1720.0,1715.8433
2017-01-01 23:00:00,1633.0,1646.3126
2017-01-02 00:00:00,1563.0,1572.1412
2017-01-02 01:00:00,1515.0,1511.6246
2017-01-02 02:00:00,1496.0,1480.637
2017-01-02 03:00:00,1502.0,1485.6721
2017-01-02 04:00:00,1511.0,1533.3888
2017-01-02 05:00:00,1567.0,1595.7802
2017-01-02 06:00:00,1649.0,1690.3043
2017-01-02 07:00:00,1734.0,1768.2428
2017-01-02 08:00:00,1794.0,1816.5333
2017-01-02 09:00:00,1851.0,1874.2592
2017-01-02 10:00:00,1897.0,1891.6527
2017-01-02 11:00:00,1920.0,1906.6934
2017-01-02 12:00:00,1908.0,1923.1006
2017-01-02 13:00:00,1881.0,1895.8379
2017-01-02 14:00:00,1843.0,1854.7582
2017-01-02 15:00:00,1820.0,1821.3215
2017-01-02 16:00:00,1850.0,1839.0948
2017-01-02 17:00:00,1961.0,1935.0842
2017-01-02 18:00:00,2003.0,2016.6547
2017-01-02 19:00:00,1966.0,2018.6084
2017-01-02 20:00:00,1920.0,1971.8805
2017-01-02 21:00:00,1842.0,1877.6831
2017-01-02 22:00:00,1743.0,1751.4629
2017-01-02 23:00:00,1661.0,1638.8397
2017-01-03 00:00:00,1590.0,1582.5325
2017-01-03 01:00:00,1545.0,1544.0208
2017-01-03 02:00:00,1530.0,1524.8759
2017-01-03 03:00:00,1531.0,1525.2643
2017-01-03 04:00:00,1568.0,1571.1294
2017-01-03 05:00:00,1684.0,1688.7415
2017-01-03 06:00:00,1857.0,1907.2393
2017-01-03 07:00:00,1991.0,2004.6127
2017-01-03 08:00:00,2006.0,2039.7977
2017-01-03 09:00:00,2037.0,2045.7542
2017-01-03 10:00:00,2051.0,2069.6985
2017-01-03 11:00:00,2059.0,2043.8542
2017-01-03 12:00:00,2048.0,2055.1353
2017-01-03 13:00:00,2067.0,2031.611
2017-01-03 14:00:00,2052.0,2050.52
2017-01-03 15:00:00,2039.0,2022.1794
2017-01-03 16:00:00,2071.0,2052.0764
2017-01-03 17:00:00,2170.0,2159.652
2017-01-03 18:00:00,2181.0,2225.5486
2017-01-03 19:00:00,2149.0,2164.1125
2017-01-03 20:00:00,2101.0,2141.0828
2017-01-03 21:00:00,2037.0,2039.3752
2017-01-03 22:00:00,1927.0,1925.0752
2017-01-03 23:00:00,1824.0,1818.0503
2017-01-04 00:00:00,1768.0,1749.5098
2017-01-04 01:00:00,1738.0,1725.5133
2017-01-04 02:00:00,1729.0,1722.1727
2017-01-04 03:00:00,1745.0,1750.2483
2017-01-04 04:00:00,1810.0,1812.4133
2017-01-04 05:00:00,1962.0,1954.1853
2017-01-04 06:00:00,2195.0,2182.0532
2017-01-04 07:00:00,2349.0,2319.6333
2017-01-04 08:00:00,2367.0,2341.7444
2017-01-04 09:00:00,2366.0,2366.7957
2017-01-04 10:00:00,2380.0,2362.039
2017-01-04 11:00:00,2364.0,2358.317
2017-01-04 12:00:00,2356.0,2343.1707
2017-01-04 13:00:00,2349.0,2335.997
2017-01-04 14:00:00,2328.0,2331.1326
2017-01-04 15:00:00,2313.0,2308.5762
2017-01-04 16:00:00,2355.0,2346.4597
2017-01-04 17:00:00,2492.0,2470.5605
2017-01-04 18:00:00,2587.0,2575.8198
2017-01-04 19:00:00,2560.0,2575.9949
2017-01-04 20:00:00,2547.0,2518.7422
2017-01-04 21:00:00,2485.0,2477.0981
2017-01-04 22:00:00,2365.0,2368.3386
2017-01-04 23:00:00,2250.0,2247.6062
2017-01-05 00:00:00,2185.0,2187.5288
2017-01-05 01:00:00,2150.0,2149.6643
2017-01-05 02:00:00,2120.0,2147.9788
2017-01-05 03:00:00,2107.0,2144.4258
2017-01-05 04:00:00,2146.0,2142.177
2017-01-05 05:00:00,2263.0,2254.0305
2017-01-05 06:00:00,2465.0,2468.8857
2017-01-05 07:00:00,2578.0,2593.6943
2017-01-05 08:00:00,2585.0,2580.9941
2017-01-05 09:00:00,2592.0,2561.7698
2017-01-05 10:00:00,2605.0,2569.1538
2017-01-05 11:00:00,2566.0,2570.175
2017-01-05 12:00:00,2574.0,2530.7593
2017-01-05 13:00:00,2568.0,2538.794
2017-01-05 14:00:00,2567.0,2538.0845
2017-01-05 15:00:00,2556.0,2537.962
2017-01-05 16:00:00,2569.0,2575.0374
2017-01-05 17:00:00,2662.0,2655.9636
2017-01-05 18:00:00,2722.0,2706.8035
2017-01-05 19:00:00,2701.0,2690.8955
2017-01-05 20:00:00,2657.0,2657.2996
2017-01-05 21:00:00,2575.0,2587.0276
2017-01-05 22:00:00,2477.0,2463.3604
2017-01-05 23:00:00,2370.0,2347.0789
2017-01-06 00:00:00,2315.0,2299.9434
2017-01-06 01:00:00,2285.0,2268.6316
2017-01-06 02:00:00,2279.0,2270.9841
2017-01-06 03:00:00,2302.0,2285.7275
2017-01-06 04:00:00,2347.0,2365.4421
2017-01-06 05:00:00,2487.0,2477.814
2017-01-06 06:00:00,2672.0,2691.099
2017-01-06 07:00:00,2812.0,2809.0618
2017-01-06 08:00:00,2800.0,2799.7927
2017-01-06 09:00:00,2797.0,2768.7346
2017-01-06 10:00:00,2749.0,2747.391
2017-01-06 11:00:00,2686.0,2685.2783
2017-01-06 12:00:00,2653.0,2638.9336
2017-01-06 13:00:00,2630.0,2609.1677
2017-01-06 14:00:00,2602.0,2579.3735
2017-01-06 15:00:00,2571.0,2553.6758
2017-01-06 16:00:00,2587.0,2570.171
2017-01-06 17:00:00,2690.0,2683.5688
2017-01-06 18:00:00,2763.0,2777.2366
2017-01-06 19:00:00,2741.0,2727.8923
2017-01-06 20:00:00,2695.0,2682.156
2017-01-06 21:00:00,2655.0,2619.8862
2017-01-06 22:00:00,2551.0,2546.6768
2017-01-06 23:00:00,2429.0,2438.8096
2017-01-07 00:00:00,2354.0,2343.3374
2017-01-07 01:00:00,2307.0,2308.5596
2017-01-07 02:00:00,2278.0,2287.957
2017-01-07 03:00:00,2269.0,2273.3496
2017-01-07 04:00:00,2280.0,2277.2131
2017-01-07 05:00:00,2330.0,2315.1414
2017-01-07 06:00:00,2425.0,2425.8613
2017-01-07 07:00:00,2517.0,2523.0417
2017-01-07 08:00:00,2573.0,2538.0662
2017-01-07 09:00:00,2589.0,2584.2769
2017-01-07 10:00:00,2545.0,2583.6033
2017-01-07 11:00:00,2499.0,2498.9463
2017-01-07 12:00:00,2444.0,2438.7822
2017-01-07 13:00:00,2384.0,2383.339
2017-01-07 14:00:00,2347.0,2334.226
2017-01-07 15:00:00,2329.0,2316.3757
2017-01-07 16:00:00,2384.0,2345.3518
2017-01-07 17:00:00,2516.0,2502.0198
2017-01-07 18:00:00,2603.0,2610.0312
2017-01-07 19:00:00,2585.0,2561.8713
2017-01-07 20:00:00,2559.0,2519.0664
2017-01-07 21:00:00,2478.0,2486.7686
2017-01-07 22:00:00,2387.0,2371.649
2017-01-07 23:00:00,2284.0,2275.735
2017-01-08 00:00:00,2219.0,2196.5835
2017-01-08 01:00:00,2167.0,2174.5166
2017-01-08 02:00:00,2156.0,2141.8855
2017-01-08 03:00:00,2149.0,2161.0562
2017-01-08 04:00:00,2182.0,2175.6235
2017-01-08 05:00:00,2221.0,2243.4497
2017-01-08 06:00:00,2280.0,2326.9087
2017-01-08 07:00:00,2373.0,2338.1147
2017-01-08 08:00:00,2422.0,2389.6372
2017-01-08 09:00:00,2417.0,2430.5366
2017-01-08 10:00:00,2373.0,2368.199
2017-01-08 11:00:00,2337.0,2308.9229
2017-01-08 12:00:00,2313.0,2287.8933
2017-01-08 13:00:00,2285.0,2268.0044
2017-01-08 14:00:00,2226.0,2248.52
2017-01-08 15:00:00,2212.0,2199.2104
2017-01-08 16:00:00,2260.0,2244.4966
2017-01-08 17:00:00,2397.0,2392.3464
2017-01-08 18:00:00,2537.0,2487.2112
2017-01-08 19:00:00,2545.0,2502.3071
2017-01-08 20:00:00,2543.0,2505.445
2017-01-08 21:00:00,2500.0,2481.0715
2017-01-08 22:00:00,2405.0,2408.7942
2017-01-08 23:00:00,2344.0,2306.8118
2017-01-09 00:00:00,2280.0,2289.1763
2017-01-09 01:00:00,2251.0,2242.6409
2017-01-09 02:00:00,2227.0,2228.371
2017-01-09 03:00:00,2235.0,2229.471
2017-01-09 04:00:00,2278.0,2274.0645
2017-01-09 05:00:00,2396.0,2401.3892
2017-01-09 06:00:00,2592.0,2606.43
2017-01-09 07:00:00,2706.0,2724.0513
2017-01-09 08:00:00,2695.0,2715.8655
2017-01-09 09:00:00,2686.0,2669.1992
2017-01-09 10:00:00,2647.0,2659.5813
2017-01-09 11:00:00,2580.0,2590.1255
2017-01-09 12:00:00,2544.0,2538.9436
2017-01-09 13:00:00,2535.0,2503.1907
2017-01-09 14:00:00,2559.0,2508.6592
2017-01-09 15:00:00,2471.0,2550.6006
2017-01-09 16:00:00,2482.0,2487.3596
2017-01-09 17:00:00,2576.0,2604.5847
2017-01-09 18:00:00,2622.0,2696.7683
2017-01-09 19:00:00,2584.0,2596.1125
2017-01-09 20:00:00,2527.0,2518.2231
2017-01-09 21:00:00,2437.0,2444.9285
2017-01-09 22:00:00,2302.0,2305.4204
2017-01-09 23:00:00,2171.0,2174.7417
2017-01-10 00:00:00,2093.0,2089.468
2017-01-10 01:00:00,2046.0,2036.3129
2017-01-10 02:00:00,2016.0,2025.1616
2017-01-10 03:00:00,1997.0,2013.7405
2017-01-10 04:00:00,2039.0,2026.8934
2017-01-10 05:00:00,2155.0,2172.828
2017-01-10 06:00:00,2330.0,2371.6802
2017-01-10 07:00:00,2452.0,2481.977
2017-01-10 08:00:00,2466.0,2492.0793
2017-01-10 09:00:00,2470.0,2491.5237
2017-01-10 10:00:00,2472.0,2474.912
2017-01-10 11:00:00,2453.0,2453.2104
2017-01-10 12:00:00,2436.0,2436.1616
2017-01-10 13:00:00,2356.0,2413.8118
2017-01-10 14:00:00,2261.0,2319.17
2017-01-10 15:00:00,2264.0,2207.13
2017-01-10 16:00:00,2258.0,2291.3093
2017-01-10 17:00:00,2344.0,2347.3767
2017-01-10 18:00:00,2372.0,2448.6724
2017-01-10 19:00:00,2346.0,2359.605
2017-01-10 20:00:00,2273.0,2301.8855
2017-01-10 21:00:00,2172.0,2191.55
2017-01-10 22:00:00,1996.0,2041.6652
2017-01-10 23:00:00,1893.0,1897.7524
2017-01-11 00:00:00,1870.0,1808.3142
2017-01-11 01:00:00,1814.0,1840.9498
2017-01-11 02:00:00,1816.0,1802.0084
2017-01-11 03:00:00,1835.0,1824.4764
2017-01-11 04:00:00,1883.0,1895.3328
2017-01-11 05:00:00,2021.0,2029.7219
2017-01-11 06:00:00,2225.0,2241.5925
2017-01-11 07:00:00,2365.0,2378.594
2017-01-11 08:00:00,2377.0,2361.4026
2017-01-11 09:00:00,2358.0,2382.6182
2017-01-11 10:00:00,2301.0,2358.7495
2017-01-11 11:00:00,2243.0,2268.605
2017-01-11 12:00:00,2222.0,2211.885
2017-01-11 13:00:00,2202.0,2183.3586
2017-01-11 14:00:00,2184.0,2176.323
2017-01-11 15:00:00,2169.0,2152.802
2017-01-11 16:00:00,2168.0,2196.858
2017-01-11 17:00:00,2238.0,2240.9265
2017-01-11 18:00:00,2254.0,2300.2122
2017-01-11 19:00:00,2204.0,2240.5388
2017-01-11 20:00:00,2147.0,2166.956
2017-01-11 21:00:00,2045.0,2077.8071
2017-01-11 22:00:00,1915.0,1931.1781
2017-01-11 23:00:00,1794.0,1780.0381
2017-01-12 00:00:00,1701.0,1715.4742
2017-01-12 01:00:00,1650.0,1648.2023
2017-01-12 02:00:00,1604.0,1621.6305
2017-01-12 03:00:00,1590.0,1600.7255
2017-01-12 04:00:00,1615.0,1617.2383
2017-01-12 05:00:00,1720.0,1718.3867
2017-01-12 06:00:00,1914.0,1910.3516
2017-01-12 07:00:00,2044.0,2053.5518
2017-01-12 08:00:00,2043.0,2106.9758
2017-01-12 09:00:00,2052.0,2073.4324
2017-01-12 10:00:00,2061.0,2076.2485
2017-01-12 11:00:00,2058.0,2056.0928
2017-01-12 12:00:00,2066.0,2056.4795
2017-01-12 13:00:00,2057.0,2060.9036
2017-01-12 14:00:00,2033.0,2045.5631
2017-01-12 15:00:00,2014.0,2007.4814
2017-01-12 16:00:00,2042.0,2029.1394
2017-01-12 17:00:00,2135.0,2122.3901
2017-01-12 18:00:00,2210.0,2196.1484
2017-01-12 19:00:00,2206.0,2186.8345
2017-01-12 20:00:00,2200.0,2161.5413
2017-01-12 21:00:00,2137.0,2125.4983
2017-01-12 22:00:00,2034.0,2019.5522
2017-01-12 23:00:00,1935.0,1907.0399
2017-01-13 00:00:00,1869.0,1865.1902
2017-01-13 01:00:00,1819.0,1820.0869
2017-01-13 02:00:00,1811.0,1802.656
2017-01-13 03:00:00,1809.0,1816.1527
2017-01-13 04:00:00,1869.0,1850.4406
2017-01-13 05:00:00,1993.0,1998.029
2017-01-13 06:00:00,2214.0,2205.748
2017-01-13 07:00:00,2353.0,2344.1748
2017-01-13 08:00:00,2350.0,2369.5938
2017-01-13 09:00:00,2332.0,2337.3232
2017-01-13 10:00:00,2328.0,2315.1277
2017-01-13 11:00:00,2290.0,2292.165
2017-01-13 12:00:00,2286.0,2256.8237
2017-01-13 13:00:00,2284.0,2255.4338
2017-01-13 14:00:00,2252.0,2263.6926
2017-01-13 15:00:00,2226.0,2208.6309
2017-01-13 16:00:00,2250.0,2239.6106
2017-01-13 17:00:00,2320.0,2311.204
2017-01-13 18:00:00,2345.0,2395.0823
2017-01-13 19:00:00,2301.0,2309.1772
2017-01-13 20:00:00,2251.0,2257.797
2017-01-13 21:00:00,2176.0,2180.0469
2017-01-13 22:00:00,2079.0,2063.1953
2017-01-13 23:00:00,1965.0,1959.3427
2017-01-14 00:00:00,1871.0,1881.5408
2017-01-14 01:00:00,1806.0,1814.1223
2017-01-14 02:00:00,1766.0,1772.0035
2017-01-14 03:00:00,1762.0,1747.3633
2017-01-14 04:00:00,1766.0,1787.1201
2017-01-14 05:00:00,1812.0,1820.8186
2017-01-14 06:00:00,1884.0,1887.7684
2017-01-14 07:00:00,1964.0,1963.5867
2017-01-14 08:00:00,2027.0,2029.1664
2017-01-14 09:00:00,2092.0,2070.1768
2017-01-14 10:00:00,2141.0,2122.3987
2017-01-14 11:00:00,2156.0,2144.0647
2017-01-14 12:00:00,2143.0,2151.2808
2017-01-14 13:00:00,2121.0,2116.4014
2017-01-14 14:00:00,2085.0,2089.3599
2017-01-14 15:00:00,2070.0,2057.3833
2017-01-14 16:00:00,2065.0,2086.6262
2017-01-14 17:00:00,2102.0,2119.9417
2017-01-14 18:00:00,2141.0,2163.7056
2017-01-14 19:00:00,2103.0,2133.7688
2017-01-14 20:00:00,2063.0,2066.143
2017-01-14 21:00:00,2002.0,2012.2123
2017-01-14 22:00:00,1926.0,1925.6897
2017-01-14 23:00:00,1837.0,1845.2649
2017-01-15 00:00:00,1763.0,1755.2185
2017-01-15 01:00:00,1717.0,1718.6497
2017-01-15 02:00:00,1690.0,1685.571
2017-01-15 03:00:00,1697.0,1680.8174
2017-01-15 04:00:00,1705.0,1715.8008
2017-01-15 05:00:00,1733.0,1749.2537
2017-01-15 06:00:00,1808.0,1787.5775
2017-01-15 07:00:00,1876.0,1881.2639
2017-01-15 08:00:00,1928.0,1942.0105
2017-01-15 09:00:00,1980.0,1977.3405
2017-01-15 10:00:00,1997.0,1996.2603
2017-01-15 11:00:00,2002.0,2002.2545
2017-01-15 12:00:00,2007.0,1992.044
2017-01-15 13:00:00,1973.0,1978.5448
2017-01-15 14:00:00,1963.0,1938.3918
2017-01-15 15:00:00,1956.0,1956.9343
2017-01-15 16:00:00,1978.0,1989.2761
2017-01-15 17:00:00,2063.0,2064.014
2017-01-15 18:00:00,2121.0,2151.4934
2017-01-15 19:00:00,2091.0,2118.0244
2017-01-15 20:00:00,2064.0,2072.128
2017-01-15 21:00:00,2016.0,2024.012
2017-01-15 22:00:00,1954.0,1946.9813
2017-01-15 23:00:00,1886.0,1891.0748
2017-01-16 00:00:00,1833.0,1824.2509
2017-01-16 01:00:00,1795.0,1808.9785
2017-01-16 02:00:00,1775.0,1796.4302
2017-01-16 03:00:00,1769.0,1778.1956
2017-01-16 04:00:00,1825.0,1823.7062
2017-01-16 05:00:00,1901.0,1949.3546
2017-01-16 06:00:00,2053.0,2087.957
2017-01-16 07:00:00,2183.0,2195.2166
2017-01-16 08:00:00,2221.0,2229.7583
2017-01-16 09:00:00,2256.0,2253.789
2017-01-16 10:00:00,2267.0,2279.1594
2017-01-16 11:00:00,2261.0,2248.673
2017-01-16 12:00:00,2247.0,2241.3396
2017-01-16 13:00:00,2214.0,2218.611
2017-01-16 14:00:00,2169.0,2170.06
2017-01-16 15:00:00,2128.0,2126.595
2017-01-16 16:00:00,2125.0,2132.596
2017-01-16 17:00:00,2208.0,2182.3582
2017-01-16 18:00:00,2235.0,2303.259
2017-01-16 19:00:00,2213.0,2227.141
2017-01-16 20:00:00,2155.0,2182.0635
2017-01-16 21:00:00,2074.0,2073.9402
2017-01-16 22:00:00,1942.0,1957.6398
2017-01-16 23:00:00,1830.0,1816.5077
2017-01-17 00:00:00,1753.0,1756.8855
2017-01-17 01:00:00,1698.0,1701.3927
2017-01-17 02:00:00,1661.0,1669.4556
2017-01-17 03:00:00,1640.0,1655.4528
2017-01-17 04:00:00,1671.0,1679.6176
2017-01-17 05:00:00,1780.0,1779.6827
2017-01-17 06:00:00,1963.0,1988.1742
2017-01-17 07:00:00,2077.0,2126.426
2017-01-17 08:00:00,2062.0,2133.6174
2017-01-17 09:00:00,2062.0,2074.9978
2017-01-17 10:00:00,2070.0,2077.7659
2017-01-17 11:00:00,2062.0,2064.2034
2017-01-17 12:00:00,2064.0,2051.5176
2017-01-17 13:00:00,2048.0,2053.252
2017-01-17 14:00:00,2027.0,2021.7395
2017-01-17 15:00:00,1997.0,1993.0604
2017-01-17 16:00:00,2014.0,2013.353
2017-01-17 17:00:00,2102.0,2089.0574
2017-01-17 18:00:00,2165.0,2172.7793
2017-01-17 19:00:00,2145.0,2149.866
2017-01-17 20:00:00,2110.0,2113.5786
2017-01-17 21:00:00,2036.0,2036.3073
2017-01-17 22:00:00,1928.0,1922.5999
2017-01-17 23:00:00,1824.0,1817.2966
2017-01-18 00:00:00,1759.0,1755.2802
2017-01-18 01:00:00,1715.0,1715.5385
2017-01-18 02:00:00,1696.0,1698.2725
2017-01-18 03:00:00,1699.0,1701.535
2017-01-18 04:00:00,1749.0,1755.8462
2017-01-18 05:00:00,1882.0,1876.773
2017-01-18 06:00:00,2093.0,2103.7002
2017-01-18 07:00:00,2241.0,2215.013
2017-01-18 08:00:00,2248.0,2234.8557
2017-01-18 09:00:00,2261.0,2254.3926
2017-01-18 10:00:00,2272.0,2269.99
2017-01-18 11:00:00,2267.0,2253.0452
2017-01-18 12:00:00,2269.0,2255.5706
2017-01-18 13:00:00,2259.0,2262.0117
2017-01-18 14:00:00,2251.0,2240.251
2017-01-18 15:00:00,2216.0,2224.283
2017-01-18 16:00:00,2234.0,2234.7844
2017-01-18 17:00:00,2307.0,2310.815
2017-01-18 18:00:00,2343.0,2386.0125
2017-01-18 19:00:00,2303.0,2322.3838
2017-01-18 20:00:00,2250.0,2275.1655
2017-01-18 21:00:00,2180.0,2177.6519
2017-01-18 22:00:00,2048.0,2048.3123
2017-01-18 23:00:00,1937.0,1934.7765
2017-01-19 00:00:00,1860.0,1866.1904
2017-01-19 01:00:00,1812.0,1813.1058
2017-01-19 02:00:00,1778.0,1792.6501
2017-01-19 03:00:00,1773.0,1780.8365
2017-01-19 04:00:00,1806.0,1816.7896
2017-01-19 05:00:00,1933.0,1934.0974
2017-01-19 06:00:00,2126.0,2160.945
2017-01-19 07:00:00,2260.0,2284.273
2017-01-19 08:00:00,2268.0,2277.9001
2017-01-19 09:00:00,2260.0,2265.8171
2017-01-19 10:00:00,2250.0,2259.2498
2017-01-19 11:00:00,2208.0,2221.2515
2017-01-19 12:00:00,2174.0,2179.7449
2017-01-19 13:00:00,2166.0,2142.648
2017-01-19 14:00:00,2143.0,2135.9124
2017-01-19 15:00:00,2111.0,2111.7083
2017-01-19 16:00:00,2116.0,2113.38
2017-01-19 17:00:00,2186.0,2165.3735
2017-01-19 18:00:00,2242.0,2280.6553
2017-01-19 19:00:00,2208.0,2226.9407
2017-01-19 20:00:00,2163.0,2177.15
2017-01-19 21:00:00,2082.0,2093.353
2017-01-19 22:00:00,1965.0,1969.8909
2017-01-19 23:00:00,1863.0,1846.2443
2017-01-20 00:00:00,1803.0,1776.7986
2017-01-20 01:00:00,1746.0,1760.1802
2017-01-20 02:00:00,1724.0,1725.9706
2017-01-20 03:00:00,1724.0,1727.4504
2017-01-20 04:00:00,1743.0,1765.221
2017-01-20 05:00:00,1859.0,1848.8121
2017-01-20 06:00:00,2045.0,2060.2966
2017-01-20 07:00:00,2155.0,2184.0625
2017-01-20 08:00:00,2134.0,2167.123
2017-01-20 09:00:00,2134.0,2123.3047
2017-01-20 10:00:00,2133.0,2120.1838
2017-01-20 11:00:00,2092.0,2105.0613
2017-01-20 12:00:00,2078.0,2064.6304
2017-01-20 13:00:00,2066.0,2054.0603
2017-01-20 14:00:00,2025.0,2025.1135
2017-01-20 15:00:00,1962.0,1975.308
2017-01-20 16:00:00,1937.0,1962.9233
2017-01-20 17:00:00,1969.0,1972.6552
2017-01-20 18:00:00,2024.0,2056.859
2017-01-20 19:00:00,1984.0,2023.5841
2017-01-20 20:00:00,1941.0,1954.209
2017-01-20 21:00:00,1886.0,1882.8872
2017-01-20 22:00:00,1789.0,1791.676
2017-01-20 23:00:00,1674.0,1698.6368
2017-01-21 00:00:00,1577.0,1585.394
2017-01-21 01:00:00,1516.0,1509.8314
2017-01-21 02:00:00,1483.0,1474.991
2017-01-21 03:00:00,1470.0,1451.529
2017-01-21 04:00:00,1488.0,1487.5261
2017-01-21 05:00:00,1535.0,1541.3972
2017-01-21 06:00:00,1622.0,1620.1283
2017-01-21 07:00:00,1698.0,1717.7092
2017-01-21 08:00:00,1746.0,1780.0792
2017-01-21 09:00:00,1782.0,1819.325
2017-01-21 10:00:00,1802.0,1821.4998
2017-01-21 11:00:00,1785.0,1800.9452
2017-01-21 12:00:00,1751.0,1779.4722
2017-01-21 13:00:00,1725.0,1717.4084
2017-01-21 14:00:00,1695.0,1694.3323
2017-01-21 15:00:00,1679.0,1676.8027
2017-01-21 16:00:00,1672.0,1709.5643
2017-01-21 17:00:00,1724.0,1728.2524
2017-01-21 18:00:00,1798.0,1799.1013
2017-01-21 19:00:00,1770.0,1806.0924
2017-01-21 20:00:00,1729.0,1756.3953
2017-01-21 21:00:00,1682.0,1707.198
2017-01-21 22:00:00,1604.0,1611.0001
2017-01-21 23:00:00,1522.0,1514.5853
2017-01-22 00:00:00,1456.0,1441.0596
2017-01-22 01:00:00,1403.0,1399.1577
2017-01-22 02:00:00,1376.0,1372.5996
2017-01-22 03:00:00,1373.0,1355.5415
2017-01-22 04:00:00,1385.0,1370.1017
2017-01-22 05:00:00,1424.0,1422.6284
2017-01-22 06:00:00,1484.0,1485.1565
2017-01-22 07:00:00,1565.0,1545.7467
2017-01-22 08:00:00,1624.0,1635.5067
2017-01-22 09:00:00,1665.0,1683.6108
2017-01-22 10:00:00,1668.0,1707.4989
2017-01-22 11:00:00,1669.0,1681.4706
2017-01-22 12:00:00,1660.0,1670.1161
2017-01-22 13:00:00,1643.0,1645.2659
2017-01-22 14:00:00,1626.0,1626.7932
2017-01-22 15:00:00,1623.0,1616.9739
2017-01-22 16:00:00,1647.0,1655.6626
2017-01-22 17:00:00,1732.0,1721.1235
2017-01-22 18:00:00,1842.0,1810.3741
2017-01-22 19:00:00,1826.0,1855.2092
2017-01-22 20:00:00,1801.0,1838.996
2017-01-22 21:00:00,1737.0,1777.4884
2017-01-22 22:00:00,1658.0,1662.0864
2017-01-22 23:00:00,1589.0,1583.8785
2017-01-23 00:00:00,1540.0,1532.7092
2017-01-23 01:00:00,1518.0,1503.2322
2017-01-23 02:00:00,1510.0,1520.1821
2017-01-23 03:00:00,1514.0,1535.0837
2017-01-23 04:00:00,1568.0,1565.0248
2017-01-23 05:00:00,1707.0,1707.6442
2017-01-23 06:00:00,1921.0,1943.0848
2017-01-23 07:00:00,2087.0,2069.1475
2017-01-23 08:00:00,2108.0,2118.8057
2017-01-23 09:00:00,2132.0,2128.3262
2017-01-23 10:00:00,2150.0,2160.2808
2017-01-23 11:00:00,2157.0,2143.6316
2017-01-23 12:00:00,2146.0,2147.981
2017-01-23 13:00:00,2140.0,2132.0898
2017-01-23 14:00:00,2122.0,2118.3325
2017-01-23 15:00:00,2108.0,2091.0015
2017-01-23 16:00:00,2130.0,2116.4019
2017-01-23 17:00:00,2209.0,2187.2756
2017-01-23 18:00:00,2247.0,2289.642
2017-01-23 19:00:00,2226.0,2235.0908
2017-01-23 20:00:00,2178.0,2203.3413
2017-01-23 21:00:00,2095.0,2109.686
2017-01-23 22:00:00,1975.0,1975.9441
2017-01-23 23:00:00,1861.0,1858.3225
2017-01-24 00:00:00,1790.0,1787.9917
2017-01-24 01:00:00,1736.0,1738.1138
2017-01-24 02:00:00,1704.0,1711.1779
2017-01-24 03:00:00,1691.0,1699.6053
2017-01-24 04:00:00,1731.0,1719.881
2017-01-24 05:00:00,1856.0,1847.5448
2017-01-24 06:00:00,2055.0,2063.187
2017-01-24 07:00:00,2196.0,2208.2896
2017-01-24 08:00:00,2190.0,2211.678
2017-01-24 09:00:00,2203.0,2192.5513
2017-01-24 10:00:00,2226.0,2213.0757
2017-01-24 11:00:00,2224.0,2217.4973
2017-01-24 12:00:00,2212.0,2216.0994
2017-01-24 13:00:00,2206.0,2196.6736
2017-01-24 14:00:00,2184.0,2182.2876
2017-01-24 15:00:00,2163.0,2150.739
2017-01-24 16:00:00,2180.0,2177.9998
2017-01-24 17:00:00,2232.0,2240.8752
2017-01-24 18:00:00,2288.0,2303.433
2017-01-24 19:00:00,2267.0,2287.6055
2017-01-24 20:00:00,2209.0,2246.5024
2017-01-24 21:00:00,2128.0,2132.166
2017-01-24 22:00:00,2003.0,2006.0615
2017-01-24 23:00:00,1903.0,1884.3654
2017-01-25 00:00:00,1816.0,1826.0038
2017-01-25 01:00:00,1769.0,1774.2285
2017-01-25 02:00:00,1735.0,1746.5603
2017-01-25 03:00:00,1734.0,1741.9336
2017-01-25 04:00:00,1782.0,1774.3849
2017-01-25 05:00:00,1916.0,1919.8345
2017-01-25 06:00:00,2127.0,2138.415
2017-01-25 07:00:00,2269.0,2267.0247
2017-01-25 08:00:00,2239.0,2273.9663
2017-01-25 09:00:00,2247.0,2223.1692
2017-01-25 10:00:00,2261.0,2246.9111
2017-01-25 11:00:00,2235.0,2244.2354
2017-01-25 12:00:00,2223.0,2212.1326
2017-01-25 13:00:00,2209.0,2195.0151
2017-01-25 14:00:00,2167.0,2176.645
2017-01-25 15:00:00,2114.0,2128.4785
2017-01-25 16:00:00,2097.0,2116.9426
2017-01-25 17:00:00,2130.0,2137.4004
2017-01-25 18:00:00,2228.0,2202.1292
2017-01-25 19:00:00,2207.0,2239.568
2017-01-25 20:00:00,2180.0,2173.9143
2017-01-25 21:00:00,2113.0,2101.62
2017-01-25 22:00:00,2005.0,2002.876
2017-01-25 23:00:00,1901.0,1895.222
2017-01-26 00:00:00,1837.0,1827.8342
2017-01-26 01:00:00,1803.0,1793.6605
2017-01-26 02:00:00,1780.0,1792.3339
2017-01-26 03:00:00,1789.0,1788.2808
2017-01-26 04:00:00,1831.0,1834.6909
2017-01-26 05:00:00,1962.0,1961.465
2017-01-26 06:00:00,2167.0,2183.0647
2017-01-26 07:00:00,2311.0,2293.0627
2017-01-26 08:00:00,2308.0,2300.6956
2017-01-26 09:00:00,2316.0,2290.6514
2017-01-26 10:00:00,2332.0,2310.7852
2017-01-26 11:00:00,2315.0,2309.7126
2017-01-26 12:00:00,2311.0,2292.6128
2017-01-26 13:00:00,2316.0,2289.9514
2017-01-26 14:00:00,2310.0,2301.8027
2017-01-26 15:00:00,2317.0,2291.645
2017-01-26 16:00:00,2361.0,2346.5342
2017-01-26 17:00:00,2420.0,2440.6309
2017-01-26 18:00:00,2455.0,2504.5857
2017-01-26 19:00:00,2440.0,2421.9766
2017-01-26 20:00:00,2393.0,2399.537
2017-01-26 21:00:00,2298.0,2311.971
2017-01-26 22:00:00,2180.0,2168.4084
2017-01-26 23:00:00,2071.0,2043.7275
2017-01-27 00:00:00,1996.0,1991.8142
2017-01-27 01:00:00,1951.0,1951.0377
2017-01-27 02:00:00,1927.0,1933.0189
2017-01-27 03:00:00,1917.0,1926.1246
2017-01-27 04:00:00,1958.0,1958.3768
2017-01-27 05:00:00,2073.0,2086.271
2017-01-27 06:00:00,2265.0,2262.6426
2017-01-27 07:00:00,2375.0,2393.566
2017-01-27 08:00:00,2384.0,2377.7244
2017-01-27 09:00:00,2399.0,2385.8577
2017-01-27 10:00:00,2410.0,2389.2517
2017-01-27 11:00:00,2381.0,2387.4636
2017-01-27 12:00:00,2361.0,2344.6973
2017-01-27 13:00:00,2358.0,2325.892
2017-01-27 14:00:00,2339.0,2325.9194
2017-01-27 15:00:00,2306.0,2302.9497
2017-01-27 16:00:00,2310.0,2319.3723
2017-01-27 17:00:00,2343.0,2356.9993
2017-01-27 18:00:00,2364.0,2411.8142
2017-01-27 19:00:00,2334.0,2323.613
2017-01-27 20:00:00,2294.0,2286.7385
2017-01-27 21:00:00,2224.0,2235.1926
2017-01-27 22:00:00,2127.0,2116.901
2017-01-27 23:00:00,2014.0,2005.979
2017-01-28 00:00:00,1936.0,1929.3817
2017-01-28 01:00:00,1887.0,1881.1952
2017-01-28 02:00:00,1845.0,1865.3209
2017-01-28 03:00:00,1830.0,1841.9838
2017-01-28 04:00:00,1852.0,1840.1254
2017-01-28 05:00:00,1909.0,1916.9197
2017-01-28 06:00:00,2001.0,2003.5176
2017-01-28 07:00:00,2085.0,2109.5405
2017-01-28 08:00:00,2131.0,2156.262
2017-01-28 09:00:00,2192.0,2186.1506
2017-01-28 10:00:00,2181.0,2211.0596
2017-01-28 11:00:00,2150.0,2144.729
2017-01-28 12:00:00,2134.0,2110.993
2017-01-28 13:00:00,2127.0,2091.887
2017-01-28 14:00:00,2122.0,2092.5938
2017-01-28 15:00:00,2125.0,2102.935
2017-01-28 16:00:00,2160.0,2143.126
2017-01-28 17:00:00,2196.0,2237.1545
2017-01-28 18:00:00,2220.0,2261.7913
2017-01-28 19:00:00,2180.0,2192.2004
2017-01-28 20:00:00,2134.0,2154.5425
2017-01-28 21:00:00,2077.0,2080.0378
2017-01-28 22:00:00,1982.0,1987.928
2017-01-28 23:00:00,1882.0,1888.5709
2017-01-29 00:00:00,1820.0,1798.3643
2017-01-29 01:00:00,1763.0,1775.9392
2017-01-29 02:00:00,1738.0,1736.9138
2017-01-29 03:00:00,1724.0,1725.1595
2017-01-29 04:00:00,1734.0,1738.1062
2017-01-29 05:00:00,1758.0,1761.092
2017-01-29 06:00:00,1813.0,1805.3838
2017-01-29 07:00:00,1904.0,1892.9957
2017-01-29 08:00:00,1963.0,1989.7056
2017-01-29 09:00:00,2016.0,2019.366
2017-01-29 10:00:00,2025.0,2041.7776
2017-01-29 11:00:00,2048.0,2008.154
2017-01-29 12:00:00,2063.0,2044.5975
2017-01-29 13:00:00,2053.0,2047.1202
2017-01-29 14:00:00,2028.0,2026.7263
2017-01-29 15:00:00,2043.0,2012.6567
2017-01-29 16:00:00,2099.0,2086.324
2017-01-29 17:00:00,2176.0,2182.6472
2017-01-29 18:00:00,2268.0,2252.0447
2017-01-29 19:00:00,2254.0,2248.5774
2017-01-29 20:00:00,2241.0,2231.1116
2017-01-29 21:00:00,2169.0,2190.7798
2017-01-29 22:00:00,2111.0,2110.447
2017-01-29 23:00:00,2033.0,2039.7368
2017-01-30 00:00:00,1986.0,1980.6422
2017-01-30 01:00:00,1967.0,1964.4419
2017-01-30 02:00:00,1956.0,1962.5768
2017-01-30 03:00:00,1976.0,1962.9219
2017-01-30 04:00:00,2033.0,2030.177
2017-01-30 05:00:00,2189.0,2158.7397
2017-01-30 06:00:00,2397.0,2396.6367
2017-01-30 07:00:00,2541.0,2537.0356
2017-01-30 08:00:00,2532.0,2548.5906
2017-01-30 09:00:00,2486.0,2523.1008
2017-01-30 10:00:00,2444.0,2460.135
2017-01-30 11:00:00,2403.0,2400.6304
2017-01-30 12:00:00,2377.0,2362.564
2017-01-30 13:00:00,2350.0,2337.9724
2017-01-30 14:00:00,2303.0,2308.43
2017-01-30 15:00:00,2261.0,2266.3267
2017-01-30 16:00:00,2294.0,2263.6829
2017-01-30 17:00:00,2392.0,2382.3718
2017-01-30 18:00:00,2481.0,2497.672
2017-01-30 19:00:00,2478.0,2461.1353
2017-01-30 20:00:00,2434.0,2429.493
2017-01-30 21:00:00,2355.0,2340.2668
2017-01-30 22:00:00,2215.0,2231.2927
2017-01-30 23:00:00,2101.0,2097.537
2017-01-31 00:00:00,2023.0,2012.7651
2017-01-31 01:00:00,1956.0,1976.0331
2017-01-31 02:00:00,1938.0,1932.8774
2017-01-31 03:00:00,1917.0,1929.4684
2017-01-31 04:00:00,1938.0,1958.2424
2017-01-31 05:00:00,2051.0,2048.1309
2017-01-31 06:00:00,2230.0,2244.9492
2017-01-31 07:00:00,2361.0,2376.3662
2017-01-31 08:00:00,2338.0,2384.4614
2017-01-31 09:00:00,2337.0,2323.5574
2017-01-31 10:00:00,2336.0,2321.562
2017-01-31 11:00:00,2319.0,2301.4543
2017-01-31 12:00:00,2320.0,2293.4294
2017-01-31 13:00:00,2327.0,2294.7952
2017-01-31 14:00:00,2291.0,2300.5686
2017-01-31 15:00:00,2253.0,2260.4275
2017-01-31 16:00:00,2267.0,2258.3635
2017-01-31 17:00:00,2303.0,2340.317
2017-01-31 18:00:00,2372.0,2406.7136
2017-01-31 19:00:00,2345.0,2352.1702
2017-01-31 20:00:00,2298.0,2305.773
2017-01-31 21:00:00,2217.0,2214.151
2017-01-31 22:00:00,2080.0,2087.166
2017-01-31 23:00:00,1959.0,1961.027
2017-02-01 00:00:00,1894.0,1883.3582
2017-02-01 01:00:00,1839.0,1839.868
2017-02-01 02:00:00,1819.0,1819.6371
2017-02-01 03:00:00,1803.0,1823.1794
2017-02-01 04:00:00,1839.0,1836.1244
2017-02-01 05:00:00,1956.0,1950.9983
2017-02-01 06:00:00,2167.0,2161.0933
2017-02-01 07:00:00,2296.0,2304.7847
2017-02-01 08:00:00,2305.0,2303.2178
2017-02-01 09:00:00,2300.0,2295.9016
2017-02-01 10:00:00,2300.0,2295.1138
2017-02-01 11:00:00,2275.0,2270.5251
2017-02-01 12:00:00,2271.0,2254.6099
2017-02-01 13:00:00,2232.0,2253.1384
2017-02-01 14:00:00,2224.0,2200.8706
2017-02-01 15:00:00,2207.0,2205.6287
2017-02-01 16:00:00,2200.0,2222.9368
2017-02-01 17:00:00,2258.0,2239.337
2017-02-01 18:00:00,2329.0,2348.8408
2017-02-01 19:00:00,2347.0,2339.755
2017-02-01 20:00:00,2303.0,2312.8184
2017-02-01 21:00:00,2247.0,2230.3894
2017-02-01 22:00:00,2139.0,2128.1162
2017-02-01 23:00:00,2006.0,2026.0359
2017-02-02 00:00:00,1954.0,1926.7631
2017-02-02 01:00:00,1876.0,1914.525
2017-02-02 02:00:00,1872.0,1861.7421
2017-02-02 03:00:00,1878.0,1880.3826
2017-02-02 04:00:00,1940.0,1928.4518
2017-02-02 05:00:00,2095.0,2079.2676
2017-02-02 06:00:00,2312.0,2329.9673
2017-02-02 07:00:00,2446.0,2439.2563
2017-02-02 08:00:00,2444.0,2420.9216
2017-02-02 09:00:00,2456.0,2445.499
2017-02-02 10:00:00,2468.0,2452.321
2017-02-02 11:00:00,2385.0,2454.177
2017-02-02 12:00:00,2333.0,2351.197
2017-02-02 13:00:00,2296.0,2293.9785
2017-02-02 14:00:00,2253.0,2259.2314
2017-02-02 15:00:00,2190.0,2215.9639
2017-02-02 16:00:00,2217.0,2184.2554
2017-02-02 17:00:00,2316.0,2277.6536
2017-02-02 18:00:00,2452.0,2433.849
2017-02-02 19:00:00,2466.0,2464.753
2017-02-02 20:00:00,2447.0,2424.8442
2017-02-02 21:00:00,2372.0,2368.2021
2017-02-02 22:00:00,2254.0,2253.3574
2017-02-02 23:00:00,2161.0,2127.521
2017-02-03 00:00:00,2093.0,2084.7046
2017-02-03 01:00:00,2051.0,2050.5435
2017-02-03 02:00:00,2028.0,2037.7765
2017-02-03 03:00:00,2040.0,2038.1833
2017-02-03 04:00:00,2092.0,2108.0505
2017-02-03 05:00:00,2215.0,2224.2007
2017-02-03 06:00:00,2435.0,2440.8215
2017-02-03 07:00:00,2519.0,2552.7212
2017-02-03 08:00:00,2533.0,2512.5728
2017-02-03 09:00:00,2527.0,2521.6448
2017-02-03 10:00:00,2522.0,2510.2263
2017-02-03 11:00:00,2492.0,2471.2913
2017-02-03 12:00:00,2467.0,2452.3489
2017-02-03 13:00:00,2459.0,2436.9897
2017-02-03 14:00:00,2394.0,2432.1787
2017-02-03 15:00:00,2306.0,2340.1533
2017-02-03 16:00:00,2287.0,2300.0164
2017-02-03 17:00:00,2339.0,2315.832
2017-02-03 18:00:00,2451.0,2451.3472
2017-02-03 19:00:00,2443.0,2466.9636
2017-02-03 20:00:00,2408.0,2402.9082
2017-02-03 21:00:00,2371.0,2341.4563
2017-02-03 22:00:00,2277.0,2269.707
2017-02-03 23:00:00,2156.0,2159.1494
2017-02-04 00:00:00,2095.0,2067.6086
2017-02-04 01:00:00,2062.0,2041.3636
2017-02-04 02:00:00,2041.0,2037.5016
2017-02-04 03:00:00,2050.0,2035.4467
2017-02-04 04:00:00,2064.0,2078.5098
2017-02-04 05:00:00,2135.0,2129.2463
2017-02-04 06:00:00,2222.0,2239.8328
2017-02-04 07:00:00,2310.0,2309.2363
2017-02-04 08:00:00,2330.0,2335.1455
2017-02-04 09:00:00,2319.0,2331.3936
2017-02-04 10:00:00,2251.0,2275.6943
2017-02-04 11:00:00,2200.0,2181.7979
2017-02-04 12:00:00,2155.0,2126.7932
2017-02-04 13:00:00,2102.0,2100.563
2017-02-04 14:00:00,2020.0,2061.2488
2017-02-04 15:00:00,1993.0,1998.1714
2017-02-04 16:00:00,2048.0,2001.6183
2017-02-04 17:00:00,2090.0,2144.1868
2017-02-04 18:00:00,2175.0,2200.039
2017-02-04 19:00:00,2175.0,2212.4924
2017-02-04 20:00:00,2141.0,2148.5242
2017-02-04 21:00:00,2090.0,2080.8562
2017-02-04 22:00:00,1997.0,2008.8064
2017-02-04 23:00:00,1899.0,1907.946
2017-02-05 00:00:00,1818.0,1816.1204
2017-02-05 01:00:00,1755.0,1769.4789
2017-02-05 02:00:00,1729.0,1727.4098
2017-02-05 03:00:00,1720.0,1722.7822
2017-02-05 04:00:00,1698.0,1729.252
2017-02-05 05:00:00,1731.0,1716.5398
2017-02-05 06:00:00,1774.0,1784.3906
2017-02-05 07:00:00,1844.0,1840.5165
2017-02-05 08:00:00,1886.0,1916.9218
2017-02-05 09:00:00,1899.0,1922.8807
2017-02-05 10:00:00,1893.0,1899.9396
2017-02-05 11:00:00,1871.0,1883.2415
2017-02-05 12:00:00,1837.0,1853.4686
2017-02-05 13:00:00,1801.0,1805.9006
2017-02-05 14:00:00,1768.0,1774.9364
2017-02-05 15:00:00,1754.0,1741.5276
2017-02-05 16:00:00,1776.0,1785.1064
2017-02-05 17:00:00,1841.0,1867.0435
2017-02-05 18:00:00,1964.0,1952.1202
2017-02-05 19:00:00,1942.0,2025.8137
2017-02-05 20:00:00,1937.0,1926.5433
2017-02-05 21:00:00,1914.0,1895.8795
2017-02-05 22:00:00,1891.0,1842.0715
2017-02-05 23:00:00,1854.0,1816.2877
2017-02-06 00:00:00,1802.0,1807.2957
2017-02-06 01:00:00,1791.0,1781.0785
2017-02-06 02:00:00,1784.0,1790.2225
2017-02-06 03:00:00,1819.0,1802.9104
2017-02-06 04:00:00,1881.0,1883.4507
2017-02-06 05:00:00,2021.0,2009.8201
2017-02-06 06:00:00,2244.0,2226.8088
2017-02-06 07:00:00,2382.0,2371.2175
2017-02-06 08:00:00,2343.0,2385.1895
2017-02-06 09:00:00,2309.0,2318.8032
2017-02-06 10:00:00,2232.0,2292.4343
2017-02-06 11:00:00,2182.0,2183.8157
2017-02-06 12:00:00,2125.0,2144.672
2017-02-06 13:00:00,2075.0,2088.525
2017-02-06 14:00:00,2009.0,2035.8553
2017-02-06 15:00:00,1980.0,1969.2925
2017-02-06 16:00:00,1976.0,1980.8385
2017-02-06 17:00:00,2049.0,2039.9697
2017-02-06 18:00:00,2156.0,2192.0933
2017-02-06 19:00:00,2121.0,2209.922
2017-02-06 20:00:00,2086.0,2112.2178
2017-02-06 21:00:00,1995.0,2021.6073
2017-02-06 22:00:00,1867.0,1888.2695
2017-02-06 23:00:00,1750.0,1751.6896
2017-02-07 00:00:00,1680.0,1668.0308
2017-02-07 01:00:00,1624.0,1621.2064
2017-02-07 02:00:00,1583.0,1600.8992
2017-02-07 03:00:00,1569.0,1581.2368
2017-02-07 04:00:00,1595.0,1605.2183
2017-02-07 05:00:00,1715.0,1705.8553
2017-02-07 06:00:00,1911.0,1929.9143
2017-02-07 07:00:00,2045.0,2043.3259
2017-02-07 08:00:00,2047.0,2085.867
2017-02-07 09:00:00,2055.0,2061.3154
2017-02-07 10:00:00,2068.0,2070.7244
2017-02-07 11:00:00,2071.0,2059.456
2017-02-07 12:00:00,2078.0,2064.8032
2017-02-07 13:00:00,2053.0,2069.6423
2017-02-07 14:00:00,2023.0,2031.4319
2017-02-07 15:00:00,1980.0,1986.7589
2017-02-07 16:00:00,2004.0,1968.6178
2017-02-07 17:00:00,2054.0,2060.377
2017-02-07 18:00:00,2104.0,2124.2869
2017-02-07 19:00:00,2087.0,2117.7537
2017-02-07 20:00:00,2039.0,2073.627
2017-02-07 21:00:00,1961.0,1983.8287
2017-02-07 22:00:00,1846.0,1842.5245
2017-02-07 23:00:00,1730.0,1725.6501
2017-02-08 00:00:00,1662.0,1643.9476
2017-02-08 01:00:00,1616.0,1614.1708
2017-02-08 02:00:00,1583.0,1600.8418
2017-02-08 03:00:00,1595.0,1588.0051
2017-02-08 04:00:00,1666.0,1635.1868
2017-02-08 05:00:00,1853.0,1804.5736
2017-02-08 06:00:00,2069.0,2088.7324
2017-02-08 07:00:00,2188.0,2202.0195
2017-02-08 08:00:00,2200.0,2193.5415
2017-02-08 09:00:00,2226.0,2202.9001
2017-02-08 10:00:00,2158.0,2242.79
2017-02-08 11:00:00,2229.0,2129.0896
2017-02-08 12:00:00,2240.0,2235.8967
2017-02-08 13:00:00,2234.0,2249.2603
2017-02-08 14:00:00,2228.0,2221.0796
2017-02-08 15:00:00,2201.0,2211.3403
2017-02-08 16:00:00,2236.0,2201.942
2017-02-08 17:00:00,2311.0,2289.339
2017-02-08 18:00:00,2397.0,2385.5745
2017-02-08 19:00:00,2395.0,2395.7007
2017-02-08 20:00:00,2362.0,2370.3628
2017-02-08 21:00:00,2291.0,2290.1206
2017-02-08 22:00:00,2178.0,2173.9783
2017-02-08 23:00:00,2056.0,2059.0256
2017-02-09 00:00:00,1986.0,1982.3584
2017-02-09 01:00:00,1958.0,1944.1912
2017-02-09 02:00:00,1932.0,1940.7517
2017-02-09 03:00:00,1939.0,1942.3267
2017-02-09 04:00:00,1983.0,1991.4462
2017-02-09 05:00:00,2102.0,2129.93
2017-02-09 06:00:00,2323.0,2315.1199
2017-02-09 07:00:00,2449.0,2447.568
2017-02-09 08:00:00,2484.0,2440.4934
2017-02-09 09:00:00,2515.0,2489.8132
2017-02-09 10:00:00,2525.0,2524.8345
2017-02-09 11:00:00,2526.0,2509.4414
2017-02-09 12:00:00,2498.0,2514.1384
2017-02-09 13:00:00,2482.0,2476.2395
2017-02-09 14:00:00,2444.0,2454.9475
2017-02-09 15:00:00,2412.0,2418.3997
2017-02-09 16:00:00,2415.0,2423.59
2017-02-09 17:00:00,2450.0,2469.515
2017-02-09 18:00:00,2603.0,2542.6404
2017-02-09 19:00:00,2622.0,2619.43
2017-02-09 20:00:00,2603.0,2588.4463
2017-02-09 21:00:00,2536.0,2525.9448
2017-02-09 22:00:00,2429.0,2403.527
2017-02-09 23:00:00,2326.0,2318.7434
2017-02-10 00:00:00,2259.0,2254.6243
2017-02-10 01:00:00,2212.0,2229.495
2017-02-10 02:00:00,2175.0,2196.1409
2017-02-10 03:00:00,2170.0,2164.321
2017-02-10 04:00:00,2199.0,2199.8762
2017-02-10 05:00:00,2292.0,2301.2375
2017-02-10 06:00:00,2474.0,2457.7856
2017-02-10 07:00:00,2584.0,2601.7656
2017-02-10 08:00:00,2579.0,2585.162
2017-02-10 09:00:00,2591.0,2565.5857
2017-02-10 10:00:00,2583.0,2559.552
2017-02-10 11:00:00,2536.0,2534.3464
2017-02-10 12:00:00,2483.0,2488.423
2017-02-10 13:00:00,2427.0,2434.942
2017-02-10 14:00:00,2325.0,2371.4832
2017-02-10 15:00:00,2246.0,2277.6182
2017-02-10 16:00:00,2225.0,2218.0457
2017-02-10 17:00:00,2210.0,2248.672
2017-02-10 18:00:00,2276.0,2276.5054
2017-02-10 19:00:00,2225.0,2319.949
2017-02-10 20:00:00,2184.0,2221.8044
2017-02-10 21:00:00,2116.0,2133.5996
2017-02-10 22:00:00,2007.0,2011.2424
2017-02-10 23:00:00,1875.0,1892.2699
2017-02-11 00:00:00,1769.0,1779.6447
2017-02-11 01:00:00,1705.0,1705.3964
2017-02-11 02:00:00,1668.0,1661.2104
2017-02-11 03:00:00,1647.0,1659.729
2017-02-11 04:00:00,1635.0,1652.2595
2017-02-11 05:00:00,1669.0,1685.0459
2017-02-11 06:00:00,1734.0,1728.7838
2017-02-11 07:00:00,1817.0,1815.9132
2017-02-11 08:00:00,1853.0,1900.5566
2017-02-11 09:00:00,1900.0,1933.087
2017-02-11 10:00:00,1893.0,1939.2434
2017-02-11 11:00:00,1845.0,1872.561
2017-02-11 12:00:00,1758.0,1818.3596
2017-02-11 13:00:00,1720.0,1710.2634
2017-02-11 14:00:00,1665.0,1681.3674
2017-02-11 15:00:00,1646.0,1658.0645
2017-02-11 16:00:00,1647.0,1667.8948
2017-02-11 17:00:00,1671.0,1685.0958
2017-02-11 18:00:00,1760.0,1744.0769
2017-02-11 19:00:00,1742.0,1804.1213
2017-02-11 20:00:00,1714.0,1738.1934
2017-02-11 21:00:00,1658.0,1700.9559
2017-02-11 22:00:00,1578.0,1594.3075
2017-02-11 23:00:00,1501.0,1499.4465
2017-02-12 00:00:00,1431.0,1425.6143
2017-02-12 01:00:00,1392.0,1386.7675
2017-02-12 02:00:00,1361.0,1372.3486
2017-02-12 03:00:00,1349.0,1347.4867
2017-02-12 04:00:00,1345.0,1361.8574
2017-02-12 05:00:00,1379.0,1391.5745
2017-02-12 06:00:00,1414.0,1442.4508
2017-02-12 07:00:00,1499.0,1489.2268
2017-02-12 08:00:00,1585.0,1577.4185
2017-02-12 09:00:00,1662.0,1653.9711
2017-02-12 10:00:00,1716.0,1690.9269
2017-02-12 11:00:00,1744.0,1732.9768
2017-02-12 12:00:00,1757.0,1745.4363
2017-02-12 13:00:00,1708.0,1758.9691
2017-02-12 14:00:00,1684.0,1682.6216
2017-02-12 15:00:00,1676.0,1673.5284
2017-02-12 16:00:00,1704.0,1697.6719
2017-02-12 17:00:00,1770.0,1773.2848
2017-02-12 18:00:00,1954.0,1847.1945
2017-02-12 19:00:00,1990.0,1989.8627
2017-02-12 20:00:00,1974.0,1994.1724
2017-02-12 21:00:00,1952.0,1923.1736
2017-02-12 22:00:00,1877.0,1879.294
2017-02-12 23:00:00,1844.0,1778.4257
2017-02-13 00:00:00,1802.0,1802.7432
2017-02-13 01:00:00,1791.0,1779.7643
2017-02-13 02:00:00,1774.0,1798.4913
2017-02-13 03:00:00,1810.0,1799.4385
2017-02-13 04:00:00,1855.0,1891.2202
2017-02-13 05:00:00,2004.0,1991.4283
2017-02-13 06:00:00,2205.0,2226.047
2017-02-13 07:00:00,2341.0,2349.3152
2017-02-13 08:00:00,2281.0,2368.4292
2017-02-13 09:00:00,2273.0,2278.2646
2017-02-13 10:00:00,2257.0,2251.864
2017-02-13 11:00:00,2208.0,2224.6572
2017-02-13 12:00:00,2172.0,2182.6165
2017-02-13 13:00:00,2102.0,2144.892
2017-02-13 14:00:00,2075.0,2068.7625
2017-02-13 15:00:00,2011.0,2039.7612
2017-02-13 16:00:00,2006.0,2008.6973
2017-02-13 17:00:00,2046.0,2042.8539
2017-02-13 18:00:00,2180.0,2155.9832
2017-02-13 19:00:00,2228.0,2224.9656
2017-02-13 20:00:00,2217.0,2230.581
2017-02-13 21:00:00,2152.0,2158.9065
2017-02-13 22:00:00,2065.0,2032.6033
2017-02-13 23:00:00,1963.0,1959.4031
2017-02-14 00:00:00,1887.0,1905.5383
2017-02-14 01:00:00,1831.0,1837.8895
2017-02-14 02:00:00,1806.0,1809.7662
2017-02-14 03:00:00,1801.0,1808.2751
2017-02-14 04:00:00,1843.0,1847.8335
2017-02-14 05:00:00,1960.0,1971.478
2017-02-14 06:00:00,2152.0,2172.0366
2017-02-14 07:00:00,2274.0,2274.8337
2017-02-14 08:00:00,2271.0,2284.315
2017-02-14 09:00:00,2237.0,2255.638
2017-02-14 10:00:00,2214.0,2219.8352
2017-02-14 11:00:00,2155.0,2177.9756
2017-02-14 12:00:00,2109.0,2119.3464
2017-02-14 13:00:00,2084.0,2072.3506
2017-02-14 14:00:00,2039.0,2039.5618
2017-02-14 15:00:00,1999.0,1999.3215
2017-02-14 16:00:00,1994.0,1993.8185
2017-02-14 17:00:00,2044.0,2039.6152
2017-02-14 18:00:00,2143.0,2145.3865
2017-02-14 19:00:00,2167.0,2190.0327
2017-02-14 20:00:00,2146.0,2153.53
2017-02-14 21:00:00,2069.0,2078.4155
2017-02-14 22:00:00,1971.0,1964.1503
2017-02-14 23:00:00,1863.0,1852.9647
2017-02-15 00:00:00,1814.0,1783.5864
2017-02-15 01:00:00,1769.0,1765.6449
2017-02-15 02:00:00,1755.0,1749.1449
2017-02-15 03:00:00,1760.0,1767.0812
2017-02-15 04:00:00,1815.0,1815.6317
2017-02-15 05:00:00,1947.0,1949.4658
2017-02-15 06:00:00,2162.0,2175.518
2017-02-15 07:00:00,2284.0,2273.7832
2017-02-15 08:00:00,2268.0,2278.3062
2017-02-15 09:00:00,2274.0,2249.695
2017-02-15 10:00:00,2285.0,2267.6975
2017-02-15 11:00:00,2299.0,2270.5244
2017-02-15 12:00:00,2312.0,2286.775
2017-02-15 13:00:00,2280.0,2310.9707
2017-02-15 14:00:00,2232.0,2251.2622
2017-02-15 15:00:00,2207.0,2186.9497
2017-02-15 16:00:00,2222.0,2211.7153
2017-02-15 17:00:00,2268.0,2264.7612
2017-02-15 18:00:00,2357.0,2354.6812
2017-02-15 19:00:00,2383.0,2359.8713
2017-02-15 20:00:00,2365.0,2374.7522
2017-02-15 21:00:00,2295.0,2289.3447
2017-02-15 22:00:00,2164.0,2170.9934
2017-02-15 23:00:00,2056.0,2043.862
2017-02-16 00:00:00,1985.0,1984.2362
2017-02-16 01:00:00,1939.0,1945.6562
2017-02-16 02:00:00,1917.0,1916.0778
2017-02-16 03:00:00,1921.0,1925.2177
2017-02-16 04:00:00,1969.0,1965.9911
2017-02-16 05:00:00,2101.0,2117.1753
2017-02-16 06:00:00,2312.0,2312.1384
2017-02-16 07:00:00,2428.0,2435.639
2017-02-16 08:00:00,2383.0,2429.8438
2017-02-16 09:00:00,2332.0,2373.1982
2017-02-16 10:00:00,2323.0,2297.058
2017-02-16 11:00:00,2272.0,2280.1365
2017-02-16 12:00:00,2249.0,2235.994
2017-02-16 13:00:00,2210.0,2212.239
2017-02-16 14:00:00,2177.0,2168.7534
2017-02-16 15:00:00,2158.0,2123.7317
2017-02-16 16:00:00,2159.0,2160.615
2017-02-16 17:00:00,2180.0,2212.626
2017-02-16 18:00:00,2285.0,2265.3042
2017-02-16 19:00:00,2321.0,2315.018
2017-02-16 20:00:00,2287.0,2313.0168
2017-02-16 21:00:00,2220.0,2211.41
2017-02-16 22:00:00,2103.0,2094.6604
2017-02-16 23:00:00,1968.0,1976.8335
2017-02-17 00:00:00,1903.0,1887.2415
2017-02-17 01:00:00,1854.0,1852.0063
2017-02-17 02:00:00,1823.0,1832.6808
2017-02-17 03:00:00,1822.0,1816.4644
2017-02-17 04:00:00,1861.0,1851.3577
2017-02-17 05:00:00,1980.0,1989.9521
2017-02-17 06:00:00,2164.0,2188.6255
2017-02-17 07:00:00,2265.0,2298.3289
2017-02-17 08:00:00,2272.0,2272.186
2017-02-17 09:00:00,2213.0,2252.5261
2017-02-17 10:00:00,2165.0,2182.4094
2017-02-17 11:00:00,2086.0,2114.6682
2017-02-17 12:00:00,2048.0,2036.2161
2017-02-17 13:00:00,1994.0,2006.3627
2017-02-17 14:00:00,1952.0,1944.3928
2017-02-17 15:00:00,1865.0,1910.9119
2017-02-17 16:00:00,1859.0,1844.1201
2017-02-17 17:00:00,1839.0,1886.4508
2017-02-17 18:00:00,1900.0,1899.5944
2017-02-17 19:00:00,1923.0,1971.7299
2017-02-17 20:00:00,1893.0,1948.6005
2017-02-17 21:00:00,1832.0,1858.21
2017-02-17 22:00:00,1739.0,1744.7555
2017-02-17 23:00:00,1623.0,1639.4655
2017-02-18 00:00:00,1546.0,1532.2189
2017-02-18 01:00:00,1490.0,1478.2855
2017-02-18 02:00:00,1469.0,1460.3539
2017-02-18 03:00:00,1472.0,1460.4272
2017-02-18 04:00:00,1492.0,1499.4021
2017-02-18 05:00:00,1543.0,1551.1538
2017-02-18 06:00:00,1633.0,1624.4987
2017-02-18 07:00:00,1708.0,1726.5522
2017-02-18 08:00:00,1765.0,1781.9152
2017-02-18 09:00:00,1794.0,1824.9191
2017-02-18 10:00:00,1791.0,1814.1594
2017-02-18 11:00:00,1754.0,1775.2766
2017-02-18 12:00:00,1700.0,1714.3519
2017-02-18 13:00:00,1655.0,1660.8501
2017-02-18 14:00:00,1610.0,1620.8013
2017-02-18 15:00:00,1593.0,1592.2307
2017-02-18 16:00:00,1592.0,1600.516
2017-02-18 17:00:00,1619.0,1624.5846
2017-02-18 18:00:00,1701.0,1672.553
2017-02-18 19:00:00,1713.0,1727.4883
2017-02-18 20:00:00,1697.0,1729.9795
2017-02-18 21:00:00,1651.0,1694.8473
2017-02-18 22:00:00,1574.0,1579.8627
2017-02-18 23:00:00,1502.0,1492.0703
2017-02-19 00:00:00,1430.0,1431.8086
2017-02-19 01:00:00,1405.0,1372.3296
2017-02-19 02:00:00,1371.0,1378.8179
2017-02-19 03:00:00,1377.0,1371.1519
2017-02-19 04:00:00,1389.0,1381.8723
2017-02-19 05:00:00,1414.0,1424.776
2017-02-19 06:00:00,1493.0,1478.9521
2017-02-19 07:00:00,1550.0,1549.1918
2017-02-19 08:00:00,1619.0,1621.904
2017-02-19 09:00:00,1667.0,1666.8387
2017-02-19 10:00:00,1679.0,1690.1405
2017-02-19 11:00:00,1674.0,1686.3212
2017-02-19 12:00:00,1643.0,1664.9478
2017-02-19 13:00:00,1618.0,1630.6586
2017-02-19 14:00:00,1571.0,1597.1592
2017-02-19 15:00:00,1543.0,1558.3727
2017-02-19 16:00:00,1563.0,1550.7042
2017-02-19 17:00:00,1603.0,1597.6898
2017-02-19 18:00:00,1707.0,1670.922
2017-02-19 19:00:00,1775.0,1769.9163
2017-02-19 20:00:00,1751.0,1821.2086
2017-02-19 21:00:00,1725.0,1725.9982
2017-02-19 22:00:00,1662.0,1667.836
2017-02-19 23:00:00,1632.0,1584.4576
2017-02-20 00:00:00,1579.0,1572.4341
2017-02-20 01:00:00,1576.0,1556.5419
2017-02-20 02:00:00,1572.0,1570.2993
2017-02-20 03:00:00,1583.0,1589.5802
2017-02-20 04:00:00,1642.0,1644.08
2017-02-20 05:00:00,1751.0,1784.5842
2017-02-20 06:00:00,1918.0,1987.7639
2017-02-20 07:00:00,2031.0,2056.5627
2017-02-20 08:00:00,2077.0,2086.6887
2017-02-20 09:00:00,2105.0,2108.2488
2017-02-20 10:00:00,2116.0,2133.1453
2017-02-20 11:00:00,2069.0,2113.556
2017-02-20 12:00:00,2034.0,2053.2734
2017-02-20 13:00:00,1987.0,2006.9136
2017-02-20 14:00:00,1953.0,1957.1888
2017-02-20 15:00:00,1892.0,1921.1953
2017-02-20 16:00:00,1882.0,1878.5631
2017-02-20 17:00:00,1892.0,1905.8073
2017-02-20 18:00:00,1989.0,1960.1285
2017-02-20 19:00:00,2037.0,2052.0557
2017-02-20 20:00:00,1990.0,2064.1807
2017-02-20 21:00:00,1895.0,1926.6996
2017-02-20 22:00:00,1791.0,1782.7762
2017-02-20 23:00:00,1676.0,1678.936
2017-02-21 00:00:00,1610.0,1596.6785
2017-02-21 01:00:00,1565.0,1559.2152
2017-02-21 02:00:00,1538.0,1548.808
2017-02-21 03:00:00,1538.0,1542.3422
2017-02-21 04:00:00,1580.0,1584.2069
2017-02-21 05:00:00,1691.0,1712.7458
2017-02-21 06:00:00,1901.0,1919.2982
2017-02-21 07:00:00,2016.0,2052.0896
2017-02-21 08:00:00,2013.0,2060.3135
2017-02-21 09:00:00,2009.0,2028.3617
2017-02-21 10:00:00,2010.0,2011.5405
2017-02-21 11:00:00,1991.0,1985.1578
2017-02-21 12:00:00,2002.0,1971.9648
2017-02-21 13:00:00,1976.0,1995.1134
2017-02-21 14:00:00,1950.0,1941.8837
2017-02-21 15:00:00,1917.0,1913.3381
2017-02-21 16:00:00,1923.0,1907.3738
2017-02-21 17:00:00,1962.0,1952.9955
2017-02-21 18:00:00,2039.0,2031.8284
2017-02-21 19:00:00,2047.0,2060.4722
2017-02-21 20:00:00,1979.0,2040.724
2017-02-21 21:00:00,1910.0,1923.541
2017-02-21 22:00:00,1790.0,1793.343
2017-02-21 23:00:00,1679.0,1665.3915
2017-02-22 00:00:00,1603.0,1596.114
2017-02-22 01:00:00,1545.0,1554.1782
2017-02-22 02:00:00,1513.0,1528.47
2017-02-22 03:00:00,1500.0,1509.7039
2017-02-22 04:00:00,1539.0,1536.9089
2017-02-22 05:00:00,1645.0,1655.2175
2017-02-22 06:00:00,1844.0,1876.6064
2017-02-22 07:00:00,1979.0,1983.4995
2017-02-22 08:00:00,1997.0,2018.0602
2017-02-22 09:00:00,2011.0,2031.443
2017-02-22 10:00:00,2033.0,2042.5895
2017-02-22 11:00:00,2014.0,2023.6038
2017-02-22 12:00:00,2017.0,2003.8605
2017-02-22 13:00:00,2009.0,2008.7686
2017-02-22 14:00:00,1981.0,1982.4908
2017-02-22 15:00:00,1937.0,1941.5447
2017-02-22 16:00:00,1930.0,1917.6327
2017-02-22 17:00:00,1953.0,1954.0985
2017-02-22 18:00:00,2038.0,2004.5125
2017-02-22 19:00:00,2032.0,2059.4827
2017-02-22 20:00:00,1989.0,2027.1567
2017-02-22 21:00:00,1915.0,1928.891
2017-02-22 22:00:00,1794.0,1794.9392
2017-02-22 23:00:00,1668.0,1663.2421
2017-02-23 00:00:00,1591.0,1582.5367
2017-02-23 01:00:00,1548.0,1537.626
2017-02-23 02:00:00,1514.0,1521.296
2017-02-23 03:00:00,1514.0,1520.5223
2017-02-23 04:00:00,1542.0,1552.8323
2017-02-23 05:00:00,1655.0,1667.516
2017-02-23 06:00:00,1859.0,1889.4657
2017-02-23 07:00:00,1947.0,1993.745
2017-02-23 08:00:00,1961.0,1970.7625
2017-02-23 09:00:00,1980.0,1975.6647
2017-02-23 10:00:00,2001.0,1997.3372
2017-02-23 11:00:00,1985.0,1996.153
2017-02-23 12:00:00,1976.0,1970.1232
2017-02-23 13:00:00,1970.0,1961.9164
2017-02-23 14:00:00,1948.0,1941.1581
2017-02-23 15:00:00,1910.0,1905.1776
2017-02-23 16:00:00,1902.0,1893.0216
2017-02-23 17:00:00,1941.0,1912.9056
2017-02-23 18:00:00,1988.0,1994.6266
2017-02-23 19:00:00,2006.0,2012.115
2017-02-23 20:00:00,1967.0,2007.538
2017-02-23 21:00:00,1881.0,1916.2937
2017-02-23 22:00:00,1768.0,1771.3158
2017-02-23 23:00:00,1639.0,1650.612
2017-02-24 00:00:00,1561.0,1558.9253
2017-02-24 01:00:00,1506.0,1505.47
2017-02-24 02:00:00,1466.0,1483.0078
2017-02-24 03:00:00,1467.0,1461.5642
2017-02-24 04:00:00,1493.0,1496.3173
2017-02-24 05:00:00,1608.0,1596.8473
2017-02-24 06:00:00,1816.0,1840.3756
2017-02-24 07:00:00,1898.0,1940.0443
2017-02-24 08:00:00,1920.0,1916.7427
2017-02-24 09:00:00,1942.0,1946.7866
2017-02-24 10:00:00,1950.0,1951.6754
2017-02-24 11:00:00,1952.0,1944.2771
2017-02-24 12:00:00,1950.0,1943.7211
2017-02-24 13:00:00,1960.0,1935.7672
2017-02-24 14:00:00,1942.0,1932.665
2017-02-24 15:00:00,1888.0,1905.0042
2017-02-24 16:00:00,1878.0,1861.25
2017-02-24 17:00:00,1876.0,1868.4418
2017-02-24 18:00:00,1903.0,1897.337
2017-02-24 19:00:00,1884.0,1913.9427
2017-02-24 20:00:00,1812.0,1887.0042
2017-02-24 21:00:00,1741.0,1771.733
2017-02-24 22:00:00,1632.0,1659.6016
2017-02-24 23:00:00,1498.0,1521.6311
2017-02-25 00:00:00,1411.0,1394.4293
2017-02-25 01:00:00,1331.0,1344.9247
2017-02-25 02:00:00,1308.0,1305.5215
2017-02-25 03:00:00,1305.0,1288.3853
2017-02-25 04:00:00,1334.0,1311.6119
2017-02-25 05:00:00,1383.0,1389.0413
2017-02-25 06:00:00,1469.0,1465.9823
2017-02-25 07:00:00,1592.0,1553.6542
2017-02-25 08:00:00,1703.0,1672.0413
2017-02-25 09:00:00,1797.0,1750.978
2017-02-25 10:00:00,1879.0,1842.0433
2017-02-25 11:00:00,1905.0,1901.3536
2017-02-25 12:00:00,1921.0,1911.7971
2017-02-25 13:00:00,1922.0,1924.7518
2017-02-25 14:00:00,1933.0,1915.0516
2017-02-25 15:00:00,1924.0,1940.0378
2017-02-25 16:00:00,1961.0,1935.6932
2017-02-25 17:00:00,1973.0,1997.0477
2017-02-25 18:00:00,2034.0,2007.5098
2017-02-25 19:00:00,2046.0,2045.7964
2017-02-25 20:00:00,1991.0,2045.7341
2017-02-25 21:00:00,1955.0,1939.2098
2017-02-25 22:00:00,1859.0,1867.2137
2017-02-25 23:00:00,1779.0,1745.6725
2017-02-26 00:00:00,1714.0,1706.6956
2017-02-26 01:00:00,1685.0,1661.4211
2017-02-26 02:00:00,1672.0,1651.0431
2017-02-26 03:00:00,1663.0,1663.8142
2017-02-26 04:00:00,1670.0,1685.2646
2017-02-26 05:00:00,1703.0,1709.2955
2017-02-26 06:00:00,1762.0,1763.218
2017-02-26 07:00:00,1816.0,1830.2052
2017-02-26 08:00:00,1852.0,1867.0022
2017-02-26 09:00:00,1850.0,1888.5376
2017-02-26 10:00:00,1832.0,1851.8976
2017-02-26 11:00:00,1806.0,1809.7236
2017-02-26 12:00:00,1770.0,1777.9948
2017-02-26 13:00:00,1719.0,1729.5586
2017-02-26 14:00:00,1678.0,1689.7675
2017-02-26 15:00:00,1652.0,1668.4839
2017-02-26 16:00:00,1693.0,1660.4775
2017-02-26 17:00:00,1758.0,1759.8984
2017-02-26 18:00:00,1866.0,1849.4332
2017-02-26 19:00:00,1942.0,1912.137
2017-02-26 20:00:00,1929.0,1967.0964
2017-02-26 21:00:00,1887.0,1898.906
2017-02-26 22:00:00,1814.0,1823.5662
2017-02-26 23:00:00,1758.0,1735.5284
2017-02-27 00:00:00,1713.0,1699.8636
2017-02-27 01:00:00,1668.0,1675.8551
2017-02-27 02:00:00,1658.0,1659.3917
2017-02-27 03:00:00,1660.0,1677.381
2017-02-27 04:00:00,1707.0,1705.4707
2017-02-27 05:00:00,1833.0,1833.9849
2017-02-27 06:00:00,2027.0,2041.7555
2017-02-27 07:00:00,2151.0,2163.977
2017-02-27 08:00:00,2147.0,2168.7112
2017-02-27 09:00:00,2181.0,2147.346
2017-02-27 10:00:00,2169.0,2191.244
2017-02-27 11:00:00,2125.0,2144.9277
2017-02-27 12:00:00,2096.0,2095.0032
2017-02-27 13:00:00,2106.0,2074.3228
2017-02-27 14:00:00,2087.0,2090.6653
2017-02-27 15:00:00,2071.0,2063.9563
2017-02-27 16:00:00,2060.0,2067.978
2017-02-27 17:00:00,2085.0,2087.3115
2017-02-27 18:00:00,2149.0,2147.1897
2017-02-27 19:00:00,2178.0,2181.5867
2017-02-27 20:00:00,2137.0,2176.7588
2017-02-27 21:00:00,2055.0,2074.3154
2017-02-27 22:00:00,1935.0,1948.5751
2017-02-27 23:00:00,1837.0,1810.6903
2017-02-28 00:00:00,1765.0,1764.7437
2017-02-28 01:00:00,1701.0,1717.5443
2017-02-28 02:00:00,1675.0,1674.2828
2017-02-28 03:00:00,1674.0,1669.9818
2017-02-28 04:00:00,1703.0,1710.0244
2017-02-28 05:00:00,1817.0,1814.6462
2017-02-28 06:00:00,2021.0,2013.7921
2017-02-28 07:00:00,2126.0,2140.3215
2017-02-28 08:00:00,2124.0,2130.6414
2017-02-28 09:00:00,2139.0,2121.2146
2017-02-28 10:00:00,2138.0,2139.62
2017-02-28 11:00:00,2131.0,2106.5986
2017-02-28 12:00:00,2124.0,2108.9468
2017-02-28 13:00:00,2089.0,2103.6992
2017-02-28 14:00:00,2074.0,2049.048
2017-02-28 15:00:00,2036.0,2030.0737
2017-02-28 16:00:00,2043.0,2018.1248
2017-02-28 17:00:00,2062.0,2068.474
2017-02-28 18:00:00,2105.0,2111.8337
2017-02-28 19:00:00,2109.0,2128.3538
2017-02-28 20:00:00,2081.0,2112.0386
2017-02-28 21:00:00,1965.0,2023.6105
2017-02-28 22:00:00,1832.0,1843.2013
2017-02-28 23:00:00,1719.0,1710.139
2017-03-01 00:00:00,1597.0,1636.9272
2017-03-01 01:00:00,1525.0,1538.2062
2017-03-01 02:00:00,1514.0,1492.9546
2017-03-01 03:00:00,1508.0,1497.0321
2017-03-01 04:00:00,1532.0,1540.5377
2017-03-01 05:00:00,1651.0,1645.0771
2017-03-01 06:00:00,1849.0,1859.0425
2017-03-01 07:00:00,1970.0,1970.9329
2017-03-01 08:00:00,2008.0,1999.4772
2017-03-01 09:00:00,2031.0,2036.0327
2017-03-01 10:00:00,2035.0,2058.6902
2017-03-01 11:00:00,2011.0,2020.5459
2017-03-01 12:00:00,1992.0,2001.691
2017-03-01 13:00:00,1984.0,1970.0962
2017-03-01 14:00:00,1998.0,1963.3606
2017-03-01 15:00:00,1989.0,1979.8794
2017-03-01 16:00:00,2031.0,1980.1971
2017-03-01 17:00:00,2090.0,2050.0613
2017-03-01 18:00:00,2150.0,2107.9404
2017-03-01 19:00:00,2195.0,2159.2239
2017-03-01 20:00:00,2184.0,2190.7566
2017-03-01 21:00:00,2134.0,2116.0967
2017-03-01 22:00:00,2059.0,2012.6414
2017-03-01 23:00:00,1953.0,1944.1366
2017-03-02 00:00:00,1886.0,1884.4559
2017-03-02 01:00:00,1837.0,1838.8903
2017-03-02 02:00:00,1794.0,1819.2507
2017-03-02 03:00:00,1804.0,1786.8862
2017-03-02 04:00:00,1829.0,1849.7936
2017-03-02 05:00:00,1957.0,1958.3383
2017-03-02 06:00:00,2153.0,2165.6052
2017-03-02 07:00:00,2237.0,2281.0896
2017-03-02 08:00:00,2249.0,2258.8682
2017-03-02 09:00:00,2268.0,2257.7908
2017-03-02 10:00:00,2237.0,2272.7393
2017-03-02 11:00:00,2200.0,2203.3682
2017-03-02 12:00:00,2193.0,2168.349
2017-03-02 13:00:00,2187.0,2173.2012
2017-03-02 14:00:00,2170.0,2156.2417
2017-03-02 15:00:00,2122.0,2129.998
2017-03-02 16:00:00,2142.0,2111.818
2017-03-02 17:00:00,2176.0,2171.091
2017-03-02 18:00:00,2260.0,2244.8013
2017-03-02 19:00:00,2324.0,2291.9648
2017-03-02 20:00:00,2318.0,2329.6892
2017-03-02 21:00:00,2242.0,2264.927
2017-03-02 22:00:00,2129.0,2124.16
2017-03-02 23:00:00,2015.0,2009.4407
2017-03-03 00:00:00,1948.0,1935.0751
2017-03-03 01:00:00,1909.0,1910.2162
2017-03-03 02:00:00,1884.0,1886.469
2017-03-03 03:00:00,1896.0,1884.892
2017-03-03 04:00:00,1932.0,1946.0345
2017-03-03 05:00:00,2054.0,2045.8545
2017-03-03 06:00:00,2252.0,2265.7393
2017-03-03 07:00:00,2339.0,2361.6626
2017-03-03 08:00:00,2351.0,2349.521
2017-03-03 09:00:00,2320.0,2332.1802
2017-03-03 10:00:00,2320.0,2293.469
2017-03-03 11:00:00,2275.0,2283.0032
2017-03-03 12:00:00,2254.0,2241.1423
2017-03-03 13:00:00,2220.0,2221.3628
2017-03-03 14:00:00,2174.0,2167.9038
2017-03-03 15:00:00,2119.0,2124.1113
2017-03-03 16:00:00,2098.0,2103.4084
2017-03-03 17:00:00,2094.0,2088.9585
2017-03-03 18:00:00,2168.0,2132.07
2017-03-03 19:00:00,2247.0,2243.718
2017-03-03 20:00:00,2250.0,2256.2012
2017-03-03 21:00:00,2185.0,2201.5884
2017-03-03 22:00:00,2088.0,2084.877
2017-03-03 23:00:00,1977.0,1969.416
2017-03-04 00:00:00,1882.0,1888.4537
2017-03-04 01:00:00,1847.0,1831.1101
2017-03-04 02:00:00,1823.0,1833.3749
2017-03-04 03:00:00,1806.0,1815.9166
2017-03-04 04:00:00,1802.0,1818.3469
2017-03-04 05:00:00,1832.0,1852.2579
2017-03-04 06:00:00,1923.0,1897.7432
2017-03-04 07:00:00,1975.0,2007.7675
2017-03-04 08:00:00,2052.0,2017.4609
2017-03-04 09:00:00,2100.0,2083.557
2017-03-04 10:00:00,2117.0,2114.9417
2017-03-04 11:00:00,2098.0,2088.2205
2017-03-04 12:00:00,2054.0,2057.769
2017-03-04 13:00:00,1997.0,2001.0588
2017-03-04 14:00:00,1958.0,1947.035
2017-03-04 15:00:00,1897.0,1921.9127
2017-03-04 16:00:00,1850.0,1882.594
2017-03-04 17:00:00,1855.0,1862.5106
2017-03-04 18:00:00,1941.0,1904.981
2017-03-04 19:00:00,2019.0,2014.2502
2017-03-04 20:00:00,1998.0,2041.4825
2017-03-04 21:00:00,1953.0,1952.1818
2017-03-04 22:00:00,1894.0,1863.1698
2017-03-04 23:00:00,1815.0,1806.8263
2017-03-05 00:00:00,1756.0,1768.7291
2017-03-05 01:00:00,1726.0,1717.0707
2017-03-05 02:00:00,1702.0,1716.572
2017-03-05 03:00:00,1699.0,1698.7709
2017-03-05 04:00:00,1708.0,1715.9011
2017-03-05 05:00:00,1738.0,1743.5763
2017-03-05 06:00:00,1798.0,1788.9949
2017-03-05 07:00:00,1826.0,1859.6917
2017-03-05 08:00:00,1860.0,1873.1512
2017-03-05 09:00:00,1850.0,1885.5544
2017-03-05 10:00:00,1825.0,1836.3624
2017-03-05 11:00:00,1762.0,1789.1715
2017-03-05 12:00:00,1718.0,1729.6622
2017-03-05 13:00:00,1665.0,1681.0851
2017-03-05 14:00:00,1605.0,1634.2336
2017-03-05 15:00:00,1599.0,1589.1359
2017-03-05 16:00:00,1607.0,1606.2252
2017-03-05 17:00:00,1650.0,1644.8186
2017-03-05 18:00:00,1736.0,1719.6608
2017-03-05 19:00:00,1806.0,1821.922
2017-03-05 20:00:00,1798.0,1856.8218
2017-03-05 21:00:00,1740.0,1767.3495
2017-03-05 22:00:00,1662.0,1680.9392
2017-03-05 23:00:00,1594.0,1578.1555
2017-03-06 00:00:00,1559.0,1528.721
2017-03-06 01:00:00,1512.0,1529.3539
2017-03-06 02:00:00,1504.0,1510.5977
2017-03-06 03:00:00,1514.0,1514.4312
2017-03-06 04:00:00,1551.0,1556.143
2017-03-06 05:00:00,1679.0,1667.788
2017-03-06 06:00:00,1891.0,1896.7599
2017-03-06 07:00:00,2008.0,2030.68
2017-03-06 08:00:00,2028.0,2052.05
2017-03-06 09:00:00,2053.0,2055.9827
2017-03-06 10:00:00,2081.0,2081.8337
2017-03-06 11:00:00,2069.0,2087.74
2017-03-06 12:00:00,2065.0,2062.3882
2017-03-06 13:00:00,2063.0,2054.2244
2017-03-06 14:00:00,2044.0,2040.6691
2017-03-06 15:00:00,2018.0,2011.0065
2017-03-06 16:00:00,2017.0,2006.3547
2017-03-06 17:00:00,2047.0,2026.527
2017-03-06 18:00:00,2103.0,2074.147
2017-03-06 19:00:00,2091.0,2140.371
2017-03-06 20:00:00,2064.0,2104.501
2017-03-06 21:00:00,1941.0,2010.6215
2017-03-06 22:00:00,1833.0,1817.1136
2017-03-06 23:00:00,1708.0,1709.3737
2017-03-07 00:00:00,1640.0,1622.084
2017-03-07 01:00:00,1591.0,1593.4211
2017-03-07 02:00:00,1542.0,1574.403
2017-03-07 03:00:00,1543.0,1544.2047
2017-03-07 04:00:00,1567.0,1571.1351
2017-03-07 05:00:00,1688.0,1696.8444
2017-03-07 06:00:00,1890.0,1922.431
2017-03-07 07:00:00,2008.0,2036.6172
2017-03-07 08:00:00,2005.0,2054.6829
2017-03-07 09:00:00,2037.0,2023.1351
2017-03-07 10:00:00,2036.0,2066.063
2017-03-07 11:00:00,2043.0,2021.7489
2017-03-07 12:00:00,2037.0,2038.9963
2017-03-07 13:00:00,2026.0,2025.8743
2017-03-07 14:00:00,2013.0,2004.002
2017-03-07 15:00:00,1976.0,1982.3002
2017-03-07 16:00:00,1975.0,1957.1984
2017-03-07 17:00:00,2020.0,1981.348
2017-03-07 18:00:00,2060.0,2057.1963
2017-03-07 19:00:00,2101.0,2091.386
2017-03-07 20:00:00,2069.0,2127.4458
2017-03-07 21:00:00,2006.0,2006.9672
2017-03-07 22:00:00,1887.0,1897.2238
2017-03-07 23:00:00,1798.0,1762.5885
2017-03-08 00:00:00,1739.0,1736.9982
2017-03-08 01:00:00,1697.0,1699.6815
2017-03-08 02:00:00,1672.0,1681.3081
2017-03-08 03:00:00,1681.0,1673.3053
2017-03-08 04:00:00,1729.0,1737.172
2017-03-08 05:00:00,1858.0,1853.2529
2017-03-08 06:00:00,2063.0,2073.8286
2017-03-08 07:00:00,2115.0,2187.7422
2017-03-08 08:00:00,2109.0,2139.8528
2017-03-08 09:00:00,2083.0,2109.1472
2017-03-08 10:00:00,2071.0,2071.3137
2017-03-08 11:00:00,2043.0,2045.9498
2017-03-08 12:00:00,2034.0,2021.6589
2017-03-08 13:00:00,2009.0,2016.2583
2017-03-08 14:00:00,1976.0,1976.6902
2017-03-08 15:00:00,1927.0,1934.9163
2017-03-08 16:00:00,1911.0,1902.707
2017-03-08 17:00:00,1929.0,1907.4113
2017-03-08 18:00:00,1987.0,1971.144
2017-03-08 19:00:00,2062.0,2044.8041
2017-03-08 20:00:00,2048.0,2092.4917
2017-03-08 21:00:00,1984.0,1994.9269
2017-03-08 22:00:00,1884.0,1882.1342
2017-03-08 23:00:00,1776.0,1787.1642
2017-03-09 00:00:00,1713.0,1716.0377
2017-03-09 01:00:00,1667.0,1672.272
2017-03-09 02:00:00,1641.0,1650.18
2017-03-09 03:00:00,1648.0,1642.0273
2017-03-09 04:00:00,1704.0,1686.6619
2017-03-09 05:00:00,1836.0,1837.1682
2017-03-09 06:00:00,2069.0,2057.1743
2017-03-09 07:00:00,2137.0,2177.4502
2017-03-09 08:00:00,2106.0,2137.2886
2017-03-09 09:00:00,2068.0,2094.1384
2017-03-09 10:00:00,2041.0,2057.2307
2017-03-09 11:00:00,2009.0,2005.0553
2017-03-09 12:00:00,1965.0,1978.7306
2017-03-09 13:00:00,1950.0,1937.4358
2017-03-09 14:00:00,1915.0,1913.8113
2017-03-09 15:00:00,1866.0,1869.7113
2017-03-09 16:00:00,1859.0,1851.744
2017-03-09 17:00:00,1877.0,1862.2242
2017-03-09 18:00:00,1939.0,1917.2665
2017-03-09 19:00:00,1988.0,1996.9531
2017-03-09 20:00:00,1972.0,2032.5607
2017-03-09 21:00:00,1906.0,1922.8137
2017-03-09 22:00:00,1793.0,1798.9344
2017-03-09 23:00:00,1718.0,1681.2695
2017-03-10 00:00:00,1678.0,1640.3873
2017-03-10 01:00:00,1637.0,1645.7357
2017-03-10 02:00:00,1628.0,1626.6953
2017-03-10 03:00:00,1649.0,1631.1434
2017-03-10 04:00:00,1714.0,1709.0848
2017-03-10 05:00:00,1842.0,1845.2357
2017-03-10 06:00:00,2044.0,2028.3328
2017-03-10 07:00:00,2128.0,2144.2646
2017-03-10 08:00:00,2138.0,2125.7383
2017-03-10 09:00:00,2133.0,2121.2632
2017-03-10 10:00:00,2131.0,2117.5234
2017-03-10 11:00:00,2121.0,2094.4763
2017-03-10 12:00:00,2101.0,2092.3167
2017-03-10 13:00:00,2101.0,2065.576
2017-03-10 14:00:00,2072.0,2064.79
2017-03-10 15:00:00,2038.0,2026.2738
2017-03-10 16:00:00,2037.0,2015.8141
2017-03-10 17:00:00,2066.0,2020.1324
2017-03-10 18:00:00,2129.0,2080.72
2017-03-10 19:00:00,2224.0,2158.597
2017-03-10 20:00:00,2233.0,2219.8523
2017-03-10 21:00:00,2186.0,2185.862
2017-03-10 22:00:00,2112.0,2073.483
2017-03-10 23:00:00,2003.0,1984.3585
2017-03-11 00:00:00,1935.0,1920.486
2017-03-11 01:00:00,1899.0,1892.6854
2017-03-11 02:00:00,1869.0,1884.7446
2017-03-11 03:00:00,1868.0,1865.1094
2017-03-11 04:00:00,1874.0,1895.118
2017-03-11 05:00:00,1926.0,1923.5636
2017-03-11 06:00:00,2002.0,2013.0704
2017-03-11 07:00:00,2050.0,2089.2432
2017-03-11 08:00:00,2093.0,2085.879
2017-03-11 09:00:00,2091.0,2114.9172
2017-03-11 10:00:00,2077.0,2088.0254
2017-03-11 11:00:00,2038.0,2037.1526
2017-03-11 12:00:00,1958.0,1994.7198
2017-03-11 13:00:00,1917.0,1905.738
2017-03-11 14:00:00,1860.0,1866.6559
2017-03-11 15:00:00,1836.0,1832.3193
2017-03-11 16:00:00,1820.0,1845.3317
2017-03-11 17:00:00,1853.0,1848.3605
2017-03-11 18:00:00,1938.0,1917.0798
2017-03-11 19:00:00,2032.0,2015.4856
2017-03-11 20:00:00,2022.0,2063.7202
2017-03-11 21:00:00,1995.0,1966.0784
2017-03-11 22:00:00,1930.0,1905.3673
2017-03-11 23:00:00,1869.0,1846.9563
2017-03-12 00:00:00,1809.0,1814.0786
2017-03-12 01:00:00,1777.0,1780.0343
2017-03-12 02:00:00,1765.0,1766.1664
2017-03-12 04:00:00,1773.0,1777.4558
2017-03-12 05:00:00,1800.0,1819.8424
2017-03-12 06:00:00,1857.0,1877.6459
2017-03-12 07:00:00,1944.0,1944.4979
2017-03-12 08:00:00,1972.0,1976.5961
2017-03-12 09:00:00,1992.0,1988.6881
2017-03-12 10:00:00,1978.0,1975.038
2017-03-12 11:00:00,1944.0,1942.8433
2017-03-12 12:00:00,1940.0,1909.6664
2017-03-12 13:00:00,1887.0,1907.2999
2017-03-12 14:00:00,1843.0,1838.9236
2017-03-12 15:00:00,1811.0,1825.9917
2017-03-12 16:00:00,1802.0,1809.0173
2017-03-12 17:00:00,1809.0,1836.1963
2017-03-12 18:00:00,1856.0,1850.2341
2017-03-12 19:00:00,1956.0,1931.0133
2017-03-12 20:00:00,2088.0,2040.2811
2017-03-12 21:00:00,2067.0,2056.716
2017-03-12 22:00:00,2007.0,1986.012
2017-03-12 23:00:00,1943.0,1926.1069
2017-03-13 00:00:00,1884.0,1898.4332
2017-03-13 01:00:00,1870.0,1860.7651
2017-03-13 02:00:00,1868.0,1868.592
2017-03-13 03:00:00,1880.0,1882.1256
2017-03-13 04:00:00,1926.0,1929.0627
2017-03-13 05:00:00,2068.0,2031.6183
2017-03-13 06:00:00,2277.0,2269.41
2017-03-13 07:00:00,2435.0,2414.1313
2017-03-13 08:00:00,2422.0,2427.372
2017-03-13 09:00:00,2422.0,2409.8452
2017-03-13 10:00:00,2413.0,2411.7349
2017-03-13 11:00:00,2385.0,2370.3887
2017-03-13 12:00:00,2368.0,2353.9084
2017-03-13 13:00:00,2311.0,2336.446
2017-03-13 14:00:00,2264.0,2275.3364
2017-03-13 15:00:00,2236.0,2226.9346
2017-03-13 16:00:00,2246.0,2230.1335
2017-03-13 17:00:00,2306.0,2284.5767
2017-03-13 18:00:00,2318.0,2374.6167
2017-03-13 19:00:00,2346.0,2341.9268
2017-03-13 20:00:00,2395.0,2338.7075
2017-03-13 21:00:00,2333.0,2334.4722
2017-03-13 22:00:00,2215.0,2194.7961
2017-03-13 23:00:00,2110.0,2090.4795
2017-03-14 00:00:00,2047.0,2038.7814
2017-03-14 01:00:00,2009.0,2009.5837
2017-03-14 02:00:00,1998.0,1989.6769
2017-03-14 03:00:00,1993.0,2005.4308
2017-03-14 04:00:00,2073.0,2044.4545
2017-03-14 05:00:00,2194.0,2210.1487
2017-03-14 06:00:00,2416.0,2410.8503
2017-03-14 07:00:00,2588.0,2520.4502
2017-03-14 08:00:00,2587.0,2562.2349
2017-03-14 09:00:00,2572.0,2573.9944
2017-03-14 10:00:00,2572.0,2540.0955
2017-03-14 11:00:00,2521.0,2528.9976
2017-03-14 12:00:00,2473.0,2486.3699
2017-03-14 13:00:00,2441.0,2439.186
2017-03-14 14:00:00,2413.0,2402.4153
2017-03-14 15:00:00,2391.0,2368.385
2017-03-14 16:00:00,2387.0,2399.3638
2017-03-14 17:00:00,2411.0,2429.7742
2017-03-14 18:00:00,2424.0,2488.6174
2017-03-14 19:00:00,2483.0,2458.482
2017-03-14 20:00:00,2555.0,2486.342
2017-03-14 21:00:00,2499.0,2509.8782
2017-03-14 22:00:00,2387.0,2368.7056
2017-03-14 23:00:00,2286.0,2258.3767
2017-03-15 00:00:00,2208.0,2210.9624
2017-03-15 01:00:00,2180.0,2168.8071
2017-03-15 02:00:00,2159.0,2157.0884
2017-03-15 03:00:00,2170.0,2177.2737
2017-03-15 04:00:00,2217.0,2224.792
2017-03-15 05:00:00,2345.0,2369.1438
2017-03-15 06:00:00,2563.0,2559.2808
2017-03-15 07:00:00,2700.0,2674.268
2017-03-15 08:00:00,2654.0,2661.7256
2017-03-15 09:00:00,2614.0,2613.4885
2017-03-15 10:00:00,2562.0,2580.0452
2017-03-15 11:00:00,2526.0,2504.995
2017-03-15 12:00:00,2494.0,2483.4907
2017-03-15 13:00:00,2460.0,2451.3472
2017-03-15 14:00:00,2451.0,2413.7317
2017-03-15 15:00:00,2402.0,2418.7422
2017-03-15 16:00:00,2385.0,2412.7837
2017-03-15 17:00:00,2407.0,2436.2314
2017-03-15 18:00:00,2410.0,2485.4666
2017-03-15 19:00:00,2422.0,2435.1682
2017-03-15 20:00:00,2490.0,2440.236
2017-03-15 21:00:00,2415.0,2465.088
2017-03-15 22:00:00,2304.0,2286.9397
2017-03-15 23:00:00,2205.0,2185.6597
2017-03-16 00:00:00,2124.0,2127.1414
2017-03-16 01:00:00,2087.0,2078.3516
2017-03-16 02:00:00,2063.0,2058.8252
2017-03-16 03:00:00,2061.0,2057.6357
2017-03-16 04:00:00,2119.0,2098.7915
2017-03-16 05:00:00,2249.0,2251.1296
2017-03-16 06:00:00,2459.0,2461.5762
2017-03-16 07:00:00,2583.0,2562.2568
2017-03-16 08:00:00,2551.0,2561.341
2017-03-16 09:00:00,2490.0,2513.5117
2017-03-16 10:00:00,2432.0,2462.7751
2017-03-16 11:00:00,2364.0,2379.3372
2017-03-16 12:00:00,2315.0,2323.2593
2017-03-16 13:00:00,2278.0,2268.4795
2017-03-16 14:00:00,2225.0,2226.3872
2017-03-16 15:00:00,2146.0,2178.3804
2017-03-16 16:00:00,2101.0,2127.0522
2017-03-16 17:00:00,2078.0,2107.942
2017-03-16 18:00:00,2072.0,2095.0645
2017-03-16 19:00:00,2128.0,2117.6562
2017-03-16 20:00:00,2257.0,2216.1313
2017-03-16 21:00:00,2228.0,2206.7036
2017-03-16 22:00:00,2130.0,2112.0542
2017-03-16 23:00:00,2034.0,2013.2548
2017-03-17 00:00:00,1981.0,1960.5354
2017-03-17 01:00:00,1952.0,1941.6349
2017-03-17 02:00:00,1930.0,1931.8851
2017-03-17 03:00:00,1945.0,1929.5521
2017-03-17 04:00:00,1982.0,1985.1798
2017-03-17 05:00:00,2074.0,2105.837
2017-03-17 06:00:00,2270.0,2236.4526
2017-03-17 07:00:00,2386.0,2377.9001
2017-03-17 08:00:00,2371.0,2383.9197
2017-03-17 09:00:00,2403.0,2344.2915
2017-03-17 10:00:00,2425.0,2396.1057
2017-03-17 11:00:00,2404.0,2404.4866
2017-03-17 12:00:00,2370.0,2371.3257
2017-03-17 13:00:00,2355.0,2334.457
2017-03-17 14:00:00,2316.0,2310.6355
2017-03-17 15:00:00,2253.0,2273.7715
2017-03-17 16:00:00,2241.0,2237.0935
2017-03-17 17:00:00,2221.0,2228.6917
2017-03-17 18:00:00,2196.0,2231.8135
2017-03-17 19:00:00,2185.0,2195.599
2017-03-17 20:00:00,2171.0,2178.3223
2017-03-17 21:00:00,2115.0,2140.691
2017-03-17 22:00:00,1998.0,2012.764
2017-03-17 23:00:00,1873.0,1882.9023
2017-03-18 00:00:00,1774.0,1776.8241
2017-03-18 01:00:00,1687.0,1712.2571
2017-03-18 02:00:00,1657.0,1644.5504
2017-03-18 03:00:00,1636.0,1640.548
2017-03-18 04:00:00,1629.0,1656.1912
2017-03-18 05:00:00,1675.0,1667.8323
2017-03-18 06:00:00,1741.0,1751.4786
2017-03-18 07:00:00,1832.0,1825.0299
2017-03-18 08:00:00,1892.0,1915.1371
2017-03-18 09:00:00,1954.0,1954.4673
2017-03-18 10:00:00,1996.0,1986.4227
2017-03-18 11:00:00,2003.0,1991.2001
2017-03-18 12:00:00,2005.0,1984.2992
2017-03-18 13:00:00,1976.0,1973.3433
2017-03-18 14:00:00,1953.0,1941.7169
2017-03-18 15:00:00,1932.0,1921.3962
2017-03-18 16:00:00,1937.0,1934.4281
2017-03-18 17:00:00,1927.0,1948.3229
2017-03-18 18:00:00,1933.0,1945.8534
2017-03-18 19:00:00,1952.0,1954.9122
2017-03-18 20:00:00,1974.0,1980.4161
2017-03-18 21:00:00,1936.0,1933.667
2017-03-18 22:00:00,1867.0,1857.8607
2017-03-18 23:00:00,1753.0,1782.8782
2017-03-19 00:00:00,1696.0,1672.9408
2017-03-19 01:00:00,1630.0,1636.492
2017-03-19 02:00:00,1610.0,1603.4066
2017-03-19 03:00:00,1590.0,1598.2836
2017-03-19 04:00:00,1592.0,1599.1064
2017-03-19 05:00:00,1616.0,1629.5029
2017-03-19 06:00:00,1680.0,1669.2891
2017-03-19 07:00:00,1745.0,1762.1199
2017-03-19 08:00:00,1797.0,1819.8341
2017-03-19 09:00:00,1846.0,1849.2158
2017-03-19 10:00:00,1851.0,1871.0325
2017-03-19 11:00:00,1829.0,1842.6663
2017-03-19 12:00:00,1846.0,1806.8309
2017-03-19 13:00:00,1810.0,1831.3752
2017-03-19 14:00:00,1780.0,1775.0986
2017-03-19 15:00:00,1745.0,1757.8717
2017-03-19 16:00:00,1736.0,1757.0107
2017-03-19 17:00:00,1761.0,1760.9265
2017-03-19 18:00:00,1775.0,1818.8433
2017-03-19 19:00:00,1824.0,1840.7441
2017-03-19 20:00:00,1922.0,1904.0975
2017-03-19 21:00:00,1902.0,1903.3711
2017-03-19 22:00:00,1856.0,1827.9132
2017-03-19 23:00:00,1788.0,1771.4117
2017-03-20 00:00:00,1755.0,1749.0033
2017-03-20 01:00:00,1736.0,1728.9342
2017-03-20 02:00:00,1734.0,1732.9885
2017-03-20 03:00:00,1752.0,1749.546
2017-03-20 04:00:00,1796.0,1810.5808
2017-03-20 05:00:00,1923.0,1937.2068
2017-03-20 06:00:00,2123.0,2148.8003
2017-03-20 07:00:00,2247.0,2278.868
2017-03-20 08:00:00,2301.0,2268.5747
2017-03-20 09:00:00,2294.0,2332.6096
2017-03-20 10:00:00,2321.0,2291.7178
2017-03-20 11:00:00,2299.0,2298.9097
2017-03-20 12:00:00,2234.0,2268.4421
2017-03-20 13:00:00,2161.0,2199.1985
2017-03-20 14:00:00,2078.0,2122.001
2017-03-20 15:00:00,2061.0,2029.1895
2017-03-20 16:00:00,2101.0,2048.1655
2017-03-20 17:00:00,2154.0,2163.047
2017-03-20 18:00:00,2118.0,2226.795
2017-03-20 19:00:00,2088.0,2147.2043
2017-03-20 20:00:00,2118.0,2113.3015
2017-03-20 21:00:00,2030.0,2099.128
2017-03-20 22:00:00,1947.0,1919.0532
2017-03-20 23:00:00,1809.0,1819.8972
2017-03-21 00:00:00,1731.0,1727.8712
2017-03-21 01:00:00,1675.0,1673.9248
2017-03-21 02:00:00,1650.0,1660.6724
2017-03-21 03:00:00,1639.0,1645.7457
2017-03-21 04:00:00,1667.0,1669.6481
2017-03-21 05:00:00,1777.0,1779.8276
2017-03-21 06:00:00,1990.0,1990.7897
2017-03-21 07:00:00,2115.0,2134.6868
2017-03-21 08:00:00,2127.0,2143.1545
2017-03-21 09:00:00,2131.0,2125.561
2017-03-21 10:00:00,2119.0,2135.5044
2017-03-21 11:00:00,2063.0,2090.7126
2017-03-21 12:00:00,2036.0,2031.48
2017-03-21 13:00:00,2010.0,1997.628
2017-03-21 14:00:00,1972.0,1972.9874
2017-03-21 15:00:00,1911.0,1939.7886
2017-03-21 16:00:00,1885.0,1886.8483
2017-03-21 17:00:00,1929.0,1879.6184
2017-03-21 18:00:00,1957.0,1983.3721
2017-03-21 19:00:00,1974.0,2000.642
2017-03-21 20:00:00,2054.0,2037.6498
2017-03-21 21:00:00,2015.0,2002.21
2017-03-21 22:00:00,1919.0,1908.1273
2017-03-21 23:00:00,1841.0,1799.7164
2017-03-22 00:00:00,1787.0,1774.6448
2017-03-22 01:00:00,1769.0,1753.7263
2017-03-22 02:00:00,1756.0,1759.8776
2017-03-22 03:00:00,1786.0,1787.6985
2017-03-22 04:00:00,1841.0,1853.5646
2017-03-22 05:00:00,1980.0,1987.9979
2017-03-22 06:00:00,2227.0,2195.809
2017-03-22 07:00:00,2365.0,2348.4983
2017-03-22 08:00:00,2351.0,2348.9543
2017-03-22 09:00:00,2330.0,2332.4058
2017-03-22 10:00:00,2303.0,2316.0286
2017-03-22 11:00:00,2255.0,2263.4087
2017-03-22 12:00:00,2237.0,2217.2366
2017-03-22 13:00:00,2196.0,2196.5217
2017-03-22 14:00:00,2140.0,2157.3489
2017-03-22 15:00:00,2075.0,2095.6428
2017-03-22 16:00:00,2035.0,2053.296
2017-03-22 17:00:00,2046.0,2025.5101
2017-03-22 18:00:00,2044.0,2082.6335
2017-03-22 19:00:00,2102.0,2089.3047
2017-03-22 20:00:00,2231.0,2173.5273
2017-03-22 21:00:00,2203.0,2170.349
2017-03-22 22:00:00,2107.0,2088.3035
2017-03-22 23:00:00,1999.0,1976.434
2017-03-23 00:00:00,1948.0,1922.5968
2017-03-23 01:00:00,1901.0,1911.8751
2017-03-23 02:00:00,1893.0,1892.6643
2017-03-23 03:00:00,1902.0,1890.436
2017-03-23 04:00:00,1956.0,1946.824
2017-03-23 05:00:00,2081.0,2089.131
2017-03-23 06:00:00,2286.0,2304.8914
2017-03-23 07:00:00,2419.0,2390.4993
2017-03-23 08:00:00,2397.0,2393.7822
2017-03-23 09:00:00,2360.0,2372.4216
2017-03-23 10:00:00,2306.0,2332.77
2017-03-23 11:00:00,2263.0,2262.3418
2017-03-23 12:00:00,2220.0,2225.9429
2017-03-23 13:00:00,2156.0,2173.7014
2017-03-23 14:00:00,2102.0,2104.183
2017-03-23 15:00:00,2021.0,2043.3123
2017-03-23 16:00:00,1969.0,2004.755
2017-03-23 17:00:00,1942.0,1971.0127
2017-03-23 18:00:00,1945.0,1956.7826
2017-03-23 19:00:00,1971.0,2017.6503
2017-03-23 20:00:00,2070.0,2083.4807
2017-03-23 21:00:00,2025.0,2049.0898
2017-03-23 22:00:00,1897.0,1924.4006
2017-03-23 23:00:00,1786.0,1780.5137
2017-03-24 00:00:00,1698.0,1713.4901
2017-03-24 01:00:00,1644.0,1644.8116
2017-03-24 02:00:00,1608.0,1613.8031
2017-03-24 03:00:00,1609.0,1595.2081
2017-03-24 04:00:00,1634.0,1643.4547
2017-03-24 05:00:00,1748.0,1752.5168
2017-03-24 06:00:00,1933.0,1939.8456
2017-03-24 07:00:00,2038.0,2052.1257
2017-03-24 08:00:00,2035.0,2073.6074
2017-03-24 09:00:00,2048.0,2034.5891
2017-03-24 10:00:00,2051.0,2043.8184
2017-03-24 11:00:00,2020.0,2023.7504
2017-03-24 12:00:00,1973.0,1981.1843
2017-03-24 13:00:00,1950.0,1927.7627
2017-03-24 14:00:00,1909.0,1895.2216
2017-03-24 15:00:00,1877.0,1857.9425
2017-03-24 16:00:00,1836.0,1849.3695
2017-03-24 17:00:00,1807.0,1810.832
2017-03-24 18:00:00,1781.0,1797.4059
2017-03-24 19:00:00,1758.0,1801.8652
2017-03-24 20:00:00,1837.0,1816.6713
2017-03-24 21:00:00,1792.0,1816.4889
2017-03-24 22:00:00,1674.0,1700.7672
2017-03-24 23:00:00,1535.0,1575.2565
2017-03-25 00:00:00,1453.0,1440.055
2017-03-25 01:00:00,1379.0,1388.4658
2017-03-25 02:00:00,1337.0,1339.2223
2017-03-25 03:00:00,1322.0,1310.705
2017-03-25 04:00:00,1330.0,1332.9604
2017-03-25 05:00:00,1360.0,1377.9248
2017-03-25 06:00:00,1442.0,1421.0508
2017-03-25 07:00:00,1514.0,1519.0452
2017-03-25 08:00:00,1579.0,1599.7509
2017-03-25 09:00:00,1643.0,1663.738
2017-03-25 10:00:00,1678.0,1690.276
2017-03-25 11:00:00,1677.0,1688.7408
2017-03-25 12:00:00,1661.0,1666.1759
2017-03-25 13:00:00,1632.0,1639.9714
2017-03-25 14:00:00,1618.0,1610.7905
2017-03-25 15:00:00,1603.0,1600.6643
2017-03-25 16:00:00,1606.0,1599.5691
2017-03-25 17:00:00,1609.0,1598.9221
2017-03-25 18:00:00,1595.0,1608.231
2017-03-25 19:00:00,1605.0,1612.8105
2017-03-25 20:00:00,1667.0,1683.8384
2017-03-25 21:00:00,1626.0,1657.1776
2017-03-25 22:00:00,1541.0,1541.7516
2017-03-25 23:00:00,1450.0,1448.9116
2017-03-26 00:00:00,1369.0,1369.0115
2017-03-26 01:00:00,1301.0,1306.1566
2017-03-26 02:00:00,1270.0,1271.7505
2017-03-26 03:00:00,1250.0,1248.22
2017-03-26 04:00:00,1247.0,1225.4775
2017-03-26 05:00:00,1254.0,1241.6667
2017-03-26 06:00:00,1308.0,1309.9363
2017-03-26 07:00:00,1378.0,1350.88
2017-03-26 08:00:00,1450.0,1460.7926
2017-03-26 09:00:00,1521.0,1525.0334
2017-03-26 10:00:00,1553.0,1556.7314
2017-03-26 11:00:00,1584.0,1572.7354
2017-03-26 12:00:00,1601.0,1592.7621
2017-03-26 13:00:00,1600.0,1596.0408
2017-03-26 14:00:00,1577.0,1592.431
2017-03-26 15:00:00,1559.0,1563.385
2017-03-26 16:00:00,1566.0,1566.5718
2017-03-26 17:00:00,1608.0,1584.0098
2017-03-26 18:00:00,1626.0,1626.2792
2017-03-26 19:00:00,1626.0,1667.9789
2017-03-26 20:00:00,1698.0,1733.3939
2017-03-26 21:00:00,1668.0,1702.1521
2017-03-26 22:00:00,1590.0,1602.0433
2017-03-26 23:00:00,1517.0,1508.419
2017-03-27 00:00:00,1466.0,1447.5865
2017-03-27 01:00:00,1425.0,1421.9655
2017-03-27 02:00:00,1406.0,1405.2574
2017-03-27 03:00:00,1420.0,1414.1705
2017-03-27 04:00:00,1457.0,1477.5094
2017-03-27 05:00:00,1581.0,1589.0734
2017-03-27 06:00:00,1771.0,1818.6655
2017-03-27 07:00:00,1908.0,1926.9496
2017-03-27 08:00:00,1924.0,1951.3887
2017-03-27 09:00:00,1940.0,1965.6322
2017-03-27 10:00:00,1966.0,1969.5375
2017-03-27 11:00:00,1941.0,1973.6497
2017-03-27 12:00:00,1947.0,1931.0367
2017-03-27 13:00:00,1950.0,1939.6289
2017-03-27 14:00:00,1926.0,1930.3246
2017-03-27 15:00:00,1880.0,1888.3252
2017-03-27 16:00:00,1878.0,1861.1616
2017-03-27 17:00:00,1866.0,1876.3826
2017-03-27 18:00:00,1854.0,1874.0076
2017-03-27 19:00:00,1870.0,1885.727
2017-03-27 20:00:00,1927.0,1972.2993
2017-03-27 21:00:00,1868.0,1898.0144
2017-03-27 22:00:00,1736.0,1749.1013
2017-03-27 23:00:00,1625.0,1609.1348
2017-03-28 00:00:00,1547.0,1536.5533
2017-03-28 01:00:00,1497.0,1485.7577
2017-03-28 02:00:00,1453.0,1476.8336
2017-03-28 03:00:00,1451.0,1453.6464
2017-03-28 04:00:00,1476.0,1490.7814
2017-03-28 05:00:00,1582.0,1601.9316
2017-03-28 06:00:00,1768.0,1805.3989
2017-03-28 07:00:00,1923.0,1914.2828
2017-03-28 08:00:00,1938.0,1939.081
2017-03-28 09:00:00,1948.0,1955.7668
2017-03-28 10:00:00,1974.0,1964.5942
2017-03-28 11:00:00,1976.0,1966.8828
2017-03-28 12:00:00,1961.0,1972.4705
2017-03-28 13:00:00,1959.0,1949.2866
2017-03-28 14:00:00,1932.0,1932.7249
2017-03-28 15:00:00,1889.0,1897.8467
2017-03-28 16:00:00,1878.0,1864.4811
2017-03-28 17:00:00,1881.0,1860.9476
2017-03-28 18:00:00,1892.0,1880.8438
2017-03-28 19:00:00,1911.0,1923.0558
2017-03-28 20:00:00,1969.0,1984.9382
2017-03-28 21:00:00,1901.0,1921.2778
2017-03-28 22:00:00,1783.0,1778.5859
2017-03-28 23:00:00,1681.0,1650.2769
2017-03-29 00:00:00,1612.0,1594.0421
2017-03-29 01:00:00,1562.0,1555.8055
2017-03-29 02:00:00,1532.0,1548.233
2017-03-29 03:00:00,1533.0,1532.5354
2017-03-29 04:00:00,1568.0,1574.4834
2017-03-29 05:00:00,1698.0,1702.4156
2017-03-29 06:00:00,1894.0,1935.822
2017-03-29 07:00:00,2034.0,2035.4689
2017-03-29 08:00:00,2053.0,2056.7793
2017-03-29 09:00:00,2079.0,2065.8848
2017-03-29 10:00:00,2065.0,2097.2788
2017-03-29 11:00:00,2025.0,2037.485
2017-03-29 12:00:00,1991.0,2001.4371
2017-03-29 13:00:00,1965.0,1961.092
2017-03-29 14:00:00,1917.0,1927.1167
2017-03-29 15:00:00,1874.0,1873.4072
2017-03-29 16:00:00,1844.0,1842.8497
2017-03-29 17:00:00,1840.0,1822.7574
2017-03-29 18:00:00,1821.0,1846.4664
2017-03-29 19:00:00,1826.0,1857.2107
2017-03-29 20:00:00,1926.0,1920.2228
2017-03-29 21:00:00,1875.0,1901.636
2017-03-29 22:00:00,1773.0,1765.0884
2017-03-29 23:00:00,1660.0,1641.9159
2017-03-30 00:00:00,1599.0,1584.6917
2017-03-30 01:00:00,1530.0,1544.9082
2017-03-30 02:00:00,1518.0,1508.7639
2017-03-30 03:00:00,1503.0,1513.9326
2017-03-30 04:00:00,1552.0,1556.5367
2017-03-30 05:00:00,1644.0,1690.8256
2017-03-30 06:00:00,1864.0,1874.7457
2017-03-30 07:00:00,1967.0,1996.8304
2017-03-30 08:00:00,1986.0,1989.2378
2017-03-30 09:00:00,1985.0,1993.8757
2017-03-30 10:00:00,1992.0,1985.9673
2017-03-30 11:00:00,1982.0,1969.4347
2017-03-30 12:00:00,1953.0,1967.1497
2017-03-30 13:00:00,1960.0,1925.2352
2017-03-30 14:00:00,1924.0,1928.531
2017-03-30 15:00:00,1893.0,1882.6534
2017-03-30 16:00:00,1885.0,1859.6348
2017-03-30 17:00:00,1871.0,1866.8434
2017-03-30 18:00:00,1864.0,1863.7053
2017-03-30 19:00:00,1865.0,1885.5667
2017-03-30 20:00:00,1927.0,1936.3105
2017-03-30 21:00:00,1871.0,1895.8646
2017-03-30 22:00:00,1738.0,1758.1296
2017-03-30 23:00:00,1621.0,1597.9161
2017-03-31 00:00:00,1534.0,1533.9543
2017-03-31 01:00:00,1479.0,1476.7058
2017-03-31 02:00:00,1445.0,1444.8893
2017-03-31 03:00:00,1431.0,1431.8628
2017-03-31 04:00:00,1463.0,1459.0105
2017-03-31 05:00:00,1554.0,1569.1715
2017-03-31 06:00:00,1734.0,1744.2772
2017-03-31 07:00:00,1852.0,1857.3553
2017-03-31 08:00:00,1879.0,1888.9362
2017-03-31 09:00:00,1916.0,1903.7689
2017-03-31 10:00:00,1947.0,1938.4585
2017-03-31 11:00:00,1935.0,1933.9651
2017-03-31 12:00:00,1927.0,1923.4932
2017-03-31 13:00:00,1926.0,1909.3604
2017-03-31 14:00:00,1905.0,1892.6539
2017-03-31 15:00:00,1867.0,1864.9167
2017-03-31 16:00:00,1860.0,1840.2583
2017-03-31 17:00:00,1855.0,1833.0164
2017-03-31 18:00:00,1843.0,1836.529
2017-03-31 19:00:00,1853.0,1849.9353
2017-03-31 20:00:00,1878.0,1915.9568
2017-03-31 21:00:00,1820.0,1845.9719
2017-03-31 22:00:00,1726.0,1708.6234
2017-03-31 23:00:00,1606.0,1601.9904
2017-04-01 00:00:00,1536.0,1505.762
2017-04-01 01:00:00,1487.0,1458.885
2017-04-01 02:00:00,1446.0,1450.9332
2017-04-01 03:00:00,1446.0,1438.9376
2017-04-01 04:00:00,1469.0,1452.0636
2017-04-01 05:00:00,1506.0,1521.9886
2017-04-01 06:00:00,1584.0,1579.2971
2017-04-01 07:00:00,1664.0,1643.8595
2017-04-01 08:00:00,1745.0,1723.8906
2017-04-01 09:00:00,1805.0,1793.0217
2017-04-01 10:00:00,1831.0,1814.341
2017-04-01 11:00:00,1820.0,1811.9314
2017-04-01 12:00:00,1768.0,1797.7926
2017-04-01 13:00:00,1733.0,1724.913
2017-04-01 14:00:00,1701.0,1685.0687
2017-04-01 15:00:00,1668.0,1666.4742
2017-04-01 16:00:00,1648.0,1659.0363
2017-04-01 17:00:00,1643.0,1644.9438
2017-04-01 18:00:00,1612.0,1630.0106
2017-04-01 19:00:00,1627.0,1609.555
2017-04-01 20:00:00,1701.0,1696.3099
2017-04-01 21:00:00,1710.0,1697.0076
2017-04-01 22:00:00,1644.0,1621.9415
2017-04-01 23:00:00,1568.0,1535.9539
2017-04-02 00:00:00,1507.0,1491.6385
2017-04-02 01:00:00,1475.0,1454.3126
2017-04-02 02:00:00,1452.0,1435.807
2017-04-02 03:00:00,1460.0,1443.1837
2017-04-02 04:00:00,1481.0,1481.928
2017-04-02 05:00:00,1502.0,1538.2529
2017-04-02 06:00:00,1573.0,1581.8839
2017-04-02 07:00:00,1628.0,1635.332
2017-04-02 08:00:00,1681.0,1666.6261
2017-04-02 09:00:00,1684.0,1719.5698
2017-04-02 10:00:00,1662.0,1684.5264
2017-04-02 11:00:00,1640.0,1630.6373
2017-04-02 12:00:00,1594.0,1610.8542
2017-04-02 13:00:00,1570.0,1565.5422
2017-04-02 14:00:00,1538.0,1531.7339
2017-04-02 15:00:00,1507.0,1519.5221
2017-04-02 16:00:00,1520.0,1516.3779
2017-04-02 17:00:00,1549.0,1531.4955
2017-04-02 18:00:00,1556.0,1562.098
2017-04-02 19:00:00,1595.0,1578.6565
2017-04-02 20:00:00,1709.0,1701.7438
2017-04-02 21:00:00,1695.0,1724.5923
2017-04-02 22:00:00,1626.0,1611.523
2017-04-02 23:00:00,1557.0,1529.7551
2017-04-03 00:00:00,1519.0,1496.3231
2017-04-03 01:00:00,1472.0,1484.0609
2017-04-03 02:00:00,1471.0,1460.3838
2017-04-03 03:00:00,1482.0,1474.084
2017-04-03 04:00:00,1513.0,1530.6606
2017-04-03 05:00:00,1644.0,1642.5725
2017-04-03 06:00:00,1835.0,1881.3201
2017-04-03 07:00:00,1981.0,1959.4695
2017-04-03 08:00:00,1985.0,2011.6228
2017-04-03 09:00:00,1999.0,1997.2529
2017-04-03 10:00:00,2016.0,2021.4205
2017-04-03 11:00:00,2012.0,2013.8433
2017-04-03 12:00:00,1982.0,2006.3015
2017-04-03 13:00:00,1980.0,1969.5472
2017-04-03 14:00:00,1960.0,1960.7212
2017-04-03 15:00:00,1909.0,1920.2216
2017-04-03 16:00:00,1892.0,1892.875
2017-04-03 17:00:00,1888.0,1876.6361
2017-04-03 18:00:00,1929.0,1872.6674
2017-04-03 19:00:00,1928.0,1948.1255
2017-04-03 20:00:00,1958.0,1987.2455
2017-04-03 21:00:00,1893.0,1934.9725
2017-04-03 22:00:00,1775.0,1777.6943
2017-04-03 23:00:00,1665.0,1644.4586
2017-04-04 00:00:00,1580.0,1571.8499
2017-04-04 01:00:00,1524.0,1528.8695
2017-04-04 02:00:00,1472.0,1491.8484
2017-04-04 03:00:00,1471.0,1462.1194
2017-04-04 04:00:00,1498.0,1499.0753
2017-04-04 05:00:00,1611.0,1620.5896
2017-04-04 06:00:00,1811.0,1828.3253
2017-04-04 07:00:00,1941.0,1922.1029
2017-04-04 08:00:00,1956.0,1956.2577
2017-04-04 09:00:00,1984.0,1976.2191
2017-04-04 10:00:00,2001.0,2002.831
2017-04-04 11:00:00,1993.0,2000.6832
2017-04-04 12:00:00,1983.0,1987.9307
2017-04-04 13:00:00,1978.0,1971.7089
2017-04-04 14:00:00,1944.0,1950.6129
2017-04-04 15:00:00,1896.0,1901.8047
2017-04-04 16:00:00,1889.0,1871.9204
2017-04-04 17:00:00,1897.0,1881.4598
2017-04-04 18:00:00,1870.0,1891.0183
2017-04-04 19:00:00,1874.0,1875.3315
2017-04-04 20:00:00,1952.0,1946.5244
2017-04-04 21:00:00,1916.0,1927.8447
2017-04-04 22:00:00,1809.0,1792.9443
2017-04-04 23:00:00,1697.0,1666.7985
2017-04-05 00:00:00,1623.0,1609.9535
2017-04-05 01:00:00,1578.0,1571.818
2017-04-05 02:00:00,1551.0,1550.7294
2017-04-05 03:00:00,1558.0,1559.5614
2017-04-05 04:00:00,1598.0,1598.5911
2017-04-05 05:00:00,1719.0,1734.5732
2017-04-05 06:00:00,1933.0,1939.577
2017-04-05 07:00:00,2040.0,2047.6528
2017-04-05 08:00:00,2058.0,2054.9272
2017-04-05 09:00:00,2058.0,2073.0696
2017-04-05 10:00:00,2023.0,2068.9976
2017-04-05 11:00:00,2002.0,1991.4747
2017-04-05 12:00:00,1971.0,1984.1288
2017-04-05 13:00:00,1971.0,1947.2246
2017-04-05 14:00:00,1935.0,1941.1649
2017-04-05 15:00:00,1910.0,1891.8528
2017-04-05 16:00:00,1910.0,1888.4541
2017-04-05 17:00:00,1924.0,1909.0868
2017-04-05 18:00:00,1951.0,1933.8179
2017-04-05 19:00:00,1951.0,1980.6433
2017-04-05 20:00:00,1955.0,2019.8414
2017-04-05 21:00:00,1885.0,1934.3693
2017-04-05 22:00:00,1759.0,1779.0096
2017-04-05 23:00:00,1658.0,1633.9774
2017-04-06 00:00:00,1593.0,1578.0271
2017-04-06 01:00:00,1526.0,1541.5948
2017-04-06 02:00:00,1514.0,1508.912
2017-04-06 03:00:00,1509.0,1506.3707
2017-04-06 04:00:00,1544.0,1546.6207
2017-04-06 05:00:00,1660.0,1676.87
2017-04-06 06:00:00,1876.0,1877.4084
2017-04-06 07:00:00,2005.0,1989.7263
2017-04-06 08:00:00,2045.0,2018.715
2017-04-06 09:00:00,2087.0,2065.1135
2017-04-06 10:00:00,2140.0,2113.6187
2017-04-06 11:00:00,2128.0,2149.8384
2017-04-06 12:00:00,2134.0,2124.281
2017-04-06 13:00:00,2135.0,2127.1528
2017-04-06 14:00:00,2099.0,2115.1672
2017-04-06 15:00:00,2090.0,2059.8928
2017-04-06 16:00:00,2116.0,2073.1934
2017-04-06 17:00:00,2155.0,2132.1682
2017-04-06 18:00:00,2179.0,2167.493
2017-04-06 19:00:00,2181.0,2179.0452
2017-04-06 20:00:00,2243.0,2200.3933
2017-04-06 21:00:00,2175.0,2208.8484
2017-04-06 22:00:00,2072.0,2034.3356
2017-04-06 23:00:00,1952.0,1913.0422
2017-04-07 00:00:00,1860.0,1849.0192
2017-04-07 01:00:00,1805.0,1779.0933
2017-04-07 02:00:00,1784.0,1768.7953
2017-04-07 03:00:00,1773.0,1774.1381
2017-04-07 04:00:00,1806.0,1811.2097
2017-04-07 05:00:00,1919.0,1919.1338
2017-04-07 06:00:00,2122.0,2121.3794
2017-04-07 07:00:00,2234.0,2258.9438
2017-04-07 08:00:00,2235.0,2262.8704
2017-04-07 09:00:00,2216.0,2236.372
2017-04-07 10:00:00,2219.0,2200.2312
2017-04-07 11:00:00,2161.0,2185.6333
2017-04-07 12:00:00,2104.0,2129.7725
2017-04-07 13:00:00,2060.0,2058.7466
2017-04-07 14:00:00,2009.0,2002.6777
2017-04-07 15:00:00,1928.0,1954.5634
2017-04-07 16:00:00,1885.0,1899.2275
2017-04-07 17:00:00,1860.0,1863.0336
2017-04-07 18:00:00,1829.0,1853.7166
2017-04-07 19:00:00,1791.0,1848.3372
2017-04-07 20:00:00,1900.0,1852.6353
2017-04-07 21:00:00,1881.0,1927.2849
2017-04-07 22:00:00,1809.0,1792.2961
2017-04-07 23:00:00,1699.0,1679.9122
2017-04-08 00:00:00,1608.0,1606.1827
2017-04-08 01:00:00,1574.0,1537.6122
2017-04-08 02:00:00,1555.0,1545.8805
2017-04-08 03:00:00,1550.0,1549.0316
2017-04-08 04:00:00,1569.0,1574.3235
2017-04-08 05:00:00,1636.0,1628.545
2017-04-08 06:00:00,1726.0,1731.154
2017-04-08 07:00:00,1803.0,1794.3583
2017-04-08 08:00:00,1830.0,1854.6615
2017-04-08 09:00:00,1816.0,1864.5955
2017-04-08 10:00:00,1791.0,1809.2305
2017-04-08 11:00:00,1732.0,1742.3822
2017-04-08 12:00:00,1671.0,1678.1213
2017-04-08 13:00:00,1622.0,1621.934
2017-04-08 14:00:00,1579.0,1577.7874
2017-04-08 15:00:00,1544.0,1551.1221
2017-04-08 16:00:00,1548.0,1549.5869
2017-04-08 17:00:00,1531.0,1549.8555
2017-04-08 18:00:00,1532.0,1534.8309
2017-04-08 19:00:00,1526.0,1551.3717
2017-04-08 20:00:00,1617.0,1625.3057
2017-04-08 21:00:00,1612.0,1653.99
2017-04-08 22:00:00,1551.0,1546.6111
2017-04-08 23:00:00,1462.0,1464.4574
2017-04-09 00:00:00,1400.0,1383.9677
2017-04-09 01:00:00,1354.0,1344.3792
2017-04-09 02:00:00,1336.0,1320.6062
2017-04-09 03:00:00,1346.0,1313.0554
2017-04-09 04:00:00,1345.0,1361.9077
2017-04-09 05:00:00,1390.0,1401.0892
2017-04-09 06:00:00,1444.0,1450.7584
2017-04-09 07:00:00,1495.0,1507.8427
2017-04-09 08:00:00,1562.0,1565.3641
2017-04-09 09:00:00,1581.0,1612.7708
2017-04-09 10:00:00,1587.0,1605.0842
2017-04-09 11:00:00,1567.0,1590.9272
2017-04-09 12:00:00,1556.0,1551.3406
2017-04-09 13:00:00,1535.0,1535.906
2017-04-09 14:00:00,1519.0,1516.6324
2017-04-09 15:00:00,1510.0,1510.7705
2017-04-09 16:00:00,1528.0,1526.6711
2017-04-09 17:00:00,1568.0,1548.8062
2017-04-09 18:00:00,1575.0,1586.5936
2017-04-09 19:00:00,1599.0,1601.5292
2017-04-09 20:00:00,1697.0,1706.1705
2017-04-09 21:00:00,1684.0,1716.2382
2017-04-09 22:00:00,1594.0,1614.8564
2017-04-09 23:00:00,1531.0,1503.926
2017-04-10 00:00:00,1461.0,1458.6027
2017-04-10 01:00:00,1402.0,1428.211
2017-04-10 02:00:00,1394.0,1389.5845
2017-04-10 03:00:00,1390.0,1399.5256
2017-04-10 04:00:00,1438.0,1425.3728
2017-04-10 05:00:00,1547.0,1567.1384
2017-04-10 06:00:00,1750.0,1763.8575
2017-04-10 07:00:00,1868.0,1882.3121
2017-04-10 08:00:00,1908.0,1914.886
2017-04-10 09:00:00,1930.0,1950.9387
2017-04-10 10:00:00,1967.0,1958.3451
2017-04-10 11:00:00,1985.0,1975.7161
2017-04-10 12:00:00,2004.0,1990.3372
2017-04-10 13:00:00,2011.0,2010.0433
2017-04-10 14:00:00,2002.0,2000.8491
2017-04-10 15:00:00,1976.0,1963.6307
2017-04-10 16:00:00,1955.0,1953.4917
2017-04-10 17:00:00,1952.0,1937.5707
2017-04-10 18:00:00,1930.0,1929.1887
2017-04-10 19:00:00,1934.0,1922.0337
2017-04-10 20:00:00,1963.0,1996.0835
2017-04-10 21:00:00,1928.0,1942.4297
2017-04-10 22:00:00,1784.0,1801.8942
2017-04-10 23:00:00,1638.0,1645.4651
2017-04-11 00:00:00,1539.0,1548.8788
2017-04-11 01:00:00,1493.0,1476.1346
2017-04-11 02:00:00,1436.0,1456.9902
2017-04-11 03:00:00,1435.0,1425.1207
2017-04-11 04:00:00,1451.0,1457.3145
2017-04-11 05:00:00,1564.0,1570.4957
2017-04-11 06:00:00,1766.0,1788.8593
2017-04-11 07:00:00,1895.0,1891.487
2017-04-11 08:00:00,1904.0,1929.0432
2017-04-11 09:00:00,1944.0,1937.8622
2017-04-11 10:00:00,1963.0,1981.244
2017-04-11 11:00:00,1962.0,1970.1575
2017-04-11 12:00:00,1959.0,1972.1172
2017-04-11 13:00:00,1963.0,1957.25
2017-04-11 14:00:00,1944.0,1950.8513
2017-04-11 15:00:00,1912.0,1913.8015
2017-04-11 16:00:00,1897.0,1891.745
2017-04-11 17:00:00,1900.0,1885.6953
2017-04-11 18:00:00,1859.0,1891.6484
2017-04-11 19:00:00,1853.0,1858.0631
2017-04-11 20:00:00,1904.0,1924.5396
2017-04-11 21:00:00,1888.0,1913.6012
2017-04-11 22:00:00,1752.0,1767.3712
2017-04-11 23:00:00,1619.0,1609.0736
2017-04-12 00:00:00,1542.0,1523.7151
2017-04-12 01:00:00,1479.0,1479.852
2017-04-12 02:00:00,1441.0,1450.7014
2017-04-12 03:00:00,1442.0,1432.4366
2017-04-12 04:00:00,1484.0,1479.3494
2017-04-12 05:00:00,1602.0,1606.6448
2017-04-12 06:00:00,1824.0,1823.751
2017-04-12 07:00:00,1940.0,1930.9219
2017-04-12 08:00:00,1951.0,1956.674
2017-04-12 09:00:00,1952.0,1969.2225
2017-04-12 10:00:00,1955.0,1967.1656
2017-04-12 11:00:00,1943.0,1942.0208
2017-04-12 12:00:00,1956.0,1940.1687
2017-04-12 13:00:00,1934.0,1948.1572
2017-04-12 14:00:00,1913.0,1906.8165
2017-04-12 15:00:00,1887.0,1878.3987
2017-04-12 16:00:00,1866.0,1870.6758
2017-04-12 17:00:00,1841.0,1857.8262
2017-04-12 18:00:00,1845.0,1821.7087
2017-04-12 19:00:00,1828.0,1865.3215
2017-04-12 20:00:00,1886.0,1900.369
2017-04-12 21:00:00,1876.0,1893.632
2017-04-12 22:00:00,1752.0,1763.3237
2017-04-12 23:00:00,1615.0,1608.437
2017-04-13 00:00:00,1538.0,1524.596
2017-04-13 01:00:00,1473.0,1481.3428
2017-04-13 02:00:00,1449.0,1444.7303
2017-04-13 03:00:00,1446.0,1440.7349
2017-04-13 04:00:00,1488.0,1481.4692
2017-04-13 05:00:00,1587.0,1607.441
2017-04-13 06:00:00,1789.0,1797.5847
2017-04-13 07:00:00,1876.0,1894.8147
2017-04-13 08:00:00,1899.0,1903.629
2017-04-13 09:00:00,1919.0,1920.0127
2017-04-13 10:00:00,1928.0,1939.3099
2017-04-13 11:00:00,1923.0,1920.881
2017-04-13 12:00:00,1904.0,1914.6447
2017-04-13 13:00:00,1898.0,1892.8221
2017-04-13 14:00:00,1880.0,1877.855
2017-04-13 15:00:00,1863.0,1851.6138
2017-04-13 16:00:00,1837.0,1848.8501
2017-04-13 17:00:00,1822.0,1817.232
2017-04-13 18:00:00,1816.0,1805.5042
2017-04-13 19:00:00,1788.0,1831.628
2017-04-13 20:00:00,1835.0,1863.706
2017-04-13 21:00:00,1815.0,1840.6115
2017-04-13 22:00:00,1678.0,1720.4811
2017-04-13 23:00:00,1521.0,1562.3501
2017-04-14 00:00:00,1421.0,1458.3134
2017-04-14 01:00:00,1371.0,1368.0327
2017-04-14 02:00:00,1320.0,1344.6405
2017-04-14 03:00:00,1305.0,1324.4012
2017-04-14 04:00:00,1323.0,1331.9562
2017-04-14 05:00:00,1371.0,1391.5111
2017-04-14 06:00:00,1503.0,1464.591
2017-04-14 07:00:00,1582.0,1627.2762
2017-04-14 08:00:00,1640.0,1675.552
2017-04-14 09:00:00,1685.0,1719.1218
2017-04-14 10:00:00,1706.0,1754.0718
2017-04-14 11:00:00,1699.0,1721.5974
2017-04-14 12:00:00,1692.0,1688.0793
2017-04-14 13:00:00,1702.0,1664.2045
2017-04-14 14:00:00,1714.0,1678.2821
2017-04-14 15:00:00,1707.0,1689.9921
2017-04-14 16:00:00,1710.0,1697.3953
2017-04-14 17:00:00,1699.0,1706.0376
2017-04-14 18:00:00,1668.0,1681.651
2017-04-14 19:00:00,1639.0,1651.4565
2017-04-14 20:00:00,1680.0,1693.4756
2017-04-14 21:00:00,1665.0,1684.702
2017-04-14 22:00:00,1556.0,1576.7976
2017-04-14 23:00:00,1460.0,1464.8912
2017-04-15 00:00:00,1343.0,1376.2711
2017-04-15 01:00:00,1287.0,1302.5455
2017-04-15 02:00:00,1236.0,1252.4279
2017-04-15 03:00:00,1219.0,1223.3085
2017-04-15 04:00:00,1205.0,1221.7155
2017-04-15 05:00:00,1234.0,1248.0459
2017-04-15 06:00:00,1287.0,1279.4344
2017-04-15 07:00:00,1352.0,1335.64
2017-04-15 08:00:00,1449.0,1436.1012
2017-04-15 09:00:00,1514.0,1527.0576
2017-04-15 10:00:00,1568.0,1550.7117
2017-04-15 11:00:00,1608.0,1578.3508
2017-04-15 12:00:00,1607.0,1603.6427
2017-04-15 13:00:00,1633.0,1588.7758
2017-04-15 14:00:00,1650.0,1630.2192
2017-04-15 15:00:00,1661.0,1644.9536
2017-04-15 16:00:00,1674.0,1654.6696
2017-04-15 17:00:00,1683.0,1673.8767
2017-04-15 18:00:00,1687.0,1680.7979
2017-04-15 19:00:00,1655.0,1684.8926
2017-04-15 20:00:00,1687.0,1706.6075
2017-04-15 21:00:00,1695.0,1693.6522
2017-04-15 22:00:00,1590.0,1609.5417
2017-04-15 23:00:00,1476.0,1483.6412
2017-04-16 00:00:00,1361.0,1376.7764
2017-04-16 01:00:00,1275.0,1291.3364
2017-04-16 02:00:00,1231.0,1236.6359
2017-04-16 03:00:00,1209.0,1217.2668
2017-04-16 04:00:00,1200.0,1216.7947
2017-04-16 05:00:00,1220.0,1239.1577
2017-04-16 06:00:00,1263.0,1258.4711
2017-04-16 07:00:00,1297.0,1312.4497
2017-04-16 08:00:00,1423.0,1396.7992
2017-04-16 09:00:00,1505.0,1498.6893
2017-04-16 10:00:00,1569.0,1540.8212
2017-04-16 11:00:00,1587.0,1598.7487
2017-04-16 12:00:00,1619.0,1605.3145
2017-04-16 13:00:00,1611.0,1618.8503
2017-04-16 14:00:00,1591.0,1609.1088
2017-04-16 15:00:00,1591.0,1590.231
2017-04-16 16:00:00,1601.0,1604.6329
2017-04-16 17:00:00,1609.0,1611.3171
2017-04-16 18:00:00,1599.0,1611.4475
2017-04-16 19:00:00,1619.0,1613.403
2017-04-16 20:00:00,1703.0,1696.094
2017-04-16 21:00:00,1687.0,1710.4299
2017-04-16 22:00:00,1599.0,1597.2404
2017-04-16 23:00:00,1504.0,1504.2394
2017-04-17 00:00:00,1428.0,1429.9534
2017-04-17 01:00:00,1378.0,1381.2375
2017-04-17 02:00:00,1338.0,1347.4021
2017-04-17 03:00:00,1341.0,1325.8701
2017-04-17 04:00:00,1363.0,1381.2003
2017-04-17 05:00:00,1468.0,1491.2598
2017-04-17 06:00:00,1650.0,1670.2433
2017-04-17 07:00:00,1766.0,1787.4086
2017-04-17 08:00:00,1842.0,1867.9312
2017-04-17 09:00:00,1908.0,1907.6445
2017-04-17 10:00:00,1959.0,1948.6647
2017-04-17 11:00:00,1980.0,1963.9999
2017-04-17 12:00:00,1997.0,1985.5768
2017-04-17 13:00:00,1995.0,1996.6536
2017-04-17 14:00:00,1980.0,1972.5317
2017-04-17 15:00:00,1941.0,1940.1641
2017-04-17 16:00:00,1928.0,1913.726
2017-04-17 17:00:00,1914.0,1916.0986
2017-04-17 18:00:00,1909.0,1886.2673
2017-04-17 19:00:00,1868.0,1909.1097
2017-04-17 20:00:00,1940.0,1929.4933
2017-04-17 21:00:00,1904.0,1911.8594
2017-04-17 22:00:00,1769.0,1765.3131
2017-04-17 23:00:00,1637.0,1627.8562
2017-04-18 00:00:00,1522.0,1549.153
2017-04-18 01:00:00,1467.0,1454.3809
2017-04-18 02:00:00,1426.0,1425.7292
2017-04-18 03:00:00,1413.0,1412.5303
2017-04-18 04:00:00,1454.0,1444.8813
2017-04-18 05:00:00,1564.0,1570.9059
2017-04-18 06:00:00,1755.0,1787.8156
2017-04-18 07:00:00,1874.0,1888.3784
2017-04-18 08:00:00,1898.0,1920.527
2017-04-18 09:00:00,1942.0,1934.9594
2017-04-18 10:00:00,1975.0,1969.5392
2017-04-18 11:00:00,1978.0,1984.007
2017-04-18 12:00:00,1994.0,1979.0773
2017-04-18 13:00:00,2005.0,1998.2163
2017-04-18 14:00:00,2002.0,1993.9506
2017-04-18 15:00:00,1978.0,1971.102
2017-04-18 16:00:00,1978.0,1954.6301
2017-04-18 17:00:00,1977.0,1963.3315
2017-04-18 18:00:00,1974.0,1956.539
2017-04-18 19:00:00,1939.0,1972.4755
2017-04-18 20:00:00,2011.0,1984.3427
2017-04-18 21:00:00,1979.0,1987.9435
2017-04-18 22:00:00,1850.0,1840.5918
2017-04-18 23:00:00,1700.0,1697.437
2017-04-19 00:00:00,1606.0,1599.4735
2017-04-19 01:00:00,1542.0,1539.9539
2017-04-19 02:00:00,1496.0,1505.2697
2017-04-19 03:00:00,1468.0,1497.3322
2017-04-19 04:00:00,1507.0,1507.5112
2017-04-19 05:00:00,1601.0,1619.2548
2017-04-19 06:00:00,1813.0,1804.8838
2017-04-19 07:00:00,1920.0,1926.3599
2017-04-19 08:00:00,1981.0,1952.8116
2017-04-19 09:00:00,2004.0,2013.7307
2017-04-19 10:00:00,2051.0,2040.9758
2017-04-19 11:00:00,2055.0,2055.0684
2017-04-19 12:00:00,2094.0,2057.1606
2017-04-19 13:00:00,2147.0,2107.1711
2017-04-19 14:00:00,2158.0,2161.995
2017-04-19 15:00:00,2138.0,2143.732
2017-04-19 16:00:00,2113.0,2126.6184
2017-04-19 17:00:00,2139.0,2102.4666
2017-04-19 18:00:00,2097.0,2140.2686
2017-04-19 19:00:00,2073.0,2087.357
2017-04-19 20:00:00,2119.0,2105.0647
2017-04-19 21:00:00,2095.0,2117.4243
2017-04-19 22:00:00,1943.0,1963.4719
2017-04-19 23:00:00,1801.0,1785.6084
2017-04-20 00:00:00,1664.0,1697.2905
2017-04-20 01:00:00,1577.0,1589.1553
2017-04-20 02:00:00,1520.0,1523.7255
2017-04-20 03:00:00,1492.0,1498.0509
2017-04-20 04:00:00,1512.0,1512.0875
2017-04-20 05:00:00,1620.0,1609.4823
2017-04-20 06:00:00,1817.0,1825.6105
2017-04-20 07:00:00,1913.0,1933.4299
2017-04-20 08:00:00,1990.0,1961.8506
2017-04-20 09:00:00,2061.0,2035.7158
2017-04-20 10:00:00,2115.0,2115.1797
2017-04-20 11:00:00,2168.0,2145.1267
2017-04-20 12:00:00,2208.0,2196.075
2017-04-20 13:00:00,2245.0,2239.2012
2017-04-20 14:00:00,2244.0,2255.556
2017-04-20 15:00:00,2218.0,2229.584
2017-04-20 16:00:00,2161.0,2205.1802
2017-04-20 17:00:00,2100.0,2145.6082
2017-04-20 18:00:00,2085.0,2059.9785
2017-04-20 19:00:00,2046.0,2072.013
2017-04-20 20:00:00,2087.0,2088.0708
2017-04-20 21:00:00,2042.0,2094.9766
2017-04-20 22:00:00,1897.0,1912.203
2017-04-20 23:00:00,1762.0,1738.8835
2017-04-21 00:00:00,1643.0,1646.3254
2017-04-21 01:00:00,1551.0,1566.0969
2017-04-21 02:00:00,1473.0,1502.1183
2017-04-21 03:00:00,1445.0,1448.1921
2017-04-21 04:00:00,1462.0,1450.9674
2017-04-21 05:00:00,1533.0,1545.2423
2017-04-21 06:00:00,1721.0,1702.5311
2017-04-21 07:00:00,1805.0,1849.773
2017-04-21 08:00:00,1859.0,1891.8398
2017-04-21 09:00:00,1872.0,1914.9192
2017-04-21 10:00:00,1919.0,1909.1316
2017-04-21 11:00:00,1906.0,1928.5118
2017-04-21 12:00:00,1905.0,1899.8832
2017-04-21 13:00:00,1892.0,1896.2184
2017-04-21 14:00:00,1876.0,1858.991
2017-04-21 15:00:00,1823.0,1841.945
2017-04-21 16:00:00,1814.0,1796.6133
2017-04-21 17:00:00,1771.0,1782.0194
2017-04-21 18:00:00,1744.0,1739.0144
2017-04-21 19:00:00,1727.0,1724.142
2017-04-21 20:00:00,1766.0,1752.6619
2017-04-21 21:00:00,1747.0,1758.7241
2017-04-21 22:00:00,1639.0,1639.155
2017-04-21 23:00:00,1514.0,1511.0708
2017-04-22 00:00:00,1421.0,1399.0625
2017-04-22 01:00:00,1359.0,1355.9508
2017-04-22 02:00:00,1324.0,1322.3439
2017-04-22 03:00:00,1314.0,1313.8057
2017-04-22 04:00:00,1318.0,1313.5247
2017-04-22 05:00:00,1359.0,1375.296
2017-04-22 06:00:00,1430.0,1420.0165
2017-04-22 07:00:00,1490.0,1499.9943
2017-04-22 08:00:00,1608.0,1568.3606
2017-04-22 09:00:00,1664.0,1663.4554
2017-04-22 10:00:00,1693.0,1691.8516
2017-04-22 11:00:00,1695.0,1693.7552
2017-04-22 12:00:00,1667.0,1676.5853
2017-04-22 13:00:00,1625.0,1640.22
2017-04-22 14:00:00,1604.0,1593.3652
2017-04-22 15:00:00,1590.0,1581.8563
2017-04-22 16:00:00,1581.0,1584.6453
2017-04-22 17:00:00,1568.0,1573.8137
2017-04-22 18:00:00,1555.0,1549.6102
2017-04-22 19:00:00,1551.0,1543.6824
2017-04-22 20:00:00,1609.0,1617.1906
2017-04-22 21:00:00,1634.0,1628.3433
2017-04-22 22:00:00,1574.0,1550.1061
2017-04-22 23:00:00,1475.0,1471.758
2017-04-23 00:00:00,1411.0,1376.1788
2017-04-23 01:00:00,1374.0,1339.8591
2017-04-23 02:00:00,1342.0,1334.8245
2017-04-23 03:00:00,1347.0,1331.3859
2017-04-23 04:00:00,1350.0,1353.9484
2017-04-23 05:00:00,1379.0,1381.7568
2017-04-23 06:00:00,1435.0,1427.0563
2017-04-23 07:00:00,1454.0,1490.1505
2017-04-23 08:00:00,1533.0,1526.7587
2017-04-23 09:00:00,1552.0,1582.2241
2017-04-23 10:00:00,1554.0,1575.3997
2017-04-23 11:00:00,1554.0,1550.7792
2017-04-23 12:00:00,1532.0,1546.8186
2017-04-23 13:00:00,1519.0,1517.7257
2017-04-23 14:00:00,1512.0,1498.8855
2017-04-23 15:00:00,1501.0,1506.4126
2017-04-23 16:00:00,1513.0,1507.2106
2017-04-23 17:00:00,1537.0,1518.6547
2017-04-23 18:00:00,1551.0,1545.0016
2017-04-23 19:00:00,1579.0,1568.8762
2017-04-23 20:00:00,1634.0,1677.3813
2017-04-23 21:00:00,1669.0,1667.6257
2017-04-23 22:00:00,1592.0,1603.3513
2017-04-23 23:00:00,1498.0,1507.821
2017-04-24 00:00:00,1446.0,1424.7576
2017-04-24 01:00:00,1401.0,1399.0266
2017-04-24 02:00:00,1397.0,1384.6726
2017-04-24 03:00:00,1402.0,1402.7173
2017-04-24 04:00:00,1442.0,1439.8331
2017-04-24 05:00:00,1580.0,1568.2681
2017-04-24 06:00:00,1789.0,1810.2014
2017-04-24 07:00:00,1880.0,1910.8258
2017-04-24 08:00:00,1907.0,1923.36
2017-04-24 09:00:00,1931.0,1941.5885
2017-04-24 10:00:00,1958.0,1962.7675
2017-04-24 11:00:00,1956.0,1961.406
2017-04-24 12:00:00,1975.0,1956.27
2017-04-24 13:00:00,1979.0,1976.3805
2017-04-24 14:00:00,1984.0,1969.4896
2017-04-24 15:00:00,1954.0,1954.5752
2017-04-24 16:00:00,1933.0,1935.1262
2017-04-24 17:00:00,1944.0,1921.5981
2017-04-24 18:00:00,1909.0,1933.0974
2017-04-24 19:00:00,1912.0,1902.4778
2017-04-24 20:00:00,1936.0,1974.389
2017-04-24 21:00:00,1919.0,1932.9034
2017-04-24 22:00:00,1770.0,1798.204
2017-04-24 23:00:00,1638.0,1636.4048
2017-04-25 00:00:00,1548.0,1550.1359
2017-04-25 01:00:00,1468.0,1481.7593
2017-04-25 02:00:00,1429.0,1439.314
2017-04-25 03:00:00,1418.0,1414.845
2017-04-25 04:00:00,1453.0,1450.8481
2017-04-25 05:00:00,1558.0,1566.7141
2017-04-25 06:00:00,1764.0,1779.3745
2017-04-25 07:00:00,1855.0,1887.2677
2017-04-25 08:00:00,1891.0,1902.9742
2017-04-25 09:00:00,1940.0,1925.9633
2017-04-25 10:00:00,1962.0,1971.8241
2017-04-25 11:00:00,1986.0,1971.4938
2017-04-25 12:00:00,2020.0,1997.927
2017-04-25 13:00:00,2047.0,2030.8838
2017-04-25 14:00:00,2068.0,2045.2627
2017-04-25 15:00:00,2054.0,2057.06
2017-04-25 16:00:00,2064.0,2045.7118
2017-04-25 17:00:00,2057.0,2054.9583
2017-04-25 18:00:00,2040.0,2040.624
2017-04-25 19:00:00,2032.0,2022.0984
2017-04-25 20:00:00,2062.0,2078.883
2017-04-25 21:00:00,2062.0,2041.6898
2017-04-25 22:00:00,1890.0,1939.4242
2017-04-25 23:00:00,1750.0,1742.3468
2017-04-26 00:00:00,1619.0,1651.0277
2017-04-26 01:00:00,1540.0,1541.3997
2017-04-26 02:00:00,1495.0,1491.4703
2017-04-26 03:00:00,1475.0,1483.7565
2017-04-26 04:00:00,1500.0,1499.5452
2017-04-26 05:00:00,1593.0,1606.3455
2017-04-26 06:00:00,1774.0,1804.6772
2017-04-26 07:00:00,1881.0,1903.4723
2017-04-26 08:00:00,1946.0,1932.7013
2017-04-26 09:00:00,1995.0,1987.2725
2017-04-26 10:00:00,2056.0,2028.7152
2017-04-26 11:00:00,2097.0,2076.7847
2017-04-26 12:00:00,2145.0,2121.597
2017-04-26 13:00:00,2181.0,2170.4282
2017-04-26 14:00:00,2208.0,2197.2935
2017-04-26 15:00:00,2222.0,2207.136
2017-04-26 16:00:00,2244.0,2225.6877
2017-04-26 17:00:00,2267.0,2246.722
2017-04-26 18:00:00,2238.0,2256.267
2017-04-26 19:00:00,2165.0,2211.1892
2017-04-26 20:00:00,2185.0,2167.961
2017-04-26 21:00:00,2140.0,2160.811
2017-04-26 22:00:00,1990.0,2002.0669
2017-04-26 23:00:00,1815.0,1829.4406
2017-04-27 00:00:00,1693.0,1698.7732
2017-04-27 01:00:00,1605.0,1615.5272
2017-04-27 02:00:00,1546.0,1552.3475
2017-04-27 03:00:00,1538.0,1519.0309
2017-04-27 04:00:00,1559.0,1557.3274
2017-04-27 05:00:00,1664.0,1669.3678
2017-04-27 06:00:00,1842.0,1876.4966
2017-04-27 07:00:00,1949.0,1972.019
2017-04-27 08:00:00,1994.0,2018.2949
2017-04-27 09:00:00,2047.0,2046.5682
2017-04-27 10:00:00,2079.0,2101.1704
2017-04-27 11:00:00,2060.0,2101.4644
2017-04-27 12:00:00,2085.0,2063.5386
2017-04-27 13:00:00,2087.0,2096.6995
2017-04-27 14:00:00,2059.0,2076.1072
2017-04-27 15:00:00,2011.0,2022.8989
2017-04-27 16:00:00,1980.0,1992.7982
2017-04-27 17:00:00,1955.0,1958.5876
2017-04-27 18:00:00,1919.0,1921.0027
2017-04-27 19:00:00,1872.0,1900.5609
2017-04-27 20:00:00,1891.0,1911.2764
2017-04-27 21:00:00,1881.0,1894.871
2017-04-27 22:00:00,1765.0,1773.518
2017-04-27 23:00:00,1626.0,1627.3242
2017-04-28 00:00:00,1534.0,1528.4966
2017-04-28 01:00:00,1457.0,1472.6576
2017-04-28 02:00:00,1422.0,1427.0205
2017-04-28 03:00:00,1413.0,1408.2189
2017-04-28 04:00:00,1439.0,1441.418
2017-04-28 05:00:00,1543.0,1552.1985
2017-04-28 06:00:00,1724.0,1743.983
2017-04-28 07:00:00,1818.0,1840.435
2017-04-28 08:00:00,1867.0,1875.5618
2017-04-28 09:00:00,1895.0,1896.3542
2017-04-28 10:00:00,1906.0,1919.7097
2017-04-28 11:00:00,1914.0,1899.1506
2017-04-28 12:00:00,1898.0,1911.7513
2017-04-28 13:00:00,1894.0,1878.042
2017-04-28 14:00:00,1874.0,1862.0358
2017-04-28 15:00:00,1832.0,1830.6807
2017-04-28 16:00:00,1822.0,1808.1533
2017-04-28 17:00:00,1795.0,1794.5537
2017-04-28 18:00:00,1790.0,1763.6902
2017-04-28 19:00:00,1801.0,1774.3129
2017-04-28 20:00:00,1793.0,1839.6252
2017-04-28 21:00:00,1730.0,1774.2589
2017-04-28 22:00:00,1613.0,1618.4844
2017-04-28 23:00:00,1508.0,1492.8418
2017-04-29 00:00:00,1418.0,1398.1353
2017-04-29 01:00:00,1357.0,1352.6079
2017-04-29 02:00:00,1327.0,1314.5146
2017-04-29 03:00:00,1298.0,1309.1919
2017-04-29 04:00:00,1306.0,1311.7253
2017-04-29 05:00:00,1347.0,1346.4128
2017-04-29 06:00:00,1403.0,1419.9742
2017-04-29 07:00:00,1482.0,1478.3988
2017-04-29 08:00:00,1586.0,1562.6001
2017-04-29 09:00:00,1678.0,1647.0968
2017-04-29 10:00:00,1707.0,1714.5299
2017-04-29 11:00:00,1720.0,1709.0079
2017-04-29 12:00:00,1686.0,1715.5222
2017-04-29 13:00:00,1689.0,1659.477
2017-04-29 14:00:00,1684.0,1665.8362
2017-04-29 15:00:00,1687.0,1664.7179
2017-04-29 16:00:00,1712.0,1677.4849
2017-04-29 17:00:00,1715.0,1719.9823
2017-04-29 18:00:00,1706.0,1700.4401
2017-04-29 19:00:00,1666.0,1703.8285
2017-04-29 20:00:00,1688.0,1704.5792
2017-04-29 21:00:00,1662.0,1705.2319
2017-04-29 22:00:00,1558.0,1561.0093
2017-04-29 23:00:00,1452.0,1455.8306
2017-04-30 00:00:00,1353.0,1365.3676
2017-04-30 01:00:00,1296.0,1291.8605
2017-04-30 02:00:00,1248.0,1261.9525
2017-04-30 03:00:00,1234.0,1224.8413
2017-04-30 04:00:00,1229.0,1213.1444
2017-04-30 05:00:00,1252.0,1225.7966
2017-04-30 06:00:00,1299.0,1267.7275
2017-04-30 07:00:00,1339.0,1351.9098
2017-04-30 08:00:00,1439.0,1425.7526
2017-04-30 09:00:00,1518.0,1526.3042
2017-04-30 10:00:00,1592.0,1571.9564
2017-04-30 11:00:00,1651.0,1622.0874
2017-04-30 12:00:00,1694.0,1663.2264
2017-04-30 13:00:00,1691.0,1703.1792
2017-04-30 14:00:00,1705.0,1679.6019
2017-04-30 15:00:00,1739.0,1722.2494
2017-04-30 16:00:00,1788.0,1763.9213
2017-04-30 17:00:00,1813.0,1828.9146
2017-04-30 18:00:00,1820.0,1823.1162
2017-04-30 19:00:00,1815.0,1832.3547
2017-04-30 20:00:00,1870.0,1853.7878
2017-04-30 21:00:00,1867.0,1876.4556
2017-04-30 22:00:00,1769.0,1774.1669
2017-04-30 23:00:00,1662.0,1644.1958
2017-05-01 00:00:00,1584.0,1558.7249
2017-05-01 01:00:00,1533.0,1517.4525
2017-05-01 02:00:00,1496.0,1496.8016
2017-05-01 03:00:00,1485.0,1489.52
2017-05-01 04:00:00,1517.0,1520.5703
2017-05-01 05:00:00,1620.0,1631.2625
2017-05-01 06:00:00,1827.0,1811.9277
2017-05-01 07:00:00,1915.0,1944.7859
2017-05-01 08:00:00,1922.0,1982.2728
2017-05-01 09:00:00,1951.0,1957.6942
2017-05-01 10:00:00,1940.0,1978.7595
2017-05-01 11:00:00,1971.0,1944.4193
2017-05-01 12:00:00,2001.0,1985.337
2017-05-01 13:00:00,2009.0,2010.2487
2017-05-01 14:00:00,2007.0,1999.253
2017-05-01 15:00:00,1954.0,1974.3401
2017-05-01 16:00:00,1907.0,1930.0464
2017-05-01 17:00:00,1878.0,1888.0917
2017-05-01 18:00:00,1857.0,1852.5153
2017-05-01 19:00:00,1849.0,1853.552
2017-05-01 20:00:00,1882.0,1895.1135
2017-05-01 21:00:00,1856.0,1908.4547
2017-05-01 22:00:00,1746.0,1751.9036
2017-05-01 23:00:00,1617.0,1616.6064
2017-05-02 00:00:00,1543.0,1522.7802
2017-05-02 01:00:00,1494.0,1477.7661
2017-05-02 02:00:00,1447.0,1470.4464
2017-05-02 03:00:00,1457.0,1450.3988
2017-05-02 04:00:00,1489.0,1497.1573
2017-05-02 05:00:00,1598.0,1600.7384
2017-05-02 06:00:00,1796.0,1801.9235
2017-05-02 07:00:00,1906.0,1908.0935
2017-05-02 08:00:00,1947.0,1941.1106
2017-05-02 09:00:00,1969.0,1979.807
2017-05-02 10:00:00,1979.0,1989.7856
2017-05-02 11:00:00,1962.0,1979.3337
2017-05-02 12:00:00,1955.0,1964.6213
2017-05-02 13:00:00,1930.0,1950.2744
2017-05-02 14:00:00,1897.0,1904.0321
2017-05-02 15:00:00,1900.0,1859.2236
2017-05-02 16:00:00,1888.0,1897.2429
2017-05-02 17:00:00,1890.0,1881.4456
2017-05-02 18:00:00,1858.0,1880.5659
2017-05-02 19:00:00,1846.0,1853.3627
2017-05-02 20:00:00,1890.0,1887.3236
2017-05-02 21:00:00,1909.0,1918.8356
2017-05-02 22:00:00,1800.0,1784.5118
2017-05-02 23:00:00,1678.0,1650.3224
2017-05-03 00:00:00,1595.0,1577.4225
2017-05-03 01:00:00,1559.0,1534.4224
2017-05-03 02:00:00,1515.0,1526.018
2017-05-03 03:00:00,1519.0,1509.6974
2017-05-03 04:00:00,1559.0,1556.8988
2017-05-03 05:00:00,1674.0,1685.6411
2017-05-03 06:00:00,1857.0,1883.2654
2017-05-03 07:00:00,1962.0,1982.4272
2017-05-03 08:00:00,1997.0,2001.1646
2017-05-03 09:00:00,1979.0,2029.8873
2017-05-03 10:00:00,1990.0,1988.1755
2017-05-03 11:00:00,1955.0,1977.3201
2017-05-03 12:00:00,1959.0,1939.2269
2017-05-03 13:00:00,1948.0,1947.9391
2017-05-03 14:00:00,1919.0,1923.8525
2017-05-03 15:00:00,1878.0,1878.5378
2017-05-03 16:00:00,1862.0,1855.1656
2017-05-03 17:00:00,1863.0,1845.1027
2017-05-03 18:00:00,1878.0,1851.0665
2017-05-03 19:00:00,1893.0,1885.8525
2017-05-03 20:00:00,1937.0,1931.086
2017-05-03 21:00:00,1915.0,1937.6257
2017-05-03 22:00:00,1797.0,1798.0095
2017-05-03 23:00:00,1676.0,1664.7173
2017-05-04 00:00:00,1593.0,1583.6202
2017-05-04 01:00:00,1530.0,1532.7944
2017-05-04 02:00:00,1510.0,1499.1559
2017-05-04 03:00:00,1504.0,1502.2618
2017-05-04 04:00:00,1535.0,1540.9126
2017-05-04 05:00:00,1650.0,1649.4473
2017-05-04 06:00:00,1841.0,1849.0498
2017-05-04 07:00:00,1957.0,1945.6637
2017-05-04 08:00:00,1986.0,1982.9744
2017-05-04 09:00:00,2023.0,1997.7069
2017-05-04 10:00:00,2049.0,2046.0768
2017-05-04 11:00:00,2048.0,2045.1364
2017-05-04 12:00:00,2075.0,2038.9042
2017-05-04 13:00:00,2045.0,2073.6926
2017-05-04 14:00:00,2033.0,2012.9675
2017-05-04 15:00:00,1993.0,1991.2039
2017-05-04 16:00:00,1978.0,1974.0255
2017-05-04 17:00:00,1991.0,1962.7445
2017-05-04 18:00:00,1989.0,1983.7633
2017-05-04 19:00:00,1974.0,1982.1355
2017-05-04 20:00:00,1977.0,1998.9739
2017-05-04 21:00:00,1954.0,1986.5522
2017-05-04 22:00:00,1843.0,1828.8667
2017-05-04 23:00:00,1709.0,1695.946
2017-05-05 00:00:00,1620.0,1603.7391
2017-05-05 01:00:00,1557.0,1544.2294
2017-05-05 02:00:00,1524.0,1522.4178
2017-05-05 03:00:00,1521.0,1506.3555
2017-05-05 04:00:00,1556.0,1548.5054
2017-05-05 05:00:00,1658.0,1686.8928
2017-05-05 06:00:00,1861.0,1855.2942
2017-05-05 07:00:00,1970.0,1981.2391
2017-05-05 08:00:00,2016.0,2006.9382
2017-05-05 09:00:00,2059.0,2046.9784
2017-05-05 10:00:00,2100.0,2088.5425
2017-05-05 11:00:00,2085.0,2096.5027
2017-05-05 12:00:00,2080.0,2072.618
2017-05-05 13:00:00,2054.0,2066.3374
2017-05-05 14:00:00,2037.0,2021.1749
2017-05-05 15:00:00,1997.0,1987.5415
2017-05-05 16:00:00,1980.0,1978.5171
2017-05-05 17:00:00,1961.0,1957.9006
2017-05-05 18:00:00,1956.0,1936.5759
2017-05-05 19:00:00,1933.0,1941.1725
2017-05-05 20:00:00,1932.0,1946.5806
2017-05-05 21:00:00,1915.0,1943.5868
2017-05-05 22:00:00,1803.0,1803.6631
2017-05-05 23:00:00,1677.0,1652.7809
2017-05-06 00:00:00,1585.0,1548.2173
2017-05-06 01:00:00,1513.0,1506.9231
2017-05-06 02:00:00,1484.0,1462.7004
2017-05-06 03:00:00,1472.0,1447.2482
2017-05-06 04:00:00,1487.0,1483.0376
2017-05-06 05:00:00,1529.0,1534.9727
2017-05-06 06:00:00,1589.0,1598.4554
2017-05-06 07:00:00,1632.0,1672.577
2017-05-06 08:00:00,1703.0,1713.0464
2017-05-06 09:00:00,1752.0,1769.2335
2017-05-06 10:00:00,1737.0,1790.9501
2017-05-06 11:00:00,1712.0,1734.9594
2017-05-06 12:00:00,1675.0,1696.0062
2017-05-06 13:00:00,1643.0,1655.5298
2017-05-06 14:00:00,1611.0,1621.7147
2017-05-06 15:00:00,1605.0,1592.5491
2017-05-06 16:00:00,1584.0,1602.2762
2017-05-06 17:00:00,1578.0,1575.8107
2017-05-06 18:00:00,1576.0,1555.7832
2017-05-06 19:00:00,1557.0,1563.6246
2017-05-06 20:00:00,1585.0,1603.7068
2017-05-06 21:00:00,1624.0,1638.8445
2017-05-06 22:00:00,1571.0,1552.2733
2017-05-06 23:00:00,1464.0,1466.9288
2017-05-07 00:00:00,1427.0,1370.0907
2017-05-07 01:00:00,1385.0,1355.9668
2017-05-07 02:00:00,1379.0,1353.4508
2017-05-07 03:00:00,1365.0,1354.3026
2017-05-07 04:00:00,1387.0,1380.1733
2017-05-07 05:00:00,1424.0,1434.9458
2017-05-07 06:00:00,1469.0,1472.2162
2017-05-07 07:00:00,1515.0,1526.7943
2017-05-07 08:00:00,1586.0,1572.797
2017-05-07 09:00:00,1606.0,1638.842
2017-05-07 10:00:00,1607.0,1606.5195
2017-05-07 11:00:00,1600.0,1590.189
2017-05-07 12:00:00,1568.0,1585.5239
2017-05-07 13:00:00,1571.0,1540.7794
2017-05-07 14:00:00,1526.0,1544.6111
2017-05-07 15:00:00,1527.0,1519.0548
2017-05-07 16:00:00,1535.0,1540.7155
2017-05-07 17:00:00,1541.0,1553.8213
2017-05-07 18:00:00,1559.0,1549.4841
2017-05-07 19:00:00,1589.0,1576.5641
2017-05-07 20:00:00,1632.0,1663.474
2017-05-07 21:00:00,1715.0,1678.0612
2017-05-07 22:00:00,1653.0,1641.1421
2017-05-07 23:00:00,1582.0,1571.0841
2017-05-08 00:00:00,1542.0,1524.5641
2017-05-08 01:00:00,1527.0,1497.6593
2017-05-08 02:00:00,1525.0,1524.9875
2017-05-08 03:00:00,1555.0,1547.3746
2017-05-08 04:00:00,1602.0,1611.1549
2017-05-08 05:00:00,1742.0,1740.4303
2017-05-08 06:00:00,1946.0,1955.3627
2017-05-08 07:00:00,2032.0,2055.7036
2017-05-08 08:00:00,2040.0,2067.009
2017-05-08 09:00:00,2026.0,2062.7346
2017-05-08 10:00:00,2026.0,2036.0105
2017-05-08 11:00:00,2002.0,2022.4531
2017-05-08 12:00:00,1990.0,1998.9033
2017-05-08 13:00:00,1965.0,1982.544
2017-05-08 14:00:00,1939.0,1941.5088
2017-05-08 15:00:00,1892.0,1902.0658
2017-05-08 16:00:00,1855.0,1869.8069
2017-05-08 17:00:00,1857.0,1844.7762
2017-05-08 18:00:00,1837.0,1856.136
2017-05-08 19:00:00,1824.0,1836.2572
2017-05-08 20:00:00,1875.0,1882.0564
2017-05-08 21:00:00,1900.0,1918.7246
2017-05-08 22:00:00,1783.0,1791.1831
2017-05-08 23:00:00,1651.0,1630.1912
2017-05-09 00:00:00,1574.0,1553.1913
2017-05-09 01:00:00,1519.0,1514.0083
2017-05-09 02:00:00,1480.0,1490.2223
2017-05-09 03:00:00,1479.0,1472.2673
2017-05-09 04:00:00,1503.0,1508.8894
2017-05-09 05:00:00,1622.0,1613.746
2017-05-09 06:00:00,1811.0,1825.7264
2017-05-09 07:00:00,1925.0,1927.9929
2017-05-09 08:00:00,1966.0,1944.8329
2017-05-09 09:00:00,1991.0,1989.5996
2017-05-09 10:00:00,1993.0,2013.1997
2017-05-09 11:00:00,2015.0,1987.0802
2017-05-09 12:00:00,2135.0,2026.8942
2017-05-09 13:00:00,2007.0,2161.3203
2017-05-09 14:00:00,1973.0,1993.3018
2017-05-09 15:00:00,1937.0,1912.4868
2017-05-09 16:00:00,1926.0,1915.3694
2017-05-09 17:00:00,1925.0,1919.279
2017-05-09 18:00:00,1893.0,1917.373
2017-05-09 19:00:00,1881.0,1882.173
2017-05-09 20:00:00,1932.0,1910.405
2017-05-09 21:00:00,1918.0,1966.9323
2017-05-09 22:00:00,1805.0,1799.9608
2017-05-09 23:00:00,1692.0,1656.6334
2017-05-10 00:00:00,1580.0,1592.9453
2017-05-10 01:00:00,1533.0,1520.1877
2017-05-10 02:00:00,1500.0,1494.0748
2017-05-10 03:00:00,1493.0,1491.4902
2017-05-10 04:00:00,1516.0,1522.0304
2017-05-10 05:00:00,1631.0,1613.3055
2017-05-10 06:00:00,1811.0,1831.9811
2017-05-10 07:00:00,1909.0,1935.4233
2017-05-10 08:00:00,1923.0,1947.8668
2017-05-10 09:00:00,1945.0,1946.607
2017-05-10 10:00:00,1960.0,1969.5493
2017-05-10 11:00:00,1950.0,1956.597
2017-05-10 12:00:00,1990.0,1951.2292
2017-05-10 13:00:00,2014.0,1982.1256
2017-05-10 14:00:00,2014.0,2006.7347
2017-05-10 15:00:00,1996.0,1984.8933
2017-05-10 16:00:00,2012.0,1973.5635
2017-05-10 17:00:00,2018.0,2011.192
2017-05-10 18:00:00,2009.0,1999.7769
2017-05-10 19:00:00,1995.0,1992.8433
2017-05-10 20:00:00,2050.0,2008.6349
2017-05-10 21:00:00,2042.0,2051.7544
2017-05-10 22:00:00,1895.0,1927.8542
2017-05-10 23:00:00,1762.0,1744.2256
2017-05-11 00:00:00,1656.0,1653.6698
2017-05-11 01:00:00,1579.0,1579.2153
2017-05-11 02:00:00,1523.0,1548.8177
2017-05-11 03:00:00,1500.0,1504.4901
2017-05-11 04:00:00,1512.0,1517.3555
2017-05-11 05:00:00,1603.0,1604.8263
2017-05-11 06:00:00,1795.0,1797.3589
2017-05-11 07:00:00,1909.0,1912.8167
2017-05-11 08:00:00,1957.0,1944.7288
2017-05-11 09:00:00,1953.0,1995.4316
2017-05-11 10:00:00,1983.0,1979.1481
2017-05-11 11:00:00,1992.0,1979.6353
2017-05-11 12:00:00,1977.0,1996.139
2017-05-11 13:00:00,1984.0,1969.1726
2017-05-11 14:00:00,1960.0,1968.6471
2017-05-11 15:00:00,1907.0,1917.4922
2017-05-11 16:00:00,1906.0,1883.5613
2017-05-11 17:00:00,1879.0,1901.7186
2017-05-11 18:00:00,1864.0,1862.5624
2017-05-11 19:00:00,1845.0,1864.6332
2017-05-11 20:00:00,1846.0,1881.2993
2017-05-11 21:00:00,1889.0,1866.7078
2017-05-11 22:00:00,1777.0,1793.9281
2017-05-11 23:00:00,1635.0,1642.033
2017-05-12 00:00:00,1544.0,1541.3723
2017-05-12 01:00:00,1462.0,1476.3475
2017-05-12 02:00:00,1433.0,1431.7883
2017-05-12 03:00:00,1426.0,1414.1215
2017-05-12 04:00:00,1448.0,1448.7628
2017-05-12 05:00:00,1547.0,1553.1118
2017-05-12 06:00:00,1726.0,1731.6337
2017-05-12 07:00:00,1827.0,1829.8894
2017-05-12 08:00:00,1874.0,1886.2262
2017-05-12 09:00:00,1914.0,1898.0325
2017-05-12 10:00:00,1917.0,1942.9238
2017-05-12 11:00:00,1908.0,1909.8014
2017-05-12 12:00:00,1885.0,1902.312
2017-05-12 13:00:00,1897.0,1868.1268
2017-05-12 14:00:00,1873.0,1881.3604
2017-05-12 15:00:00,1831.0,1837.9083
2017-05-12 16:00:00,1803.0,1809.3419
2017-05-12 17:00:00,1759.0,1775.4952
2017-05-12 18:00:00,1730.0,1721.065
2017-05-12 19:00:00,1688.0,1708.453
2017-05-12 20:00:00,1706.0,1700.7128
2017-05-12 21:00:00,1739.0,1724.1753
2017-05-12 22:00:00,1651.0,1645.9618
2017-05-12 23:00:00,1522.0,1537.2253
2017-05-13 00:00:00,1425.0,1407.7188
2017-05-13 01:00:00,1351.0,1342.4056
2017-05-13 02:00:00,1335.0,1308.622
2017-05-13 03:00:00,1316.0,1306.6951
2017-05-13 04:00:00,1334.0,1312.8373
2017-05-13 05:00:00,1375.0,1372.7041
2017-05-13 06:00:00,1421.0,1435.7106
2017-05-13 07:00:00,1507.0,1503.484
2017-05-13 08:00:00,1583.0,1586.1965
2017-05-13 09:00:00,1616.0,1645.6239
2017-05-13 10:00:00,1646.0,1637.3651
2017-05-13 11:00:00,1596.0,1641.719
2017-05-13 12:00:00,1600.0,1589.9993
2017-05-13 13:00:00,1613.0,1576.5487
2017-05-13 14:00:00,1602.0,1592.243
2017-05-13 15:00:00,1620.0,1585.5748
2017-05-13 16:00:00,1628.0,1610.6592
2017-05-13 17:00:00,1649.0,1622.081
2017-05-13 18:00:00,1636.0,1637.0334
2017-05-13 19:00:00,1620.0,1634.5203
2017-05-13 20:00:00,1602.0,1656.0006
2017-05-13 21:00:00,1647.0,1628.7289
2017-05-13 22:00:00,1553.0,1578.5302
2017-05-13 23:00:00,1442.0,1453.5162
2017-05-14 00:00:00,1339.0,1346.309
2017-05-14 01:00:00,1282.0,1269.7301
2017-05-14 02:00:00,1236.0,1237.8597
2017-05-14 03:00:00,1216.0,1216.0044
2017-05-14 04:00:00,1207.0,1212.4438
2017-05-14 05:00:00,1227.0,1235.2427
2017-05-14 06:00:00,1244.0,1257.9447
2017-05-14 07:00:00,1279.0,1284.4913
2017-05-14 08:00:00,1422.0,1364.5947
2017-05-14 09:00:00,1499.0,1486.0386
2017-05-14 10:00:00,1545.0,1530.5178
2017-05-14 11:00:00,1584.0,1567.4175
2017-05-14 12:00:00,1604.0,1601.4249
2017-05-14 13:00:00,1625.0,1599.4863
2017-05-14 14:00:00,1649.0,1617.3616
2017-05-14 15:00:00,1686.0,1661.057
2017-05-14 16:00:00,1718.0,1707.1564
2017-05-14 17:00:00,1747.0,1747.1127
2017-05-14 18:00:00,1772.0,1751.02
2017-05-14 19:00:00,1769.0,1771.8236
2017-05-14 20:00:00,1786.0,1799.4657
2017-05-14 21:00:00,1844.0,1794.0651
2017-05-14 22:00:00,1763.0,1748.0104
2017-05-14 23:00:00,1643.0,1641.4059
2017-05-15 00:00:00,1532.0,1547.8121
2017-05-15 01:00:00,1455.0,1468.344
2017-05-15 02:00:00,1407.0,1410.1276
2017-05-15 03:00:00,1403.0,1393.5453
2017-05-15 04:00:00,1398.0,1425.671
2017-05-15 05:00:00,1483.0,1488.7181
2017-05-15 06:00:00,1650.0,1647.8297
2017-05-15 07:00:00,1787.0,1791.468
2017-05-15 08:00:00,1858.0,1887.6067
2017-05-15 09:00:00,1910.0,1924.7676
2017-05-15 10:00:00,1966.0,1959.1154
2017-05-15 11:00:00,1994.0,1987.6952
2017-05-15 12:00:00,2038.0,2010.2667
2017-05-15 13:00:00,2089.0,2056.905
2017-05-15 14:00:00,2108.0,2099.497
2017-05-15 15:00:00,2144.0,2101.0063
2017-05-15 16:00:00,2187.0,2171.7593
2017-05-15 17:00:00,2190.0,2224.7615
2017-05-15 18:00:00,2185.0,2175.3694
2017-05-15 19:00:00,2149.0,2155.792
2017-05-15 20:00:00,2118.0,2143.2627
2017-05-15 21:00:00,2126.0,2099.199
2017-05-15 22:00:00,1952.0,1988.3512
2017-05-15 23:00:00,1782.0,1775.9446
2017-05-16 00:00:00,1658.0,1644.215
2017-05-16 01:00:00,1561.0,1569.4894
2017-05-16 02:00:00,1505.0,1505.9534
2017-05-16 03:00:00,1475.0,1474.2827
2017-05-16 04:00:00,1490.0,1483.329
2017-05-16 05:00:00,1589.0,1570.1385
2017-05-16 06:00:00,1754.0,1771.489
2017-05-16 07:00:00,1888.0,1885.8859
2017-05-16 08:00:00,1977.0,1949.9789
2017-05-16 09:00:00,2064.0,2031.8823
2017-05-16 10:00:00,2176.0,2136.927
2017-05-16 11:00:00,2235.0,2229.9187
2017-05-16 12:00:00,2332.0,2295.5344
2017-05-16 13:00:00,2393.0,2388.3035
2017-05-16 14:00:00,2444.0,2435.8853
2017-05-16 15:00:00,2473.0,2463.2847
2017-05-16 16:00:00,2504.0,2491.311
2017-05-16 17:00:00,2537.0,2527.7983
2017-05-16 18:00:00,2497.0,2508.4683
2017-05-16 19:00:00,2427.0,2430.3
2017-05-16 20:00:00,2388.0,2381.3655
2017-05-16 21:00:00,2382.0,2367.8777
2017-05-16 22:00:00,2200.0,2220.7002
2017-05-16 23:00:00,2018.0,1991.7085
2017-05-17 00:00:00,1859.0,1856.4874
2017-05-17 01:00:00,1734.0,1736.8685
2017-05-17 02:00:00,1654.0,1651.0217
2017-05-17 03:00:00,1618.0,1610.5952
2017-05-17 04:00:00,1617.0,1628.6064
2017-05-17 05:00:00,1707.0,1692.1758
2017-05-17 06:00:00,1870.0,1879.0493
2017-05-17 07:00:00,2004.0,2009.2618
2017-05-17 08:00:00,2101.0,2116.3267
2017-05-17 09:00:00,2212.0,2202.9277
2017-05-17 10:00:00,2310.0,2334.2754
2017-05-17 11:00:00,2396.0,2393.9346
2017-05-17 12:00:00,2486.0,2500.775
2017-05-17 13:00:00,2528.0,2564.736
2017-05-17 14:00:00,2584.0,2581.0027
2017-05-17 15:00:00,2527.0,2599.427
2017-05-17 16:00:00,2490.0,2527.492
2017-05-17 17:00:00,2524.0,2461.7173
2017-05-17 18:00:00,2496.0,2491.6252
2017-05-17 19:00:00,2417.0,2433.559
2017-05-17 20:00:00,2388.0,2364.9207
2017-05-17 21:00:00,2401.0,2351.88
2017-05-17 22:00:00,2236.0,2234.4983
2017-05-17 23:00:00,2064.0,2024.1083
2017-05-18 00:00:00,1921.0,1890.4095
2017-05-18 01:00:00,1805.0,1789.7916
2017-05-18 02:00:00,1748.0,1722.5537
2017-05-18 03:00:00,1695.0,1701.4812
2017-05-18 04:00:00,1709.0,1698.132
2017-05-18 05:00:00,1806.0,1799.7056
2017-05-18 06:00:00,1997.0,1990.3196
2017-05-18 07:00:00,2128.0,2139.8584
2017-05-18 08:00:00,2206.0,2233.289
2017-05-18 09:00:00,2230.0,2296.3796
2017-05-18 10:00:00,2292.0,2308.0742
2017-05-18 11:00:00,2380.0,2330.7249
2017-05-18 12:00:00,2457.0,2429.895
2017-05-18 13:00:00,2546.0,2510.0103
2017-05-18 14:00:00,2581.0,2587.4155
2017-05-18 15:00:00,2594.0,2602.7664
2017-05-18 16:00:00,2634.0,2586.021
2017-05-18 17:00:00,2642.0,2618.7153
2017-05-18 18:00:00,2610.0,2611.0718
2017-05-18 19:00:00,2527.0,2535.3152
2017-05-18 20:00:00,2488.0,2462.8157
2017-05-18 21:00:00,2480.0,2447.0735
2017-05-18 22:00:00,2300.0,2305.8525
2017-05-18 23:00:00,2108.0,2086.0813
2017-05-19 00:00:00,1932.0,1926.8113
2017-05-19 01:00:00,1799.0,1795.184
2017-05-19 02:00:00,1709.0,1710.6111
2017-05-19 03:00:00,1663.0,1659.3278
2017-05-19 04:00:00,1650.0,1661.0726
2017-05-19 05:00:00,1744.0,1728.5305
2017-05-19 06:00:00,1917.0,1896.8151
2017-05-19 07:00:00,2051.0,2059.7031
2017-05-19 08:00:00,2151.0,2153.4358
2017-05-19 09:00:00,2254.0,2240.762
2017-05-19 10:00:00,2349.0,2351.9119
2017-05-19 11:00:00,2405.0,2432.0183
2017-05-19 12:00:00,2513.0,2464.7476
2017-05-19 13:00:00,2590.0,2582.5361
2017-05-19 14:00:00,2601.0,2626.2273
2017-05-19 15:00:00,2529.0,2598.8462
2017-05-19 16:00:00,2395.0,2503.953
2017-05-19 17:00:00,2225.0,2339.4688
2017-05-19 18:00:00,2092.0,2104.5322
2017-05-19 19:00:00,2036.0,1982.3036
2017-05-19 20:00:00,1993.0,2008.7063
2017-05-19 21:00:00,1938.0,2019.0381
2017-05-19 22:00:00,1819.0,1807.4314
2017-05-19 23:00:00,1647.0,1658.6238
2017-05-20 00:00:00,1511.0,1515.5995
2017-05-20 01:00:00,1432.0,1408.9431
2017-05-20 02:00:00,1363.0,1365.8748
2017-05-20 03:00:00,1331.0,1335.597
2017-05-20 04:00:00,1322.0,1324.951
2017-05-20 05:00:00,1350.0,1350.5281
2017-05-20 06:00:00,1401.0,1389.9276
2017-05-20 07:00:00,1459.0,1472.2694
2017-05-20 08:00:00,1549.0,1570.3566
2017-05-20 09:00:00,1619.0,1646.2843
2017-05-20 10:00:00,1677.0,1690.2526
2017-05-20 11:00:00,1686.0,1717.889
2017-05-20 12:00:00,1706.0,1711.1039
2017-05-20 13:00:00,1724.0,1722.1395
2017-05-20 14:00:00,1738.0,1743.3517
2017-05-20 15:00:00,1767.0,1744.9408
2017-05-20 16:00:00,1816.0,1789.6844
2017-05-20 17:00:00,1854.0,1839.7891
2017-05-20 18:00:00,1883.0,1834.9083
2017-05-20 19:00:00,1861.0,1851.91
2017-05-20 20:00:00,1870.0,1845.63
2017-05-20 21:00:00,1881.0,1885.8058
2017-05-20 22:00:00,1775.0,1794.5198
2017-05-20 23:00:00,1626.0,1637.3549
2017-05-21 00:00:00,1504.0,1501.459
2017-05-21 01:00:00,1411.0,1415.258
2017-05-21 02:00:00,1356.0,1356.7739
2017-05-21 03:00:00,1324.0,1316.5228
2017-05-21 04:00:00,1318.0,1310.9413
2017-05-21 05:00:00,1316.0,1336.4137
2017-05-21 06:00:00,1349.0,1324.3442
2017-05-21 07:00:00,1406.0,1388.3947
2017-05-21 08:00:00,1486.0,1504.6013
2017-05-21 09:00:00,1592.0,1578.2551
2017-05-21 10:00:00,1667.0,1660.6761
2017-05-21 11:00:00,1735.0,1704.6963
2017-05-21 12:00:00,1759.0,1783.0508
2017-05-21 13:00:00,1781.0,1783.4124
2017-05-21 14:00:00,1789.0,1794.5598
2017-05-21 15:00:00,1841.0,1812.8004
2017-05-21 16:00:00,1889.0,1877.9823
2017-05-21 17:00:00,1915.0,1924.697
2017-05-21 18:00:00,1917.0,1907.4204
2017-05-21 19:00:00,1928.0,1907.7001
2017-05-21 20:00:00,1891.0,1936.1636
2017-05-21 21:00:00,1917.0,1905.9431
2017-05-21 22:00:00,1789.0,1830.3691
2017-05-21 23:00:00,1658.0,1655.1182
2017-05-22 00:00:00,1530.0,1553.4545
2017-05-22 01:00:00,1455.0,1463.7805
2017-05-22 02:00:00,1402.0,1407.1371
2017-05-22 03:00:00,1387.0,1379.9703
2017-05-22 04:00:00,1410.0,1403.5087
2017-05-22 05:00:00,1514.0,1505.5035
2017-05-22 06:00:00,1657.0,1682.7935
2017-05-22 07:00:00,1790.0,1800.5935
2017-05-22 08:00:00,1851.0,1899.5868
2017-05-22 09:00:00,1903.0,1928.9124
2017-05-22 10:00:00,1939.0,1967.1348
2017-05-22 11:00:00,1956.0,1965.3984
2017-05-22 12:00:00,1982.0,1977.1476
2017-05-22 13:00:00,2027.0,2002.1888
2017-05-22 14:00:00,2010.0,2045.2672
2017-05-22 15:00:00,2004.0,1986.9757
2017-05-22 16:00:00,2012.0,1992.6339
2017-05-22 17:00:00,2033.0,2008.1675
2017-05-22 18:00:00,2028.0,2016.649
2017-05-22 19:00:00,2003.0,2006.0581
2017-05-22 20:00:00,1963.0,2004.1993
2017-05-22 21:00:00,1973.0,1976.4009
2017-05-22 22:00:00,1836.0,1854.3376
2017-05-22 23:00:00,1673.0,1678.7899
2017-05-23 00:00:00,1579.0,1561.7637
2017-05-23 01:00:00,1494.0,1514.1565
2017-05-23 02:00:00,1441.0,1454.7657
2017-05-23 03:00:00,1437.0,1419.76
2017-05-23 04:00:00,1459.0,1460.9355
2017-05-23 05:00:00,1561.0,1568.7646
2017-05-23 06:00:00,1713.0,1751.9896
2017-05-23 07:00:00,1838.0,1845.3495
2017-05-23 08:00:00,1916.0,1909.54
2017-05-23 09:00:00,1962.0,1979.5917
2017-05-23 10:00:00,2011.0,2014.1132
2017-05-23 11:00:00,2039.0,2040.7649
2017-05-23 12:00:00,2070.0,2066.3098
2017-05-23 13:00:00,2112.0,2090.0635
2017-05-23 14:00:00,2128.0,2126.6343
2017-05-23 15:00:00,2136.0,2124.0442
2017-05-23 16:00:00,2131.0,2138.1052
2017-05-23 17:00:00,2116.0,2117.7034
2017-05-23 18:00:00,2086.0,2083.4202
2017-05-23 19:00:00,2043.0,2054.6074
2017-05-23 20:00:00,2044.0,2045.7086
2017-05-23 21:00:00,2048.0,2062.8489
2017-05-23 22:00:00,1918.0,1932.0466
2017-05-23 23:00:00,1768.0,1753.9922
2017-05-24 00:00:00,1644.0,1641.748
2017-05-24 01:00:00,1574.0,1559.9731
2017-05-24 02:00:00,1504.0,1516.4854
2017-05-24 03:00:00,1486.0,1481.2902
2017-05-24 04:00:00,1501.0,1505.3815
2017-05-24 05:00:00,1621.0,1582.4656
2017-05-24 06:00:00,1752.0,1826.572
2017-05-24 07:00:00,1891.0,1893.7935
2017-05-24 08:00:00,1955.0,1959.0083
2017-05-24 09:00:00,2010.0,2009.9841
2017-05-24 10:00:00,2036.0,2060.9785
2017-05-24 11:00:00,2062.0,2051.1807
2017-05-24 12:00:00,2103.0,2078.6677
2017-05-24 13:00:00,2128.0,2126.2273
2017-05-24 14:00:00,2117.0,2134.9355
2017-05-24 15:00:00,2092.0,2099.6748
2017-05-24 16:00:00,2062.0,2071.9863
2017-05-24 17:00:00,2040.0,2043.91
2017-05-24 18:00:00,2004.0,2007.5753
2017-05-24 19:00:00,1990.0,1980.9606
2017-05-24 20:00:00,1972.0,2007.3527
2017-05-24 21:00:00,1940.0,1988.5659
2017-05-24 22:00:00,1828.0,1806.9088
2017-05-24 23:00:00,1711.0,1674.5686
2017-05-25 00:00:00,1609.0,1601.6543
2017-05-25 01:00:00,1518.0,1536.4202
2017-05-25 02:00:00,1475.0,1478.5032
2017-05-25 03:00:00,1470.0,1446.7437
2017-05-25 04:00:00,1479.0,1490.6411
2017-05-25 05:00:00,1589.0,1580.3053
2017-05-25 06:00:00,1736.0,1782.9232
2017-05-25 07:00:00,1861.0,1865.163
2017-05-25 08:00:00,1923.0,1929.7151
2017-05-25 09:00:00,1972.0,1960.5928
2017-05-25 10:00:00,2006.0,2019.4862
2017-05-25 11:00:00,2040.0,2027.7104
2017-05-25 12:00:00,2073.0,2057.7646
2017-05-25 13:00:00,2077.0,2088.4658
2017-05-25 14:00:00,2088.0,2069.634
2017-05-25 15:00:00,2077.0,2068.473
2017-05-25 16:00:00,2047.0,2063.2732
2017-05-25 17:00:00,2011.0,2024.644
2017-05-25 18:00:00,1970.0,1974.817
2017-05-25 19:00:00,1935.0,1947.115
2017-05-25 20:00:00,1911.0,1944.9957
2017-05-25 21:00:00,1910.0,1935.9958
2017-05-25 22:00:00,1805.0,1792.7095
2017-05-25 23:00:00,1664.0,1652.3759
2017-05-26 00:00:00,1564.0,1546.2019
2017-05-26 01:00:00,1482.0,1482.6621
2017-05-26 02:00:00,1446.0,1430.9408
2017-05-26 03:00:00,1421.0,1415.1487
2017-05-26 04:00:00,1439.0,1440.5039
2017-05-26 05:00:00,1526.0,1546.7844
2017-05-26 06:00:00,1640.0,1709.2195
2017-05-26 07:00:00,1772.0,1773.592
2017-05-26 08:00:00,1882.0,1871.4274
2017-05-26 09:00:00,1921.0,1937.515
2017-05-26 10:00:00,1975.0,1962.8632
2017-05-26 11:00:00,1994.0,1992.2827
2017-05-26 12:00:00,2010.0,2014.2705
2017-05-26 13:00:00,2041.0,2014.665
2017-05-26 14:00:00,2063.0,2037.2812
2017-05-26 15:00:00,2040.0,2046.2288
2017-05-26 16:00:00,2033.0,2025.9249
2017-05-26 17:00:00,2038.0,2001.6866
2017-05-26 18:00:00,2021.0,2017.3037
2017-05-26 19:00:00,1971.0,1981.5017
2017-05-26 20:00:00,1928.0,1957.7247
2017-05-26 21:00:00,1933.0,1935.5829
2017-05-26 22:00:00,1804.0,1816.0273
2017-05-26 23:00:00,1601.0,1647.8433
2017-05-27 00:00:00,1486.0,1497.8628
2017-05-27 01:00:00,1391.0,1396.258
2017-05-27 02:00:00,1347.0,1331.8256
2017-05-27 03:00:00,1306.0,1314.7673
2017-05-27 04:00:00,1314.0,1303.868
2017-05-27 05:00:00,1323.0,1336.5375
2017-05-27 06:00:00,1359.0,1379.3148
2017-05-27 07:00:00,1416.0,1419.8953
2017-05-27 08:00:00,1527.0,1534.2731
2017-05-27 09:00:00,1633.0,1621.3969
2017-05-27 10:00:00,1702.0,1700.512
2017-05-27 11:00:00,1762.0,1721.7493
2017-05-27 12:00:00,1808.0,1782.6382
2017-05-27 13:00:00,1854.0,1813.078
2017-05-27 14:00:00,1902.0,1868.8838
2017-05-27 15:00:00,1953.0,1923.4557
2017-05-27 16:00:00,2013.0,1984.7792
2017-05-27 17:00:00,2040.0,2024.2744
2017-05-27 18:00:00,2047.0,2021.9377
2017-05-27 19:00:00,1987.0,2014.5209
2017-05-27 20:00:00,1920.0,1970.7278
2017-05-27 21:00:00,1924.0,1928.6053
2017-05-27 22:00:00,1825.0,1818.179
2017-05-27 23:00:00,1676.0,1678.4305
2017-05-28 00:00:00,1545.0,1541.408
2017-05-28 01:00:00,1449.0,1446.9205
2017-05-28 02:00:00,1381.0,1395.1202
2017-05-28 03:00:00,1332.0,1344.9161
2017-05-28 04:00:00,1315.0,1312.9418
2017-05-28 05:00:00,1310.0,1304.219
2017-05-28 06:00:00,1304.0,1309.2744
2017-05-28 07:00:00,1364.0,1350.044
2017-05-28 08:00:00,1472.0,1485.6913
2017-05-28 09:00:00,1582.0,1579.0846
2017-05-28 10:00:00,1673.0,1667.052
2017-05-28 11:00:00,1760.0,1728.6118
2017-05-28 12:00:00,1814.0,1824.0723
2017-05-28 13:00:00,1853.0,1853.7487
2017-05-28 14:00:00,1854.0,1876.6693
2017-05-28 15:00:00,1872.0,1878.4456
2017-05-28 16:00:00,1883.0,1900.6721
2017-05-28 17:00:00,1883.0,1906.7379
2017-05-28 18:00:00,1858.0,1873.9879
2017-05-28 19:00:00,1803.0,1830.0298
2017-05-28 20:00:00,1764.0,1802.6439
2017-05-28 21:00:00,1750.0,1763.5802
2017-05-28 22:00:00,1648.0,1664.1683
2017-05-28 23:00:00,1528.0,1528.1833
2017-05-29 00:00:00,1411.0,1437.14
2017-05-29 01:00:00,1336.0,1347.0326
2017-05-29 02:00:00,1281.0,1299.4202
2017-05-29 03:00:00,1261.0,1263.433
2017-05-29 04:00:00,1237.0,1258.1084
2017-05-29 05:00:00,1261.0,1249.1553
2017-05-29 06:00:00,1249.0,1292.9866
2017-05-29 07:00:00,1309.0,1263.1235
2017-05-29 08:00:00,1418.0,1403.2821
2017-05-29 09:00:00,1544.0,1515.5372
2017-05-29 10:00:00,1652.0,1678.9469
2017-05-29 11:00:00,1741.0,1741.9971
2017-05-29 12:00:00,1802.0,1806.7106
2017-05-29 13:00:00,1814.0,1850.7181
2017-05-29 14:00:00,1830.0,1851.7318
2017-05-29 15:00:00,1855.0,1849.7908
2017-05-29 16:00:00,1869.0,1880.0212
2017-05-29 17:00:00,1881.0,1881.4487
2017-05-29 18:00:00,1872.0,1878.0587
2017-05-29 19:00:00,1865.0,1873.0488
2017-05-29 20:00:00,1843.0,1891.9286
2017-05-29 21:00:00,1857.0,1857.069
2017-05-29 22:00:00,1761.0,1757.8806
2017-05-29 23:00:00,1638.0,1629.0906
2017-05-30 00:00:00,1534.0,1539.9213
2017-05-30 01:00:00,1466.0,1462.1586
2017-05-30 02:00:00,1412.0,1416.4895
2017-05-30 03:00:00,1386.0,1390.2568
2017-05-30 04:00:00,1413.0,1411.1177
2017-05-30 05:00:00,1505.0,1510.1594
2017-05-30 06:00:00,1638.0,1703.184
2017-05-30 07:00:00,1827.0,1800.5139
2017-05-30 08:00:00,1957.0,1929.1509
2017-05-30 09:00:00,2070.0,2016.7062
2017-05-30 10:00:00,2166.0,2157.182
2017-05-30 11:00:00,2211.0,2234.5645
2017-05-30 12:00:00,2264.0,2262.2732
2017-05-30 13:00:00,2305.0,2320.8416
2017-05-30 14:00:00,2311.0,2332.907
2017-05-30 15:00:00,2316.0,2305.0654
2017-05-30 16:00:00,2294.0,2317.9714
2017-05-30 17:00:00,2283.0,2272.9287
2017-05-30 18:00:00,2240.0,2234.7583
2017-05-30 19:00:00,2169.0,2191.0256
2017-05-30 20:00:00,2106.0,2137.679
2017-05-30 21:00:00,2085.0,2096.0212
2017-05-30 22:00:00,1937.0,1948.3961
2017-05-30 23:00:00,1762.0,1769.6354
2017-05-31 00:00:00,1618.0,1634.381
2017-05-31 01:00:00,1530.0,1534.3712
2017-05-31 02:00:00,1465.0,1471.2809
2017-05-31 03:00:00,1453.0,1427.8425
2017-05-31 04:00:00,1471.0,1456.7312
2017-05-31 05:00:00,1559.0,1562.5032
2017-05-31 06:00:00,1712.0,1735.7827
2017-05-31 07:00:00,1837.0,1852.6753
2017-05-31 08:00:00,1929.0,1924.8075
2017-05-31 09:00:00,2010.0,2006.3256
2017-05-31 10:00:00,2086.0,2089.6045
2017-05-31 11:00:00,2141.0,2129.3738
2017-05-31 12:00:00,2198.0,2188.5378
2017-05-31 13:00:00,2238.0,2248.1135
2017-05-31 14:00:00,2263.0,2271.8594
2017-05-31 15:00:00,2267.0,2272.485
2017-05-31 16:00:00,2275.0,2274.066
2017-05-31 17:00:00,2272.0,2274.636
2017-05-31 18:00:00,2243.0,2231.2996
2017-05-31 19:00:00,2188.0,2202.088
2017-05-31 20:00:00,2120.0,2163.859
2017-05-31 21:00:00,2096.0,2119.9434
2017-05-31 22:00:00,1970.0,1949.5215
2017-05-31 23:00:00,1783.0,1787.5952
2017-06-01 00:00:00,1638.0,1650.1603
2017-06-01 01:00:00,1545.0,1555.9102
2017-06-01 02:00:00,1482.0,1487.7034
2017-06-01 03:00:00,1459.0,1449.9807
2017-06-01 04:00:00,1478.0,1471.3429
2017-06-01 05:00:00,1549.0,1578.081
2017-06-01 06:00:00,1668.0,1695.7212
2017-06-01 07:00:00,1812.0,1814.7733
2017-06-01 08:00:00,1920.0,1920.2648
2017-06-01 09:00:00,2002.0,2002.3716
2017-06-01 10:00:00,2074.0,2095.8372
2017-06-01 11:00:00,2118.0,2114.8035
2017-06-01 12:00:00,2157.0,2173.6365
2017-06-01 13:00:00,2191.0,2184.1775
2017-06-01 14:00:00,2230.0,2203.6118
2017-06-01 15:00:00,2266.0,2247.0308
2017-06-01 16:00:00,2289.0,2285.3486
2017-06-01 17:00:00,2316.0,2286.3298
2017-06-01 18:00:00,2295.0,2287.8362
2017-06-01 19:00:00,2248.0,2237.4854
2017-06-01 20:00:00,2168.0,2212.5984
2017-06-01 21:00:00,2136.0,2166.7542
2017-06-01 22:00:00,1993.0,2013.271
2017-06-01 23:00:00,1813.0,1811.8564
2017-06-02 00:00:00,1670.0,1666.705
2017-06-02 01:00:00,1576.0,1571.7803
2017-06-02 02:00:00,1485.0,1508.2985
2017-06-02 03:00:00,1464.0,1455.214
2017-06-02 04:00:00,1468.0,1467.2781
2017-06-02 05:00:00,1547.0,1550.7405
2017-06-02 06:00:00,1657.0,1685.838
2017-06-02 07:00:00,1809.0,1798.7281
2017-06-02 08:00:00,1918.0,1919.6727
2017-06-02 09:00:00,2014.0,2000.8645
2017-06-02 10:00:00,2058.0,2097.3733
2017-06-02 11:00:00,2156.0,2088.4934
2017-06-02 12:00:00,2194.0,2213.2512
2017-06-02 13:00:00,2272.0,2242.513
2017-06-02 14:00:00,2283.0,2309.4229
2017-06-02 15:00:00,2329.0,2270.6714
2017-06-02 16:00:00,2356.0,2352.563
2017-06-02 17:00:00,2370.0,2352.2627
2017-06-02 18:00:00,2346.0,2328.5525
2017-06-02 19:00:00,2282.0,2282.3982
2017-06-02 20:00:00,2172.0,2222.5986
2017-06-02 21:00:00,2104.0,2154.8567
2017-06-02 22:00:00,1957.0,1977.3801
2017-06-02 23:00:00,1757.0,1784.6108
2017-06-03 00:00:00,1619.0,1603.7231
2017-06-03 01:00:00,1484.0,1503.2902
2017-06-03 02:00:00,1399.0,1416.1764
2017-06-03 03:00:00,1357.0,1358.9146
2017-06-03 04:00:00,1335.0,1338.2513
2017-06-03 05:00:00,1356.0,1338.9412
2017-06-03 06:00:00,1379.0,1364.1262
2017-06-03 07:00:00,1459.0,1435.9294
2017-06-03 08:00:00,1587.0,1590.8416
2017-06-03 09:00:00,1712.0,1700.0687
2017-06-03 10:00:00,1821.0,1798.9158
2017-06-03 11:00:00,1915.0,1876.7876
2017-06-03 12:00:00,1987.0,1960.9326
2017-06-03 13:00:00,2080.0,2023.0726
2017-06-03 14:00:00,2145.0,2134.6404
2017-06-03 15:00:00,2211.0,2191.7637
2017-06-03 16:00:00,2245.0,2268.4841
2017-06-03 17:00:00,2333.0,2273.0173
2017-06-03 18:00:00,2311.0,2319.5466
2017-06-03 19:00:00,2209.0,2255.06
2017-06-03 20:00:00,2115.0,2133.9236
2017-06-03 21:00:00,2068.0,2081.261
2017-06-03 22:00:00,1965.0,1949.8008
2017-06-03 23:00:00,1781.0,1797.2482
2017-06-04 00:00:00,1623.0,1627.9618
2017-06-04 01:00:00,1509.0,1513.4473
2017-06-04 02:00:00,1438.0,1422.4281
2017-06-04 03:00:00,1389.0,1392.7101
2017-06-04 04:00:00,1350.0,1363.1383
2017-06-04 05:00:00,1360.0,1348.5105
2017-06-04 06:00:00,1340.0,1351.2439
2017-06-04 07:00:00,1411.0,1382.9534
2017-06-04 08:00:00,1539.0,1542.5311
2017-06-04 09:00:00,1703.0,1679.5356
2017-06-04 10:00:00,1833.0,1839.6448
2017-06-04 11:00:00,1943.0,1929.4521
2017-06-04 12:00:00,2073.0,2051.7131
2017-06-04 13:00:00,2168.0,2153.903
2017-06-04 14:00:00,2248.0,2267.5874
2017-06-04 15:00:00,2300.0,2330.7039
2017-06-04 16:00:00,2358.0,2363.2083
2017-06-04 17:00:00,2387.0,2389.086
2017-06-04 18:00:00,2349.0,2378.2756
2017-06-04 19:00:00,2292.0,2278.0828
2017-06-04 20:00:00,2217.0,2230.9568
2017-06-04 21:00:00,2218.0,2202.324
2017-06-04 22:00:00,2094.0,2107.645
2017-06-04 23:00:00,1968.0,1912.2524
2017-06-05 00:00:00,1823.0,1813.8724
2017-06-05 01:00:00,1750.0,1712.2955
2017-06-05 02:00:00,1675.0,1679.8507
2017-06-05 03:00:00,1643.0,1640.7078
2017-06-05 04:00:00,1652.0,1653.4779
2017-06-05 05:00:00,1751.0,1736.4808
2017-06-05 06:00:00,1890.0,1901.8807
2017-06-05 07:00:00,2040.0,2054.183
2017-06-05 08:00:00,2177.0,2170.2197
2017-06-05 09:00:00,2272.0,2274.994
2017-06-05 10:00:00,2412.0,2382.7908
2017-06-05 11:00:00,2513.0,2519.0112
2017-06-05 12:00:00,2594.0,2600.3848
2017-06-05 13:00:00,2677.0,2666.5625
2017-06-05 14:00:00,2695.0,2712.3726
2017-06-05 15:00:00,2632.0,2696.5679
2017-06-05 16:00:00,2593.0,2607.9832
2017-06-05 17:00:00,2574.0,2564.8416
2017-06-05 18:00:00,2470.0,2508.1946
2017-06-05 19:00:00,2357.0,2391.3357
2017-06-05 20:00:00,2274.0,2302.533
2017-06-05 21:00:00,2233.0,2263.3923
2017-06-05 22:00:00,2095.0,2106.3057
2017-06-05 23:00:00,1899.0,1905.012
2017-06-06 00:00:00,1740.0,1746.4727
2017-06-06 01:00:00,1619.0,1633.8196
2017-06-06 02:00:00,1550.0,1544.7456
2017-06-06 03:00:00,1497.0,1504.4141
2017-06-06 04:00:00,1513.0,1505.6168
2017-06-06 05:00:00,1587.0,1577.3809
2017-06-06 06:00:00,1695.0,1714.3999
2017-06-06 07:00:00,1853.0,1836.6344
2017-06-06 08:00:00,1943.0,1958.6985
2017-06-06 09:00:00,2020.0,2038.3646
2017-06-06 10:00:00,2091.0,2106.6313
2017-06-06 11:00:00,2116.0,2136.9844
2017-06-06 12:00:00,2165.0,2145.2559
2017-06-06 13:00:00,2201.0,2189.225
2017-06-06 14:00:00,2239.0,2210.881
2017-06-06 15:00:00,2235.0,2242.5583
2017-06-06 16:00:00,2235.0,2237.7563
2017-06-06 17:00:00,2214.0,2228.1375
2017-06-06 18:00:00,2167.0,2175.3142
2017-06-06 19:00:00,2103.0,2113.4824
2017-06-06 20:00:00,2045.0,2068.2327
2017-06-06 21:00:00,2033.0,2052.6316
2017-06-06 22:00:00,1921.0,1921.045
2017-06-06 23:00:00,1756.0,1757.6127
2017-06-07 00:00:00,1633.0,1629.2731
2017-06-07 01:00:00,1549.0,1546.8024
2017-06-07 02:00:00,1510.0,1488.5544
2017-06-07 03:00:00,1478.0,1483.8217
2017-06-07 04:00:00,1483.0,1497.3483
2017-06-07 05:00:00,1579.0,1565.9552
2017-06-07 06:00:00,1706.0,1727.0392
2017-06-07 07:00:00,1845.0,1844.6598
2017-06-07 08:00:00,1915.0,1933.8206
2017-06-07 09:00:00,1954.0,1987.9688
2017-06-07 10:00:00,1986.0,2003.7646
2017-06-07 11:00:00,2008.0,2005.6353
2017-06-07 12:00:00,2019.0,2024.2654
2017-06-07 13:00:00,2022.0,2022.2878
2017-06-07 14:00:00,2002.0,2016.8413
2017-06-07 15:00:00,1956.0,1968.9203
2017-06-07 16:00:00,1952.0,1930.9083
2017-06-07 17:00:00,1923.0,1940.4344
2017-06-07 18:00:00,1905.0,1886.1254
2017-06-07 19:00:00,1872.0,1886.8882
2017-06-07 20:00:00,1859.0,1873.0693
2017-06-07 21:00:00,1871.0,1874.1343
2017-06-07 22:00:00,1800.0,1783.4741
2017-06-07 23:00:00,1664.0,1666.2751
2017-06-08 00:00:00,1568.0,1561.2139
2017-06-08 01:00:00,1493.0,1499.5719
2017-06-08 02:00:00,1446.0,1447.0962
2017-06-08 03:00:00,1417.0,1420.836
2017-06-08 04:00:00,1450.0,1440.5632
2017-06-08 05:00:00,1533.0,1547.3672
2017-06-08 06:00:00,1655.0,1685.9067
2017-06-08 07:00:00,1786.0,1795.8269
2017-06-08 08:00:00,1874.0,1892.3806
2017-06-08 09:00:00,1943.0,1921.2443
2017-06-08 10:00:00,1996.0,1995.3995
2017-06-08 11:00:00,2021.0,2015.406
2017-06-08 12:00:00,2074.0,2042.0706
2017-06-08 13:00:00,2093.0,2091.7456
2017-06-08 14:00:00,2091.0,2105.6694
2017-06-08 15:00:00,2129.0,2077.7234
2017-06-08 16:00:00,2141.0,2151.853
2017-06-08 17:00:00,2151.0,2151.6077
2017-06-08 18:00:00,2149.0,2141.8513
2017-06-08 19:00:00,2099.0,2121.7234
2017-06-08 20:00:00,2065.0,2082.4885
2017-06-08 21:00:00,2044.0,2082.7063
2017-06-08 22:00:00,1931.0,1935.4258
2017-06-08 23:00:00,1759.0,1773.5251
2017-06-09 00:00:00,1625.0,1627.7078
2017-06-09 01:00:00,1523.0,1535.773
2017-06-09 02:00:00,1469.0,1463.6853
2017-06-09 03:00:00,1444.0,1436.675
2017-06-09 04:00:00,1451.0,1451.4545
2017-06-09 05:00:00,1518.0,1536.1298
2017-06-09 06:00:00,1642.0,1655.4073
2017-06-09 07:00:00,1781.0,1776.6793
2017-06-09 08:00:00,1879.0,1886.9305
2017-06-09 09:00:00,1976.0,1951.2778
2017-06-09 10:00:00,2051.0,2036.2065
2017-06-09 11:00:00,2106.0,2085.337
2017-06-09 12:00:00,2147.0,2140.88
2017-06-09 13:00:00,2197.0,2177.7642
2017-06-09 14:00:00,2247.0,2217.0867
2017-06-09 15:00:00,2263.0,2261.0164
2017-06-09 16:00:00,2288.0,2284.5247
2017-06-09 17:00:00,2287.0,2280.2104
2017-06-09 18:00:00,2256.0,2244.1443
2017-06-09 19:00:00,2196.0,2196.1665
2017-06-09 20:00:00,2129.0,2152.2449
2017-06-09 21:00:00,2092.0,2127.0225
2017-06-09 22:00:00,1977.0,1961.69
2017-06-09 23:00:00,1811.0,1800.0796
2017-06-10 00:00:00,1669.0,1656.1984
2017-06-10 01:00:00,1554.0,1556.9337
2017-06-10 02:00:00,1484.0,1474.7283
2017-06-10 03:00:00,1429.0,1429.3813
2017-06-10 04:00:00,1421.0,1421.3047
2017-06-10 05:00:00,1442.0,1440.4723
2017-06-10 06:00:00,1456.0,1478.5758
2017-06-10 07:00:00,1549.0,1526.3257
2017-06-10 08:00:00,1677.0,1658.6343
2017-06-10 09:00:00,1822.0,1770.8932
2017-06-10 10:00:00,1943.0,1915.6525
2017-06-10 11:00:00,2034.0,2008.8197
2017-06-10 12:00:00,2110.0,2088.9119
2017-06-10 13:00:00,2177.0,2162.9124
2017-06-10 14:00:00,2200.0,2231.2563
2017-06-10 15:00:00,2257.0,2220.947
2017-06-10 16:00:00,2299.0,2292.924
2017-06-10 17:00:00,2316.0,2308.5857
2017-06-10 18:00:00,2307.0,2282.3872
2017-06-10 19:00:00,2248.0,2255.4202
2017-06-10 20:00:00,2143.0,2196.5046
2017-06-10 21:00:00,2094.0,2121.7185
2017-06-10 22:00:00,1991.0,1968.2891
2017-06-10 23:00:00,1825.0,1831.9779
2017-06-11 00:00:00,1675.0,1672.557
2017-06-11 01:00:00,1563.0,1558.306
2017-06-11 02:00:00,1483.0,1481.09
2017-06-11 03:00:00,1438.0,1425.1256
2017-06-11 04:00:00,1405.0,1414.634
2017-06-11 05:00:00,1395.0,1412.1608
2017-06-11 06:00:00,1390.0,1396.6832
2017-06-11 07:00:00,1464.0,1422.8574
2017-06-11 08:00:00,1631.0,1593.8019
2017-06-11 09:00:00,1814.0,1773.2091
2017-06-11 10:00:00,1972.0,1952.1646
2017-06-11 11:00:00,2096.0,2085.6096
2017-06-11 12:00:00,2213.0,2212.0583
2017-06-11 13:00:00,2293.0,2306.1313
2017-06-11 14:00:00,2361.0,2363.7803
2017-06-11 15:00:00,2391.0,2424.866
2017-06-11 16:00:00,2474.0,2445.1294
2017-06-11 17:00:00,2507.0,2506.2993
2017-06-11 18:00:00,2522.0,2505.4744
2017-06-11 19:00:00,2492.0,2448.185
2017-06-11 20:00:00,2410.0,2432.184
2017-06-11 21:00:00,2366.0,2378.602
2017-06-11 22:00:00,2253.0,2261.7432
2017-06-11 23:00:00,2089.0,2076.3516
2017-06-12 00:00:00,1935.0,1924.4543
2017-06-12 01:00:00,1833.0,1816.4349
2017-06-12 02:00:00,1749.0,1746.3787
2017-06-12 03:00:00,1653.0,1702.9001
2017-06-12 04:00:00,1633.0,1644.3082
2017-06-12 05:00:00,1764.0,1711.3074
2017-06-12 06:00:00,1902.0,1899.4048
2017-06-12 07:00:00,2091.0,2071.9656
2017-06-12 08:00:00,2284.0,2225.794
2017-06-12 09:00:00,2462.0,2433.4453
2017-06-12 10:00:00,2642.0,2639.4631
2017-06-12 11:00:00,2774.0,2787.273
2017-06-12 12:00:00,2885.0,2881.4077
2017-06-12 13:00:00,2976.0,2952.6826
2017-06-12 14:00:00,3021.0,3042.876
2017-06-12 15:00:00,3048.0,3063.4587
2017-06-12 16:00:00,3086.0,3040.1658
2017-06-12 17:00:00,3107.0,3061.426
2017-06-12 18:00:00,3090.0,3040.7888
2017-06-12 19:00:00,3032.0,2987.1995
2017-06-12 20:00:00,2939.0,2935.2515
2017-06-12 21:00:00,2857.0,2883.9092
2017-06-12 22:00:00,2705.0,2703.3945
2017-06-12 23:00:00,2478.0,2480.2422
2017-06-13 00:00:00,2292.0,2274.979
2017-06-13 01:00:00,2136.0,2129.4685
2017-06-13 02:00:00,2037.0,2014.2655
2017-06-13 03:00:00,1960.0,1968.4365
2017-06-13 04:00:00,1968.0,1947.4459
2017-06-13 05:00:00,2029.0,2056.2354
2017-06-13 06:00:00,2166.0,2182.8452
2017-06-13 07:00:00,2347.0,2329.0947
2017-06-13 08:00:00,2439.0,2492.6733
2017-06-13 09:00:00,2546.0,2561.1394
2017-06-13 10:00:00,2656.0,2664.1926
2017-06-13 11:00:00,2818.0,2771.3064
2017-06-13 12:00:00,2949.0,2939.9446
2017-06-13 13:00:00,2897.0,3055.2236
2017-06-13 14:00:00,2734.0,2955.1052
2017-06-13 15:00:00,2607.0,2632.9968
2017-06-13 16:00:00,2632.0,2551.292
2017-06-13 17:00:00,2674.0,2614.2002
2017-06-13 18:00:00,2702.0,2668.3513
2017-06-13 19:00:00,2667.0,2670.197
2017-06-13 20:00:00,2600.0,2617.263
2017-06-13 21:00:00,2535.0,2553.6765
2017-06-13 22:00:00,2403.0,2396.1392
2017-06-13 23:00:00,2193.0,2196.5579
2017-06-14 00:00:00,2029.0,2017.3297
2017-06-14 01:00:00,1909.0,1896.7845
2017-06-14 02:00:00,1829.0,1820.7689
2017-06-14 03:00:00,1787.0,1781.8854
2017-06-14 04:00:00,1796.0,1787.0867
2017-06-14 05:00:00,1883.0,1887.8724
2017-06-14 06:00:00,2009.0,2048.0603
2017-06-14 07:00:00,2185.0,2144.8735
2017-06-14 08:00:00,2283.0,2296.0156
2017-06-14 09:00:00,2321.0,2386.0664
2017-06-14 10:00:00,2359.0,2387.1853
2017-06-14 11:00:00,2374.0,2396.3816
2017-06-14 12:00:00,2416.0,2392.6572
2017-06-14 13:00:00,2401.0,2428.2737
2017-06-14 14:00:00,2344.0,2376.8396
2017-06-14 15:00:00,2329.0,2299.4167
2017-06-14 16:00:00,2341.0,2315.4792
2017-06-14 17:00:00,2377.0,2337.2332
2017-06-14 18:00:00,2410.0,2359.5913
2017-06-14 19:00:00,2373.0,2373.2756
2017-06-14 20:00:00,2332.0,2317.9802
2017-06-14 21:00:00,2335.0,2288.426
2017-06-14 22:00:00,2213.0,2207.4575
2017-06-14 23:00:00,2022.0,2039.345
2017-06-15 00:00:00,1885.0,1886.4783
2017-06-15 01:00:00,1801.0,1783.1355
2017-06-15 02:00:00,1693.0,1747.4348
2017-06-15 03:00:00,1698.0,1669.2067
2017-06-15 04:00:00,1717.0,1702.9989
2017-06-15 05:00:00,1724.0,1805.3253
2017-06-15 06:00:00,1904.0,1841.1154
2017-06-15 07:00:00,2128.0,2063.8484
2017-06-15 08:00:00,2166.0,2238.3662
2017-06-15 09:00:00,2288.0,2220.7747
2017-06-15 10:00:00,2355.0,2347.356
2017-06-15 11:00:00,2387.0,2387.192
2017-06-15 12:00:00,2466.0,2429.2156
2017-06-15 13:00:00,2581.0,2510.4634
2017-06-15 14:00:00,2667.0,2636.2893
2017-06-15 15:00:00,2720.0,2731.3457
2017-06-15 16:00:00,2777.0,2768.9932
2017-06-15 17:00:00,2762.0,2788.9812
2017-06-15 18:00:00,2694.0,2732.047
2017-06-15 19:00:00,2606.0,2627.1658
2017-06-15 20:00:00,2535.0,2525.9678
2017-06-15 21:00:00,2503.0,2493.1223
2017-06-15 22:00:00,2380.0,2364.78
2017-06-15 23:00:00,2183.0,2163.5918
2017-06-16 00:00:00,2013.0,2006.9854
2017-06-16 01:00:00,1873.0,1879.1768
2017-06-16 02:00:00,1794.0,1769.0673
2017-06-16 03:00:00,1729.0,1730.6438
2017-06-16 04:00:00,1734.0,1732.7125
2017-06-16 05:00:00,1808.0,1801.2275
2017-06-16 06:00:00,1918.0,1939.7625
2017-06-16 07:00:00,2113.0,2078.6863
2017-06-16 08:00:00,2266.0,2249.197
2017-06-16 09:00:00,2426.0,2399.9194
2017-06-16 10:00:00,2594.0,2558.3423
2017-06-16 11:00:00,2703.0,2719.956
2017-06-16 12:00:00,2829.0,2823.753
2017-06-16 13:00:00,2922.0,2908.523
2017-06-16 14:00:00,2964.0,2962.9463
2017-06-16 15:00:00,3001.0,2955.838
2017-06-16 16:00:00,3014.0,2986.431
2017-06-16 17:00:00,2997.0,2955.4675
2017-06-16 18:00:00,2926.0,2920.0955
2017-06-16 19:00:00,2828.0,2805.8083
2017-06-16 20:00:00,2674.0,2723.9846
2017-06-16 21:00:00,2592.0,2611.4312
2017-06-16 22:00:00,2428.0,2438.7373
2017-06-16 23:00:00,2189.0,2196.331
2017-06-17 00:00:00,1979.0,1985.5422
2017-06-17 01:00:00,1828.0,1828.1835
2017-06-17 02:00:00,1730.0,1719.7081
2017-06-17 03:00:00,1657.0,1656.7181
2017-06-17 04:00:00,1612.0,1622.9193
2017-06-17 05:00:00,1628.0,1624.5405
2017-06-17 06:00:00,1639.0,1635.5471
2017-06-17 07:00:00,1782.0,1720.3623
2017-06-17 08:00:00,1971.0,1941.5206
2017-06-17 09:00:00,2166.0,2140.7085
2017-06-17 10:00:00,2331.0,2327.8174
2017-06-17 11:00:00,2438.0,2468.2366
2017-06-17 12:00:00,2530.0,2538.8118
2017-06-17 13:00:00,2592.0,2602.6562
2017-06-17 14:00:00,2657.0,2630.0186
2017-06-17 15:00:00,2670.0,2685.7888
2017-06-17 16:00:00,2690.0,2675.3425
2017-06-17 17:00:00,2721.0,2635.2385
2017-06-17 18:00:00,2687.0,2674.5264
2017-06-17 19:00:00,2615.0,2588.4868
2017-06-17 20:00:00,2495.0,2522.7947
2017-06-17 21:00:00,2445.0,2447.6758
2017-06-17 22:00:00,2317.0,2312.8926
2017-06-17 23:00:00,2158.0,2113.2288
2017-06-18 00:00:00,1986.0,1975.0436
2017-06-18 01:00:00,1854.0,1848.4766
2017-06-18 02:00:00,1767.0,1749.1014
2017-06-18 03:00:00,1703.0,1696.5242
2017-06-18 04:00:00,1660.0,1666.2738
2017-06-18 05:00:00,1647.0,1663.2285
2017-06-18 06:00:00,1621.0,1642.5126
2017-06-18 07:00:00,1670.0,1670.6792
2017-06-18 08:00:00,1791.0,1807.131
2017-06-18 09:00:00,1903.0,1967.0096
2017-06-18 10:00:00,2025.0,2036.791
2017-06-18 11:00:00,2124.0,2155.2927
2017-06-18 12:00:00,2240.0,2225.7742
2017-06-18 13:00:00,2307.0,2309.0164
2017-06-18 14:00:00,2333.0,2365.9314
2017-06-18 15:00:00,2317.0,2363.3801
2017-06-18 16:00:00,2326.0,2330.015
2017-06-18 17:00:00,2359.0,2310.832
2017-06-18 18:00:00,2337.0,2347.9065
2017-06-18 19:00:00,2258.0,2283.936
2017-06-18 20:00:00,2197.0,2209.9321
2017-06-18 21:00:00,2137.0,2181.87
2017-06-18 22:00:00,2052.0,2034.2853
2017-06-18 23:00:00,1932.0,1888.2748
2017-06-19 00:00:00,1808.0,1798.3456
2017-06-19 01:00:00,1722.0,1711.2919
2017-06-19 02:00:00,1680.0,1662.1357
2017-06-19 03:00:00,1645.0,1649.1047
2017-06-19 04:00:00,1661.0,1660.2158
2017-06-19 05:00:00,1737.0,1759.6437
2017-06-19 06:00:00,1864.0,1881.5247
2017-06-19 07:00:00,2036.0,2030.3221
2017-06-19 08:00:00,2185.0,2178.8633
2017-06-19 09:00:00,2297.0,2294.9941
2017-06-19 10:00:00,2422.0,2404.4912
2017-06-19 11:00:00,2482.0,2512.3003
2017-06-19 12:00:00,2574.0,2544.5396
2017-06-19 13:00:00,2625.0,2625.4548
2017-06-19 14:00:00,2579.0,2668.9668
2017-06-19 15:00:00,2390.0,2571.989
2017-06-19 16:00:00,2411.0,2374.7295
2017-06-19 17:00:00,2325.0,2384.5112
2017-06-19 18:00:00,2380.0,2263.9695
2017-06-19 19:00:00,2316.0,2339.469
2017-06-19 20:00:00,2226.0,2278.3835
2017-06-19 21:00:00,2159.0,2205.558
2017-06-19 22:00:00,2060.0,2017.3707
2017-06-19 23:00:00,1882.0,1871.5577
2017-06-20 00:00:00,1738.0,1734.6798
2017-06-20 01:00:00,1675.0,1630.1711
2017-06-20 02:00:00,1575.0,1606.5181
2017-06-20 03:00:00,1562.0,1537.9519
2017-06-20 04:00:00,1560.0,1564.1111
2017-06-20 05:00:00,1642.0,1650.6526
2017-06-20 06:00:00,1745.0,1786.1083
2017-06-20 07:00:00,1827.0,1886.5831
2017-06-20 08:00:00,2015.0,1939.2401
2017-06-20 09:00:00,2116.0,2123.838
2017-06-20 10:00:00,2208.0,2196.919
2017-06-20 11:00:00,2290.0,2270.0554
2017-06-20 12:00:00,2365.0,2356.0225
2017-06-20 13:00:00,2437.0,2433.6199
2017-06-20 14:00:00,2490.0,2489.1697
2017-06-20 15:00:00,2509.0,2516.6587
2017-06-20 16:00:00,2551.0,2526.6472
2017-06-20 17:00:00,2580.0,2553.3552
2017-06-20 18:00:00,2555.0,2586.7278
2017-06-20 19:00:00,2512.0,2490.2976
2017-06-20 20:00:00,2406.0,2438.0825
2017-06-20 21:00:00,2349.0,2367.3438
2017-06-20 22:00:00,2195.0,2204.0012
2017-06-20 23:00:00,2014.0,1994.9863
2017-06-21 00:00:00,1854.0,1848.2677
2017-06-21 01:00:00,1746.0,1729.7175
2017-06-21 02:00:00,1666.0,1667.6058
2017-06-21 03:00:00,1630.0,1619.1473
2017-06-21 04:00:00,1637.0,1631.3041
2017-06-21 05:00:00,1711.0,1716.5533
2017-06-21 06:00:00,1843.0,1856.6378
2017-06-21 07:00:00,1989.0,1994.052
2017-06-21 08:00:00,2125.0,2111.2927
2017-06-21 09:00:00,2251.0,2264.901
2017-06-21 10:00:00,2387.0,2386.585
2017-06-21 11:00:00,2489.0,2481.1135
2017-06-21 12:00:00,2621.0,2590.0183
2017-06-21 13:00:00,2729.0,2719.0867
2017-06-21 14:00:00,2787.0,2814.53
2017-06-21 15:00:00,2837.0,2827.069
2017-06-21 16:00:00,2871.0,2865.4773
2017-06-21 17:00:00,2937.0,2873.4702
2017-06-21 18:00:00,2921.0,2900.962
2017-06-21 19:00:00,2867.0,2832.3958
2017-06-21 20:00:00,2749.0,2790.9229
2017-06-21 21:00:00,2711.0,2693.107
2017-06-21 22:00:00,2545.0,2563.9116
2017-06-21 23:00:00,2316.0,2304.6611
2017-06-22 00:00:00,2145.0,2113.6738
2017-06-22 01:00:00,2009.0,2001.9237
2017-06-22 02:00:00,1921.0,1901.3539
2017-06-22 03:00:00,1875.0,1863.642
2017-06-22 04:00:00,1876.0,1873.004
2017-06-22 05:00:00,1957.0,1947.396
2017-06-22 06:00:00,2082.0,2111.098
2017-06-22 07:00:00,2254.0,2251.1943
2017-06-22 08:00:00,2398.0,2403.5422
2017-06-22 09:00:00,2516.0,2550.056
2017-06-22 10:00:00,2691.0,2674.2124
2017-06-22 11:00:00,2804.0,2828.6306
2017-06-22 12:00:00,2898.0,2946.5293
2017-06-22 13:00:00,2945.0,3001.6243
2017-06-22 14:00:00,2924.0,2992.0444
2017-06-22 15:00:00,2933.0,2882.0725
2017-06-22 16:00:00,2919.0,2933.0095
2017-06-22 17:00:00,2872.0,2892.087
2017-06-22 18:00:00,2773.0,2818.3428
2017-06-22 19:00:00,2674.0,2681.0413
2017-06-22 20:00:00,2587.0,2598.2942
2017-06-22 21:00:00,2532.0,2538.5696
2017-06-22 22:00:00,2398.0,2375.7676
2017-06-22 23:00:00,2215.0,2168.8813
2017-06-23 00:00:00,2049.0,2029.8163
2017-06-23 01:00:00,1918.0,1908.0265
2017-06-23 02:00:00,1854.0,1820.4768
2017-06-23 03:00:00,1808.0,1797.8541
2017-06-23 04:00:00,1831.0,1810.0083
2017-06-23 05:00:00,1931.0,1913.3369
2017-06-23 06:00:00,2088.0,2110.0955
2017-06-23 07:00:00,2240.0,2238.6562
2017-06-23 08:00:00,2332.0,2362.4075
2017-06-23 09:00:00,2410.0,2432.3262
2017-06-23 10:00:00,2442.0,2506.9866
2017-06-23 11:00:00,2441.0,2470.0496
2017-06-23 12:00:00,2429.0,2440.456
2017-06-23 13:00:00,2390.0,2409.1895
2017-06-23 14:00:00,2319.0,2354.9758
2017-06-23 15:00:00,2246.0,2253.1921
2017-06-23 16:00:00,2198.0,2188.6685
2017-06-23 17:00:00,2166.0,2144.549
2017-06-23 18:00:00,2132.0,2121.594
2017-06-23 19:00:00,2081.0,2098.0378
2017-06-23 20:00:00,2051.0,2059.2156
2017-06-23 21:00:00,2037.0,2063.3003
2017-06-23 22:00:00,1956.0,1940.3546
2017-06-23 23:00:00,1794.0,1801.5615
2017-06-24 00:00:00,1643.0,1643.8096
2017-06-24 01:00:00,1537.0,1540.3768
2017-06-24 02:00:00,1473.0,1464.0839
2017-06-24 03:00:00,1434.0,1426.1924
2017-06-24 04:00:00,1416.0,1420.4629
2017-06-24 05:00:00,1426.0,1445.0068
2017-06-24 06:00:00,1459.0,1458.9738
2017-06-24 07:00:00,1535.0,1530.0054
2017-06-24 08:00:00,1672.0,1658.1476
2017-06-24 09:00:00,1786.0,1771.9193
2017-06-24 10:00:00,1866.0,1875.1676
2017-06-24 11:00:00,1933.0,1913.7687
2017-06-24 12:00:00,1964.0,1955.226
2017-06-24 13:00:00,2001.0,1982.4396
2017-06-24 14:00:00,2018.0,2025.4988
2017-06-24 15:00:00,2049.0,2024.1321
2017-06-24 16:00:00,2068.0,2073.0508
2017-06-24 17:00:00,2076.0,2065.5444
2017-06-24 18:00:00,2066.0,2054.341
2017-06-24 19:00:00,2008.0,2017.4443
2017-06-24 20:00:00,1915.0,1965.7028
2017-06-24 21:00:00,1854.0,1900.8447
2017-06-24 22:00:00,1762.0,1779.986
2017-06-24 23:00:00,1627.0,1633.1401
2017-06-25 00:00:00,1491.0,1505.5901
2017-06-25 01:00:00,1395.0,1400.0925
2017-06-25 02:00:00,1338.0,1337.3893
2017-06-25 03:00:00,1296.0,1293.3162
2017-06-25 04:00:00,1269.0,1289.5452
2017-06-25 05:00:00,1275.0,1292.8752
2017-06-25 06:00:00,1267.0,1282.285
2017-06-25 07:00:00,1335.0,1315.3641
2017-06-25 08:00:00,1434.0,1465.6973
2017-06-25 09:00:00,1542.0,1549.2013
2017-06-25 10:00:00,1615.0,1633.291
2017-06-25 11:00:00,1674.0,1702.6516
2017-06-25 12:00:00,1704.0,1725.8986
2017-06-25 13:00:00,1739.0,1734.4008
2017-06-25 14:00:00,1760.0,1758.4679
2017-06-25 15:00:00,1787.0,1787.6647
2017-06-25 16:00:00,1831.0,1832.9651
2017-06-25 17:00:00,1866.0,1863.2521
2017-06-25 18:00:00,1876.0,1860.3905
2017-06-25 19:00:00,1848.0,1847.7228
2017-06-25 20:00:00,1810.0,1837.9313
2017-06-25 21:00:00,1799.0,1819.5247
2017-06-25 22:00:00,1766.0,1721.8073
2017-06-25 23:00:00,1648.0,1658.0867
2017-06-26 00:00:00,1557.0,1558.596
2017-06-26 01:00:00,1483.0,1490.2485
2017-06-26 02:00:00,1458.0,1429.3372
2017-06-26 03:00:00,1437.0,1436.194
2017-06-26 04:00:00,1451.0,1464.3181
2017-06-26 05:00:00,1539.0,1557.0475
2017-06-26 06:00:00,1663.0,1663.5215
2017-06-26 07:00:00,1801.0,1801.917
2017-06-26 08:00:00,1917.0,1909.0104
2017-06-26 09:00:00,2026.0,2007.8792
2017-06-26 10:00:00,2077.0,2113.4622
2017-06-26 11:00:00,2096.0,2112.117
2017-06-26 12:00:00,2133.0,2125.9788
2017-06-26 13:00:00,2163.0,2152.7837
2017-06-26 14:00:00,2174.0,2179.236
2017-06-26 15:00:00,2157.0,2158.9402
2017-06-26 16:00:00,2148.0,2154.6768
2017-06-26 17:00:00,2113.0,2146.5725
2017-06-26 18:00:00,2060.0,2082.9277
2017-06-26 19:00:00,2015.0,2034.0795
2017-06-26 20:00:00,1983.0,2001.1569
2017-06-26 21:00:00,1964.0,2002.6665
2017-06-26 22:00:00,1855.0,1848.6738
2017-06-26 23:00:00,1727.0,1708.8672
2017-06-27 00:00:00,1602.0,1606.442
2017-06-27 01:00:00,1532.0,1518.251
2017-06-27 02:00:00,1479.0,1477.5858
2017-06-27 03:00:00,1445.0,1455.6571
2017-06-27 04:00:00,1479.0,1461.5088
2017-06-27 05:00:00,1554.0,1571.0709
2017-06-27 06:00:00,1659.0,1697.3422
2017-06-27 07:00:00,1808.0,1792.3744
2017-06-27 08:00:00,1893.0,1915.107
2017-06-27 09:00:00,1953.0,1957.6157
2017-06-27 10:00:00,2013.0,2012.932
2017-06-27 11:00:00,2042.0,2041.0817
2017-06-27 12:00:00,2070.0,2069.6577
2017-06-27 13:00:00,2115.0,2091.322
2017-06-27 14:00:00,2131.0,2136.5234
2017-06-27 15:00:00,2130.0,2121.8176
2017-06-27 16:00:00,2138.0,2125.0352
2017-06-27 17:00:00,2156.0,2126.4578
2017-06-27 18:00:00,2138.0,2144.8313
2017-06-27 19:00:00,2101.0,2104.5505
2017-06-27 20:00:00,2053.0,2080.1074
2017-06-27 21:00:00,2016.0,2067.2605
2017-06-27 22:00:00,1919.0,1908.7676
2017-06-27 23:00:00,1742.0,1758.7913
2017-06-28 00:00:00,1615.0,1624.739
2017-06-28 01:00:00,1530.0,1527.6346
2017-06-28 02:00:00,1485.0,1473.2278
2017-06-28 03:00:00,1463.0,1458.8357
2017-06-28 04:00:00,1473.0,1483.1827
2017-06-28 05:00:00,1560.0,1557.9846
2017-06-28 06:00:00,1675.0,1699.2993
2017-06-28 07:00:00,1813.0,1819.0436
2017-06-28 08:00:00,1920.0,1920.8955
2017-06-28 09:00:00,1986.0,1992.8263
2017-06-28 10:00:00,2062.0,2050.0908
2017-06-28 11:00:00,2129.0,2097.7205
2017-06-28 12:00:00,2182.0,2174.9983
2017-06-28 13:00:00,2223.0,2221.9417
2017-06-28 14:00:00,2265.0,2236.5156
2017-06-28 15:00:00,2293.0,2280.6616
2017-06-28 16:00:00,2331.0,2304.949
2017-06-28 17:00:00,2355.0,2329.9475
2017-06-28 18:00:00,2342.0,2323.9714
2017-06-28 19:00:00,2289.0,2291.3164
2017-06-28 20:00:00,2208.0,2252.9875
2017-06-28 21:00:00,2184.0,2194.771
2017-06-28 22:00:00,2076.0,2051.2004
2017-06-28 23:00:00,1894.0,1888.2971
2017-06-29 00:00:00,1745.0,1750.4503
2017-06-29 01:00:00,1652.0,1643.3069
2017-06-29 02:00:00,1576.0,1573.375
2017-06-29 03:00:00,1550.0,1528.5598
2017-06-29 04:00:00,1577.0,1558.3582
2017-06-29 05:00:00,1652.0,1665.8899
2017-06-29 06:00:00,1787.0,1789.9711
2017-06-29 07:00:00,1939.0,1929.7708
2017-06-29 08:00:00,2056.0,2032.1807
2017-06-29 09:00:00,2192.0,2155.3564
2017-06-29 10:00:00,2339.0,2277.849
2017-06-29 11:00:00,2466.0,2414.6812
2017-06-29 12:00:00,2594.0,2564.45
2017-06-29 13:00:00,2676.0,2695.1838
2017-06-29 14:00:00,2748.0,2741.295
2017-06-29 15:00:00,2802.0,2773.4722
2017-06-29 16:00:00,2848.0,2833.0024
2017-06-29 17:00:00,2854.0,2841.7656
2017-06-29 18:00:00,2855.0,2784.8787
2017-06-29 19:00:00,2777.0,2767.3303
2017-06-29 20:00:00,2685.0,2689.6646
2017-06-29 21:00:00,2616.0,2640.821
2017-06-29 22:00:00,2471.0,2463.7039
2017-06-29 23:00:00,2265.0,2244.3584
2017-06-30 00:00:00,2094.0,2069.1338
2017-06-30 01:00:00,1986.0,1955.8828
2017-06-30 02:00:00,1907.0,1888.4017
2017-06-30 03:00:00,1867.0,1841.6656
2017-06-30 04:00:00,1844.0,1864.6003
2017-06-30 05:00:00,1919.0,1906.897
2017-06-30 06:00:00,2030.0,2042.5074
2017-06-30 07:00:00,2145.0,2190.0742
2017-06-30 08:00:00,2255.0,2268.9329
2017-06-30 09:00:00,2346.0,2377.3567
2017-06-30 10:00:00,2443.0,2477.5933
2017-06-30 11:00:00,2482.0,2534.8323
2017-06-30 12:00:00,2532.0,2556.9626
2017-06-30 13:00:00,2570.0,2575.4688
2017-06-30 14:00:00,2637.0,2572.492
2017-06-30 15:00:00,2684.0,2648.1377
2017-06-30 16:00:00,2681.0,2690.0508
2017-06-30 17:00:00,2647.0,2627.3657
2017-06-30 18:00:00,2592.0,2552.15
2017-06-30 19:00:00,2494.0,2468.841
2017-06-30 20:00:00,2393.0,2392.8005
2017-06-30 21:00:00,2337.0,2343.9824
2017-06-30 22:00:00,2154.0,2211.802
2017-06-30 23:00:00,1939.0,1955.789
2017-07-01 00:00:00,1775.0,1767.1013
2017-07-01 01:00:00,1657.0,1638.0232
2017-07-01 02:00:00,1587.0,1570.3138
2017-07-01 03:00:00,1529.0,1544.3496
2017-07-01 04:00:00,1508.0,1509.8579
2017-07-01 05:00:00,1524.0,1525.8707
2017-07-01 06:00:00,1550.0,1556.8279
2017-07-01 07:00:00,1612.0,1631.3177
2017-07-01 08:00:00,1736.0,1736.6984
2017-07-01 09:00:00,1862.0,1842.8475
2017-07-01 10:00:00,1978.0,1959.1556
2017-07-01 11:00:00,2065.0,2043.3333
2017-07-01 12:00:00,2126.0,2120.9873
2017-07-01 13:00:00,2165.0,2160.821
2017-07-01 14:00:00,2240.0,2194.263
2017-07-01 15:00:00,2288.0,2283.3987
2017-07-01 16:00:00,2317.0,2342.6484
2017-07-01 17:00:00,2306.0,2325.4077
2017-07-01 18:00:00,2258.0,2253.5083
2017-07-01 19:00:00,2205.0,2192.8428
2017-07-01 20:00:00,2101.0,2137.5154
2017-07-01 21:00:00,2047.0,2075.9253
2017-07-01 22:00:00,1930.0,1931.1904
2017-07-01 23:00:00,1816.0,1786.6543
2017-07-02 00:00:00,1655.0,1673.05
2017-07-02 01:00:00,1555.0,1547.5275
2017-07-02 02:00:00,1475.0,1470.878
2017-07-02 03:00:00,1417.0,1420.3959
2017-07-02 04:00:00,1400.0,1402.1057
2017-07-02 05:00:00,1378.0,1393.5222
2017-07-02 06:00:00,1383.0,1366.63
2017-07-02 07:00:00,1449.0,1439.071
2017-07-02 08:00:00,1615.0,1592.6437
2017-07-02 09:00:00,1773.0,1764.9889
2017-07-02 10:00:00,1918.0,1911.6775
2017-07-02 11:00:00,2038.0,2042.9912
2017-07-02 12:00:00,2126.0,2187.3997
2017-07-02 13:00:00,2187.0,2219.4844
2017-07-02 14:00:00,2246.0,2252.3547
2017-07-02 15:00:00,2295.0,2299.9805
2017-07-02 16:00:00,2358.0,2344.9214
2017-07-02 17:00:00,2400.0,2392.5977
2017-07-02 18:00:00,2392.0,2391.1226
2017-07-02 19:00:00,2350.0,2332.8516
2017-07-02 20:00:00,2225.0,2277.052
2017-07-02 21:00:00,2134.0,2206.1824
2017-07-02 22:00:00,2020.0,2006.6447
2017-07-02 23:00:00,1835.0,1854.829
2017-07-03 00:00:00,1667.0,1695.6395
2017-07-03 01:00:00,1556.0,1564.0931
2017-07-03 02:00:00,1479.0,1489.8337
2017-07-03 03:00:00,1434.0,1436.3796
2017-07-03 04:00:00,1428.0,1423.6377
2017-07-03 05:00:00,1451.0,1476.221
2017-07-03 06:00:00,1524.0,1519.613
2017-07-03 07:00:00,1649.0,1615.0222
2017-07-03 08:00:00,1807.0,1794.1859
2017-07-03 09:00:00,1974.0,1935.7991
2017-07-03 10:00:00,2146.0,2111.2876
2017-07-03 11:00:00,2284.0,2272.0476
2017-07-03 12:00:00,2420.0,2405.207
2017-07-03 13:00:00,2520.0,2525.5962
2017-07-03 14:00:00,2576.0,2598.6484
2017-07-03 15:00:00,2631.0,2631.9614
2017-07-03 16:00:00,2645.0,2666.235
2017-07-03 17:00:00,2638.0,2653.3735
2017-07-03 18:00:00,2562.0,2601.0183
2017-07-03 19:00:00,2452.0,2476.1797
2017-07-03 20:00:00,2323.0,2378.6343
2017-07-03 21:00:00,2244.0,2300.9568
2017-07-03 22:00:00,2099.0,2111.396
2017-07-03 23:00:00,1949.0,1909.8197
2017-07-04 00:00:00,1790.0,1798.0216
2017-07-04 01:00:00,1652.0,1675.5574
2017-07-04 02:00:00,1559.0,1570.5874
2017-07-04 03:00:00,1496.0,1498.1864
2017-07-04 04:00:00,1464.0,1491.5364
2017-07-04 05:00:00,1459.0,1510.1208
2017-07-04 06:00:00,1438.0,1519.9564
2017-07-04 07:00:00,1508.0,1538.5088
2017-07-04 08:00:00,1662.0,1632.6875
2017-07-04 09:00:00,1854.0,1808.5547
2017-07-04 10:00:00,2040.0,1967.184
2017-07-04 11:00:00,2211.0,2144.7202
2017-07-04 12:00:00,2331.0,2312.5842
2017-07-04 13:00:00,2407.0,2421.7915
2017-07-04 14:00:00,2440.0,2475.3994
2017-07-04 15:00:00,2446.0,2447.8435
2017-07-04 16:00:00,2427.0,2449.426
2017-07-04 17:00:00,2374.0,2403.973
2017-07-04 18:00:00,2313.0,2303.5112
2017-07-04 19:00:00,2250.0,2236.439
2017-07-04 20:00:00,2134.0,2195.3313
2017-07-04 21:00:00,2070.0,2107.0198
2017-07-04 22:00:00,1949.0,1943.3921
2017-07-04 23:00:00,1850.0,1776.3765
2017-07-05 00:00:00,1684.0,1710.2642
2017-07-05 01:00:00,1569.0,1590.8842
2017-07-05 02:00:00,1494.0,1502.6929
2017-07-05 03:00:00,1440.0,1460.3262
2017-07-05 04:00:00,1442.0,1438.5415
2017-07-05 05:00:00,1499.0,1507.2836
2017-07-05 06:00:00,1611.0,1610.227
2017-07-05 07:00:00,1776.0,1757.7728
2017-07-05 08:00:00,1891.0,1902.5104
2017-07-05 09:00:00,2017.0,2016.1964
2017-07-05 10:00:00,2156.0,2141.185
2017-07-05 11:00:00,2272.0,2244.708
2017-07-05 12:00:00,2406.0,2370.2732
2017-07-05 13:00:00,2536.0,2506.8867
2017-07-05 14:00:00,2616.0,2618.069
2017-07-05 15:00:00,2677.0,2670.2363
2017-07-05 16:00:00,2697.0,2714.7507
2017-07-05 17:00:00,2696.0,2693.1553
2017-07-05 18:00:00,2654.0,2643.653
2017-07-05 19:00:00,2574.0,2575.6912
2017-07-05 20:00:00,2483.0,2500.6511
2017-07-05 21:00:00,2426.0,2444.9756
2017-07-05 22:00:00,2280.0,2284.6755
2017-07-05 23:00:00,2075.0,2085.283
2017-07-06 00:00:00,1907.0,1905.0297
2017-07-06 01:00:00,1792.0,1783.1045
2017-07-06 02:00:00,1716.0,1699.9735
2017-07-06 03:00:00,1666.0,1666.1882
2017-07-06 04:00:00,1661.0,1659.1477
2017-07-06 05:00:00,1721.0,1740.4674
2017-07-06 06:00:00,1842.0,1848.5537
2017-07-06 07:00:00,1984.0,2000.7142
2017-07-06 08:00:00,2077.0,2109.1316
2017-07-06 09:00:00,2146.0,2198.2847
2017-07-06 10:00:00,2187.0,2263.1753
2017-07-06 11:00:00,2213.0,2255.588
2017-07-06 12:00:00,2206.0,2268.167
2017-07-06 13:00:00,2245.0,2225.1704
2017-07-06 14:00:00,2276.0,2262.0232
2017-07-06 15:00:00,2315.0,2278.154
2017-07-06 16:00:00,2319.0,2335.8137
2017-07-06 17:00:00,2295.0,2308.2527
2017-07-06 18:00:00,2293.0,2236.9458
2017-07-06 19:00:00,2246.0,2235.6526
2017-07-06 20:00:00,2197.0,2191.0366
2017-07-06 21:00:00,2171.0,2166.0232
2017-07-06 22:00:00,2055.0,2044.5114
2017-07-06 23:00:00,1886.0,1883.0762
2017-07-07 00:00:00,1722.0,1749.6107
2017-07-07 01:00:00,1625.0,1618.3794
2017-07-07 02:00:00,1569.0,1556.3389
2017-07-07 03:00:00,1524.0,1526.3119
2017-07-07 04:00:00,1535.0,1532.4773
2017-07-07 05:00:00,1609.0,1616.1444
2017-07-07 06:00:00,1732.0,1746.5238
2017-07-07 07:00:00,1887.0,1850.0771
2017-07-07 08:00:00,2055.0,1981.3313
2017-07-07 09:00:00,2222.0,2147.3403
2017-07-07 10:00:00,2405.0,2299.7092
2017-07-07 11:00:00,2552.0,2497.6875
2017-07-07 12:00:00,2640.0,2673.697
2017-07-07 13:00:00,2575.0,2738.3474
2017-07-07 14:00:00,2422.0,2590.5474
2017-07-07 15:00:00,2422.0,2375.7715
2017-07-07 16:00:00,2370.0,2395.0042
2017-07-07 17:00:00,2249.0,2330.9172
2017-07-07 18:00:00,2100.0,2168.062
2017-07-07 19:00:00,1976.0,2002.3901
2017-07-07 20:00:00,1903.0,1917.0823
2017-07-07 21:00:00,1879.0,1892.425
2017-07-07 22:00:00,1816.0,1765.8877
2017-07-07 23:00:00,1681.0,1674.274
2017-07-08 00:00:00,1552.0,1543.0294
2017-07-08 01:00:00,1482.0,1448.1199
2017-07-08 02:00:00,1424.0,1416.8099
2017-07-08 03:00:00,1394.0,1390.3983
2017-07-08 04:00:00,1400.0,1391.1655
2017-07-08 05:00:00,1413.0,1415.5271
2017-07-08 06:00:00,1443.0,1438.6268
2017-07-08 07:00:00,1517.0,1513.2004
2017-07-08 08:00:00,1617.0,1650.0905
2017-07-08 09:00:00,1757.0,1726.0923
2017-07-08 10:00:00,1889.0,1829.7393
2017-07-08 11:00:00,1973.0,1963.2582
2017-07-08 12:00:00,2056.0,2025.9387
2017-07-08 13:00:00,2102.0,2094.443
2017-07-08 14:00:00,2126.0,2141.5654
2017-07-08 15:00:00,2171.0,2140.661
2017-07-08 16:00:00,2201.0,2215.3047
2017-07-08 17:00:00,2214.0,2206.69
2017-07-08 18:00:00,2199.0,2178.3054
2017-07-08 19:00:00,2119.0,2146.7004
2017-07-08 20:00:00,2027.0,2077.6233
2017-07-08 21:00:00,1941.0,2025.6005
2017-07-08 22:00:00,1844.0,1834.7415
2017-07-08 23:00:00,1710.0,1708.0977
2017-07-09 00:00:00,1547.0,1575.4417
2017-07-09 01:00:00,1445.0,1449.1274
2017-07-09 02:00:00,1362.0,1383.1376
2017-07-09 03:00:00,1309.0,1310.1765
2017-07-09 04:00:00,1297.0,1291.2068
2017-07-09 05:00:00,1280.0,1306.3245
2017-07-09 06:00:00,1273.0,1286.3883
2017-07-09 07:00:00,1333.0,1318.6732
2017-07-09 08:00:00,1455.0,1467.0865
2017-07-09 09:00:00,1568.0,1586.793
2017-07-09 10:00:00,1682.0,1698.079
2017-07-09 11:00:00,1769.0,1781.9569
2017-07-09 12:00:00,1845.0,1844.8049
2017-07-09 13:00:00,1911.0,1915.5817
2017-07-09 14:00:00,1986.0,1951.695
2017-07-09 15:00:00,2061.0,2052.15
2017-07-09 16:00:00,2153.0,2123.4531
2017-07-09 17:00:00,2220.0,2204.865
2017-07-09 18:00:00,2239.0,2235.2988
2017-07-09 19:00:00,2205.0,2212.6172
2017-07-09 20:00:00,2109.0,2158.3862
2017-07-09 21:00:00,2090.0,2067.8572
2017-07-09 22:00:00,1991.0,1978.1945
2017-07-09 23:00:00,1830.0,1843.022
2017-07-10 00:00:00,1688.0,1700.4462
2017-07-10 01:00:00,1586.0,1594.5437
2017-07-10 02:00:00,1537.0,1529.5499
2017-07-10 03:00:00,1535.0,1493.9233
2017-07-10 04:00:00,1554.0,1547.3314
2017-07-10 05:00:00,1647.0,1658.6632
2017-07-10 06:00:00,1790.0,1809.7855
2017-07-10 07:00:00,1922.0,1942.4939
2017-07-10 08:00:00,2054.0,2026.76
2017-07-10 09:00:00,2179.0,2185.4104
2017-07-10 10:00:00,2341.0,2284.7002
2017-07-10 11:00:00,2426.0,2438.886
2017-07-10 12:00:00,2510.0,2505.0447
2017-07-10 13:00:00,2644.0,2582.349
2017-07-10 14:00:00,2708.0,2720.4404
2017-07-10 15:00:00,2787.0,2738.9993
2017-07-10 16:00:00,2826.0,2820.005
2017-07-10 17:00:00,2854.0,2817.0002
2017-07-10 18:00:00,2833.0,2797.4526
2017-07-10 19:00:00,2746.0,2762.9358
2017-07-10 20:00:00,2637.0,2658.2698
2017-07-10 21:00:00,2592.0,2595.525
2017-07-10 22:00:00,2429.0,2456.0488
2017-07-10 23:00:00,2235.0,2227.396
2017-07-11 00:00:00,2083.0,2054.5588
2017-07-11 01:00:00,1987.0,1952.0593
2017-07-11 02:00:00,1910.0,1899.2412
2017-07-11 03:00:00,1829.0,1852.1648
2017-07-11 04:00:00,1808.0,1817.0686
2017-07-11 05:00:00,1870.0,1868.8506
2017-07-11 06:00:00,1987.0,1988.1509
2017-07-11 07:00:00,2154.0,2140.7822
2017-07-11 08:00:00,2330.0,2289.8442
2017-07-11 09:00:00,2451.0,2481.9475
2017-07-11 10:00:00,2541.0,2607.793
2017-07-11 11:00:00,2538.0,2618.2249
2017-07-11 12:00:00,2617.0,2549.3699
2017-07-11 13:00:00,2671.0,2643.8967
2017-07-11 14:00:00,2567.0,2701.0718
2017-07-11 15:00:00,2345.0,2535.1519
2017-07-11 16:00:00,2297.0,2287.8308
2017-07-11 17:00:00,2324.0,2238.8604
2017-07-11 18:00:00,2374.0,2322.0623
2017-07-11 19:00:00,2382.0,2353.1038
2017-07-11 20:00:00,2345.0,2341.9067
2017-07-11 21:00:00,2317.0,2301.872
2017-07-11 22:00:00,2220.0,2194.5881
2017-07-11 23:00:00,2071.0,2035.638
2017-07-12 00:00:00,1927.0,1941.0685
2017-07-12 01:00:00,1837.0,1821.7139
2017-07-12 02:00:00,1781.0,1767.2847
2017-07-12 03:00:00,1765.0,1750.4119
2017-07-12 04:00:00,1767.0,1775.819
2017-07-12 05:00:00,1862.0,1868.156
2017-07-12 06:00:00,2031.0,2042.5474
2017-07-12 07:00:00,2152.0,2183.55
2017-07-12 08:00:00,2280.0,2249.2756
2017-07-12 09:00:00,2406.0,2344.0972
2017-07-12 10:00:00,2551.0,2477.0981
2017-07-12 11:00:00,2670.0,2624.115
2017-07-12 12:00:00,2788.0,2774.238
2017-07-12 13:00:00,2895.0,2894.4636
2017-07-12 14:00:00,2954.0,2979.6475
2017-07-12 15:00:00,3001.0,2986.3394
2017-07-12 16:00:00,3019.0,3012.6372
2017-07-12 17:00:00,3018.0,2976.4888
2017-07-12 18:00:00,2957.0,2945.9038
2017-07-12 19:00:00,2861.0,2870.3345
2017-07-12 20:00:00,2790.0,2799.0264
2017-07-12 21:00:00,2759.0,2730.9355
2017-07-12 22:00:00,2611.0,2621.273
2017-07-12 23:00:00,2416.0,2386.8628
2017-07-13 00:00:00,2242.0,2201.6418
2017-07-13 01:00:00,2111.0,2078.039
2017-07-13 02:00:00,2047.0,2002.3601
2017-07-13 03:00:00,1998.0,1978.0631
2017-07-13 04:00:00,1984.0,1987.5541
2017-07-13 05:00:00,2060.0,2061.596
2017-07-13 06:00:00,2215.0,2208.6428
2017-07-13 07:00:00,2336.0,2379.3376
2017-07-13 08:00:00,2419.0,2467.8992
2017-07-13 09:00:00,2470.0,2527.947
2017-07-13 10:00:00,2539.0,2582.4434
2017-07-13 11:00:00,2595.0,2600.5571
2017-07-13 12:00:00,2683.0,2636.437
2017-07-13 13:00:00,2757.0,2752.308
2017-07-13 14:00:00,2696.0,2814.1753
2017-07-13 15:00:00,2748.0,2682.889
2017-07-13 16:00:00,2845.0,2757.9465
2017-07-13 17:00:00,2791.0,2872.8416
2017-07-13 18:00:00,2803.0,2762.5015
2017-07-13 19:00:00,2738.0,2746.989
2017-07-13 20:00:00,2633.0,2670.2505
2017-07-13 21:00:00,2582.0,2590.3374
2017-07-13 22:00:00,2421.0,2456.308
2017-07-13 23:00:00,2233.0,2229.4614
2017-07-14 00:00:00,2066.0,2071.7043
2017-07-14 01:00:00,1951.0,1938.576
2017-07-14 02:00:00,1884.0,1861.6449
2017-07-14 03:00:00,1835.0,1831.6333
2017-07-14 04:00:00,1836.0,1836.5747
2017-07-14 05:00:00,1906.0,1910.8185
2017-07-14 06:00:00,2030.0,2046.7593
2017-07-14 07:00:00,2168.0,2179.5664
2017-07-14 08:00:00,2294.0,2281.269
2017-07-14 09:00:00,2421.0,2404.6262
2017-07-14 10:00:00,2563.0,2535.0288
2017-07-14 11:00:00,2689.0,2658.0786
2017-07-14 12:00:00,2786.0,2782.9722
2017-07-14 13:00:00,2872.0,2883.277
2017-07-14 14:00:00,2923.0,2915.0525
2017-07-14 15:00:00,2916.0,2908.9792
2017-07-14 16:00:00,2921.0,2884.5427
2017-07-14 17:00:00,2886.0,2838.4731
2017-07-14 18:00:00,2809.0,2785.2188
2017-07-14 19:00:00,2679.0,2701.659
2017-07-14 20:00:00,2535.0,2560.7437
2017-07-14 21:00:00,2446.0,2478.9136
2017-07-14 22:00:00,2267.0,2305.0156
2017-07-14 23:00:00,2040.0,2052.5698
2017-07-15 00:00:00,1837.0,1849.4153
2017-07-15 01:00:00,1684.0,1700.4374
2017-07-15 02:00:00,1584.0,1593.0908
2017-07-15 03:00:00,1506.0,1516.7953
2017-07-15 04:00:00,1483.0,1469.4072
2017-07-15 05:00:00,1493.0,1485.9315
2017-07-15 06:00:00,1497.0,1506.278
2017-07-15 07:00:00,1572.0,1574.2997
2017-07-15 08:00:00,1696.0,1716.928
2017-07-15 09:00:00,1832.0,1844.9404
2017-07-15 10:00:00,1941.0,1965.1998
2017-07-15 11:00:00,2042.0,2034.9729
2017-07-15 12:00:00,2121.0,2135.009
2017-07-15 13:00:00,2185.0,2208.9065
2017-07-15 14:00:00,2251.0,2222.0862
2017-07-15 15:00:00,2298.0,2287.3647
2017-07-15 16:00:00,2360.0,2345.221
2017-07-15 17:00:00,2392.0,2379.447
2017-07-15 18:00:00,2393.0,2385.2556
2017-07-15 19:00:00,2322.0,2318.5986
2017-07-15 20:00:00,2223.0,2234.5498
2017-07-15 21:00:00,2126.0,2162.8276
2017-07-15 22:00:00,2003.0,1988.5195
2017-07-15 23:00:00,1830.0,1838.1326
2017-07-16 00:00:00,1674.0,1679.291
2017-07-16 01:00:00,1562.0,1559.2904
2017-07-16 02:00:00,1486.0,1482.8743
2017-07-16 03:00:00,1429.0,1434.9576
2017-07-16 04:00:00,1413.0,1408.4796
2017-07-16 05:00:00,1404.0,1406.3744
2017-07-16 06:00:00,1419.0,1386.4032
2017-07-16 07:00:00,1456.0,1474.2753
2017-07-16 08:00:00,1610.0,1592.5488
2017-07-16 09:00:00,1763.0,1772.4956
2017-07-16 10:00:00,1911.0,1909.6936
2017-07-16 11:00:00,2033.0,2039.5078
2017-07-16 12:00:00,2153.0,2175.952
2017-07-16 13:00:00,2239.0,2256.6807
2017-07-16 14:00:00,2316.0,2315.4407
2017-07-16 15:00:00,2412.0,2385.5781
2017-07-16 16:00:00,2501.0,2491.101
2017-07-16 17:00:00,2568.0,2559.672
2017-07-16 18:00:00,2578.0,2575.2388
2017-07-16 19:00:00,2554.0,2525.0703
2017-07-16 20:00:00,2454.0,2490.6416
2017-07-16 21:00:00,2379.0,2418.6782
2017-07-16 22:00:00,2238.0,2259.7058
2017-07-16 23:00:00,2060.0,2056.5232
2017-07-17 00:00:00,1913.0,1903.3829
2017-07-17 01:00:00,1820.0,1789.7953
2017-07-17 02:00:00,1726.0,1735.0781
2017-07-17 03:00:00,1678.0,1680.7477
2017-07-17 04:00:00,1691.0,1677.3827
2017-07-17 05:00:00,1765.0,1761.7286
2017-07-17 06:00:00,1897.0,1899.6312
2017-07-17 07:00:00,2048.0,2054.9658
2017-07-17 08:00:00,2178.0,2196.5989
2017-07-17 09:00:00,2306.0,2325.097
2017-07-17 10:00:00,2445.0,2462.721
2017-07-17 11:00:00,2581.0,2573.8264
2017-07-17 12:00:00,2697.0,2709.4946
2017-07-17 13:00:00,2813.0,2797.5527
2017-07-17 14:00:00,2887.0,2889.4016
2017-07-17 15:00:00,2926.0,2924.307
2017-07-17 16:00:00,2939.0,2941.7034
2017-07-17 17:00:00,2935.0,2952.1587
2017-07-17 18:00:00,2931.0,2900.9983
2017-07-17 19:00:00,2842.0,2873.5276
2017-07-17 20:00:00,2745.0,2775.1472
2017-07-17 21:00:00,2687.0,2692.1804
2017-07-17 22:00:00,2494.0,2521.244
2017-07-17 23:00:00,2265.0,2268.171
2017-07-18 00:00:00,2084.0,2077.3572
2017-07-18 01:00:00,1946.0,1948.4026
2017-07-18 02:00:00,1841.0,1845.5956
2017-07-18 03:00:00,1788.0,1772.3391
2017-07-18 04:00:00,1780.0,1789.5508
2017-07-18 05:00:00,1865.0,1864.5745
2017-07-18 06:00:00,1991.0,2020.739
2017-07-18 07:00:00,2150.0,2140.6685
2017-07-18 08:00:00,2328.0,2295.818
2017-07-18 09:00:00,2508.0,2480.16
2017-07-18 10:00:00,2703.0,2685.927
2017-07-18 11:00:00,2851.0,2854.064
2017-07-18 12:00:00,2993.0,2962.174
2017-07-18 13:00:00,3092.0,3087.6594
2017-07-18 14:00:00,3122.0,3186.7168
2017-07-18 15:00:00,3113.0,3122.267
2017-07-18 16:00:00,3126.0,3076.5269
2017-07-18 17:00:00,3133.0,3072.457
2017-07-18 18:00:00,3100.0,3038.8408
2017-07-18 19:00:00,3057.0,3004.6326
2017-07-18 20:00:00,2953.0,2950.0598
2017-07-18 21:00:00,2883.0,2878.6738
2017-07-18 22:00:00,2678.0,2704.2983
2017-07-18 23:00:00,2434.0,2430.693
2017-07-19 00:00:00,2268.0,2236.0144
2017-07-19 01:00:00,2094.0,2119.2104
2017-07-19 02:00:00,1969.0,1979.4055
2017-07-19 03:00:00,1902.0,1886.3672
2017-07-19 04:00:00,1893.0,1883.9363
2017-07-19 05:00:00,1962.0,1954.0721
2017-07-19 06:00:00,2077.0,2107.0447
2017-07-19 07:00:00,2217.0,2216.127
2017-07-19 08:00:00,2383.0,2368.369
2017-07-19 09:00:00,2565.0,2544.4133
2017-07-19 10:00:00,2722.0,2743.1614
2017-07-19 11:00:00,2841.0,2875.7104
2017-07-19 12:00:00,2966.0,2972.906
2017-07-19 13:00:00,3043.0,3043.383
2017-07-19 14:00:00,3077.0,3091.1445
2017-07-19 15:00:00,3100.0,3105.9792
2017-07-19 16:00:00,3107.0,3106.0144
2017-07-19 17:00:00,3113.0,3077.824
2017-07-19 18:00:00,3094.0,3037.208
2017-07-19 19:00:00,3065.0,2995.4238
2017-07-19 20:00:00,2934.0,2933.3308
2017-07-19 21:00:00,2845.0,2887.113
2017-07-19 22:00:00,2655.0,2703.0505
2017-07-19 23:00:00,2424.0,2436.13
2017-07-20 00:00:00,2232.0,2216.7766
2017-07-20 01:00:00,2107.0,2073.336
2017-07-20 02:00:00,1986.0,1993.7664
2017-07-20 03:00:00,1921.0,1915.9568
2017-07-20 04:00:00,1918.0,1918.8723
2017-07-20 05:00:00,1995.0,2002.2914
2017-07-20 06:00:00,2138.0,2157.25
2017-07-20 07:00:00,2286.0,2289.7688
2017-07-20 08:00:00,2411.0,2441.7695
2017-07-20 09:00:00,2549.0,2541.3945
2017-07-20 10:00:00,2692.0,2686.1787
2017-07-20 11:00:00,2811.0,2845.2537
2017-07-20 12:00:00,2966.0,2939.4084
2017-07-20 13:00:00,3007.0,3047.2314
2017-07-20 14:00:00,2841.0,3050.8848
2017-07-20 15:00:00,2746.0,2811.8325
2017-07-20 16:00:00,2817.0,2733.626
2017-07-20 17:00:00,2889.0,2811.0984
2017-07-20 18:00:00,2962.0,2841.4573
2017-07-20 19:00:00,2939.0,2894.0786
2017-07-20 20:00:00,2867.0,2863.5837
2017-07-20 21:00:00,2827.0,2815.4963
2017-07-20 22:00:00,2693.0,2673.8452
2017-07-20 23:00:00,2486.0,2480.2373
2017-07-21 00:00:00,2332.0,2331.9202
2017-07-21 01:00:00,2215.0,2198.22
2017-07-21 02:00:00,2128.0,2101.3286
2017-07-21 03:00:00,2087.0,2071.61
2017-07-21 04:00:00,2070.0,2086.4993
2017-07-21 05:00:00,2153.0,2147.155
2017-07-21 06:00:00,2285.0,2307.7126
2017-07-21 07:00:00,2384.0,2455.4702
2017-07-21 08:00:00,2395.0,2501.2747
2017-07-21 09:00:00,2392.0,2457.644
2017-07-21 10:00:00,2456.0,2403.6575
2017-07-21 11:00:00,2478.0,2510.0051
2017-07-21 12:00:00,2569.0,2528.6643
2017-07-21 13:00:00,2620.0,2602.7888
2017-07-21 14:00:00,2624.0,2657.5208
2017-07-21 15:00:00,2678.0,2632.119
2017-07-21 16:00:00,2794.0,2698.157
2017-07-21 17:00:00,2821.0,2818.2383
2017-07-21 18:00:00,2790.0,2780.692
2017-07-21 19:00:00,2661.0,2697.6985
2017-07-21 20:00:00,2551.0,2559.3184
2017-07-21 21:00:00,2496.0,2481.9001
2017-07-21 22:00:00,2332.0,2364.7961
2017-07-21 23:00:00,2156.0,2153.6462
2017-07-22 00:00:00,1982.0,1996.564
2017-07-22 01:00:00,1845.0,1879.6881
2017-07-22 02:00:00,1769.0,1751.8546
2017-07-22 03:00:00,1720.0,1702.7864
2017-07-22 04:00:00,1721.0,1698.2723
2017-07-22 05:00:00,1736.0,1742.322
2017-07-22 06:00:00,1767.0,1767.0172
2017-07-22 07:00:00,1793.0,1840.9775
2017-07-22 08:00:00,1914.0,1922.0425
2017-07-22 09:00:00,2043.0,2032.4808
2017-07-22 10:00:00,2154.0,2148.818
2017-07-22 11:00:00,2256.0,2239.945
2017-07-22 12:00:00,2379.0,2322.257
2017-07-22 13:00:00,2501.0,2456.399
2017-07-22 14:00:00,2627.0,2590.5925
2017-07-22 15:00:00,2722.0,2701.7737
2017-07-22 16:00:00,2772.0,2796.89
2017-07-22 17:00:00,2757.0,2782.239
2017-07-22 18:00:00,2715.0,2709.8186
2017-07-22 19:00:00,2599.0,2623.0913
2017-07-22 20:00:00,2504.0,2514.598
2017-07-22 21:00:00,2458.0,2458.215
2017-07-22 22:00:00,2326.0,2326.5347
2017-07-22 23:00:00,2136.0,2120.2031
2017-07-23 00:00:00,2002.0,1966.4725
2017-07-23 01:00:00,1875.0,1863.57
2017-07-23 02:00:00,1792.0,1784.6736
2017-07-23 03:00:00,1740.0,1733.933
2017-07-23 04:00:00,1698.0,1718.8062
2017-07-23 05:00:00,1698.0,1692.6543
2017-07-23 06:00:00,1703.0,1699.3848
2017-07-23 07:00:00,1746.0,1758.3062
2017-07-23 08:00:00,1843.0,1899.3024
2017-07-23 09:00:00,1964.0,2007.5035
2017-07-23 10:00:00,2024.0,2116.161
2017-07-23 11:00:00,2061.0,2142.6785
2017-07-23 12:00:00,2060.0,2130.6548
2017-07-23 13:00:00,2124.0,2084.993
2017-07-23 14:00:00,2235.0,2168.6633
2017-07-23 15:00:00,2346.0,2296.9993
2017-07-23 16:00:00,2463.0,2432.0803
2017-07-23 17:00:00,2532.0,2528.574
2017-07-23 18:00:00,2508.0,2565.8472
2017-07-23 19:00:00,2463.0,2440.6992
2017-07-23 20:00:00,2339.0,2390.1526
2017-07-23 21:00:00,2299.0,2318.0916
2017-07-23 22:00:00,2151.0,2194.6768
2017-07-23 23:00:00,2003.0,2005.3116
2017-07-24 00:00:00,1857.0,1867.4628
2017-07-24 01:00:00,1762.0,1744.0605
2017-07-24 02:00:00,1695.0,1690.1924
2017-07-24 03:00:00,1677.0,1655.4438
2017-07-24 04:00:00,1693.0,1677.3446
2017-07-24 05:00:00,1799.0,1793.1409
2017-07-24 06:00:00,1938.0,1974.3702
2017-07-24 07:00:00,2098.0,2092.0198
2017-07-24 08:00:00,2239.0,2217.738
2017-07-24 09:00:00,2388.0,2348.2651
2017-07-24 10:00:00,2502.0,2510.675
2017-07-24 11:00:00,2626.0,2611.2046
2017-07-24 12:00:00,2727.0,2728.2195
2017-07-24 13:00:00,2780.0,2808.1663
2017-07-24 14:00:00,2812.0,2843.5015
2017-07-24 15:00:00,2806.0,2815.5242
2017-07-24 16:00:00,2793.0,2815.3699
2017-07-24 17:00:00,2767.0,2777.9968
2017-07-24 18:00:00,2715.0,2709.863
2017-07-24 19:00:00,2585.0,2631.8794
2017-07-24 20:00:00,2447.0,2514.2495
2017-07-24 21:00:00,2376.0,2401.467
2017-07-24 22:00:00,2182.0,2227.455
2017-07-24 23:00:00,1986.0,1967.206
2017-07-25 00:00:00,1816.0,1828.5192
2017-07-25 01:00:00,1698.0,1700.1652
2017-07-25 02:00:00,1630.0,1617.855
2017-07-25 03:00:00,1575.0,1575.6279
2017-07-25 04:00:00,1589.0,1577.9902
2017-07-25 05:00:00,1657.0,1664.5552
2017-07-25 06:00:00,1777.0,1790.9702
2017-07-25 07:00:00,1904.0,1908.2645
2017-07-25 08:00:00,2017.0,2036.7018
2017-07-25 09:00:00,2121.0,2125.3481
2017-07-25 10:00:00,2205.0,2221.8596
2017-07-25 11:00:00,2263.0,2278.758
2017-07-25 12:00:00,2341.0,2341.9365
2017-07-25 13:00:00,2421.0,2414.1348
2017-07-25 14:00:00,2505.0,2470.7197
2017-07-25 15:00:00,2548.0,2541.3167
2017-07-25 16:00:00,2568.0,2568.2969
2017-07-25 17:00:00,2610.0,2571.5466
2017-07-25 18:00:00,2589.0,2591.122
2017-07-25 19:00:00,2517.0,2524.0283
2017-07-25 20:00:00,2409.0,2452.253
2017-07-25 21:00:00,2352.0,2375.6833
2017-07-25 22:00:00,2182.0,2211.5415
2017-07-25 23:00:00,1992.0,1968.4725
2017-07-26 00:00:00,1821.0,1829.6564
2017-07-26 01:00:00,1704.0,1704.8499
2017-07-26 02:00:00,1627.0,1624.0636
2017-07-26 03:00:00,1585.0,1578.316
2017-07-26 04:00:00,1579.0,1592.49
2017-07-26 05:00:00,1667.0,1669.668
2017-07-26 06:00:00,1770.0,1803.2651
2017-07-26 07:00:00,1898.0,1905.492
2017-07-26 08:00:00,2017.0,2014.6017
2017-07-26 09:00:00,2115.0,2132.2314
2017-07-26 10:00:00,2236.0,2231.3943
2017-07-26 11:00:00,2318.0,2328.1545
2017-07-26 12:00:00,2431.0,2408.6775
2017-07-26 13:00:00,2554.0,2527.2053
2017-07-26 14:00:00,2642.0,2650.4563
2017-07-26 15:00:00,2708.0,2708.8916
2017-07-26 16:00:00,2763.0,2759.1497
2017-07-26 17:00:00,2785.0,2792.4663
2017-07-26 18:00:00,2731.0,2758.9954
2017-07-26 19:00:00,2628.0,2643.1597
2017-07-26 20:00:00,2560.0,2556.1714
2017-07-26 21:00:00,2520.0,2506.3298
2017-07-26 22:00:00,2349.0,2365.0078
2017-07-26 23:00:00,2146.0,2121.5588
2017-07-27 00:00:00,1984.0,1965.3147
2017-07-27 01:00:00,1866.0,1859.374
2017-07-27 02:00:00,2090.0,1777.3782
2017-07-27 03:00:00,1739.0,2108.5369
2017-07-27 04:00:00,1755.0,1772.3807
2017-07-27 05:00:00,1825.0,1788.742
2017-07-27 06:00:00,1980.0,1967.5437
2017-07-27 07:00:00,2098.0,2130.391
2017-07-27 08:00:00,1898.0,2234.5227
2017-07-27 09:00:00,2298.0,1944.0444
2017-07-27 10:00:00,2399.0,2399.9778
2017-07-27 11:00:00,2487.0,2520.145
2017-07-27 12:00:00,2515.0,2586.8164
2017-07-27 13:00:00,2498.0,2570.3977
2017-07-27 14:00:00,2507.0,2504.277
2017-07-27 15:00:00,2502.0,2494.2976
2017-07-27 16:00:00,2488.0,2505.3862
2017-07-27 17:00:00,2540.0,2465.438
2017-07-27 18:00:00,2513.0,2530.4263
2017-07-27 19:00:00,2461.0,2448.4585
2017-07-27 20:00:00,2440.0,2396.8262
2017-07-27 21:00:00,2423.0,2397.9116
2017-07-27 22:00:00,2268.0,2295.935
2017-07-27 23:00:00,2105.0,2072.0542
2017-07-28 00:00:00,1959.0,1956.3982
2017-07-28 01:00:00,1842.0,1831.3702
2017-07-28 02:00:00,1783.0,1759.6077
2017-07-28 03:00:00,1735.0,1726.8312
2017-07-28 04:00:00,1732.0,1740.9619
2017-07-28 05:00:00,1817.0,1796.9756
2017-07-28 06:00:00,1965.0,1952.3159
2017-07-28 07:00:00,2113.0,2112.4658
2017-07-28 08:00:00,2218.0,2226.5405
2017-07-28 09:00:00,2284.0,2332.8433
2017-07-28 10:00:00,2410.0,2380.9468
2017-07-28 11:00:00,2399.0,2465.749
2017-07-28 12:00:00,2581.0,2412.8157
2017-07-28 13:00:00,2653.0,2634.204
2017-07-28 14:00:00,2709.0,2716.8655
2017-07-28 15:00:00,2720.0,2728.7634
2017-07-28 16:00:00,2735.0,2727.5906
2017-07-28 17:00:00,2710.0,2700.1365
2017-07-28 18:00:00,2625.0,2642.3745
2017-07-28 19:00:00,2480.0,2535.8076
2017-07-28 20:00:00,2334.0,2386.6108
2017-07-28 21:00:00,2239.0,2280.748
2017-07-28 22:00:00,2080.0,2094.7002
2017-07-28 23:00:00,1873.0,1886.1428
2017-07-29 00:00:00,1710.0,1695.9459
2017-07-29 01:00:00,1583.0,1583.1445
2017-07-29 02:00:00,1486.0,1506.4651
2017-07-29 03:00:00,1438.0,1439.6951
2017-07-29 04:00:00,1411.0,1418.9232
2017-07-29 05:00:00,1420.0,1425.9208
2017-07-29 06:00:00,1437.0,1439.3223
2017-07-29 07:00:00,1502.0,1500.332
2017-07-29 08:00:00,1607.0,1640.8834
2017-07-29 09:00:00,1727.0,1733.3914
2017-07-29 10:00:00,1811.0,1820.6375
2017-07-29 11:00:00,1856.0,1880.281
2017-07-29 12:00:00,1900.0,1913.6879
2017-07-29 13:00:00,1944.0,1928.4628
2017-07-29 14:00:00,1989.0,1981.1327
2017-07-29 15:00:00,2042.0,2024.7666
2017-07-29 16:00:00,2091.0,2084.799
2017-07-29 17:00:00,2124.0,2106.1763
2017-07-29 18:00:00,2103.0,2100.0015
2017-07-29 19:00:00,2032.0,2043.5736
2017-07-29 20:00:00,1939.0,1970.9541
2017-07-29 21:00:00,1881.0,1921.0062
2017-07-29 22:00:00,1777.0,1772.8127
2017-07-29 23:00:00,1643.0,1645.579
2017-07-30 00:00:00,1499.0,1507.7399
2017-07-30 01:00:00,1423.0,1407.5542
2017-07-30 02:00:00,1367.0,1360.9723
2017-07-30 03:00:00,1319.0,1332.6677
2017-07-30 04:00:00,1312.0,1315.5016
2017-07-30 05:00:00,1313.0,1318.5725
2017-07-30 06:00:00,1329.0,1310.1449
2017-07-30 07:00:00,1349.0,1366.559
2017-07-30 08:00:00,1469.0,1476.6335
2017-07-30 09:00:00,1610.0,1581.8741
2017-07-30 10:00:00,1737.0,1730.6392
2017-07-30 11:00:00,1851.0,1849.9263
2017-07-30 12:00:00,1983.0,1941.2853
2017-07-30 13:00:00,2078.0,2060.268
2017-07-30 14:00:00,2178.0,2163.225
2017-07-30 15:00:00,2259.0,2292.015
2017-07-30 16:00:00,2343.0,2352.0344
2017-07-30 17:00:00,2414.0,2394.2715
2017-07-30 18:00:00,2424.0,2404.7607
2017-07-30 19:00:00,2378.0,2371.4963
2017-07-30 20:00:00,2297.0,2309.1775
2017-07-30 21:00:00,2254.0,2266.3247
2017-07-30 22:00:00,2128.0,2154.2554
2017-07-30 23:00:00,1961.0,1949.211
2017-07-31 00:00:00,1814.0,1815.2605
2017-07-31 01:00:00,1713.0,1698.8896
2017-07-31 02:00:00,1633.0,1634.3435
2017-07-31 03:00:00,1597.0,1583.1711
2017-07-31 04:00:00,1608.0,1592.5992
2017-07-31 05:00:00,1685.0,1677.8813
2017-07-31 06:00:00,1824.0,1832.6447
2017-07-31 07:00:00,1951.0,1967.7115
2017-07-31 08:00:00,2097.0,2067.7812
2017-07-31 09:00:00,2228.0,2247.0442
2017-07-31 10:00:00,2377.0,2356.9385
2017-07-31 11:00:00,2498.0,2484.0989
2017-07-31 12:00:00,2631.0,2628.55
2017-07-31 13:00:00,2749.0,2732.236
2017-07-31 14:00:00,2809.0,2823.793
2017-07-31 15:00:00,2835.0,2856.1304
2017-07-31 16:00:00,2869.0,2864.4407
2017-07-31 17:00:00,2892.0,2871.6594
2017-07-31 18:00:00,2856.0,2814.3877
2017-07-31 19:00:00,2773.0,2763.9736
2017-07-31 20:00:00,2670.0,2690.1963
2017-07-31 21:00:00,2587.0,2623.7537
2017-07-31 22:00:00,2392.0,2437.4932
2017-07-31 23:00:00,2166.0,2163.6768
2017-08-01 00:00:00,1920.0,1984.222
2017-08-01 01:00:00,1800.0,1799.3239
2017-08-01 02:00:00,1725.0,1706.6924
2017-08-01 03:00:00,1674.0,1675.4432
2017-08-01 04:00:00,1671.0,1677.294
2017-08-01 05:00:00,1754.0,1737.6577
2017-08-01 06:00:00,1890.0,1907.6304
2017-08-01 07:00:00,2028.0,2016.6499
2017-08-01 08:00:00,2172.0,2136.5925
2017-08-01 09:00:00,2323.0,2300.961
2017-08-01 10:00:00,2420.0,2485.087
2017-08-01 11:00:00,2512.0,2516.7878
2017-08-01 12:00:00,2639.0,2594.5925
2017-08-01 13:00:00,2736.0,2728.615
2017-08-01 14:00:00,2808.0,2810.2595
2017-08-01 15:00:00,2844.0,2841.0073
2017-08-01 16:00:00,2864.0,2842.1633
2017-08-01 17:00:00,2864.0,2844.5366
2017-08-01 18:00:00,2816.0,2811.9998
2017-08-01 19:00:00,2729.0,2726.6375
2017-08-01 20:00:00,2621.0,2644.818
2017-08-01 21:00:00,2570.0,2547.0208
2017-08-01 22:00:00,2379.0,2348.3635
2017-08-01 23:00:00,2164.0,2132.7732
2017-08-02 00:00:00,1991.0,1979.7894
2017-08-02 01:00:00,1858.0,1867.6547
2017-08-02 02:00:00,1764.0,1758.8164
2017-08-02 03:00:00,1705.0,1702.5779
2017-08-02 04:00:00,1711.0,1698.3126
2017-08-02 05:00:00,1792.0,1787.813
2017-08-02 06:00:00,1953.0,1958.5153
2017-08-02 07:00:00,2080.0,2085.205
2017-08-02 08:00:00,2185.0,2186.437
2017-08-02 09:00:00,2302.0,2306.5586
2017-08-02 10:00:00,2455.0,2433.955
2017-08-02 11:00:00,2579.0,2588.2795
2017-08-02 12:00:00,2692.0,2694.388
2017-08-02 13:00:00,2769.0,2801.5122
2017-08-02 14:00:00,2810.0,2814.0024
2017-08-02 15:00:00,2848.0,2811.2397
2017-08-02 16:00:00,2917.0,2844.0994
2017-08-02 17:00:00,2947.0,2906.8782
2017-08-02 18:00:00,2889.0,2906.854
2017-08-02 19:00:00,2774.0,2794.673
2017-08-02 20:00:00,2657.0,2703.0977
2017-08-02 21:00:00,2582.0,2603.783
2017-08-02 22:00:00,2403.0,2371.8784
2017-08-02 23:00:00,2203.0,2169.3005
2017-08-03 00:00:00,2020.0,2023.2142
2017-08-03 01:00:00,1888.0,1885.83
2017-08-03 02:00:00,1794.0,1797.7397
2017-08-03 03:00:00,1736.0,1734.6533
2017-08-03 04:00:00,1729.0,1734.382
2017-08-03 05:00:00,1808.0,1801.348
2017-08-03 06:00:00,1965.0,1959.9159
2017-08-03 07:00:00,2095.0,2098.182
2017-08-03 08:00:00,2222.0,2207.4692
2017-08-03 09:00:00,2388.0,2351.8315
2017-08-03 10:00:00,2534.0,2550.1492
2017-08-03 11:00:00,2673.0,2654.4958
2017-08-03 12:00:00,2806.0,2793.1711
2017-08-03 13:00:00,2907.0,2931.2686
2017-08-03 14:00:00,2971.0,2980.2097
2017-08-03 15:00:00,3002.0,2966.2302
2017-08-03 16:00:00,3020.0,2994.6125
2017-08-03 17:00:00,3006.0,2975.9438
2017-08-03 18:00:00,2963.0,2928.0374
2017-08-03 19:00:00,2845.0,2849.3096
2017-08-03 20:00:00,2734.0,2778.7205
2017-08-03 21:00:00,2649.0,2656.9746
2017-08-03 22:00:00,2435.0,2434.2166
2017-08-03 23:00:00,2205.0,2209.0264
2017-08-04 00:00:00,2012.0,2018.3075
2017-08-04 01:00:00,1880.0,1876.3469
2017-08-04 02:00:00,1821.0,1781.702
2017-08-04 03:00:00,1774.0,1767.8004
2017-08-04 04:00:00,1772.0,1773.9487
2017-08-04 05:00:00,1863.0,1862.1726
2017-08-04 06:00:00,2008.0,2041.8937
2017-08-04 07:00:00,2133.0,2136.5417
2017-08-04 08:00:00,2248.0,2257.8364
2017-08-04 09:00:00,2339.0,2384.4622
2017-08-04 10:00:00,2401.0,2476.8855
2017-08-04 11:00:00,2405.0,2469.305
2017-08-04 12:00:00,2387.0,2430.69
2017-08-04 13:00:00,2431.0,2384.2078
2017-08-04 14:00:00,2442.0,2449.362
2017-08-04 15:00:00,2426.0,2434.0647
2017-08-04 16:00:00,2393.0,2418.663
2017-08-04 17:00:00,2312.0,2344.216
2017-08-04 18:00:00,2182.0,2222.5652
2017-08-04 19:00:00,2024.0,2049.9753
2017-08-04 20:00:00,1953.0,1961.2722
2017-08-04 21:00:00,1905.0,1935.0212
2017-08-04 22:00:00,1786.0,1767.0468
2017-08-04 23:00:00,1634.0,1630.8467
2017-08-05 00:00:00,1516.0,1501.9944
2017-08-05 01:00:00,1434.0,1418.0731
2017-08-05 02:00:00,1380.0,1365.813
2017-08-05 03:00:00,1353.0,1348.032
2017-08-05 04:00:00,1346.0,1342.9357
2017-08-05 05:00:00,1355.0,1374.2894
2017-08-05 06:00:00,1404.0,1391.3468
2017-08-05 07:00:00,1449.0,1433.7584
2017-08-05 08:00:00,1550.0,1552.1167
2017-08-05 09:00:00,1649.0,1667.6423
2017-08-05 10:00:00,1740.0,1725.2341
2017-08-05 11:00:00,1780.0,1789.065
2017-08-05 12:00:00,1847.0,1797.5046
2017-08-05 13:00:00,1872.0,1882.2943
2017-08-05 14:00:00,1915.0,1889.4639
2017-08-05 15:00:00,1944.0,1929.2125
2017-08-05 16:00:00,1988.0,1969.3231
2017-08-05 17:00:00,1985.0,1999.5923
2017-08-05 18:00:00,1945.0,1950.2208
2017-08-05 19:00:00,1881.0,1890.6372
2017-08-05 20:00:00,1857.0,1853.5345
2017-08-05 21:00:00,1858.0,1867.9601
2017-08-05 22:00:00,1755.0,1766.8007
2017-08-05 23:00:00,1609.0,1634.5028
2017-08-06 00:00:00,1492.0,1489.5295
2017-08-06 01:00:00,1419.0,1399.7195
2017-08-06 02:00:00,1357.0,1359.7622
2017-08-06 03:00:00,1343.0,1316.2711
2017-08-06 04:00:00,1333.0,1330.7618
2017-08-06 05:00:00,1344.0,1338.5154
2017-08-06 06:00:00,1374.0,1373.6648
2017-08-06 07:00:00,1391.0,1401.3099
2017-08-06 08:00:00,1478.0,1488.0417
2017-08-06 09:00:00,1572.0,1582.1102
2017-08-06 10:00:00,1632.0,1647.261
2017-08-06 11:00:00,1695.0,1693.7758
2017-08-06 12:00:00,1733.0,1740.3563
2017-08-06 13:00:00,1749.0,1760.8599
2017-08-06 14:00:00,1768.0,1764.6548
2017-08-06 15:00:00,1775.0,1785.3308
2017-08-06 16:00:00,1805.0,1802.7609
2017-08-06 17:00:00,1818.0,1846.5468
2017-08-06 18:00:00,1815.0,1825.8483
2017-08-06 19:00:00,1806.0,1818.4486
2017-08-06 20:00:00,1811.0,1826.1807
2017-08-06 21:00:00,1848.0,1811.4678
2017-08-06 22:00:00,1784.0,1748.5792
2017-08-06 23:00:00,1697.0,1673.3856
2017-08-07 00:00:00,1610.0,1603.9458
2017-08-07 01:00:00,1525.0,1551.5173
2017-08-07 02:00:00,1513.0,1500.7616
2017-08-07 03:00:00,1485.0,1491.4481
2017-08-07 04:00:00,1531.0,1512.6324
2017-08-07 05:00:00,1613.0,1631.6323
2017-08-07 06:00:00,1789.0,1797.1165
2017-08-07 07:00:00,1904.0,1913.0205
2017-08-07 08:00:00,2000.0,1985.3807
2017-08-07 09:00:00,2059.0,2081.6423
2017-08-07 10:00:00,2126.0,2133.835
2017-08-07 11:00:00,2166.0,2167.8599
2017-08-07 12:00:00,2214.0,2213.0747
2017-08-07 13:00:00,2280.0,2244.116
2017-08-07 14:00:00,2323.0,2319.74
2017-08-07 15:00:00,2342.0,2349.329
2017-08-07 16:00:00,2348.0,2364.652
2017-08-07 17:00:00,2332.0,2348.6467
2017-08-07 18:00:00,2318.0,2289.7546
2017-08-07 19:00:00,2249.0,2284.0754
2017-08-07 20:00:00,2216.0,2240.8218
2017-08-07 21:00:00,2201.0,2194.835
2017-08-07 22:00:00,2047.0,2040.6001
2017-08-07 23:00:00,1880.0,1868.3789
2017-08-08 00:00:00,1739.0,1741.6718
2017-08-08 01:00:00,1646.0,1637.4185
2017-08-08 02:00:00,1569.0,1576.2412
2017-08-08 03:00:00,1536.0,1532.9651
2017-08-08 04:00:00,1544.0,1542.9453
2017-08-08 05:00:00,1624.0,1643.5364
2017-08-08 06:00:00,1768.0,1797.9603
2017-08-08 07:00:00,1876.0,1888.7898
2017-08-08 08:00:00,1985.0,1979.8351
2017-08-08 09:00:00,2088.0,2083.593
2017-08-08 10:00:00,2198.0,2187.712
2017-08-08 11:00:00,2263.0,2276.3794
2017-08-08 12:00:00,2317.0,2335.0793
2017-08-08 13:00:00,2397.0,2380.2673
2017-08-08 14:00:00,2445.0,2441.021
2017-08-08 15:00:00,2459.0,2464.719
2017-08-08 16:00:00,2505.0,2479.2493
2017-08-08 17:00:00,2538.0,2515.4143
2017-08-08 18:00:00,2487.0,2511.9749
2017-08-08 19:00:00,2419.0,2430.9324
2017-08-08 20:00:00,2323.0,2375.5217
2017-08-08 21:00:00,2266.0,2290.2375
2017-08-08 22:00:00,2086.0,2092.1824
2017-08-08 23:00:00,1879.0,1897.4626
2017-08-09 00:00:00,1750.0,1732.6082
2017-08-09 01:00:00,1625.0,1648.2393
2017-08-09 02:00:00,1569.0,1553.4572
2017-08-09 03:00:00,1517.0,1524.0352
2017-08-09 04:00:00,1531.0,1528.8406
2017-08-09 05:00:00,1614.0,1617.833
2017-08-09 06:00:00,1755.0,1785.1292
2017-08-09 07:00:00,1853.0,1863.9801
2017-08-09 08:00:00,1996.0,1957.7617
2017-08-09 09:00:00,2089.0,2112.2454
2017-08-09 10:00:00,2213.0,2199.412
2017-08-09 11:00:00,2272.0,2288.3196
2017-08-09 12:00:00,2379.0,2356.007
2017-08-09 13:00:00,2472.0,2472.7498
2017-08-09 14:00:00,2545.0,2545.361
2017-08-09 15:00:00,2589.0,2589.6287
2017-08-09 16:00:00,2643.0,2616.1597
2017-08-09 17:00:00,2639.0,2658.1099
2017-08-09 18:00:00,2619.0,2614.066
2017-08-09 19:00:00,2533.0,2539.605
2017-08-09 20:00:00,2442.0,2479.9148
2017-08-09 21:00:00,2371.0,2389.419
2017-08-09 22:00:00,2184.0,2205.7021
2017-08-09 23:00:00,1977.0,1975.6013
2017-08-10 00:00:00,1818.0,1814.2616
2017-08-10 01:00:00,1689.0,1698.6759
2017-08-10 02:00:00,1615.0,1614.192
2017-08-10 03:00:00,1573.0,1572.8617
2017-08-10 04:00:00,1569.0,1585.9087
2017-08-10 05:00:00,1656.0,1661.974
2017-08-10 06:00:00,1812.0,1832.4376
2017-08-10 07:00:00,1899.0,1936.9689
2017-08-10 08:00:00,2015.0,2002.8561
2017-08-10 09:00:00,2133.0,2134.635
2017-08-10 10:00:00,2263.0,2262.5479
2017-08-10 11:00:00,2383.0,2367.7654
2017-08-10 12:00:00,2494.0,2490.711
2017-08-10 13:00:00,2576.0,2590.5134
2017-08-10 14:00:00,2669.0,2649.3284
2017-08-10 15:00:00,2724.0,2703.741
2017-08-10 16:00:00,2746.0,2756.277
2017-08-10 17:00:00,2768.0,2739.5212
2017-08-10 18:00:00,2752.0,2707.0032
2017-08-10 19:00:00,2666.0,2656.1523
2017-08-10 20:00:00,2572.0,2612.5645
2017-08-10 21:00:00,2513.0,2514.0544
2017-08-10 22:00:00,2306.0,2313.2773
2017-08-10 23:00:00,2092.0,2088.3955
2017-08-11 00:00:00,1918.0,1912.0742
2017-08-11 01:00:00,1784.0,1782.254
2017-08-11 02:00:00,1693.0,1687.0698
2017-08-11 03:00:00,1648.0,1641.7744
2017-08-11 04:00:00,1654.0,1645.5648
2017-08-11 05:00:00,1723.0,1739.9242
2017-08-11 06:00:00,1895.0,1888.4781
2017-08-11 07:00:00,1997.0,2025.8579
2017-08-11 08:00:00,2096.0,2113.5786
2017-08-11 09:00:00,2205.0,2212.3972
2017-08-11 10:00:00,2303.0,2326.658
2017-08-11 11:00:00,2400.0,2409.9165
2017-08-11 12:00:00,2522.0,2491.3645
2017-08-11 13:00:00,2580.0,2605.6643
2017-08-11 14:00:00,2574.0,2633.254
2017-08-11 15:00:00,2548.0,2551.3662
2017-08-11 16:00:00,2543.0,2522.8525
2017-08-11 17:00:00,2564.0,2511.544
2017-08-11 18:00:00,2533.0,2497.0146
2017-08-11 19:00:00,2442.0,2441.2
2017-08-11 20:00:00,2358.0,2374.4707
2017-08-11 21:00:00,2319.0,2322.8413
2017-08-11 22:00:00,2169.0,2172.6223
2017-08-11 23:00:00,1963.0,1978.6526
2017-08-12 00:00:00,1787.0,1787.4193
2017-08-12 01:00:00,1665.0,1653.1146
2017-08-12 02:00:00,1585.0,1582.6053
2017-08-12 03:00:00,1527.0,1533.368
2017-08-12 04:00:00,1514.0,1506.1284
2017-08-12 05:00:00,1517.0,1526.7354
2017-08-12 06:00:00,1569.0,1574.1611
2017-08-12 07:00:00,1583.0,1643.4211
2017-08-12 08:00:00,1732.0,1699.1146
2017-08-12 09:00:00,1856.0,1849.3912
2017-08-12 10:00:00,1960.0,1953.9701
2017-08-12 11:00:00,2033.0,2032.0531
2017-08-12 12:00:00,2091.0,2095.7185
2017-08-12 13:00:00,2143.0,2136.7542
2017-08-12 14:00:00,2166.0,2182.143
2017-08-12 15:00:00,2198.0,2191.3574
2017-08-12 16:00:00,2250.0,2234.9055
2017-08-12 17:00:00,2241.0,2258.504
2017-08-12 18:00:00,2209.0,2196.3982
2017-08-12 19:00:00,2130.0,2144.742
2017-08-12 20:00:00,2025.0,2073.353
2017-08-12 21:00:00,1984.0,1987.4225
2017-08-12 22:00:00,1842.0,1833.4435
2017-08-12 23:00:00,1684.0,1685.0356
2017-08-13 00:00:00,1568.0,1544.4314
2017-08-13 01:00:00,1462.0,1466.2109
2017-08-13 02:00:00,1400.0,1402.0005
2017-08-13 03:00:00,1356.0,1355.8712
2017-08-13 04:00:00,1339.0,1336.8995
2017-08-13 05:00:00,1351.0,1334.5225
2017-08-13 06:00:00,1348.0,1372.4791
2017-08-13 07:00:00,1390.0,1382.608
2017-08-13 08:00:00,1497.0,1512.6167
2017-08-13 09:00:00,1642.0,1617.6702
2017-08-13 10:00:00,1770.0,1748.7699
2017-08-13 11:00:00,1881.0,1865.5533
2017-08-13 12:00:00,1983.0,1990.4818
2017-08-13 13:00:00,2063.0,2072.1472
2017-08-13 14:00:00,2148.0,2138.8875
2017-08-13 15:00:00,2207.0,2227.5654
2017-08-13 16:00:00,2281.0,2283.7427
2017-08-13 17:00:00,2335.0,2321.0225
2017-08-13 18:00:00,2329.0,2320.4265
2017-08-13 19:00:00,2256.0,2273.7761
2017-08-13 20:00:00,2183.0,2224.9268
2017-08-13 21:00:00,2154.0,2158.9407
2017-08-13 22:00:00,2003.0,2025.7087
2017-08-13 23:00:00,1862.0,1839.807
2017-08-14 00:00:00,1728.0,1724.4535
2017-08-14 01:00:00,1638.0,1633.1471
2017-08-14 02:00:00,1575.0,1575.1909
2017-08-14 03:00:00,1546.0,1538.9888
2017-08-14 04:00:00,1574.0,1560.8159
2017-08-14 05:00:00,1672.0,1670.7368
2017-08-14 06:00:00,1867.0,1850.0394
2017-08-14 07:00:00,1963.0,1996.787
2017-08-14 08:00:00,2085.0,2071.391
2017-08-14 09:00:00,2208.0,2213.7678
2017-08-14 10:00:00,2350.0,2323.6177
2017-08-14 11:00:00,2465.0,2448.5886
2017-08-14 12:00:00,2585.0,2555.3308
2017-08-14 13:00:00,2705.0,2685.398
2017-08-14 14:00:00,2780.0,2793.2969
2017-08-14 15:00:00,2793.0,2822.3052
2017-08-14 16:00:00,2810.0,2806.7307
2017-08-14 17:00:00,2758.0,2809.9988
2017-08-14 18:00:00,2679.0,2709.548
2017-08-14 19:00:00,2607.0,2605.8567
2017-08-14 20:00:00,2566.0,2550.2803
2017-08-14 21:00:00,2520.0,2503.5127
2017-08-14 22:00:00,2340.0,2327.453
2017-08-14 23:00:00,2138.0,2123.5862
2017-08-15 00:00:00,1979.0,1970.9476
2017-08-15 01:00:00,1857.0,1861.0894
2017-08-15 02:00:00,1760.0,1766.4761
2017-08-15 03:00:00,1696.0,1708.0398
2017-08-15 04:00:00,1710.0,1690.7152
2017-08-15 05:00:00,1805.0,1795.4801
2017-08-15 06:00:00,1964.0,1990.4165
2017-08-15 07:00:00,2079.0,2093.8801
2017-08-15 08:00:00,2218.0,2196.2715
2017-08-15 09:00:00,2366.0,2349.326
2017-08-15 10:00:00,2516.0,2509.1333
2017-08-15 11:00:00,2671.0,2636.3115
2017-08-15 12:00:00,2777.0,2797.3767
2017-08-15 13:00:00,2891.0,2858.8809
2017-08-15 14:00:00,2972.0,2928.1338
2017-08-15 15:00:00,3016.0,2968.792
2017-08-15 16:00:00,3056.0,3014.8394
2017-08-15 17:00:00,3042.0,3039.7231
2017-08-15 18:00:00,3030.0,3001.4
2017-08-15 19:00:00,2939.0,2962.0486
2017-08-15 20:00:00,2847.0,2879.2275
2017-08-15 21:00:00,2757.0,2785.5996
2017-08-15 22:00:00,2541.0,2555.0625
2017-08-15 23:00:00,2308.0,2290.3054
2017-08-16 00:00:00,2135.0,2119.0706
2017-08-16 01:00:00,1992.0,1993.5254
2017-08-16 02:00:00,1883.0,1893.9459
2017-08-16 03:00:00,1822.0,1826.8955
2017-08-16 04:00:00,1808.0,1813.824
2017-08-16 05:00:00,1896.0,1884.215
2017-08-16 06:00:00,2073.0,2079.84
2017-08-16 07:00:00,2180.0,2207.3633
2017-08-16 08:00:00,2334.0,2305.1458
2017-08-16 09:00:00,2509.0,2487.536
2017-08-16 10:00:00,2700.0,2682.3345
2017-08-16 11:00:00,2854.0,2861.5928
2017-08-16 12:00:00,2989.0,2962.825
2017-08-16 13:00:00,3091.0,3093.4424
2017-08-16 14:00:00,3143.0,3170.8062
2017-08-16 15:00:00,3152.0,3186.0603
2017-08-16 16:00:00,3181.0,3161.824
2017-08-16 17:00:00,3204.0,3143.4924
2017-08-16 18:00:00,3169.0,3098.3809
2017-08-16 19:00:00,3084.0,3066.2878
2017-08-16 20:00:00,3029.0,3017.9697
2017-08-16 21:00:00,2908.0,2989.8638
2017-08-16 22:00:00,2682.0,2673.9192
2017-08-16 23:00:00,2446.0,2434.1401
2017-08-17 00:00:00,2276.0,2251.2417
2017-08-17 01:00:00,2132.0,2125.866
2017-08-17 02:00:00,2040.0,2024.6287
2017-08-17 03:00:00,1974.0,1976.5935
2017-08-17 04:00:00,1972.0,1966.751
2017-08-17 05:00:00,2072.0,2068.1584
2017-08-17 06:00:00,2250.0,2270.499
2017-08-17 07:00:00,2380.0,2388.5105
2017-08-17 08:00:00,2470.0,2521.1443
2017-08-17 09:00:00,2647.0,2619.695
2017-08-17 10:00:00,2816.0,2820.7944
2017-08-17 11:00:00,2951.0,2973.9958
2017-08-17 12:00:00,3068.0,3069.7861
2017-08-17 13:00:00,3109.0,3135.2375
2017-08-17 14:00:00,2990.0,3145.1191
2017-08-17 15:00:00,2887.0,2986.884
2017-08-17 16:00:00,2833.0,2855.8066
2017-08-17 17:00:00,2837.0,2824.236
2017-08-17 18:00:00,2819.0,2771.3877
2017-08-17 19:00:00,2785.0,2712.6191
2017-08-17 20:00:00,2730.0,2704.1038
2017-08-17 21:00:00,2678.0,2654.752
2017-08-17 22:00:00,2496.0,2468.7617
2017-08-17 23:00:00,2316.0,2278.4438
2017-08-18 00:00:00,2139.0,2148.9636
2017-08-18 01:00:00,2028.0,2009.6123
2017-08-18 02:00:00,1932.0,1932.8905
2017-08-18 03:00:00,1889.0,1877.2858
2017-08-18 04:00:00,1894.0,1881.9038
2017-08-18 05:00:00,1968.0,1972.1578
2017-08-18 06:00:00,2162.0,2131.6853
2017-08-18 07:00:00,2243.0,2284.8865
2017-08-18 08:00:00,2359.0,2338.3232
2017-08-18 09:00:00,2497.0,2464.2104
2017-08-18 10:00:00,2617.0,2630.0815
2017-08-18 11:00:00,2696.0,2711.479
2017-08-18 12:00:00,2758.0,2758.3694
2017-08-18 13:00:00,2820.0,2817.4797
2017-08-18 14:00:00,2854.0,2826.4387
2017-08-18 15:00:00,2842.0,2836.5046
2017-08-18 16:00:00,2844.0,2834.7866
2017-08-18 17:00:00,2820.0,2807.3232
2017-08-18 18:00:00,2760.0,2732.94
2017-08-18 19:00:00,2613.0,2661.326
2017-08-18 20:00:00,2522.0,2532.803
2017-08-18 21:00:00,2433.0,2469.9866
2017-08-18 22:00:00,2246.0,2279.558
2017-08-18 23:00:00,2037.0,2043.2488
2017-08-19 00:00:00,1840.0,1852.2496
2017-08-19 01:00:00,1721.0,1705.5671
2017-08-19 02:00:00,1630.0,1630.0312
2017-08-19 03:00:00,1578.0,1568.2351
2017-08-19 04:00:00,1561.0,1555.9183
2017-08-19 05:00:00,1580.0,1594.4149
2017-08-19 06:00:00,1639.0,1631.685
2017-08-19 07:00:00,1683.0,1712.3296
2017-08-19 08:00:00,1811.0,1812.1255
2017-08-19 09:00:00,1987.0,1979.2233
2017-08-19 10:00:00,2110.0,2114.9263
2017-08-19 11:00:00,2259.0,2228.5522
2017-08-19 12:00:00,2369.0,2350.874
2017-08-19 13:00:00,2451.0,2436.099
2017-08-19 14:00:00,2528.0,2513.379
2017-08-19 15:00:00,2569.0,2583.1787
2017-08-19 16:00:00,2612.0,2599.876
2017-08-19 17:00:00,2616.0,2627.8286
2017-08-19 18:00:00,2569.0,2567.876
2017-08-19 19:00:00,2462.0,2480.6338
2017-08-19 20:00:00,2372.0,2396.9878
2017-08-19 21:00:00,2284.0,2323.1938
2017-08-19 22:00:00,2096.0,2136.6177
2017-08-19 23:00:00,1906.0,1921.7269
2017-08-20 00:00:00,1748.0,1737.1918
2017-08-20 01:00:00,1623.0,1627.3843
2017-08-20 02:00:00,1555.0,1545.076
2017-08-20 03:00:00,1493.0,1484.9026
2017-08-20 04:00:00,1464.0,1458.2556
2017-08-20 05:00:00,1468.0,1454.9486
2017-08-20 06:00:00,1495.0,1488.0742
2017-08-20 07:00:00,1519.0,1537.8901
2017-08-20 08:00:00,1667.0,1674.2437
2017-08-20 09:00:00,1852.0,1834.9352
2017-08-20 10:00:00,2039.0,2016.1985
2017-08-20 11:00:00,2214.0,2213.3228
2017-08-20 12:00:00,2388.0,2349.4727
2017-08-20 13:00:00,2515.0,2493.2456
2017-08-20 14:00:00,2575.0,2610.5615
2017-08-20 15:00:00,2645.0,2644.463
2017-08-20 16:00:00,2711.0,2701.8074
2017-08-20 17:00:00,2731.0,2733.697
2017-08-20 18:00:00,2728.0,2697.3057
2017-08-20 19:00:00,2642.0,2649.1633
2017-08-20 20:00:00,2584.0,2575.5635
2017-08-20 21:00:00,2495.0,2541.1223
2017-08-20 22:00:00,2312.0,2333.695
2017-08-20 23:00:00,2137.0,2140.7698
2017-08-21 00:00:00,1983.0,1990.331
2017-08-21 01:00:00,1864.0,1873.4166
2017-08-21 02:00:00,1790.0,1783.5261
2017-08-21 03:00:00,1757.0,1739.3966
2017-08-21 04:00:00,1795.0,1764.1093
2017-08-21 05:00:00,1916.0,1915.2856
2017-08-21 06:00:00,2119.0,2139.1611
2017-08-21 07:00:00,2244.0,2263.8398
2017-08-21 08:00:00,2384.0,2362.6318
2017-08-21 09:00:00,2549.0,2546.052
2017-08-21 10:00:00,2748.0,2733.8315
2017-08-21 11:00:00,2917.0,2887.0652
2017-08-21 12:00:00,3055.0,3048.8062
2017-08-21 13:00:00,3116.0,3149.8218
2017-08-21 14:00:00,3009.0,3173.7664
2017-08-21 15:00:00,2984.0,3014.0408
2017-08-21 16:00:00,3039.0,2986.189
2017-08-21 17:00:00,2992.0,3038.7776
2017-08-21 18:00:00,2925.0,2963.9626
2017-08-21 19:00:00,2852.0,2833.34
2017-08-21 20:00:00,2829.0,2781.628
2017-08-21 21:00:00,2730.0,2737.7212
2017-08-21 22:00:00,2507.0,2497.3296
2017-08-21 23:00:00,2311.0,2264.5242
2017-08-22 00:00:00,2152.0,2132.0706
2017-08-22 01:00:00,2048.0,2011.0681
2017-08-22 02:00:00,1968.0,1955.1676
2017-08-22 03:00:00,1930.0,1915.6179
2017-08-22 04:00:00,1946.0,1928.7797
2017-08-22 05:00:00,2046.0,2054.214
2017-08-22 06:00:00,2253.0,2243.0476
2017-08-22 07:00:00,2368.0,2380.827
2017-08-22 08:00:00,2481.0,2457.122
2017-08-22 09:00:00,2590.0,2611.2002
2017-08-22 10:00:00,2730.0,2713.5212
2017-08-22 11:00:00,2776.0,2845.2512
2017-08-22 12:00:00,2797.0,2840.2307
2017-08-22 13:00:00,2710.0,2811.3682
2017-08-22 14:00:00,2639.0,2691.3027
2017-08-22 15:00:00,2597.0,2616.103
2017-08-22 16:00:00,2653.0,2579.5803
2017-08-22 17:00:00,2701.0,2645.6702
2017-08-22 18:00:00,2686.0,2718.2163
2017-08-22 19:00:00,2616.0,2627.8572
2017-08-22 20:00:00,2579.0,2576.6042
2017-08-22 21:00:00,2495.0,2532.5168
2017-08-22 22:00:00,2288.0,2308.9062
2017-08-22 23:00:00,2069.0,2090.9905
2017-08-23 00:00:00,1899.0,1917.235
2017-08-23 01:00:00,1774.0,1778.3003
2017-08-23 02:00:00,1690.0,1686.6556
2017-08-23 03:00:00,1623.0,1640.4946
2017-08-23 04:00:00,1618.0,1628.6292
2017-08-23 05:00:00,1700.0,1692.1519
2017-08-23 06:00:00,1888.0,1867.6193
2017-08-23 07:00:00,1959.0,1975.6428
2017-08-23 08:00:00,2048.0,2043.9882
2017-08-23 09:00:00,2145.0,2134.7488
2017-08-23 10:00:00,2237.0,2232.1338
2017-08-23 11:00:00,2301.0,2317.7258
2017-08-23 12:00:00,2358.0,2376.1528
2017-08-23 13:00:00,2406.0,2420.863
2017-08-23 14:00:00,2433.0,2440.841
2017-08-23 15:00:00,2453.0,2442.422
2017-08-23 16:00:00,2463.0,2472.2456
2017-08-23 17:00:00,2467.0,2447.9922
2017-08-23 18:00:00,2433.0,2422.2964
2017-08-23 19:00:00,2324.0,2357.0676
2017-08-23 20:00:00,2273.0,2275.9172
2017-08-23 21:00:00,2195.0,2245.0022
2017-08-23 22:00:00,2006.0,2033.363
2017-08-23 23:00:00,1835.0,1814.3148
2017-08-24 00:00:00,1705.0,1696.1395
2017-08-24 01:00:00,1599.0,1605.0161
2017-08-24 02:00:00,1553.0,1532.0359
2017-08-24 03:00:00,1518.0,1511.1232
2017-08-24 04:00:00,1531.0,1534.5237
2017-08-24 05:00:00,1615.0,1624.0005
2017-08-24 06:00:00,1787.0,1772.1421
2017-08-24 07:00:00,1876.0,1881.6351
2017-08-24 08:00:00,1940.0,1966.5992
2017-08-24 09:00:00,2008.0,2030.3918
2017-08-24 10:00:00,2093.0,2091.7842
2017-08-24 11:00:00,2138.0,2150.665
2017-08-24 12:00:00,2183.0,2185.902
2017-08-24 13:00:00,2223.0,2234.834
2017-08-24 14:00:00,2201.0,2241.9238
2017-08-24 15:00:00,2227.0,2180.5234
2017-08-24 16:00:00,2272.0,2242.859
2017-08-24 17:00:00,2260.0,2279.8333
2017-08-24 18:00:00,2225.0,2216.0767
2017-08-24 19:00:00,2162.0,2168.5059
2017-08-24 20:00:00,2136.0,2134.806
2017-08-24 21:00:00,2090.0,2101.9707
2017-08-24 22:00:00,1914.0,1938.1573
2017-08-24 23:00:00,1759.0,1751.0363
2017-08-25 00:00:00,1639.0,1629.1855
2017-08-25 01:00:00,1568.0,1548.8811
2017-08-25 02:00:00,1505.0,1506.8988
2017-08-25 03:00:00,1486.0,1480.4558
2017-08-25 04:00:00,1498.0,1497.3887
2017-08-25 05:00:00,1577.0,1571.1366
2017-08-25 06:00:00,1756.0,1730.0975
2017-08-25 07:00:00,1840.0,1865.231
2017-08-25 08:00:00,1897.0,1924.4581
2017-08-25 09:00:00,1970.0,1977.9269
2017-08-25 10:00:00,2049.0,2042.0693
2017-08-25 11:00:00,2083.0,2086.502
2017-08-25 12:00:00,2121.0,2115.505
2017-08-25 13:00:00,2171.0,2145.4229
2017-08-25 14:00:00,2172.0,2192.9563
2017-08-25 15:00:00,2187.0,2166.922
2017-08-25 16:00:00,2188.0,2194.8586
2017-08-25 17:00:00,2170.0,2165.3218
2017-08-25 18:00:00,2109.0,2120.1394
2017-08-25 19:00:00,2016.0,2050.4128
2017-08-25 20:00:00,1966.0,1988.8757
2017-08-25 21:00:00,1913.0,1961.6332
2017-08-25 22:00:00,1779.0,1782.9178
2017-08-25 23:00:00,1634.0,1628.4733
2017-08-26 00:00:00,1499.0,1501.0104
2017-08-26 01:00:00,1419.0,1407.223
2017-08-26 02:00:00,1356.0,1366.0653
2017-08-26 03:00:00,1327.0,1323.0492
2017-08-26 04:00:00,1338.0,1323.9174
2017-08-26 05:00:00,1341.0,1351.634
2017-08-26 06:00:00,1404.0,1405.2423
2017-08-26 07:00:00,1434.0,1451.2004
2017-08-26 08:00:00,1525.0,1536.811
2017-08-26 09:00:00,1628.0,1644.6309
2017-08-26 10:00:00,1697.0,1707.4711
2017-08-26 11:00:00,1741.0,1738.2216
2017-08-26 12:00:00,1781.0,1775.0632
2017-08-26 13:00:00,1819.0,1802.004
2017-08-26 14:00:00,1845.0,1853.0166
2017-08-26 15:00:00,1886.0,1864.7478
2017-08-26 16:00:00,1946.0,1908.9858
2017-08-26 17:00:00,1973.0,1965.108
2017-08-26 18:00:00,1937.0,1960.6824
2017-08-26 19:00:00,1862.0,1895.5414
2017-08-26 20:00:00,1832.0,1843.4491
2017-08-26 21:00:00,1773.0,1818.6431
2017-08-26 22:00:00,1648.0,1675.5847
2017-08-26 23:00:00,1505.0,1518.4895
2017-08-27 00:00:00,1404.0,1385.3402
2017-08-27 01:00:00,1336.0,1317.8646
2017-08-27 02:00:00,1289.0,1280.8817
2017-08-27 03:00:00,1247.0,1242.4092
2017-08-27 04:00:00,1237.0,1211.5853
2017-08-27 05:00:00,1248.0,1220.9935
2017-08-27 06:00:00,1276.0,1240.7786
2017-08-27 07:00:00,1296.0,1296.809
2017-08-27 08:00:00,1382.0,1399.3253
2017-08-27 09:00:00,1485.0,1487.2039
2017-08-27 10:00:00,1572.0,1562.126
2017-08-27 11:00:00,1651.0,1636.4686
2017-08-27 12:00:00,1732.0,1696.1093
2017-08-27 13:00:00,1776.0,1784.6265
2017-08-27 14:00:00,1847.0,1820.6766
2017-08-27 15:00:00,1922.0,1896.813
2017-08-27 16:00:00,2009.0,1969.1292
2017-08-27 17:00:00,2071.0,2059.5437
2017-08-27 18:00:00,2077.0,2087.4265
2017-08-27 19:00:00,2023.0,2069.3826
2017-08-27 20:00:00,2022.0,2014.6003
2017-08-27 21:00:00,1963.0,2025.1677
2017-08-27 22:00:00,1827.0,1863.367
2017-08-27 23:00:00,1714.0,1685.316
2017-08-28 00:00:00,1612.0,1602.8611
2017-08-28 01:00:00,1535.0,1536.4948
2017-08-28 02:00:00,1496.0,1489.0074
2017-08-28 03:00:00,1475.0,1482.2653
2017-08-28 04:00:00,1508.0,1499.3995
2017-08-28 05:00:00,1627.0,1615.2982
2017-08-28 06:00:00,1835.0,1820.7854
2017-08-28 07:00:00,1947.0,1950.8438
2017-08-28 08:00:00,2018.0,2032.1652
2017-08-28 09:00:00,2070.0,2106.1702
2017-08-28 10:00:00,2134.0,2150.494
2017-08-28 11:00:00,2169.0,2187.6138
2017-08-28 12:00:00,2223.0,2204.602
2017-08-28 13:00:00,2260.0,2255.3093
2017-08-28 14:00:00,2277.0,2282.8271
2017-08-28 15:00:00,2315.0,2272.8516
2017-08-28 16:00:00,2333.0,2341.635
2017-08-28 17:00:00,2349.0,2325.7769
2017-08-28 18:00:00,2308.0,2309.8884
2017-08-28 19:00:00,2268.0,2257.8914
2017-08-28 20:00:00,2270.0,2247.5994
2017-08-28 21:00:00,2187.0,2235.7356
2017-08-28 22:00:00,2024.0,2010.769
2017-08-28 23:00:00,1847.0,1843.0089
2017-08-29 00:00:00,1748.0,1711.5167
2017-08-29 01:00:00,1659.0,1659.8519
2017-08-29 02:00:00,1610.0,1605.803
2017-08-29 03:00:00,1598.0,1582.8934
2017-08-29 04:00:00,1607.0,1619.413
2017-08-29 05:00:00,1708.0,1709.0746
2017-08-29 06:00:00,1908.0,1902.4155
2017-08-29 07:00:00,2004.0,2038.5808
2017-08-29 08:00:00,2046.0,2096.4387
2017-08-29 09:00:00,2127.0,2118.9775
2017-08-29 10:00:00,2199.0,2189.3657
2017-08-29 11:00:00,2262.0,2236.9336
2017-08-29 12:00:00,2318.0,2310.4873
2017-08-29 13:00:00,2391.0,2369.9487
2017-08-29 14:00:00,2384.0,2430.108
2017-08-29 15:00:00,2348.0,2375.7158
2017-08-29 16:00:00,2338.0,2339.9468
2017-08-29 17:00:00,2350.0,2314.6238
2017-08-29 18:00:00,2352.0,2316.0664
2017-08-29 19:00:00,2290.0,2309.3286
2017-08-29 20:00:00,2283.0,2276.2932
2017-08-29 21:00:00,2201.0,2234.0273
2017-08-29 22:00:00,2019.0,2034.8883
2017-08-29 23:00:00,1838.0,1844.6666
2017-08-30 00:00:00,1711.0,1703.4453
2017-08-30 01:00:00,1629.0,1609.5897
2017-08-30 02:00:00,1569.0,1565.7965
2017-08-30 03:00:00,1532.0,1542.7261
2017-08-30 04:00:00,1545.0,1552.1953
2017-08-30 05:00:00,1643.0,1649.9203
2017-08-30 06:00:00,1827.0,1846.213
2017-08-30 07:00:00,1924.0,1933.2169
2017-08-30 08:00:00,1988.0,2006.736
2017-08-30 09:00:00,2071.0,2066.792
2017-08-30 10:00:00,2167.0,2152.0137
2017-08-30 11:00:00,2244.0,2227.0518
2017-08-30 12:00:00,2325.0,2307.6458
2017-08-30 13:00:00,2274.0,2387.8997
2017-08-30 14:00:00,2340.0,2267.9153
2017-08-30 15:00:00,2365.0,2351.5764
2017-08-30 16:00:00,2398.0,2381.3381
2017-08-30 17:00:00,2407.0,2398.699
2017-08-30 18:00:00,2352.0,2364.5688
2017-08-30 19:00:00,2281.0,2291.853
2017-08-30 20:00:00,2267.0,2258.1106
2017-08-30 21:00:00,2207.0,2234.5457
2017-08-30 22:00:00,2011.0,2046.6086
2017-08-30 23:00:00,1830.0,1844.0721
2017-08-31 00:00:00,1779.0,1691.963
2017-08-31 01:00:00,1676.0,1697.4415
2017-08-31 02:00:00,1610.0,1628.8932
2017-08-31 03:00:00,1562.0,1578.911
2017-08-31 04:00:00,1572.0,1575.1543
2017-08-31 05:00:00,1684.0,1666.4054
2017-08-31 06:00:00,1883.0,1889.2769
2017-08-31 07:00:00,1979.0,2007.3925
2017-08-31 08:00:00,2031.0,2067.0486
2017-08-31 09:00:00,2106.0,2110.84
2017-08-31 10:00:00,2178.0,2181.8262
2017-08-31 11:00:00,2244.0,2214.9177
2017-08-31 12:00:00,2328.0,2276.9863
2017-08-31 13:00:00,2423.0,2380.0276
2017-08-31 14:00:00,2487.0,2475.7134
2017-08-31 15:00:00,2485.0,2512.4226
2017-08-31 16:00:00,2505.0,2499.492
2017-08-31 17:00:00,2487.0,2494.5222
2017-08-31 18:00:00,2393.0,2430.9324
2017-08-31 19:00:00,2266.0,2320.066
2017-08-31 20:00:00,2247.0,2225.8718
2017-08-31 21:00:00,2135.0,2204.5176
2017-08-31 22:00:00,1953.0,1962.0419
2017-08-31 23:00:00,1762.0,1771.2047
2017-09-01 00:00:00,1629.0,1631.1873
2017-09-01 01:00:00,1539.0,1540.5728
2017-09-01 02:00:00,1490.0,1486.0582
2017-09-01 03:00:00,1455.0,1466.8811
2017-09-01 04:00:00,1475.0,1468.7549
2017-09-01 05:00:00,1561.0,1553.2639
2017-09-01 06:00:00,1738.0,1745.9187
2017-09-01 07:00:00,1835.0,1854.6743
2017-09-01 08:00:00,1855.0,1907.002
2017-09-01 09:00:00,1889.0,1922.1621
2017-09-01 10:00:00,1928.0,1954.2734
2017-09-01 11:00:00,1918.0,1969.5211
2017-09-01 12:00:00,1916.0,1932.1415
2017-09-01 13:00:00,1890.0,1921.7532
2017-09-01 14:00:00,1868.0,1873.271
2017-09-01 15:00:00,1804.0,1855.2992
2017-09-01 16:00:00,1766.0,1793.1176
2017-09-01 17:00:00,1769.0,1734.8899
2017-09-01 18:00:00,1737.0,1748.4027
2017-09-01 19:00:00,1722.0,1739.9688
2017-09-01 20:00:00,1752.0,1735.2152
2017-09-01 21:00:00,1686.0,1717.4788
2017-09-01 22:00:00,1585.0,1589.2069
2017-09-01 23:00:00,1445.0,1492.5488
2017-09-02 00:00:00,1355.0,1351.218
2017-09-02 01:00:00,1305.0,1294.5681
2017-09-02 02:00:00,1263.0,1274.446
2017-09-02 03:00:00,1245.0,1258.8192
2017-09-02 04:00:00,1243.0,1242.8296
2017-09-02 05:00:00,1255.0,1262.2614
2017-09-02 06:00:00,1307.0,1318.6368
2017-09-02 07:00:00,1368.0,1361.4933
2017-09-02 08:00:00,1429.0,1454.8484
2017-09-02 09:00:00,1503.0,1515.0531
2017-09-02 10:00:00,1555.0,1558.3641
2017-09-02 11:00:00,1560.0,1581.405
2017-09-02 12:00:00,1569.0,1576.6187
2017-09-02 13:00:00,1556.0,1576.9462
2017-09-02 14:00:00,1541.0,1558.7994
2017-09-02 15:00:00,1516.0,1549.4644
2017-09-02 16:00:00,1528.0,1525.2155
2017-09-02 17:00:00,1525.0,1545.3846
2017-09-02 18:00:00,1529.0,1533.4336
2017-09-02 19:00:00,1512.0,1551.7759
2017-09-02 20:00:00,1560.0,1569.3379
2017-09-02 21:00:00,1542.0,1582.465
2017-09-02 22:00:00,1466.0,1485.3065
2017-09-02 23:00:00,1374.0,1374.6893
2017-09-03 00:00:00,1294.0,1288.5432
2017-09-03 01:00:00,1258.0,1242.8271
2017-09-03 02:00:00,1232.0,1220.7244
2017-09-03 03:00:00,1207.0,1205.6367
2017-09-03 04:00:00,1207.0,1204.7836
2017-09-03 05:00:00,1229.0,1220.6202
2017-09-03 06:00:00,1252.0,1246.4264
2017-09-03 07:00:00,1298.0,1257.1328
2017-09-03 08:00:00,1358.0,1380.8772
2017-09-03 09:00:00,1430.0,1428.9574
2017-09-03 10:00:00,1500.0,1465.9939
2017-09-03 11:00:00,1551.0,1522.0243
2017-09-03 12:00:00,1599.0,1562.9661
2017-09-03 13:00:00,1644.0,1602.1748
2017-09-03 14:00:00,1680.0,1650.6176
2017-09-03 15:00:00,1716.0,1684.9758
2017-09-03 16:00:00,1785.0,1742.3259
2017-09-03 17:00:00,1811.0,1821.0481
2017-09-03 18:00:00,1792.0,1824.1487
2017-09-03 19:00:00,1764.0,1812.4541
2017-09-03 20:00:00,1751.0,1797.5328
2017-09-03 21:00:00,1692.0,1720.9198
2017-09-03 22:00:00,1589.0,1594.7971
2017-09-03 23:00:00,1473.0,1496.0007
2017-09-04 00:00:00,1376.0,1398.7351
2017-09-04 01:00:00,1303.0,1323.895
2017-09-04 02:00:00,1261.0,1275.3191
2017-09-04 03:00:00,1239.0,1253.7405
2017-09-04 04:00:00,1237.0,1225.4578
2017-09-04 05:00:00,1250.0,1250.1868
2017-09-04 06:00:00,1284.0,1263.0972
2017-09-04 07:00:00,1303.0,1310.122
2017-09-04 08:00:00,1384.0,1387.2854
2017-09-04 09:00:00,1509.0,1477.748
2017-09-04 10:00:00,1606.0,1633.1735
2017-09-04 11:00:00,1725.0,1692.4421
2017-09-04 12:00:00,1842.0,1799.1263
2017-09-04 13:00:00,1957.0,1880.0375
2017-09-04 14:00:00,2062.0,1995.8367
2017-09-04 15:00:00,2154.0,2105.0156
2017-09-04 16:00:00,2231.0,2213.3823
2017-09-04 17:00:00,2275.0,2267.067
2017-09-04 18:00:00,2265.0,2273.807
2017-09-04 19:00:00,2244.0,2248.027
2017-09-04 20:00:00,2292.0,2249.1787
2017-09-04 21:00:00,2212.0,2220.9116
2017-09-04 22:00:00,2073.0,2037.384
2017-09-04 23:00:00,1885.0,1889.4817
2017-09-05 00:00:00,1719.0,1751.594
2017-09-05 01:00:00,1622.0,1623.1246
2017-09-05 02:00:00,1551.0,1550.7303
2017-09-05 03:00:00,1533.0,1504.8915
2017-09-05 04:00:00,1556.0,1547.304
2017-09-05 05:00:00,1638.0,1661.0879
2017-09-05 06:00:00,1856.0,1853.4672
2017-09-05 07:00:00,1961.0,1989.8965
2017-09-05 08:00:00,2007.0,2047.82
2017-09-05 09:00:00,2050.0,2102.0728
2017-09-05 10:00:00,2109.0,2133.539
2017-09-05 11:00:00,2152.0,2156.285
2017-09-05 12:00:00,2206.0,2204.3406
2017-09-05 13:00:00,2237.0,2255.217
2017-09-05 14:00:00,2262.0,2259.5981
2017-09-05 15:00:00,2257.0,2263.4766
2017-09-05 16:00:00,2249.0,2258.8333
2017-09-05 17:00:00,2215.0,2234.5361
2017-09-05 18:00:00,2147.0,2186.5046
2017-09-05 19:00:00,2068.0,2137.9797
2017-09-05 20:00:00,2071.0,2084.5898
2017-09-05 21:00:00,1942.0,1997.8029
2017-09-05 22:00:00,1818.0,1777.2799
2017-09-05 23:00:00,1681.0,1650.869
2017-09-06 00:00:00,1582.0,1568.5797
2017-09-06 01:00:00,1501.0,1515.4055
2017-09-06 02:00:00,1464.0,1455.27
2017-09-06 03:00:00,1441.0,1438.5131
2017-09-06 04:00:00,1462.0,1467.8939
2017-09-06 05:00:00,1558.0,1565.6182
2017-09-06 06:00:00,1742.0,1765.3086
2017-09-06 07:00:00,1845.0,1863.9211
2017-09-06 08:00:00,1897.0,1894.6494
2017-09-06 09:00:00,1929.0,1962.5063
2017-09-06 10:00:00,1990.0,1983.8982
2017-09-06 11:00:00,2002.0,2018.959
2017-09-06 12:00:00,2023.0,2021.8988
2017-09-06 13:00:00,2013.0,2035.592
2017-09-06 14:00:00,2018.0,1993.1515
2017-09-06 15:00:00,1977.0,1988.6404
2017-09-06 16:00:00,1963.0,1954.7692
2017-09-06 17:00:00,1945.0,1946.2258
2017-09-06 18:00:00,1924.0,1916.8019
2017-09-06 19:00:00,1911.0,1921.0502
2017-09-06 20:00:00,1950.0,1946.5099
2017-09-06 21:00:00,1886.0,1892.1246
2017-09-06 22:00:00,1751.0,1756.7103
2017-09-06 23:00:00,1625.0,1613.0186
2017-09-07 00:00:00,1542.0,1523.1836
2017-09-07 01:00:00,1476.0,1469.7067
2017-09-07 02:00:00,1440.0,1441.3029
2017-09-07 03:00:00,1427.0,1424.8818
2017-09-07 04:00:00,1451.0,1456.0779
2017-09-07 05:00:00,1548.0,1567.73
2017-09-07 06:00:00,1751.0,1755.1572
2017-09-07 07:00:00,1845.0,1864.4911
2017-09-07 08:00:00,1929.0,1884.1895
2017-09-07 09:00:00,1950.0,1963.0011
2017-09-07 10:00:00,1972.0,1986.221
2017-09-07 11:00:00,1983.0,1984.3528
2017-09-07 12:00:00,2003.0,1995.4204
2017-09-07 13:00:00,1988.0,2012.9783
2017-09-07 14:00:00,1982.0,1969.8232
2017-09-07 15:00:00,1963.0,1955.346
2017-09-07 16:00:00,1941.0,1953.7446
2017-09-07 17:00:00,1923.0,1929.8788
2017-09-07 18:00:00,1911.0,1904.9027
2017-09-07 19:00:00,1913.0,1925.0476
2017-09-07 20:00:00,1969.0,1957.128
2017-09-07 21:00:00,1915.0,1891.3707
2017-09-07 22:00:00,1790.0,1775.075
2017-09-07 23:00:00,1656.0,1644.9895
2017-09-08 00:00:00,1566.0,1551.6721
2017-09-08 01:00:00,1482.0,1497.7653
2017-09-08 02:00:00,1457.0,1436.0656
2017-09-08 03:00:00,1431.0,1441.0558
2017-09-08 04:00:00,1457.0,1459.7327
2017-09-08 05:00:00,1554.0,1570.4551
2017-09-08 06:00:00,1737.0,1755.8988
2017-09-08 07:00:00,1829.0,1846.2317
2017-09-08 08:00:00,1866.0,1881.6842
2017-09-08 09:00:00,1928.0,1901.0592
2017-09-08 10:00:00,1964.0,1957.6731
2017-09-08 11:00:00,1986.0,1972.1765
2017-09-08 12:00:00,1991.0,1997.7351
2017-09-08 13:00:00,2014.0,1986.5398
2017-09-08 14:00:00,1987.0,2005.5222
2017-09-08 15:00:00,1952.0,1946.4441
2017-09-08 16:00:00,1961.0,1927.5546
2017-09-08 17:00:00,1950.0,1951.3678
2017-09-08 18:00:00,1899.0,1929.0594
2017-09-08 19:00:00,1863.0,1892.0077
2017-09-08 20:00:00,1887.0,1880.6798
2017-09-08 21:00:00,1843.0,1854.5835
2017-09-08 22:00:00,1723.0,1733.8279
2017-09-08 23:00:00,1598.0,1586.349
2017-09-09 00:00:00,1404.0,1481.1965
2017-09-09 01:00:00,1413.0,1319.9651
2017-09-09 02:00:00,1357.0,1345.4202
2017-09-09 03:00:00,1339.0,1334.4111
2017-09-09 04:00:00,1338.0,1349.169
2017-09-09 05:00:00,1352.0,1362.8048
2017-09-09 06:00:00,1412.0,1420.6895
2017-09-09 07:00:00,1452.0,1485.056
2017-09-09 08:00:00,1538.0,1543.6973
2017-09-09 09:00:00,1613.0,1617.016
2017-09-09 10:00:00,1665.0,1664.3914
2017-09-09 11:00:00,1684.0,1689.9509
2017-09-09 12:00:00,1702.0,1688.8322
2017-09-09 13:00:00,1703.0,1691.6847
2017-09-09 14:00:00,1709.0,1682.3969
2017-09-09 15:00:00,1718.0,1703.485
2017-09-09 16:00:00,1735.0,1718.3317
2017-09-09 17:00:00,1747.0,1740.4784
2017-09-09 18:00:00,1732.0,1734.5176
2017-09-09 19:00:00,1688.0,1739.439
2017-09-09 20:00:00,1686.0,1711.0513
2017-09-09 21:00:00,1633.0,1665.5823
2017-09-09 22:00:00,1534.0,1527.7273
2017-09-09 23:00:00,1417.0,1426.1896
2017-09-10 00:00:00,1338.0,1332.0696
2017-09-10 01:00:00,1266.0,1270.6989
2017-09-10 02:00:00,1240.0,1242.5216
2017-09-10 03:00:00,1227.0,1218.8231
2017-09-10 04:00:00,1220.0,1213.4224
2017-09-10 05:00:00,1232.0,1227.3158
2017-09-10 06:00:00,1287.0,1265.3499
2017-09-10 07:00:00,1322.0,1324.3069
2017-09-10 08:00:00,1389.0,1407.7695
2017-09-10 09:00:00,1460.0,1468.6971
2017-09-10 10:00:00,1517.0,1517.7708
2017-09-10 11:00:00,1547.0,1569.2479
2017-09-10 12:00:00,1585.0,1581.0288
2017-09-10 13:00:00,1606.0,1608.7837
2017-09-10 14:00:00,1612.0,1606.9595
2017-09-10 15:00:00,1624.0,1612.5509
2017-09-10 16:00:00,1670.0,1633.917
2017-09-10 17:00:00,1706.0,1699.3916
2017-09-10 18:00:00,1702.0,1726.7223
2017-09-10 19:00:00,1701.0,1730.7979
2017-09-10 20:00:00,1758.0,1746.8953
2017-09-10 21:00:00,1716.0,1719.1854
2017-09-10 22:00:00,1595.0,1621.1852
2017-09-10 23:00:00,1528.0,1496.7896
2017-09-11 00:00:00,1457.0,1448.2601
2017-09-11 01:00:00,1408.0,1419.2542
2017-09-11 02:00:00,1394.0,1388.8601
2017-09-11 03:00:00,1389.0,1401.4061
2017-09-11 04:00:00,1411.0,1424.4473
2017-09-11 05:00:00,1531.0,1525.3679
2017-09-11 06:00:00,1741.0,1756.3815
2017-09-11 07:00:00,1852.0,1889.2924
2017-09-11 08:00:00,1876.0,1892.4457
2017-09-11 09:00:00,1931.0,1934.4238
2017-09-11 10:00:00,1971.0,1996.3943
2017-09-11 11:00:00,2001.0,1994.6038
2017-09-11 12:00:00,2032.0,2029.9854
2017-09-11 13:00:00,2053.0,2045.0973
2017-09-11 14:00:00,2060.0,2058.0542
2017-09-11 15:00:00,2051.0,2042.7162
2017-09-11 16:00:00,2045.0,2046.7473
2017-09-11 17:00:00,2025.0,2033.4344
2017-09-11 18:00:00,2007.0,1997.3323
2017-09-11 19:00:00,1996.0,2017.9877
2017-09-11 20:00:00,2037.0,2034.0015
2017-09-11 21:00:00,1953.0,1954.7389
2017-09-11 22:00:00,1794.0,1801.5695
2017-09-11 23:00:00,1663.0,1647.217
2017-09-12 00:00:00,1574.0,1560.4878
2017-09-12 01:00:00,1513.0,1498.4165
2017-09-12 02:00:00,1464.0,1466.351
2017-09-12 03:00:00,1438.0,1441.6195
2017-09-12 04:00:00,1464.0,1463.9045
2017-09-12 05:00:00,1570.0,1558.9688
2017-09-12 06:00:00,1764.0,1795.8387
2017-09-12 07:00:00,1884.0,1886.2466
2017-09-12 08:00:00,1902.0,1916.0686
2017-09-12 09:00:00,1943.0,1950.1027
2017-09-12 10:00:00,1965.0,1990.638
2017-09-12 11:00:00,2003.0,1981.6091
2017-09-12 12:00:00,2024.0,2023.4724
2017-09-12 13:00:00,2048.0,2035.2421
2017-09-12 14:00:00,2046.0,2046.7069
2017-09-12 15:00:00,2024.0,2021.1313
2017-09-12 16:00:00,2016.0,2009.4448
2017-09-12 17:00:00,2008.0,2005.0251
2017-09-12 18:00:00,1969.0,1983.8474
2017-09-12 19:00:00,1964.0,1982.2482
2017-09-12 20:00:00,2005.0,2008.2657
2017-09-12 21:00:00,1940.0,1930.556
2017-09-12 22:00:00,1811.0,1791.6616
2017-09-12 23:00:00,1697.0,1656.1891
2017-09-13 00:00:00,1612.0,1596.3087
2017-09-13 01:00:00,1528.0,1541.537
2017-09-13 02:00:00,1487.0,1492.1278
2017-09-13 03:00:00,1466.0,1474.273
2017-09-13 04:00:00,1484.0,1493.476
2017-09-13 05:00:00,1599.0,1582.8131
2017-09-13 06:00:00,1787.0,1824.2056
2017-09-13 07:00:00,1919.0,1912.8518
2017-09-13 08:00:00,1964.0,1940.9652
2017-09-13 09:00:00,1993.0,2004.6766
2017-09-13 10:00:00,2040.0,2028.3334
2017-09-13 11:00:00,2036.0,2057.3215
2017-09-13 12:00:00,2057.0,2037.9084
2017-09-13 13:00:00,2059.0,2068.996
2017-09-13 14:00:00,2040.0,2045.7244
2017-09-13 15:00:00,2006.0,1999.2443
2017-09-13 16:00:00,1974.0,1985.0763
2017-09-13 17:00:00,1967.0,1959.8827
2017-09-13 18:00:00,1949.0,1953.7257
2017-09-13 19:00:00,1964.0,1966.7863
2017-09-13 20:00:00,1968.0,2016.372
2017-09-13 21:00:00,1907.0,1899.5789
2017-09-13 22:00:00,1771.0,1770.4218
2017-09-13 23:00:00,1657.0,1633.6299
2017-09-14 00:00:00,1571.0,1555.0713
2017-09-14 01:00:00,1513.0,1503.4762
2017-09-14 02:00:00,1477.0,1469.0946
2017-09-14 03:00:00,1467.0,1462.8082
2017-09-14 04:00:00,1481.0,1494.667
2017-09-14 05:00:00,1588.0,1588.9796
2017-09-14 06:00:00,1798.0,1814.6016
2017-09-14 07:00:00,1922.0,1919.6112
2017-09-14 08:00:00,1956.0,1930.9563
2017-09-14 09:00:00,1982.0,1987.1509
2017-09-14 10:00:00,2018.0,2015.6393
2017-09-14 11:00:00,2016.0,2025.6193
2017-09-14 12:00:00,2053.0,2023.0133
2017-09-14 13:00:00,2063.0,2065.7974
2017-09-14 14:00:00,2062.0,2053.4653
2017-09-14 15:00:00,2034.0,2033.4891
2017-09-14 16:00:00,2011.0,2021.5638
2017-09-14 17:00:00,2010.0,1997.4789
2017-09-14 18:00:00,1990.0,1986.3867
2017-09-14 19:00:00,1989.0,2001.793
2017-09-14 20:00:00,2058.0,2027.2
2017-09-14 21:00:00,1979.0,1977.5989
2017-09-14 22:00:00,1876.0,1831.9886
2017-09-14 23:00:00,1737.0,1724.9106
2017-09-15 00:00:00,1616.0,1627.5656
2017-09-15 01:00:00,1547.0,1539.7771
2017-09-15 02:00:00,1497.0,1492.9547
2017-09-15 03:00:00,1477.0,1482.6592
2017-09-15 04:00:00,1499.0,1503.6472
2017-09-15 05:00:00,1598.0,1600.1884
2017-09-15 06:00:00,1784.0,1816.3702
2017-09-15 07:00:00,1887.0,1894.6162
2017-09-15 08:00:00,1925.0,1914.8921
2017-09-15 09:00:00,2003.0,1956.6315
2017-09-15 10:00:00,2083.0,2040.1979
2017-09-15 11:00:00,2118.0,2108.0112
2017-09-15 12:00:00,2161.0,2152.1555
2017-09-15 13:00:00,2188.0,2177.2576
2017-09-15 14:00:00,2221.0,2193.161
2017-09-15 15:00:00,2203.0,2221.8293
2017-09-15 16:00:00,2207.0,2199.8394
2017-09-15 17:00:00,2179.0,2202.2485
2017-09-15 18:00:00,2136.0,2133.1147
2017-09-15 19:00:00,2065.0,2099.2913
2017-09-15 20:00:00,2087.0,2080.8833
2017-09-15 21:00:00,1996.0,2028.9258
2017-09-15 22:00:00,1866.0,1839.8363
2017-09-15 23:00:00,1706.0,1711.9161
2017-09-16 00:00:00,1576.0,1568.2594
2017-09-16 01:00:00,1476.0,1474.5192
2017-09-16 02:00:00,1411.0,1420.6023
2017-09-16 03:00:00,1378.0,1380.0089
2017-09-16 04:00:00,1374.0,1373.6444
2017-09-16 05:00:00,1405.0,1406.5242
2017-09-16 06:00:00,1471.0,1481.7532
2017-09-16 07:00:00,1521.0,1544.1843
2017-09-16 08:00:00,1603.0,1613.9558
2017-09-16 09:00:00,1706.0,1695.9198
2017-09-16 10:00:00,1801.0,1769.0677
2017-09-16 11:00:00,1881.0,1845.4602
2017-09-16 12:00:00,1939.0,1917.1979
2017-09-16 13:00:00,1996.0,1967.407
2017-09-16 14:00:00,2034.0,2016.4767
2017-09-16 15:00:00,2090.0,2072.2356
2017-09-16 16:00:00,2147.0,2116.2295
2017-09-16 17:00:00,2158.0,2165.2192
2017-09-16 18:00:00,2117.0,2120.5647
2017-09-16 19:00:00,2025.0,2077.6028
2017-09-16 20:00:00,2012.0,2029.1692
2017-09-16 21:00:00,1909.0,1951.8926
2017-09-16 22:00:00,1767.0,1768.7177
2017-09-16 23:00:00,1623.0,1624.7083
2017-09-17 00:00:00,1500.0,1501.3468
2017-09-17 01:00:00,1419.0,1406.4567
2017-09-17 02:00:00,1347.0,1362.4993
2017-09-17 03:00:00,1332.0,1316.992
2017-09-17 04:00:00,1303.0,1314.4106
2017-09-17 05:00:00,1323.0,1321.7372
2017-09-17 06:00:00,1352.0,1372.1665
2017-09-17 07:00:00,1369.0,1392.3179
2017-09-17 08:00:00,1470.0,1485.7423
2017-09-17 09:00:00,1589.0,1581.3984
2017-09-17 10:00:00,1698.0,1681.661
2017-09-17 11:00:00,1826.0,1769.7893
2017-09-17 12:00:00,1935.0,1918.228
2017-09-17 13:00:00,2029.0,2016.1847
2017-09-17 14:00:00,2114.0,2094.6006
2017-09-17 15:00:00,2182.0,2196.4395
2017-09-17 16:00:00,2234.0,2257.8828
2017-09-17 17:00:00,2275.0,2281.4365
2017-09-17 18:00:00,2273.0,2259.688
2017-09-17 19:00:00,2232.0,2231.893
2017-09-17 20:00:00,2239.0,2219.8171
2017-09-17 21:00:00,2115.0,2188.3557
2017-09-17 22:00:00,1954.0,1975.7332
2017-09-17 23:00:00,1826.0,1813.4474
2017-09-18 00:00:00,1715.0,1705.3777
2017-09-18 01:00:00,1623.0,1628.0706
2017-09-18 02:00:00,1592.0,1567.7229
2017-09-18 03:00:00,1567.0,1565.6031
2017-09-18 04:00:00,1588.0,1597.7573
2017-09-18 05:00:00,1698.0,1699.4264
2017-09-18 06:00:00,1911.0,1933.1342
2017-09-18 07:00:00,2037.0,2066.447
2017-09-18 08:00:00,2100.0,2124.4607
2017-09-18 09:00:00,2160.0,2177.7056
2017-09-18 10:00:00,2223.0,2231.1714
2017-09-18 11:00:00,2280.0,2270.5623
2017-09-18 12:00:00,2357.0,2334.582
2017-09-18 13:00:00,2433.0,2398.0652
2017-09-18 14:00:00,2500.0,2479.1257
2017-09-18 15:00:00,2552.0,2541.56
2017-09-18 16:00:00,2557.0,2573.6863
2017-09-18 17:00:00,2511.0,2551.5686
2017-09-18 18:00:00,2444.0,2463.1536
2017-09-18 19:00:00,2399.0,2387.3193
2017-09-18 20:00:00,2413.0,2405.3079
2017-09-18 21:00:00,2284.0,2309.665
2017-09-18 22:00:00,2123.0,2086.032
2017-09-18 23:00:00,1960.0,1928.8738
2017-09-19 00:00:00,1826.0,1815.518
2017-09-19 01:00:00,1733.0,1726.2009
2017-09-19 02:00:00,1668.0,1668.7485
2017-09-19 03:00:00,1639.0,1639.046
2017-09-19 04:00:00,1655.0,1658.8506
2017-09-19 05:00:00,1763.0,1756.5457
2017-09-19 06:00:00,1969.0,1973.7318
2017-09-19 07:00:00,2099.0,2103.592
2017-09-19 08:00:00,2130.0,2171.492
2017-09-19 09:00:00,2168.0,2216.1565
2017-09-19 10:00:00,2222.0,2246.8342
2017-09-19 11:00:00,2260.0,2269.1895
2017-09-19 12:00:00,2285.0,2296.009
2017-09-19 13:00:00,2277.0,2316.3328
2017-09-19 14:00:00,2261.0,2268.686
2017-09-19 15:00:00,2265.0,2230.5906
2017-09-19 16:00:00,2300.0,2271.1677
2017-09-19 17:00:00,2304.0,2305.9663
2017-09-19 18:00:00,2291.0,2280.7053
2017-09-19 19:00:00,2270.0,2265.0242
2017-09-19 20:00:00,2312.0,2266.5354
2017-09-19 21:00:00,2193.0,2240.909
2017-09-19 22:00:00,2022.0,2047.5847
2017-09-19 23:00:00,1874.0,1861.6473
2017-09-20 00:00:00,1743.0,1746.2682
2017-09-20 01:00:00,1666.0,1648.013
2017-09-20 02:00:00,1609.0,1608.4352
2017-09-20 03:00:00,1581.0,1591.7426
2017-09-20 04:00:00,1596.0,1603.7339
2017-09-20 05:00:00,1707.0,1696.8479
2017-09-20 06:00:00,1913.0,1933.892
2017-09-20 07:00:00,2041.0,2053.1555
2017-09-20 08:00:00,2079.0,2106.5874
2017-09-20 09:00:00,2148.0,2149.238
2017-09-20 10:00:00,2273.0,2206.5535
2017-09-20 11:00:00,2380.0,2324.6702
2017-09-20 12:00:00,2503.0,2446.1768
2017-09-20 13:00:00,2580.0,2601.62
2017-09-20 14:00:00,2655.0,2659.0298
2017-09-20 15:00:00,2702.0,2701.8118
2017-09-20 16:00:00,2748.0,2738.6138
2017-09-20 17:00:00,2767.0,2749.1118
2017-09-20 18:00:00,2711.0,2725.8254
2017-09-20 19:00:00,2628.0,2643.7966
2017-09-20 20:00:00,2604.0,2606.3186
2017-09-20 21:00:00,2439.0,2510.5051
2017-09-20 22:00:00,2253.0,2241.4204
2017-09-20 23:00:00,2037.0,2040.3301
2017-09-21 00:00:00,1893.0,1880.2439
2017-09-21 01:00:00,1778.0,1775.6895
2017-09-21 02:00:00,1697.0,1704.8341
2017-09-21 03:00:00,1659.0,1655.7676
2017-09-21 04:00:00,1658.0,1671.4053
2017-09-21 05:00:00,1771.0,1761.4645
2017-09-21 06:00:00,1982.0,1988.3855
2017-09-21 07:00:00,2115.0,2116.5356
2017-09-21 08:00:00,2159.0,2193.8088
2017-09-21 09:00:00,2284.0,2242.5486
2017-09-21 10:00:00,2444.0,2412.5178
2017-09-21 11:00:00,2614.0,2576.2646
2017-09-21 12:00:00,2773.0,2739.7483
2017-09-21 13:00:00,2904.0,2886.9666
2017-09-21 14:00:00,2994.0,2982.355
2017-09-21 15:00:00,3042.0,3039.1555
2017-09-21 16:00:00,3061.0,3087.479
2017-09-21 17:00:00,3024.0,3033.088
2017-09-21 18:00:00,2917.0,2993.5999
2017-09-21 19:00:00,2816.0,2822.9343
2017-09-21 20:00:00,2784.0,2773.4407
2017-09-21 21:00:00,2601.0,2684.749
2017-09-21 22:00:00,2394.0,2405.0264
2017-09-21 23:00:00,2192.0,2161.7708
2017-09-22 00:00:00,2030.0,2015.051
2017-09-22 01:00:00,1919.0,1901.4698
2017-09-22 02:00:00,1828.0,1825.8256
2017-09-22 03:00:00,1763.0,1776.1593
2017-09-22 04:00:00,1769.0,1763.918
2017-09-22 05:00:00,1846.0,1844.984
2017-09-22 06:00:00,2044.0,2041.1846
2017-09-22 07:00:00,2166.0,2177.7087
2017-09-22 08:00:00,2220.0,2258.7769
2017-09-22 09:00:00,2347.0,2320.6653
2017-09-22 10:00:00,2519.0,2482.0278
2017-09-22 11:00:00,2676.0,2643.5117
2017-09-22 12:00:00,2849.0,2786.0393
2017-09-22 13:00:00,2970.0,2947.9817
2017-09-22 14:00:00,3020.0,3014.2087
2017-09-22 15:00:00,3056.0,3005.631
2017-09-22 16:00:00,3067.0,3035.808
2017-09-22 17:00:00,3033.0,3002.9128
2017-09-22 18:00:00,2912.0,2966.05
2017-09-22 19:00:00,2771.0,2789.2466
2017-09-22 20:00:00,2680.0,2707.3616
2017-09-22 21:00:00,2512.0,2574.424
2017-09-22 22:00:00,2307.0,2298.0645
2017-09-22 23:00:00,2104.0,2084.4253
2017-09-23 00:00:00,1897.0,1909.5884
2017-09-23 01:00:00,1744.0,1755.9291
2017-09-23 02:00:00,1658.0,1648.1953
2017-09-23 03:00:00,1586.0,1598.9989
2017-09-23 04:00:00,1564.0,1564.9847
2017-09-23 05:00:00,1573.0,1584.606
2017-09-23 06:00:00,1624.0,1623.3232
2017-09-23 07:00:00,1674.0,1682.2428
2017-09-23 08:00:00,1783.0,1778.9668
2017-09-23 09:00:00,1950.0,1907.9977
2017-09-23 10:00:00,2128.0,2098.5315
2017-09-23 11:00:00,2283.0,2280.8103
2017-09-23 12:00:00,2408.0,2381.7812
2017-09-23 13:00:00,2529.0,2493.215
2017-09-23 14:00:00,2627.0,2587.1353
2017-09-23 15:00:00,2720.0,2676.5864
2017-09-23 16:00:00,2758.0,2775.4575
2017-09-23 17:00:00,2737.0,2765.1504
2017-09-23 18:00:00,2650.0,2661.6543
2017-09-23 19:00:00,2505.0,2537.7617
2017-09-23 20:00:00,2428.0,2432.1821
2017-09-23 21:00:00,2275.0,2331.682
2017-09-23 22:00:00,2078.0,2099.2446
2017-09-23 23:00:00,1892.0,1890.5238
2017-09-24 00:00:00,1735.0,1735.6328
2017-09-24 01:00:00,1609.0,1612.4424
2017-09-24 02:00:00,1529.0,1527.4191
2017-09-24 03:00:00,1471.0,1463.3424
2017-09-24 04:00:00,1429.0,1436.5009
2017-09-24 05:00:00,1432.0,1430.8588
2017-09-24 06:00:00,1456.0,1457.5575
2017-09-24 07:00:00,1485.0,1490.0034
2017-09-24 08:00:00,1581.0,1604.2223
2017-09-24 09:00:00,1739.0,1722.2761
2017-09-24 10:00:00,1898.0,1875.5201
2017-09-24 11:00:00,2048.0,2044.7683
2017-09-24 12:00:00,2203.0,2195.7769
2017-09-24 13:00:00,2338.0,2301.4634
2017-09-24 14:00:00,2461.0,2408.5964
2017-09-24 15:00:00,2542.0,2546.795
2017-09-24 16:00:00,2612.0,2619.9827
2017-09-24 17:00:00,2626.0,2636.8843
2017-09-24 18:00:00,2570.0,2591.5466
2017-09-24 19:00:00,2453.0,2481.6096
2017-09-24 20:00:00,2410.0,2406.522
2017-09-24 21:00:00,2238.0,2315.3193
2017-09-24 22:00:00,2052.0,2072.0283
2017-09-24 23:00:00,1888.0,1870.6313
2017-09-25 00:00:00,1761.0,1744.9324
2017-09-25 01:00:00,1671.0,1664.9326
2017-09-25 02:00:00,1614.0,1609.7631
2017-09-25 03:00:00,1592.0,1578.8552
2017-09-25 04:00:00,1603.0,1599.4426
2017-09-25 05:00:00,1716.0,1698.0533
2017-09-25 06:00:00,1929.0,1931.8019
2017-09-25 07:00:00,2048.0,2047.6858
2017-09-25 08:00:00,2093.0,2149.721
2017-09-25 09:00:00,2225.0,2211.5625
2017-09-25 10:00:00,2381.0,2370.8645
2017-09-25 11:00:00,2510.0,2495.764
2017-09-25 12:00:00,2661.0,2646.6587
2017-09-25 13:00:00,2812.0,2762.891
2017-09-25 14:00:00,2924.0,2915.7832
2017-09-25 15:00:00,2945.0,2970.2847
2017-09-25 16:00:00,2925.0,2979.2578
2017-09-25 17:00:00,2898.0,2885.8718
2017-09-25 18:00:00,2806.0,2842.628
2017-09-25 19:00:00,2738.0,2740.4812
2017-09-25 20:00:00,2705.0,2719.7124
2017-09-25 21:00:00,2528.0,2624.4663
2017-09-25 22:00:00,2300.0,2312.266
2017-09-25 23:00:00,2107.0,2071.6384
2017-09-26 00:00:00,1933.0,1937.8422
2017-09-26 01:00:00,1808.0,1805.6085
2017-09-26 02:00:00,1728.0,1723.8715
2017-09-26 03:00:00,1677.0,1681.3763
2017-09-26 04:00:00,1684.0,1687.3887
2017-09-26 05:00:00,1779.0,1772.3396
2017-09-26 06:00:00,1978.0,1989.3739
2017-09-26 07:00:00,2111.0,2109.33
2017-09-26 08:00:00,2147.0,2215.2102
2017-09-26 09:00:00,2292.0,2256.3071
2017-09-26 10:00:00,2433.0,2443.9653
2017-09-26 11:00:00,2587.0,2570.8892
2017-09-26 12:00:00,2743.0,2723.851
2017-09-26 13:00:00,2858.0,2870.767
2017-09-26 14:00:00,2952.0,2911.0212
2017-09-26 15:00:00,2979.0,2978.9443
2017-09-26 16:00:00,3023.0,3010.1394
2017-09-26 17:00:00,3040.0,3023.554
2017-09-26 18:00:00,2943.0,2982.2883
2017-09-26 19:00:00,2822.0,2861.539
2017-09-26 20:00:00,2753.0,2767.3977
2017-09-26 21:00:00,2562.0,2645.3577
2017-09-26 22:00:00,2329.0,2322.0562
2017-09-26 23:00:00,2108.0,2099.8076
2017-09-27 00:00:00,1940.0,1931.7585
2017-09-27 01:00:00,1838.0,1811.3392
2017-09-27 02:00:00,1757.0,1766.4972
2017-09-27 03:00:00,1699.0,1719.286
2017-09-27 04:00:00,1709.0,1707.3306
2017-09-27 05:00:00,1806.0,1803.8608
2017-09-27 06:00:00,1967.0,2021.0919
2017-09-27 07:00:00,2118.0,2098.6226
2017-09-27 08:00:00,2156.0,2221.8433
2017-09-27 09:00:00,2281.0,2266.7654
2017-09-27 10:00:00,2409.0,2407.5083
2017-09-27 11:00:00,2547.0,2526.583
2017-09-27 12:00:00,2698.0,2639.5784
2017-09-27 13:00:00,2825.0,2795.237
2017-09-27 14:00:00,2907.0,2896.1648
2017-09-27 15:00:00,2918.0,2959.1665
2017-09-27 16:00:00,2924.0,2928.8713
2017-09-27 17:00:00,2887.0,2857.794
2017-09-27 18:00:00,2757.0,2773.987
2017-09-27 19:00:00,2637.0,2669.6
2017-09-27 20:00:00,2551.0,2599.7861
2017-09-27 21:00:00,2355.0,2439.7915
2017-09-27 22:00:00,2119.0,2143.9954
2017-09-27 23:00:00,1914.0,1908.6798
2017-09-28 00:00:00,1756.0,1756.0897
2017-09-28 01:00:00,1634.0,1651.8877
2017-09-28 02:00:00,1560.0,1561.7424
2017-09-28 03:00:00,1522.0,1514.8136
2017-09-28 04:00:00,1520.0,1530.7701
2017-09-28 05:00:00,1617.0,1610.4496
2017-09-28 06:00:00,1797.0,1804.4713
2017-09-28 07:00:00,1888.0,1896.6182
2017-09-28 08:00:00,1911.0,1974.9247
2017-09-28 09:00:00,1961.0,2009.6587
2017-09-28 10:00:00,2021.0,2040.5515
2017-09-28 11:00:00,2058.0,2065.5947
2017-09-28 12:00:00,2091.0,2095.95
2017-09-28 13:00:00,2144.0,2122.979
2017-09-28 14:00:00,2169.0,2180.9546
2017-09-28 15:00:00,2162.0,2171.1558
2017-09-28 16:00:00,2152.0,2157.3938
2017-09-28 17:00:00,2158.0,2132.0654
2017-09-28 18:00:00,2104.0,2135.364
2017-09-28 19:00:00,2065.0,2065.0227
2017-09-28 20:00:00,2066.0,2056.1553
2017-09-28 21:00:00,1951.0,1993.5316
2017-09-28 22:00:00,1809.0,1786.0623
2017-09-28 23:00:00,1643.0,1636.8269
2017-09-29 00:00:00,1555.0,1530.7628
2017-09-29 01:00:00,1425.0,1467.1562
2017-09-29 02:00:00,1382.0,1383.1505
2017-09-29 03:00:00,1371.0,1360.09
2017-09-29 04:00:00,1381.0,1384.7994
2017-09-29 05:00:00,1465.0,1471.2753
2017-09-29 06:00:00,1657.0,1591.7512
2017-09-29 07:00:00,1757.0,1756.5182
2017-09-29 08:00:00,1786.0,1839.9039
2017-09-29 09:00:00,1833.0,1866.3008
2017-09-29 10:00:00,1887.0,1889.8693
2017-09-29 11:00:00,1895.0,1897.8114
2017-09-29 12:00:00,1928.0,1893.5034
2017-09-29 13:00:00,1946.0,1943.3572
2017-09-29 14:00:00,1966.0,1939.8467
2017-09-29 15:00:00,1944.0,1957.6913
2017-09-29 16:00:00,1942.0,1931.4774
2017-09-29 17:00:00,1926.0,1907.276
2017-09-29 18:00:00,1859.0,1895.0878
2017-09-29 19:00:00,1836.0,1821.5494
2017-09-29 20:00:00,1814.0,1830.978
2017-09-29 21:00:00,1736.0,1762.0325
2017-09-29 22:00:00,1626.0,1624.1754
2017-09-29 23:00:00,1483.0,1502.9572
2017-09-30 00:00:00,1379.0,1380.9012
2017-09-30 01:00:00,1298.0,1304.5637
2017-09-30 02:00:00,1254.0,1269.7625
2017-09-30 03:00:00,1234.0,1247.1406
2017-09-30 04:00:00,1230.0,1233.5157
2017-09-30 05:00:00,1266.0,1254.4951
2017-09-30 06:00:00,1318.0,1316.8696
2017-09-30 07:00:00,1376.0,1372.7598
2017-09-30 08:00:00,1454.0,1459.0385
2017-09-30 09:00:00,1518.0,1540.6003
2017-09-30 10:00:00,1559.0,1588.7561
2017-09-30 11:00:00,1575.0,1589.7754
2017-09-30 12:00:00,1569.0,1591.6742
2017-09-30 13:00:00,1569.0,1574.8473
2017-09-30 14:00:00,1569.0,1580.4305
2017-09-30 15:00:00,1575.0,1582.3518
2017-09-30 16:00:00,1587.0,1587.541
2017-09-30 17:00:00,1592.0,1600.0802
2017-09-30 18:00:00,1581.0,1593.3346
2017-09-30 19:00:00,1585.0,1589.9214
2017-09-30 20:00:00,1592.0,1619.6951
2017-09-30 21:00:00,1529.0,1583.1199
2017-09-30 22:00:00,1438.0,1458.3046
2017-09-30 23:00:00,1349.0,1359.683
2017-10-01 00:00:00,1257.0,1290.5953
2017-10-01 01:00:00,1211.0,1232.877
2017-10-01 02:00:00,1180.0,1202.592
2017-10-01 03:00:00,1161.0,1189.7426
2017-10-01 04:00:00,1151.0,1194.942
2017-10-01 05:00:00,1174.0,1217.8663
2017-10-01 06:00:00,1223.0,1249.3081
2017-10-01 07:00:00,1263.0,1269.594
2017-10-01 08:00:00,1338.0,1355.7637
2017-10-01 09:00:00,1396.0,1410.405
2017-10-01 10:00:00,1437.0,1454.6628
2017-10-01 11:00:00,1472.0,1496.0494
2017-10-01 12:00:00,1492.0,1510.0905
2017-10-01 13:00:00,1501.0,1506.795
2017-10-01 14:00:00,1506.0,1511.8973
2017-10-01 15:00:00,1519.0,1510.435
2017-10-01 16:00:00,1557.0,1551.6476
2017-10-01 17:00:00,1595.0,1591.8999
2017-10-01 18:00:00,1594.0,1630.1405
2017-10-01 19:00:00,1642.0,1682.1228
2017-10-01 20:00:00,1671.0,1691.9022
2017-10-01 21:00:00,1592.0,1657.4614
2017-10-01 22:00:00,1491.0,1521.5809
2017-10-01 23:00:00,1419.0,1383.6857
2017-10-02 00:00:00,1356.0,1358.1616
2017-10-02 01:00:00,1323.0,1313.8092
2017-10-02 02:00:00,1306.0,1302.3307
2017-10-02 03:00:00,1311.0,1302.9894
2017-10-02 04:00:00,1339.0,1321.4927
2017-10-02 05:00:00,1459.0,1421.6182
2017-10-02 06:00:00,1676.0,1637.7372
2017-10-02 07:00:00,1792.0,1813.8219
2017-10-02 08:00:00,1818.0,1862.814
2017-10-02 09:00:00,1868.0,1885.8025
2017-10-02 10:00:00,1915.0,1925.5931
2017-10-02 11:00:00,1956.0,1930.0923
2017-10-02 12:00:00,1995.0,1978.995
2017-10-02 13:00:00,2039.0,2018.6647
2017-10-02 14:00:00,2063.0,2059.0713
2017-10-02 15:00:00,2066.0,2055.7336
2017-10-02 16:00:00,2082.0,2070.7424
2017-10-02 17:00:00,2088.0,2102.283
2017-10-02 18:00:00,2059.0,2089.3257
2017-10-02 19:00:00,2060.0,2094.7224
2017-10-02 20:00:00,2049.0,2069.7512
2017-10-02 21:00:00,1919.0,1975.6885
2017-10-02 22:00:00,1779.0,1795.8389
2017-10-02 23:00:00,1644.0,1613.709
2017-10-03 00:00:00,1543.0,1547.4404
2017-10-03 01:00:00,1458.0,1462.8271
2017-10-03 02:00:00,1426.0,1415.7716
2017-10-03 03:00:00,1412.0,1404.4963
2017-10-03 04:00:00,1426.0,1437.8864
2017-10-03 05:00:00,1540.0,1532.4517
2017-10-03 06:00:00,1734.0,1762.5107
2017-10-03 07:00:00,1850.0,1876.9957
2017-10-03 08:00:00,1870.0,1880.3555
2017-10-03 09:00:00,1933.0,1926.2782
2017-10-03 10:00:00,2000.0,1987.2175
2017-10-03 11:00:00,2048.0,2027.4575
2017-10-03 12:00:00,2110.0,2075.6887
2017-10-03 13:00:00,2177.0,2142.5505
2017-10-03 14:00:00,2226.0,2211.9744
2017-10-03 15:00:00,2252.0,2242.168
2017-10-03 16:00:00,2290.0,2263.0151
2017-10-03 17:00:00,2315.0,2296.9888
2017-10-03 18:00:00,2273.0,2293.731
2017-10-03 19:00:00,2264.0,2280.6953
2017-10-03 20:00:00,2234.0,2257.1155
2017-10-03 21:00:00,2099.0,2151.1924
2017-10-03 22:00:00,1940.0,1944.5498
2017-10-03 23:00:00,1797.0,1762.4833
2017-10-04 00:00:00,1670.0,1686.9353
2017-10-04 01:00:00,1597.0,1592.4596
2017-10-04 02:00:00,1535.0,1547.0751
2017-10-04 03:00:00,1508.0,1508.6271
2017-10-04 04:00:00,1516.0,1524.7921
2017-10-04 05:00:00,1622.0,1607.0881
2017-10-04 06:00:00,1822.0,1846.1715
2017-10-04 07:00:00,1944.0,1957.072
2017-10-04 08:00:00,1962.0,1997.9867
2017-10-04 09:00:00,2015.0,2019.0225
2017-10-04 10:00:00,2079.0,2079.605
2017-10-04 11:00:00,2154.0,2112.4333
2017-10-04 12:00:00,2219.0,2201.6145
2017-10-04 13:00:00,2281.0,2263.9229
2017-10-04 14:00:00,2285.0,2306.4211
2017-10-04 15:00:00,2270.0,2283.1472
2017-10-04 16:00:00,2262.0,2264.204
2017-10-04 17:00:00,2247.0,2240.1653
2017-10-04 18:00:00,2227.0,2211.4165
2017-10-04 19:00:00,2221.0,2231.1233
2017-10-04 20:00:00,2211.0,2197.208
2017-10-04 21:00:00,2103.0,2117.838
2017-10-04 22:00:00,1938.0,1941.9437
2017-10-04 23:00:00,1812.0,1774.9254
2017-10-05 00:00:00,1693.0,1694.202
2017-10-05 01:00:00,1620.0,1619.4878
2017-10-05 02:00:00,1570.0,1561.598
2017-10-05 03:00:00,1536.0,1542.3353
2017-10-05 04:00:00,1562.0,1556.8684
2017-10-05 05:00:00,1664.0,1674.1746
2017-10-05 06:00:00,1866.0,1896.448
2017-10-05 07:00:00,1996.0,2022.121
2017-10-05 08:00:00,2025.0,2067.8533
2017-10-05 09:00:00,2060.0,2067.0146
2017-10-05 10:00:00,2089.0,2113.5193
2017-10-05 11:00:00,2077.0,2108.9163
2017-10-05 12:00:00,2081.0,2078.9216
2017-10-05 13:00:00,2079.0,2083.9348
2017-10-05 14:00:00,2068.0,2066.4287
2017-10-05 15:00:00,2052.0,2039.5745
2017-10-05 16:00:00,2040.0,2039.6565
2017-10-05 17:00:00,2020.0,2024.2572
2017-10-05 18:00:00,2018.0,1994.9796
2017-10-05 19:00:00,2039.0,2048.6545
2017-10-05 20:00:00,2040.0,2049.9348
2017-10-05 21:00:00,1947.0,1965.9651
2017-10-05 22:00:00,1822.0,1816.0413
2017-10-05 23:00:00,1717.0,1678.9974
2017-10-06 00:00:00,1632.0,1611.8646
2017-10-06 01:00:00,1548.0,1570.9962
2017-10-06 02:00:00,1517.0,1513.3683
2017-10-06 03:00:00,1488.0,1505.8639
2017-10-06 04:00:00,1531.0,1515.2017
2017-10-06 05:00:00,1618.0,1639.9066
2017-10-06 06:00:00,1826.0,1818.6504
2017-10-06 07:00:00,1953.0,1943.5254
2017-10-06 08:00:00,1988.0,1988.7633
2017-10-06 09:00:00,2025.0,2008.5751
2017-10-06 10:00:00,2064.0,2048.9329
2017-10-06 11:00:00,2074.0,2063.7126
2017-10-06 12:00:00,2110.0,2078.0898
2017-10-06 13:00:00,2139.0,2122.4321
2017-10-06 14:00:00,2131.0,2140.127
2017-10-06 15:00:00,2111.0,2104.3723
2017-10-06 16:00:00,2101.0,2100.8513
2017-10-06 17:00:00,2065.0,2073.976
2017-10-06 18:00:00,2008.0,2030.3716
2017-10-06 19:00:00,2022.0,2015.9567
2017-10-06 20:00:00,1999.0,2012.9644
2017-10-06 21:00:00,1915.0,1949.4778
2017-10-06 22:00:00,1803.0,1777.3016
2017-10-06 23:00:00,1681.0,1661.8582
2017-10-07 00:00:00,1560.0,1558.9795
2017-10-07 01:00:00,1487.0,1473.8483
2017-10-07 02:00:00,1418.0,1440.6635
2017-10-07 03:00:00,1386.0,1404.1259
2017-10-07 04:00:00,1387.0,1385.0405
2017-10-07 05:00:00,1407.0,1410.1765
2017-10-07 06:00:00,1482.0,1479.1334
2017-10-07 07:00:00,1559.0,1567.281
2017-10-07 08:00:00,1625.0,1652.2993
2017-10-07 09:00:00,1721.0,1705.664
2017-10-07 10:00:00,1805.0,1777.909
2017-10-07 11:00:00,1895.0,1826.611
2017-10-07 12:00:00,1946.0,1909.5385
2017-10-07 13:00:00,2014.0,1955.6918
2017-10-07 14:00:00,2036.0,2027.2181
2017-10-07 15:00:00,2060.0,2048.0308
2017-10-07 16:00:00,2086.0,2074.9019
2017-10-07 17:00:00,2060.0,2087.9956
2017-10-07 18:00:00,2029.0,2025.0928
2017-10-07 19:00:00,2031.0,2037.9984
2017-10-07 20:00:00,2006.0,2025.9835
2017-10-07 21:00:00,1947.0,1947.1443
2017-10-07 22:00:00,1808.0,1833.5583
2017-10-07 23:00:00,1676.0,1665.5831
2017-10-08 00:00:00,1555.0,1552.7253
2017-10-08 01:00:00,1472.0,1465.1624
2017-10-08 02:00:00,1405.0,1422.8003
2017-10-08 03:00:00,1366.0,1381.4814
2017-10-08 04:00:00,1329.0,1364.9601
2017-10-08 05:00:00,1315.0,1348.8623
2017-10-08 06:00:00,1360.0,1338.3159
2017-10-08 07:00:00,1400.0,1385.6793
2017-10-08 08:00:00,1451.0,1496.2666
2017-10-08 09:00:00,1537.0,1548.7523
2017-10-08 10:00:00,1604.0,1614.8639
2017-10-08 11:00:00,1625.0,1657.8499
2017-10-08 12:00:00,1675.0,1660.3269
2017-10-08 13:00:00,1670.0,1700.962
2017-10-08 14:00:00,1676.0,1676.1646
2017-10-08 15:00:00,1676.0,1679.8373
2017-10-08 16:00:00,1707.0,1690.4033
2017-10-08 17:00:00,1738.0,1741.5479
2017-10-08 18:00:00,1762.0,1748.7723
2017-10-08 19:00:00,1824.0,1820.2101
2017-10-08 20:00:00,1809.0,1841.2893
2017-10-08 21:00:00,1772.0,1733.648
2017-10-08 22:00:00,1703.0,1689.4327
2017-10-08 23:00:00,1629.0,1602.0961
2017-10-09 00:00:00,1567.0,1564.9341
2017-10-09 01:00:00,1522.0,1531.1926
2017-10-09 02:00:00,1500.0,1504.045
2017-10-09 03:00:00,1489.0,1501.0723
2017-10-09 04:00:00,1521.0,1524.8496
2017-10-09 05:00:00,1632.0,1636.2802
2017-10-09 06:00:00,1820.0,1870.2053
2017-10-09 07:00:00,1962.0,1978.7816
2017-10-09 08:00:00,2008.0,2024.5128
2017-10-09 09:00:00,2047.0,2056.3494
2017-10-09 10:00:00,2098.0,2093.3303
2017-10-09 11:00:00,2127.0,2109.4058
2017-10-09 12:00:00,2143.0,2142.527
2017-10-09 13:00:00,2147.0,2157.593
2017-10-09 14:00:00,2133.0,2138.622
2017-10-09 15:00:00,2132.0,2103.4668
2017-10-09 16:00:00,2125.0,2131.4402
2017-10-09 17:00:00,2126.0,2122.677
2017-10-09 18:00:00,2124.0,2120.3826
2017-10-09 19:00:00,2165.0,2168.6943
2017-10-09 20:00:00,2117.0,2170.5283
2017-10-09 21:00:00,2004.0,2033.0061
2017-10-09 22:00:00,1857.0,1883.8168
2017-10-09 23:00:00,1717.0,1723.7992
2017-10-10 00:00:00,1629.0,1613.2712
2017-10-10 01:00:00,1545.0,1560.8927
2017-10-10 02:00:00,1500.0,1506.777
2017-10-10 03:00:00,1486.0,1486.8589
2017-10-10 04:00:00,1495.0,1514.1355
2017-10-10 05:00:00,1592.0,1598.245
2017-10-10 06:00:00,1774.0,1813.9364
2017-10-10 07:00:00,1886.0,1933.5238
2017-10-10 08:00:00,1906.0,1939.77
2017-10-10 09:00:00,1956.0,1957.206
2017-10-10 10:00:00,2036.0,2002.3148
2017-10-10 11:00:00,2074.0,2058.401
2017-10-10 12:00:00,2114.0,2090.4412
2017-10-10 13:00:00,2153.0,2143.0417
2017-10-10 14:00:00,2171.0,2159.5615
2017-10-10 15:00:00,2159.0,2170.6428
2017-10-10 16:00:00,2155.0,2165.1272
2017-10-10 17:00:00,2141.0,2149.5627
2017-10-10 18:00:00,2135.0,2121.7122
2017-10-10 19:00:00,2160.0,2164.8672
2017-10-10 20:00:00,2134.0,2164.6106
2017-10-10 21:00:00,2024.0,2038.1624
2017-10-10 22:00:00,1872.0,1887.9496
2017-10-10 23:00:00,1755.0,1719.4253
2017-10-11 00:00:00,1670.0,1653.224
2017-10-11 01:00:00,1583.0,1605.162
2017-10-11 02:00:00,1553.0,1544.4904
2017-10-11 03:00:00,1530.0,1528.6526
2017-10-11 04:00:00,1547.0,1561.698
2017-10-11 05:00:00,1655.0,1668.919
2017-10-11 06:00:00,1874.0,1885.5587
2017-10-11 07:00:00,2015.0,2022.5015
2017-10-11 08:00:00,2062.0,2064.042
2017-10-11 09:00:00,2080.0,2105.2415
2017-10-11 10:00:00,2137.0,2120.0413
2017-10-11 11:00:00,2164.0,2153.8708
2017-10-11 12:00:00,2186.0,2188.2483
2017-10-11 13:00:00,2164.0,2199.4578
2017-10-11 14:00:00,2101.0,2147.695
2017-10-11 15:00:00,2046.0,2059.5215
2017-10-11 16:00:00,2009.0,2028.2285
2017-10-11 17:00:00,1988.0,1990.5295
2017-10-11 18:00:00,1972.0,1980.2715
2017-10-11 19:00:00,2003.0,2017.2391
2017-10-11 20:00:00,1961.0,2028.075
2017-10-11 21:00:00,1878.0,1894.533
2017-10-11 22:00:00,1752.0,1743.1769
2017-10-11 23:00:00,1639.0,1620.1206
2017-10-12 00:00:00,1554.0,1541.8611
2017-10-12 01:00:00,1500.0,1488.3208
2017-10-12 02:00:00,1449.0,1466.7195
2017-10-12 03:00:00,1438.0,1443.5443
2017-10-12 04:00:00,1452.0,1465.9088
2017-10-12 05:00:00,1550.0,1561.1041
2017-10-12 06:00:00,1737.0,1766.0522
2017-10-12 07:00:00,1877.0,1873.852
2017-10-12 08:00:00,1885.0,1911.2739
2017-10-12 09:00:00,1921.0,1911.8438
2017-10-12 10:00:00,1930.0,1964.4481
2017-10-12 11:00:00,1925.0,1924.5488
2017-10-12 12:00:00,1938.0,1922.9263
2017-10-12 13:00:00,1938.0,1936.5906
2017-10-12 14:00:00,1915.0,1928.5283
2017-10-12 15:00:00,1890.0,1888.043
2017-10-12 16:00:00,1875.0,1874.352
2017-10-12 17:00:00,1870.0,1867.1051
2017-10-12 18:00:00,1870.0,1873.9059
2017-10-12 19:00:00,1943.0,1928.0204
2017-10-12 20:00:00,1910.0,1954.6279
2017-10-12 21:00:00,1849.0,1842.7953
2017-10-12 22:00:00,1726.0,1739.6659
2017-10-12 23:00:00,1627.0,1609.5045
2017-10-13 00:00:00,1544.0,1539.5751
2017-10-13 01:00:00,1481.0,1489.5128
2017-10-13 02:00:00,1437.0,1453.2136
2017-10-13 03:00:00,1428.0,1429.1921
2017-10-13 04:00:00,1447.0,1456.9489
2017-10-13 05:00:00,1531.0,1560.4359
2017-10-13 06:00:00,1728.0,1696.866
2017-10-13 07:00:00,1848.0,1845.8109
2017-10-13 08:00:00,1882.0,1879.1477
2017-10-13 09:00:00,1912.0,1905.81
2017-10-13 10:00:00,1944.0,1934.3033
2017-10-13 11:00:00,1941.0,1937.2181
2017-10-13 12:00:00,1971.0,1934.0452
2017-10-13 13:00:00,1982.0,1969.4515
2017-10-13 14:00:00,2011.0,1962.8557
2017-10-13 15:00:00,1992.0,1992.0425
2017-10-13 16:00:00,2007.0,1972.1898
2017-10-13 17:00:00,1982.0,1990.0784
2017-10-13 18:00:00,1919.0,1960.8883
2017-10-13 19:00:00,1911.0,1938.434
2017-10-13 20:00:00,1865.0,1896.1478
2017-10-13 21:00:00,1798.0,1818.6747
2017-10-13 22:00:00,1683.0,1701.1311
2017-10-13 23:00:00,1548.0,1585.034
2017-10-14 00:00:00,1436.0,1439.5477
2017-10-14 01:00:00,1383.0,1358.1785
2017-10-14 02:00:00,1338.0,1338.994
2017-10-14 03:00:00,1318.0,1311.2535
2017-10-14 04:00:00,1328.0,1329.5135
2017-10-14 05:00:00,1358.0,1368.6909
2017-10-14 06:00:00,1427.0,1423.4841
2017-10-14 07:00:00,1494.0,1508.4264
2017-10-14 08:00:00,1557.0,1583.8633
2017-10-14 09:00:00,1636.0,1640.3757
2017-10-14 10:00:00,1692.0,1689.4054
2017-10-14 11:00:00,1724.0,1697.4464
2017-10-14 12:00:00,1760.0,1735.7938
2017-10-14 13:00:00,1801.0,1764.1506
2017-10-14 14:00:00,1831.0,1808.2107
2017-10-14 15:00:00,1854.0,1841.5869
2017-10-14 16:00:00,1912.0,1874.7274
2017-10-14 17:00:00,1919.0,1918.1703
2017-10-14 18:00:00,1880.0,1908.8014
2017-10-14 19:00:00,1877.0,1905.6194
2017-10-14 20:00:00,1845.0,1864.8046
2017-10-14 21:00:00,1783.0,1790.3257
2017-10-14 22:00:00,1701.0,1684.0577
2017-10-14 23:00:00,1591.0,1586.1951
2017-10-15 00:00:00,1504.0,1499.401
2017-10-15 01:00:00,1436.0,1433.3187
2017-10-15 02:00:00,1394.0,1383.8691
2017-10-15 03:00:00,1378.0,1368.9567
2017-10-15 04:00:00,1362.0,1372.1305
2017-10-15 05:00:00,1387.0,1375.6183
2017-10-15 06:00:00,1432.0,1427.5789
2017-10-15 07:00:00,1491.0,1499.5808
2017-10-15 08:00:00,1563.0,1565.3562
2017-10-15 09:00:00,1631.0,1640.9963
2017-10-15 10:00:00,1694.0,1662.4692
2017-10-15 11:00:00,1758.0,1720.785
2017-10-15 12:00:00,1803.0,1788.1414
2017-10-15 13:00:00,1782.0,1817.1229
2017-10-15 14:00:00,1721.0,1778.9456
2017-10-15 15:00:00,1670.0,1708.8347
2017-10-15 16:00:00,1652.0,1673.3912
2017-10-15 17:00:00,1634.0,1666.6119
2017-10-15 18:00:00,1629.0,1650.6433
2017-10-15 19:00:00,1693.0,1703.6395
2017-10-15 20:00:00,1674.0,1720.2722
2017-10-15 21:00:00,1611.0,1646.6259
2017-10-15 22:00:00,1542.0,1540.1886
2017-10-15 23:00:00,1461.0,1455.4501
2017-10-16 00:00:00,1414.0,1409.455
2017-10-16 01:00:00,1374.0,1377.0187
2017-10-16 02:00:00,1344.0,1364.4581
2017-10-16 03:00:00,1369.0,1354.1345
2017-10-16 04:00:00,1375.0,1421.0121
2017-10-16 05:00:00,1479.0,1484.0135
2017-10-16 06:00:00,1695.0,1688.7537
2017-10-16 07:00:00,1830.0,1841.815
2017-10-16 08:00:00,1842.0,1897.0409
2017-10-16 09:00:00,1871.0,1910.9338
2017-10-16 10:00:00,1890.0,1919.7714
2017-10-16 11:00:00,1892.0,1902.9209
2017-10-16 12:00:00,1905.0,1896.1624
2017-10-16 13:00:00,1893.0,1905.8097
2017-10-16 14:00:00,1891.0,1876.7761
2017-10-16 15:00:00,1855.0,1874.0192
2017-10-16 16:00:00,1837.0,1850.8757
2017-10-16 17:00:00,1838.0,1845.0464
2017-10-16 18:00:00,1838.0,1868.2778
2017-10-16 19:00:00,1908.0,1918.3392
2017-10-16 20:00:00,1899.0,1927.7703
2017-10-16 21:00:00,1805.0,1840.426
2017-10-16 22:00:00,1703.0,1717.6942
2017-10-16 23:00:00,1595.0,1598.0437
2017-10-17 00:00:00,1523.0,1505.035
2017-10-17 01:00:00,1469.0,1463.0564
2017-10-17 02:00:00,1445.0,1441.9009
2017-10-17 03:00:00,1430.0,1435.4572
2017-10-17 04:00:00,1456.0,1458.3695
2017-10-17 05:00:00,1574.0,1574.6024
2017-10-17 06:00:00,1782.0,1805.4436
2017-10-17 07:00:00,1930.0,1935.8376
2017-10-17 08:00:00,1927.0,1937.7395
2017-10-17 09:00:00,1925.0,1946.8518
2017-10-17 10:00:00,1933.0,1940.4722
2017-10-17 11:00:00,1932.0,1936.2463
2017-10-17 12:00:00,1937.0,1944.7913
2017-10-17 13:00:00,1937.0,1943.8739
2017-10-17 14:00:00,1907.0,1930.5498
2017-10-17 15:00:00,1883.0,1879.7222
2017-10-17 16:00:00,1865.0,1883.2493
2017-10-17 17:00:00,1857.0,1867.1478
2017-10-17 18:00:00,1853.0,1867.6227
2017-10-17 19:00:00,1922.0,1917.9457
2017-10-17 20:00:00,1899.0,1941.4836
2017-10-17 21:00:00,1811.0,1839.5127
2017-10-17 22:00:00,1700.0,1719.6196
2017-10-17 23:00:00,1589.0,1592.8259
2017-10-18 00:00:00,1528.0,1508.9812
2017-10-18 01:00:00,1462.0,1474.077
2017-10-18 02:00:00,1438.0,1440.4637
2017-10-18 03:00:00,1432.0,1434.1943
2017-10-18 04:00:00,1469.0,1459.6317
2017-10-18 05:00:00,1569.0,1583.8765
2017-10-18 06:00:00,1760.0,1789.5483
2017-10-18 07:00:00,1912.0,1907.4023
2017-10-18 08:00:00,1900.0,1924.6927
2017-10-18 09:00:00,1908.0,1924.5182
2017-10-18 10:00:00,1912.0,1933.8003
2017-10-18 11:00:00,1920.0,1915.4736
2017-10-18 12:00:00,1907.0,1927.5157
2017-10-18 13:00:00,1918.0,1902.632
2017-10-18 14:00:00,1902.0,1919.512
2017-10-18 15:00:00,1895.0,1882.4781
2017-10-18 16:00:00,1865.0,1885.6316
2017-10-18 17:00:00,1870.0,1859.3816
2017-10-18 18:00:00,1872.0,1889.482
2017-10-18 19:00:00,1919.0,1941.9385
2017-10-18 20:00:00,1898.0,1938.1919
2017-10-18 21:00:00,1820.0,1848.3971
2017-10-18 22:00:00,1701.0,1729.1943
2017-10-18 23:00:00,1585.0,1598.3326
2017-10-19 00:00:00,1572.0,1510.9384
2017-10-19 01:00:00,1521.0,1520.6256
2017-10-19 02:00:00,1492.0,1516.3752
2017-10-19 03:00:00,1480.0,1502.2346
2017-10-19 04:00:00,1506.0,1519.1853
2017-10-19 05:00:00,1627.0,1610.994
2017-10-19 06:00:00,1816.0,1851.8693
2017-10-19 07:00:00,1963.0,1958.4124
2017-10-19 08:00:00,1954.0,1966.9789
2017-10-19 09:00:00,1964.0,1964.9974
2017-10-19 10:00:00,1988.0,1981.2079
2017-10-19 11:00:00,1985.0,1979.3472
2017-10-19 12:00:00,2004.0,1981.4973
2017-10-19 13:00:00,2019.0,2005.1766
2017-10-19 14:00:00,2013.0,2002.9114
2017-10-19 15:00:00,2007.0,1984.8986
2017-10-19 16:00:00,1994.0,1993.0289
2017-10-19 17:00:00,1978.0,1989.8477
2017-10-19 18:00:00,1962.0,1977.4711
2017-10-19 19:00:00,2008.0,2019.3245
2017-10-19 20:00:00,1976.0,2021.4352
2017-10-19 21:00:00,1893.0,1907.2489
2017-10-19 22:00:00,1778.0,1774.2645
2017-10-19 23:00:00,1649.0,1655.0554
2017-10-20 00:00:00,1576.0,1552.0018
2017-10-20 01:00:00,1515.0,1513.6301
2017-10-20 02:00:00,1464.0,1478.3949
2017-10-20 03:00:00,1461.0,1447.0312
2017-10-20 04:00:00,1486.0,1486.203
2017-10-20 05:00:00,1591.0,1588.6622
2017-10-20 06:00:00,1770.0,1810.2699
2017-10-20 07:00:00,1922.0,1903.0701
2017-10-20 08:00:00,1923.0,1930.6024
2017-10-20 09:00:00,1945.0,1938.9441
2017-10-20 10:00:00,1984.0,1965.2284
2017-10-20 11:00:00,2005.0,1983.2657
2017-10-20 12:00:00,2028.0,2012.9583
2017-10-20 13:00:00,2054.0,2029.2905
2017-10-20 14:00:00,2063.0,2049.8115
2017-10-20 15:00:00,2043.0,2037.7611
2017-10-20 16:00:00,2036.0,2033.8903
2017-10-20 17:00:00,2011.0,2014.1083
2017-10-20 18:00:00,1960.0,1999.4932
2017-10-20 19:00:00,1958.0,1977.5962
2017-10-20 20:00:00,1909.0,1952.8171
2017-10-20 21:00:00,1819.0,1864.7202
2017-10-20 22:00:00,1708.0,1723.9075
2017-10-20 23:00:00,1585.0,1595.3335
2017-10-21 00:00:00,1479.0,1485.5138
2017-10-21 01:00:00,1417.0,1401.902
2017-10-21 02:00:00,1362.0,1376.8
2017-10-21 03:00:00,1351.0,1332.9883
2017-10-21 04:00:00,1358.0,1351.8717
2017-10-21 05:00:00,1398.0,1384.5037
2017-10-21 06:00:00,1470.0,1483.3868
2017-10-21 07:00:00,1563.0,1552.9026
2017-10-21 08:00:00,1615.0,1651.4125
2017-10-21 09:00:00,1673.0,1683.8572
2017-10-21 10:00:00,1729.0,1721.4381
2017-10-21 11:00:00,1743.0,1746.2227
2017-10-21 12:00:00,1764.0,1744.0659
2017-10-21 13:00:00,1755.0,1756.0139
2017-10-21 14:00:00,1728.0,1749.1176
2017-10-21 15:00:00,1715.0,1706.6201
2017-10-21 16:00:00,1725.0,1710.3619
2017-10-21 17:00:00,1731.0,1724.9697
2017-10-21 18:00:00,1713.0,1734.3835
2017-10-21 19:00:00,1751.0,1753.1223
2017-10-21 20:00:00,1723.0,1749.8158
2017-10-21 21:00:00,1659.0,1691.2723
2017-10-21 22:00:00,1573.0,1571.8063
2017-10-21 23:00:00,1464.0,1484.9962
2017-10-22 00:00:00,1384.0,1381.262
2017-10-22 01:00:00,1315.0,1324.6361
2017-10-22 02:00:00,1283.0,1272.8036
2017-10-22 03:00:00,1268.0,1256.4426
2017-10-22 04:00:00,1275.0,1270.3381
2017-10-22 05:00:00,1278.0,1299.2412
2017-10-22 06:00:00,1337.0,1323.4855
2017-10-22 07:00:00,1411.0,1386.2083
2017-10-22 08:00:00,1448.0,1489.5845
2017-10-22 09:00:00,1524.0,1531.3069
2017-10-22 10:00:00,1564.0,1569.7264
2017-10-22 11:00:00,1617.0,1582.8037
2017-10-22 12:00:00,1651.0,1631.6626
2017-10-22 13:00:00,1681.0,1655.648
2017-10-22 14:00:00,1706.0,1670.2941
2017-10-22 15:00:00,1713.0,1720.6954
2017-10-22 16:00:00,1763.0,1741.4044
2017-10-22 17:00:00,1754.0,1805.7802
2017-10-22 18:00:00,1772.0,1777.9573
2017-10-22 19:00:00,1845.0,1847.3818
2017-10-22 20:00:00,1817.0,1863.3602
2017-10-22 21:00:00,1743.0,1757.5527
2017-10-22 22:00:00,1650.0,1655.8026
2017-10-22 23:00:00,1570.0,1551.5255
2017-10-23 00:00:00,1520.0,1498.9244
2017-10-23 01:00:00,1462.0,1476.667
2017-10-23 02:00:00,1442.0,1443.2493
2017-10-23 03:00:00,1437.0,1435.8138
2017-10-23 04:00:00,1468.0,1480.4142
2017-10-23 05:00:00,1586.0,1596.813
2017-10-23 06:00:00,1799.0,1815.5347
2017-10-23 07:00:00,1945.0,1965.7264
2017-10-23 08:00:00,1982.0,1979.7338
2017-10-23 09:00:00,2013.0,2023.9486
2017-10-23 10:00:00,2048.0,2052.6868
2017-10-23 11:00:00,2070.0,2052.2986
2017-10-23 12:00:00,2065.0,2081.595
2017-10-23 13:00:00,2049.0,2065.681
2017-10-23 14:00:00,2047.0,2030.5636
2017-10-23 15:00:00,1987.0,2020.6232
2017-10-23 16:00:00,1981.0,1974.7094
2017-10-23 17:00:00,1974.0,1976.813
2017-10-23 18:00:00,1996.0,1983.6838
2017-10-23 19:00:00,2027.0,2051.7998
2017-10-23 20:00:00,1959.0,2028.7086
2017-10-23 21:00:00,1880.0,1885.8943
2017-10-23 22:00:00,1756.0,1765.3724
2017-10-23 23:00:00,1634.0,1637.7399
2017-10-24 00:00:00,1564.0,1538.1161
2017-10-24 01:00:00,1507.0,1496.6948
2017-10-24 02:00:00,1479.0,1473.9945
2017-10-24 03:00:00,1462.0,1471.402
2017-10-24 04:00:00,1496.0,1496.5594
2017-10-24 05:00:00,1603.0,1619.3925
2017-10-24 06:00:00,1803.0,1839.9194
2017-10-24 07:00:00,1943.0,1949.3344
2017-10-24 08:00:00,1970.0,1960.4996
2017-10-24 09:00:00,1992.0,1995.2137
2017-10-24 10:00:00,1988.0,2014.3887
2017-10-24 11:00:00,2002.0,1984.6587
2017-10-24 12:00:00,1999.0,2008.6915
2017-10-24 13:00:00,1985.0,1997.1179
2017-10-24 14:00:00,1983.0,1966.1544
2017-10-24 15:00:00,1949.0,1958.5189
2017-10-24 16:00:00,1967.0,1935.5593
2017-10-24 17:00:00,1984.0,1969.7551
2017-10-24 18:00:00,2035.0,1998.9165
2017-10-24 19:00:00,2079.0,2089.9832
2017-10-24 20:00:00,2057.0,2071.2314
2017-10-24 21:00:00,1972.0,1978.6985
2017-10-24 22:00:00,1849.0,1849.5153
2017-10-24 23:00:00,1743.0,1719.0189
2017-10-25 00:00:00,1669.0,1658.0927
2017-10-25 01:00:00,1607.0,1615.568
2017-10-25 02:00:00,1575.0,1578.8729
2017-10-25 03:00:00,1558.0,1565.9142
2017-10-25 04:00:00,1610.0,1595.2065
2017-10-25 05:00:00,1717.0,1740.5175
2017-10-25 06:00:00,1919.0,1946.3708
2017-10-25 07:00:00,2071.0,2064.2725
2017-10-25 08:00:00,2090.0,2071.4802
2017-10-25 09:00:00,2073.0,2101.0034
2017-10-25 10:00:00,2085.0,2073.431
2017-10-25 11:00:00,2049.0,2077.414
2017-10-25 12:00:00,2045.0,2040.1489
2017-10-25 13:00:00,2027.0,2033.6427
2017-10-25 14:00:00,2015.0,1997.9854
2017-10-25 15:00:00,1985.0,1989.7588
2017-10-25 16:00:00,1987.0,1971.3125
2017-10-25 17:00:00,1990.0,1996.676
2017-10-25 18:00:00,2008.0,2007.998
2017-10-25 19:00:00,2101.0,2061.875
2017-10-25 20:00:00,2099.0,2090.559
2017-10-25 21:00:00,2037.0,2024.0935
2017-10-25 22:00:00,1920.0,1912.1223
2017-10-25 23:00:00,1828.0,1792.9681
2017-10-26 00:00:00,1771.0,1748.048
2017-10-26 01:00:00,1726.0,1729.9784
2017-10-26 02:00:00,1704.0,1713.4667
2017-10-26 03:00:00,1702.0,1712.0548
2017-10-26 04:00:00,1750.0,1737.4193
2017-10-26 05:00:00,1868.0,1877.5573
2017-10-26 06:00:00,2080.0,2089.3235
2017-10-26 07:00:00,2213.0,2194.8608
2017-10-26 08:00:00,2217.0,2205.9043
2017-10-26 09:00:00,2189.0,2214.401
2017-10-26 10:00:00,2153.0,2175.646
2017-10-26 11:00:00,2093.0,2119.8503
2017-10-26 12:00:00,2050.0,2060.4446
2017-10-26 13:00:00,2038.0,2026.3381
2017-10-26 14:00:00,2009.0,2008.8331
2017-10-26 15:00:00,1945.0,1964.2858
2017-10-26 16:00:00,1920.0,1924.8175
2017-10-26 17:00:00,1920.0,1912.7198
2017-10-26 18:00:00,1944.0,1953.5923
2017-10-26 19:00:00,2035.0,2046.69
2017-10-26 20:00:00,2013.0,2059.5212
2017-10-26 21:00:00,1952.0,1947.9514
2017-10-26 22:00:00,1848.0,1834.0992
2017-10-26 23:00:00,1738.0,1743.2872
2017-10-27 00:00:00,1655.0,1649.1943
2017-10-27 01:00:00,1607.0,1602.8596
2017-10-27 02:00:00,1570.0,1586.8081
2017-10-27 03:00:00,1563.0,1566.4185
2017-10-27 04:00:00,1585.0,1599.0614
2017-10-27 05:00:00,1719.0,1696.3126
2017-10-27 06:00:00,1896.0,1940.8539
2017-10-27 07:00:00,2024.0,2045.841
2017-10-27 08:00:00,2035.0,2039.8708
2017-10-27 09:00:00,2031.0,2042.0411
2017-10-27 10:00:00,2043.0,2034.8129
2017-10-27 11:00:00,2014.0,2026.5593
2017-10-27 12:00:00,2026.0,1991.574
2017-10-27 13:00:00,2012.0,2012.9489
2017-10-27 14:00:00,1962.0,1980.0781
2017-10-27 15:00:00,1934.0,1911.2578
2017-10-27 16:00:00,1915.0,1916.0596
2017-10-27 17:00:00,1913.0,1901.4181
2017-10-27 18:00:00,1943.0,1933.7423
2017-10-27 19:00:00,1943.0,2010.3726
2017-10-27 20:00:00,1900.0,1937.7588
2017-10-27 21:00:00,1856.0,1852.4541
2017-10-27 22:00:00,1777.0,1764.6207
2017-10-27 23:00:00,1656.0,1680.8867
2017-10-28 00:00:00,1576.0,1556.7844
2017-10-28 01:00:00,1514.0,1500.3591
2017-10-28 02:00:00,1489.0,1471.8334
2017-10-28 03:00:00,1472.0,1473.8583
2017-10-28 04:00:00,1493.0,1494.3052
2017-10-28 05:00:00,1530.0,1528.8429
2017-10-28 06:00:00,1627.0,1611.7029
2017-10-28 07:00:00,1724.0,1710.2745
2017-10-28 08:00:00,1833.0,1791.188
2017-10-28 09:00:00,1895.0,1874.5814
2017-10-28 10:00:00,1916.0,1912.3832
2017-10-28 11:00:00,1903.0,1903.6154
2017-10-28 12:00:00,1898.0,1883.0358
2017-10-28 13:00:00,1882.0,1873.1456
2017-10-28 14:00:00,1871.0,1851.7972
2017-10-28 15:00:00,1838.0,1865.667
2017-10-28 16:00:00,1841.0,1833.1382
2017-10-28 17:00:00,1857.0,1848.2349
2017-10-28 18:00:00,1872.0,1881.8718
2017-10-28 19:00:00,1874.0,1918.0118
2017-10-28 20:00:00,1863.0,1863.9498
2017-10-28 21:00:00,1801.0,1826.1741
2017-10-28 22:00:00,1712.0,1713.1459
2017-10-28 23:00:00,1638.0,1609.7609
2017-10-29 00:00:00,1567.0,1557.6549
2017-10-29 01:00:00,1512.0,1512.3802
2017-10-29 02:00:00,1490.0,1481.862
2017-10-29 03:00:00,1472.0,1474.8755
2017-10-29 04:00:00,1483.0,1488.4899
2017-10-29 05:00:00,1503.0,1511.0068
2017-10-29 06:00:00,1552.0,1569.236
2017-10-29 07:00:00,1635.0,1633.335
2017-10-29 08:00:00,1711.0,1702.3575
2017-10-29 09:00:00,1766.0,1761.7776
2017-10-29 10:00:00,1795.0,1780.4702
2017-10-29 11:00:00,1816.0,1791.1842
2017-10-29 12:00:00,1805.0,1813.141
2017-10-29 13:00:00,1806.0,1777.7607
2017-10-29 14:00:00,1776.0,1786.456
2017-10-29 15:00:00,1771.0,1771.2208
2017-10-29 16:00:00,1784.0,1796.7659
2017-10-29 17:00:00,1824.0,1829.0953
2017-10-29 18:00:00,1887.0,1866.3922
2017-10-29 19:00:00,1948.0,1919.6294
2017-10-29 20:00:00,1936.0,1936.6357
2017-10-29 21:00:00,1883.0,1878.0894
2017-10-29 22:00:00,1793.0,1807.7596
2017-10-29 23:00:00,1741.0,1702.7958
2017-10-30 00:00:00,1684.0,1678.7115
2017-10-30 01:00:00,1669.0,1651.2507
2017-10-30 02:00:00,1670.0,1667.701
2017-10-30 03:00:00,1687.0,1694.3279
2017-10-30 04:00:00,1742.0,1743.4639
2017-10-30 05:00:00,1867.0,1880.7034
2017-10-30 06:00:00,2071.0,2088.1536
2017-10-30 07:00:00,2219.0,2213.388
2017-10-30 08:00:00,2246.0,2250.5007
2017-10-30 09:00:00,2255.0,2255.1636
2017-10-30 10:00:00,2275.0,2267.256
2017-10-30 11:00:00,2251.0,2265.749
2017-10-30 12:00:00,2248.0,2229.7874
2017-10-30 13:00:00,2224.0,2238.4182
2017-10-30 14:00:00,2201.0,2208.7214
2017-10-30 15:00:00,2166.0,2168.0637
2017-10-30 16:00:00,2181.0,2168.83
2017-10-30 17:00:00,2195.0,2203.3406
2017-10-30 18:00:00,2219.0,2224.7769
2017-10-30 19:00:00,2247.0,2242.606
2017-10-30 20:00:00,2216.0,2223.5303
2017-10-30 21:00:00,2123.0,2131.5908
2017-10-30 22:00:00,1996.0,1983.8887
2017-10-30 23:00:00,1878.0,1862.4397
2017-10-31 00:00:00,1819.0,1784.7029
2017-10-31 01:00:00,1767.0,1773.9568
2017-10-31 02:00:00,1742.0,1748.0715
2017-10-31 03:00:00,1739.0,1746.8252
2017-10-31 04:00:00,1787.0,1776.8677
2017-10-31 05:00:00,1908.0,1925.2988
2017-10-31 06:00:00,2123.0,2129.5247
2017-10-31 07:00:00,2258.0,2269.3828
2017-10-31 08:00:00,2246.0,2265.0627
2017-10-31 09:00:00,2235.0,2231.9968
2017-10-31 10:00:00,2243.0,2229.505
2017-10-31 11:00:00,2223.0,2229.6438
2017-10-31 12:00:00,2206.0,2194.0154
2017-10-31 13:00:00,2168.0,2185.6406
2017-10-31 14:00:00,2130.0,2131.753
2017-10-31 15:00:00,2072.0,2081.4404
2017-10-31 16:00:00,2051.0,2058.2844
2017-10-31 17:00:00,2053.0,2043.1986
2017-10-31 18:00:00,2064.0,2082.895
2017-10-31 19:00:00,2144.0,2116.705
2017-10-31 20:00:00,2154.0,2156.9836
2017-10-31 21:00:00,2140.0,2075.0015
2017-10-31 22:00:00,2019.0,2024.8427
2017-10-31 23:00:00,1927.0,1902.0283
2017-11-01 00:00:00,1860.0,1857.3982
2017-11-01 01:00:00,1787.0,1814.9689
2017-11-01 02:00:00,1765.0,1764.612
2017-11-01 03:00:00,1743.0,1754.2786
2017-11-01 04:00:00,1787.0,1769.0419
2017-11-01 05:00:00,1898.0,1913.9166
2017-11-01 06:00:00,2087.0,2105.4011
2017-11-01 07:00:00,2230.0,2206.8022
2017-11-01 08:00:00,2254.0,2225.8508
2017-11-01 09:00:00,2253.0,2248.2788
2017-11-01 10:00:00,2271.0,2240.2322
2017-11-01 11:00:00,2255.0,2244.7017
2017-11-01 12:00:00,2251.0,2228.8933
2017-11-01 13:00:00,2244.0,2219.1743
2017-11-01 14:00:00,2205.0,2220.1565
2017-11-01 15:00:00,2183.0,2164.8738
2017-11-01 16:00:00,2167.0,2200.4812
2017-11-01 17:00:00,2203.0,2232.615
2017-11-01 18:00:00,2235.0,2270.7717
2017-11-01 19:00:00,2221.0,2246.1917
2017-11-01 20:00:00,2167.0,2203.33
2017-11-01 21:00:00,2069.0,2093.056
2017-11-01 22:00:00,1932.0,1948.6843
2017-11-01 23:00:00,1805.0,1803.5321
2017-11-02 00:00:00,1720.0,1717.3369
2017-11-02 01:00:00,1651.0,1665.6515
2017-11-02 02:00:00,1605.0,1616.26
2017-11-02 03:00:00,1592.0,1596.8226
2017-11-02 04:00:00,1612.0,1618.1494
2017-11-02 05:00:00,1721.0,1707.3623
2017-11-02 06:00:00,1914.0,1932.5602
2017-11-02 07:00:00,2035.0,2051.5166
2017-11-02 08:00:00,2058.0,2088.3364
2017-11-02 09:00:00,2046.0,2090.7576
2017-11-02 10:00:00,2074.0,2054.7078
2017-11-02 11:00:00,2058.0,2074.2039
2017-11-02 12:00:00,2054.0,2047.4934
2017-11-02 13:00:00,2045.0,2040.3982
2017-11-02 14:00:00,2033.0,2016.2493
2017-11-02 15:00:00,1973.0,2008.6846
2017-11-02 16:00:00,1957.0,1981.4832
2017-11-02 17:00:00,1963.0,2016.2766
2017-11-02 18:00:00,2010.0,2008.6488
2017-11-02 19:00:00,2035.0,2028.6265
2017-11-02 20:00:00,2009.0,2014.4976
2017-11-02 21:00:00,1928.0,1927.3573
2017-11-02 22:00:00,1817.0,1816.71
2017-11-02 23:00:00,1697.0,1699.5444
2017-11-03 00:00:00,1597.0,1612.5944
2017-11-03 01:00:00,1565.0,1534.835
2017-11-03 02:00:00,1521.0,1538.0293
2017-11-03 03:00:00,1512.0,1521.2521
2017-11-03 04:00:00,1523.0,1549.7566
2017-11-03 05:00:00,1640.0,1635.1901
2017-11-03 06:00:00,1820.0,1836.644
2017-11-03 07:00:00,1947.0,1931.1648
2017-11-03 08:00:00,1991.0,1979.0726
2017-11-03 09:00:00,2003.0,2005.7087
2017-11-03 10:00:00,2007.0,2018.6484
2017-11-03 11:00:00,1999.0,1981.2467
2017-11-03 12:00:00,1982.0,1982.2943
2017-11-03 13:00:00,1979.0,1964.5518
2017-11-03 14:00:00,1951.0,1968.0344
2017-11-03 15:00:00,1892.0,1909.3782
2017-11-03 16:00:00,1867.0,1869.2113
2017-11-03 17:00:00,1855.0,1869.7732
2017-11-03 18:00:00,1882.0,1873.7992
2017-11-03 19:00:00,1925.0,1887.8296
2017-11-03 20:00:00,1908.0,1918.0696
2017-11-03 21:00:00,1871.0,1851.3468
2017-11-03 22:00:00,1777.0,1772.5061
2017-11-03 23:00:00,1667.0,1672.8868
2017-11-04 00:00:00,1582.0,1572.6691
2017-11-04 01:00:00,1525.0,1520.5156
2017-11-04 02:00:00,1501.0,1497.911
2017-11-04 03:00:00,1496.0,1489.2784
2017-11-04 04:00:00,1520.0,1517.3901
2017-11-04 05:00:00,1554.0,1573.6925
2017-11-04 06:00:00,1635.0,1636.563
2017-11-04 07:00:00,1725.0,1716.593
2017-11-04 08:00:00,1805.0,1792.4485
2017-11-04 09:00:00,1857.0,1842.4487
2017-11-04 10:00:00,1869.0,1870.9598
2017-11-04 11:00:00,1845.0,1840.63
2017-11-04 12:00:00,1806.0,1810.6222
2017-11-04 13:00:00,1770.0,1759.2865
2017-11-04 14:00:00,1745.0,1716.2568
2017-11-04 15:00:00,1716.0,1720.0116
2017-11-04 16:00:00,1710.0,1719.0963
2017-11-04 17:00:00,1717.0,1772.6404
2017-11-04 18:00:00,1766.0,1767.8132
2017-11-04 19:00:00,1784.0,1810.6116
2017-11-04 20:00:00,1732.0,1791.5911
2017-11-04 21:00:00,1681.0,1704.5275
2017-11-04 22:00:00,1602.0,1612.4762
2017-11-04 23:00:00,1500.0,1519.9398
2017-11-05 00:00:00,1428.0,1418.7667
2017-11-05 01:00:00,1449.0,1367.1062
2017-11-05 02:00:00,1331.0,1424.2981
2017-11-05 02:00:00,1321.0,1324.8677
2017-11-05 03:00:00,1309.0,1311.8958
2017-11-05 04:00:00,1320.0,1302.2583
2017-11-05 05:00:00,1328.0,1378.1982
2017-11-05 06:00:00,1395.0,1394.4849
2017-11-05 07:00:00,1468.0,1459.3356
2017-11-05 08:00:00,1548.0,1535.4512
2017-11-05 09:00:00,1605.0,1600.2097
2017-11-05 10:00:00,1640.0,1626.6439
2017-11-05 11:00:00,1653.0,1654.5946
2017-11-05 12:00:00,1669.0,1658.8889
2017-11-05 13:00:00,1663.0,1659.077
2017-11-05 14:00:00,1650.0,1652.2394
2017-11-05 15:00:00,1640.0,1645.6631
2017-11-05 16:00:00,1697.0,1669.6573
2017-11-05 17:00:00,1743.0,1799.7445
2017-11-05 18:00:00,1753.0,1806.6575
2017-11-05 19:00:00,1726.0,1765.9485
2017-11-05 20:00:00,1697.0,1730.4823
2017-11-05 21:00:00,1656.0,1686.5513
2017-11-05 22:00:00,1578.0,1597.0759
2017-11-05 23:00:00,1513.0,1507.5665
2017-11-06 00:00:00,1470.0,1454.9783
2017-11-06 01:00:00,1429.0,1434.4423
2017-11-06 02:00:00,1394.0,1418.6782
2017-11-06 03:00:00,1408.0,1402.7864
2017-11-06 04:00:00,1459.0,1450.1161
2017-11-06 05:00:00,1586.0,1570.1714
2017-11-06 06:00:00,1797.0,1793.9689
2017-11-06 07:00:00,1925.0,1939.6522
2017-11-06 08:00:00,1969.0,1957.3723
2017-11-06 09:00:00,2020.0,2005.3362
2017-11-06 10:00:00,2052.0,2044.6956
2017-11-06 11:00:00,2043.0,2051.38
2017-11-06 12:00:00,2024.0,2037.4917
2017-11-06 13:00:00,2010.0,2006.6495
2017-11-06 14:00:00,1998.0,1986.1311
2017-11-06 15:00:00,1972.0,1965.33
2017-11-06 16:00:00,1989.0,1971.3705
2017-11-06 17:00:00,2083.0,2073.7595
2017-11-06 18:00:00,2143.0,2145.697
2017-11-06 19:00:00,2095.0,2138.8894
2017-11-06 20:00:00,2055.0,2069.0693
2017-11-06 21:00:00,1969.0,1976.0723
2017-11-06 22:00:00,1856.0,1845.9098
2017-11-06 23:00:00,1765.0,1727.5166
2017-11-07 00:00:00,1669.0,1680.1423
2017-11-07 01:00:00,1641.0,1620.1328
2017-11-07 02:00:00,1611.0,1607.1575
2017-11-07 03:00:00,1605.0,1611.0966
2017-11-07 04:00:00,1655.0,1654.2123
2017-11-07 05:00:00,1781.0,1783.9733
2017-11-07 06:00:00,1967.0,2003.4073
2017-11-07 07:00:00,2119.0,2107.869
2017-11-07 08:00:00,2120.0,2130.152
2017-11-07 09:00:00,2126.0,2114.6487
2017-11-07 10:00:00,2147.0,2118.9373
2017-11-07 11:00:00,2124.0,2135.2488
2017-11-07 12:00:00,2101.0,2103.4045
2017-11-07 13:00:00,2075.0,2073.5085
2017-11-07 14:00:00,2060.0,2037.0969
2017-11-07 15:00:00,2048.0,2029.3517
2017-11-07 16:00:00,2056.0,2059.338
2017-11-07 17:00:00,2121.0,2142.8228
2017-11-07 18:00:00,2191.0,2172.237
2017-11-07 19:00:00,2149.0,2179.0083
2017-11-07 20:00:00,2100.0,2106.4297
2017-11-07 21:00:00,2026.0,2014.598
2017-11-07 22:00:00,1909.0,1906.5018
2017-11-07 23:00:00,1807.0,1774.4109
2017-11-08 00:00:00,1737.0,1720.4847
2017-11-08 01:00:00,1695.0,1688.809
2017-11-08 02:00:00,1668.0,1677.9816
2017-11-08 03:00:00,1665.0,1677.4979
2017-11-08 04:00:00,1724.0,1706.6154
2017-11-08 05:00:00,1863.0,1853.978
2017-11-08 06:00:00,2055.0,2101.478
2017-11-08 07:00:00,2154.0,2168.1433
2017-11-08 08:00:00,2145.0,2152.1028
2017-11-08 09:00:00,2143.0,2136.4539
2017-11-08 10:00:00,2112.0,2135.4192
2017-11-08 11:00:00,2084.0,2073.1172
2017-11-08 12:00:00,2053.0,2053.4263
2017-11-08 13:00:00,2032.0,2030.7849
2017-11-08 14:00:00,2005.0,2000.3612
2017-11-08 15:00:00,1972.0,1968.2383
2017-11-08 16:00:00,1977.0,1981.5869
2017-11-08 17:00:00,2073.0,2074.3713
2017-11-08 18:00:00,2159.0,2153.9976
2017-11-08 19:00:00,2141.0,2143.468
2017-11-08 20:00:00,2112.0,2100.8125
2017-11-08 21:00:00,2049.0,2025.4883
2017-11-08 22:00:00,1955.0,1935.4775
2017-11-08 23:00:00,1865.0,1846.5273
2017-11-09 00:00:00,1802.0,1790.5829
2017-11-09 01:00:00,1782.0,1762.8151
2017-11-09 02:00:00,1752.0,1778.8875
2017-11-09 03:00:00,1771.0,1760.9128
2017-11-09 04:00:00,1817.0,1832.4929
2017-11-09 05:00:00,1955.0,1960.5566
2017-11-09 06:00:00,2163.0,2169.2446
2017-11-09 07:00:00,2258.0,2274.26
2017-11-09 08:00:00,2228.0,2246.739
2017-11-09 09:00:00,2186.0,2199.094
2017-11-09 10:00:00,2143.0,2158.4858
2017-11-09 11:00:00,2091.0,2102.2004
2017-11-09 12:00:00,2074.0,2055.8838
2017-11-09 13:00:00,2034.0,2044.3455
2017-11-09 14:00:00,2009.0,1994.5894
2017-11-09 15:00:00,1960.0,1970.1542
2017-11-09 16:00:00,1977.0,1961.7416
2017-11-09 17:00:00,2073.0,2098.2378
2017-11-09 18:00:00,2143.0,2184.1848
2017-11-09 19:00:00,2129.0,2145.1582
2017-11-09 20:00:00,2105.0,2098.649
2017-11-09 21:00:00,2055.0,2033.7499
2017-11-09 22:00:00,1957.0,1944.9283
2017-11-09 23:00:00,1885.0,1851.5046
2017-11-10 00:00:00,1837.0,1811.0837
2017-11-10 01:00:00,1812.0,1792.9551
2017-11-10 02:00:00,1778.0,1798.968
2017-11-10 03:00:00,1809.0,1795.8301
2017-11-10 04:00:00,1834.0,1845.6001
2017-11-10 05:00:00,1970.0,1954.4404
2017-11-10 06:00:00,2175.0,2173.3591
2017-11-10 07:00:00,2294.0,2278.3982
2017-11-10 08:00:00,2297.0,2278.4487
2017-11-10 09:00:00,2294.0,2272.625
2017-11-10 10:00:00,2291.0,2264.851
2017-11-10 11:00:00,2254.0,2254.0354
2017-11-10 12:00:00,2234.0,2219.706
2017-11-10 13:00:00,2219.0,2196.4375
2017-11-10 14:00:00,2164.0,2181.6785
2017-11-10 15:00:00,2126.0,2124.9817
2017-11-10 16:00:00,2147.0,2133.0608
2017-11-10 17:00:00,2261.0,2256.009
2017-11-10 18:00:00,2314.0,2332.897
2017-11-10 19:00:00,2288.0,2299.545
2017-11-10 20:00:00,2257.0,2251.5974
2017-11-10 21:00:00,2209.0,2187.2825
2017-11-10 22:00:00,2112.0,2101.2852
2017-11-10 23:00:00,2009.0,1988.7817
2017-11-11 00:00:00,1937.0,1904.0647
2017-11-11 01:00:00,1870.0,1886.9537
2017-11-11 02:00:00,1851.0,1855.6052
2017-11-11 03:00:00,1841.0,1845.6024
2017-11-11 04:00:00,1859.0,1849.1519
2017-11-11 05:00:00,1914.0,1922.7513
2017-11-11 06:00:00,2000.0,2003.8138
2017-11-11 07:00:00,2083.0,2090.3909
2017-11-11 08:00:00,2135.0,2124.514
2017-11-11 09:00:00,2147.0,2155.4558
2017-11-11 10:00:00,2141.0,2129.3052
2017-11-11 11:00:00,2075.0,2096.0742
2017-11-11 12:00:00,2018.0,2027.2445
2017-11-11 13:00:00,1959.0,1951.0319
2017-11-11 14:00:00,1926.0,1904.8204
2017-11-11 15:00:00,1906.0,1901.8635
2017-11-11 16:00:00,1927.0,1922.0167
2017-11-11 17:00:00,2023.0,2045.6036
2017-11-11 18:00:00,2073.0,2091.4756
2017-11-11 19:00:00,2050.0,2065.3438
2017-11-11 20:00:00,2019.0,2019.6228
2017-11-11 21:00:00,1970.0,1958.136
2017-11-11 22:00:00,1897.0,1878.9283
2017-11-11 23:00:00,1816.0,1803.7479
2017-11-12 00:00:00,1735.0,1739.609
2017-11-12 01:00:00,1691.0,1687.3885
2017-11-12 02:00:00,1683.0,1662.5371
2017-11-12 03:00:00,1655.0,1679.8218
2017-11-12 04:00:00,1674.0,1674.1957
2017-11-12 05:00:00,1697.0,1718.6963
2017-11-12 06:00:00,1741.0,1749.2714
2017-11-12 07:00:00,1800.0,1806.9221
2017-11-12 08:00:00,1862.0,1852.4019
2017-11-12 09:00:00,1891.0,1883.3579
2017-11-12 10:00:00,1878.0,1874.2118
2017-11-12 11:00:00,1859.0,1839.6805
2017-11-12 12:00:00,1840.0,1831.2998
2017-11-12 13:00:00,1833.0,1801.0999
2017-11-12 14:00:00,1816.0,1815.4562
2017-11-12 15:00:00,1837.0,1810.9565
2017-11-12 16:00:00,1892.0,1875.8997
2017-11-12 17:00:00,1984.0,2006.332
2017-11-12 18:00:00,1995.0,2052.358
2017-11-12 19:00:00,1955.0,1994.257
2017-11-12 20:00:00,1924.0,1925.4114
2017-11-12 21:00:00,1875.0,1880.8154
2017-11-12 22:00:00,1811.0,1796.8813
2017-11-12 23:00:00,1761.0,1731.0182
2017-11-13 00:00:00,1721.0,1703.4377
2017-11-13 01:00:00,1693.0,1694.0487
2017-11-13 02:00:00,1695.0,1694.3068
2017-11-13 03:00:00,1700.0,1723.2709
2017-11-13 04:00:00,1760.0,1764.5417
2017-11-13 05:00:00,1892.0,1914.7003
2017-11-13 06:00:00,2104.0,2121.8762
2017-11-13 07:00:00,2225.0,2224.4001
2017-11-13 08:00:00,2237.0,2242.3726
2017-11-13 09:00:00,2276.0,2234.7073
2017-11-13 10:00:00,2275.0,2295.852
2017-11-13 11:00:00,2249.0,2251.8071
2017-11-13 12:00:00,2233.0,2223.4194
2017-11-13 13:00:00,2212.0,2214.8687
2017-11-13 14:00:00,2193.0,2186.4705
2017-11-13 15:00:00,2179.0,2168.0227
2017-11-13 16:00:00,2188.0,2199.475
2017-11-13 17:00:00,2263.0,2286.0513
2017-11-13 18:00:00,2290.0,2320.2524
2017-11-13 19:00:00,2247.0,2275.102
2017-11-13 20:00:00,2193.0,2198.5173
2017-11-13 21:00:00,2118.0,2116.3176
2017-11-13 22:00:00,2008.0,2001.1162
2017-11-13 23:00:00,1910.0,1898.2207
2017-11-14 00:00:00,1836.0,1832.3024
2017-11-14 01:00:00,1803.0,1785.4005
2017-11-14 02:00:00,1774.0,1790.1173
2017-11-14 03:00:00,1799.0,1782.9745
2017-11-14 04:00:00,1844.0,1856.8892
2017-11-14 05:00:00,1976.0,1996.0905
2017-11-14 06:00:00,2210.0,2207.6404
2017-11-14 07:00:00,2308.0,2332.428
2017-11-14 08:00:00,2292.0,2293.0178
2017-11-14 09:00:00,2243.0,2269.046
2017-11-14 10:00:00,2189.0,2217.211
2017-11-14 11:00:00,2143.0,2141.6846
2017-11-14 12:00:00,2109.0,2108.9495
2017-11-14 13:00:00,2086.0,2063.75
2017-11-14 14:00:00,2042.0,2039.6729
2017-11-14 15:00:00,2019.0,2001.7322
2017-11-14 16:00:00,2017.0,2027.2585
2017-11-14 17:00:00,2140.0,2111.7512
2017-11-14 18:00:00,2224.0,2202.6118
2017-11-14 19:00:00,2223.0,2203.7632
2017-11-14 20:00:00,2184.0,2186.8137
2017-11-14 21:00:00,2123.0,2107.319
2017-11-14 22:00:00,2014.0,2001.559
2017-11-14 23:00:00,1921.0,1902.1509
2017-11-15 00:00:00,1850.0,1856.2163
2017-11-15 01:00:00,1816.0,1806.41
2017-11-15 02:00:00,1797.0,1791.323
2017-11-15 03:00:00,1806.0,1813.0924
2017-11-15 04:00:00,1852.0,1854.4407
2017-11-15 05:00:00,1970.0,1996.3094
2017-11-15 06:00:00,2173.0,2184.6887
2017-11-15 07:00:00,2260.0,2285.1252
2017-11-15 08:00:00,2276.0,2254.9602
2017-11-15 09:00:00,2273.0,2260.5105
2017-11-15 10:00:00,2271.0,2256.8984
2017-11-15 11:00:00,2265.0,2239.7397
2017-11-15 12:00:00,2253.0,2250.182
2017-11-15 13:00:00,2254.0,2235.047
2017-11-15 14:00:00,2244.0,2227.8274
2017-11-15 15:00:00,2213.0,2212.4546
2017-11-15 16:00:00,2216.0,2229.8037
2017-11-15 17:00:00,2268.0,2306.639
2017-11-15 18:00:00,2259.0,2326.713
2017-11-15 19:00:00,2205.0,2247.1687
2017-11-15 20:00:00,2154.0,2177.1045
2017-11-15 21:00:00,2066.0,2095.242
2017-11-15 22:00:00,1940.0,1939.8522
2017-11-15 23:00:00,1819.0,1807.0012
2017-11-16 00:00:00,1753.0,1734.6901
2017-11-16 01:00:00,1718.0,1698.4741
2017-11-16 02:00:00,1694.0,1697.9484
2017-11-16 03:00:00,1711.0,1695.5076
2017-11-16 04:00:00,1784.0,1771.9567
2017-11-16 05:00:00,1924.0,1943.45
2017-11-16 06:00:00,2128.0,2145.8167
2017-11-16 07:00:00,2268.0,2254.9646
2017-11-16 08:00:00,2275.0,2261.264
2017-11-16 09:00:00,2299.0,2271.7102
2017-11-16 10:00:00,2326.0,2311.6284
2017-11-16 11:00:00,2295.0,2322.3848
2017-11-16 12:00:00,2294.0,2282.092
2017-11-16 13:00:00,2260.0,2281.2593
2017-11-16 14:00:00,2245.0,2238.5037
2017-11-16 15:00:00,2218.0,2219.817
2017-11-16 16:00:00,2225.0,2240.0496
2017-11-16 17:00:00,2307.0,2322.6865
2017-11-16 18:00:00,2328.0,2362.4065
2017-11-16 19:00:00,2287.0,2308.789
2017-11-16 20:00:00,2240.0,2252.1697
2017-11-16 21:00:00,2153.0,2158.7346
2017-11-16 22:00:00,2024.0,2019.352
2017-11-16 23:00:00,1904.0,1891.4407
2017-11-17 00:00:00,1833.0,1816.0437
2017-11-17 01:00:00,1784.0,1777.636
2017-11-17 02:00:00,1747.0,1761.1672
2017-11-17 03:00:00,1759.0,1751.5995
2017-11-17 04:00:00,1795.0,1811.1675
2017-11-17 05:00:00,1913.0,1929.4244
2017-11-17 06:00:00,2128.0,2130.3086
2017-11-17 07:00:00,2234.0,2264.9453
2017-11-17 08:00:00,2240.0,2242.3945
2017-11-17 09:00:00,2240.0,2233.7078
2017-11-17 10:00:00,2218.0,2230.2769
2017-11-17 11:00:00,2142.0,2179.1077
2017-11-17 12:00:00,2102.0,2104.3416
2017-11-17 13:00:00,2072.0,2059.8035
2017-11-17 14:00:00,2045.0,2032.1499
2017-11-17 15:00:00,1997.0,1996.6768
2017-11-17 16:00:00,2024.0,2002.0991
2017-11-17 17:00:00,2099.0,2116.542
2017-11-17 18:00:00,2140.0,2143.7734
2017-11-17 19:00:00,2078.0,2117.6301
2017-11-17 20:00:00,2057.0,2036.2902
2017-11-17 21:00:00,1992.0,2000.2933
2017-11-17 22:00:00,1890.0,1884.5304
2017-11-17 23:00:00,1788.0,1767.7134
2017-11-18 00:00:00,1684.0,1698.3619
2017-11-18 01:00:00,1614.0,1629.2413
2017-11-18 02:00:00,1586.0,1573.9099
2017-11-18 03:00:00,1565.0,1569.4731
2017-11-18 04:00:00,1565.0,1580.5028
2017-11-18 05:00:00,1601.0,1604.8756
2017-11-18 06:00:00,1685.0,1668.6864
2017-11-18 07:00:00,1763.0,1762.6315
2017-11-18 08:00:00,1818.0,1837.8013
2017-11-18 09:00:00,1881.0,1874.2645
2017-11-18 10:00:00,1912.0,1896.5089
2017-11-18 11:00:00,1898.0,1899.4867
2017-11-18 12:00:00,1873.0,1866.4851
2017-11-18 13:00:00,1845.0,1839.0219
2017-11-18 14:00:00,1823.0,1813.1807
2017-11-18 15:00:00,1810.0,1800.5833
2017-11-18 16:00:00,1843.0,1825.4135
2017-11-18 17:00:00,1864.0,1920.7751
2017-11-18 18:00:00,1866.0,1881.0157
2017-11-18 19:00:00,1826.0,1853.5466
2017-11-18 20:00:00,1811.0,1798.315
2017-11-18 21:00:00,1787.0,1771.8842
2017-11-18 22:00:00,1725.0,1709.4062
2017-11-18 23:00:00,1640.0,1638.1816
2017-11-19 00:00:00,1582.0,1571.1342
2017-11-19 01:00:00,1543.0,1534.5679
2017-11-19 02:00:00,1527.0,1524.4991
2017-11-19 03:00:00,1518.0,1529.0271
2017-11-19 04:00:00,1540.0,1546.5892
2017-11-19 05:00:00,1575.0,1586.7869
2017-11-19 06:00:00,1637.0,1648.7716
2017-11-19 07:00:00,1713.0,1709.0903
2017-11-19 08:00:00,1806.0,1776.429
2017-11-19 09:00:00,1855.0,1853.5516
2017-11-19 10:00:00,1899.0,1864.9562
2017-11-19 11:00:00,1927.0,1885.4827
2017-11-19 12:00:00,1939.0,1926.7352
2017-11-19 13:00:00,1936.0,1928.5612
2017-11-19 14:00:00,1951.0,1922.7677
2017-11-19 15:00:00,1964.0,1963.9261
2017-11-19 16:00:00,2007.0,2020.8799
2017-11-19 17:00:00,2125.0,2118.582
2017-11-19 18:00:00,2168.0,2198.4158
2017-11-19 19:00:00,2155.0,2158.3635
2017-11-19 20:00:00,2142.0,2135.4792
2017-11-19 21:00:00,2085.0,2075.5557
2017-11-19 22:00:00,2014.0,1998.3611
2017-11-19 23:00:00,1965.0,1917.4779
2017-11-20 00:00:00,1904.0,1915.9137
2017-11-20 01:00:00,1894.0,1876.3002
2017-11-20 02:00:00,1879.0,1881.8595
2017-11-20 03:00:00,1904.0,1894.9408
2017-11-20 04:00:00,1958.0,1971.081
2017-11-20 05:00:00,2087.0,2072.7358
2017-11-20 06:00:00,2294.0,2299.6404
2017-11-20 07:00:00,2408.0,2438.5886
2017-11-20 08:00:00,2396.0,2443.4966
2017-11-20 09:00:00,2365.0,2387.4307
2017-11-20 10:00:00,2313.0,2345.8037
2017-11-20 11:00:00,2277.0,2272.055
2017-11-20 12:00:00,2240.0,2244.7698
2017-11-20 13:00:00,2194.0,2205.1948
2017-11-20 14:00:00,2160.0,2152.8745
2017-11-20 15:00:00,2122.0,2121.4783
2017-11-20 16:00:00,2140.0,2130.4287
2017-11-20 17:00:00,2252.0,2266.7666
2017-11-20 18:00:00,2321.0,2338.3452
2017-11-20 19:00:00,2299.0,2323.5552
2017-11-20 20:00:00,2264.0,2257.972
2017-11-20 21:00:00,2191.0,2193.7039
2017-11-20 22:00:00,2075.0,2065.0747
2017-11-20 23:00:00,1964.0,1956.5742
2017-11-21 00:00:00,1896.0,1881.0223
2017-11-21 01:00:00,1852.0,1846.9015
2017-11-21 02:00:00,1805.0,1837.2056
2017-11-21 03:00:00,1825.0,1799.4036
2017-11-21 04:00:00,1868.0,1868.9194
2017-11-21 05:00:00,1981.0,2007.711
2017-11-21 06:00:00,2166.0,2194.1565
2017-11-21 07:00:00,2282.0,2289.1824
2017-11-21 08:00:00,2287.0,2276.9014
2017-11-21 09:00:00,2282.0,2273.5735
2017-11-21 10:00:00,2242.0,2262.0825
2017-11-21 11:00:00,2178.0,2194.2915
2017-11-21 12:00:00,2107.0,2135.5872
2017-11-21 13:00:00,2110.0,2048.777
2017-11-21 14:00:00,2083.0,2085.007
2017-11-21 15:00:00,2072.0,2052.6628
2017-11-21 16:00:00,2080.0,2100.8914
2017-11-21 17:00:00,2166.0,2202.824
2017-11-21 18:00:00,2191.0,2228.4814
2017-11-21 19:00:00,2148.0,2180.2883
2017-11-21 20:00:00,2122.0,2122.0203
2017-11-21 21:00:00,2066.0,2043.9597
2017-11-21 22:00:00,1986.0,1953.7136
2017-11-21 23:00:00,1891.0,1867.2249
2017-11-22 00:00:00,1833.0,1814.1301
2017-11-22 01:00:00,1801.0,1788.296
2017-11-22 02:00:00,1777.0,1792.7268
2017-11-22 03:00:00,1809.0,1794.962
2017-11-22 04:00:00,1848.0,1851.6655
2017-11-22 05:00:00,1981.0,1978.0525
2017-11-22 06:00:00,2127.0,2186.9402
2017-11-22 07:00:00,2258.0,2246.536
2017-11-22 08:00:00,2296.0,2262.5115
2017-11-22 09:00:00,2320.0,2295.0813
2017-11-22 10:00:00,2342.0,2324.1519
2017-11-22 11:00:00,2305.0,2324.7356
2017-11-22 12:00:00,2284.0,2270.5415
2017-11-22 13:00:00,2241.0,2250.5115
2017-11-22 14:00:00,2189.0,2197.663
2017-11-22 15:00:00,2134.0,2146.172
2017-11-22 16:00:00,2152.0,2142.3254
2017-11-22 17:00:00,2257.0,2249.2913
2017-11-22 18:00:00,2300.0,2316.97
2017-11-22 19:00:00,2261.0,2290.0496
2017-11-22 20:00:00,2241.0,2229.6758
2017-11-22 21:00:00,2174.0,2163.2434
2017-11-22 22:00:00,2059.0,2051.9436
2017-11-22 23:00:00,1924.0,1944.5054
2017-11-23 00:00:00,1826.0,1832.4625
2017-11-23 01:00:00,1782.0,1765.7798
2017-11-23 02:00:00,1743.0,1756.1628
2017-11-23 03:00:00,1741.0,1742.6129
2017-11-23 04:00:00,1737.0,1771.8895
2017-11-23 05:00:00,1776.0,1813.7374
2017-11-23 06:00:00,1815.0,1911.9436
2017-11-23 07:00:00,1874.0,1926.5614
2017-11-23 08:00:00,1945.0,1928.3014
2017-11-23 09:00:00,2007.0,1997.8872
2017-11-23 10:00:00,2009.0,2050.554
2017-11-23 11:00:00,1968.0,1980.9471
2017-11-23 12:00:00,1850.0,1928.8967
2017-11-23 13:00:00,1751.0,1765.7351
2017-11-23 14:00:00,1652.0,1683.1571
2017-11-23 15:00:00,1614.0,1585.0343
2017-11-23 16:00:00,1603.0,1590.1753
2017-11-23 17:00:00,1659.0,1671.3258
2017-11-23 18:00:00,1712.0,1705.9526
2017-11-23 19:00:00,1738.0,1742.589
2017-11-23 20:00:00,1736.0,1758.5509
2017-11-23 21:00:00,1730.0,1731.7032
2017-11-23 22:00:00,1691.0,1675.7605
2017-11-23 23:00:00,1650.0,1622.8956
2017-11-24 00:00:00,1613.0,1594.0074
2017-11-24 01:00:00,1599.0,1571.3226
2017-11-24 02:00:00,1588.0,1588.3428
2017-11-24 03:00:00,1590.0,1601.5276
2017-11-24 04:00:00,1615.0,1619.354
2017-11-24 05:00:00,1681.0,1706.8582
2017-11-24 06:00:00,1763.0,1812.8475
2017-11-24 07:00:00,1841.0,1862.1167
2017-11-24 08:00:00,1856.0,1884.4258
2017-11-24 09:00:00,1844.0,1872.5143
2017-11-24 10:00:00,1825.0,1840.9349
2017-11-24 11:00:00,1783.0,1786.0521
2017-11-24 12:00:00,1736.0,1738.3827
2017-11-24 13:00:00,1699.0,1687.1326
2017-11-24 14:00:00,1665.0,1666.3921
2017-11-24 15:00:00,1643.0,1647.4279
2017-11-24 16:00:00,1660.0,1667.0916
2017-11-24 17:00:00,1761.0,1768.5612
2017-11-24 18:00:00,1820.0,1835.8788
2017-11-24 19:00:00,1787.0,1850.5813
2017-11-24 20:00:00,1770.0,1770.9583
2017-11-24 21:00:00,1719.0,1747.9434
2017-11-24 22:00:00,1650.0,1645.5507
2017-11-24 23:00:00,1576.0,1556.8693
2017-11-25 00:00:00,1500.0,1509.4813
2017-11-25 01:00:00,1454.0,1456.6855
2017-11-25 02:00:00,1426.0,1423.3082
2017-11-25 03:00:00,1410.0,1411.0363
2017-11-25 04:00:00,1421.0,1424.7733
2017-11-25 05:00:00,1455.0,1469.9775
2017-11-25 06:00:00,1525.0,1513.444
2017-11-25 07:00:00,1598.0,1590.237
2017-11-25 08:00:00,1679.0,1651.3119
2017-11-25 09:00:00,1697.0,1713.0537
2017-11-25 10:00:00,1715.0,1700.6368
2017-11-25 11:00:00,1691.0,1695.7037
2017-11-25 12:00:00,1639.0,1662.9302
2017-11-25 13:00:00,1613.0,1604.863
2017-11-25 14:00:00,1577.0,1585.627
2017-11-25 15:00:00,1562.0,1552.5394
2017-11-25 16:00:00,1593.0,1582.1099
2017-11-25 17:00:00,1711.0,1690.1252
2017-11-25 18:00:00,1758.0,1782.8226
2017-11-25 19:00:00,1767.0,1757.2351
2017-11-25 20:00:00,1749.0,1765.1838
2017-11-25 21:00:00,1727.0,1710.9598
2017-11-25 22:00:00,1697.0,1656.4858
2017-11-25 23:00:00,1661.0,1617.41
2017-11-26 00:00:00,1640.0,1603.7338
2017-11-26 01:00:00,1537.0,1608.225
2017-11-26 02:00:00,1545.0,1512.5787
2017-11-26 03:00:00,1545.0,1520.4961
2017-11-26 04:00:00,1581.0,1564.1262
2017-11-26 05:00:00,1618.0,1623.0758
2017-11-26 06:00:00,1687.0,1671.3923
2017-11-26 07:00:00,1770.0,1751.0665
2017-11-26 08:00:00,1822.0,1819.2019
2017-11-26 09:00:00,1812.0,1848.5094
2017-11-26 10:00:00,1782.0,1822.3197
2017-11-26 11:00:00,1767.0,1768.3655
2017-11-26 12:00:00,1739.0,1752.1146
2017-11-26 13:00:00,1709.0,1705.7932
2017-11-26 14:00:00,1673.0,1685.2422
2017-11-26 15:00:00,1669.0,1669.2056
2017-11-26 16:00:00,1721.0,1715.114
2017-11-26 17:00:00,1945.0,1882.697
2017-11-26 18:00:00,1943.0,2029.0586
2017-11-26 19:00:00,1944.0,1934.0516
2017-11-26 20:00:00,1971.0,1917.5435
2017-11-26 21:00:00,1915.0,1911.8912
2017-11-26 22:00:00,1854.0,1825.0197
2017-11-26 23:00:00,1798.0,1778.6245
2017-11-27 00:00:00,1754.0,1757.9441
2017-11-27 01:00:00,1729.0,1725.3015
2017-11-27 02:00:00,1707.0,1725.053
2017-11-27 03:00:00,1727.0,1710.3077
2017-11-27 04:00:00,1787.0,1772.1527
2017-11-27 05:00:00,1917.0,1920.9406
2017-11-27 06:00:00,2119.0,2123.3203
2017-11-27 07:00:00,2244.0,2254.6304
2017-11-27 08:00:00,2233.0,2243.9556
2017-11-27 09:00:00,2192.0,2226.7048
2017-11-27 10:00:00,2163.0,2182.2947
2017-11-27 11:00:00,2125.0,2123.8147
2017-11-27 12:00:00,2094.0,2097.3123
2017-11-27 13:00:00,2059.0,2069.4033
2017-11-27 14:00:00,2038.0,2033.9812
2017-11-27 15:00:00,1985.0,2012.0802
2017-11-27 16:00:00,1989.0,1994.6246
2017-11-27 17:00:00,2120.0,2120.75
2017-11-27 18:00:00,2183.0,2204.137
2017-11-27 19:00:00,2154.0,2182.1682
2017-11-27 20:00:00,2122.0,2118.8508
2017-11-27 21:00:00,2045.0,2034.5436
2017-11-27 22:00:00,1925.0,1934.2551
2017-11-27 23:00:00,1814.0,1810.9103
2017-11-28 00:00:00,1740.0,1727.047
2017-11-28 01:00:00,1701.0,1692.6509
2017-11-28 02:00:00,1673.0,1680.4071
2017-11-28 03:00:00,1664.0,1674.0178
2017-11-28 04:00:00,1724.0,1696.1139
2017-11-28 05:00:00,1834.0,1842.1091
2017-11-28 06:00:00,2046.0,2037.3447
2017-11-28 07:00:00,2161.0,2158.8542
2017-11-28 08:00:00,2145.0,2148.5154
2017-11-28 09:00:00,2116.0,2122.0151
2017-11-28 10:00:00,2100.0,2093.308
2017-11-28 11:00:00,2053.0,2065.9465
2017-11-28 12:00:00,2032.0,2026.0753
2017-11-28 13:00:00,2017.0,2007.9667
2017-11-28 14:00:00,1986.0,1987.719
2017-11-28 15:00:00,1956.0,1950.2928
2017-11-28 16:00:00,1955.0,1961.8137
2017-11-28 17:00:00,2072.0,2056.2268
2017-11-28 18:00:00,2147.0,2150.1526
2017-11-28 19:00:00,2122.0,2139.2297
2017-11-28 20:00:00,2093.0,2086.8247
2017-11-28 21:00:00,2017.0,2008.8418
2017-11-28 22:00:00,1893.0,1905.284
2017-11-28 23:00:00,1774.0,1779.4905
2017-11-29 00:00:00,1691.0,1693.084
2017-11-29 01:00:00,1636.0,1646.0226
2017-11-29 02:00:00,1608.0,1614.3297
2017-11-29 03:00:00,1604.0,1603.0653
2017-11-29 04:00:00,1640.0,1643.7959
2017-11-29 05:00:00,1772.0,1749.5214
2017-11-29 06:00:00,2002.0,1978.0186
2017-11-29 07:00:00,2122.0,2131.6775
2017-11-29 08:00:00,2110.0,2113.7212
2017-11-29 09:00:00,2091.0,2102.0234
2017-11-29 10:00:00,2084.0,2080.4995
2017-11-29 11:00:00,2041.0,2057.071
2017-11-29 12:00:00,2038.0,2013.1661
2017-11-29 13:00:00,2013.0,2019.9634
2017-11-29 14:00:00,1987.0,1979.8551
2017-11-29 15:00:00,1943.0,1948.8248
2017-11-29 16:00:00,1974.0,1947.8778
2017-11-29 17:00:00,2110.0,2082.1345
2017-11-29 18:00:00,2166.0,2178.007
2017-11-29 19:00:00,2155.0,2152.265
2017-11-29 20:00:00,2122.0,2118.1113
2017-11-29 21:00:00,2058.0,2035.016
2017-11-29 22:00:00,1928.0,1943.3353
2017-11-29 23:00:00,1824.0,1798.0114
2017-11-30 00:00:00,1742.0,1741.7089
2017-11-30 01:00:00,1701.0,1695.3417
2017-11-30 02:00:00,1656.0,1676.3784
2017-11-30 03:00:00,1657.0,1659.8442
2017-11-30 04:00:00,1693.0,1694.1487
2017-11-30 05:00:00,1814.0,1825.4128
2017-11-30 06:00:00,2031.0,2026.4862
2017-11-30 07:00:00,2140.0,2153.1648
2017-11-30 08:00:00,2140.0,2134.2239
2017-11-30 09:00:00,2155.0,2131.863
2017-11-30 10:00:00,2171.0,2148.434
2017-11-30 11:00:00,2166.0,2155.3374
2017-11-30 12:00:00,2178.0,2145.1794
2017-11-30 13:00:00,2143.0,2162.6147
2017-11-30 14:00:00,2110.0,2118.9263
2017-11-30 15:00:00,2032.0,2076.2515
2017-11-30 16:00:00,2048.0,2046.5481
2017-11-30 17:00:00,2148.0,2160.8987
2017-11-30 18:00:00,2240.0,2216.6252
2017-11-30 19:00:00,2213.0,2218.8613
2017-11-30 20:00:00,2194.0,2174.2454
2017-11-30 21:00:00,2142.0,2120.9722
2017-11-30 22:00:00,2035.0,2028.4426
2017-11-30 23:00:00,1920.0,1909.2203
2017-12-01 00:00:00,1861.0,1841.9902
2017-12-01 01:00:00,1815.0,1810.9
2017-12-01 02:00:00,1808.0,1793.2133
2017-12-01 03:00:00,1801.0,1813.869
2017-12-01 04:00:00,1868.0,1844.5101
2017-12-01 05:00:00,1990.0,2000.9586
2017-12-01 06:00:00,2201.0,2197.349
2017-12-01 07:00:00,2312.0,2311.633
2017-12-01 08:00:00,2309.0,2306.7405
2017-12-01 09:00:00,2242.0,2291.746
2017-12-01 10:00:00,2189.0,2211.8508
2017-12-01 11:00:00,2128.0,2143.7085
2017-12-01 12:00:00,2074.0,2087.7302
2017-12-01 13:00:00,2038.0,2031.0642
2017-12-01 14:00:00,1993.0,1991.7162
2017-12-01 15:00:00,1949.0,1959.6134
2017-12-01 16:00:00,1959.0,1969.8644
2017-12-01 17:00:00,2077.0,2084.9734
2017-12-01 18:00:00,2137.0,2171.3447
2017-12-01 19:00:00,2109.0,2125.8103
2017-12-01 20:00:00,2104.0,2097.4482
2017-12-01 21:00:00,2069.0,2045.3534
2017-12-01 22:00:00,1974.0,1971.2578
2017-12-01 23:00:00,1877.0,1855.9216
2017-12-02 00:00:00,1792.0,1791.5343
2017-12-02 01:00:00,1740.0,1736.7134
2017-12-02 02:00:00,1707.0,1710.8387
2017-12-02 03:00:00,1712.0,1695.0149
2017-12-02 04:00:00,1739.0,1738.9985
2017-12-02 05:00:00,1789.0,1789.5544
2017-12-02 06:00:00,1875.0,1858.9463
2017-12-02 07:00:00,1968.0,1966.4761
2017-12-02 08:00:00,2020.0,2002.0963
2017-12-02 09:00:00,2015.0,2029.2108
2017-12-02 10:00:00,1991.0,1990.7157
2017-12-02 11:00:00,1913.0,1937.7169
2017-12-02 12:00:00,1829.0,1853.1162
2017-12-02 13:00:00,1766.0,1766.9818
2017-12-02 14:00:00,1719.0,1715.4944
2017-12-02 15:00:00,1700.0,1688.8641
2017-12-02 16:00:00,1723.0,1734.1982
2017-12-02 17:00:00,1855.0,1853.2527
2017-12-02 18:00:00,1920.0,1929.5812
2017-12-02 19:00:00,1915.0,1918.5051
2017-12-02 20:00:00,1894.0,1891.1799
2017-12-02 21:00:00,1854.0,1842.3385
2017-12-02 22:00:00,1805.0,1771.3206
2017-12-02 23:00:00,1716.0,1712.2704
2017-12-03 00:00:00,1665.0,1635.8871
2017-12-03 01:00:00,1617.0,1621.15
2017-12-03 02:00:00,1592.0,1599.0996
2017-12-03 03:00:00,1590.0,1587.4607
2017-12-03 04:00:00,1608.0,1603.8679
2017-12-03 05:00:00,1650.0,1652.4352
2017-12-03 06:00:00,1712.0,1727.9067
2017-12-03 07:00:00,1801.0,1787.0637
2017-12-03 08:00:00,1843.0,1844.5204
2017-12-03 09:00:00,1844.0,1863.1489
2017-12-03 10:00:00,1784.0,1828.0189
2017-12-03 11:00:00,1748.0,1735.628
2017-12-03 12:00:00,1724.0,1703.3768
2017-12-03 13:00:00,1679.0,1687.8333
2017-12-03 14:00:00,1648.0,1657.0673
2017-12-03 15:00:00,1631.0,1635.1758
2017-12-03 16:00:00,1693.0,1665.2043
2017-12-03 17:00:00,1860.0,1844.6948
2017-12-03 18:00:00,1944.0,1947.2228
2017-12-03 19:00:00,1963.0,1938.7274
2017-12-03 20:00:00,1952.0,1947.0801
2017-12-03 21:00:00,1910.0,1894.415
2017-12-03 22:00:00,1841.0,1817.8252
2017-12-03 23:00:00,1773.0,1751.2091
2017-12-04 00:00:00,1726.0,1723.2559
2017-12-04 01:00:00,1683.0,1696.769
2017-12-04 02:00:00,1676.0,1677.9823
2017-12-04 03:00:00,1703.0,1679.7166
2017-12-04 04:00:00,1734.0,1765.9877
2017-12-04 05:00:00,1870.0,1845.338
2017-12-04 06:00:00,2089.0,2084.1152
2017-12-04 07:00:00,2201.0,2209.325
2017-12-04 08:00:00,2204.0,2199.3674
2017-12-04 09:00:00,2200.0,2194.2625
2017-12-04 10:00:00,2171.0,2188.59
2017-12-04 11:00:00,2125.0,2143.1577
2017-12-04 12:00:00,2103.0,2098.7324
2017-12-04 13:00:00,2082.0,2087.6672
2017-12-04 14:00:00,2054.0,2059.0117
2017-12-04 15:00:00,2024.0,2036.2703
2017-12-04 16:00:00,2045.0,2044.6028
2017-12-04 17:00:00,2174.0,2178.384
2017-12-04 18:00:00,2203.0,2236.7517
2017-12-04 19:00:00,2168.0,2186.2434
2017-12-04 20:00:00,2123.0,2143.2917
2017-12-04 21:00:00,2035.0,2055.0022
2017-12-04 22:00:00,1913.0,1925.0544
2017-12-04 23:00:00,1779.0,1779.6393
2017-12-05 00:00:00,1701.0,1695.7704
2017-12-05 01:00:00,1643.0,1651.9202
2017-12-05 02:00:00,1601.0,1625.5662
2017-12-05 03:00:00,1582.0,1595.5616
2017-12-05 04:00:00,1617.0,1616.1571
2017-12-05 05:00:00,1748.0,1730.6364
2017-12-05 06:00:00,1931.0,1973.4424
2017-12-05 07:00:00,2081.0,2066.0522
2017-12-05 08:00:00,2077.0,2092.5117
2017-12-05 09:00:00,2103.0,2070.4685
2017-12-05 10:00:00,2122.0,2115.0203
2017-12-05 11:00:00,2120.0,2112.5125
2017-12-05 12:00:00,2140.0,2109.3335
2017-12-05 13:00:00,2155.0,2135.5098
2017-12-05 14:00:00,2172.0,2149.6135
2017-12-05 15:00:00,2184.0,2167.365
2017-12-05 16:00:00,2226.0,2224.633
2017-12-05 17:00:00,2353.0,2346.4255
2017-12-05 18:00:00,2405.0,2408.8438
2017-12-05 19:00:00,2391.0,2393.4033
2017-12-05 20:00:00,2361.0,2348.8657
2017-12-05 21:00:00,2300.0,2277.662
2017-12-05 22:00:00,2173.0,2167.9773
2017-12-05 23:00:00,2041.0,2035.6415
2017-12-06 00:00:00,1978.0,1954.0083
2017-12-06 01:00:00,1920.0,1926.5084
2017-12-06 02:00:00,1899.0,1903.7036
2017-12-06 03:00:00,1899.0,1904.549
2017-12-06 04:00:00,1953.0,1946.4835
2017-12-06 05:00:00,2080.0,2088.3958
2017-12-06 06:00:00,2281.0,2307.5671
2017-12-06 07:00:00,2403.0,2413.2156
2017-12-06 08:00:00,2372.0,2413.9595
2017-12-06 09:00:00,2349.0,2354.115
2017-12-06 10:00:00,2330.0,2326.3364
2017-12-06 11:00:00,2282.0,2290.7554
2017-12-06 12:00:00,2231.0,2243.1658
2017-12-06 13:00:00,2206.0,2192.2053
2017-12-06 14:00:00,2174.0,2170.507
2017-12-06 15:00:00,2154.0,2138.2742
2017-12-06 16:00:00,2195.0,2191.0085
2017-12-06 17:00:00,2314.0,2348.6284
2017-12-06 18:00:00,2374.0,2372.6653
2017-12-06 19:00:00,2354.0,2367.3257
2017-12-06 20:00:00,2320.0,2328.341
2017-12-06 21:00:00,2266.0,2262.1362
2017-12-06 22:00:00,2136.0,2139.1626
2017-12-06 23:00:00,2012.0,2005.6661
2017-12-07 00:00:00,1927.0,1923.7802
2017-12-07 01:00:00,1881.0,1879.4266
2017-12-07 02:00:00,1852.0,1856.6049
2017-12-07 03:00:00,1851.0,1856.2596
2017-12-07 04:00:00,1901.0,1893.2778
2017-12-07 05:00:00,2024.0,2041.5194
2017-12-07 06:00:00,2235.0,2251.6702
2017-12-07 07:00:00,2379.0,2372.3394
2017-12-07 08:00:00,2389.0,2351.4797
2017-12-07 09:00:00,2386.0,2387.8782
2017-12-07 10:00:00,2374.0,2372.103
2017-12-07 11:00:00,2387.0,2332.5625
2017-12-07 12:00:00,2381.0,2378.5015
2017-12-07 13:00:00,2414.0,2364.1948
2017-12-07 14:00:00,2409.0,2416.457
2017-12-07 15:00:00,2406.0,2401.477
2017-12-07 16:00:00,2442.0,2443.465
2017-12-07 17:00:00,2562.0,2559.0737
2017-12-07 18:00:00,2569.0,2601.2927
2017-12-07 19:00:00,2544.0,2537.9321
2017-12-07 20:00:00,2515.0,2497.6084
2017-12-07 21:00:00,2480.0,2437.1714
2017-12-07 22:00:00,2351.0,2332.1814
2017-12-07 23:00:00,2211.0,2202.6006
2017-12-08 00:00:00,2155.0,2116.7124
2017-12-08 01:00:00,2110.0,2093.1873
2017-12-08 02:00:00,2088.0,2088.5808
2017-12-08 03:00:00,2080.0,2087.3867
2017-12-08 04:00:00,2137.0,2116.2798
2017-12-08 05:00:00,2271.0,2272.076
2017-12-08 06:00:00,2469.0,2475.6255
2017-12-08 07:00:00,2593.0,2612.751
2017-12-08 08:00:00,2568.0,2577.642
2017-12-08 09:00:00,2534.0,2537.0872
2017-12-08 10:00:00,2492.0,2504.2988
2017-12-08 11:00:00,2427.0,2438.558
2017-12-08 12:00:00,2385.0,2380.3948
2017-12-08 13:00:00,2350.0,2335.6516
2017-12-08 14:00:00,2302.0,2296.7163
2017-12-08 15:00:00,2260.0,2255.3572
2017-12-08 16:00:00,2300.0,2274.1907
2017-12-08 17:00:00,2409.0,2442.5916
2017-12-08 18:00:00,2468.0,2476.695
2017-12-08 19:00:00,2430.0,2454.9607
2017-12-08 20:00:00,2425.0,2400.2195
2017-12-08 21:00:00,2373.0,2365.345
2017-12-08 22:00:00,2260.0,2269.6516
2017-12-08 23:00:00,2138.0,2120.0684
2017-12-09 00:00:00,2054.0,2035.2983
2017-12-09 01:00:00,1992.0,1995.5239
2017-12-09 02:00:00,1971.0,1965.5265
2017-12-09 03:00:00,1980.0,1949.8784
2017-12-09 04:00:00,1989.0,2005.5098
2017-12-09 05:00:00,2046.0,2060.1282
2017-12-09 06:00:00,2131.0,2142.0398
2017-12-09 07:00:00,2216.0,2231.0938
2017-12-09 08:00:00,2285.0,2242.3564
2017-12-09 09:00:00,2339.0,2314.97
2017-12-09 10:00:00,2333.0,2343.385
2017-12-09 11:00:00,2306.0,2285.913
2017-12-09 12:00:00,2289.0,2257.583
2017-12-09 13:00:00,2271.0,2229.9763
2017-12-09 14:00:00,2247.0,2226.4866
2017-12-09 15:00:00,2244.0,2217.0967
2017-12-09 16:00:00,2260.0,2285.1047
2017-12-09 17:00:00,2358.0,2383.1077
2017-12-09 18:00:00,2362.0,2401.8713
2017-12-09 19:00:00,2333.0,2324.8413
2017-12-09 20:00:00,2286.0,2297.7559
2017-12-09 21:00:00,2227.0,2240.1973
2017-12-09 22:00:00,2131.0,2137.0479
2017-12-09 23:00:00,2018.0,2018.3307
2017-12-10 00:00:00,1925.0,1910.4438
2017-12-10 01:00:00,1865.0,1870.1244
2017-12-10 02:00:00,1829.0,1830.5681
2017-12-10 03:00:00,1822.0,1821.2362
2017-12-10 04:00:00,1828.0,1824.9537
2017-12-10 05:00:00,1881.0,1860.3337
2017-12-10 06:00:00,1950.0,1955.0408
2017-12-10 07:00:00,2038.0,2046.6766
2017-12-10 08:00:00,2114.0,2103.4558
2017-12-10 09:00:00,2179.0,2167.0398
2017-12-10 10:00:00,2178.0,2208.539
2017-12-10 11:00:00,2176.0,2159.3694
2017-12-10 12:00:00,2175.0,2161.6846
2017-12-10 13:00:00,2133.0,2157.5806
2017-12-10 14:00:00,2104.0,2103.3264
2017-12-10 15:00:00,2063.0,2085.9224
2017-12-10 16:00:00,2083.0,2101.2925
2017-12-10 17:00:00,2255.0,2230.7183
2017-12-10 18:00:00,2307.0,2327.2095
2017-12-10 19:00:00,2276.0,2299.9744
2017-12-10 20:00:00,2246.0,2247.9827
2017-12-10 21:00:00,2179.0,2187.017
2017-12-10 22:00:00,2090.0,2096.3896
2017-12-10 23:00:00,2007.0,1997.7865
2017-12-11 00:00:00,1937.0,1926.3285
2017-12-11 01:00:00,1924.0,1903.6262
2017-12-11 02:00:00,1898.0,1932.106
2017-12-11 03:00:00,1903.0,1915.6696
2017-12-11 04:00:00,1948.0,1946.4128
2017-12-11 05:00:00,2100.0,2078.878
2017-12-11 06:00:00,2330.0,2316.3088
2017-12-11 07:00:00,2450.0,2466.6943
2017-12-11 08:00:00,2432.0,2445.8926
2017-12-11 09:00:00,2450.0,2425.7688
2017-12-11 10:00:00,2424.0,2455.5022
2017-12-11 11:00:00,2404.0,2391.6323
2017-12-11 12:00:00,2348.0,2373.9216
2017-12-11 13:00:00,2343.0,2315.8606
2017-12-11 14:00:00,2312.0,2305.28
2017-12-11 15:00:00,2284.0,2287.6326
2017-12-11 16:00:00,2295.0,2313.434
2017-12-11 17:00:00,2436.0,2413.5276
2017-12-11 18:00:00,2464.0,2507.866
2017-12-11 19:00:00,2432.0,2429.3857
2017-12-11 20:00:00,2384.0,2397.9258
2017-12-11 21:00:00,2316.0,2312.5586
2017-12-11 22:00:00,2171.0,2180.606
2017-12-11 23:00:00,2034.0,2043.2509
2017-12-12 00:00:00,1965.0,1935.3965
2017-12-12 01:00:00,1910.0,1920.4231
2017-12-12 02:00:00,1900.0,1883.6659
2017-12-12 03:00:00,1896.0,1908.2119
2017-12-12 04:00:00,1949.0,1939.0721
2017-12-12 05:00:00,2084.0,2078.4937
2017-12-12 06:00:00,2303.0,2308.5793
2017-12-12 07:00:00,2462.0,2436.4475
2017-12-12 08:00:00,2476.0,2438.949
2017-12-12 09:00:00,2498.0,2468.5642
2017-12-12 10:00:00,2504.0,2503.831
2017-12-12 11:00:00,2489.0,2477.75
2017-12-12 12:00:00,2493.0,2465.0293
2017-12-12 13:00:00,2484.0,2480.193
2017-12-12 14:00:00,2483.0,2464.4473
2017-12-12 15:00:00,2487.0,2468.0483
2017-12-12 16:00:00,2528.0,2519.7212
2017-12-12 17:00:00,2651.0,2670.6248
2017-12-12 18:00:00,2699.0,2708.159
2017-12-12 19:00:00,2670.0,2651.8054
2017-12-12 20:00:00,2635.0,2638.518
2017-12-12 21:00:00,2563.0,2553.7366
2017-12-12 22:00:00,2432.0,2409.9404
2017-12-12 23:00:00,2313.0,2291.0674
2017-12-13 00:00:00,2227.0,2223.0088
2017-12-13 01:00:00,2199.0,2183.2676
2017-12-13 02:00:00,2170.0,2173.1648
2017-12-13 03:00:00,2165.0,2169.851
2017-12-13 04:00:00,2224.0,2210.8105
2017-12-13 05:00:00,2334.0,2367.4636
2017-12-13 06:00:00,2533.0,2555.5054
2017-12-13 07:00:00,2649.0,2677.0051
2017-12-13 08:00:00,2627.0,2640.3723
2017-12-13 09:00:00,2628.0,2598.522
2017-12-13 10:00:00,2614.0,2606.201
2017-12-13 11:00:00,2584.0,2584.3577
2017-12-13 12:00:00,2584.0,2548.4644
2017-12-13 13:00:00,2560.0,2547.955
2017-12-13 14:00:00,2539.0,2523.252
2017-12-13 15:00:00,2498.0,2498.3335
2017-12-13 16:00:00,2530.0,2518.5955
2017-12-13 17:00:00,2647.0,2672.5593
2017-12-13 18:00:00,2643.0,2709.0166
2017-12-13 19:00:00,2572.0,2601.8235
2017-12-13 20:00:00,2524.0,2514.382
2017-12-13 21:00:00,2449.0,2457.949
2017-12-13 22:00:00,2314.0,2307.2437
2017-12-13 23:00:00,2184.0,2157.117
2017-12-14 00:00:00,2101.0,2088.9792
2017-12-14 01:00:00,2057.0,2038.4833
2017-12-14 02:00:00,2028.0,2035.992
2017-12-14 03:00:00,2039.0,2031.0823
2017-12-14 04:00:00,2087.0,2096.051
2017-12-14 05:00:00,2225.0,2226.0234
2017-12-14 06:00:00,2435.0,2453.0703
2017-12-14 07:00:00,2571.0,2572.1118
2017-12-14 08:00:00,2581.0,2557.4783
2017-12-14 09:00:00,2605.0,2584.3552
2017-12-14 10:00:00,2579.0,2600.9556
2017-12-14 11:00:00,2559.0,2541.6802
2017-12-14 12:00:00,2543.0,2528.1162
2017-12-14 13:00:00,2520.0,2524.9915
2017-12-14 14:00:00,2475.0,2482.6968
2017-12-14 15:00:00,2433.0,2437.2754
2017-12-14 16:00:00,2462.0,2463.0476
2017-12-14 17:00:00,2603.0,2598.4387
2017-12-14 18:00:00,2636.0,2666.5283
2017-12-14 19:00:00,2629.0,2603.5725
2017-12-14 20:00:00,2609.0,2583.263
2017-12-14 21:00:00,2555.0,2551.2307
2017-12-14 22:00:00,2431.0,2414.047
2017-12-14 23:00:00,2300.0,2287.8025
2017-12-15 00:00:00,2228.0,2193.8289
2017-12-15 01:00:00,2180.0,2172.7217
2017-12-15 02:00:00,2137.0,2154.7673
2017-12-15 03:00:00,2139.0,2136.3328
2017-12-15 04:00:00,2167.0,2173.4424
2017-12-15 05:00:00,2291.0,2269.8313
2017-12-15 06:00:00,2493.0,2509.3462
2017-12-15 07:00:00,2629.0,2626.2517
2017-12-15 08:00:00,2603.0,2591.5225
2017-12-15 09:00:00,2593.0,2573.0637
2017-12-15 10:00:00,2583.0,2547.196
2017-12-15 11:00:00,2517.0,2521.218
2017-12-15 12:00:00,2503.0,2474.6729
2017-12-15 13:00:00,2512.0,2463.2092
2017-12-15 14:00:00,2497.0,2486.9055
2017-12-15 15:00:00,2458.0,2454.1633
2017-12-15 16:00:00,2463.0,2472.9065
2017-12-15 17:00:00,2529.0,2584.4424
2017-12-15 18:00:00,2521.0,2589.5447
2017-12-15 19:00:00,2469.0,2467.7568
2017-12-15 20:00:00,2433.0,2421.7847
2017-12-15 21:00:00,2364.0,2380.9321
2017-12-15 22:00:00,2252.0,2268.202
2017-12-15 23:00:00,2111.0,2114.2751
2017-12-16 00:00:00,2013.0,1995.7465
2017-12-16 01:00:00,1937.0,1928.4271
2017-12-16 02:00:00,1891.0,1894.5779
2017-12-16 03:00:00,1875.0,1871.1958
2017-12-16 04:00:00,1885.0,1884.4828
2017-12-16 05:00:00,1917.0,1942.7463
2017-12-16 06:00:00,1984.0,2005.079
2017-12-16 07:00:00,2072.0,2068.4575
2017-12-16 08:00:00,2128.0,2140.0913
2017-12-16 09:00:00,2127.0,2179.771
2017-12-16 10:00:00,2099.0,2127.3442
2017-12-16 11:00:00,2043.0,2054.5205
2017-12-16 12:00:00,1989.0,1999.0651
2017-12-16 13:00:00,1912.0,1948.8064
2017-12-16 14:00:00,1857.0,1870.4409
2017-12-16 15:00:00,1827.0,1842.2206
2017-12-16 16:00:00,1848.0,1835.3184
2017-12-16 17:00:00,1979.0,1958.2139
2017-12-16 18:00:00,2033.0,2065.1145
2017-12-16 19:00:00,2020.0,2033.9308
2017-12-16 20:00:00,2002.0,2000.6764
2017-12-16 21:00:00,1964.0,1967.2072
2017-12-16 22:00:00,1904.0,1877.9941
2017-12-16 23:00:00,1820.0,1804.466
2017-12-17 00:00:00,1742.0,1732.4998
2017-12-17 01:00:00,1699.0,1693.6365
2017-12-17 02:00:00,1684.0,1668.9774
2017-12-17 03:00:00,1676.0,1676.9497
2017-12-17 04:00:00,1673.0,1689.1698
2017-12-17 05:00:00,1700.0,1712.1525
2017-12-17 06:00:00,1761.0,1758.3314
2017-12-17 07:00:00,1836.0,1844.3058
2017-12-17 08:00:00,1917.0,1892.252
2017-12-17 09:00:00,1956.0,1968.5092
2017-12-17 10:00:00,1963.0,1960.8374
2017-12-17 11:00:00,1986.0,1957.0817
2017-12-17 12:00:00,1976.0,1982.7833
2017-12-17 13:00:00,1962.0,1955.4949
2017-12-17 14:00:00,1934.0,1944.4116
2017-12-17 15:00:00,1933.0,1935.7903
2017-12-17 16:00:00,1958.0,1986.8636
2017-12-17 17:00:00,2085.0,2092.6196
2017-12-17 18:00:00,2122.0,2158.363
2017-12-17 19:00:00,2116.0,2123.6702
2017-12-17 20:00:00,2097.0,2112.7197
2017-12-17 21:00:00,2039.0,2049.5203
2017-12-17 22:00:00,1948.0,1950.43
2017-12-17 23:00:00,1867.0,1865.0801
2017-12-18 00:00:00,1813.0,1786.5767
2017-12-18 01:00:00,1754.0,1774.1649
2017-12-18 02:00:00,1742.0,1729.4229
2017-12-18 03:00:00,1740.0,1750.5428
2017-12-18 04:00:00,1800.0,1799.9993
2017-12-18 05:00:00,1921.0,1940.1807
2017-12-18 06:00:00,2123.0,2149.938
2017-12-18 07:00:00,2257.0,2274.6255
2017-12-18 08:00:00,2280.0,2278.8884
2017-12-18 09:00:00,2284.0,2293.8894
2017-12-18 10:00:00,2303.0,2300.977
2017-12-18 11:00:00,2273.0,2286.961
2017-12-18 12:00:00,2275.0,2241.584
2017-12-18 13:00:00,2251.0,2255.2493
2017-12-18 14:00:00,2240.0,2224.8555
2017-12-18 15:00:00,2203.0,2225.568
2017-12-18 16:00:00,2220.0,2221.5059
2017-12-18 17:00:00,2333.0,2350.176
2017-12-18 18:00:00,2343.0,2385.2773
2017-12-18 19:00:00,2311.0,2317.061
2017-12-18 20:00:00,2256.0,2277.8452
2017-12-18 21:00:00,2181.0,2179.443
2017-12-18 22:00:00,2064.0,2048.2085
2017-12-18 23:00:00,1924.0,1935.3949
2017-12-19 00:00:00,1849.0,1826.2765
2017-12-19 01:00:00,1793.0,1790.972
2017-12-19 02:00:00,1752.0,1763.8938
2017-12-19 03:00:00,1753.0,1744.1609
2017-12-19 04:00:00,1780.0,1793.4567
2017-12-19 05:00:00,1885.0,1905.8755
2017-12-19 06:00:00,2076.0,2090.2595
2017-12-19 07:00:00,2209.0,2219.9324
2017-12-19 08:00:00,2195.0,2241.4382
2017-12-19 09:00:00,2188.0,2191.588
2017-12-19 10:00:00,2180.0,2189.83
2017-12-19 11:00:00,2137.0,2157.7869
2017-12-19 12:00:00,2135.0,2105.4688
2017-12-19 13:00:00,2143.0,2110.1443
2017-12-19 14:00:00,2139.0,2139.5066
2017-12-19 15:00:00,2118.0,2118.867
2017-12-19 16:00:00,2145.0,2131.805
2017-12-19 17:00:00,2257.0,2275.397
2017-12-19 18:00:00,2276.0,2307.0933
2017-12-19 19:00:00,2249.0,2255.0088
2017-12-19 20:00:00,2221.0,2214.2966
2017-12-19 21:00:00,2153.0,2152.418
2017-12-19 22:00:00,2040.0,2024.4236
2017-12-19 23:00:00,1920.0,1907.5502
2017-12-20 00:00:00,1831.0,1836.3026
2017-12-20 01:00:00,1773.0,1780.175
2017-12-20 02:00:00,1750.0,1746.8337
2017-12-20 03:00:00,1763.0,1748.4758
2017-12-20 04:00:00,1820.0,1811.2682
2017-12-20 05:00:00,1940.0,1946.2644
2017-12-20 06:00:00,2159.0,2148.5493
2017-12-20 07:00:00,2298.0,2295.8152
2017-12-20 08:00:00,2318.0,2293.8564
2017-12-20 09:00:00,2311.0,2326.6174
2017-12-20 10:00:00,2297.0,2299.5415
2017-12-20 11:00:00,2220.0,2262.4172
2017-12-20 12:00:00,2172.0,2178.1013
2017-12-20 13:00:00,2148.0,2136.8782
2017-12-20 14:00:00,2115.0,2115.9417
2017-12-20 15:00:00,2074.0,2079.783
2017-12-20 16:00:00,2088.0,2076.8425
2017-12-20 17:00:00,2217.0,2215.9536
2017-12-20 18:00:00,2308.0,2276.8557
2017-12-20 19:00:00,2311.0,2296.5554
2017-12-20 20:00:00,2311.0,2280.6104
2017-12-20 21:00:00,2241.0,2241.3354
2017-12-20 22:00:00,2149.0,2116.3936
2017-12-20 23:00:00,2034.0,2014.2234
2017-12-21 00:00:00,1952.0,1947.6163
2017-12-21 01:00:00,1911.0,1904.662
2017-12-21 02:00:00,1872.0,1881.5996
2017-12-21 03:00:00,1896.0,1861.9932
2017-12-21 04:00:00,1930.0,1954.2863
2017-12-21 05:00:00,2053.0,2038.4642
2017-12-21 06:00:00,2229.0,2271.9812
2017-12-21 07:00:00,2375.0,2371.591
2017-12-21 08:00:00,2365.0,2372.2832
2017-12-21 09:00:00,2346.0,2346.2676
2017-12-21 10:00:00,2298.0,2325.4246
2017-12-21 11:00:00,2240.0,2245.0293
2017-12-21 12:00:00,2203.0,2197.353
2017-12-21 13:00:00,2165.0,2158.8833
2017-12-21 14:00:00,2115.0,2124.0823
2017-12-21 15:00:00,2070.0,2073.734
2017-12-21 16:00:00,2090.0,2080.794
2017-12-21 17:00:00,2192.0,2238.5457
2017-12-21 18:00:00,2248.0,2286.9075
2017-12-21 19:00:00,2214.0,2233.3237
2017-12-21 20:00:00,2204.0,2194.43
2017-12-21 21:00:00,2149.0,2139.7542
2017-12-21 22:00:00,2038.0,2031.8217
2017-12-21 23:00:00,1897.0,1907.9354
2017-12-22 00:00:00,1790.0,1806.1625
2017-12-22 01:00:00,1713.0,1727.1029
2017-12-22 02:00:00,1670.0,1670.1797
2017-12-22 03:00:00,1651.0,1648.7494
2017-12-22 04:00:00,1673.0,1666.9225
2017-12-22 05:00:00,1752.0,1761.8926
2017-12-22 06:00:00,1888.0,1884.0989
2017-12-22 07:00:00,2023.0,2009.0732
2017-12-22 08:00:00,2055.0,2075.8071
2017-12-22 09:00:00,2082.0,2076.3962
2017-12-22 10:00:00,2102.0,2097.1353
2017-12-22 11:00:00,2084.0,2085.9517
2017-12-22 12:00:00,2055.0,2053.3706
2017-12-22 13:00:00,2027.0,2025.5485
2017-12-22 14:00:00,1992.0,1990.6693
2017-12-22 15:00:00,1966.0,1949.1298
2017-12-22 16:00:00,1980.0,1975.656
2017-12-22 17:00:00,2050.0,2077.3538
2017-12-22 18:00:00,2042.0,2086.5193
2017-12-22 19:00:00,2004.0,1994.4008
2017-12-22 20:00:00,1951.0,1974.7739
2017-12-22 21:00:00,1891.0,1907.2805
2017-12-22 22:00:00,1773.0,1798.7678
2017-12-22 23:00:00,1659.0,1663.222
2017-12-23 00:00:00,1568.0,1553.0562
2017-12-23 01:00:00,1515.0,1496.7401
2017-12-23 02:00:00,1477.0,1468.8331
2017-12-23 03:00:00,1483.0,1456.7233
2017-12-23 04:00:00,1498.0,1490.5542
2017-12-23 05:00:00,1558.0,1550.0488
2017-12-23 06:00:00,1641.0,1626.2745
2017-12-23 07:00:00,1741.0,1716.6785
2017-12-23 08:00:00,1839.0,1800.7123
2017-12-23 09:00:00,1924.0,1893.9725
2017-12-23 10:00:00,1995.0,1960.4065
2017-12-23 11:00:00,2028.0,2011.5409
2017-12-23 12:00:00,1717.0,2026.9518
2017-12-23 13:00:00,1974.0,1674.4623
2017-12-23 14:00:00,1967.0,1969.3359
2017-12-23 15:00:00,1950.0,1972.5038
2017-12-23 16:00:00,1963.0,1975.957
2017-12-23 17:00:00,2035.0,2050.2712
2017-12-23 18:00:00,2061.0,2063.6892
2017-12-23 19:00:00,2031.0,2035.7551
2017-12-23 20:00:00,2019.0,2001.8563
2017-12-23 21:00:00,1974.0,1975.5641
2017-12-23 22:00:00,1901.0,1889.1056
2017-12-23 23:00:00,1816.0,1783.7557
2017-12-24 00:00:00,1727.0,1729.6486
2017-12-24 01:00:00,1671.0,1673.8441
2017-12-24 02:00:00,1658.0,1639.3892
2017-12-24 03:00:00,1641.0,1654.5688
2017-12-24 04:00:00,1639.0,1657.2712
2017-12-24 05:00:00,1672.0,1675.5967
2017-12-24 06:00:00,1719.0,1731.3092
2017-12-24 07:00:00,1804.0,1800.9437
2017-12-24 08:00:00,1874.0,1851.6849
2017-12-24 09:00:00,1940.0,1904.7035
2017-12-24 10:00:00,1937.0,1960.9818
2017-12-24 11:00:00,1914.0,1929.726
2017-12-24 12:00:00,1912.0,1890.5857
2017-12-24 13:00:00,1910.0,1903.8079
2017-12-24 14:00:00,1892.0,1890.4877
2017-12-24 15:00:00,1885.0,1885.2697
2017-12-24 16:00:00,1908.0,1918.1064
2017-12-24 17:00:00,1976.0,2046.0378
2017-12-24 18:00:00,1971.0,2047.8615
2017-12-24 19:00:00,1943.0,1959.4576
2017-12-24 20:00:00,1966.0,1927.0314
2017-12-24 21:00:00,1974.0,1939.1349
2017-12-24 22:00:00,1985.0,1907.6536
2017-12-24 23:00:00,1955.0,1916.6733
2017-12-25 00:00:00,1907.0,1901.4501
2017-12-25 01:00:00,1883.0,1882.0566
2017-12-25 02:00:00,1847.0,1878.16
2017-12-25 03:00:00,1836.0,1850.0751
2017-12-25 04:00:00,1843.0,1859.1179
2017-12-25 05:00:00,1876.0,1918.0089
2017-12-25 06:00:00,1929.0,1979.6384
2017-12-25 07:00:00,2005.0,2024.725
2017-12-25 08:00:00,2061.0,2052.286
2017-12-25 09:00:00,2075.0,2098.8909
2017-12-25 10:00:00,2055.0,2082.5627
2017-12-25 11:00:00,2053.0,2029.3763
2017-12-25 12:00:00,2029.0,2035.4573
2017-12-25 13:00:00,1959.0,2003.5078
2017-12-25 14:00:00,1910.0,1916.3937
2017-12-25 15:00:00,1896.0,1866.3938
2017-12-25 16:00:00,1929.0,1904.1693
2017-12-25 17:00:00,2076.0,2054.446
2017-12-25 18:00:00,2143.0,2140.6204
2017-12-25 19:00:00,2134.0,2156.7341
2017-12-25 20:00:00,2132.0,2104.3433
2017-12-25 21:00:00,2113.0,2070.194
2017-12-25 22:00:00,2073.0,2012.0074
2017-12-25 23:00:00,2010.0,1962.7576
2017-12-26 00:00:00,1939.0,1931.3151
2017-12-26 01:00:00,1902.0,1898.0819
2017-12-26 02:00:00,1893.0,1880.8229
2017-12-26 03:00:00,1902.0,1880.719
2017-12-26 04:00:00,1935.0,1928.8671
2017-12-26 05:00:00,1996.0,2024.4592
2017-12-26 06:00:00,2118.0,2120.332
2017-12-26 07:00:00,2228.0,2249.4927
2017-12-26 08:00:00,2273.0,2248.3906
2017-12-26 09:00:00,2339.0,2282.4597
2017-12-26 10:00:00,2342.0,2374.0037
2017-12-26 11:00:00,2336.0,2330.6067
2017-12-26 12:00:00,2304.0,2301.94
2017-12-26 13:00:00,2284.0,2263.7073
2017-12-26 14:00:00,2289.0,2249.785
2017-12-26 15:00:00,2271.0,2266.325
2017-12-26 16:00:00,2313.0,2299.4297
2017-12-26 17:00:00,2433.0,2442.57
2017-12-26 18:00:00,2498.0,2506.0022
2017-12-26 19:00:00,2489.0,2475.725
2017-12-26 20:00:00,2450.0,2452.8108
2017-12-26 21:00:00,2407.0,2384.8027
2017-12-26 22:00:00,2311.0,2270.7798
2017-12-26 23:00:00,2246.0,2167.4253
2017-12-27 00:00:00,2185.0,2163.7153
2017-12-27 01:00:00,2166.0,2154.175
2017-12-27 02:00:00,2156.0,2157.3887
2017-12-27 03:00:00,2172.0,2193.289
2017-12-27 04:00:00,2238.0,2238.0454
2017-12-27 05:00:00,2336.0,2386.6287
2017-12-27 06:00:00,2482.0,2521.8147
2017-12-27 07:00:00,2615.0,2587.1963
2017-12-27 08:00:00,2650.0,2614.7478
2017-12-27 09:00:00,2631.0,2656.283
2017-12-27 10:00:00,2592.0,2604.1504
2017-12-27 11:00:00,2519.0,2541.7327
2017-12-27 12:00:00,2470.0,2479.251
2017-12-27 13:00:00,2419.0,2429.6172
2017-12-27 14:00:00,2382.0,2373.4963
2017-12-27 15:00:00,2374.0,2332.4927
2017-12-27 16:00:00,2413.0,2407.7605
2017-12-27 17:00:00,2549.0,2585.1016
2017-12-27 18:00:00,2628.0,2614.018
2017-12-27 19:00:00,2608.0,2607.8298
2017-12-27 20:00:00,2572.0,2563.3552
2017-12-27 21:00:00,2513.0,2500.1624
2017-12-27 22:00:00,2427.0,2372.9639
2017-12-27 23:00:00,2347.0,2280.6702
2017-12-28 00:00:00,2273.0,2272.249
2017-12-28 01:00:00,2243.0,2214.0444
2017-12-28 02:00:00,2249.0,2215.4429
2017-12-28 03:00:00,2230.0,2269.378
2017-12-28 04:00:00,2262.0,2266.0542
2017-12-28 05:00:00,2342.0,2331.5483
2017-12-28 06:00:00,2455.0,2512.6174
2017-12-28 07:00:00,2558.0,2586.8516
2017-12-28 08:00:00,2589.0,2549.0566
2017-12-28 09:00:00,2611.0,2587.276
2017-12-28 10:00:00,2632.0,2608.8218
2017-12-28 11:00:00,2592.0,2593.2368
2017-12-28 12:00:00,2538.0,2544.8464
2017-12-28 13:00:00,2460.0,2490.0198
2017-12-28 14:00:00,2406.0,2404.7576
2017-12-28 15:00:00,2361.0,2347.5193
2017-12-28 16:00:00,2371.0,2396.2327
2017-12-28 17:00:00,2512.0,2503.8726
2017-12-28 18:00:00,2559.0,2611.292
2017-12-28 19:00:00,2533.0,2539.121
2017-12-28 20:00:00,2489.0,2493.213
2017-12-28 21:00:00,2416.0,2422.3035
2017-12-28 22:00:00,2304.0,2282.54
2017-12-28 23:00:00,2208.0,2163.4521
2017-12-29 00:00:00,2114.0,2111.3618
2017-12-29 01:00:00,2081.0,2063.327
2017-12-29 02:00:00,2064.0,2048.2742
2017-12-29 03:00:00,2063.0,2058.2354
2017-12-29 04:00:00,2071.0,2090.4268
2017-12-29 05:00:00,2146.0,2154.491
2017-12-29 06:00:00,2257.0,2286.2124
2017-12-29 07:00:00,2359.0,2385.4136
2017-12-29 08:00:00,2388.0,2390.5376
2017-12-29 09:00:00,2437.0,2384.562
2017-12-29 10:00:00,2434.0,2440.2913
2017-12-29 11:00:00,2417.0,2405.349
2017-12-29 12:00:00,2375.0,2374.9707
2017-12-29 13:00:00,2357.0,2313.2002
2017-12-29 14:00:00,2334.0,2315.2046
2017-12-29 15:00:00,2331.0,2298.3203
2017-12-29 16:00:00,2341.0,2348.9587
2017-12-29 17:00:00,2431.0,2437.616
2017-12-29 18:00:00,2452.0,2481.5562
2017-12-29 19:00:00,2425.0,2404.7334
2017-12-29 20:00:00,2389.0,2392.4856
2017-12-29 21:00:00,2319.0,2332.9956
2017-12-29 22:00:00,2224.0,2203.4478
2017-12-29 23:00:00,2111.0,2096.5354
2017-12-30 00:00:00,2047.0,2007.7411
2017-12-30 01:00:00,1985.0,1979.1498
2017-12-30 02:00:00,1954.0,1953.9303
2017-12-30 03:00:00,1942.0,1936.9978
2017-12-30 04:00:00,1953.0,1942.3145
2017-12-30 05:00:00,1994.0,1995.1954
2017-12-30 06:00:00,2059.0,2062.2275
2017-12-30 07:00:00,2153.0,2141.333
2017-12-30 08:00:00,2196.0,2203.419
2017-12-30 09:00:00,2273.0,2215.0913
2017-12-30 10:00:00,2316.0,2278.705
2017-12-30 11:00:00,2328.0,2309.5203
2017-12-30 12:00:00,2321.0,2305.6572
2017-12-30 13:00:00,2324.0,2268.7207
2017-12-30 14:00:00,2307.0,2286.493
2017-12-30 15:00:00,2312.0,2284.6692
2017-12-30 16:00:00,2367.0,2349.7786
2017-12-30 17:00:00,2478.0,2483.2505
2017-12-30 18:00:00,2559.0,2533.023
2017-12-30 19:00:00,2550.0,2525.9417
2017-12-30 20:00:00,2530.0,2490.0974
2017-12-30 21:00:00,2503.0,2462.2463
2017-12-30 22:00:00,2429.0,2396.3054
2017-12-30 23:00:00,2353.0,2301.5518
2017-12-31 00:00:00,2266.0,2271.0005
2017-12-31 01:00:00,2230.0,2205.4631
2017-12-31 02:00:00,2205.0,2198.176
2017-12-31 03:00:00,2190.0,2197.2861
2017-12-31 04:00:00,2185.0,2201.923
2017-12-31 05:00:00,2213.0,2217.2815
2017-12-31 06:00:00,2280.0,2296.2107
2017-12-31 07:00:00,2341.0,2380.3252
2017-12-31 08:00:00,2392.0,2379.2664
2017-12-31 09:00:00,2459.0,2425.184
2017-12-31 10:00:00,2463.0,2476.7837
2017-12-31 11:00:00,2399.0,2448.3386
2017-12-31 12:00:00,2307.0,2344.9072
2017-12-31 13:00:00,2260.0,2239.862
2017-12-31 14:00:00,2235.0,2197.3162
2017-12-31 15:00:00,2231.0,2209.7773
2017-12-31 16:00:00,2297.0,2276.8345
2017-12-31 17:00:00,2432.0,2481.5894
2017-12-31 18:00:00,2514.0,2517.7454
2017-12-31 19:00:00,2484.0,2477.0032
2017-12-31 20:00:00,2452.0,2448.4167
2017-12-31 21:00:00,2421.0,2390.2854
2017-12-31 22:00:00,2375.0,2307.2312
2017-12-31 23:00:00,2345.0,2266.4873
2018-01-01 00:00:00,2306.0,2290.7266
2018-01-01 01:00:00,2286.0,2286.3438
2018-01-01 02:00:00,2266.0,2272.9597
2018-01-01 03:00:00,2256.0,2265.5103
2018-01-01 04:00:00,2248.0,2273.219
2018-01-01 05:00:00,2288.0,2318.2654
2018-01-01 06:00:00,2337.0,2422.7405
2018-01-01 07:00:00,2400.0,2428.1035
2018-01-01 08:00:00,2427.0,2434.5662
2018-01-01 09:00:00,2452.0,2442.121
2018-01-01 10:00:00,2481.0,2462.101
2018-01-01 11:00:00,2480.0,2466.1536
2018-01-01 12:00:00,2454.0,2455.3984
2018-01-01 13:00:00,2419.0,2431.4082
2018-01-01 14:00:00,2372.0,2376.4353
2018-01-01 15:00:00,2384.0,2329.8577
2018-01-01 16:00:00,2441.0,2427.3945
2018-01-01 17:00:00,2617.0,2593.2134
2018-01-01 18:00:00,2714.0,2705.474
2018-01-01 19:00:00,2732.0,2678.203
2018-01-01 20:00:00,2724.0,2674.171
2018-01-01 21:00:00,2664.0,2635.6755
2018-01-01 22:00:00,2614.0,2526.8164
2018-01-01 23:00:00,2552.0,2487.1672
2018-01-02 00:00:00,2518.0,2495.9702
2018-01-02 01:00:00,2499.0,2481.8425
2018-01-02 02:00:00,2503.0,2502.1113
2018-01-02 03:00:00,2526.0,2515.8333
2018-01-02 04:00:00,2581.0,2582.0193
2018-01-02 05:00:00,2702.0,2697.4087
2018-01-02 06:00:00,2868.0,2816.0415
2018-01-02 07:00:00,2980.0,2952.1494
2018-01-02 08:00:00,3007.0,2982.399
2018-01-02 09:00:00,2999.0,2966.694
2018-01-02 10:00:00,3000.0,2946.0735
2018-01-02 11:00:00,2962.0,2942.1895
2018-01-02 12:00:00,2914.0,2901.9507
2018-01-02 13:00:00,2854.0,2874.7004
2018-01-02 14:00:00,2788.0,2808.9148
2018-01-02 15:00:00,2733.0,2746.4893
2018-01-02 16:00:00,2742.0,2736.4585
2018-01-02 17:00:00,2880.0,2846.6243
2018-01-02 18:00:00,2971.0,2977.317
2018-01-02 19:00:00,2971.0,2956.626
2018-01-02 20:00:00,2932.0,2901.8235
2018-01-02 21:00:00,2865.0,2864.5217
2018-01-02 22:00:00,2771.0,2753.2197
2018-01-02 23:00:00,2674.0,2645.8926
2018-01-03 00:00:00,2598.0,2620.2031
2018-01-03 01:00:00,2555.0,2560.986
2018-01-03 02:00:00,2525.0,2534.6313
2018-01-03 03:00:00,2547.0,2540.4429
2018-01-03 04:00:00,2582.0,2588.0432
2018-01-03 05:00:00,2693.0,2700.633
2018-01-03 06:00:00,2828.0,2845.4124
2018-01-03 07:00:00,2937.0,2950.3542
2018-01-03 08:00:00,2949.0,2970.1724
2018-01-03 09:00:00,2921.0,2936.9458
2018-01-03 10:00:00,2865.0,2862.1177
2018-01-03 11:00:00,2782.0,2817.9607
2018-01-03 12:00:00,2735.0,2743.4133
2018-01-03 13:00:00,2724.0,2671.4934
2018-01-03 14:00:00,2690.0,2688.5034
2018-01-03 15:00:00,2655.0,2656.7717
2018-01-03 16:00:00,2693.0,2686.443
2018-01-03 17:00:00,2798.0,2774.1023
2018-01-03 18:00:00,2839.0,2962.8647
2018-01-03 19:00:00,2791.0,2850.768
2018-01-03 20:00:00,2745.0,2741.4307
2018-01-03 21:00:00,2678.0,2675.4377
2018-01-03 22:00:00,2563.0,2559.5198
2018-01-03 23:00:00,2448.0,2448.7117
2018-01-04 00:00:00,2400.0,2376.0815
2018-01-04 01:00:00,2363.0,2367.4841
2018-01-04 02:00:00,2356.0,2345.871
2018-01-04 03:00:00,2361.0,2373.5212
2018-01-04 04:00:00,2419.0,2420.7988
2018-01-04 05:00:00,2514.0,2555.6753
2018-01-04 06:00:00,2694.0,2702.1494
2018-01-04 07:00:00,2822.0,2837.4446
2018-01-04 08:00:00,2843.0,2831.83
2018-01-04 09:00:00,2821.0,2817.6748
2018-01-04 10:00:00,2793.0,2778.9758
2018-01-04 11:00:00,2747.0,2734.2432
2018-01-04 12:00:00,2714.0,2696.8835
2018-01-04 13:00:00,2716.0,2653.5935
2018-01-04 14:00:00,2721.0,2662.1394
2018-01-04 15:00:00,2696.0,2694.1165
2018-01-04 16:00:00,2726.0,2699.1711
2018-01-04 17:00:00,2835.0,2823.8381
2018-01-04 18:00:00,2888.0,2939.8652
2018-01-04 19:00:00,2866.0,2847.647
2018-01-04 20:00:00,2851.0,2809.0
2018-01-04 21:00:00,2795.0,2767.0798
2018-01-04 22:00:00,2694.0,2660.6396
2018-01-04 23:00:00,2595.0,2567.5051
2018-01-05 00:00:00,2533.0,2526.8667
2018-01-05 01:00:00,2486.0,2498.9788
2018-01-05 02:00:00,2463.0,2479.12
2018-01-05 03:00:00,2461.0,2474.2295
2018-01-05 04:00:00,2505.0,2500.2803
2018-01-05 05:00:00,2595.0,2601.2178
2018-01-05 06:00:00,2763.0,2770.4126
2018-01-05 07:00:00,2894.0,2901.3066
2018-01-05 08:00:00,2918.0,2939.1719
2018-01-05 09:00:00,2946.0,2894.5427
2018-01-05 10:00:00,2944.0,2905.2056
2018-01-05 11:00:00,2905.0,2886.5132
2018-01-05 12:00:00,2850.0,2838.3823
2018-01-05 13:00:00,2788.0,2785.1821
2018-01-05 14:00:00,2733.0,2729.1458
2018-01-05 15:00:00,2696.0,2663.5823
2018-01-05 16:00:00,2722.0,2692.2715
2018-01-05 17:00:00,2815.0,2826.133
2018-01-05 18:00:00,2881.0,2922.4373
2018-01-05 19:00:00,2839.0,2841.3887
2018-01-05 20:00:00,2812.0,2785.2354
2018-01-05 21:00:00,2759.0,2759.624
2018-01-05 22:00:00,2682.0,2655.1555
2018-01-05 23:00:00,2600.0,2580.7078
2018-01-06 00:00:00,2513.0,2545.5637
2018-01-06 01:00:00,2486.0,2453.0564
2018-01-06 02:00:00,2479.0,2467.31
2018-01-06 03:00:00,2476.0,2493.9146
2018-01-06 04:00:00,2488.0,2501.101
2018-01-06 05:00:00,2558.0,2514.8662
2018-01-06 06:00:00,2621.0,2698.2131
2018-01-06 07:00:00,2692.0,2731.0483
2018-01-06 08:00:00,2747.0,2734.41
2018-01-06 09:00:00,2768.0,2787.1943
2018-01-06 10:00:00,2740.0,2765.4648
2018-01-06 11:00:00,2668.0,2702.0876
2018-01-06 12:00:00,2570.0,2608.7847
2018-01-06 13:00:00,2488.0,2511.0476
2018-01-06 14:00:00,2426.0,2430.5415
2018-01-06 15:00:00,2403.0,2389.057
2018-01-06 16:00:00,2427.0,2420.3699
2018-01-06 17:00:00,2551.0,2540.7322
2018-01-06 18:00:00,2657.0,2633.9155
2018-01-06 19:00:00,2658.0,2660.4104
2018-01-06 20:00:00,2641.0,2604.2126
2018-01-06 21:00:00,2612.0,2565.893
2018-01-06 22:00:00,2538.0,2502.0388
2018-01-06 23:00:00,2464.0,2430.77
2018-01-07 00:00:00,2396.0,2381.036
2018-01-07 01:00:00,2362.0,2355.2566
2018-01-07 02:00:00,2343.0,2346.3018
2018-01-07 03:00:00,2350.0,2351.2893
2018-01-07 04:00:00,2319.0,2373.7695
2018-01-07 05:00:00,2344.0,2332.9155
2018-01-07 06:00:00,2388.0,2396.035
2018-01-07 07:00:00,2448.0,2450.9539
2018-01-07 08:00:00,2482.0,2474.4094
2018-01-07 09:00:00,2506.0,2529.7954
2018-01-07 10:00:00,2492.0,2504.0042
2018-01-07 11:00:00,2446.0,2447.986
2018-01-07 12:00:00,2415.0,2399.1045
2018-01-07 13:00:00,2360.0,2363.0193
2018-01-07 14:00:00,2308.0,2307.0947
2018-01-07 15:00:00,2300.0,2279.0786
2018-01-07 16:00:00,2310.0,2327.8333
2018-01-07 17:00:00,2432.0,2424.6611
2018-01-07 18:00:00,2488.0,2557.9795
2018-01-07 19:00:00,2441.0,2471.387
2018-01-07 20:00:00,2392.0,2400.3909
2018-01-07 21:00:00,2308.0,2330.858
2018-01-07 22:00:00,2207.0,2219.9456
2018-01-07 23:00:00,2113.0,2108.587
2018-01-08 00:00:00,2059.0,2043.1606
2018-01-08 01:00:00,2031.0,2034.5815
2018-01-08 02:00:00,2003.0,2036.3247
2018-01-08 03:00:00,2008.0,2007.0492
2018-01-08 04:00:00,2066.0,2051.233
2018-01-08 05:00:00,2172.0,2194.7432
2018-01-08 06:00:00,2315.0,2375.1462
2018-01-08 07:00:00,2430.0,2455.0686
2018-01-08 08:00:00,2461.0,2468.4604
2018-01-08 09:00:00,2486.0,2473.603
2018-01-08 10:00:00,2508.0,2493.4587
2018-01-08 11:00:00,2516.0,2497.1213
2018-01-08 12:00:00,2519.0,2504.091
2018-01-08 13:00:00,2501.0,2497.7068
2018-01-08 14:00:00,2470.0,2472.899
2018-01-08 15:00:00,2415.0,2442.1323
2018-01-08 16:00:00,2423.0,2434.8743
2018-01-08 17:00:00,2506.0,2527.8188
2018-01-08 18:00:00,2547.0,2595.6626
2018-01-08 19:00:00,2494.0,2525.1438
2018-01-08 20:00:00,2428.0,2436.0566
2018-01-08 21:00:00,2334.0,2343.1948
2018-01-08 22:00:00,2225.0,2216.1267
2018-01-08 23:00:00,2105.0,2096.8367
2018-01-09 00:00:00,2050.0,2018.0332
2018-01-09 01:00:00,1984.0,2006.4192
2018-01-09 02:00:00,1967.0,1969.8961
2018-01-09 03:00:00,1959.0,1963.5636
2018-01-09 04:00:00,1988.0,1994.7196
2018-01-09 05:00:00,2113.0,2098.8982
2018-01-09 06:00:00,2299.0,2330.0142
2018-01-09 07:00:00,2427.0,2433.5632
2018-01-09 08:00:00,2406.0,2470.283
2018-01-09 09:00:00,2425.0,2404.2483
2018-01-09 10:00:00,2422.0,2428.6387
2018-01-09 11:00:00,2388.0,2400.9404
2018-01-09 12:00:00,2363.0,2355.1086
2018-01-09 13:00:00,2321.0,2335.5544
2018-01-09 14:00:00,2293.0,2275.3745
2018-01-09 15:00:00,2248.0,2240.6726
2018-01-09 16:00:00,2269.0,2251.3425
2018-01-09 17:00:00,2369.0,2378.8796
2018-01-09 18:00:00,2445.0,2452.5117
2018-01-09 19:00:00,2429.0,2426.265
2018-01-09 20:00:00,2396.0,2382.8757
2018-01-09 21:00:00,2325.0,2326.2026
2018-01-09 22:00:00,2220.0,2193.664
2018-01-09 23:00:00,2109.0,2087.9775
2018-01-10 00:00:00,2048.0,2039.9247
2018-01-10 01:00:00,1980.0,2003.502
2018-01-10 02:00:00,1956.0,1954.7467
2018-01-10 03:00:00,1942.0,1948.3187
2018-01-10 04:00:00,1975.0,1971.2626
2018-01-10 05:00:00,2091.0,2100.4387
2018-01-10 06:00:00,2254.0,2292.2505
2018-01-10 07:00:00,2376.0,2389.7563
2018-01-10 08:00:00,2362.0,2399.3208
2018-01-10 09:00:00,2339.0,2350.2068
2018-01-10 10:00:00,2318.0,2323.9683
2018-01-10 11:00:00,2268.0,2279.7805
2018-01-10 12:00:00,2214.0,2229.6765
2018-01-10 13:00:00,2164.0,2166.9697
2018-01-10 14:00:00,2125.0,2118.3394
2018-01-10 15:00:00,2113.0,2074.8628
2018-01-10 16:00:00,2115.0,2135.3923
2018-01-10 17:00:00,2192.0,2174.1338
2018-01-10 18:00:00,2225.0,2283.4534
2018-01-10 19:00:00,2183.0,2219.9023
2018-01-10 20:00:00,2136.0,2168.1455
2018-01-10 21:00:00,2056.0,2063.2524
2018-01-10 22:00:00,1968.0,1940.986
2018-01-10 23:00:00,1854.0,1862.7579
2018-01-11 00:00:00,1747.0,1769.1683
2018-01-11 01:00:00,1687.0,1695.3054
2018-01-11 02:00:00,1657.0,1654.141
2018-01-11 03:00:00,1643.0,1650.537
2018-01-11 04:00:00,1674.0,1683.2682
2018-01-11 05:00:00,1778.0,1793.7759
2018-01-11 06:00:00,1976.0,1979.5651
2018-01-11 07:00:00,2116.0,2111.7856
2018-01-11 08:00:00,2146.0,2144.4907
2018-01-11 09:00:00,2170.0,2172.184
2018-01-11 10:00:00,2169.0,2191.9097
2018-01-11 11:00:00,2174.0,2156.7427
2018-01-11 12:00:00,2172.0,2165.2556
2018-01-11 13:00:00,2131.0,2165.7546
2018-01-11 14:00:00,2108.0,2100.629
2018-01-11 15:00:00,2080.0,2072.9092
2018-01-11 16:00:00,2074.0,2092.4595
2018-01-11 17:00:00,2138.0,2123.6733
2018-01-11 18:00:00,2168.0,2210.5012
2018-01-11 19:00:00,2130.0,2164.1558
2018-01-11 20:00:00,2100.0,2107.4504
2018-01-11 21:00:00,2030.0,2043.9594
2018-01-11 22:00:00,1919.0,1915.6985
2018-01-11 23:00:00,1806.0,1785.2682
2018-01-12 00:00:00,1714.0,1711.9932
2018-01-12 01:00:00,1640.0,1667.7277
2018-01-12 02:00:00,1606.0,1608.1539
2018-01-12 03:00:00,1603.0,1599.2446
2018-01-12 04:00:00,1637.0,1645.4276
2018-01-12 05:00:00,1746.0,1754.8125
2018-01-12 06:00:00,1936.0,1958.5051
2018-01-12 07:00:00,2110.0,2080.747
2018-01-12 08:00:00,2186.0,2137.9324
2018-01-12 09:00:00,2248.0,2219.5193
2018-01-12 10:00:00,2311.0,2286.7852
2018-01-12 11:00:00,2347.0,2336.351
2018-01-12 12:00:00,2364.0,2372.571
2018-01-12 13:00:00,2362.0,2369.7935
2018-01-12 14:00:00,2346.0,2347.672
2018-01-12 15:00:00,2333.0,2321.4014
2018-01-12 16:00:00,2366.0,2352.0415
2018-01-12 17:00:00,2458.0,2419.3284
2018-01-12 18:00:00,2501.0,2498.057
2018-01-12 19:00:00,2486.0,2464.296
2018-01-12 20:00:00,2437.0,2423.7605
2018-01-12 21:00:00,2391.0,2375.7073
2018-01-12 22:00:00,2308.0,2274.5989
2018-01-12 23:00:00,2203.0,2185.8203
2018-01-13 00:00:00,2156.0,2106.3606
2018-01-13 01:00:00,2137.0,2110.5383
2018-01-13 02:00:00,2127.0,2104.6824
2018-01-13 03:00:00,2120.0,2140.2268
2018-01-13 04:00:00,2145.0,2142.9722
2018-01-13 05:00:00,2187.0,2206.2375
2018-01-13 06:00:00,2256.0,2277.373
2018-01-13 07:00:00,2341.0,2372.4773
2018-01-13 08:00:00,2377.0,2409.0288
2018-01-13 09:00:00,2407.0,2415.5398
2018-01-13 10:00:00,2401.0,2398.6147
2018-01-13 11:00:00,2375.0,2358.541
2018-01-13 12:00:00,2351.0,2316.8477
2018-01-13 13:00:00,2310.0,2295.5999
2018-01-13 14:00:00,2301.0,2258.2563
2018-01-13 15:00:00,2305.0,2273.107
2018-01-13 16:00:00,2336.0,2331.6982
2018-01-13 17:00:00,2411.0,2437.5432
2018-01-13 18:00:00,2488.0,2481.8726
2018-01-13 19:00:00,2464.0,2471.4478
2018-01-13 20:00:00,2436.0,2413.8262
2018-01-13 21:00:00,2379.0,2364.6226
2018-01-13 22:00:00,2296.0,2281.562
2018-01-13 23:00:00,2208.0,2198.1995
2018-01-14 00:00:00,2148.0,2137.9077
2018-01-14 01:00:00,2101.0,2107.396
2018-01-14 02:00:00,2086.0,2080.2014
2018-01-14 03:00:00,2087.0,2072.3018
2018-01-14 04:00:00,2110.0,2096.7212
2018-01-14 05:00:00,2167.0,2161.8938
2018-01-14 06:00:00,2241.0,2257.732
2018-01-14 07:00:00,2333.0,2342.9778
2018-01-14 08:00:00,2387.0,2374.7546
2018-01-14 09:00:00,2393.0,2425.8516
2018-01-14 10:00:00,2338.0,2376.5637
2018-01-14 11:00:00,2269.0,2299.6482
2018-01-14 12:00:00,2234.0,2212.2302
2018-01-14 13:00:00,2189.0,2180.8447
2018-01-14 14:00:00,2150.0,2150.1313
2018-01-14 15:00:00,2144.0,2149.1375
2018-01-14 16:00:00,2222.0,2224.5986
2018-01-14 17:00:00,2351.0,2378.0012
2018-01-14 18:00:00,2477.0,2487.2722
2018-01-14 19:00:00,2470.0,2467.2278
2018-01-14 20:00:00,2466.0,2425.683
2018-01-14 21:00:00,2438.0,2400.0486
2018-01-14 22:00:00,2374.0,2344.8127
2018-01-14 23:00:00,2325.0,2285.112
2018-01-15 00:00:00,2276.0,2259.5361
2018-01-15 01:00:00,2242.0,2246.5198
2018-01-15 02:00:00,2220.0,2222.8425
2018-01-15 03:00:00,2237.0,2209.4553
2018-01-15 04:00:00,2286.0,2269.3232
2018-01-15 05:00:00,2375.0,2424.9736
2018-01-15 06:00:00,2494.0,2558.1396
2018-01-15 07:00:00,2607.0,2614.0354
2018-01-15 08:00:00,2638.0,2609.3513
2018-01-15 09:00:00,2663.0,2650.031
2018-01-15 10:00:00,2694.0,2648.271
2018-01-15 11:00:00,2662.0,2663.4902
2018-01-15 12:00:00,2650.0,2628.7063
2018-01-15 13:00:00,2625.0,2605.5972
2018-01-15 14:00:00,2584.0,2594.5508
2018-01-15 15:00:00,2542.0,2544.3052
2018-01-15 16:00:00,2558.0,2543.0403
2018-01-15 17:00:00,2646.0,2650.245
2018-01-15 18:00:00,2685.0,2725.0925
2018-01-15 19:00:00,2631.0,2663.101
2018-01-15 20:00:00,2581.0,2568.3171
2018-01-15 21:00:00,2479.0,2493.3228
2018-01-15 22:00:00,2378.0,2340.9216
2018-01-15 23:00:00,2306.0,2234.4385
2018-01-16 00:00:00,2275.0,2228.0325
2018-01-16 01:00:00,2272.0,2249.6892
2018-01-16 02:00:00,2264.0,2271.1663
2018-01-16 03:00:00,2291.0,2291.62
2018-01-16 04:00:00,2346.0,2382.5276
2018-01-16 05:00:00,2472.0,2493.1194
2018-01-16 06:00:00,2650.0,2687.233
2018-01-16 07:00:00,2807.0,2800.6038
2018-01-16 08:00:00,2845.0,2804.9727
2018-01-16 09:00:00,2854.0,2846.9045
2018-01-16 10:00:00,2844.0,2822.163
2018-01-16 11:00:00,2796.0,2785.8425
2018-01-16 12:00:00,2754.0,2741.1245
2018-01-16 13:00:00,2713.0,2701.3323
2018-01-16 14:00:00,2704.0,2664.2388
2018-01-16 15:00:00,2689.0,2664.576
2018-01-16 16:00:00,2710.0,2705.3284
2018-01-16 17:00:00,2827.0,2783.474
2018-01-16 18:00:00,2907.0,2914.9277
2018-01-16 19:00:00,2888.0,2896.7366
2018-01-16 20:00:00,2859.0,2827.263
2018-01-16 21:00:00,2776.0,2756.3396
2018-01-16 22:00:00,2659.0,2649.5083
2018-01-16 23:00:00,2561.0,2542.8157
2018-01-17 00:00:00,2484.0,2496.5315
2018-01-17 01:00:00,2455.0,2453.3872
2018-01-17 02:00:00,2417.0,2440.0032
2018-01-17 03:00:00,2410.0,2409.3005
2018-01-17 04:00:00,2449.0,2444.9646
2018-01-17 05:00:00,2553.0,2535.2063
2018-01-17 06:00:00,2718.0,2738.4167
2018-01-17 07:00:00,2843.0,2871.734
2018-01-17 08:00:00,2851.0,2876.7742
2018-01-17 09:00:00,2832.0,2821.2395
2018-01-17 10:00:00,2770.0,2817.5945
2018-01-17 11:00:00,2672.0,2716.3042
2018-01-17 12:00:00,2629.0,2627.6929
2018-01-17 13:00:00,2577.0,2588.8452
2018-01-17 14:00:00,2531.0,2546.5347
2018-01-17 15:00:00,2491.0,2505.7776
2018-01-17 16:00:00,2512.0,2505.7456
2018-01-17 17:00:00,2641.0,2614.194
2018-01-17 18:00:00,2778.0,2785.0261
2018-01-17 19:00:00,2771.0,2787.708
2018-01-17 20:00:00,2744.0,2722.3904
2018-01-17 21:00:00,2682.0,2654.0894
2018-01-17 22:00:00,2556.0,2554.036
2018-01-17 23:00:00,2460.0,2438.264
2018-01-18 00:00:00,2386.0,2388.923
2018-01-18 01:00:00,2356.0,2351.0994
2018-01-18 02:00:00,2345.0,2329.8184
2018-01-18 03:00:00,2365.0,2362.02
2018-01-18 04:00:00,2409.0,2428.2795
2018-01-18 05:00:00,2548.0,2546.4543
2018-01-18 06:00:00,2742.0,2737.1658
2018-01-18 07:00:00,2857.0,2876.3323
2018-01-18 08:00:00,2827.0,2815.0754
2018-01-18 09:00:00,2784.0,2763.5156
2018-01-18 10:00:00,2704.0,2743.993
2018-01-18 11:00:00,2627.0,2653.337
2018-01-18 12:00:00,2578.0,2582.8274
2018-01-18 13:00:00,2519.0,2544.3914
2018-01-18 14:00:00,2462.0,2475.852
2018-01-18 15:00:00,2405.0,2415.9917
2018-01-18 16:00:00,2392.0,2418.4048
2018-01-18 17:00:00,2496.0,2477.7568
2018-01-18 18:00:00,2620.0,2627.8496
2018-01-18 19:00:00,2619.0,2629.574
2018-01-18 20:00:00,2590.0,2598.3716
2018-01-18 21:00:00,2521.0,2515.8818
2018-01-18 22:00:00,2399.0,2388.6973
2018-01-18 23:00:00,2284.0,2271.1487
2018-01-19 00:00:00,2233.0,2205.5356
2018-01-19 01:00:00,2188.0,2197.8018
2018-01-19 02:00:00,2161.0,2173.3726
2018-01-19 03:00:00,2168.0,2181.3867
2018-01-19 04:00:00,2204.0,2226.2678
2018-01-19 05:00:00,2323.0,2330.2776
2018-01-19 06:00:00,2495.0,2509.9875
2018-01-19 07:00:00,2636.0,2616.969
2018-01-19 08:00:00,2605.0,2638.71
2018-01-19 09:00:00,2553.0,2579.1465
2018-01-19 10:00:00,2508.0,2516.693
2018-01-19 11:00:00,2429.0,2453.774
2018-01-19 12:00:00,2378.0,2382.4216
2018-01-19 13:00:00,2323.0,2333.8337
2018-01-19 14:00:00,2253.0,2283.723
2018-01-19 15:00:00,2214.0,2218.25
2018-01-19 16:00:00,2226.0,2212.1802
2018-01-19 17:00:00,2304.0,2300.981
2018-01-19 18:00:00,2387.0,2411.9614
2018-01-19 19:00:00,2372.0,2375.7114
2018-01-19 20:00:00,2335.0,2330.1035
2018-01-19 21:00:00,2275.0,2260.8315
2018-01-19 22:00:00,2178.0,2164.7104
2018-01-19 23:00:00,2054.0,2046.7234
2018-01-20 00:00:00,1973.0,1963.2323
2018-01-20 01:00:00,1905.0,1918.143
2018-01-20 02:00:00,1876.0,1876.9801
2018-01-20 03:00:00,1870.0,1856.0955
2018-01-20 04:00:00,1888.0,1889.8872
2018-01-20 05:00:00,1917.0,1947.8267
2018-01-20 06:00:00,1993.0,1994.0964
2018-01-20 07:00:00,2078.0,2075.3472
2018-01-20 08:00:00,2121.0,2135.947
2018-01-20 09:00:00,2147.0,2160.499
2018-01-20 10:00:00,2108.0,2159.7502
2018-01-20 11:00:00,2047.0,2056.2136
2018-01-20 12:00:00,1936.0,1997.838
2018-01-20 13:00:00,1865.0,1876.3707
2018-01-20 14:00:00,1873.0,1807.7542
2018-01-20 15:00:00,1839.0,1885.8507
2018-01-20 16:00:00,1897.0,1886.9832
2018-01-20 17:00:00,1972.0,2020.0521
2018-01-20 18:00:00,2038.0,2094.8274
2018-01-20 19:00:00,2002.0,2044.2894
2018-01-20 20:00:00,1972.0,1963.0222
2018-01-20 21:00:00,1908.0,1930.958
2018-01-20 22:00:00,1838.0,1821.0856
2018-01-20 23:00:00,1749.0,1753.9866
2018-01-21 00:00:00,1680.0,1680.0531
2018-01-21 01:00:00,1616.0,1634.1398
2018-01-21 02:00:00,1598.0,1596.99
2018-01-21 03:00:00,1578.0,1581.9094
2018-01-21 04:00:00,1590.0,1583.4453
2018-01-21 05:00:00,1601.0,1617.7994
2018-01-21 06:00:00,1651.0,1660.6915
2018-01-21 07:00:00,1727.0,1739.132
2018-01-21 08:00:00,1782.0,1820.6516
2018-01-21 09:00:00,1837.0,1853.3862
2018-01-21 10:00:00,1849.0,1872.325
2018-01-21 11:00:00,1860.0,1868.3073
2018-01-21 12:00:00,1855.0,1858.6724
2018-01-21 13:00:00,1828.0,1845.9745
2018-01-21 14:00:00,1824.0,1807.6725
2018-01-21 15:00:00,1822.0,1836.704
2018-01-21 16:00:00,1858.0,1871.003
2018-01-21 17:00:00,1926.0,1949.7197
2018-01-21 18:00:00,1968.0,2020.8822
2018-01-21 19:00:00,1946.0,1992.3176
2018-01-21 20:00:00,1902.0,1929.3702
2018-01-21 21:00:00,1854.0,1867.0593
2018-01-21 22:00:00,1767.0,1794.9695
2018-01-21 23:00:00,1692.0,1701.7234
2018-01-22 00:00:00,1642.0,1624.7156
2018-01-22 01:00:00,1605.0,1610.9359
2018-01-22 02:00:00,1603.0,1591.8857
2018-01-22 03:00:00,1603.0,1618.0839
2018-01-22 04:00:00,1653.0,1653.0304
2018-01-22 05:00:00,1776.0,1781.7388
2018-01-22 06:00:00,1983.0,1993.5177
2018-01-22 07:00:00,2113.0,2139.4214
2018-01-22 08:00:00,2117.0,2158.9805
2018-01-22 09:00:00,2127.0,2141.6443
2018-01-22 10:00:00,2138.0,2137.0266
2018-01-22 11:00:00,2128.0,2129.5718
2018-01-22 12:00:00,2137.0,2116.1023
2018-01-22 13:00:00,2141.0,2129.4453
2018-01-22 14:00:00,2130.0,2131.3687
2018-01-22 15:00:00,2081.0,2101.2273
2018-01-22 16:00:00,2096.0,2087.4536
2018-01-22 17:00:00,2148.0,2160.7908
2018-01-22 18:00:00,2198.0,2238.6858
2018-01-22 19:00:00,2163.0,2206.818
2018-01-22 20:00:00,2107.0,2143.2817
2018-01-22 21:00:00,2018.0,2048.4739
2018-01-22 22:00:00,1898.0,1916.5585
2018-01-22 23:00:00,1801.0,1779.2034
2018-01-23 00:00:00,1748.0,1731.4014
2018-01-23 01:00:00,1706.0,1699.5948
2018-01-23 02:00:00,1680.0,1688.3644
2018-01-23 03:00:00,1688.0,1683.8962
2018-01-23 04:00:00,1735.0,1733.1218
2018-01-23 05:00:00,1873.0,1860.8846
2018-01-23 06:00:00,2094.0,2094.162
2018-01-23 07:00:00,2250.0,2216.0217
2018-01-23 08:00:00,2268.0,2247.1016
2018-01-23 09:00:00,2301.0,2287.1426
2018-01-23 10:00:00,2324.0,2326.9485
2018-01-23 11:00:00,2312.0,2319.5854
2018-01-23 12:00:00,2326.0,2303.731
2018-01-23 13:00:00,2326.0,2317.3022
2018-01-23 14:00:00,2340.0,2308.616
2018-01-23 15:00:00,2307.0,2336.0671
2018-01-23 16:00:00,2328.0,2330.4438
2018-01-23 17:00:00,2398.0,2396.1963
2018-01-23 18:00:00,2429.0,2495.2053
2018-01-23 19:00:00,2382.0,2413.1543
2018-01-23 20:00:00,2363.0,2333.6262
2018-01-23 21:00:00,2271.0,2292.3914
2018-01-23 22:00:00,2177.0,2130.6326
2018-01-23 23:00:00,2054.0,2044.5267
2018-01-24 00:00:00,2000.0,1983.6638
2018-01-24 01:00:00,1961.0,1952.1748
2018-01-24 02:00:00,1919.0,1948.4496
2018-01-24 03:00:00,1923.0,1922.042
2018-01-24 04:00:00,1960.0,1966.4836
2018-01-24 05:00:00,2092.0,2099.4036
2018-01-24 06:00:00,2281.0,2311.997
2018-01-24 07:00:00,2403.0,2431.7617
2018-01-24 08:00:00,2431.0,2425.3037
2018-01-24 09:00:00,2450.0,2451.108
2018-01-24 10:00:00,2460.0,2466.6897
2018-01-24 11:00:00,2440.0,2437.5798
2018-01-24 12:00:00,2419.0,2412.83
2018-01-24 13:00:00,2410.0,2385.0
2018-01-24 14:00:00,2395.0,2386.8208
2018-01-24 15:00:00,2366.0,2362.3186
2018-01-24 16:00:00,2429.0,2380.7732
2018-01-24 17:00:00,2480.0,2534.0803
2018-01-24 18:00:00,2523.0,2565.311
2018-01-24 19:00:00,2510.0,2484.3008
2018-01-24 20:00:00,2448.0,2459.512
2018-01-24 21:00:00,2378.0,2367.2366
2018-01-24 22:00:00,2255.0,2260.8682
2018-01-24 23:00:00,2150.0,2130.1545
2018-01-25 00:00:00,2074.0,2073.7312
2018-01-25 01:00:00,2016.0,2036.2172
2018-01-25 02:00:00,2004.0,1998.7742
2018-01-25 03:00:00,2003.0,2008.0338
2018-01-25 04:00:00,2054.0,2051.4604
2018-01-25 05:00:00,2194.0,2189.3313
2018-01-25 06:00:00,2401.0,2418.7244
2018-01-25 07:00:00,2534.0,2517.4521
2018-01-25 08:00:00,2511.0,2529.939
2018-01-25 09:00:00,2478.0,2496.2344
2018-01-25 10:00:00,2464.0,2458.2463
2018-01-25 11:00:00,2426.0,2426.4026
2018-01-25 12:00:00,2373.0,2389.6497
2018-01-25 13:00:00,2342.0,2332.781
2018-01-25 14:00:00,2289.0,2301.7437
2018-01-25 15:00:00,2196.0,2242.5264
2018-01-25 16:00:00,2192.0,2191.0032
2018-01-25 17:00:00,2250.0,2256.7148
2018-01-25 18:00:00,2381.0,2363.0037
2018-01-25 19:00:00,2382.0,2384.633
2018-01-25 20:00:00,2352.0,2347.9895
2018-01-25 21:00:00,2283.0,2271.1953
2018-01-25 22:00:00,2172.0,2149.1199
2018-01-25 23:00:00,2059.0,2038.4662
2018-01-26 00:00:00,1973.0,1982.9463
2018-01-26 01:00:00,1949.0,1934.2306
2018-01-26 02:00:00,1920.0,1926.7853
2018-01-26 03:00:00,1912.0,1916.3542
2018-01-26 04:00:00,1941.0,1947.6509
2018-01-26 05:00:00,2056.0,2050.4724
2018-01-26 06:00:00,2248.0,2257.2827
2018-01-26 07:00:00,2354.0,2375.564
2018-01-26 08:00:00,2355.0,2360.8357
2018-01-26 09:00:00,2289.0,2333.4568
2018-01-26 10:00:00,2242.0,2258.138
2018-01-26 11:00:00,2180.0,2179.0505
2018-01-26 12:00:00,2128.0,2122.5166
2018-01-26 13:00:00,2090.0,2067.7993
2018-01-26 14:00:00,2022.0,2029.469
2018-01-26 15:00:00,1962.0,1983.0249
2018-01-26 16:00:00,1950.0,1971.3657
2018-01-26 17:00:00,1983.0,2002.1617
2018-01-26 18:00:00,2074.0,2073.6965
2018-01-26 19:00:00,2066.0,2094.0486
2018-01-26 20:00:00,2026.0,2044.1842
2018-01-26 21:00:00,1965.0,1975.0055
2018-01-26 22:00:00,1879.0,1872.1207
2018-01-26 23:00:00,1775.0,1770.382
2018-01-27 00:00:00,1701.0,1692.8938
2018-01-27 01:00:00,1649.0,1641.3488
2018-01-27 02:00:00,1616.0,1630.5156
2018-01-27 03:00:00,1603.0,1605.6105
2018-01-27 04:00:00,1626.0,1625.2126
2018-01-27 05:00:00,1650.0,1676.9202
2018-01-27 06:00:00,1741.0,1734.5228
2018-01-27 07:00:00,1831.0,1830.0249
2018-01-27 08:00:00,1887.0,1893.2655
2018-01-27 09:00:00,1948.0,1928.3099
2018-01-27 10:00:00,1987.0,1958.3745
2018-01-27 11:00:00,1983.0,1966.2289
2018-01-27 12:00:00,1978.0,1955.3964
2018-01-27 13:00:00,1952.0,1945.8596
2018-01-27 14:00:00,1935.0,1916.7195
2018-01-27 15:00:00,1919.0,1920.0479
2018-01-27 16:00:00,1916.0,1932.0217
2018-01-27 17:00:00,1949.0,1972.58
2018-01-27 18:00:00,1959.0,2020.6158
2018-01-27 19:00:00,1929.0,1957.1685
2018-01-27 20:00:00,1888.0,1919.3335
2018-01-27 21:00:00,1843.0,1855.9833
2018-01-27 22:00:00,1778.0,1768.0507
2018-01-27 23:00:00,1704.0,1706.3727
2018-01-28 00:00:00,1648.0,1630.7974
2018-01-28 01:00:00,1606.0,1625.8804
2018-01-28 02:00:00,1612.0,1593.3202
2018-01-28 03:00:00,1603.0,1603.8014
2018-01-28 04:00:00,1635.0,1627.9984
2018-01-28 05:00:00,1689.0,1684.9426
2018-01-28 06:00:00,1771.0,1762.6477
2018-01-28 07:00:00,1848.0,1851.4939
2018-01-28 08:00:00,1917.0,1906.5424
2018-01-28 09:00:00,1924.0,1953.267
2018-01-28 10:00:00,1869.0,1925.201
2018-01-28 11:00:00,1808.0,1839.8218
2018-01-28 12:00:00,1778.0,1764.3562
2018-01-28 13:00:00,1723.0,1741.822
2018-01-28 14:00:00,1671.0,1681.6782
2018-01-28 15:00:00,1656.0,1653.3585
2018-01-28 16:00:00,1675.0,1689.2378
2018-01-28 17:00:00,1760.0,1758.9546
2018-01-28 18:00:00,1918.0,1871.6616
2018-01-28 19:00:00,1954.0,1950.9482
2018-01-28 20:00:00,1968.0,1966.4305
2018-01-28 21:00:00,1925.0,1933.2098
2018-01-28 22:00:00,1873.0,1848.4137
2018-01-28 23:00:00,1830.0,1804.0148
2018-01-29 00:00:00,1795.0,1791.621
2018-01-29 01:00:00,1783.0,1782.8704
2018-01-29 02:00:00,1790.0,1794.5164
2018-01-29 03:00:00,1799.0,1827.3754
2018-01-29 04:00:00,1875.0,1870.7437
2018-01-29 05:00:00,1996.0,2009.9138
2018-01-29 06:00:00,2203.0,2195.859
2018-01-29 07:00:00,2345.0,2346.3972
2018-01-29 08:00:00,2370.0,2355.2224
2018-01-29 09:00:00,2377.0,2388.6465
2018-01-29 10:00:00,2408.0,2378.7244
2018-01-29 11:00:00,2401.0,2406.5815
2018-01-29 12:00:00,2399.0,2378.0515
2018-01-29 13:00:00,2396.0,2379.4463
2018-01-29 14:00:00,2385.0,2377.4883
2018-01-29 15:00:00,2383.0,2362.5537
2018-01-29 16:00:00,2424.0,2422.4763
2018-01-29 17:00:00,2491.0,2518.409
2018-01-29 18:00:00,2562.0,2580.6677
2018-01-29 19:00:00,2535.0,2567.573
2018-01-29 20:00:00,2491.0,2484.228
2018-01-29 21:00:00,2410.0,2421.7349
2018-01-29 22:00:00,2308.0,2292.9744
2018-01-29 23:00:00,2198.0,2204.1394
2018-01-30 00:00:00,2121.0,2113.3748
2018-01-30 01:00:00,2083.0,2079.0378
2018-01-30 02:00:00,2073.0,2063.4954
2018-01-30 03:00:00,2076.0,2080.5142
2018-01-30 04:00:00,2132.0,2126.549
2018-01-30 05:00:00,2258.0,2289.5647
2018-01-30 06:00:00,2458.0,2476.0542
2018-01-30 07:00:00,2579.0,2608.836
2018-01-30 08:00:00,2595.0,2587.7463
2018-01-30 09:00:00,2571.0,2584.9062
2018-01-30 10:00:00,2524.0,2550.7673
2018-01-30 11:00:00,2453.0,2489.6826
2018-01-30 12:00:00,2430.0,2417.279
2018-01-30 13:00:00,2394.0,2390.94
2018-01-30 14:00:00,2370.0,2353.105
2018-01-30 15:00:00,2346.0,2328.1206
2018-01-30 16:00:00,2356.0,2357.4841
2018-01-30 17:00:00,2400.0,2435.9001
2018-01-30 18:00:00,2510.0,2501.0945
2018-01-30 19:00:00,2504.0,2520.6445
2018-01-30 20:00:00,2477.0,2469.3123
2018-01-30 21:00:00,2394.0,2395.5188
2018-01-30 22:00:00,2299.0,2266.7805
2018-01-30 23:00:00,2199.0,2164.3235
2018-01-31 00:00:00,2124.0,2117.3235
2018-01-31 01:00:00,2079.0,2083.1074
2018-01-31 02:00:00,2060.0,2057.5637
2018-01-31 03:00:00,2058.0,2058.1501
2018-01-31 04:00:00,2105.0,2095.592
2018-01-31 05:00:00,2217.0,2225.6523
2018-01-31 06:00:00,2403.0,2427.125
2018-01-31 07:00:00,2543.0,2548.7004
2018-01-31 08:00:00,2524.0,2528.1467
2018-01-31 09:00:00,2515.0,2506.9187
2018-01-31 10:00:00,2495.0,2488.8638
2018-01-31 11:00:00,2433.0,2443.4497
2018-01-31 12:00:00,2393.0,2389.8
2018-01-31 13:00:00,2310.0,2351.078
2018-01-31 14:00:00,2248.0,2260.1367
2018-01-31 15:00:00,2197.0,2190.3447
2018-01-31 16:00:00,2188.0,2199.0808
2018-01-31 17:00:00,2246.0,2255.5635
2018-01-31 18:00:00,2322.0,2351.3857
2018-01-31 19:00:00,2313.0,2351.237
2018-01-31 20:00:00,2278.0,2285.977
2018-01-31 21:00:00,2192.0,2198.5347
2018-01-31 22:00:00,2083.0,2063.5693
2018-01-31 23:00:00,1978.0,1954.9143
2018-02-01 00:00:00,1900.0,1896.745
2018-02-01 01:00:00,1851.0,1851.1526
2018-02-01 02:00:00,1827.0,1817.3594
2018-02-01 03:00:00,1822.0,1817.2009
2018-02-01 04:00:00,1862.0,1848.2362
2018-02-01 05:00:00,1960.0,1982.2225
2018-02-01 06:00:00,2155.0,2134.324
2018-02-01 07:00:00,2290.0,2291.4832
2018-02-01 08:00:00,2281.0,2295.9912
2018-02-01 09:00:00,2282.0,2257.5627
2018-02-01 10:00:00,2290.0,2267.5562
2018-02-01 11:00:00,2272.0,2259.8037
2018-02-01 12:00:00,2269.0,2240.032
2018-02-01 13:00:00,2266.0,2248.2805
2018-02-01 14:00:00,2265.0,2244.753
2018-02-01 15:00:00,2265.0,2247.4714
2018-02-01 16:00:00,2304.0,2287.2646
2018-02-01 17:00:00,2383.0,2376.6516
2018-02-01 18:00:00,2462.0,2491.9375
2018-02-01 19:00:00,2458.0,2464.6372
2018-02-01 20:00:00,2458.0,2414.5508
2018-02-01 21:00:00,2432.0,2378.04
2018-02-01 22:00:00,2344.0,2304.9785
2018-02-01 23:00:00,2290.0,2222.4546
2018-02-02 00:00:00,2244.0,2229.9937
2018-02-02 01:00:00,2224.0,2217.9624
2018-02-02 02:00:00,2224.0,2215.0237
2018-02-02 03:00:00,2231.0,2259.374
2018-02-02 04:00:00,2281.0,2277.9075
2018-02-02 05:00:00,2412.0,2399.1458
2018-02-02 06:00:00,2616.0,2619.592
2018-02-02 07:00:00,2742.0,2726.6387
2018-02-02 08:00:00,2721.0,2745.6555
2018-02-02 09:00:00,2699.0,2703.3032
2018-02-02 10:00:00,2662.0,2655.6433
2018-02-02 11:00:00,2609.0,2605.8257
2018-02-02 12:00:00,2574.0,2575.0264
2018-02-02 13:00:00,2519.0,2533.682
2018-02-02 14:00:00,2457.0,2476.423
2018-02-02 15:00:00,2376.0,2415.7253
2018-02-02 16:00:00,2367.0,2389.2942
2018-02-02 17:00:00,2430.0,2428.0046
2018-02-02 18:00:00,2543.0,2571.7202
2018-02-02 19:00:00,2538.0,2561.2478
2018-02-02 20:00:00,2521.0,2509.1194
2018-02-02 21:00:00,2473.0,2457.118
2018-02-02 22:00:00,2378.0,2361.5825
2018-02-02 23:00:00,2285.0,2262.763
2018-02-03 00:00:00,2188.0,2200.6843
2018-02-03 01:00:00,2132.0,2140.0398
2018-02-03 02:00:00,2093.0,2109.9373
2018-02-03 03:00:00,2071.0,2081.7366
2018-02-03 04:00:00,2065.0,2065.8613
2018-02-03 05:00:00,2107.0,2109.8445
2018-02-03 06:00:00,2176.0,2188.047
2018-02-03 07:00:00,2255.0,2253.9583
2018-02-03 08:00:00,2312.0,2298.4907
2018-02-03 09:00:00,2362.0,2346.3992
2018-02-03 10:00:00,2367.0,2370.492
2018-02-03 11:00:00,2339.0,2332.7866
2018-02-03 12:00:00,2281.0,2286.2888
2018-02-03 13:00:00,2223.0,2213.7256
2018-02-03 14:00:00,2169.0,2157.2336
2018-02-03 15:00:00,2165.0,2123.0918
2018-02-03 16:00:00,2162.0,2194.0889
2018-02-03 17:00:00,2202.0,2240.868
2018-02-03 18:00:00,2262.0,2308.6484
2018-02-03 19:00:00,2229.0,2299.322
2018-02-03 20:00:00,2201.0,2201.8037
2018-02-03 21:00:00,2120.0,2156.691
2018-02-03 22:00:00,2029.0,2034.9359
2018-02-03 23:00:00,1920.0,1936.9125
2018-02-04 00:00:00,1830.0,1836.591
2018-02-04 01:00:00,1776.0,1780.9464
2018-02-04 02:00:00,1745.0,1751.6698
2018-02-04 03:00:00,1731.0,1738.1481
2018-02-04 04:00:00,1742.0,1738.5948
2018-02-04 05:00:00,1770.0,1779.4165
2018-02-04 06:00:00,1825.0,1824.977
2018-02-04 07:00:00,1916.0,1905.152
2018-02-04 08:00:00,1977.0,1981.006
2018-02-04 09:00:00,2032.0,2020.8336
2018-02-04 10:00:00,2053.0,2052.2676
2018-02-04 11:00:00,2073.0,2049.0862
2018-02-04 12:00:00,2090.0,2065.5825
2018-02-04 13:00:00,2080.0,2079.4524
2018-02-04 14:00:00,2071.0,2059.4282
2018-02-04 15:00:00,2072.0,2064.544
2018-02-04 16:00:00,2094.0,2101.8452
2018-02-04 17:00:00,2185.0,2156.449
2018-02-04 18:00:00,2220.0,2281.2107
2018-02-04 19:00:00,2214.0,2216.164
2018-02-04 20:00:00,2223.0,2186.3115
2018-02-04 21:00:00,2202.0,2173.9526
2018-02-04 22:00:00,2173.0,2132.5876
2018-02-04 23:00:00,2154.0,2113.808
2018-02-05 00:00:00,2118.0,2128.4277
2018-02-05 01:00:00,2094.0,2105.6018
2018-02-05 02:00:00,2097.0,2084.016
2018-02-05 03:00:00,2118.0,2122.4773
2018-02-05 04:00:00,2169.0,2173.8408
2018-02-05 05:00:00,2291.0,2275.7456
2018-02-05 06:00:00,2497.0,2484.0708
2018-02-05 07:00:00,2633.0,2629.505
2018-02-05 08:00:00,2677.0,2626.7131
2018-02-05 09:00:00,2667.0,2682.981
2018-02-05 10:00:00,2608.0,2662.4888
2018-02-05 11:00:00,2541.0,2554.8496
2018-02-05 12:00:00,2518.0,2496.6606
2018-02-05 13:00:00,2477.0,2479.7195
2018-02-05 14:00:00,2467.0,2444.209
2018-02-05 15:00:00,2435.0,2439.9912
2018-02-05 16:00:00,2461.0,2448.5315
2018-02-05 17:00:00,2527.0,2525.5244
2018-02-05 18:00:00,2604.0,2640.9827
2018-02-05 19:00:00,2600.0,2614.6406
2018-02-05 20:00:00,2543.0,2552.5146
2018-02-05 21:00:00,2458.0,2465.3882
2018-02-05 22:00:00,2329.0,2331.8179
2018-02-05 23:00:00,2224.0,2207.4458
2018-02-06 00:00:00,2127.0,2158.181
2018-02-06 01:00:00,2090.0,2083.0518
2018-02-06 02:00:00,2059.0,2054.4265
2018-02-06 03:00:00,2057.0,2051.506
2018-02-06 04:00:00,2094.0,2101.8855
2018-02-06 05:00:00,2214.0,2212.6719
2018-02-06 06:00:00,2392.0,2430.5054
2018-02-06 07:00:00,2526.0,2525.6511
2018-02-06 08:00:00,2537.0,2548.1738
2018-02-06 09:00:00,2555.0,2528.2742
2018-02-06 10:00:00,2559.0,2551.8887
2018-02-06 11:00:00,2504.0,2527.4924
2018-02-06 12:00:00,2468.0,2468.3638
2018-02-06 13:00:00,2416.0,2439.3655
2018-02-06 14:00:00,2396.0,2367.5125
2018-02-06 15:00:00,2366.0,2346.256
2018-02-06 16:00:00,2386.0,2371.1921
2018-02-06 17:00:00,2430.0,2454.8762
2018-02-06 18:00:00,2541.0,2546.8257
2018-02-06 19:00:00,2525.0,2544.53
2018-02-06 20:00:00,2478.0,2482.3906
2018-02-06 21:00:00,2422.0,2393.119
2018-02-06 22:00:00,2311.0,2302.4685
2018-02-06 23:00:00,2214.0,2188.6738
2018-02-07 00:00:00,2133.0,2133.814
2018-02-07 01:00:00,2096.0,2095.9802
2018-02-07 02:00:00,2080.0,2071.3142
2018-02-07 03:00:00,2093.0,2083.108
2018-02-07 04:00:00,2141.0,2140.5557
2018-02-07 05:00:00,2235.0,2286.0654
2018-02-07 06:00:00,2398.0,2438.789
2018-02-07 07:00:00,2499.0,2531.0476
2018-02-07 08:00:00,2546.0,2505.9978
2018-02-07 09:00:00,2557.0,2545.855
2018-02-07 10:00:00,2551.0,2546.4255
2018-02-07 11:00:00,2520.0,2507.8928
2018-02-07 12:00:00,2470.0,2481.6536
2018-02-07 13:00:00,2462.0,2431.4797
2018-02-07 14:00:00,2434.0,2431.9114
2018-02-07 15:00:00,2412.0,2386.8948
2018-02-07 16:00:00,2450.0,2422.956
2018-02-07 17:00:00,2490.0,2534.8801
2018-02-07 18:00:00,2572.0,2584.0283
2018-02-07 19:00:00,2566.0,2566.6272
2018-02-07 20:00:00,2518.0,2522.738
2018-02-07 21:00:00,2437.0,2436.4595
2018-02-07 22:00:00,2326.0,2319.0615
2018-02-07 23:00:00,2219.0,2197.4844
2018-02-08 00:00:00,2168.0,2153.4377
2018-02-08 01:00:00,2121.0,2129.115
2018-02-08 02:00:00,2132.0,2101.0217
2018-02-08 03:00:00,2144.0,2173.2031
2018-02-08 04:00:00,2204.0,2211.5044
2018-02-08 05:00:00,2358.0,2357.606
2018-02-08 06:00:00,2569.0,2571.297
2018-02-08 07:00:00,2699.0,2703.508
2018-02-08 08:00:00,2661.0,2675.8506
2018-02-08 09:00:00,2638.0,2625.5342
2018-02-08 10:00:00,2615.0,2606.9858
2018-02-08 11:00:00,2538.0,2567.1365
2018-02-08 12:00:00,2484.0,2498.033
2018-02-08 13:00:00,2461.0,2437.4924
2018-02-08 14:00:00,2401.0,2419.6008
2018-02-08 15:00:00,2359.0,2351.899
2018-02-08 16:00:00,2375.0,2375.5913
2018-02-08 17:00:00,2453.0,2455.0505
2018-02-08 18:00:00,2555.0,2599.6628
2018-02-08 19:00:00,2541.0,2584.7148
2018-02-08 20:00:00,2506.0,2487.672
2018-02-08 21:00:00,2436.0,2440.0427
2018-02-08 22:00:00,2293.0,2318.9553
2018-02-08 23:00:00,2172.0,2173.986
2018-02-09 00:00:00,2112.0,2082.9485
2018-02-09 01:00:00,2067.0,2064.599
2018-02-09 02:00:00,2036.0,2039.9576
2018-02-09 03:00:00,2040.0,2031.8544
2018-02-09 04:00:00,2072.0,2080.351
2018-02-09 05:00:00,2194.0,2192.451
2018-02-09 06:00:00,2381.0,2382.1963
2018-02-09 07:00:00,2508.0,2505.9893
2018-02-09 08:00:00,2493.0,2498.5154
2018-02-09 09:00:00,2480.0,2481.1226
2018-02-09 10:00:00,2448.0,2450.8716
2018-02-09 11:00:00,2386.0,2395.1633
2018-02-09 12:00:00,2349.0,2332.6062
2018-02-09 13:00:00,2275.0,2299.6978
2018-02-09 14:00:00,2204.0,2212.7263
2018-02-09 15:00:00,2152.0,2141.955
2018-02-09 16:00:00,2162.0,2135.29
2018-02-09 17:00:00,2166.0,2230.0383
2018-02-09 18:00:00,2235.0,2254.1943
2018-02-09 19:00:00,2219.0,2286.758
2018-02-09 20:00:00,2172.0,2214.0051
2018-02-09 21:00:00,2116.0,2116.925
2018-02-09 22:00:00,2018.0,2017.028
2018-02-09 23:00:00,1907.0,1897.3282
2018-02-10 00:00:00,1807.0,1813.5459
2018-02-10 01:00:00,1754.0,1746.7999
2018-02-10 02:00:00,1723.0,1712.9218
2018-02-10 03:00:00,1721.0,1714.9652
2018-02-10 04:00:00,1733.0,1743.3062
2018-02-10 05:00:00,1778.0,1789.5454
2018-02-10 06:00:00,1860.0,1861.4364
2018-02-10 07:00:00,1950.0,1939.8438
2018-02-10 08:00:00,2021.0,2002.5969
2018-02-10 09:00:00,2089.0,2056.251
2018-02-10 10:00:00,2125.0,2113.2666
2018-02-10 11:00:00,2117.0,2112.902
2018-02-10 12:00:00,2090.0,2083.1863
2018-02-10 13:00:00,2087.0,2045.4823
2018-02-10 14:00:00,2064.0,2065.469
2018-02-10 15:00:00,2070.0,2040.1354
2018-02-10 16:00:00,2091.0,2084.98
2018-02-10 17:00:00,2126.0,2132.6023
2018-02-10 18:00:00,2209.0,2184.6484
2018-02-10 19:00:00,2189.0,2205.756
2018-02-10 20:00:00,2156.0,2148.4668
2018-02-10 21:00:00,2110.0,2097.8745
2018-02-10 22:00:00,2013.0,2030.7494
2018-02-10 23:00:00,1906.0,1930.4983
2018-02-11 00:00:00,1856.0,1823.8442
2018-02-11 01:00:00,1798.0,1807.8715
2018-02-11 02:00:00,1785.0,1775.9032
2018-02-11 03:00:00,1763.0,1778.2831
2018-02-11 04:00:00,1765.0,1783.5264
2018-02-11 05:00:00,1804.0,1796.3851
2018-02-11 06:00:00,1845.0,1848.2865
2018-02-11 07:00:00,1907.0,1926.5681
2018-02-11 08:00:00,1955.0,1967.73
2018-02-11 09:00:00,2022.0,2010.7786
2018-02-11 10:00:00,2038.0,2045.9169
2018-02-11 11:00:00,2062.0,2037.9434
2018-02-11 12:00:00,2058.0,2059.4475
2018-02-11 13:00:00,2034.0,2034.6844
2018-02-11 14:00:00,2059.0,2002.6984
2018-02-11 15:00:00,2080.0,2068.2393
2018-02-11 16:00:00,2118.0,2122.0735
2018-02-11 17:00:00,2190.0,2174.8987
2018-02-11 18:00:00,2266.0,2287.7917
2018-02-11 19:00:00,2257.0,2273.564
2018-02-11 20:00:00,2228.0,2232.1199
2018-02-11 21:00:00,2177.0,2176.7932
2018-02-11 22:00:00,2091.0,2102.498
2018-02-11 23:00:00,2031.0,2024.6384
2018-02-12 00:00:00,1995.0,1972.3391
2018-02-12 01:00:00,1966.0,1981.8788
2018-02-12 02:00:00,1960.0,1962.7101
2018-02-12 03:00:00,1987.0,1968.5907
2018-02-12 04:00:00,2035.0,2037.8899
2018-02-12 05:00:00,2186.0,2154.679
2018-02-12 06:00:00,2412.0,2391.9824
2018-02-12 07:00:00,2533.0,2549.051
2018-02-12 08:00:00,2531.0,2536.402
2018-02-12 09:00:00,2472.0,2510.4927
2018-02-12 10:00:00,2429.0,2447.4814
2018-02-12 11:00:00,2396.0,2375.5884
2018-02-12 12:00:00,2355.0,2360.5305
2018-02-12 13:00:00,2304.0,2317.2478
2018-02-12 14:00:00,2237.0,2265.741
2018-02-12 15:00:00,2191.0,2189.6682
2018-02-12 16:00:00,2177.0,2182.8726
2018-02-12 17:00:00,2236.0,2203.5974
2018-02-12 18:00:00,2374.0,2341.3364
2018-02-12 19:00:00,2421.0,2400.3054
2018-02-12 20:00:00,2403.0,2404.346
2018-02-12 21:00:00,2348.0,2311.0142
2018-02-12 22:00:00,2244.0,2214.5063
2018-02-12 23:00:00,2162.0,2114.994
2018-02-13 00:00:00,2124.0,2081.6755
2018-02-13 01:00:00,2085.0,2092.6123
2018-02-13 02:00:00,2077.0,2070.6992
2018-02-13 03:00:00,2086.0,2079.9148
2018-02-13 04:00:00,2141.0,2150.6096
2018-02-13 05:00:00,2270.0,2283.61
2018-02-13 06:00:00,2483.0,2491.2832
2018-02-13 07:00:00,2588.0,2591.5466
2018-02-13 08:00:00,2568.0,2561.4634
2018-02-13 09:00:00,2504.0,2528.1458
2018-02-13 10:00:00,2447.0,2475.434
2018-02-13 11:00:00,2384.0,2396.032
2018-02-13 12:00:00,2363.0,2340.5217
2018-02-13 13:00:00,2327.0,2326.7178
2018-02-13 14:00:00,2289.0,2280.0757
2018-02-13 15:00:00,2256.0,2245.346
2018-02-13 16:00:00,2249.0,2249.395
2018-02-13 17:00:00,2278.0,2292.9277
2018-02-13 18:00:00,2366.0,2404.2783
2018-02-13 19:00:00,2384.0,2409.2324
2018-02-13 20:00:00,2346.0,2382.0073
2018-02-13 21:00:00,2254.0,2273.036
2018-02-13 22:00:00,2142.0,2125.5784
2018-02-13 23:00:00,2016.0,2013.6339
2018-02-14 00:00:00,1947.0,1938.3284
2018-02-14 01:00:00,1886.0,1903.6945
2018-02-14 02:00:00,1861.0,1859.2102
2018-02-14 03:00:00,1845.0,1860.5582
2018-02-14 04:00:00,1883.0,1876.5106
2018-02-14 05:00:00,1978.0,2005.585
2018-02-14 06:00:00,2178.0,2170.0974
2018-02-14 07:00:00,2290.0,2309.2605
2018-02-14 08:00:00,2284.0,2302.896
2018-02-14 09:00:00,2287.0,2272.2063
2018-02-14 10:00:00,2271.0,2274.3386
2018-02-14 11:00:00,2237.0,2227.1167
2018-02-14 12:00:00,2235.0,2198.6912
2018-02-14 13:00:00,2215.0,2218.5845
2018-02-14 14:00:00,2191.0,2182.4333
2018-02-14 15:00:00,2154.0,2151.676
2018-02-14 16:00:00,2143.0,2155.983
2018-02-14 17:00:00,2169.0,2172.6665
2018-02-14 18:00:00,2206.0,2270.6252
2018-02-14 19:00:00,2173.0,2247.8428
2018-02-14 20:00:00,2120.0,2138.9
2018-02-14 21:00:00,2030.0,2051.7253
2018-02-14 22:00:00,1912.0,1915.8513
2018-02-14 23:00:00,1800.0,1796.9664
2018-02-15 00:00:00,1719.0,1726.317
2018-02-15 01:00:00,1647.0,1679.8062
2018-02-15 02:00:00,1609.0,1614.386
2018-02-15 03:00:00,1599.0,1601.2487
2018-02-15 04:00:00,1625.0,1638.4885
2018-02-15 05:00:00,1742.0,1739.9209
2018-02-15 06:00:00,1917.0,1974.3535
2018-02-15 07:00:00,2055.0,2059.1992
2018-02-15 08:00:00,2047.0,2118.2502
2018-02-15 09:00:00,2064.0,2057.891
2018-02-15 10:00:00,2080.0,2087.571
2018-02-15 11:00:00,2069.0,2082.0476
2018-02-15 12:00:00,2071.0,2057.3289
2018-02-15 13:00:00,2052.0,2062.5452
2018-02-15 14:00:00,2046.0,2026.6836
2018-02-15 15:00:00,2019.0,2022.167
2018-02-15 16:00:00,2021.0,2009.9873
2018-02-15 17:00:00,2028.0,2039.4159
2018-02-15 18:00:00,2084.0,2078.1182
2018-02-15 19:00:00,2057.0,2114.0774
2018-02-15 20:00:00,2021.0,2051.2004
2018-02-15 21:00:00,1923.0,1965.3492
2018-02-15 22:00:00,1816.0,1820.8954
2018-02-15 23:00:00,1706.0,1704.2869
2018-02-16 00:00:00,1640.0,1623.6017
2018-02-16 01:00:00,1604.0,1595.5408
2018-02-16 02:00:00,1558.0,1585.5563
2018-02-16 03:00:00,1567.0,1566.4203
2018-02-16 04:00:00,1602.0,1603.8617
2018-02-16 05:00:00,1696.0,1715.6837
2018-02-16 06:00:00,1902.0,1906.6376
2018-02-16 07:00:00,2063.0,2052.5818
2018-02-16 08:00:00,2109.0,2087.2146
2018-02-16 09:00:00,2150.0,2136.2283
2018-02-16 10:00:00,2198.0,2176.6326
2018-02-16 11:00:00,2201.0,2202.1194
2018-02-16 12:00:00,2215.0,2193.5693
2018-02-16 13:00:00,2203.0,2218.4521
2018-02-16 14:00:00,2177.0,2177.1038
2018-02-16 15:00:00,2137.0,2145.5088
2018-02-16 16:00:00,2154.0,2127.859
2018-02-16 17:00:00,2162.0,2175.507
2018-02-16 18:00:00,2229.0,2193.264
2018-02-16 19:00:00,2213.0,2222.722
2018-02-16 20:00:00,2171.0,2185.9697
2018-02-16 21:00:00,2120.0,2102.9639
2018-02-16 22:00:00,2015.0,2017.8225
2018-02-16 23:00:00,1908.0,1909.2999
2018-02-17 00:00:00,1838.0,1814.9884
2018-02-17 01:00:00,1785.0,1782.0696
2018-02-17 02:00:00,1757.0,1758.8749
2018-02-17 03:00:00,1748.0,1744.328
2018-02-17 04:00:00,1764.0,1783.4775
2018-02-17 05:00:00,1820.0,1822.58
2018-02-17 06:00:00,1920.0,1899.9608
2018-02-17 07:00:00,1985.0,2024.0526
2018-02-17 08:00:00,2046.0,2049.361
2018-02-17 09:00:00,2099.0,2094.978
2018-02-17 10:00:00,2131.0,2120.3481
2018-02-17 11:00:00,2118.0,2111.7532
2018-02-17 12:00:00,2099.0,2092.3118
2018-02-17 13:00:00,2095.0,2057.2588
2018-02-17 14:00:00,2068.0,2068.6787
2018-02-17 15:00:00,2048.0,2041.4937
2018-02-17 16:00:00,2044.0,2039.316
2018-02-17 17:00:00,2067.0,2065.7966
2018-02-17 18:00:00,2096.0,2133.9485
2018-02-17 19:00:00,2097.0,2107.7559
2018-02-17 20:00:00,2062.0,2077.1353
2018-02-17 21:00:00,2014.0,2018.1212
2018-02-17 22:00:00,1940.0,1938.8069
2018-02-17 23:00:00,1848.0,1862.6853
2018-02-18 00:00:00,1783.0,1782.6241
2018-02-18 01:00:00,1734.0,1745.105
2018-02-18 02:00:00,1715.0,1715.0582
2018-02-18 03:00:00,1704.0,1713.0186
2018-02-18 04:00:00,1710.0,1725.6566
2018-02-18 05:00:00,1729.0,1755.3419
2018-02-18 06:00:00,1789.0,1782.5065
2018-02-18 07:00:00,1845.0,1856.0414
2018-02-18 08:00:00,1907.0,1900.1283
2018-02-18 09:00:00,1950.0,1953.8807
2018-02-18 10:00:00,1930.0,1969.4872
2018-02-18 11:00:00,1898.0,1903.683
2018-02-18 12:00:00,1860.0,1868.3306
2018-02-18 13:00:00,1801.0,1816.3165
2018-02-18 14:00:00,1751.0,1760.7927
2018-02-18 15:00:00,1733.0,1721.1594
2018-02-18 16:00:00,1755.0,1748.5565
2018-02-18 17:00:00,1823.0,1831.4985
2018-02-18 18:00:00,1942.0,1943.0615
2018-02-18 19:00:00,1979.0,2003.545
2018-02-18 20:00:00,1975.0,1997.1719
2018-02-18 21:00:00,1941.0,1937.9374
2018-02-18 22:00:00,1885.0,1861.8069
2018-02-18 23:00:00,1843.0,1814.9108
2018-02-19 00:00:00,1798.0,1808.4746
2018-02-19 01:00:00,1773.0,1783.849
2018-02-19 02:00:00,1757.0,1777.7965
2018-02-19 03:00:00,1764.0,1787.0214
2018-02-19 04:00:00,1774.0,1823.2872
2018-02-19 05:00:00,1873.0,1904.686
2018-02-19 06:00:00,1999.0,2059.9639
2018-02-19 07:00:00,2098.0,2132.143
2018-02-19 08:00:00,2129.0,2148.649
2018-02-19 09:00:00,2166.0,2151.6897
2018-02-19 10:00:00,2168.0,2180.017
2018-02-19 11:00:00,2155.0,2151.9097
2018-02-19 12:00:00,2142.0,2131.4539
2018-02-19 13:00:00,2115.0,2112.1526
2018-02-19 14:00:00,2068.0,2083.9116
2018-02-19 15:00:00,2023.0,2031.4124
2018-02-19 16:00:00,1994.0,2014.1982
2018-02-19 17:00:00,2005.0,2011.5587
2018-02-19 18:00:00,2063.0,2078.1272
2018-02-19 19:00:00,2087.0,2105.8682
2018-02-19 20:00:00,2025.0,2105.0952
2018-02-19 21:00:00,1939.0,1974.4833
2018-02-19 22:00:00,1809.0,1840.2146
2018-02-19 23:00:00,1704.0,1700.8507
2018-02-20 00:00:00,1626.0,1632.6512
2018-02-20 01:00:00,1554.0,1574.7699
2018-02-20 02:00:00,1531.0,1530.0035
2018-02-20 03:00:00,1521.0,1521.4958
2018-02-20 04:00:00,1543.0,1554.4751
2018-02-20 05:00:00,1669.0,1659.9799
2018-02-20 06:00:00,1852.0,1889.7196
2018-02-20 07:00:00,1977.0,1993.0437
2018-02-20 08:00:00,1970.0,2015.7412
2018-02-20 09:00:00,1980.0,1981.5492
2018-02-20 10:00:00,1995.0,1996.2198
2018-02-20 11:00:00,2002.0,1997.617
2018-02-20 12:00:00,1997.0,2001.4045
2018-02-20 13:00:00,2002.0,1986.2875
2018-02-20 14:00:00,1986.0,1989.0349
2018-02-20 15:00:00,1946.0,1953.5631
2018-02-20 16:00:00,1920.0,1932.0316
2018-02-20 17:00:00,1942.0,1936.5938
2018-02-20 18:00:00,1997.0,2000.3538
2018-02-20 19:00:00,2039.0,2042.7281
2018-02-20 20:00:00,1971.0,2043.5486
2018-02-20 21:00:00,1903.0,1913.8021
2018-02-20 22:00:00,1766.0,1785.7245
2018-02-20 23:00:00,1667.0,1649.1012
2018-02-21 00:00:00,1574.0,1578.1453
2018-02-21 01:00:00,1529.0,1520.9218
2018-02-21 02:00:00,1491.0,1499.447
2018-02-21 03:00:00,1473.0,1494.3643
2018-02-21 04:00:00,1510.0,1512.4401
2018-02-21 05:00:00,1613.0,1624.0425
2018-02-21 06:00:00,1790.0,1814.5238
2018-02-21 07:00:00,1925.0,1917.412
2018-02-21 08:00:00,1949.0,1971.1085
2018-02-21 09:00:00,1980.0,1977.0641
2018-02-21 10:00:00,2019.0,2004.5741
2018-02-21 11:00:00,2017.0,2021.9401
2018-02-21 12:00:00,2041.0,2015.5995
2018-02-21 13:00:00,2046.0,2040.5472
2018-02-21 14:00:00,2033.0,2033.4781
2018-02-21 15:00:00,2032.0,2001.5609
2018-02-21 16:00:00,2071.0,2038.1375
2018-02-21 17:00:00,2129.0,2108.4302
2018-02-21 18:00:00,2196.0,2187.3457
2018-02-21 19:00:00,2189.0,2188.2637
2018-02-21 20:00:00,2157.0,2165.0522
2018-02-21 21:00:00,2099.0,2086.3572
2018-02-21 22:00:00,1994.0,1977.9847
2018-02-21 23:00:00,1889.0,1878.043
2018-02-22 00:00:00,1830.0,1823.575
2018-02-22 01:00:00,1800.0,1788.1138
2018-02-22 02:00:00,1762.0,1797.3748
2018-02-22 03:00:00,1786.0,1762.6389
2018-02-22 04:00:00,1825.0,1833.8926
2018-02-22 05:00:00,1949.0,1969.8433
2018-02-22 06:00:00,2152.0,2167.0405
2018-02-22 07:00:00,2294.0,2284.0793
2018-02-22 08:00:00,2300.0,2311.4607
2018-02-22 09:00:00,2319.0,2293.7585
2018-02-22 10:00:00,2311.0,2324.982
2018-02-22 11:00:00,2259.0,2282.304
2018-02-22 12:00:00,2237.0,2232.0542
2018-02-22 13:00:00,2188.0,2200.0503
2018-02-22 14:00:00,2156.0,2146.5854
2018-02-22 15:00:00,2113.0,2111.503
2018-02-22 16:00:00,2131.0,2105.8652
2018-02-22 17:00:00,2131.0,2160.5164
2018-02-22 18:00:00,2199.0,2179.254
2018-02-22 19:00:00,2193.0,2236.4006
2018-02-22 20:00:00,2174.0,2181.424
2018-02-22 21:00:00,2068.0,2114.666
2018-02-22 22:00:00,1968.0,1960.9022
2018-02-22 23:00:00,1866.0,1840.1403
2018-02-23 00:00:00,1783.0,1795.4731
2018-02-23 01:00:00,1744.0,1734.4164
2018-02-23 02:00:00,1703.0,1717.8512
2018-02-23 03:00:00,1691.0,1695.9357
2018-02-23 04:00:00,1725.0,1714.0087
2018-02-23 05:00:00,1839.0,1829.7957
2018-02-23 06:00:00,2034.0,2054.1257
2018-02-23 07:00:00,2135.0,2176.8975
2018-02-23 08:00:00,2105.0,2149.3435
2018-02-23 09:00:00,2116.0,2098.1846
2018-02-23 10:00:00,2123.0,2111.1968
2018-02-23 11:00:00,2091.0,2095.0435
2018-02-23 12:00:00,2095.0,2058.6125
2018-02-23 13:00:00,2057.0,2080.1558
2018-02-23 14:00:00,2018.0,2013.2643
2018-02-23 15:00:00,1968.0,1968.2832
2018-02-23 16:00:00,1943.0,1952.7767
2018-02-23 17:00:00,1944.0,1945.5857
2018-02-23 18:00:00,1984.0,1985.9664
2018-02-23 19:00:00,1951.0,2016.9358
2018-02-23 20:00:00,1907.0,1931.3385
2018-02-23 21:00:00,1859.0,1870.8395
2018-02-23 22:00:00,1738.0,1781.062
2018-02-23 23:00:00,1638.0,1644.3414
2018-02-24 00:00:00,1548.0,1552.5743
2018-02-24 01:00:00,1488.0,1477.4882
2018-02-24 02:00:00,1459.0,1462.623
2018-02-24 03:00:00,1466.0,1453.8618
2018-02-24 04:00:00,1472.0,1485.2744
2018-02-24 05:00:00,1529.0,1531.205
2018-02-24 06:00:00,1606.0,1616.8313
2018-02-24 07:00:00,1702.0,1697.3191
2018-02-24 08:00:00,1775.0,1766.9712
2018-02-24 09:00:00,1846.0,1841.309
2018-02-24 10:00:00,1874.0,1882.3936
2018-02-24 11:00:00,1877.0,1860.12
2018-02-24 12:00:00,1843.0,1850.3877
2018-02-24 13:00:00,1817.0,1807.658
2018-02-24 14:00:00,1776.0,1774.2822
2018-02-24 15:00:00,1754.0,1754.3656
2018-02-24 16:00:00,1774.0,1746.0935
2018-02-24 17:00:00,1798.0,1798.7249
2018-02-24 18:00:00,1835.0,1845.2203
2018-02-24 19:00:00,1820.0,1844.4042
2018-02-24 20:00:00,1802.0,1832.8866
2018-02-24 21:00:00,1734.0,1773.2869
2018-02-24 22:00:00,1676.0,1651.6105
2018-02-24 23:00:00,1586.0,1583.7537
2018-02-25 00:00:00,1515.0,1514.4789
2018-02-25 01:00:00,1461.0,1456.6106
2018-02-25 02:00:00,1428.0,1426.2076
2018-02-25 03:00:00,1406.0,1418.5349
2018-02-25 04:00:00,1401.0,1412.8307
2018-02-25 05:00:00,1421.0,1419.2263
2018-02-25 06:00:00,1493.0,1467.3019
2018-02-25 07:00:00,1566.0,1547.0083
2018-02-25 08:00:00,1644.0,1630.4008
2018-02-25 09:00:00,1710.0,1700.483
2018-02-25 10:00:00,1734.0,1740.7838
2018-02-25 11:00:00,1745.0,1734.6472
2018-02-25 12:00:00,1747.0,1733.9203
2018-02-25 13:00:00,1719.0,1716.6366
2018-02-25 14:00:00,1689.0,1688.8132
2018-02-25 15:00:00,1678.0,1672.0352
2018-02-25 16:00:00,1710.0,1699.6842
2018-02-25 17:00:00,1763.0,1765.4172
2018-02-25 18:00:00,1859.0,1831.3142
2018-02-25 19:00:00,1931.0,1884.9586
2018-02-25 20:00:00,1918.0,1958.7593
2018-02-25 21:00:00,1855.0,1872.5995
2018-02-25 22:00:00,1805.0,1773.964
2018-02-25 23:00:00,1739.0,1721.6263
2018-02-26 00:00:00,1708.0,1681.6936
2018-02-26 01:00:00,1678.0,1679.2247
2018-02-26 02:00:00,1702.0,1681.5144
2018-02-26 03:00:00,1713.0,1730.1936
2018-02-26 04:00:00,1771.0,1764.5355
2018-02-26 05:00:00,1930.0,1919.221
2018-02-26 06:00:00,2153.0,2133.8845
2018-02-26 07:00:00,2252.0,2293.4956
2018-02-26 08:00:00,2237.0,2277.678
2018-02-26 09:00:00,2184.0,2235.8125
2018-02-26 10:00:00,2142.0,2168.282
2018-02-26 11:00:00,2083.0,2104.0527
2018-02-26 12:00:00,2056.0,2059.5593
2018-02-26 13:00:00,2018.0,2039.0626
2018-02-26 14:00:00,1989.0,1990.3921
2018-02-26 15:00:00,1928.0,1953.2534
2018-02-26 16:00:00,1908.0,1914.5157
2018-02-26 17:00:00,1936.0,1937.823
2018-02-26 18:00:00,2038.0,2008.3188
2018-02-26 19:00:00,2098.0,2096.9043
2018-02-26 20:00:00,2096.0,2116.1765
2018-02-26 21:00:00,2023.0,2042.4354
2018-02-26 22:00:00,1938.0,1914.9673
2018-02-26 23:00:00,1847.0,1818.8651
2018-02-27 00:00:00,1806.0,1787.2246
2018-02-27 01:00:00,1772.0,1780.1718
2018-02-27 02:00:00,1756.0,1772.3616
2018-02-27 03:00:00,1769.0,1770.7765
2018-02-27 04:00:00,1817.0,1819.8223
2018-02-27 05:00:00,1958.0,1953.7727
2018-02-27 06:00:00,2155.0,2178.344
2018-02-27 07:00:00,2241.0,2260.3022
2018-02-27 08:00:00,2201.0,2239.1055
2018-02-27 09:00:00,2158.0,2173.8037
2018-02-27 10:00:00,2117.0,2137.096
2018-02-27 11:00:00,2072.0,2081.053
2018-02-27 12:00:00,2052.0,2050.1724
2018-02-27 13:00:00,2004.0,2024.066
2018-02-27 14:00:00,2028.0,1968.5544
2018-02-27 15:00:00,1912.0,2012.9159
2018-02-27 16:00:00,1911.0,1892.5858
2018-02-27 17:00:00,1932.0,1935.5205
2018-02-27 18:00:00,1999.0,2010.5566
2018-02-27 19:00:00,2081.0,2079.903
2018-02-27 20:00:00,2037.0,2107.2053
2018-02-27 21:00:00,1966.0,1989.0686
2018-02-27 22:00:00,1862.0,1865.9625
2018-02-27 23:00:00,1757.0,1758.8954
2018-02-28 00:00:00,1701.0,1680.6158
2018-02-28 01:00:00,1639.0,1648.7727
2018-02-28 02:00:00,1628.0,1624.045
2018-02-28 03:00:00,1614.0,1619.7155
2018-02-28 04:00:00,1662.0,1654.5636
2018-02-28 05:00:00,1774.0,1779.7178
2018-02-28 06:00:00,1974.0,1986.6614
2018-02-28 07:00:00,2071.0,2099.6855
2018-02-28 08:00:00,2058.0,2086.208
2018-02-28 09:00:00,2060.0,2054.1365
2018-02-28 10:00:00,2062.0,2056.12
2018-02-28 11:00:00,2027.0,2034.8708
2018-02-28 12:00:00,2020.0,2002.5802
2018-02-28 13:00:00,2016.0,2001.2914
2018-02-28 14:00:00,1988.0,1994.0826
2018-02-28 15:00:00,1949.0,1939.7748
2018-02-28 16:00:00,1959.0,1932.055
2018-02-28 17:00:00,1975.0,1983.5394
2018-02-28 18:00:00,2043.0,2028.1998
2018-02-28 19:00:00,2057.0,2078.1567
2018-02-28 20:00:00,2015.0,2067.2307
2018-02-28 21:00:00,1935.0,1962.5338
2018-02-28 22:00:00,1840.0,1825.4174
2018-02-28 23:00:00,1734.0,1741.1237
2018-03-01 00:00:00,1665.0,1659.1167
2018-03-01 01:00:00,1617.0,1620.0786
2018-03-01 02:00:00,1573.0,1597.9791
2018-03-01 03:00:00,1565.0,1570.6859
2018-03-01 04:00:00,1614.0,1594.5391
2018-03-01 05:00:00,1727.0,1725.0748
2018-03-01 06:00:00,1928.0,1945.5074
2018-03-01 07:00:00,2049.0,2047.0032
2018-03-01 08:00:00,2053.0,2067.146
2018-03-01 09:00:00,2083.0,2060.4229
2018-03-01 10:00:00,2103.0,2097.9768
2018-03-01 11:00:00,2095.0,2093.182
2018-03-01 12:00:00,2099.0,2084.55
2018-03-01 13:00:00,2086.0,2087.2627
2018-03-01 14:00:00,2083.0,2050.9365
2018-03-01 15:00:00,2090.0,2050.305
2018-03-01 16:00:00,2138.0,2083.5068
2018-03-01 17:00:00,2194.0,2160.0688
2018-03-01 18:00:00,2259.0,2238.9048
2018-03-01 19:00:00,2281.0,2276.9165
2018-03-01 20:00:00,2253.0,2266.8545
2018-03-01 21:00:00,2175.0,2184.7437
2018-03-01 22:00:00,2057.0,2042.7834
2018-03-01 23:00:00,1957.0,1939.1508
2018-03-02 00:00:00,1882.0,1891.3632
2018-03-02 01:00:00,1832.0,1827.7847
2018-03-02 02:00:00,1813.0,1799.7806
2018-03-02 03:00:00,1821.0,1809.7859
2018-03-02 04:00:00,1873.0,1867.1501
2018-03-02 05:00:00,2004.0,2002.001
2018-03-02 06:00:00,2213.0,2219.793
2018-03-02 07:00:00,2296.0,2322.4458
2018-03-02 08:00:00,2279.0,2303.1572
2018-03-02 09:00:00,2278.0,2249.7234
2018-03-02 10:00:00,2245.0,2260.011
2018-03-02 11:00:00,2194.0,2204.6648
2018-03-02 12:00:00,2161.0,2155.7917
2018-03-02 13:00:00,2102.0,2125.572
2018-03-02 14:00:00,2043.0,2052.769
2018-03-02 15:00:00,1992.0,1992.3486
2018-03-02 16:00:00,1969.0,1974.9133
2018-03-02 17:00:00,1975.0,1965.2573
2018-03-02 18:00:00,2034.0,2006.8069
2018-03-02 19:00:00,2096.0,2097.9424
2018-03-02 20:00:00,2077.0,2111.3552
2018-03-02 21:00:00,2047.0,2025.036
2018-03-02 22:00:00,1960.0,1952.2102
2018-03-02 23:00:00,1849.0,1860.4943
2018-03-03 00:00:00,1797.0,1764.9656
2018-03-03 01:00:00,1759.0,1751.1635
2018-03-03 02:00:00,1741.0,1744.8501
2018-03-03 03:00:00,1739.0,1751.3168
2018-03-03 04:00:00,1757.0,1764.1655
2018-03-03 05:00:00,1823.0,1814.011
2018-03-03 06:00:00,1897.0,1900.946
2018-03-03 07:00:00,1968.0,1985.9358
2018-03-03 08:00:00,1993.0,2009.5565
2018-03-03 09:00:00,2000.0,1994.3448
2018-03-03 10:00:00,1972.0,1982.0226
2018-03-03 11:00:00,1906.0,1919.9276
2018-03-03 12:00:00,1855.0,1851.948
2018-03-03 13:00:00,1798.0,1798.7108
2018-03-03 14:00:00,1743.0,1751.5227
2018-03-03 15:00:00,1701.0,1709.7333
2018-03-03 16:00:00,1715.0,1701.1548
2018-03-03 17:00:00,1728.0,1738.6123
2018-03-03 18:00:00,1813.0,1778.3632
2018-03-03 19:00:00,1904.0,1889.7826
2018-03-03 20:00:00,1890.0,1934.4587
2018-03-03 21:00:00,1877.0,1852.4381
2018-03-03 22:00:00,1806.0,1805.7058
2018-03-03 23:00:00,1747.0,1721.9813
2018-03-04 00:00:00,1708.0,1680.6259
2018-03-04 01:00:00,1663.0,1667.5353
2018-03-04 02:00:00,1655.0,1663.5203
2018-03-04 03:00:00,1666.0,1664.3402
2018-03-04 04:00:00,1674.0,1688.302
2018-03-04 05:00:00,1708.0,1725.4834
2018-03-04 06:00:00,1780.0,1762.6902
2018-03-04 07:00:00,1836.0,1842.8903
2018-03-04 08:00:00,1873.0,1884.7833
2018-03-04 09:00:00,1857.0,1887.359
2018-03-04 10:00:00,1828.0,1851.0155
2018-03-04 11:00:00,1788.0,1787.9777
2018-03-04 12:00:00,1755.0,1754.0374
2018-03-04 13:00:00,1722.0,1715.8922
2018-03-04 14:00:00,1668.0,1685.3032
2018-03-04 15:00:00,1656.0,1652.5272
2018-03-04 16:00:00,1627.0,1673.5339
2018-03-04 17:00:00,1680.0,1663.2778
2018-03-04 18:00:00,1784.0,1751.2637
2018-03-04 19:00:00,1924.0,1866.4072
2018-03-04 20:00:00,1934.0,1986.8387
2018-03-04 21:00:00,1909.0,1891.3779
2018-03-04 22:00:00,1850.0,1826.0393
2018-03-04 23:00:00,1799.0,1765.6422
2018-03-05 00:00:00,1776.0,1759.6985
2018-03-05 01:00:00,1763.0,1774.7219
2018-03-05 02:00:00,1763.0,1778.5062
2018-03-05 03:00:00,1797.0,1784.0504
2018-03-05 04:00:00,1851.0,1867.179
2018-03-05 05:00:00,1997.0,1985.6783
2018-03-05 06:00:00,2200.0,2205.7559
2018-03-05 07:00:00,2298.0,2316.466
2018-03-05 08:00:00,2306.0,2299.475
2018-03-05 09:00:00,2286.0,2295.3057
2018-03-05 10:00:00,2275.0,2268.49
2018-03-05 11:00:00,2236.0,2245.955
2018-03-05 12:00:00,2204.0,2209.9395
2018-03-05 13:00:00,2163.0,2177.8171
2018-03-05 14:00:00,2115.0,2132.455
2018-03-05 15:00:00,2078.0,2077.4817
2018-03-05 16:00:00,2078.0,2065.982
2018-03-05 17:00:00,2129.0,2103.194
2018-03-05 18:00:00,2202.0,2205.7651
2018-03-05 19:00:00,2224.0,2254.125
2018-03-05 20:00:00,2182.0,2258.957
2018-03-05 21:00:00,2118.0,2110.8704
2018-03-05 22:00:00,1996.0,2001.4489
2018-03-05 23:00:00,1887.0,1882.3154
2018-03-06 00:00:00,1840.0,1817.2273
2018-03-06 01:00:00,1789.0,1812.0636
2018-03-06 02:00:00,1763.0,1772.826
2018-03-06 03:00:00,1755.0,1758.3085
2018-03-06 04:00:00,1799.0,1802.2306
2018-03-06 05:00:00,1910.0,1922.4918
2018-03-06 06:00:00,2115.0,2125.7249
2018-03-06 07:00:00,2196.0,2242.2324
2018-03-06 08:00:00,2183.0,2199.8262
2018-03-06 09:00:00,2132.0,2170.7883
2018-03-06 10:00:00,2110.0,2107.714
2018-03-06 11:00:00,2056.0,2062.8557
2018-03-06 12:00:00,2039.0,2021.5654
2018-03-06 13:00:00,2011.0,2014.2063
2018-03-06 14:00:00,1985.0,1977.5906
2018-03-06 15:00:00,1946.0,1947.2731
2018-03-06 16:00:00,1954.0,1936.0204
2018-03-06 17:00:00,2001.0,1994.4025
2018-03-06 18:00:00,2081.0,2082.375
2018-03-06 19:00:00,2134.0,2131.4443
2018-03-06 20:00:00,2106.0,2146.8232
2018-03-06 21:00:00,2037.0,2042.8745
2018-03-06 22:00:00,1932.0,1921.8844
2018-03-06 23:00:00,1819.0,1832.2094
2018-03-07 00:00:00,1769.0,1747.8423
2018-03-07 01:00:00,1747.0,1725.9299
2018-03-07 02:00:00,1724.0,1742.7645
2018-03-07 03:00:00,1750.0,1740.9901
2018-03-07 04:00:00,1806.0,1806.1625
2018-03-07 05:00:00,1940.0,1942.6046
2018-03-07 06:00:00,2147.0,2160.7874
2018-03-07 07:00:00,2267.0,2260.737
2018-03-07 08:00:00,2291.0,2272.293
2018-03-07 09:00:00,2309.0,2293.3757
2018-03-07 10:00:00,2319.0,2317.1567
2018-03-07 11:00:00,2301.0,2302.5283
2018-03-07 12:00:00,2293.0,2275.9353
2018-03-07 13:00:00,2266.0,2268.3098
2018-03-07 14:00:00,2230.0,2239.1558
2018-03-07 15:00:00,2211.0,2191.485
2018-03-07 16:00:00,2222.0,2223.3486
2018-03-07 17:00:00,2253.0,2252.414
2018-03-07 18:00:00,2303.0,2297.9438
2018-03-07 19:00:00,2346.0,2334.1628
2018-03-07 20:00:00,2320.0,2331.3328
2018-03-07 21:00:00,2236.0,2260.9094
2018-03-07 22:00:00,2114.0,2113.9646
2018-03-07 23:00:00,2014.0,1999.7535
2018-03-08 00:00:00,1949.0,1942.2108
2018-03-08 01:00:00,1902.0,1908.5282
2018-03-08 02:00:00,1880.0,1881.23
2018-03-08 03:00:00,1897.0,1877.0038
2018-03-08 04:00:00,1933.0,1952.3248
2018-03-08 05:00:00,2058.0,2059.0989
2018-03-08 06:00:00,2256.0,2279.1858
2018-03-08 07:00:00,2339.0,2377.1423
2018-03-08 08:00:00,2381.0,2344.1355
2018-03-08 09:00:00,2380.0,2385.5723
2018-03-08 10:00:00,2363.0,2367.9456
2018-03-08 11:00:00,2340.0,2325.3381
2018-03-08 12:00:00,2327.0,2308.467
2018-03-08 13:00:00,2321.0,2292.9238
2018-03-08 14:00:00,2319.0,2289.1284
2018-03-08 15:00:00,2299.0,2284.708
2018-03-08 16:00:00,2332.0,2296.8542
2018-03-08 17:00:00,2369.0,2379.61
2018-03-08 18:00:00,2401.0,2427.9849
2018-03-08 19:00:00,2425.0,2408.725
2018-03-08 20:00:00,2394.0,2409.342
2018-03-08 21:00:00,2299.0,2324.4421
2018-03-08 22:00:00,2199.0,2168.7847
2018-03-08 23:00:00,2083.0,2064.8052
2018-03-09 00:00:00,2029.0,1999.8986
2018-03-09 01:00:00,1963.0,1979.1649
2018-03-09 02:00:00,1943.0,1950.8148
2018-03-09 03:00:00,1952.0,1942.664
2018-03-09 04:00:00,2007.0,1995.4166
2018-03-09 05:00:00,2111.0,2121.6533
2018-03-09 06:00:00,2317.0,2314.8804
2018-03-09 07:00:00,2393.0,2448.5933
2018-03-09 08:00:00,2383.0,2398.4905
2018-03-09 09:00:00,2356.0,2367.0261
2018-03-09 10:00:00,2335.0,2322.1213
2018-03-09 11:00:00,2310.0,2289.6562
2018-03-09 12:00:00,2267.0,2272.0002
2018-03-09 13:00:00,2229.0,2222.8594
2018-03-09 14:00:00,2156.0,2175.6455
2018-03-09 15:00:00,2092.0,2098.0251
2018-03-09 16:00:00,2060.0,2061.3337
2018-03-09 17:00:00,2076.0,2055.2927
2018-03-09 18:00:00,2119.0,2122.0369
2018-03-09 19:00:00,2194.0,2171.2026
2018-03-09 20:00:00,2168.0,2209.4243
2018-03-09 21:00:00,2113.0,2112.3772
2018-03-09 22:00:00,2020.0,2006.5071
2018-03-09 23:00:00,1909.0,1906.3551
2018-03-10 00:00:00,1831.0,1825.608
2018-03-10 01:00:00,1786.0,1778.9822
2018-03-10 02:00:00,1774.0,1760.987
2018-03-10 03:00:00,1777.0,1773.1437
2018-03-10 04:00:00,1798.0,1815.7303
2018-03-10 05:00:00,1862.0,1865.2981
2018-03-10 06:00:00,1951.0,1960.7468
2018-03-10 07:00:00,2020.0,2023.1879
2018-03-10 08:00:00,2029.0,2053.4292
2018-03-10 09:00:00,2011.0,2037.3875
2018-03-10 10:00:00,1964.0,2003.9418
2018-03-10 11:00:00,1925.0,1910.9312
2018-03-10 12:00:00,1835.0,1862.9258
2018-03-10 13:00:00,1787.0,1760.3031
2018-03-10 14:00:00,1732.0,1736.9427
2018-03-10 15:00:00,1689.0,1709.7181
2018-03-10 16:00:00,1690.0,1690.6207
2018-03-10 17:00:00,1707.0,1706.1597
2018-03-10 18:00:00,1791.0,1757.292
2018-03-10 19:00:00,1870.0,1858.9447
2018-03-10 20:00:00,1881.0,1877.0828
2018-03-10 21:00:00,1858.0,1842.3334
2018-03-10 22:00:00,1805.0,1786.131
2018-03-10 23:00:00,1731.0,1715.9275
2018-03-11 00:00:00,1689.0,1659.0629
2018-03-11 01:00:00,1640.0,1654.9094
2018-03-11 02:00:00,1669.0,1627.3795
2018-03-11 04:00:00,1679.0,1684.2441
2018-03-11 05:00:00,1732.0,1738.1388
2018-03-11 06:00:00,1784.0,1802.2681
2018-03-11 07:00:00,1854.0,1838.0887
2018-03-11 08:00:00,1893.0,1892.853
2018-03-11 09:00:00,1942.0,1908.4568
2018-03-11 10:00:00,1916.0,1936.3114
2018-03-11 11:00:00,1891.0,1898.895
2018-03-11 12:00:00,1867.0,1860.6226
2018-03-11 13:00:00,1814.0,1830.367
2018-03-11 14:00:00,1791.0,1768.4419
2018-03-11 15:00:00,1784.0,1773.5421
2018-03-11 16:00:00,1787.0,1799.7539
2018-03-11 17:00:00,1788.0,1841.6356
2018-03-11 18:00:00,1857.0,1841.6235
2018-03-11 19:00:00,1947.0,1933.0172
2018-03-11 20:00:00,2024.0,2018.4043
2018-03-11 21:00:00,2000.0,1990.5402
2018-03-11 22:00:00,1930.0,1927.0101
2018-03-11 23:00:00,1872.0,1858.9714
2018-03-12 00:00:00,1807.0,1823.6492
2018-03-12 01:00:00,1803.0,1781.7972
2018-03-12 02:00:00,1782.0,1808.7291
2018-03-12 03:00:00,1818.0,1805.5815
2018-03-12 04:00:00,1861.0,1878.5946
2018-03-12 05:00:00,1995.0,1999.5139
2018-03-12 06:00:00,2217.0,2198.1157
2018-03-12 07:00:00,2409.0,2355.3188
2018-03-12 08:00:00,2384.0,2395.4011
2018-03-12 09:00:00,2356.0,2379.483
2018-03-12 10:00:00,2316.0,2334.5088
2018-03-12 11:00:00,2275.0,2278.1755
2018-03-12 12:00:00,2292.0,2244.462
2018-03-12 13:00:00,2251.0,2275.0823
2018-03-12 14:00:00,2238.0,2219.0884
2018-03-12 15:00:00,2192.0,2207.574
2018-03-12 16:00:00,2206.0,2187.6238
2018-03-12 17:00:00,2246.0,2246.8105
2018-03-12 18:00:00,2242.0,2299.1482
2018-03-12 19:00:00,2254.0,2270.9268
2018-03-12 20:00:00,2300.0,2272.556
2018-03-12 21:00:00,2230.0,2244.782
2018-03-12 22:00:00,2133.0,2107.7039
2018-03-12 23:00:00,2006.0,2012.4082
2018-03-13 00:00:00,1956.0,1924.1328
2018-03-13 01:00:00,1905.0,1915.7773
2018-03-13 02:00:00,1884.0,1899.7412
2018-03-13 03:00:00,1892.0,1894.0125
2018-03-13 04:00:00,1943.0,1941.3173
2018-03-13 05:00:00,2079.0,2064.2202
2018-03-13 06:00:00,2293.0,2319.8713
2018-03-13 07:00:00,2431.0,2413.0076
2018-03-13 08:00:00,2420.0,2406.3774
2018-03-13 09:00:00,2368.0,2397.3599
2018-03-13 10:00:00,2338.0,2335.4966
2018-03-13 11:00:00,2304.0,2284.9148
2018-03-13 12:00:00,2311.0,2268.6987
2018-03-13 13:00:00,2287.0,2289.8486
2018-03-13 14:00:00,2257.0,2250.8538
2018-03-13 15:00:00,2219.0,2208.886
2018-03-13 16:00:00,2228.0,2200.9788
2018-03-13 17:00:00,2251.0,2252.5454
2018-03-13 18:00:00,2263.0,2282.2263
2018-03-13 19:00:00,2321.0,2311.628
2018-03-13 20:00:00,2379.0,2345.066
2018-03-13 21:00:00,2310.0,2328.3784
2018-03-13 22:00:00,2207.0,2186.7632
2018-03-13 23:00:00,2107.0,2078.1218
2018-03-14 00:00:00,2047.0,2020.9761
2018-03-14 01:00:00,2000.0,2008.7092
2018-03-14 02:00:00,1971.0,1986.1959
2018-03-14 03:00:00,1987.0,1968.1306
2018-03-14 04:00:00,2023.0,2026.5505
2018-03-14 05:00:00,2136.0,2150.1313
2018-03-14 06:00:00,2344.0,2343.403
2018-03-14 07:00:00,2480.0,2461.6628
2018-03-14 08:00:00,2489.0,2451.9333
2018-03-14 09:00:00,2469.0,2470.4805
2018-03-14 10:00:00,2468.0,2454.358
2018-03-14 11:00:00,2446.0,2436.5586
2018-03-14 12:00:00,2424.0,2417.6372
2018-03-14 13:00:00,2382.0,2393.8447
2018-03-14 14:00:00,2309.0,2336.5432
2018-03-14 15:00:00,2243.0,2259.8833
2018-03-14 16:00:00,2200.0,2224.7146
2018-03-14 17:00:00,2194.0,2206.0056
2018-03-14 18:00:00,2174.0,2231.1707
2018-03-14 19:00:00,2237.0,2215.1055
2018-03-14 20:00:00,2316.0,2284.7346
2018-03-14 21:00:00,2264.0,2297.494
2018-03-14 22:00:00,2171.0,2143.0115
2018-03-14 23:00:00,2071.0,2040.4802
2018-03-15 00:00:00,1990.0,2001.4398
2018-03-15 01:00:00,1934.0,1955.8467
2018-03-15 02:00:00,1920.0,1904.155
2018-03-15 03:00:00,1907.0,1920.0004
2018-03-15 04:00:00,1935.0,1949.2388
2018-03-15 05:00:00,2053.0,2053.1843
2018-03-15 06:00:00,2248.0,2263.7712
2018-03-15 07:00:00,2375.0,2379.067
2018-03-15 08:00:00,2348.0,2366.8083
2018-03-15 09:00:00,2304.0,2318.911
2018-03-15 10:00:00,2276.0,2276.5845
2018-03-15 11:00:00,2211.0,2218.3718
2018-03-15 12:00:00,2182.0,2157.3293
2018-03-15 13:00:00,2139.0,2127.0803
2018-03-15 14:00:00,2090.0,2086.335
2018-03-15 15:00:00,2015.0,2031.2451
2018-03-15 16:00:00,1985.0,2004.3024
2018-03-15 17:00:00,1964.0,1982.7399
2018-03-15 18:00:00,1973.0,1995.6814
2018-03-15 19:00:00,2004.0,2043.9514
2018-03-15 20:00:00,2122.0,2079.2964
2018-03-15 21:00:00,2085.0,2080.6064
2018-03-15 22:00:00,1994.0,1968.5397
2018-03-15 23:00:00,1909.0,1865.7783
2018-03-16 00:00:00,1871.0,1830.9609
2018-03-16 01:00:00,1838.0,1832.5326
2018-03-16 02:00:00,1858.0,1834.3162
2018-03-16 03:00:00,1872.0,1886.0308
2018-03-16 04:00:00,1929.0,1949.0046
2018-03-16 05:00:00,2074.0,2055.5513
2018-03-16 06:00:00,2289.0,2270.7935
2018-03-16 07:00:00,2430.0,2381.0408
2018-03-16 08:00:00,2406.0,2404.514
2018-03-16 09:00:00,2382.0,2383.8445
2018-03-16 10:00:00,2333.0,2349.079
2018-03-16 11:00:00,2263.0,2280.109
2018-03-16 12:00:00,2225.0,2228.651
2018-03-16 13:00:00,2167.0,2185.4014
2018-03-16 14:00:00,2095.0,2118.115
2018-03-16 15:00:00,2013.0,2042.7109
2018-03-16 16:00:00,1995.0,1985.4951
2018-03-16 17:00:00,1964.0,1977.6941
2018-03-16 18:00:00,1972.0,1971.8616
2018-03-16 19:00:00,2009.0,2024.0912
2018-03-16 20:00:00,2082.0,2073.1333
2018-03-16 21:00:00,2041.0,2049.7612
2018-03-16 22:00:00,1957.0,1932.4252
2018-03-16 23:00:00,1854.0,1829.1412
2018-03-17 00:00:00,1787.0,1765.9094
2018-03-17 01:00:00,1744.0,1740.705
2018-03-17 02:00:00,1721.0,1716.7717
2018-03-17 03:00:00,1703.0,1725.4965
2018-03-17 04:00:00,1696.0,1720.6622
2018-03-17 05:00:00,1761.0,1738.4716
2018-03-17 06:00:00,1846.0,1849.4207
2018-03-17 07:00:00,1942.0,1913.229
2018-03-17 08:00:00,1997.0,1998.1981
2018-03-17 09:00:00,2070.0,2045.464
2018-03-17 10:00:00,2087.0,2080.3071
2018-03-17 11:00:00,2062.0,2065.3376
2018-03-17 12:00:00,2009.0,2011.8099
2018-03-17 13:00:00,1963.0,1945.3895
2018-03-17 14:00:00,1896.0,1911.8656
2018-03-17 15:00:00,1854.0,1856.8506
2018-03-17 16:00:00,1857.0,1835.2513
2018-03-17 17:00:00,1870.0,1877.5623
2018-03-17 18:00:00,1875.0,1910.2678
2018-03-17 19:00:00,1899.0,1925.5953
2018-03-17 20:00:00,1953.0,1969.719
2018-03-17 21:00:00,1892.0,1932.2406
2018-03-17 22:00:00,1827.0,1811.1693
2018-03-17 23:00:00,1736.0,1744.4882
2018-03-18 00:00:00,1679.0,1662.8599
2018-03-18 01:00:00,1650.0,1638.7107
2018-03-18 02:00:00,1631.0,1631.3055
2018-03-18 03:00:00,1640.0,1617.4076
2018-03-18 04:00:00,1697.0,1663.1393
2018-03-18 05:00:00,1715.0,1761.8708
2018-03-18 06:00:00,1791.0,1771.8907
2018-03-18 07:00:00,1888.0,1853.3728
2018-03-18 08:00:00,1911.0,1920.9469
2018-03-18 09:00:00,1904.0,1927.8997
2018-03-18 10:00:00,1860.0,1885.3141
2018-03-18 11:00:00,1783.0,1820.3926
2018-03-18 12:00:00,1758.0,1734.7612
2018-03-18 13:00:00,1696.0,1708.098
2018-03-18 14:00:00,1655.0,1657.3599
2018-03-18 15:00:00,1613.0,1628.3846
2018-03-18 16:00:00,1600.0,1617.4128
2018-03-18 17:00:00,1615.0,1624.6246
2018-03-18 18:00:00,1646.0,1661.6576
2018-03-18 19:00:00,1700.0,1730.3705
2018-03-18 20:00:00,1814.0,1813.153
2018-03-18 21:00:00,1791.0,1795.2937
2018-03-18 22:00:00,1724.0,1727.4573
2018-03-18 23:00:00,1690.0,1660.0862
2018-03-19 00:00:00,1649.0,1637.5638
2018-03-19 01:00:00,1637.0,1639.2588
2018-03-19 02:00:00,1641.0,1636.2214
2018-03-19 03:00:00,1676.0,1653.638
2018-03-19 04:00:00,1725.0,1745.5018
2018-03-19 05:00:00,1878.0,1859.588
2018-03-19 06:00:00,2083.0,2106.073
2018-03-19 07:00:00,2226.0,2201.6716
2018-03-19 08:00:00,2238.0,2226.516
2018-03-19 09:00:00,2194.0,2237.7778
2018-03-19 10:00:00,2165.0,2180.5322
2018-03-19 11:00:00,2090.0,2128.813
2018-03-19 12:00:00,2059.0,2061.0596
2018-03-19 13:00:00,2023.0,2037.8293
2018-03-19 14:00:00,1991.0,1992.9998
2018-03-19 15:00:00,1930.0,1949.7097
2018-03-19 16:00:00,1920.0,1909.4435
2018-03-19 17:00:00,1951.0,1937.3739
2018-03-19 18:00:00,1987.0,1995.9963
2018-03-19 19:00:00,2033.0,2054.756
2018-03-19 20:00:00,2112.0,2100.3054
2018-03-19 21:00:00,2070.0,2044.2314
2018-03-19 22:00:00,1978.0,1955.2574
2018-03-19 23:00:00,1887.0,1844.0782
2018-03-20 00:00:00,1835.0,1823.4413
2018-03-20 01:00:00,1807.0,1798.793
2018-03-20 02:00:00,1794.0,1800.639
2018-03-20 03:00:00,1794.0,1806.7051
2018-03-20 04:00:00,1846.0,1837.6675
2018-03-20 05:00:00,1969.0,1984.229
2018-03-20 06:00:00,2190.0,2180.8643
2018-03-20 07:00:00,2336.0,2301.581
2018-03-20 08:00:00,2333.0,2323.402
2018-03-20 09:00:00,2351.0,2310.102
2018-03-20 10:00:00,2348.0,2345.6677
2018-03-20 11:00:00,2323.0,2322.8743
2018-03-20 12:00:00,2319.0,2297.516
2018-03-20 13:00:00,2287.0,2297.2336
2018-03-20 14:00:00,2235.0,2257.7705
2018-03-20 15:00:00,2184.0,2190.2234
2018-03-20 16:00:00,2182.0,2178.2446
2018-03-20 17:00:00,2208.0,2191.5952
2018-03-20 18:00:00,2226.0,2249.692
2018-03-20 19:00:00,2251.0,2255.3105
2018-03-20 20:00:00,2284.0,2269.832
2018-03-20 21:00:00,2222.0,2237.5544
2018-03-20 22:00:00,2124.0,2102.206
2018-03-20 23:00:00,2030.0,2002.5923
2018-03-21 00:00:00,1984.0,1966.9241
2018-03-21 01:00:00,1937.0,1948.7925
2018-03-21 02:00:00,1917.0,1919.4409
2018-03-21 03:00:00,1916.0,1930.4263
2018-03-21 04:00:00,1958.0,1964.0657
2018-03-21 05:00:00,2068.0,2091.859
2018-03-21 06:00:00,2223.0,2265.1924
2018-03-21 07:00:00,2353.0,2357.9373
2018-03-21 08:00:00,2396.0,2359.5977
2018-03-21 09:00:00,2430.0,2408.9329
2018-03-21 10:00:00,2452.0,2447.406
2018-03-21 11:00:00,2449.0,2444.2468
2018-03-21 12:00:00,2423.0,2425.303
2018-03-21 13:00:00,2394.0,2392.7888
2018-03-21 14:00:00,2358.0,2351.4321
2018-03-21 15:00:00,2297.0,2314.3142
2018-03-21 16:00:00,2264.0,2289.7864
2018-03-21 17:00:00,2256.0,2272.2378
2018-03-21 18:00:00,2253.0,2269.5696
2018-03-21 19:00:00,2274.0,2282.4497
2018-03-21 20:00:00,2317.0,2308.3982
2018-03-21 21:00:00,2243.0,2285.0322
2018-03-21 22:00:00,2124.0,2130.1545
2018-03-21 23:00:00,2020.0,1997.7246
2018-03-22 00:00:00,1941.0,1936.0762
2018-03-22 01:00:00,1902.0,1891.8464
2018-03-22 02:00:00,1891.0,1877.7208
2018-03-22 03:00:00,1888.0,1889.2263
2018-03-22 04:00:00,1952.0,1937.9207
2018-03-22 05:00:00,2090.0,2085.5098
2018-03-22 06:00:00,2309.0,2308.6274
2018-03-22 07:00:00,2436.0,2428.888
2018-03-22 08:00:00,2417.0,2418.9949
2018-03-22 09:00:00,2356.0,2398.052
2018-03-22 10:00:00,2313.0,2326.0222
2018-03-22 11:00:00,2253.0,2272.317
2018-03-22 12:00:00,2198.0,2214.4495
2018-03-22 13:00:00,2174.0,2146.2632
2018-03-22 14:00:00,2118.0,2119.108
2018-03-22 15:00:00,2061.0,2060.9895
2018-03-22 16:00:00,2017.0,2038.4614
2018-03-22 17:00:00,2016.0,2009.8057
2018-03-22 18:00:00,2011.0,2043.9977
2018-03-22 19:00:00,2059.0,2070.8367
2018-03-22 20:00:00,2171.0,2130.0872
2018-03-22 21:00:00,2144.0,2118.72
2018-03-22 22:00:00,2068.0,2022.8938
2018-03-22 23:00:00,1975.0,1947.432
2018-03-23 00:00:00,1911.0,1912.274
2018-03-23 01:00:00,1874.0,1865.584
2018-03-23 02:00:00,1854.0,1849.0529
2018-03-23 03:00:00,1861.0,1862.8158
2018-03-23 04:00:00,1922.0,1909.3854
2018-03-23 05:00:00,2048.0,2055.2908
2018-03-23 06:00:00,2230.0,2244.2908
2018-03-23 07:00:00,2349.0,2329.934
2018-03-23 08:00:00,2318.0,2340.0334
2018-03-23 09:00:00,2296.0,2302.2327
2018-03-23 10:00:00,2245.0,2263.9866
2018-03-23 11:00:00,2198.0,2187.2856
2018-03-23 12:00:00,2153.0,2144.6016
2018-03-23 13:00:00,2102.0,2106.9395
2018-03-23 14:00:00,2037.0,2050.6814
2018-03-23 15:00:00,1964.0,1971.88
2018-03-23 16:00:00,1919.0,1939.9492
2018-03-23 17:00:00,1900.0,1895.5007
2018-03-23 18:00:00,1882.0,1914.5168
2018-03-23 19:00:00,1911.0,1910.7966
2018-03-23 20:00:00,2018.0,1982.7766
2018-03-23 21:00:00,2001.0,2000.4387
2018-03-23 22:00:00,1932.0,1910.4801
2018-03-23 23:00:00,1840.0,1816.9397
2018-03-24 00:00:00,1774.0,1764.1996
2018-03-24 01:00:00,1727.0,1733.966
2018-03-24 02:00:00,1713.0,1702.7886
2018-03-24 03:00:00,1717.0,1710.1205
2018-03-24 04:00:00,1737.0,1740.6091
2018-03-24 05:00:00,1789.0,1788.4902
2018-03-24 06:00:00,1874.0,1858.2427
2018-03-24 07:00:00,1956.0,1953.6974
2018-03-24 08:00:00,2026.0,1995.2006
2018-03-24 09:00:00,2091.0,2049.598
2018-03-24 10:00:00,2097.0,2091.0862
2018-03-24 11:00:00,2080.0,2064.3528
2018-03-24 12:00:00,2051.0,2038.8497
2018-03-24 13:00:00,2027.0,2004.1128
2018-03-24 14:00:00,2002.0,1982.5138
2018-03-24 15:00:00,1971.0,1979.0066
2018-03-24 16:00:00,1978.0,1955.1455
2018-03-24 17:00:00,1971.0,1983.5427
2018-03-24 18:00:00,1957.0,1983.4108
2018-03-24 19:00:00,1957.0,1987.174
2018-03-24 20:00:00,1998.0,2018.2184
2018-03-24 21:00:00,1962.0,1976.749
2018-03-24 22:00:00,1899.0,1886.5964
2018-03-24 23:00:00,1823.0,1812.0242
2018-03-25 00:00:00,1765.0,1757.628
2018-03-25 01:00:00,1733.0,1719.9358
2018-03-25 02:00:00,1722.0,1714.5933
2018-03-25 03:00:00,1719.0,1730.9156
2018-03-25 04:00:00,1740.0,1748.7996
2018-03-25 05:00:00,1778.0,1790.2324
2018-03-25 06:00:00,1853.0,1845.3882
2018-03-25 07:00:00,1920.0,1940.173
2018-03-25 08:00:00,1974.0,1961.3566
2018-03-25 09:00:00,1973.0,1998.8705
2018-03-25 10:00:00,1966.0,1966.0002
2018-03-25 11:00:00,1923.0,1939.5846
2018-03-25 12:00:00,1891.0,1887.4706
2018-03-25 13:00:00,1842.0,1841.8108
2018-03-25 14:00:00,1787.0,1789.1058
2018-03-25 15:00:00,1747.0,1752.4327
2018-03-25 16:00:00,1730.0,1745.2421
2018-03-25 17:00:00,1755.0,1762.9905
2018-03-25 18:00:00,1771.0,1826.4835
2018-03-25 19:00:00,1825.0,1860.6636
2018-03-25 20:00:00,1954.0,1943.6324
2018-03-25 21:00:00,1957.0,1973.0338
2018-03-25 22:00:00,1908.0,1887.6548
2018-03-25 23:00:00,1848.0,1832.7308
2018-03-26 00:00:00,1820.0,1808.598
2018-03-26 01:00:00,1793.0,1800.5621
2018-03-26 02:00:00,1793.0,1792.672
2018-03-26 03:00:00,1807.0,1818.2532
2018-03-26 04:00:00,1858.0,1881.2203
2018-03-26 05:00:00,1977.0,1989.6659
2018-03-26 06:00:00,2166.0,2174.0518
2018-03-26 07:00:00,2291.0,2292.156
2018-03-26 08:00:00,2278.0,2308.7563
2018-03-26 09:00:00,2251.0,2259.5962
2018-03-26 10:00:00,2233.0,2224.4229
2018-03-26 11:00:00,2200.0,2201.6357
2018-03-26 12:00:00,2200.0,2162.7507
2018-03-26 13:00:00,2160.0,2174.696
2018-03-26 14:00:00,2124.0,2127.9497
2018-03-26 15:00:00,2059.0,2078.5088
2018-03-26 16:00:00,2029.0,2047.0978
2018-03-26 17:00:00,2022.0,2031.2645
2018-03-26 18:00:00,2017.0,2045.666
2018-03-26 19:00:00,2023.0,2071.694
2018-03-26 20:00:00,2099.0,2094.574
2018-03-26 21:00:00,2034.0,2076.1494
2018-03-26 22:00:00,1930.0,1925.3202
2018-03-26 23:00:00,1821.0,1821.853
2018-03-27 00:00:00,1748.0,1754.0284
2018-03-27 01:00:00,1702.0,1706.5249
2018-03-27 02:00:00,1667.0,1683.7124
2018-03-27 03:00:00,1657.0,1662.7922
2018-03-27 04:00:00,1701.0,1690.4106
2018-03-27 05:00:00,1801.0,1816.4066
2018-03-27 06:00:00,1972.0,2013.4812
2018-03-27 07:00:00,2112.0,2117.5676
2018-03-27 08:00:00,2118.0,2131.8342
2018-03-27 09:00:00,2143.0,2116.2656
2018-03-27 10:00:00,2152.0,2152.6958
2018-03-27 11:00:00,2135.0,2126.66
2018-03-27 12:00:00,2132.0,2108.062
2018-03-27 13:00:00,2126.0,2108.225
2018-03-27 14:00:00,2090.0,2094.4292
2018-03-27 15:00:00,2051.0,2038.1572
2018-03-27 16:00:00,2036.0,2029.096
2018-03-27 17:00:00,2035.0,2025.911
2018-03-27 18:00:00,2028.0,2041.0245
2018-03-27 19:00:00,2014.0,2051.8184
2018-03-27 20:00:00,2042.0,2066.9458
2018-03-27 21:00:00,1961.0,2020.5315
2018-03-27 22:00:00,1855.0,1854.6416
2018-03-27 23:00:00,1744.0,1736.3486
2018-03-28 00:00:00,1660.0,1671.0691
2018-03-28 01:00:00,1610.0,1612.803
2018-03-28 02:00:00,1581.0,1582.0994
2018-03-28 03:00:00,1567.0,1581.6158
2018-03-28 04:00:00,1596.0,1602.6575
2018-03-28 05:00:00,1706.0,1705.9993
2018-03-28 06:00:00,1881.0,1937.5304
2018-03-28 07:00:00,2014.0,2029.4106
2018-03-28 08:00:00,2039.0,2059.6978
2018-03-28 09:00:00,2046.0,2075.6184
2018-03-28 10:00:00,2078.0,2065.433
2018-03-28 11:00:00,2058.0,2070.6023
2018-03-28 12:00:00,2064.0,2042.7537
2018-03-28 13:00:00,2060.0,2050.6587
2018-03-28 14:00:00,2017.0,2031.1377
2018-03-28 15:00:00,1983.0,1967.7701
2018-03-28 16:00:00,1964.0,1959.6809
2018-03-28 17:00:00,1968.0,1954.8536
2018-03-28 18:00:00,1973.0,1975.1371
2018-03-28 19:00:00,1973.0,2010.9553
2018-03-28 20:00:00,2000.0,2029.1373
2018-03-28 21:00:00,1947.0,1969.4694
2018-03-28 22:00:00,1842.0,1829.1466
2018-03-28 23:00:00,1718.0,1713.8706
2018-03-29 00:00:00,1648.0,1628.8385
2018-03-29 01:00:00,1590.0,1603.6287
2018-03-29 02:00:00,1550.0,1579.7042
2018-03-29 03:00:00,1548.0,1550.056
2018-03-29 04:00:00,1578.0,1584.7567
2018-03-29 05:00:00,1673.0,1694.8978
2018-03-29 06:00:00,1847.0,1880.7316
2018-03-29 07:00:00,1957.0,1988.919
2018-03-29 08:00:00,1996.0,1992.4026
2018-03-29 09:00:00,2020.0,2022.9109
2018-03-29 10:00:00,2042.0,2045.4581
2018-03-29 11:00:00,2024.0,2035.9417
2018-03-29 12:00:00,2017.0,2004.3301
2018-03-29 13:00:00,2007.0,1999.3717
2018-03-29 14:00:00,1994.0,1970.8751
2018-03-29 15:00:00,1960.0,1950.8729
2018-03-29 16:00:00,1946.0,1930.6262
2018-03-29 17:00:00,1953.0,1932.5339
2018-03-29 18:00:00,1963.0,1954.5643
2018-03-29 19:00:00,1955.0,1997.1128
2018-03-29 20:00:00,1991.0,2005.8118
2018-03-29 21:00:00,1941.0,1956.9437
2018-03-29 22:00:00,1828.0,1821.8007
2018-03-29 23:00:00,1718.0,1710.7614
2018-03-30 00:00:00,1641.0,1635.5796
2018-03-30 01:00:00,1596.0,1590.7528
2018-03-30 02:00:00,1585.0,1574.691
2018-03-30 03:00:00,1567.0,1598.4661
2018-03-30 04:00:00,1587.0,1616.3516
2018-03-30 05:00:00,1657.0,1701.8773
2018-03-30 06:00:00,1779.0,1826.1527
2018-03-30 07:00:00,1877.0,1913.4816
2018-03-30 08:00:00,1933.0,1921.3811
2018-03-30 09:00:00,1975.0,1961.6172
2018-03-30 10:00:00,2006.0,1995.0347
2018-03-30 11:00:00,1969.0,2005.0717
2018-03-30 12:00:00,1922.0,1943.2661
2018-03-30 13:00:00,1851.0,1879.4292
2018-03-30 14:00:00,1803.0,1791.0316
2018-03-30 15:00:00,1743.0,1745.8584
2018-03-30 16:00:00,1706.0,1719.0336
2018-03-30 17:00:00,1667.0,1692.8346
2018-03-30 18:00:00,1657.0,1669.877
2018-03-30 19:00:00,1651.0,1679.2184
2018-03-30 20:00:00,1756.0,1734.5369
2018-03-30 21:00:00,1761.0,1755.521
2018-03-30 22:00:00,1702.0,1689.8944
2018-03-30 23:00:00,1635.0,1602.4049
2018-03-31 00:00:00,1580.0,1563.3383
2018-03-31 01:00:00,1560.0,1533.045
2018-03-31 02:00:00,1548.0,1549.6423
2018-03-31 03:00:00,1554.0,1547.8221
2018-03-31 04:00:00,1565.0,1581.1149
2018-03-31 05:00:00,1612.0,1619.2787
2018-03-31 06:00:00,1689.0,1680.8551
2018-03-31 07:00:00,1754.0,1759.3312
2018-03-31 08:00:00,1795.0,1795.1628
2018-03-31 09:00:00,1801.0,1821.8767
2018-03-31 10:00:00,1792.0,1803.0094
2018-03-31 11:00:00,1760.0,1761.3214
2018-03-31 12:00:00,1706.0,1716.258
2018-03-31 13:00:00,1667.0,1655.6255
2018-03-31 14:00:00,1646.0,1625.7788
2018-03-31 15:00:00,1644.0,1620.1556
2018-03-31 16:00:00,1647.0,1638.1377
2018-03-31 17:00:00,1664.0,1655.6196
2018-03-31 18:00:00,1681.0,1679.7313
2018-03-31 19:00:00,1699.0,1724.7522
2018-03-31 20:00:00,1740.0,1784.9976
2018-03-31 21:00:00,1703.0,1720.417
2018-03-31 22:00:00,1633.0,1624.7068
2018-03-31 23:00:00,1550.0,1545.9143
2018-04-01 00:00:00,1470.0,1483.8962
2018-04-01 01:00:00,1411.0,1421.4194
2018-04-01 02:00:00,1404.0,1388.5735
2018-04-01 03:00:00,1402.0,1383.8551
2018-04-01 04:00:00,1439.0,1410.5157
2018-04-01 05:00:00,1483.0,1497.7479
2018-04-01 06:00:00,1558.0,1545.9252
2018-04-01 07:00:00,1628.0,1611.8812
2018-04-01 08:00:00,1693.0,1675.194
2018-04-01 09:00:00,1717.0,1740.2195
2018-04-01 10:00:00,1690.0,1719.8651
2018-04-01 11:00:00,1670.0,1674.0117
2018-04-01 12:00:00,1619.0,1649.4142
2018-04-01 13:00:00,1568.0,1588.4574
2018-04-01 14:00:00,1512.0,1541.3997
2018-04-01 15:00:00,1500.0,1481.6917
2018-04-01 16:00:00,1497.0,1502.8768
2018-04-01 17:00:00,1519.0,1513.6414
2018-04-01 18:00:00,1581.0,1540.5873
2018-04-01 19:00:00,1672.0,1627.9501
2018-04-01 20:00:00,1772.0,1765.0323
2018-04-01 21:00:00,1776.0,1757.0524
2018-04-01 22:00:00,1742.0,1697.9337
2018-04-01 23:00:00,1716.0,1651.4707
2018-04-02 00:00:00,1690.0,1657.5524
2018-04-02 01:00:00,1665.0,1665.7258
2018-04-02 02:00:00,1672.0,1664.6774
2018-04-02 03:00:00,1682.0,1687.7787
2018-04-02 04:00:00,1731.0,1731.3381
2018-04-02 05:00:00,1864.0,1829.9572
2018-04-02 06:00:00,2072.0,2067.03
2018-04-02 07:00:00,2203.0,2189.9495
2018-04-02 08:00:00,2218.0,2208.9866
2018-04-02 09:00:00,2197.0,2220.5122
2018-04-02 10:00:00,2207.0,2195.0154
2018-04-02 11:00:00,2180.0,2199.3706
2018-04-02 12:00:00,2169.0,2164.71
2018-04-02 13:00:00,2128.0,2157.6855
2018-04-02 14:00:00,2082.0,2095.953
2018-04-02 15:00:00,2023.0,2043.9855
2018-04-02 16:00:00,1981.0,2004.381
2018-04-02 17:00:00,1986.0,1967.5607
2018-04-02 18:00:00,1989.0,1991.5109
2018-04-02 19:00:00,2025.0,2013.1581
2018-04-02 20:00:00,2107.0,2104.7134
2018-04-02 21:00:00,2056.0,2082.384
2018-04-02 22:00:00,1951.0,1928.602
2018-04-02 23:00:00,1847.0,1810.0168
2018-04-03 00:00:00,1767.0,1766.6808
2018-04-03 01:00:00,1718.0,1722.8888
2018-04-03 02:00:00,1685.0,1697.2095
2018-04-03 03:00:00,1677.0,1687.8585
2018-04-03 04:00:00,1718.0,1710.7686
2018-04-03 05:00:00,1821.0,1826.1698
2018-04-03 06:00:00,1998.0,2003.3796
2018-04-03 07:00:00,2119.0,2120.8018
2018-04-03 08:00:00,2149.0,2130.7996
2018-04-03 09:00:00,2139.0,2150.1572
2018-04-03 10:00:00,2170.0,2128.1929
2018-04-03 11:00:00,2138.0,2154.1338
2018-04-03 12:00:00,2136.0,2107.4602
2018-04-03 13:00:00,2107.0,2112.5027
2018-04-03 14:00:00,2077.0,2067.739
2018-04-03 15:00:00,2011.0,2028.0038
2018-04-03 16:00:00,2003.0,1979.0938
2018-04-03 17:00:00,2009.0,1982.7429
2018-04-03 18:00:00,1999.0,2002.004
2018-04-03 19:00:00,1988.0,2002.6171
2018-04-03 20:00:00,1997.0,2051.511
2018-04-03 21:00:00,1933.0,1990.5925
2018-04-03 22:00:00,1816.0,1817.1451
2018-04-03 23:00:00,1710.0,1704.1027
2018-04-04 00:00:00,1636.0,1635.2319
2018-04-04 01:00:00,1601.0,1580.5957
2018-04-04 02:00:00,1599.0,1575.713
2018-04-04 03:00:00,1607.0,1608.4592
2018-04-04 04:00:00,1687.0,1667.2186
2018-04-04 05:00:00,1833.0,1835.0636
2018-04-04 06:00:00,2068.0,2041.902
2018-04-04 07:00:00,2225.0,2178.948
2018-04-04 08:00:00,2279.0,2220.4148
2018-04-04 09:00:00,2299.0,2293.8755
2018-04-04 10:00:00,2345.0,2311.6184
2018-04-04 11:00:00,2337.0,2355.1245
2018-04-04 12:00:00,2325.0,2335.0615
2018-04-04 13:00:00,2315.0,2309.5383
2018-04-04 14:00:00,2296.0,2297.8513
2018-04-04 15:00:00,2281.0,2269.0144
2018-04-04 16:00:00,2269.0,2271.3643
2018-04-04 17:00:00,2272.0,2258.8613
2018-04-04 18:00:00,2288.0,2243.8953
2018-04-04 19:00:00,2291.0,2278.2756
2018-04-04 20:00:00,2337.0,2309.4653
2018-04-04 21:00:00,2284.0,2289.1255
2018-04-04 22:00:00,2168.0,2152.909
2018-04-04 23:00:00,2051.0,2011.672
2018-04-05 00:00:00,1980.0,1948.9095
2018-04-05 01:00:00,1929.0,1909.5194
2018-04-05 02:00:00,1897.0,1894.2865
2018-04-05 03:00:00,1900.0,1894.7183
2018-04-05 04:00:00,1940.0,1948.6027
2018-04-05 05:00:00,2062.0,2060.9204
2018-04-05 06:00:00,2263.0,2271.9736
2018-04-05 07:00:00,2362.0,2396.8518
2018-04-05 08:00:00,2343.0,2369.701
2018-04-05 09:00:00,2313.0,2314.4797
2018-04-05 10:00:00,2279.0,2293.001
2018-04-05 11:00:00,2231.0,2221.3413
2018-04-05 12:00:00,2200.0,2185.518
2018-04-05 13:00:00,2150.0,2157.5503
2018-04-05 14:00:00,2098.0,2101.105
2018-04-05 15:00:00,2028.0,2037.4452
2018-04-05 16:00:00,2005.0,2008.5212
2018-04-05 17:00:00,2004.0,2010.2478
2018-04-05 18:00:00,1998.0,2025.019
2018-04-05 19:00:00,2039.0,2032.5963
2018-04-05 20:00:00,2117.0,2130.1255
2018-04-05 21:00:00,2080.0,2108.9587
2018-04-05 22:00:00,1977.0,1967.3075
2018-04-05 23:00:00,1870.0,1845.2493
2018-04-06 00:00:00,1793.0,1784.4495
2018-04-06 01:00:00,1747.0,1725.3511
2018-04-06 02:00:00,1713.0,1719.4371
2018-04-06 03:00:00,1704.0,1699.9644
2018-04-06 04:00:00,1739.0,1736.0863
2018-04-06 05:00:00,1854.0,1832.503
2018-04-06 06:00:00,2038.0,2041.2731
2018-04-06 07:00:00,2138.0,2160.868
2018-04-06 08:00:00,2152.0,2141.1067
2018-04-06 09:00:00,2156.0,2145.0261
2018-04-06 10:00:00,2143.0,2136.907
2018-04-06 11:00:00,2078.0,2108.3923
2018-04-06 12:00:00,2041.0,2042.0273
2018-04-06 13:00:00,2013.0,1996.2537
2018-04-06 14:00:00,1966.0,1961.4723
2018-04-06 15:00:00,1923.0,1922.6094
2018-04-06 16:00:00,1935.0,1896.5637
2018-04-06 17:00:00,1946.0,1942.5963
2018-04-06 18:00:00,1966.0,1970.7732
2018-04-06 19:00:00,2002.0,1997.9216
2018-04-06 20:00:00,2069.0,2052.0918
2018-04-06 21:00:00,2061.0,2051.4248
2018-04-06 22:00:00,1975.0,1956.1781
2018-04-06 23:00:00,1882.0,1842.6721
2018-04-07 00:00:00,1810.0,1788.1549
2018-04-07 01:00:00,1767.0,1737.0859
2018-04-07 02:00:00,1746.0,1736.312
2018-04-07 03:00:00,1737.0,1745.5018
2018-04-07 04:00:00,1751.0,1759.5338
2018-04-07 05:00:00,1795.0,1797.2213
2018-04-07 06:00:00,1878.0,1864.5507
2018-04-07 07:00:00,1947.0,1961.1565
2018-04-07 08:00:00,2028.0,1977.7217
2018-04-07 09:00:00,2060.0,2038.0332
2018-04-07 10:00:00,2049.0,2062.5042
2018-04-07 11:00:00,2018.0,2012.6313
2018-04-07 12:00:00,1951.0,1979.5135
2018-04-07 13:00:00,1890.0,1901.2168
2018-04-07 14:00:00,1826.0,1834.9468
2018-04-07 15:00:00,1777.0,1786.3905
2018-04-07 16:00:00,1755.0,1767.3845
2018-04-07 17:00:00,1740.0,1764.8241
2018-04-07 18:00:00,1738.0,1755.6249
2018-04-07 19:00:00,1775.0,1763.5076
2018-04-07 20:00:00,1870.0,1854.7213
2018-04-07 21:00:00,1862.0,1871.5736
2018-04-07 22:00:00,1814.0,1783.4106
2018-04-07 23:00:00,1737.0,1707.062
2018-04-08 00:00:00,1693.0,1649.5125
2018-04-08 01:00:00,1679.0,1651.0248
2018-04-08 02:00:00,1671.0,1673.7485
2018-04-08 03:00:00,1682.0,1673.1804
2018-04-08 04:00:00,1703.0,1714.2684
2018-04-08 05:00:00,1739.0,1742.6088
2018-04-08 06:00:00,1814.0,1789.065
2018-04-08 07:00:00,1861.0,1873.6703
2018-04-08 08:00:00,1909.0,1891.816
2018-04-08 09:00:00,1910.0,1926.0908
2018-04-08 10:00:00,1876.0,1887.3846
2018-04-08 11:00:00,1855.0,1834.1958
2018-04-08 12:00:00,1829.0,1818.1779
2018-04-08 13:00:00,1775.0,1796.5118
2018-04-08 14:00:00,1722.0,1723.9078
2018-04-08 15:00:00,1695.0,1685.0835
2018-04-08 16:00:00,1705.0,1711.6771
2018-04-08 17:00:00,1758.0,1752.0138
2018-04-08 18:00:00,1786.0,1822.503
2018-04-08 19:00:00,1841.0,1845.6775
2018-04-08 20:00:00,1925.0,1926.1411
2018-04-08 21:00:00,1907.0,1929.2778
2018-04-08 22:00:00,1838.0,1818.3491
2018-04-08 23:00:00,1791.0,1746.4164
2018-04-09 00:00:00,1746.0,1741.8126
2018-04-09 01:00:00,1711.0,1711.0815
2018-04-09 02:00:00,1710.0,1698.0043
2018-04-09 03:00:00,1754.0,1720.2324
2018-04-09 04:00:00,1809.0,1814.3533
2018-04-09 05:00:00,1938.0,1950.2184
2018-04-09 06:00:00,2124.0,2155.0032
2018-04-09 07:00:00,2262.0,2260.6387
2018-04-09 08:00:00,2355.0,2275.6804
2018-04-09 09:00:00,2354.0,2378.1655
2018-04-09 10:00:00,2346.0,2358.0894
2018-04-09 11:00:00,2331.0,2320.3984
2018-04-09 12:00:00,2326.0,2306.715
2018-04-09 13:00:00,2272.0,2303.3472
2018-04-09 14:00:00,2229.0,2245.45
2018-04-09 15:00:00,2205.0,2190.4907
2018-04-09 16:00:00,2180.0,2194.8635
2018-04-09 17:00:00,2193.0,2182.391
2018-04-09 18:00:00,2227.0,2202.992
2018-04-09 19:00:00,2199.0,2246.907
2018-04-09 20:00:00,2221.0,2211.1453
2018-04-09 21:00:00,2199.0,2196.2532
2018-04-09 22:00:00,2043.0,2078.6353
2018-04-09 23:00:00,1964.0,1904.7501
2018-04-10 00:00:00,1905.0,1871.6045
2018-04-10 01:00:00,1832.0,1857.4904
2018-04-10 02:00:00,1825.0,1807.8414
2018-04-10 03:00:00,1842.0,1831.1646
2018-04-10 04:00:00,1898.0,1888.037
2018-04-10 05:00:00,2034.0,2044.3619
2018-04-10 06:00:00,2260.0,2268.805
2018-04-10 07:00:00,2348.0,2377.1077
2018-04-10 08:00:00,2316.0,2342.063
2018-04-10 09:00:00,2268.0,2294.627
2018-04-10 10:00:00,2224.0,2244.03
2018-04-10 11:00:00,2185.0,2176.7534
2018-04-10 12:00:00,2172.0,2147.422
2018-04-10 13:00:00,2127.0,2141.4236
2018-04-10 14:00:00,2113.0,2072.926
2018-04-10 15:00:00,2065.0,2068.986
2018-04-10 16:00:00,2066.0,2047.5316
2018-04-10 17:00:00,2072.0,2075.9548
2018-04-10 18:00:00,2081.0,2095.4707
2018-04-10 19:00:00,2098.0,2118.1565
2018-04-10 20:00:00,2149.0,2146.3572
2018-04-10 21:00:00,2117.0,2122.3376
2018-04-10 22:00:00,2005.0,1998.1746
2018-04-10 23:00:00,1902.0,1882.1815
2018-04-11 00:00:00,1854.0,1812.281
2018-04-11 01:00:00,1820.0,1807.6003
2018-04-11 02:00:00,1804.0,1807.7117
2018-04-11 03:00:00,1814.0,1809.9347
2018-04-11 04:00:00,1854.0,1862.7191
2018-04-11 05:00:00,1977.0,1994.9857
2018-04-11 06:00:00,2190.0,2197.2996
2018-04-11 07:00:00,2287.0,2288.8435
2018-04-11 08:00:00,2278.0,2280.9268
2018-04-11 09:00:00,2240.0,2253.1538
2018-04-11 10:00:00,2178.0,2216.572
2018-04-11 11:00:00,2123.0,2127.4736
2018-04-11 12:00:00,2086.0,2079.226
2018-04-11 13:00:00,2039.0,2043.3175
2018-04-11 14:00:00,1996.0,2000.037
2018-04-11 15:00:00,1931.0,1950.5507
2018-04-11 16:00:00,1898.0,1917.0156
2018-04-11 17:00:00,1875.0,1900.1282
2018-04-11 18:00:00,1873.0,1886.1636
2018-04-11 19:00:00,1876.0,1911.1077
2018-04-11 20:00:00,1960.0,1960.7141
2018-04-11 21:00:00,1949.0,1973.4957
2018-04-11 22:00:00,1822.0,1845.3711
2018-04-11 23:00:00,1706.0,1692.2852
2018-04-12 00:00:00,1630.0,1626.5358
2018-04-12 01:00:00,1577.0,1567.5128
2018-04-12 02:00:00,1547.0,1544.2421
2018-04-12 03:00:00,1528.0,1544.2821
2018-04-12 04:00:00,1564.0,1568.1802
2018-04-12 05:00:00,1687.0,1676.7345
2018-04-12 06:00:00,1895.0,1902.2736
2018-04-12 07:00:00,1979.0,2014.2661
2018-04-12 08:00:00,1990.0,2002.344
2018-04-12 09:00:00,1983.0,1998.3351
2018-04-12 10:00:00,1979.0,1978.0117
2018-04-12 11:00:00,1973.0,1965.958
2018-04-12 12:00:00,1958.0,1962.3864
2018-04-12 13:00:00,1962.0,1937.4319
2018-04-12 14:00:00,1945.0,1943.7263
2018-04-12 15:00:00,1907.0,1911.3575
2018-04-12 16:00:00,1900.0,1886.15
2018-04-12 17:00:00,1873.0,1900.083
2018-04-12 18:00:00,1865.0,1850.7905
2018-04-12 19:00:00,1854.0,1866.4312
2018-04-12 20:00:00,1923.0,1913.7614
2018-04-12 21:00:00,1901.0,1914.3114
2018-04-12 22:00:00,1774.0,1779.4271
2018-04-12 23:00:00,1644.0,1639.894
2018-04-13 00:00:00,1540.0,1552.2599
2018-04-13 01:00:00,1478.0,1482.3875
2018-04-13 02:00:00,1442.0,1447.1514
2018-04-13 03:00:00,1432.0,1428.5052
2018-04-13 04:00:00,1448.0,1455.9493
2018-04-13 05:00:00,1542.0,1559.4272
2018-04-13 06:00:00,1729.0,1693.1252
2018-04-13 07:00:00,1822.0,1831.7185
2018-04-13 08:00:00,1853.0,1872.9769
2018-04-13 09:00:00,1882.0,1885.423
2018-04-13 10:00:00,1900.0,1901.4763
2018-04-13 11:00:00,1903.0,1897.1621
2018-04-13 12:00:00,1911.0,1893.3445
2018-04-13 13:00:00,1912.0,1898.828
2018-04-13 14:00:00,1907.0,1889.1823
2018-04-13 15:00:00,1877.0,1877.4292
2018-04-13 16:00:00,1868.0,1857.6992
2018-04-13 17:00:00,1838.0,1853.9314
2018-04-13 18:00:00,1820.0,1813.3352
2018-04-13 19:00:00,1788.0,1813.5454
2018-04-13 20:00:00,1831.0,1827.4922
2018-04-13 21:00:00,1813.0,1825.0256
2018-04-13 22:00:00,1698.0,1715.3657
2018-04-13 23:00:00,1565.0,1567.9862
2018-04-14 00:00:00,1465.0,1461.8628
2018-04-14 01:00:00,1390.0,1398.133
2018-04-14 02:00:00,1349.0,1353.7976
2018-04-14 03:00:00,1322.0,1329.6864
2018-04-14 04:00:00,1322.0,1331.8783
2018-04-14 05:00:00,1341.0,1363.5807
2018-04-14 06:00:00,1414.0,1413.768
2018-04-14 07:00:00,1465.0,1483.168
2018-04-14 08:00:00,1541.0,1549.0457
2018-04-14 09:00:00,1619.0,1611.2087
2018-04-14 10:00:00,1674.0,1658.3285
2018-04-14 11:00:00,1680.0,1688.2245
2018-04-14 12:00:00,1685.0,1678.5039
2018-04-14 13:00:00,1667.0,1671.351
2018-04-14 14:00:00,1636.0,1644.5776
2018-04-14 15:00:00,1609.0,1615.336
2018-04-14 16:00:00,1614.0,1603.3077
2018-04-14 17:00:00,1612.0,1608.6252
2018-04-14 18:00:00,1585.0,1603.372
2018-04-14 19:00:00,1583.0,1588.6306
2018-04-14 20:00:00,1612.0,1649.1556
2018-04-14 21:00:00,1595.0,1621.9979
2018-04-14 22:00:00,1507.0,1517.6882
2018-04-14 23:00:00,1427.0,1418.4381
2018-04-15 00:00:00,1368.0,1337.604
2018-04-15 01:00:00,1317.0,1302.5244
2018-04-15 02:00:00,1290.0,1290.1239
2018-04-15 03:00:00,1286.0,1272.4026
2018-04-15 04:00:00,1295.0,1262.2781
2018-04-15 05:00:00,1319.0,1320.0669
2018-04-15 06:00:00,1362.0,1376.85
2018-04-15 07:00:00,1428.0,1394.6327
2018-04-15 08:00:00,1502.0,1503.9894
2018-04-15 09:00:00,1578.0,1580.5209
2018-04-15 10:00:00,1602.0,1610.4937
2018-04-15 11:00:00,1626.0,1612.4235
2018-04-15 12:00:00,1646.0,1632.5796
2018-04-15 13:00:00,1643.0,1640.8375
2018-04-15 14:00:00,1636.0,1632.6191
2018-04-15 15:00:00,1637.0,1629.3547
2018-04-15 16:00:00,1667.0,1654.1879
2018-04-15 17:00:00,1700.0,1693.8082
2018-04-15 18:00:00,1692.0,1725.8643
2018-04-15 19:00:00,1714.0,1697.7168
2018-04-15 20:00:00,1773.0,1793.8254
2018-04-15 21:00:00,1752.0,1773.673
2018-04-15 22:00:00,1687.0,1663.8372
2018-04-15 23:00:00,1627.0,1592.7761
2018-04-16 00:00:00,1591.0,1560.8765
2018-04-16 01:00:00,1574.0,1558.5476
2018-04-16 02:00:00,1557.0,1563.1223
2018-04-16 03:00:00,1575.0,1573.9006
2018-04-16 04:00:00,1651.0,1628.1974
2018-04-16 05:00:00,1785.0,1799.4893
2018-04-16 06:00:00,2032.0,2011.6461
2018-04-16 07:00:00,2162.0,2172.1785
2018-04-16 08:00:00,2210.0,2169.4387
2018-04-16 09:00:00,2246.0,2238.5945
2018-04-16 10:00:00,2269.0,2265.8757
2018-04-16 11:00:00,2250.0,2263.9163
2018-04-16 12:00:00,2256.0,2236.69
2018-04-16 13:00:00,2252.0,2244.0098
2018-04-16 14:00:00,2240.0,2221.94
2018-04-16 15:00:00,2217.0,2209.6174
2018-04-16 16:00:00,2207.0,2203.159
2018-04-16 17:00:00,2234.0,2196.0122
2018-04-16 18:00:00,2262.0,2228.6672
2018-04-16 19:00:00,2280.0,2274.8489
2018-04-16 20:00:00,2315.0,2313.5503
2018-04-16 21:00:00,2252.0,2292.8406
2018-04-16 22:00:00,2145.0,2113.6702
2018-04-16 23:00:00,2014.0,1983.8993
2018-04-17 00:00:00,1943.0,1909.6299
2018-04-17 01:00:00,1906.0,1874.9009
2018-04-17 02:00:00,1864.0,1883.0743
2018-04-17 03:00:00,1858.0,1868.9438
2018-04-17 04:00:00,1893.0,1901.8904
2018-04-17 05:00:00,2011.0,2001.4039
2018-04-17 06:00:00,2214.0,2221.7236
2018-04-17 07:00:00,2318.0,2344.9854
2018-04-17 08:00:00,2338.0,2325.908
2018-04-17 09:00:00,2361.0,2321.0266
2018-04-17 10:00:00,2362.0,2360.4282
2018-04-17 11:00:00,2333.0,2332.2087
2018-04-17 12:00:00,2327.0,2296.9607
2018-04-17 13:00:00,2299.0,2290.9785
2018-04-17 14:00:00,2281.0,2256.27
2018-04-17 15:00:00,2202.0,2230.6636
2018-04-17 16:00:00,2170.0,2178.2217
2018-04-17 17:00:00,2123.0,2155.754
2018-04-17 18:00:00,2108.0,2101.528
2018-04-17 19:00:00,2103.0,2116.7773
2018-04-17 20:00:00,2171.0,2175.9211
2018-04-17 21:00:00,2175.0,2170.886
2018-04-17 22:00:00,2070.0,2066.0415
2018-04-17 23:00:00,1961.0,1924.8451
2018-04-18 00:00:00,1910.0,1883.9027
2018-04-18 01:00:00,1873.0,1841.2451
2018-04-18 02:00:00,1851.0,1851.2488
2018-04-18 03:00:00,1858.0,1854.6136
2018-04-18 04:00:00,1890.0,1904.5077
2018-04-18 05:00:00,2010.0,2001.4236
2018-04-18 06:00:00,2213.0,2206.4062
2018-04-18 07:00:00,2286.0,2333.7349
2018-04-18 08:00:00,2293.0,2286.3655
2018-04-18 09:00:00,2257.0,2270.6934
2018-04-18 10:00:00,2229.0,2221.653
2018-04-18 11:00:00,2150.0,2174.245
2018-04-18 12:00:00,2092.0,2102.5278
2018-04-18 13:00:00,2052.0,2040.2107
2018-04-18 14:00:00,2004.0,1992.2063
2018-04-18 15:00:00,1947.0,1951.3394
2018-04-18 16:00:00,1943.0,1916.2944
2018-04-18 17:00:00,1948.0,1944.1338
2018-04-18 18:00:00,1935.0,1972.098
2018-04-18 19:00:00,1951.0,1969.4811
2018-04-18 20:00:00,2008.0,2041.533
2018-04-18 21:00:00,1957.0,2017.1372
2018-04-18 22:00:00,1837.0,1855.398
2018-04-18 23:00:00,1748.0,1721.633
2018-04-19 00:00:00,1688.0,1664.9658
2018-04-19 01:00:00,1662.0,1641.768
2018-04-19 02:00:00,1656.0,1649.1879
2018-04-19 03:00:00,1661.0,1662.4788
2018-04-19 04:00:00,1723.0,1701.42
2018-04-19 05:00:00,1881.0,1847.7305
2018-04-19 06:00:00,2089.0,2095.0195
2018-04-19 07:00:00,2198.0,2176.2761
2018-04-19 08:00:00,2205.0,2178.857
2018-04-19 09:00:00,2238.0,2192.6729
2018-04-19 10:00:00,2189.0,2243.0615
2018-04-19 11:00:00,2197.0,2151.7637
2018-04-19 12:00:00,2155.0,2183.7913
2018-04-19 13:00:00,2100.0,2132.4915
2018-04-19 14:00:00,2040.0,2056.9607
2018-04-19 15:00:00,1994.0,1988.5382
2018-04-19 16:00:00,1947.0,1968.9115
2018-04-19 17:00:00,1913.0,1936.7098
2018-04-19 18:00:00,1893.0,1895.1888
2018-04-19 19:00:00,1914.0,1895.6462
2018-04-19 20:00:00,2005.0,1998.0098
2018-04-19 21:00:00,1994.0,2007.7178
2018-04-19 22:00:00,1896.0,1875.0927
2018-04-19 23:00:00,1817.0,1756.4252
2018-04-20 00:00:00,1735.0,1740.3464
2018-04-20 01:00:00,1709.0,1682.3763
2018-04-20 02:00:00,1696.0,1689.9578
2018-04-20 03:00:00,1701.0,1702.8915
2018-04-20 04:00:00,1754.0,1744.8195
2018-04-20 05:00:00,1893.0,1873.6292
2018-04-20 06:00:00,2106.0,2101.2908
2018-04-20 07:00:00,2173.0,2194.1387
2018-04-20 08:00:00,2157.0,2172.7437
2018-04-20 09:00:00,2111.0,2137.1753
2018-04-20 10:00:00,2067.0,2074.2385
2018-04-20 11:00:00,2024.0,2017.724
2018-04-20 12:00:00,1978.0,1981.2732
2018-04-20 13:00:00,1950.0,1930.1732
2018-04-20 14:00:00,1898.0,1897.8403
2018-04-20 15:00:00,1838.0,1854.0039
2018-04-20 16:00:00,1807.0,1815.8917
2018-04-20 17:00:00,1781.0,1782.425
2018-04-20 18:00:00,1750.0,1766.1931
2018-04-20 19:00:00,1731.0,1763.403
2018-04-20 20:00:00,1787.0,1796.1871
2018-04-20 21:00:00,1801.0,1801.5377
2018-04-20 22:00:00,1717.0,1733.1052
2018-04-20 23:00:00,1621.0,1592.9379
2018-04-21 00:00:00,1544.0,1530.7712
2018-04-21 01:00:00,1511.0,1478.4843
2018-04-21 02:00:00,1487.0,1481.5063
2018-04-21 03:00:00,1497.0,1479.8932
2018-04-21 04:00:00,1528.0,1521.4595
2018-04-21 05:00:00,1576.0,1581.3947
2018-04-21 06:00:00,1668.0,1661.8477
2018-04-21 07:00:00,1740.0,1746.2842
2018-04-21 08:00:00,1768.0,1807.6875
2018-04-21 09:00:00,1786.0,1802.5071
2018-04-21 10:00:00,1755.0,1791.3551
2018-04-21 11:00:00,1720.0,1716.3245
2018-04-21 12:00:00,1679.0,1678.1727
2018-04-21 13:00:00,1630.0,1646.1996
2018-04-21 14:00:00,1598.0,1590.0499
2018-04-21 15:00:00,1577.0,1565.1064
2018-04-21 16:00:00,1566.0,1565.9949
2018-04-21 17:00:00,1581.0,1563.6085
2018-04-21 18:00:00,1588.0,1588.7451
2018-04-21 19:00:00,1591.0,1608.9199
2018-04-21 20:00:00,1658.0,1679.3756
2018-04-21 21:00:00,1652.0,1672.2113
2018-04-21 22:00:00,1593.0,1576.8645
2018-04-21 23:00:00,1500.0,1498.3152
2018-04-22 00:00:00,1445.0,1413.6406
2018-04-22 01:00:00,1402.0,1376.4772
2018-04-22 02:00:00,1379.0,1371.3905
2018-04-22 03:00:00,1382.0,1359.0868
2018-04-22 04:00:00,1388.0,1387.0685
2018-04-22 05:00:00,1424.0,1428.5122
2018-04-22 06:00:00,1483.0,1483.3213
2018-04-22 07:00:00,1515.0,1542.2224
2018-04-22 08:00:00,1599.0,1570.9851
2018-04-22 09:00:00,1645.0,1650.3445
2018-04-22 10:00:00,1641.0,1660.7032
2018-04-22 11:00:00,1622.0,1642.0367
2018-04-22 12:00:00,1594.0,1610.9203
2018-04-22 13:00:00,1557.0,1579.8999
2018-04-22 14:00:00,1538.0,1538.6843
2018-04-22 15:00:00,1521.0,1530.9662
2018-04-22 16:00:00,1519.0,1528.856
2018-04-22 17:00:00,1562.0,1538.2246
2018-04-22 18:00:00,1569.0,1580.8844
2018-04-22 19:00:00,1592.0,1598.5568
2018-04-22 20:00:00,1665.0,1700.7345
2018-04-22 21:00:00,1690.0,1691.6669
2018-04-22 22:00:00,1615.0,1629.7721
2018-04-22 23:00:00,1537.0,1531.4519
2018-04-23 00:00:00,1490.0,1471.5203
2018-04-23 01:00:00,1468.0,1455.1382
2018-04-23 02:00:00,1454.0,1461.9797
2018-04-23 03:00:00,1461.0,1475.1125
2018-04-23 04:00:00,1514.0,1511.9747
2018-04-23 05:00:00,1652.0,1643.2625
2018-04-23 06:00:00,1842.0,1875.7744
2018-04-23 07:00:00,1953.0,1965.0588
2018-04-23 08:00:00,1959.0,2000.5485
2018-04-23 09:00:00,1964.0,1982.4857
2018-04-23 10:00:00,1975.0,1982.4805
2018-04-23 11:00:00,1955.0,1974.0287
2018-04-23 12:00:00,1977.0,1947.2181
2018-04-23 13:00:00,1982.0,1973.417
2018-04-23 14:00:00,1970.0,1975.227
2018-04-23 15:00:00,1929.0,1936.6443
2018-04-23 16:00:00,1932.0,1909.4623
2018-04-23 17:00:00,1930.0,1936.3142
2018-04-23 18:00:00,1928.0,1919.3535
2018-04-23 19:00:00,1905.0,1939.7825
2018-04-23 20:00:00,1954.0,1963.7506
2018-04-23 21:00:00,1910.0,1948.9777
2018-04-23 22:00:00,1792.0,1785.5758
2018-04-23 23:00:00,1683.0,1653.1304
2018-04-24 00:00:00,1608.0,1596.8782
2018-04-24 01:00:00,1565.0,1547.7356
2018-04-24 02:00:00,1529.0,1541.9254
2018-04-24 03:00:00,1525.0,1527.9417
2018-04-24 04:00:00,1553.0,1571.6224
2018-04-24 05:00:00,1669.0,1682.2568
2018-04-24 06:00:00,1868.0,1881.0397
2018-04-24 07:00:00,1975.0,1993.2494
2018-04-24 08:00:00,1984.0,2007.1
2018-04-24 09:00:00,2006.0,1995.9598
2018-04-24 10:00:00,2021.0,2025.3492
2018-04-24 11:00:00,2029.0,2003.4733
2018-04-24 12:00:00,2024.0,2020.3671
2018-04-24 13:00:00,2016.0,2009.323
2018-04-24 14:00:00,1999.0,1985.7085
2018-04-24 15:00:00,1959.0,1950.4557
2018-04-24 16:00:00,1963.0,1926.4626
2018-04-24 17:00:00,1966.0,1955.1134
2018-04-24 18:00:00,1959.0,1955.7723
2018-04-24 19:00:00,1942.0,1962.4722
2018-04-24 20:00:00,1961.0,2000.5942
2018-04-24 21:00:00,1922.0,1949.9794
2018-04-24 22:00:00,1805.0,1799.3315
2018-04-24 23:00:00,1688.0,1667.5355
2018-04-25 00:00:00,1616.0,1602.4855
2018-04-25 01:00:00,1565.0,1565.0846
2018-04-25 02:00:00,1532.0,1543.2393
2018-04-25 03:00:00,1525.0,1531.3499
2018-04-25 04:00:00,1563.0,1569.2546
2018-04-25 05:00:00,1671.0,1693.4281
2018-04-25 06:00:00,1859.0,1881.8203
2018-04-25 07:00:00,1959.0,1985.53
2018-04-25 08:00:00,1983.0,1988.2839
2018-04-25 09:00:00,2005.0,1996.6168
2018-04-25 10:00:00,2022.0,2028.1624
2018-04-25 11:00:00,2004.0,2010.5442
2018-04-25 12:00:00,2001.0,1990.578
2018-04-25 13:00:00,1976.0,1982.8086
2018-04-25 14:00:00,1956.0,1935.3899
2018-04-25 15:00:00,1894.0,1906.402
2018-04-25 16:00:00,1873.0,1857.0913
2018-04-25 17:00:00,1841.0,1846.6624
2018-04-25 18:00:00,1838.0,1821.191
2018-04-25 19:00:00,1818.0,1863.704
2018-04-25 20:00:00,1868.0,1896.8809
2018-04-25 21:00:00,1880.0,1881.7086
2018-04-25 22:00:00,1775.0,1784.0167
2018-04-25 23:00:00,1654.0,1628.2477
2018-04-26 00:00:00,1593.0,1570.8466
2018-04-26 01:00:00,1560.0,1540.7833
2018-04-26 02:00:00,1544.0,1542.3992
2018-04-26 03:00:00,1546.0,1549.807
2018-04-26 04:00:00,1591.0,1593.5792
2018-04-26 05:00:00,1716.0,1715.6141
2018-04-26 06:00:00,1912.0,1918.2224
2018-04-26 07:00:00,2007.0,2026.0176
2018-04-26 08:00:00,2000.0,2024.2645
2018-04-26 09:00:00,1980.0,2004.5514
2018-04-26 10:00:00,1965.0,1975.5897
2018-04-26 11:00:00,1927.0,1940.0308
2018-04-26 12:00:00,1922.0,1905.9991
2018-04-26 13:00:00,1919.0,1899.6772
2018-04-26 14:00:00,1891.0,1892.3628
2018-04-26 15:00:00,1863.0,1850.7356
2018-04-26 16:00:00,1850.0,1836.2826
2018-04-26 17:00:00,1828.0,1832.4347
2018-04-26 18:00:00,1815.0,1804.744
2018-04-26 19:00:00,1806.0,1819.579
2018-04-26 20:00:00,1859.0,1880.2611
2018-04-26 21:00:00,1867.0,1869.2592
2018-04-26 22:00:00,1745.0,1772.0791
2018-04-26 23:00:00,1615.0,1613.0834
2018-04-27 00:00:00,1530.0,1522.6132
2018-04-27 01:00:00,1482.0,1471.2039
2018-04-27 02:00:00,1452.0,1446.2886
2018-04-27 03:00:00,1451.0,1445.87
2018-04-27 04:00:00,1496.0,1490.316
2018-04-27 05:00:00,1596.0,1618.2006
2018-04-27 06:00:00,1801.0,1782.8807
2018-04-27 07:00:00,1896.0,1896.9803
2018-04-27 08:00:00,1918.0,1904.0137
2018-04-27 09:00:00,1901.0,1932.146
2018-04-27 10:00:00,1923.0,1902.3529
2018-04-27 11:00:00,1926.0,1907.8976
2018-04-27 12:00:00,1887.0,1913.879
2018-04-27 13:00:00,1880.0,1860.6025
2018-04-27 14:00:00,1847.0,1853.3625
2018-04-27 15:00:00,1798.0,1815.2064
2018-04-27 16:00:00,1765.0,1773.6603
2018-04-27 17:00:00,1729.0,1733.0853
2018-04-27 18:00:00,1699.0,1707.9103
2018-04-27 19:00:00,1666.0,1691.2352
2018-04-27 20:00:00,1717.0,1717.1813
2018-04-27 21:00:00,1717.0,1725.5117
2018-04-27 22:00:00,1621.0,1621.6841
2018-04-27 23:00:00,1508.0,1514.4711
2018-04-28 00:00:00,1428.0,1414.8713
2018-04-28 01:00:00,1378.0,1361.6154
2018-04-28 02:00:00,1353.0,1332.0265
2018-04-28 03:00:00,1340.0,1330.4171
2018-04-28 04:00:00,1343.0,1335.4183
2018-04-28 05:00:00,1402.0,1393.1364
2018-04-28 06:00:00,1471.0,1474.5343
2018-04-28 07:00:00,1552.0,1538.3298
2018-04-28 08:00:00,1662.0,1615.4954
2018-04-28 09:00:00,1726.0,1703.3563
2018-04-28 10:00:00,1784.0,1746.2239
2018-04-28 11:00:00,1759.0,1772.8906
2018-04-28 12:00:00,1741.0,1734.5266
2018-04-28 13:00:00,1706.0,1710.4706
2018-04-28 14:00:00,1665.0,1668.8995
2018-04-28 15:00:00,1632.0,1643.0165
2018-04-28 16:00:00,1629.0,1625.1953
2018-04-28 17:00:00,1615.0,1619.8685
2018-04-28 18:00:00,1605.0,1602.6758
2018-04-28 19:00:00,1597.0,1601.6687
2018-04-28 20:00:00,1660.0,1666.3743
2018-04-28 21:00:00,1687.0,1664.835
2018-04-28 22:00:00,1631.0,1595.1417
2018-04-28 23:00:00,1556.0,1519.1763
2018-04-29 00:00:00,1494.0,1477.8395
2018-04-29 01:00:00,1469.0,1438.3047
2018-04-29 02:00:00,1450.0,1434.5426
2018-04-29 03:00:00,1449.0,1439.4141
2018-04-29 04:00:00,1462.0,1466.219
2018-04-29 05:00:00,1509.0,1505.7653
2018-04-29 06:00:00,1556.0,1578.447
2018-04-29 07:00:00,1605.0,1622.7976
2018-04-29 08:00:00,1636.0,1660.881
2018-04-29 09:00:00,1650.0,1674.8013
2018-04-29 10:00:00,1621.0,1663.0431
2018-04-29 11:00:00,1605.0,1615.3741
2018-04-29 12:00:00,1585.0,1583.6647
2018-04-29 13:00:00,1548.0,1557.9441
2018-04-29 14:00:00,1517.0,1518.234
2018-04-29 15:00:00,1497.0,1503.4395
2018-04-29 16:00:00,1503.0,1514.5829
2018-04-29 17:00:00,1526.0,1521.6577
2018-04-29 18:00:00,1550.0,1542.4727
2018-04-29 19:00:00,1558.0,1565.7261
2018-04-29 20:00:00,1632.0,1644.7925
2018-04-29 21:00:00,1674.0,1666.9291
2018-04-29 22:00:00,1603.0,1606.2463
2018-04-29 23:00:00,1553.0,1519.3594
2018-04-30 00:00:00,1513.0,1495.8201
2018-04-30 01:00:00,1502.0,1479.251
2018-04-30 02:00:00,1511.0,1497.8254
2018-04-30 03:00:00,1526.0,1528.0209
2018-04-30 04:00:00,1589.0,1591.25
2018-04-30 05:00:00,1738.0,1738.567
2018-04-30 06:00:00,1952.0,1957.3262
2018-04-30 07:00:00,2040.0,2058.4258
2018-04-30 08:00:00,2027.0,2072.64
2018-04-30 09:00:00,2002.0,2030.7828
2018-04-30 10:00:00,1988.0,2003.9147
2018-04-30 11:00:00,1965.0,1968.5476
2018-04-30 12:00:00,1961.0,1962.5901
2018-04-30 13:00:00,1941.0,1959.9412
2018-04-30 14:00:00,1928.0,1919.5073
2018-04-30 15:00:00,1883.0,1904.2479
2018-04-30 16:00:00,1868.0,1873.461
2018-04-30 17:00:00,1867.0,1862.7867
2018-04-30 18:00:00,1851.0,1865.0142
2018-04-30 19:00:00,1834.0,1860.8876
2018-04-30 20:00:00,1880.0,1913.3975
2018-04-30 21:00:00,1878.0,1898.3239
2018-04-30 22:00:00,1747.0,1768.1382
2018-04-30 23:00:00,1622.0,1608.004
2018-05-01 00:00:00,1539.0,1528.8813
2018-05-01 01:00:00,1477.0,1476.1024
2018-05-01 02:00:00,1452.0,1445.7731
2018-05-01 03:00:00,1449.0,1439.3967
2018-05-01 04:00:00,1494.0,1490.286
2018-05-01 05:00:00,1612.0,1622.595
2018-05-01 06:00:00,1798.0,1807.3254
2018-05-01 07:00:00,1887.0,1897.7214
2018-05-01 08:00:00,1912.0,1911.8958
2018-05-01 09:00:00,1921.0,1936.2095
2018-05-01 10:00:00,1947.0,1939.5721
2018-05-01 11:00:00,1946.0,1948.9052
2018-05-01 12:00:00,1964.0,1945.3699
2018-05-01 13:00:00,1977.0,1966.6124
2018-05-01 14:00:00,1984.0,1960.4584
2018-05-01 15:00:00,1966.0,1959.0526
2018-05-01 16:00:00,1976.0,1948.6654
2018-05-01 17:00:00,1986.0,1968.3545
2018-05-01 18:00:00,1971.0,1978.725
2018-05-01 19:00:00,1964.0,1955.7008
2018-05-01 20:00:00,1990.0,1994.1572
2018-05-01 21:00:00,1985.0,2001.2008
2018-05-01 22:00:00,1839.0,1851.3446
2018-05-01 23:00:00,1697.0,1687.8591
2018-05-02 00:00:00,1595.0,1583.576
2018-05-02 01:00:00,1519.0,1525.1627
2018-05-02 02:00:00,1475.0,1475.406
2018-05-02 03:00:00,1452.0,1453.8284
2018-05-02 04:00:00,1469.0,1473.4642
2018-05-02 05:00:00,1576.0,1563.7026
2018-05-02 06:00:00,1762.0,1751.7145
2018-05-02 07:00:00,1868.0,1882.5204
2018-05-02 08:00:00,1925.0,1920.3789
2018-05-02 09:00:00,1966.0,1970.3407
2018-05-02 10:00:00,2021.0,2008.3926
2018-05-02 11:00:00,2067.0,2032.4724
2018-05-02 12:00:00,2116.0,2087.5854
2018-05-02 13:00:00,2153.0,2152.9685
2018-05-02 14:00:00,2191.0,2167.199
2018-05-02 15:00:00,2189.0,2195.3074
2018-05-02 16:00:00,2197.0,2199.9807
2018-05-02 17:00:00,2207.0,2209.595
2018-05-02 18:00:00,2195.0,2203.3652
2018-05-02 19:00:00,2155.0,2167.2554
2018-05-02 20:00:00,2175.0,2152.485
2018-05-02 21:00:00,2175.0,2163.4734
2018-05-02 22:00:00,2030.0,2029.9541
2018-05-02 23:00:00,1873.0,1847.9869
2018-05-03 00:00:00,1748.0,1723.7375
2018-05-03 01:00:00,1666.0,1649.4379
2018-05-03 02:00:00,1613.0,1600.4257
2018-05-03 03:00:00,1569.0,1583.2197
2018-05-03 04:00:00,1585.0,1585.1747
2018-05-03 05:00:00,1680.0,1681.1754
2018-05-03 06:00:00,1868.0,1867.4406
2018-05-03 07:00:00,1898.0,2011.0803
2018-05-03 08:00:00,1879.0,1981.4409
2018-05-03 09:00:00,2115.0,1927.4563
2018-05-03 10:00:00,2156.0,2190.0317
2018-05-03 11:00:00,2197.0,2201.5596
2018-05-03 12:00:00,2175.0,2242.3374
2018-05-03 13:00:00,2196.0,2176.908
2018-05-03 14:00:00,2221.0,2190.9636
2018-05-03 15:00:00,2188.0,2204.884
2018-05-03 16:00:00,2195.0,2189.7751
2018-05-03 17:00:00,2190.0,2195.754
2018-05-03 18:00:00,2143.0,2177.4478
2018-05-03 19:00:00,2064.0,2120.5813
2018-05-03 20:00:00,2162.0,2062.747
2018-05-03 21:00:00,2117.0,2152.0774
2018-05-03 22:00:00,1975.0,1977.9363
2018-05-03 23:00:00,1816.0,1805.0212
2018-05-04 00:00:00,1700.0,1686.5175
2018-05-04 01:00:00,1613.0,1606.6017
2018-05-04 02:00:00,1554.0,1554.2794
2018-05-04 03:00:00,1522.0,1527.4548
2018-05-04 04:00:00,1541.0,1536.6106
2018-05-04 05:00:00,1638.0,1632.4348
2018-05-04 06:00:00,1836.0,1827.9441
2018-05-04 07:00:00,1946.0,1949.4791
2018-05-04 08:00:00,2009.0,2011.5735
2018-05-04 09:00:00,2062.0,2074.0671
2018-05-04 10:00:00,2135.0,2100.3518
2018-05-04 11:00:00,2184.0,2150.656
2018-05-04 12:00:00,2230.0,2216.1455
2018-05-04 13:00:00,2246.0,2261.6638
2018-05-04 14:00:00,2231.0,2250.4556
2018-05-04 15:00:00,2193.0,2206.1226
2018-05-04 16:00:00,2124.0,2187.144
2018-05-04 17:00:00,2049.0,2086.966
2018-05-04 18:00:00,1968.0,2007.1643
2018-05-04 19:00:00,1896.0,1923.5884
2018-05-04 20:00:00,1884.0,1880.8041
2018-05-04 21:00:00,1873.0,1903.9001
2018-05-04 22:00:00,1737.0,1771.1227
2018-05-04 23:00:00,1568.0,1590.5149
2018-05-05 00:00:00,1457.0,1441.6671
2018-05-05 01:00:00,1375.0,1376.0088
2018-05-05 02:00:00,1327.0,1326.5591
2018-05-05 03:00:00,1305.0,1299.3362
2018-05-05 04:00:00,1300.0,1302.2382
2018-05-05 05:00:00,1325.0,1344.8124
2018-05-05 06:00:00,1375.0,1386.3873
2018-05-05 07:00:00,1452.0,1434.0544
2018-05-05 08:00:00,1551.0,1555.906
2018-05-05 09:00:00,1603.0,1653.4568
2018-05-05 10:00:00,1630.0,1670.038
2018-05-05 11:00:00,1627.0,1662.1218
2018-05-05 12:00:00,1626.0,1655.1211
2018-05-05 13:00:00,1618.0,1635.0153
2018-05-05 14:00:00,1610.0,1624.2294
2018-05-05 15:00:00,1593.0,1611.0889
2018-05-05 16:00:00,1604.0,1602.9508
2018-05-05 17:00:00,1590.0,1597.9965
2018-05-05 18:00:00,1579.0,1567.738
2018-05-05 19:00:00,1554.0,1567.5895
2018-05-05 20:00:00,1597.0,1581.3469
2018-05-05 21:00:00,1599.0,1629.5287
2018-05-05 22:00:00,1517.0,1525.1298
2018-05-05 23:00:00,1417.0,1413.9238
2018-05-06 00:00:00,1337.0,1318.1099
2018-05-06 01:00:00,1285.0,1267.9603
2018-05-06 02:00:00,1254.0,1236.4973
2018-05-06 03:00:00,1230.0,1241.3151
2018-05-06 04:00:00,1224.0,1218.9113
2018-05-06 05:00:00,1248.0,1236.0078
2018-05-06 06:00:00,1277.0,1247.5784
2018-05-06 07:00:00,1328.0,1317.1952
2018-05-06 08:00:00,1406.0,1415.57
2018-05-06 09:00:00,1471.0,1490.1835
2018-05-06 10:00:00,1511.0,1510.3802
2018-05-06 11:00:00,1549.0,1532.7147
2018-05-06 12:00:00,1581.0,1564.2067
2018-05-06 13:00:00,1625.0,1584.3314
2018-05-06 14:00:00,1653.0,1628.3624
2018-05-06 15:00:00,1702.0,1666.6963
2018-05-06 16:00:00,1725.0,1721.4044
2018-05-06 17:00:00,1747.0,1752.486
2018-05-06 18:00:00,1742.0,1753.5547
2018-05-06 19:00:00,1707.0,1738.2688
2018-05-06 20:00:00,1709.0,1733.6901
2018-05-06 21:00:00,1708.0,1746.9454
2018-05-06 22:00:00,1625.0,1635.3359
2018-05-06 23:00:00,1542.0,1519.4005
2018-05-07 00:00:00,1452.0,1465.3148
2018-05-07 01:00:00,1422.0,1407.8531
2018-05-07 02:00:00,1387.0,1395.0564
2018-05-07 03:00:00,1389.0,1388.4785
2018-05-07 04:00:00,1414.0,1413.2595
2018-05-07 05:00:00,1532.0,1520.0961
2018-05-07 06:00:00,1695.0,1734.8457
2018-05-07 07:00:00,1829.0,1836.2697
2018-05-07 08:00:00,1883.0,1916.9271
2018-05-07 09:00:00,1919.0,1945.667
2018-05-07 10:00:00,1967.0,1964.7965
2018-05-07 11:00:00,1976.0,1983.179
2018-05-07 12:00:00,1992.0,1985.9144
2018-05-07 13:00:00,1999.0,1993.0049
2018-05-07 14:00:00,2004.0,1988.5167
2018-05-07 15:00:00,1983.0,1982.2134
2018-05-07 16:00:00,1985.0,1965.5471
2018-05-07 17:00:00,1990.0,1971.4307
2018-05-07 18:00:00,1972.0,1966.0581
2018-05-07 19:00:00,1939.0,1949.7886
2018-05-07 20:00:00,1930.0,1958.2605
2018-05-07 21:00:00,1937.0,1945.4083
2018-05-07 22:00:00,1785.0,1815.7521
2018-05-07 23:00:00,1639.0,1643.0504
2018-05-08 00:00:00,1538.0,1539.4059
2018-05-08 01:00:00,1474.0,1469.3805
2018-05-08 02:00:00,1433.0,1432.8248
2018-05-08 03:00:00,1419.0,1413.1484
2018-05-08 04:00:00,1440.0,1449.5076
2018-05-08 05:00:00,1550.0,1557.5378
2018-05-08 06:00:00,1724.0,1756.8635
2018-05-08 07:00:00,1843.0,1848.0154
2018-05-08 08:00:00,1858.0,1900.7078
2018-05-08 09:00:00,1908.0,1908.4128
2018-05-08 10:00:00,1932.0,1953.3435
2018-05-08 11:00:00,1947.0,1949.3466
2018-05-08 12:00:00,1992.0,1966.5109
2018-05-08 13:00:00,2015.0,2005.5226
2018-05-08 14:00:00,2043.0,2019.3539
2018-05-08 15:00:00,2047.0,2032.0726
2018-05-08 16:00:00,2064.0,2044.7943
2018-05-08 17:00:00,2088.0,2058.2122
2018-05-08 18:00:00,2088.0,2078.1965
2018-05-08 19:00:00,2059.0,2068.5396
2018-05-08 20:00:00,2043.0,2061.2546
2018-05-08 21:00:00,2028.0,2049.092
2018-05-08 22:00:00,1878.0,1904.2146
2018-05-08 23:00:00,1700.0,1719.9242
2018-05-09 00:00:00,1582.0,1589.6544
2018-05-09 01:00:00,1504.0,1506.5149
2018-05-09 02:00:00,1459.0,1451.9675
2018-05-09 03:00:00,1446.0,1437.077
2018-05-09 04:00:00,1455.0,1462.2004
2018-05-09 05:00:00,1558.0,1556.136
2018-05-09 06:00:00,1722.0,1756.5549
2018-05-09 07:00:00,1846.0,1854.7876
2018-05-09 08:00:00,1909.0,1912.7839
2018-05-09 09:00:00,1982.0,1962.7236
2018-05-09 10:00:00,2045.0,2034.1648
2018-05-09 11:00:00,2074.0,2066.4749
2018-05-09 12:00:00,2127.0,2098.973
2018-05-09 13:00:00,2170.0,2156.0784
2018-05-09 14:00:00,2215.0,2190.539
2018-05-09 15:00:00,2215.0,2228.119
2018-05-09 16:00:00,2236.0,2227.7869
2018-05-09 17:00:00,2222.0,2235.3308
2018-05-09 18:00:00,2196.0,2181.43
2018-05-09 19:00:00,2157.0,2151.407
2018-05-09 20:00:00,2148.0,2134.8071
2018-05-09 21:00:00,2130.0,2125.9023
2018-05-09 22:00:00,1985.0,1980.6923
2018-05-09 23:00:00,1843.0,1802.6523
2018-05-10 00:00:00,1719.0,1704.1648
2018-05-10 01:00:00,1628.0,1628.996
2018-05-10 02:00:00,1566.0,1564.938
2018-05-10 03:00:00,1530.0,1531.2716
2018-05-10 04:00:00,1541.0,1549.5188
2018-05-10 05:00:00,1640.0,1636.523
2018-05-10 06:00:00,1802.0,1825.7131
2018-05-10 07:00:00,1920.0,1937.3156
2018-05-10 08:00:00,2008.0,1993.3876
2018-05-10 09:00:00,2080.0,2076.9888
2018-05-10 10:00:00,2132.0,2144.1206
2018-05-10 11:00:00,2147.0,2169.8188
2018-05-10 12:00:00,2188.0,2176.6702
2018-05-10 13:00:00,2224.0,2212.589
2018-05-10 14:00:00,2235.0,2244.233
2018-05-10 15:00:00,2233.0,2226.6494
2018-05-10 16:00:00,2258.0,2236.234
2018-05-10 17:00:00,2247.0,2267.7021
2018-05-10 18:00:00,2222.0,2217.1597
2018-05-10 19:00:00,2164.0,2175.6382
2018-05-10 20:00:00,2116.0,2143.379
2018-05-10 21:00:00,2104.0,2097.0437
2018-05-10 22:00:00,1944.0,1966.9186
2018-05-10 23:00:00,1774.0,1773.536
2018-05-11 00:00:00,1652.0,1633.8254
2018-05-11 01:00:00,1554.0,1553.5653
2018-05-11 02:00:00,1495.0,1495.19
2018-05-11 03:00:00,1469.0,1473.9656
2018-05-11 04:00:00,1473.0,1484.3264
2018-05-11 05:00:00,1570.0,1554.1516
2018-05-11 06:00:00,1716.0,1738.4742
2018-05-11 07:00:00,1819.0,1837.1069
2018-05-11 08:00:00,1881.0,1902.5879
2018-05-11 09:00:00,1918.0,1946.5817
2018-05-11 10:00:00,1981.0,1982.5153
2018-05-11 11:00:00,2013.0,2001.2972
2018-05-11 12:00:00,2078.0,2032.8308
2018-05-11 13:00:00,2151.0,2098.9973
2018-05-11 14:00:00,2210.0,2173.2769
2018-05-11 15:00:00,2228.0,2228.0576
2018-05-11 16:00:00,2234.0,2252.747
2018-05-11 17:00:00,2218.0,2217.3823
2018-05-11 18:00:00,2162.0,2162.0706
2018-05-11 19:00:00,2077.0,2097.295
2018-05-11 20:00:00,2064.0,2042.6158
2018-05-11 21:00:00,2049.0,2067.2754
2018-05-11 22:00:00,1904.0,1920.9954
2018-05-11 23:00:00,1720.0,1734.6091
2018-05-12 00:00:00,1582.0,1568.989
2018-05-12 01:00:00,1479.0,1479.3595
2018-05-12 02:00:00,1422.0,1417.5873
2018-05-12 03:00:00,1387.0,1386.4786
2018-05-12 04:00:00,1388.0,1382.8
2018-05-12 05:00:00,1415.0,1404.3037
2018-05-12 06:00:00,1461.0,1460.0577
2018-05-12 07:00:00,1543.0,1541.431
2018-05-12 08:00:00,1678.0,1641.141
2018-05-12 09:00:00,1805.0,1772.4786
2018-05-12 10:00:00,1901.0,1879.9039
2018-05-12 11:00:00,1977.0,1960.0197
2018-05-12 12:00:00,2026.0,2038.153
2018-05-12 13:00:00,2041.0,2061.332
2018-05-12 14:00:00,2052.0,2067.4612
2018-05-12 15:00:00,2077.0,2054.957
2018-05-12 16:00:00,2084.0,2088.4187
2018-05-12 17:00:00,2060.0,2079.353
2018-05-12 18:00:00,2008.0,2012.7676
2018-05-12 19:00:00,1931.0,1943.2748
2018-05-12 20:00:00,1896.0,1905.1415
2018-05-12 21:00:00,1862.0,1906.0532
2018-05-12 22:00:00,1730.0,1759.2125
2018-05-12 23:00:00,1571.0,1595.1001
2018-05-13 00:00:00,1442.0,1442.002
2018-05-13 01:00:00,1352.0,1346.5898
2018-05-13 02:00:00,1293.0,1299.0084
2018-05-13 03:00:00,1269.0,1274.9093
2018-05-13 04:00:00,1257.0,1259.538
2018-05-13 05:00:00,1259.0,1287.3064
2018-05-13 06:00:00,1287.0,1290.955
2018-05-13 07:00:00,1333.0,1331.5809
2018-05-13 08:00:00,1467.0,1454.5436
2018-05-13 09:00:00,1592.0,1573.0793
2018-05-13 10:00:00,1703.0,1679.6989
2018-05-13 11:00:00,1791.0,1759.1261
2018-05-13 12:00:00,1867.0,1837.0515
2018-05-13 13:00:00,1925.0,1913.3358
2018-05-13 14:00:00,2000.0,1972.8094
2018-05-13 15:00:00,2063.0,2069.73
2018-05-13 16:00:00,2135.0,2125.0427
2018-05-13 17:00:00,2171.0,2180.3809
2018-05-13 18:00:00,2162.0,2162.3665
2018-05-13 19:00:00,2150.0,2126.8325
2018-05-13 20:00:00,2159.0,2141.2854
2018-05-13 21:00:00,2145.0,2153.7117
2018-05-13 22:00:00,1999.0,2007.6354
2018-05-13 23:00:00,1858.0,1831.7853
2018-05-14 00:00:00,1727.0,1717.3428
2018-05-14 01:00:00,1630.0,1630.5641
2018-05-14 02:00:00,1575.0,1560.1345
2018-05-14 03:00:00,1533.0,1541.8225
2018-05-14 04:00:00,1553.0,1544.9878
2018-05-14 05:00:00,1655.0,1648.808
2018-05-14 06:00:00,1843.0,1838.2915
2018-05-14 07:00:00,1998.0,1987.1687
2018-05-14 08:00:00,2127.0,2108.0273
2018-05-14 09:00:00,2265.0,2234.1665
2018-05-14 10:00:00,2389.0,2397.4397
2018-05-14 11:00:00,2492.0,2491.5312
2018-05-14 12:00:00,2500.0,2575.6233
2018-05-14 13:00:00,2503.0,2542.3926
2018-05-14 14:00:00,2539.0,2497.0256
2018-05-14 15:00:00,2586.0,2524.07
2018-05-14 16:00:00,2652.0,2619.4731
2018-05-14 17:00:00,2713.0,2665.397
2018-05-14 18:00:00,2707.0,2704.1184
2018-05-14 19:00:00,2653.0,2648.1814
2018-05-14 20:00:00,2585.0,2601.1997
2018-05-14 21:00:00,2534.0,2551.6135
2018-05-14 22:00:00,2340.0,2364.9731
2018-05-14 23:00:00,2126.0,2120.211
2018-05-15 00:00:00,1971.0,1944.4974
2018-05-15 01:00:00,1858.0,1839.1399
2018-05-15 02:00:00,1772.0,1766.8961
2018-05-15 03:00:00,1720.0,1727.34
2018-05-15 04:00:00,1718.0,1727.1941
2018-05-15 05:00:00,1810.0,1789.9384
2018-05-15 06:00:00,1983.0,1976.3445
2018-05-15 07:00:00,2123.0,2127.4531
2018-05-15 08:00:00,2218.0,2238.1914
2018-05-15 09:00:00,2303.0,2334.314
2018-05-15 10:00:00,2416.0,2418.539
2018-05-15 11:00:00,2527.0,2505.8352
2018-05-15 12:00:00,2646.0,2622.0415
2018-05-15 13:00:00,2708.0,2733.6313
2018-05-15 14:00:00,2738.0,2761.912
2018-05-15 15:00:00,2702.0,2754.5754
2018-05-15 16:00:00,2639.0,2709.3352
2018-05-15 17:00:00,2544.0,2613.6118
2018-05-15 18:00:00,2465.0,2484.8198
2018-05-15 19:00:00,2391.0,2388.771
2018-05-15 20:00:00,2321.0,2336.8743
2018-05-15 21:00:00,2277.0,2282.997
2018-05-15 22:00:00,2116.0,2107.7126
2018-05-15 23:00:00,1927.0,1922.6339
2018-05-16 00:00:00,1774.0,1766.9554
2018-05-16 01:00:00,1679.0,1663.1268
2018-05-16 02:00:00,1601.0,1604.7131
2018-05-16 03:00:00,1569.0,1558.8932
2018-05-16 04:00:00,1592.0,1576.2717
2018-05-16 05:00:00,1678.0,1693.6685
2018-05-16 06:00:00,1861.0,1860.6824
2018-05-16 07:00:00,1970.0,1999.0659
2018-05-16 08:00:00,2002.0,2070.3625
2018-05-16 09:00:00,2035.0,2070.1912
2018-05-16 10:00:00,2097.0,2097.3977
2018-05-16 11:00:00,2140.0,2139.746
2018-05-16 12:00:00,2201.0,2196.077
2018-05-16 13:00:00,2244.0,2235.5847
2018-05-16 14:00:00,2284.0,2274.2822
2018-05-16 15:00:00,2277.0,2294.706
2018-05-16 16:00:00,2260.0,2274.327
2018-05-16 17:00:00,2242.0,2241.4485
2018-05-16 18:00:00,2197.0,2185.8755
2018-05-16 19:00:00,2155.0,2148.8413
2018-05-16 20:00:00,2137.0,2120.8833
2018-05-16 21:00:00,2127.0,2108.581
2018-05-16 22:00:00,1996.0,1992.4524
2018-05-16 23:00:00,1807.0,1820.0171
2018-05-17 00:00:00,1688.0,1676.132
2018-05-17 01:00:00,1601.0,1599.7506
2018-05-17 02:00:00,1539.0,1537.8015
2018-05-17 03:00:00,1491.0,1506.0529
2018-05-17 04:00:00,1510.0,1507.9114
2018-05-17 05:00:00,1601.0,1589.8733
2018-05-17 06:00:00,1762.0,1768.2422
2018-05-17 07:00:00,1888.0,1897.5187
2018-05-17 08:00:00,1961.0,1977.0167
2018-05-17 09:00:00,2040.0,2034.5865
2018-05-17 10:00:00,2142.0,2118.3245
2018-05-17 11:00:00,2190.0,2180.2717
2018-05-17 12:00:00,2262.0,2233.5125
2018-05-17 13:00:00,2322.0,2301.176
2018-05-17 14:00:00,2362.0,2350.8823
2018-05-17 15:00:00,2393.0,2370.663
2018-05-17 16:00:00,2416.0,2414.1453
2018-05-17 17:00:00,2386.0,2419.885
2018-05-17 18:00:00,2296.0,2343.0256
2018-05-17 19:00:00,2214.0,2243.7283
2018-05-17 20:00:00,2188.0,2160.6702
2018-05-17 21:00:00,2153.0,2172.6274
2018-05-17 22:00:00,2022.0,2010.6149
2018-05-17 23:00:00,1835.0,1841.7078
2018-05-18 00:00:00,1710.0,1687.5391
2018-05-18 01:00:00,1611.0,1609.8245
2018-05-18 02:00:00,1548.0,1545.9008
2018-05-18 03:00:00,1507.0,1515.3967
2018-05-18 04:00:00,1524.0,1520.283
2018-05-18 05:00:00,1609.0,1614.7064
2018-05-18 06:00:00,1771.0,1771.9131
2018-05-18 07:00:00,1893.0,1895.5742
2018-05-18 08:00:00,1939.0,2002.8151
2018-05-18 09:00:00,2004.0,2026.3877
2018-05-18 10:00:00,2049.0,2097.8818
2018-05-18 11:00:00,2054.0,2088.486
2018-05-18 12:00:00,2061.0,2076.3892
2018-05-18 13:00:00,2062.0,2064.1687
2018-05-18 14:00:00,2054.0,2035.4185
2018-05-18 15:00:00,2026.0,2014.21
2018-05-18 16:00:00,2031.0,2010.0472
2018-05-18 17:00:00,2008.0,2016.9797
2018-05-18 18:00:00,1972.0,1966.013
2018-05-18 19:00:00,1932.0,1924.3828
2018-05-18 20:00:00,1952.0,1906.2565
2018-05-18 21:00:00,1931.0,1955.6324
2018-05-18 22:00:00,1815.0,1810.884
2018-05-18 23:00:00,1679.0,1672.0269
2018-05-19 00:00:00,1557.0,1550.5884
2018-05-19 01:00:00,1476.0,1470.5378
2018-05-19 02:00:00,1428.0,1427.7683
2018-05-19 03:00:00,1401.0,1404.0916
2018-05-19 04:00:00,1402.0,1398.1185
2018-05-19 05:00:00,1425.0,1424.8062
2018-05-19 06:00:00,1479.0,1467.8147
2018-05-19 07:00:00,1546.0,1557.3942
2018-05-19 08:00:00,1666.0,1645.3445
2018-05-19 09:00:00,1753.0,1752.4908
2018-05-19 10:00:00,1808.0,1802.2026
2018-05-19 11:00:00,1826.0,1814.3447
2018-05-19 12:00:00,1858.0,1832.7329
2018-05-19 13:00:00,1889.0,1852.9283
2018-05-19 14:00:00,1928.0,1896.2725
2018-05-19 15:00:00,1941.0,1946.6414
2018-05-19 16:00:00,1974.0,1958.1924
2018-05-19 17:00:00,1947.0,1988.6624
2018-05-19 18:00:00,1956.0,1916.1693
2018-05-19 19:00:00,1920.0,1925.1932
2018-05-19 20:00:00,1874.0,1910.9762
2018-05-19 21:00:00,1875.0,1878.5225
2018-05-19 22:00:00,1786.0,1791.097
2018-05-19 23:00:00,1641.0,1661.3508
2018-05-20 00:00:00,1528.0,1514.7684
2018-05-20 01:00:00,1445.0,1430.9648
2018-05-20 02:00:00,1393.0,1385.8258
2018-05-20 03:00:00,1356.0,1366.0074
2018-05-20 04:00:00,1334.0,1345.2924
2018-05-20 05:00:00,1341.0,1335.2958
2018-05-20 06:00:00,1350.0,1357.7681
2018-05-20 07:00:00,1404.0,1392.7773
2018-05-20 08:00:00,1512.0,1498.453
2018-05-20 09:00:00,1605.0,1602.5577
2018-05-20 10:00:00,1685.0,1683.3147
2018-05-20 11:00:00,1773.0,1722.7349
2018-05-20 12:00:00,1861.0,1824.2709
2018-05-20 13:00:00,1938.0,1915.4637
2018-05-20 14:00:00,2021.0,1976.1459
2018-05-20 15:00:00,2054.0,2079.955
2018-05-20 16:00:00,2135.0,2094.2407
2018-05-20 17:00:00,2178.0,2180.7168
2018-05-20 18:00:00,2136.0,2178.789
2018-05-20 19:00:00,2106.0,2090.1797
2018-05-20 20:00:00,2045.0,2088.9668
2018-05-20 21:00:00,2031.0,2062.4873
2018-05-20 22:00:00,1898.0,1929.7996
2018-05-20 23:00:00,1751.0,1763.364
2018-05-21 00:00:00,1633.0,1624.3052
2018-05-21 01:00:00,1549.0,1545.7828
2018-05-21 02:00:00,1502.0,1490.6122
2018-05-21 03:00:00,1478.0,1483.1074
2018-05-21 04:00:00,1504.0,1496.7561
2018-05-21 05:00:00,1599.0,1597.0251
2018-05-21 06:00:00,1762.0,1766.6058
2018-05-21 07:00:00,1891.0,1889.7136
2018-05-21 08:00:00,1963.0,1981.9879
2018-05-21 09:00:00,2040.0,2053.532
2018-05-21 10:00:00,2136.0,2139.0815
2018-05-21 11:00:00,2224.0,2189.951
2018-05-21 12:00:00,2341.0,2292.1875
2018-05-21 13:00:00,2445.0,2415.3064
2018-05-21 14:00:00,2545.0,2504.4504
2018-05-21 15:00:00,2603.0,2604.5203
2018-05-21 16:00:00,2665.0,2643.9758
2018-05-21 17:00:00,2667.0,2670.4385
2018-05-21 18:00:00,2590.0,2650.6843
2018-05-21 19:00:00,2506.0,2517.487
2018-05-21 20:00:00,2409.0,2445.1638
2018-05-21 21:00:00,2282.0,2375.157
2018-05-21 22:00:00,2106.0,2115.3877
2018-05-21 23:00:00,1921.0,1918.543
2018-05-22 00:00:00,1780.0,1763.3
2018-05-22 01:00:00,1700.0,1673.6807
2018-05-22 02:00:00,1636.0,1630.9663
2018-05-22 03:00:00,1594.0,1600.4529
2018-05-22 04:00:00,1621.0,1599.3148
2018-05-22 05:00:00,1711.0,1715.0273
2018-05-22 06:00:00,1898.0,1899.9861
2018-05-22 07:00:00,2031.0,2036.0452
2018-05-22 08:00:00,2102.0,2147.159
2018-05-22 09:00:00,2153.0,2201.7769
2018-05-22 10:00:00,2232.0,2244.6677
2018-05-22 11:00:00,2309.0,2302.2808
2018-05-22 12:00:00,2415.0,2380.5723
2018-05-22 13:00:00,2495.0,2497.1045
2018-05-22 14:00:00,2563.0,2555.5347
2018-05-22 15:00:00,2607.0,2583.3608
2018-05-22 16:00:00,2630.0,2619.9863
2018-05-22 17:00:00,2635.0,2624.0305
2018-05-22 18:00:00,2601.0,2583.8313
2018-05-22 19:00:00,2504.0,2518.338
2018-05-22 20:00:00,2410.0,2433.9065
2018-05-22 21:00:00,2356.0,2382.2695
2018-05-22 22:00:00,2170.0,2186.655
2018-05-22 23:00:00,1964.0,1962.6542
2018-05-23 00:00:00,1788.0,1802.1908
2018-05-23 01:00:00,1669.0,1664.4303
2018-05-23 02:00:00,1594.0,1593.7952
2018-05-23 03:00:00,1559.0,1552.9171
2018-05-23 04:00:00,1565.0,1564.7382
2018-05-23 05:00:00,1660.0,1665.4775
2018-05-23 06:00:00,1810.0,1837.899
2018-05-23 07:00:00,1933.0,1939.1937
2018-05-23 08:00:00,2013.0,2019.9733
2018-05-23 09:00:00,2079.0,2114.005
2018-05-23 10:00:00,2159.0,2179.8628
2018-05-23 11:00:00,2186.0,2218.4104
2018-05-23 12:00:00,2258.0,2231.6047
2018-05-23 13:00:00,2305.0,2315.418
2018-05-23 14:00:00,2370.0,2333.197
2018-05-23 15:00:00,2405.0,2391.882
2018-05-23 16:00:00,2441.0,2433.7402
2018-05-23 17:00:00,2467.0,2439.4888
2018-05-23 18:00:00,2419.0,2433.2607
2018-05-23 19:00:00,2343.0,2345.0698
2018-05-23 20:00:00,2273.0,2279.3682
2018-05-23 21:00:00,2220.0,2252.0615
2018-05-23 22:00:00,2056.0,2071.1477
2018-05-23 23:00:00,1857.0,1866.6786
2018-05-24 00:00:00,1718.0,1702.6388
2018-05-24 01:00:00,1606.0,1609.7692
2018-05-24 02:00:00,1538.0,1542.8208
2018-05-24 03:00:00,1503.0,1499.9131
2018-05-24 04:00:00,1509.0,1520.728
2018-05-24 05:00:00,1598.0,1588.624
2018-05-24 06:00:00,1744.0,1758.1174
2018-05-24 07:00:00,1881.0,1880.5588
2018-05-24 08:00:00,2033.0,1978.9003
2018-05-24 09:00:00,2096.0,2139.0327
2018-05-24 10:00:00,1868.0,2186.7485
2018-05-24 11:00:00,2227.0,1838.3077
2018-05-24 12:00:00,2310.0,2278.1956
2018-05-24 13:00:00,2362.0,2370.7366
2018-05-24 14:00:00,2410.0,2411.5999
2018-05-24 15:00:00,2466.0,2438.705
2018-05-24 16:00:00,2502.0,2488.9612
2018-05-24 17:00:00,2535.0,2515.2705
2018-05-24 18:00:00,2506.0,2504.9617
2018-05-24 19:00:00,2469.0,2440.418
2018-05-24 20:00:00,2348.0,2404.0493
2018-05-24 21:00:00,2284.0,2315.8745
2018-05-24 22:00:00,2103.0,2125.3635
2018-05-24 23:00:00,1893.0,1909.8391
2018-05-25 00:00:00,1717.0,1739.6432
2018-05-25 01:00:00,1618.0,1606.9103
2018-05-25 02:00:00,1529.0,1546.5413
2018-05-25 03:00:00,1491.0,1485.8708
2018-05-25 04:00:00,1498.0,1492.2805
2018-05-25 05:00:00,1565.0,1570.1482
2018-05-25 06:00:00,1678.0,1705.5308
2018-05-25 07:00:00,1811.0,1831.1434
2018-05-25 08:00:00,1948.0,1932.728
2018-05-25 09:00:00,2059.0,2042.6401
2018-05-25 10:00:00,2180.0,2152.7139
2018-05-25 11:00:00,2253.0,2289.7166
2018-05-25 12:00:00,2336.0,2335.439
2018-05-25 13:00:00,2397.0,2401.949
2018-05-25 14:00:00,2499.0,2441.0034
2018-05-25 15:00:00,2532.0,2547.284
2018-05-25 16:00:00,2593.0,2560.6135
2018-05-25 17:00:00,2590.0,2594.4417
2018-05-25 18:00:00,2544.0,2540.7373
2018-05-25 19:00:00,2465.0,2449.0786
2018-05-25 20:00:00,2337.0,2381.6562
2018-05-25 21:00:00,2252.0,2296.3496
2018-05-25 22:00:00,2079.0,2095.0159
2018-05-25 23:00:00,1858.0,1879.7781
2018-05-26 00:00:00,1679.0,1682.8729
2018-05-26 01:00:00,1561.0,1564.3646
2018-05-26 02:00:00,1477.0,1483.8949
2018-05-26 03:00:00,1437.0,1430.791
2018-05-26 04:00:00,1418.0,1424.8175
2018-05-26 05:00:00,1436.0,1437.7754
2018-05-26 06:00:00,1456.0,1461.5448
2018-05-26 07:00:00,1524.0,1522.2344
2018-05-26 08:00:00,1636.0,1649.0979
2018-05-26 09:00:00,1771.0,1760.5173
2018-05-26 10:00:00,1885.0,1881.2506
2018-05-26 11:00:00,2011.0,1985.773
2018-05-26 12:00:00,2119.0,2100.7224
2018-05-26 13:00:00,2201.0,2182.5815
2018-05-26 14:00:00,2254.0,2268.6882
2018-05-26 15:00:00,2209.0,2314.1775
2018-05-26 16:00:00,2147.0,2219.4392
2018-05-26 17:00:00,2075.0,2109.9934
2018-05-26 18:00:00,2037.0,2018.3767
2018-05-26 19:00:00,1989.0,1967.0764
2018-05-26 20:00:00,1927.0,1950.3616
2018-05-26 21:00:00,1923.0,1927.2887
2018-05-26 22:00:00,1835.0,1805.862
2018-05-26 23:00:00,1713.0,1688.4481
2018-05-27 00:00:00,1581.0,1570.1779
2018-05-27 01:00:00,1485.0,1482.5564
2018-05-27 02:00:00,1427.0,1423.0743
2018-05-27 03:00:00,1376.0,1384.478
2018-05-27 04:00:00,1361.0,1355.2043
2018-05-27 05:00:00,1362.0,1351.2058
2018-05-27 06:00:00,1366.0,1346.3773
2018-05-27 07:00:00,1439.0,1418.3551
2018-05-27 08:00:00,1605.0,1579.3568
2018-05-27 09:00:00,1781.0,1750.0863
2018-05-27 10:00:00,1940.0,1891.6089
2018-05-27 11:00:00,2082.0,2071.452
2018-05-27 12:00:00,2227.0,2209.0957
2018-05-27 13:00:00,2318.0,2340.9314
2018-05-27 14:00:00,2393.0,2401.872
2018-05-27 15:00:00,2443.0,2453.9717
2018-05-27 16:00:00,2499.0,2496.5059
2018-05-27 17:00:00,2509.0,2535.0369
2018-05-27 18:00:00,2489.0,2481.328
2018-05-27 19:00:00,2418.0,2407.6897
2018-05-27 20:00:00,2335.0,2354.3887
2018-05-27 21:00:00,2277.0,2315.1626
2018-05-27 22:00:00,2147.0,2143.0588
2018-05-27 23:00:00,1971.0,1967.7753
2018-05-28 00:00:00,1812.0,1818.3098
2018-05-28 01:00:00,1669.0,1696.5845
2018-05-28 02:00:00,1572.0,1591.3928
2018-05-28 03:00:00,1511.0,1505.8961
2018-05-28 04:00:00,1478.0,1488.5706
2018-05-28 05:00:00,1480.0,1522.0817
2018-05-28 06:00:00,1475.0,1529.709
2018-05-28 07:00:00,1548.0,1530.5571
2018-05-28 08:00:00,1744.0,1668.9065
2018-05-28 09:00:00,1949.0,1884.2538
2018-05-28 10:00:00,2157.0,2085.365
2018-05-28 11:00:00,2333.0,2275.4324
2018-05-28 12:00:00,2455.0,2435.662
2018-05-28 13:00:00,2522.0,2557.6934
2018-05-28 14:00:00,2604.0,2580.6003
2018-05-28 15:00:00,2637.0,2638.8813
2018-05-28 16:00:00,2665.0,2683.8406
2018-05-28 17:00:00,2676.0,2650.2163
2018-05-28 18:00:00,2637.0,2631.6106
2018-05-28 19:00:00,2559.0,2556.042
2018-05-28 20:00:00,2494.0,2491.5586
2018-05-28 21:00:00,2440.0,2458.019
2018-05-28 22:00:00,2305.0,2278.144
2018-05-28 23:00:00,2117.0,2114.5166
2018-05-29 00:00:00,1968.0,1954.8075
2018-05-29 01:00:00,1842.0,1838.1758
2018-05-29 02:00:00,1751.0,1751.7811
2018-05-29 03:00:00,1695.0,1697.2539
2018-05-29 04:00:00,1698.0,1683.4105
2018-05-29 05:00:00,1784.0,1766.5604
2018-05-29 06:00:00,1934.0,1950.3439
2018-05-29 07:00:00,2122.0,2100.5938
2018-05-29 08:00:00,2283.0,2275.2478
2018-05-29 09:00:00,2430.0,2422.139
2018-05-29 10:00:00,2572.0,2580.908
2018-05-29 11:00:00,2680.0,2691.8145
2018-05-29 12:00:00,2792.0,2781.83
2018-05-29 13:00:00,2903.0,2895.3354
2018-05-29 14:00:00,2990.0,2976.383
2018-05-29 15:00:00,3018.0,3037.5168
2018-05-29 16:00:00,3051.0,3015.8818
2018-05-29 17:00:00,3044.0,3038.3008
2018-05-29 18:00:00,3003.0,3007.1096
2018-05-29 19:00:00,2879.0,2915.3425
2018-05-29 20:00:00,2788.0,2797.7966
2018-05-29 21:00:00,2744.0,2740.241
2018-05-29 22:00:00,2562.0,2569.106
2018-05-29 23:00:00,2344.0,2314.8706
2018-05-30 00:00:00,2191.0,2136.38
2018-05-30 01:00:00,2057.0,2049.548
2018-05-30 02:00:00,1979.0,1960.9507
2018-05-30 03:00:00,1933.0,1912.8334
2018-05-30 04:00:00,1922.0,1937.8933
2018-05-30 05:00:00,1989.0,2001.9004
2018-05-30 06:00:00,2152.0,2157.0542
2018-05-30 07:00:00,2311.0,2320.7888
2018-05-30 08:00:00,2403.0,2454.2363
2018-05-30 09:00:00,2503.0,2540.3923
2018-05-30 10:00:00,2669.0,2631.6062
2018-05-30 11:00:00,2776.0,2799.0186
2018-05-30 12:00:00,2868.0,2874.213
2018-05-30 13:00:00,2936.0,2947.0781
2018-05-30 14:00:00,2982.0,2989.0876
2018-05-30 15:00:00,2867.0,2985.9807
2018-05-30 16:00:00,2717.0,2833.173
2018-05-30 17:00:00,2689.0,2639.9932
2018-05-30 18:00:00,2654.0,2625.048
2018-05-30 19:00:00,2590.0,2578.2615
2018-05-30 20:00:00,2536.0,2509.775
2018-05-30 21:00:00,2486.0,2492.6848
2018-05-30 22:00:00,2318.0,2332.9443
2018-05-30 23:00:00,2140.0,2114.093
2018-05-31 00:00:00,2008.0,1976.2322
2018-05-31 01:00:00,1902.0,1881.2365
2018-05-31 02:00:00,1827.0,1820.1897
2018-05-31 03:00:00,1801.0,1772.6469
2018-05-31 04:00:00,1802.0,1810.5836
2018-05-31 05:00:00,1890.0,1901.7893
2018-05-31 06:00:00,2066.0,2054.9424
2018-05-31 07:00:00,2202.0,2209.24
2018-05-31 08:00:00,2308.0,2315.1313
2018-05-31 09:00:00,2413.0,2416.1294
2018-05-31 10:00:00,2544.0,2515.7786
2018-05-31 11:00:00,2673.0,2618.5132
2018-05-31 12:00:00,2830.0,2768.7068
2018-05-31 13:00:00,2925.0,2931.7686
2018-05-31 14:00:00,2981.0,2960.2715
2018-05-31 15:00:00,2987.0,2989.4524
2018-05-31 16:00:00,3022.0,2991.6934
2018-05-31 17:00:00,2879.0,3029.7056
2018-05-31 18:00:00,2737.0,2790.2659
2018-05-31 19:00:00,2657.0,2646.7874
2018-05-31 20:00:00,2538.0,2589.91
2018-05-31 21:00:00,2468.0,2485.3386
2018-05-31 22:00:00,2310.0,2306.4915
2018-05-31 23:00:00,2111.0,2091.9866
2018-06-01 00:00:00,1963.0,1937.3915
2018-06-01 01:00:00,1832.0,1828.586
2018-06-01 02:00:00,1757.0,1736.4111
2018-06-01 03:00:00,1694.0,1695.6553
2018-06-01 04:00:00,1715.0,1683.0171
2018-06-01 05:00:00,1807.0,1782.3574
2018-06-01 06:00:00,1949.0,1960.875
2018-06-01 07:00:00,2068.0,2093.1294
2018-06-01 08:00:00,2155.0,2176.3213
2018-06-01 09:00:00,2250.0,2254.687
2018-06-01 10:00:00,2338.0,2347.6526
2018-06-01 11:00:00,2395.0,2418.2852
2018-06-01 12:00:00,2481.0,2465.2349
2018-06-01 13:00:00,2578.0,2530.1277
2018-06-01 14:00:00,2640.0,2623.1914
2018-06-01 15:00:00,2618.0,2675.15
2018-06-01 16:00:00,2571.0,2581.983
2018-06-01 17:00:00,2529.0,2501.507
2018-06-01 18:00:00,2438.0,2438.0166
2018-06-01 19:00:00,2338.0,2343.079
2018-06-01 20:00:00,2285.0,2261.1821
2018-06-01 21:00:00,2260.0,2266.3298
2018-06-01 22:00:00,2129.0,2128.9966
2018-06-01 23:00:00,1949.0,1943.0897
2018-06-02 00:00:00,1572.0,1774.9061
2018-06-02 01:00:00,1665.0,1448.2451
2018-06-02 02:00:00,1572.0,1594.4126
2018-06-02 03:00:00,1528.0,1548.8763
2018-06-02 04:00:00,1512.0,1523.1276
2018-06-02 05:00:00,1521.0,1524.0262
2018-06-02 06:00:00,1549.0,1555.7802
2018-06-02 07:00:00,1610.0,1630.9247
2018-06-02 08:00:00,1727.0,1738.5979
2018-06-02 09:00:00,1855.0,1844.1293
2018-06-02 10:00:00,1977.0,1958.2103
2018-06-02 11:00:00,2054.0,2051.1768
2018-06-02 12:00:00,2159.0,2112.759
2018-06-02 13:00:00,2237.0,2209.8855
2018-06-02 14:00:00,2291.0,2298.9214
2018-06-02 15:00:00,2328.0,2336.2769
2018-06-02 16:00:00,2395.0,2365.5315
2018-06-02 17:00:00,2411.0,2414.953
2018-06-02 18:00:00,2406.0,2375.984
2018-06-02 19:00:00,2341.0,2321.0823
2018-06-02 20:00:00,2233.0,2260.7544
2018-06-02 21:00:00,2165.0,2195.5198
2018-06-02 22:00:00,2048.0,2042.9728
2018-06-02 23:00:00,1868.0,1877.7694
2018-06-03 00:00:00,1697.0,1707.2723
2018-06-03 01:00:00,1587.0,1579.7007
2018-06-03 02:00:00,1504.0,1504.7048
2018-06-03 03:00:00,1452.0,1445.8862
2018-06-03 04:00:00,1422.0,1417.3602
2018-06-03 05:00:00,1425.0,1420.1453
2018-06-03 06:00:00,1436.0,1420.9716
2018-06-03 07:00:00,1510.0,1489.3137
2018-06-03 08:00:00,1641.0,1661.1345
2018-06-03 09:00:00,1753.0,1786.2496
2018-06-03 10:00:00,1865.0,1888.202
2018-06-03 11:00:00,1966.0,1965.4163
2018-06-03 12:00:00,2062.0,2036.0986
2018-06-03 13:00:00,2128.0,2123.3743
2018-06-03 14:00:00,2161.0,2195.7334
2018-06-03 15:00:00,2184.0,2201.0784
2018-06-03 16:00:00,2220.0,2234.3423
2018-06-03 17:00:00,2236.0,2250.5525
2018-06-03 18:00:00,2220.0,2207.9885
2018-06-03 19:00:00,2159.0,2172.8076
2018-06-03 20:00:00,2070.0,2120.4548
2018-06-03 21:00:00,2014.0,2060.4502
2018-06-03 22:00:00,1925.0,1909.2903
2018-06-03 23:00:00,1792.0,1785.2434
2018-06-04 00:00:00,1665.0,1656.3562
2018-06-04 01:00:00,1574.0,1581.0901
2018-06-04 02:00:00,1525.0,1511.1267
2018-06-04 03:00:00,1498.0,1489.7245
2018-06-04 04:00:00,1507.0,1507.1056
2018-06-04 05:00:00,1583.0,1571.5458
2018-06-04 06:00:00,1707.0,1691.7295
2018-06-04 07:00:00,1854.0,1851.2585
2018-06-04 08:00:00,1952.0,1957.8334
2018-06-04 09:00:00,2031.0,2044.0459
2018-06-04 10:00:00,2080.0,2140.6917
2018-06-04 11:00:00,2128.0,2134.178
2018-06-04 12:00:00,2181.0,2180.252
2018-06-04 13:00:00,2210.0,2222.6755
2018-06-04 14:00:00,2269.0,2230.1914
2018-06-04 15:00:00,2256.0,2300.9385
2018-06-04 16:00:00,2281.0,2255.2483
2018-06-04 17:00:00,2293.0,2281.037
2018-06-04 18:00:00,2278.0,2263.543
2018-06-04 19:00:00,2203.0,2230.56
2018-06-04 20:00:00,2125.0,2152.913
2018-06-04 21:00:00,2072.0,2109.3804
2018-06-04 22:00:00,1937.0,1955.5427
2018-06-04 23:00:00,1767.0,1768.9602
2018-06-05 00:00:00,1635.0,1627.9028
2018-06-05 01:00:00,1548.0,1543.1793
2018-06-05 02:00:00,1494.0,1488.6432
2018-06-05 03:00:00,1472.0,1475.4119
2018-06-05 04:00:00,1487.0,1482.2899
2018-06-05 05:00:00,1570.0,1564.496
2018-06-05 06:00:00,1706.0,1699.0658
2018-06-05 07:00:00,1840.0,1827.1144
2018-06-05 08:00:00,1921.0,1935.8301
2018-06-05 09:00:00,1956.0,2014.0228
2018-06-05 10:00:00,2027.0,2025.062
2018-06-05 11:00:00,2037.0,2066.1665
2018-06-05 12:00:00,2079.0,2065.7139
2018-06-05 13:00:00,2097.0,2112.5854
2018-06-05 14:00:00,2121.0,2099.0957
2018-06-05 15:00:00,2069.0,2116.392
2018-06-05 16:00:00,2064.0,2050.532
2018-06-05 17:00:00,2052.0,2044.633
2018-06-05 18:00:00,2019.0,2018.9302
2018-06-05 19:00:00,1984.0,1985.4543
2018-06-05 20:00:00,1963.0,1967.8229
2018-06-05 21:00:00,1961.0,1977.9456
2018-06-05 22:00:00,1857.0,1862.7715
2018-06-05 23:00:00,1736.0,1709.2438
2018-06-06 00:00:00,1618.0,1622.3132
2018-06-06 01:00:00,1528.0,1535.2231
2018-06-06 02:00:00,1468.0,1477.791
2018-06-06 03:00:00,1448.0,1438.1069
2018-06-06 04:00:00,1452.0,1458.3007
2018-06-06 05:00:00,1531.0,1534.6099
2018-06-06 06:00:00,1630.0,1666.8638
2018-06-06 07:00:00,1768.0,1754.9894
2018-06-06 08:00:00,1856.0,1871.0927
2018-06-06 09:00:00,1899.0,1932.3584
2018-06-06 10:00:00,1959.0,1950.8405
2018-06-06 11:00:00,1972.0,1982.5171
2018-06-06 12:00:00,2009.0,2002.9875
2018-06-06 13:00:00,2058.0,2030.0187
2018-06-06 14:00:00,2086.0,2066.798
2018-06-06 15:00:00,2100.0,2091.6448
2018-06-06 16:00:00,2149.0,2114.6528
2018-06-06 17:00:00,2152.0,2169.3936
2018-06-06 18:00:00,2152.0,2132.083
2018-06-06 19:00:00,2108.0,2122.0713
2018-06-06 20:00:00,2026.0,2078.8496
2018-06-06 21:00:00,2011.0,2040.4347
2018-06-06 22:00:00,1895.0,1913.425
2018-06-06 23:00:00,1722.0,1739.569
2018-06-07 00:00:00,1612.0,1599.8146
2018-06-07 01:00:00,1528.0,1523.3837
2018-06-07 02:00:00,1468.0,1475.1216
2018-06-07 03:00:00,1438.0,1446.6237
2018-06-07 04:00:00,1466.0,1454.3931
2018-06-07 05:00:00,1535.0,1542.4991
2018-06-07 06:00:00,1666.0,1672.2888
2018-06-07 07:00:00,1780.0,1798.2888
2018-06-07 08:00:00,1864.0,1880.4094
2018-06-07 09:00:00,1941.0,1945.5331
2018-06-07 10:00:00,2028.0,2002.5789
2018-06-07 11:00:00,2069.0,2071.0852
2018-06-07 12:00:00,2159.0,2115.6443
2018-06-07 13:00:00,2244.0,2204.0308
2018-06-07 14:00:00,2345.0,2274.7466
2018-06-07 15:00:00,2435.0,2385.922
2018-06-07 16:00:00,2515.0,2493.8054
2018-06-07 17:00:00,2571.0,2568.001
2018-06-07 18:00:00,2579.0,2572.6633
2018-06-07 19:00:00,2516.0,2529.8071
2018-06-07 20:00:00,2457.0,2461.1072
2018-06-07 21:00:00,2423.0,2417.8381
2018-06-07 22:00:00,2269.0,2299.3909
2018-06-07 23:00:00,2039.0,2068.8242
2018-06-08 00:00:00,1892.0,1871.662
2018-06-08 01:00:00,1789.0,1768.3303
2018-06-08 02:00:00,1682.0,1704.5211
2018-06-08 03:00:00,1643.0,1625.3354
2018-06-08 04:00:00,1634.0,1639.8601
2018-06-08 05:00:00,1716.0,1716.9047
2018-06-08 06:00:00,1821.0,1849.0853
2018-06-08 07:00:00,1970.0,1966.9388
2018-06-08 08:00:00,2115.0,2091.2317
2018-06-08 09:00:00,2227.0,2244.193
2018-06-08 10:00:00,2336.0,2361.3381
2018-06-08 11:00:00,2451.0,2433.4946
2018-06-08 12:00:00,2592.0,2551.8943
2018-06-08 13:00:00,2665.0,2683.2815
2018-06-08 14:00:00,2653.0,2718.064
2018-06-08 15:00:00,2644.0,2650.874
2018-06-08 16:00:00,2655.0,2612.3948
2018-06-08 17:00:00,2556.0,2615.5579
2018-06-08 18:00:00,2383.0,2480.5396
2018-06-08 19:00:00,2230.0,2286.3103
2018-06-08 20:00:00,2133.0,2129.028
2018-06-08 21:00:00,2084.0,2100.6638
2018-06-08 22:00:00,1953.0,1953.7542
2018-06-08 23:00:00,1775.0,1778.3859
2018-06-09 00:00:00,1626.0,1617.3724
2018-06-09 01:00:00,1525.0,1517.3105
2018-06-09 02:00:00,1478.0,1458.7186
2018-06-09 03:00:00,1447.0,1433.393
2018-06-09 04:00:00,1424.0,1441.5409
2018-06-09 05:00:00,1442.0,1445.0511
2018-06-09 06:00:00,1476.0,1475.6508
2018-06-09 07:00:00,1536.0,1564.3489
2018-06-09 08:00:00,1696.0,1657.8036
2018-06-09 09:00:00,1828.0,1806.3357
2018-06-09 10:00:00,1967.0,1929.561
2018-06-09 11:00:00,2084.0,2043.4988
2018-06-09 12:00:00,2205.0,2161.6387
2018-06-09 13:00:00,2319.0,2275.4543
2018-06-09 14:00:00,2421.0,2391.2957
2018-06-09 15:00:00,2482.0,2488.2693
2018-06-09 16:00:00,2438.0,2532.4333
2018-06-09 17:00:00,2273.0,2428.125
2018-06-09 18:00:00,2142.0,2161.838
2018-06-09 19:00:00,2038.0,2012.4937
2018-06-09 20:00:00,1966.0,1992.6613
2018-06-09 21:00:00,1920.0,1957.4054
2018-06-09 22:00:00,1842.0,1803.245
2018-06-09 23:00:00,1714.0,1700.3129
2018-06-10 00:00:00,1582.0,1568.55
2018-06-10 01:00:00,1496.0,1480.4792
2018-06-10 02:00:00,1437.0,1430.7976
2018-06-10 03:00:00,1388.0,1397.1382
2018-06-10 04:00:00,1383.0,1372.6736
2018-06-10 05:00:00,1369.0,1382.9036
2018-06-10 06:00:00,1380.0,1379.5264
2018-06-10 07:00:00,1454.0,1454.972
2018-06-10 08:00:00,1589.0,1603.0178
2018-06-10 09:00:00,1734.0,1739.2413
2018-06-10 10:00:00,1836.0,1877.9801
2018-06-10 11:00:00,1944.0,1940.2009
2018-06-10 12:00:00,2000.0,2030.9167
2018-06-10 13:00:00,1979.0,2053.8757
2018-06-10 14:00:00,1932.0,2016.6482
2018-06-10 15:00:00,1928.0,1933.567
2018-06-10 16:00:00,1995.0,1929.5312
2018-06-10 17:00:00,2062.0,2025.2485
2018-06-10 18:00:00,2058.0,2057.3977
2018-06-10 19:00:00,2011.0,2025.8398
2018-06-10 20:00:00,1985.0,1976.7478
2018-06-10 21:00:00,1990.0,2002.1058
2018-06-10 22:00:00,1921.0,1907.2108
2018-06-10 23:00:00,1811.0,1791.0499
2018-06-11 00:00:00,1717.0,1688.7054
2018-06-11 01:00:00,1641.0,1641.1238
2018-06-11 02:00:00,1603.0,1589.6722
2018-06-11 03:00:00,1575.0,1586.1669
2018-06-11 04:00:00,1602.0,1601.7628
2018-06-11 05:00:00,1709.0,1698.3375
2018-06-11 06:00:00,1850.0,1892.9337
2018-06-11 07:00:00,1997.0,1998.0181
2018-06-11 08:00:00,2074.0,2103.7148
2018-06-11 09:00:00,2154.0,2167.2068
2018-06-11 10:00:00,2189.0,2224.9473
2018-06-11 11:00:00,2642.0,2209.8884
2018-06-11 12:00:00,2272.0,2654.8716
2018-06-11 13:00:00,1949.0,2318.161
2018-06-11 14:00:00,2287.0,1928.6456
2018-06-11 15:00:00,2275.0,2244.6829
2018-06-11 16:00:00,2289.0,2298.7573
2018-06-11 17:00:00,2304.0,2299.0144
2018-06-11 18:00:00,2322.0,2287.68
2018-06-11 19:00:00,2273.0,2277.5554
2018-06-11 20:00:00,2231.0,2233.3618
2018-06-11 21:00:00,2206.0,2204.1702
2018-06-11 22:00:00,2092.0,2093.7024
2018-06-11 23:00:00,1922.0,1911.805
2018-06-12 00:00:00,1797.0,1777.1707
2018-06-12 01:00:00,1707.0,1705.0858
2018-06-12 02:00:00,1644.0,1638.1415
2018-06-12 03:00:00,1612.0,1611.9968
2018-06-12 04:00:00,1624.0,1625.2656
2018-06-12 05:00:00,1717.0,1713.0345
2018-06-12 06:00:00,1859.0,1880.7178
2018-06-12 07:00:00,2016.0,2005.1501
2018-06-12 08:00:00,2086.0,2127.5955
2018-06-12 09:00:00,2202.0,2172.454
2018-06-12 10:00:00,2236.0,2282.7395
2018-06-12 11:00:00,2284.0,2273.192
2018-06-12 12:00:00,2358.0,2317.4014
2018-06-12 13:00:00,2419.0,2396.9512
2018-06-12 14:00:00,2496.0,2464.9446
2018-06-12 15:00:00,2509.0,2520.9114
2018-06-12 16:00:00,2509.0,2542.2812
2018-06-12 17:00:00,2523.0,2507.9294
2018-06-12 18:00:00,2480.0,2488.4922
2018-06-12 19:00:00,2392.0,2413.1719
2018-06-12 20:00:00,2326.0,2351.039
2018-06-12 21:00:00,2303.0,2312.7078
2018-06-12 22:00:00,2179.0,2170.7854
2018-06-12 23:00:00,2021.0,1990.3518
2018-06-13 00:00:00,1871.0,1862.3988
2018-06-13 01:00:00,1767.0,1754.3762
2018-06-13 02:00:00,1704.0,1680.7743
2018-06-13 03:00:00,1682.0,1660.4037
2018-06-13 04:00:00,1695.0,1694.3009
2018-06-13 05:00:00,1791.0,1795.2864
2018-06-13 06:00:00,1937.0,1961.8969
2018-06-13 07:00:00,2075.0,2100.9126
2018-06-13 08:00:00,2186.0,2187.6443
2018-06-13 09:00:00,2305.0,2293.1223
2018-06-13 10:00:00,2442.0,2374.5388
2018-06-13 11:00:00,2558.0,2543.7832
2018-06-13 12:00:00,2692.0,2666.9368
2018-06-13 13:00:00,2801.0,2795.5967
2018-06-13 14:00:00,2856.0,2875.4514
2018-06-13 15:00:00,2850.0,2860.1802
2018-06-13 16:00:00,2760.0,2848.6763
2018-06-13 17:00:00,2636.0,2752.941
2018-06-13 18:00:00,2580.0,2581.7039
2018-06-13 19:00:00,2553.0,2505.982
2018-06-13 20:00:00,2472.0,2481.7742
2018-06-13 21:00:00,2390.0,2428.4768
2018-06-13 22:00:00,2226.0,2248.443
2018-06-13 23:00:00,1981.0,2018.4487
2018-06-14 00:00:00,1802.0,1821.1205
2018-06-14 01:00:00,1681.0,1681.5454
2018-06-14 02:00:00,1607.0,1598.0266
2018-06-14 03:00:00,1547.0,1560.1364
2018-06-14 04:00:00,1554.0,1549.5623
2018-06-14 05:00:00,1627.0,1634.3517
2018-06-14 06:00:00,1726.0,1755.9231
2018-06-14 07:00:00,1879.0,1873.265
2018-06-14 08:00:00,1986.0,2001.1465
2018-06-14 09:00:00,2074.0,2092.5222
2018-06-14 10:00:00,2191.0,2152.8293
2018-06-14 11:00:00,2252.0,2253.9983
2018-06-14 12:00:00,2372.0,2318.1802
2018-06-14 13:00:00,2462.0,2446.9048
2018-06-14 14:00:00,2538.0,2523.942
2018-06-14 15:00:00,2587.0,2575.3455
2018-06-14 16:00:00,2627.0,2615.4941
2018-06-14 17:00:00,2645.0,2634.3374
2018-06-14 18:00:00,2621.0,2617.3018
2018-06-14 19:00:00,2531.0,2541.4456
2018-06-14 20:00:00,2398.0,2445.4595
2018-06-14 21:00:00,2338.0,2347.18
2018-06-14 22:00:00,2175.0,2191.313
2018-06-14 23:00:00,1970.0,1955.8806
2018-06-15 00:00:00,1800.0,1795.312
2018-06-15 01:00:00,1692.0,1682.4197
2018-06-15 02:00:00,1611.0,1611.1018
2018-06-15 03:00:00,1572.0,1559.5145
2018-06-15 04:00:00,1577.0,1569.1951
2018-06-15 05:00:00,1641.0,1658.1458
2018-06-15 06:00:00,1755.0,1763.9521
2018-06-15 07:00:00,1890.0,1906.8513
2018-06-15 08:00:00,2048.0,2014.511
2018-06-15 09:00:00,2166.0,2168.013
2018-06-15 10:00:00,2293.0,2286.95
2018-06-15 11:00:00,2403.0,2378.3376
2018-06-15 12:00:00,2498.0,2508.3708
2018-06-15 13:00:00,2613.0,2595.9905
2018-06-15 14:00:00,2688.0,2680.8818
2018-06-15 15:00:00,2749.0,2733.4592
2018-06-15 16:00:00,2803.0,2774.8699
2018-06-15 17:00:00,2774.0,2807.6753
2018-06-15 18:00:00,2704.0,2704.4978
2018-06-15 19:00:00,2634.0,2620.4856
2018-06-15 20:00:00,2505.0,2544.0942
2018-06-15 21:00:00,2406.0,2459.8833
2018-06-15 22:00:00,2236.0,2264.6155
2018-06-15 23:00:00,2016.0,2027.2725
2018-06-16 00:00:00,1828.0,1831.8757
2018-06-16 01:00:00,1707.0,1691.1276
2018-06-16 02:00:00,1602.0,1612.5365
2018-06-16 03:00:00,1534.0,1531.5522
2018-06-16 04:00:00,1503.0,1500.0006
2018-06-16 05:00:00,1510.0,1518.1494
2018-06-16 06:00:00,1519.0,1531.4569
2018-06-16 07:00:00,1618.0,1600.4169
2018-06-16 08:00:00,1803.0,1766.0792
2018-06-16 09:00:00,1965.0,1937.5887
2018-06-16 10:00:00,2144.0,2109.3042
2018-06-16 11:00:00,2306.0,2286.1316
2018-06-16 12:00:00,2434.0,2407.3948
2018-06-16 13:00:00,2545.0,2518.3535
2018-06-16 14:00:00,2644.0,2622.3276
2018-06-16 15:00:00,2704.0,2707.2153
2018-06-16 16:00:00,2628.0,2759.8174
2018-06-16 17:00:00,2506.0,2603.8005
2018-06-16 18:00:00,2401.0,2433.611
2018-06-16 19:00:00,2335.0,2303.2886
2018-06-16 20:00:00,2236.0,2260.0837
2018-06-16 21:00:00,2201.0,2198.04
2018-06-16 22:00:00,2100.0,2087.0554
2018-06-16 23:00:00,1939.0,1912.2406
2018-06-17 00:00:00,1781.0,1775.3798
2018-06-17 01:00:00,1683.0,1659.6096
2018-06-17 02:00:00,1624.0,1601.1769
2018-06-17 03:00:00,1566.0,1559.3998
2018-06-17 04:00:00,1535.0,1527.789
2018-06-17 05:00:00,1537.0,1528.0421
2018-06-17 06:00:00,1528.0,1536.4874
2018-06-17 07:00:00,1653.0,1603.9043
2018-06-17 08:00:00,1851.0,1834.0236
2018-06-17 09:00:00,2071.0,2021.7993
2018-06-17 10:00:00,2279.0,2256.8137
2018-06-17 11:00:00,2458.0,2428.1816
2018-06-17 12:00:00,2582.0,2582.5806
2018-06-17 13:00:00,2660.0,2689.2678
2018-06-17 14:00:00,2738.0,2712.1802
2018-06-17 15:00:00,2772.0,2778.3809
2018-06-17 16:00:00,2835.0,2788.7656
2018-06-17 17:00:00,2853.0,2845.1624
2018-06-17 18:00:00,2838.0,2804.8396
2018-06-17 19:00:00,2787.0,2772.258
2018-06-17 20:00:00,2695.0,2713.4912
2018-06-17 21:00:00,2682.0,2666.022
2018-06-17 22:00:00,2547.0,2576.476
2018-06-17 23:00:00,2367.0,2366.301
2018-06-18 00:00:00,2199.0,2168.376
2018-06-18 01:00:00,2085.0,2058.3982
2018-06-18 02:00:00,1981.0,1992.7802
2018-06-18 03:00:00,1929.0,1919.2566
2018-06-18 04:00:00,1915.0,1929.4471
2018-06-18 05:00:00,1991.0,1983.1819
2018-06-18 06:00:00,2134.0,2144.385
2018-06-18 07:00:00,2305.0,2313.4585
2018-06-18 08:00:00,2510.0,2467.3794
2018-06-18 09:00:00,2700.0,2716.8552
2018-06-18 10:00:00,2911.0,2894.394
2018-06-18 11:00:00,3039.0,3051.6704
2018-06-18 12:00:00,3179.0,3174.193
2018-06-18 13:00:00,3249.0,3238.3198
2018-06-18 14:00:00,3230.0,3277.0022
2018-06-18 15:00:00,3182.0,3244.7405
2018-06-18 16:00:00,3166.0,3151.107
2018-06-18 17:00:00,3158.0,3143.876
2018-06-18 18:00:00,3143.0,3108.438
2018-06-18 19:00:00,3121.0,3070.7227
2018-06-18 20:00:00,3008.0,2992.992
2018-06-18 21:00:00,2938.0,2939.8726
2018-06-18 22:00:00,2779.0,2785.154
2018-06-18 23:00:00,2559.0,2557.4944
2018-06-19 00:00:00,2387.0,2336.2036
2018-06-19 01:00:00,2254.0,2227.2717
2018-06-19 02:00:00,2135.0,2145.6348
2018-06-19 03:00:00,2074.0,2066.1213
2018-06-19 04:00:00,2046.0,2064.8342
2018-06-19 05:00:00,2095.0,2125.619
2018-06-19 06:00:00,2226.0,2233.3293
2018-06-19 07:00:00,2387.0,2390.6128
2018-06-19 08:00:00,2574.0,2535.1892
2018-06-19 09:00:00,2739.0,2723.7341
2018-06-19 10:00:00,2909.0,2901.7927
2018-06-19 11:00:00,3059.0,3042.1445
2018-06-19 12:00:00,3163.0,3138.6526
2018-06-19 13:00:00,3146.0,3220.265
2018-06-19 14:00:00,3003.0,3191.3743
2018-06-19 15:00:00,2869.0,2917.329
2018-06-19 16:00:00,2817.0,2820.711
2018-06-19 17:00:00,2791.0,2774.6743
2018-06-19 18:00:00,2721.0,2737.3472
2018-06-19 19:00:00,2623.0,2650.9355
2018-06-19 20:00:00,2533.0,2564.9712
2018-06-19 21:00:00,2464.0,2497.8442
2018-06-19 22:00:00,2337.0,2313.6638
2018-06-19 23:00:00,2154.0,2119.9314
2018-06-20 00:00:00,2002.0,1971.1096
2018-06-20 01:00:00,1906.0,1875.066
2018-06-20 02:00:00,1836.0,1818.3708
2018-06-20 03:00:00,1789.0,1795.5524
2018-06-20 04:00:00,1798.0,1788.6512
2018-06-20 05:00:00,1861.0,1886.4453
2018-06-20 06:00:00,1997.0,2008.0648
2018-06-20 07:00:00,2147.0,2141.077
2018-06-20 08:00:00,2277.0,2284.3162
2018-06-20 09:00:00,2377.0,2389.1833
2018-06-20 10:00:00,2537.0,2481.2297
2018-06-20 11:00:00,2677.0,2619.153
2018-06-20 12:00:00,2810.0,2772.4365
2018-06-20 13:00:00,2877.0,2927.428
2018-06-20 14:00:00,2937.0,2933.4094
2018-06-20 15:00:00,2967.0,2963.2266
2018-06-20 16:00:00,2969.0,2964.8843
2018-06-20 17:00:00,2962.0,2940.7302
2018-06-20 18:00:00,2889.0,2906.4595
2018-06-20 19:00:00,2753.0,2804.5122
2018-06-20 20:00:00,2634.0,2662.8594
2018-06-20 21:00:00,2575.0,2584.4673
2018-06-20 22:00:00,2433.0,2439.0417
2018-06-20 23:00:00,2206.0,2221.9275
2018-06-21 00:00:00,2041.0,2021.6254
2018-06-21 01:00:00,1913.0,1900.1982
2018-06-21 02:00:00,1829.0,1816.4625
2018-06-21 03:00:00,1776.0,1778.3275
2018-06-21 04:00:00,1787.0,1782.0854
2018-06-21 05:00:00,1847.0,1866.5675
2018-06-21 06:00:00,1958.0,1976.546
2018-06-21 07:00:00,2098.0,2108.7156
2018-06-21 08:00:00,2158.0,2224.4146
2018-06-21 09:00:00,2198.0,2246.6323
2018-06-21 10:00:00,2273.0,2274.8247
2018-06-21 11:00:00,2318.0,2347.5786
2018-06-21 12:00:00,2345.0,2383.5044
2018-06-21 13:00:00,2342.0,2393.0076
2018-06-21 14:00:00,2320.0,2348.0896
2018-06-21 15:00:00,2303.0,2278.2234
2018-06-21 16:00:00,2235.0,2276.1287
2018-06-21 17:00:00,2238.0,2204.6575
2018-06-21 18:00:00,2217.0,2188.588
2018-06-21 19:00:00,2179.0,2167.8757
2018-06-21 20:00:00,2158.0,2130.3462
2018-06-21 21:00:00,2141.0,2133.2
2018-06-21 22:00:00,2062.0,2020.0908
2018-06-21 23:00:00,1919.0,1902.043
2018-06-22 00:00:00,1797.0,1784.9595
2018-06-22 01:00:00,1729.0,1706.5349
2018-06-22 02:00:00,1666.0,1687.1208
2018-06-22 03:00:00,1647.0,1644.1215
2018-06-22 04:00:00,1657.0,1665.1399
2018-06-22 05:00:00,1727.0,1740.7585
2018-06-22 06:00:00,1894.0,1871.1934
2018-06-22 07:00:00,2006.0,2050.885
2018-06-22 08:00:00,2121.0,2101.5527
2018-06-22 09:00:00,2199.0,2194.7832
2018-06-22 10:00:00,2326.0,2265.0215
2018-06-22 11:00:00,2434.0,2354.0068
2018-06-22 12:00:00,2511.0,2490.0027
2018-06-22 13:00:00,2597.0,2564.5684
2018-06-22 14:00:00,2625.0,2651.9207
2018-06-22 15:00:00,2563.0,2651.067
2018-06-22 16:00:00,2492.0,2565.7039
2018-06-22 17:00:00,2456.0,2456.6492
2018-06-22 18:00:00,2376.0,2391.1812
2018-06-22 19:00:00,2275.0,2309.068
2018-06-22 20:00:00,2208.0,2213.5967
2018-06-22 21:00:00,2167.0,2186.7659
2018-06-22 22:00:00,2041.0,2040.6029
2018-06-22 23:00:00,1856.0,1853.7626
2018-06-23 00:00:00,1683.0,1688.9567
2018-06-23 01:00:00,1589.0,1569.6183
2018-06-23 02:00:00,1530.0,1514.2035
2018-06-23 03:00:00,1501.0,1476.0571
2018-06-23 04:00:00,1481.0,1482.2786
2018-06-23 05:00:00,1499.0,1501.1519
2018-06-23 06:00:00,1526.0,1523.0089
2018-06-23 07:00:00,1582.0,1607.4583
2018-06-23 08:00:00,1704.0,1712.0781
2018-06-23 09:00:00,1804.0,1828.2661
2018-06-23 10:00:00,1881.0,1911.6637
2018-06-23 11:00:00,1902.0,1945.7024
2018-06-23 12:00:00,1973.0,1936.8527
2018-06-23 13:00:00,2007.0,2016.8503
2018-06-23 14:00:00,2050.0,2047.9377
2018-06-23 15:00:00,2055.0,2091.4905
2018-06-23 16:00:00,2109.0,2065.0815
2018-06-23 17:00:00,2095.0,2129.3694
2018-06-23 18:00:00,2065.0,2062.2385
2018-06-23 19:00:00,1996.0,2003.4744
2018-06-23 20:00:00,1931.0,1953.6963
2018-06-23 21:00:00,1914.0,1931.9673
2018-06-23 22:00:00,1852.0,1821.6332
2018-06-23 23:00:00,1692.0,1714.2067
2018-06-24 00:00:00,1602.0,1563.1167
2018-06-24 01:00:00,1506.0,1501.2053
2018-06-24 02:00:00,1443.0,1441.2599
2018-06-24 03:00:00,1397.0,1401.1237
2018-06-24 04:00:00,1382.0,1383.6803
2018-06-24 05:00:00,1374.0,1382.484
2018-06-24 06:00:00,1370.0,1370.8184
2018-06-24 07:00:00,1440.0,1418.9899
2018-06-24 08:00:00,1599.0,1571.7101
2018-06-24 09:00:00,1739.0,1717.0956
2018-06-24 10:00:00,1859.0,1847.0753
2018-06-24 11:00:00,1963.0,1957.8695
2018-06-24 12:00:00,2050.0,2041.158
2018-06-24 13:00:00,2130.0,2108.1978
2018-06-24 14:00:00,2178.0,2199.685
2018-06-24 15:00:00,2246.0,2230.692
2018-06-24 16:00:00,2313.0,2299.0486
2018-06-24 17:00:00,2378.0,2350.7698
2018-06-24 18:00:00,2373.0,2384.6924
2018-06-24 19:00:00,2316.0,2321.903
2018-06-24 20:00:00,2232.0,2263.9197
2018-06-24 21:00:00,2175.0,2218.16
2018-06-24 22:00:00,2074.0,2056.4055
2018-06-24 23:00:00,1922.0,1903.8162
2018-06-25 00:00:00,1787.0,1779.652
2018-06-25 01:00:00,1674.0,1688.7946
2018-06-25 02:00:00,1628.0,1606.1345
2018-06-25 03:00:00,1592.0,1582.4899
2018-06-25 04:00:00,1597.0,1598.2144
2018-06-25 05:00:00,1693.0,1680.6658
2018-06-25 06:00:00,1785.0,1867.0417
2018-06-25 07:00:00,1951.0,1935.225
2018-06-25 08:00:00,2048.0,2057.2314
2018-06-25 09:00:00,2125.0,2170.4973
2018-06-25 10:00:00,2213.0,2224.4456
2018-06-25 11:00:00,2269.0,2267.4539
2018-06-25 12:00:00,2325.0,2333.227
2018-06-25 13:00:00,2356.0,2368.3594
2018-06-25 14:00:00,2383.0,2381.9993
2018-06-25 15:00:00,2371.0,2405.9937
2018-06-25 16:00:00,2415.0,2375.3152
2018-06-25 17:00:00,2418.0,2422.2056
2018-06-25 18:00:00,2412.0,2377.923
2018-06-25 19:00:00,2376.0,2352.806
2018-06-25 20:00:00,2289.0,2325.9062
2018-06-25 21:00:00,2252.0,2260.996
2018-06-25 22:00:00,2122.0,2123.2937
2018-06-25 23:00:00,1933.0,1940.9974
2018-06-26 00:00:00,1778.0,1780.3257
2018-06-26 01:00:00,1668.0,1671.8033
2018-06-26 02:00:00,1604.0,1593.3287
2018-06-26 03:00:00,1569.0,1565.1292
2018-06-26 04:00:00,1577.0,1573.4998
2018-06-26 05:00:00,1657.0,1657.801
2018-06-26 06:00:00,1787.0,1786.4299
2018-06-26 07:00:00,1928.0,1921.08
2018-06-26 08:00:00,2041.0,2029.8983
2018-06-26 09:00:00,2141.0,2156.4883
2018-06-26 10:00:00,2287.0,2243.5437
2018-06-26 11:00:00,2418.0,2376.7385
2018-06-26 12:00:00,2533.0,2515.9185
2018-06-26 13:00:00,2475.0,2638.5312
2018-06-26 14:00:00,2324.0,2488.6719
2018-06-26 15:00:00,2233.0,2283.7097
2018-06-26 16:00:00,2193.0,2186.753
2018-06-26 17:00:00,2177.0,2164.8074
2018-06-26 18:00:00,2120.0,2135.8977
2018-06-26 19:00:00,2096.0,2074.251
2018-06-26 20:00:00,2051.0,2077.8098
2018-06-26 21:00:00,2059.0,2061.3633
2018-06-26 22:00:00,1980.0,1971.6581
2018-06-26 23:00:00,1845.0,1806.1198
2018-06-27 00:00:00,1714.0,1703.9749
2018-06-27 01:00:00,1639.0,1613.6202
2018-06-27 02:00:00,1618.0,1574.1984
2018-06-27 03:00:00,1576.0,1593.8722
2018-06-27 04:00:00,1603.0,1601.1217
2018-06-27 05:00:00,1682.0,1701.7549
2018-06-27 06:00:00,1829.0,1835.9875
2018-06-27 07:00:00,1956.0,1967.5084
2018-06-27 08:00:00,2041.0,2062.0688
2018-06-27 09:00:00,2125.0,2132.1348
2018-06-27 10:00:00,2195.0,2204.0352
2018-06-27 11:00:00,2282.0,2219.8
2018-06-27 12:00:00,2402.0,2308.335
2018-06-27 13:00:00,2495.0,2454.029
2018-06-27 14:00:00,2549.0,2542.7637
2018-06-27 15:00:00,2589.0,2566.0532
2018-06-27 16:00:00,2609.0,2618.6108
2018-06-27 17:00:00,2606.0,2616.2695
2018-06-27 18:00:00,2595.0,2555.796
2018-06-27 19:00:00,2520.0,2513.1475
2018-06-27 20:00:00,2464.0,2449.33
2018-06-27 21:00:00,2382.0,2418.5884
2018-06-27 22:00:00,2243.0,2240.0974
2018-06-27 23:00:00,2057.0,2034.8679
2018-06-28 00:00:00,1897.0,1890.99
2018-06-28 01:00:00,1783.0,1769.9757
2018-06-28 02:00:00,1694.0,1698.7275
2018-06-28 03:00:00,1634.0,1646.3573
2018-06-28 04:00:00,1640.0,1633.7903
2018-06-28 05:00:00,1715.0,1711.4001
2018-06-28 06:00:00,1832.0,1853.2975
2018-06-28 07:00:00,1970.0,1969.3796
2018-06-28 08:00:00,2109.0,2086.045
2018-06-28 09:00:00,2225.0,2237.014
2018-06-28 10:00:00,2345.0,2353.8447
2018-06-28 11:00:00,2463.0,2442.7886
2018-06-28 12:00:00,2561.0,2570.8494
2018-06-28 13:00:00,2668.0,2652.821
2018-06-28 14:00:00,2750.0,2735.5342
2018-06-28 15:00:00,2820.0,2779.6707
2018-06-28 16:00:00,2876.0,2840.8582
2018-06-28 17:00:00,2893.0,2886.3
2018-06-28 18:00:00,2869.0,2866.842
2018-06-28 19:00:00,2805.0,2784.7004
2018-06-28 20:00:00,2711.0,2723.1763
2018-06-28 21:00:00,2609.0,2659.4656
2018-06-28 22:00:00,2416.0,2479.2065
2018-06-28 23:00:00,2181.0,2197.3708
2018-06-29 00:00:00,1983.0,1983.5197
2018-06-29 01:00:00,1826.0,1849.643
2018-06-29 02:00:00,1731.0,1720.4249
2018-06-29 03:00:00,1667.0,1666.1261
2018-06-29 04:00:00,1661.0,1653.971
2018-06-29 05:00:00,1718.0,1730.8483
2018-06-29 06:00:00,1827.0,1832.6156
2018-06-29 07:00:00,1959.0,1972.5917
2018-06-29 08:00:00,2157.0,2078.5125
2018-06-29 09:00:00,2349.0,2290.7422
2018-06-29 10:00:00,2493.0,2497.2568
2018-06-29 11:00:00,2643.0,2607.4744
2018-06-29 12:00:00,2755.0,2770.11
2018-06-29 13:00:00,2849.0,2835.7852
2018-06-29 14:00:00,2921.0,2892.8376
2018-06-29 15:00:00,2932.0,2927.4817
2018-06-29 16:00:00,2974.0,2949.992
2018-06-29 17:00:00,2976.0,2963.4429
2018-06-29 18:00:00,2988.0,2919.4268
2018-06-29 19:00:00,2915.0,2876.8086
2018-06-29 20:00:00,2781.0,2793.8352
2018-06-29 21:00:00,2665.0,2719.4644
2018-06-29 22:00:00,2499.0,2519.196
2018-06-29 23:00:00,2254.0,2263.1873
2018-06-30 00:00:00,2053.0,2055.2314
2018-06-30 01:00:00,1897.0,1899.3617
2018-06-30 02:00:00,1786.0,1788.167
2018-06-30 03:00:00,1704.0,1712.2933
2018-06-30 04:00:00,1667.0,1683.9924
2018-06-30 05:00:00,1661.0,1675.1447
2018-06-30 06:00:00,1656.0,1678.0299
2018-06-30 07:00:00,1764.0,1714.192
2018-06-30 08:00:00,1943.0,1915.5208
2018-06-30 09:00:00,2157.0,2095.425
2018-06-30 10:00:00,2358.0,2310.9514
2018-06-30 11:00:00,2503.0,2508.3965
2018-06-30 12:00:00,2618.0,2596.329
2018-06-30 13:00:00,2718.0,2694.4653
2018-06-30 14:00:00,2774.0,2781.4219
2018-06-30 15:00:00,2817.0,2774.08
2018-06-30 16:00:00,2892.0,2794.2012
2018-06-30 17:00:00,2894.0,2853.681
2018-06-30 18:00:00,2861.0,2833.2234
2018-06-30 19:00:00,2760.0,2756.7407
2018-06-30 20:00:00,2662.0,2652.862
2018-06-30 21:00:00,2561.0,2605.8572
2018-06-30 22:00:00,2399.0,2388.9248
2018-06-30 23:00:00,2196.0,2178.6985
2018-07-01 00:00:00,2018.0,2007.8888
2018-07-01 01:00:00,1853.0,1874.356
2018-07-01 02:00:00,1756.0,1743.2786
2018-07-01 03:00:00,1681.0,1674.9137
2018-07-01 04:00:00,1616.0,1638.1355
2018-07-01 05:00:00,1609.0,1604.4645
2018-07-01 06:00:00,1589.0,1583.6965
2018-07-01 07:00:00,1702.0,1617.0612
2018-07-01 08:00:00,1894.0,1844.6473
2018-07-01 09:00:00,2127.0,2077.322
2018-07-01 10:00:00,2340.0,2323.7583
2018-07-01 11:00:00,2524.0,2501.7346
2018-07-01 12:00:00,2679.0,2643.6868
2018-07-01 13:00:00,2742.0,2766.482
2018-07-01 14:00:00,2772.0,2790.0796
2018-07-01 15:00:00,2855.0,2772.854
2018-07-01 16:00:00,2840.0,2818.7656
2018-07-01 17:00:00,2774.0,2775.2131
2018-07-01 18:00:00,2773.0,2654.9731
2018-07-01 19:00:00,2683.0,2640.755
2018-07-01 20:00:00,2575.0,2584.0615
2018-07-01 21:00:00,2536.0,2511.3699
2018-07-01 22:00:00,2402.0,2371.115
2018-07-01 23:00:00,2208.0,2199.6792
2018-07-02 00:00:00,2029.0,2036.3075
2018-07-02 01:00:00,1898.0,1902.4585
2018-07-02 02:00:00,1823.0,1812.3989
2018-07-02 03:00:00,1791.0,1769.7231
2018-07-02 04:00:00,1764.0,1788.8674
2018-07-02 05:00:00,1833.0,1836.4644
2018-07-02 06:00:00,1940.0,1937.5594
2018-07-02 07:00:00,2098.0,2101.2668
2018-07-02 08:00:00,2288.0,2251.8674
2018-07-02 09:00:00,2465.0,2458.802
2018-07-02 10:00:00,2655.0,2647.228
2018-07-02 11:00:00,2838.0,2796.586
2018-07-02 12:00:00,2938.0,2975.8918
2018-07-02 13:00:00,3001.0,3032.2915
2018-07-02 14:00:00,3026.0,3026.2944
2018-07-02 15:00:00,2995.0,3030.6577
2018-07-02 16:00:00,2899.0,2981.8306
2018-07-02 17:00:00,2771.0,2871.358
2018-07-02 18:00:00,2720.0,2702.4255
2018-07-02 19:00:00,2682.0,2632.4575
2018-07-02 20:00:00,2595.0,2603.4822
2018-07-02 21:00:00,2545.0,2527.9746
2018-07-02 22:00:00,2402.0,2356.4377
2018-07-02 23:00:00,2208.0,2170.0537
2018-07-03 00:00:00,2024.0,2028.4774
2018-07-03 01:00:00,1892.0,1890.9387
2018-07-03 02:00:00,1818.0,1799.7769
2018-07-03 03:00:00,1749.0,1759.8425
2018-07-03 04:00:00,1729.0,1735.7922
2018-07-03 05:00:00,1773.0,1782.2775
2018-07-03 06:00:00,1865.0,1888.5905
2018-07-03 07:00:00,2027.0,2018.0063
2018-07-03 08:00:00,2199.0,2155.9824
2018-07-03 09:00:00,2382.0,2331.8098
2018-07-03 10:00:00,2567.0,2540.6692
2018-07-03 11:00:00,2712.0,2713.8557
2018-07-03 12:00:00,2854.0,2807.04
2018-07-03 13:00:00,2950.0,2946.1233
2018-07-03 14:00:00,2976.0,3011.782
2018-07-03 15:00:00,2979.0,3002.9744
2018-07-03 16:00:00,2936.0,2997.3022
2018-07-03 17:00:00,2787.0,2917.7488
2018-07-03 18:00:00,2613.0,2745.6653
2018-07-03 19:00:00,2461.0,2514.6494
2018-07-03 20:00:00,2329.0,2378.5889
2018-07-03 21:00:00,2223.0,2273.8416
2018-07-03 22:00:00,2098.0,2067.9705
2018-07-03 23:00:00,1956.0,1897.7854
2018-07-04 00:00:00,1813.0,1806.3784
2018-07-04 01:00:00,1687.0,1703.06
2018-07-04 02:00:00,1618.0,1604.7732
2018-07-04 03:00:00,1579.0,1559.5022
2018-07-04 04:00:00,1552.0,1571.2007
2018-07-04 05:00:00,1564.0,1624.5057
2018-07-04 06:00:00,1549.0,1642.685
2018-07-04 07:00:00,1622.0,1640.1179
2018-07-04 08:00:00,1810.0,1746.8253
2018-07-04 09:00:00,2023.0,1951.7251
2018-07-04 10:00:00,2264.0,2147.367
2018-07-04 11:00:00,2461.0,2386.4092
2018-07-04 12:00:00,2615.0,2588.2551
2018-07-04 13:00:00,2683.0,2719.5994
2018-07-04 14:00:00,2681.0,2767.12
2018-07-04 15:00:00,2571.0,2662.5393
2018-07-04 16:00:00,2505.0,2539.3447
2018-07-04 17:00:00,2489.0,2455.0024
2018-07-04 18:00:00,2511.0,2423.7625
2018-07-04 19:00:00,2471.0,2457.2195
2018-07-04 20:00:00,2399.0,2400.32
2018-07-04 21:00:00,2334.0,2350.2324
2018-07-04 22:00:00,2209.0,2193.99
2018-07-04 23:00:00,2093.0,2011.3243
2018-07-05 00:00:00,1958.0,1936.3242
2018-07-05 01:00:00,1830.0,1831.3517
2018-07-05 02:00:00,1749.0,1740.116
2018-07-05 03:00:00,1711.0,1692.9697
2018-07-05 04:00:00,1701.0,1708.5248
2018-07-05 05:00:00,1749.0,1773.4895
2018-07-05 06:00:00,1850.0,1870.9158
2018-07-05 07:00:00,2060.0,1998.4502
2018-07-05 08:00:00,2275.0,2193.5366
2018-07-05 09:00:00,2487.0,2430.6885
2018-07-05 10:00:00,2698.0,2644.1133
2018-07-05 11:00:00,2851.0,2836.5156
2018-07-05 12:00:00,2972.0,2981.5059
2018-07-05 13:00:00,3054.0,3034.265
2018-07-05 14:00:00,3082.0,3095.1855
2018-07-05 15:00:00,3050.0,3110.5847
2018-07-05 16:00:00,3007.0,3066.0535
2018-07-05 17:00:00,2959.0,2977.7422
2018-07-05 18:00:00,2846.0,2909.3936
2018-07-05 19:00:00,2717.0,2784.6536
2018-07-05 20:00:00,2613.0,2642.4673
2018-07-05 21:00:00,2552.0,2569.535
2018-07-05 22:00:00,2396.0,2381.3037
2018-07-05 23:00:00,2192.0,2180.839
2018-07-06 00:00:00,2020.0,2011.3628
2018-07-06 01:00:00,1887.0,1882.301
2018-07-06 02:00:00,1814.0,1791.1
2018-07-06 03:00:00,1759.0,1758.1783
2018-07-06 04:00:00,1731.0,1745.6216
2018-07-06 05:00:00,1802.0,1790.4474
2018-07-06 06:00:00,1900.0,1924.3225
2018-07-06 07:00:00,2007.0,2050.222
2018-07-06 08:00:00,2090.0,2136.6963
2018-07-06 09:00:00,2128.0,2208.182
2018-07-06 10:00:00,2210.0,2218.9517
2018-07-06 11:00:00,2284.0,2266.624
2018-07-06 12:00:00,2352.0,2388.7437
2018-07-06 13:00:00,2417.0,2437.396
2018-07-06 14:00:00,2478.0,2466.0635
2018-07-06 15:00:00,2478.0,2507.3699
2018-07-06 16:00:00,2494.0,2483.7031
2018-07-06 17:00:00,2431.0,2461.4941
2018-07-06 18:00:00,2358.0,2359.2432
2018-07-06 19:00:00,2226.0,2279.1628
2018-07-06 20:00:00,2098.0,2155.7544
2018-07-06 21:00:00,1973.0,2068.1794
2018-07-06 22:00:00,1859.0,1842.07
2018-07-06 23:00:00,1668.0,1686.7372
2018-07-07 00:00:00,1546.0,1541.5459
2018-07-07 01:00:00,1440.0,1446.6217
2018-07-07 02:00:00,1381.0,1390.718
2018-07-07 03:00:00,1340.0,1353.0886
2018-07-07 04:00:00,1311.0,1321.08
2018-07-07 05:00:00,1323.0,1323.9514
2018-07-07 06:00:00,1357.0,1349.0725
2018-07-07 07:00:00,1412.0,1393.6066
2018-07-07 08:00:00,1536.0,1512.9387
2018-07-07 09:00:00,1641.0,1644.2875
2018-07-07 10:00:00,1728.0,1735.4127
2018-07-07 11:00:00,1792.0,1774.6774
2018-07-07 12:00:00,1845.0,1823.3689
2018-07-07 13:00:00,1899.0,1859.8108
2018-07-07 14:00:00,1950.0,1921.4484
2018-07-07 15:00:00,2006.0,1964.1799
2018-07-07 16:00:00,2075.0,2044.3505
2018-07-07 17:00:00,2118.0,2104.732
2018-07-07 18:00:00,2118.0,2101.7683
2018-07-07 19:00:00,2070.0,2054.7224
2018-07-07 20:00:00,1961.0,2022.9307
2018-07-07 21:00:00,1871.0,1950.6857
2018-07-07 22:00:00,1765.0,1770.4053
2018-07-07 23:00:00,1630.0,1626.6528
2018-07-08 00:00:00,1504.0,1494.533
2018-07-08 01:00:00,1422.0,1410.1937
2018-07-08 02:00:00,1339.0,1360.8265
2018-07-08 03:00:00,1304.0,1295.9404
2018-07-08 04:00:00,1284.0,1278.2244
2018-07-08 05:00:00,1269.0,1278.7638
2018-07-08 06:00:00,1275.0,1266.4823
2018-07-08 07:00:00,1330.0,1306.2375
2018-07-08 08:00:00,1454.0,1448.9347
2018-07-08 09:00:00,1600.0,1566.786
2018-07-08 10:00:00,1699.0,1711.236
2018-07-08 11:00:00,1821.0,1797.397
2018-07-08 12:00:00,1945.0,1914.6093
2018-07-08 13:00:00,2057.0,2039.2316
2018-07-08 14:00:00,2167.0,2138.9077
2018-07-08 15:00:00,2273.0,2292.6895
2018-07-08 16:00:00,2391.0,2382.278
2018-07-08 17:00:00,2465.0,2463.517
2018-07-08 18:00:00,2489.0,2469.7642
2018-07-08 19:00:00,2450.0,2429.048
2018-07-08 20:00:00,2366.0,2383.9465
2018-07-08 21:00:00,2285.0,2339.7559
2018-07-08 22:00:00,2173.0,2176.268
2018-07-08 23:00:00,1977.0,1996.085
2018-07-09 00:00:00,1831.0,1829.6176
2018-07-09 01:00:00,1713.0,1718.9813
2018-07-09 02:00:00,1643.0,1627.487
2018-07-09 03:00:00,1593.0,1591.8152
2018-07-09 04:00:00,1600.0,1586.5907
2018-07-09 05:00:00,1673.0,1659.3026
2018-07-09 06:00:00,1784.0,1807.5658
2018-07-09 07:00:00,1960.0,1924.648
2018-07-09 08:00:00,2111.0,2083.4475
2018-07-09 09:00:00,2297.0,2266.5876
2018-07-09 10:00:00,2485.0,2465.3376
2018-07-09 11:00:00,2639.0,2661.2317
2018-07-09 12:00:00,2776.0,2813.139
2018-07-09 13:00:00,2886.0,2889.0154
2018-07-09 14:00:00,2961.0,2946.1555
2018-07-09 15:00:00,3009.0,2999.037
2018-07-09 16:00:00,3034.0,3020.8132
2018-07-09 17:00:00,3073.0,3046.9756
2018-07-09 18:00:00,3057.0,3050.007
2018-07-09 19:00:00,2969.0,2976.4658
2018-07-09 20:00:00,2851.0,2861.3154
2018-07-09 21:00:00,2748.0,2796.7646
2018-07-09 22:00:00,2568.0,2579.983
2018-07-09 23:00:00,2342.0,2337.2603
2018-07-10 00:00:00,2140.0,2142.382
2018-07-10 01:00:00,2004.0,1993.299
2018-07-10 02:00:00,1896.0,1898.0431
2018-07-10 03:00:00,1835.0,1832.4677
2018-07-10 04:00:00,1829.0,1818.9365
2018-07-10 05:00:00,1892.0,1909.3534
2018-07-10 06:00:00,2008.0,2030.455
2018-07-10 07:00:00,2148.0,2167.121
2018-07-10 08:00:00,2341.0,2308.7449
2018-07-10 09:00:00,2526.0,2516.3652
2018-07-10 10:00:00,2728.0,2719.2693
2018-07-10 11:00:00,2820.0,2880.9868
2018-07-10 12:00:00,2951.0,2922.566
2018-07-10 13:00:00,3072.0,3048.5183
2018-07-10 14:00:00,3125.0,3153.5645
2018-07-10 15:00:00,3119.0,3116.605
2018-07-10 16:00:00,3038.0,3082.042
2018-07-10 17:00:00,2961.0,3021.095
2018-07-10 18:00:00,2879.0,2879.3064
2018-07-10 19:00:00,2758.0,2783.2317
2018-07-10 20:00:00,2665.0,2679.6514
2018-07-10 21:00:00,2578.0,2602.711
2018-07-10 22:00:00,2439.0,2426.607
2018-07-10 23:00:00,2231.0,2217.6453
2018-07-11 00:00:00,2067.0,2044.6802
2018-07-11 01:00:00,1932.0,1924.3053
2018-07-11 02:00:00,1842.0,1840.6337
2018-07-11 03:00:00,1768.0,1781.4117
2018-07-11 04:00:00,1743.0,1762.3225
2018-07-11 05:00:00,1792.0,1809.2076
2018-07-11 06:00:00,1870.0,1902.8284
2018-07-11 07:00:00,2007.0,2014.2825
2018-07-11 08:00:00,2143.0,2147.092
2018-07-11 09:00:00,2260.0,2292.7585
2018-07-11 10:00:00,2384.0,2383.7664
2018-07-11 11:00:00,2477.0,2488.1028
2018-07-11 12:00:00,2582.0,2578.0225
2018-07-11 13:00:00,2645.0,2664.7712
2018-07-11 14:00:00,2724.0,2697.1753
2018-07-11 15:00:00,2758.0,2758.018
2018-07-11 16:00:00,2783.0,2798.7048
2018-07-11 17:00:00,2795.0,2777.0273
2018-07-11 18:00:00,2747.0,2728.547
2018-07-11 19:00:00,2655.0,2646.4336
2018-07-11 20:00:00,2499.0,2565.8127
2018-07-11 21:00:00,2394.0,2442.6287
2018-07-11 22:00:00,2239.0,2243.451
2018-07-11 23:00:00,2013.0,2033.4934
2018-07-12 00:00:00,1838.0,1849.7977
2018-07-12 01:00:00,1698.0,1714.9053
2018-07-12 02:00:00,1642.0,1608.7021
2018-07-12 03:00:00,1594.0,1588.2936
2018-07-12 04:00:00,1595.0,1594.3865
2018-07-12 05:00:00,1651.0,1670.3396
2018-07-12 06:00:00,1733.0,1777.2911
2018-07-12 07:00:00,1844.0,1870.7773
2018-07-12 08:00:00,1999.0,1966.8313
2018-07-12 09:00:00,2117.0,2122.769
2018-07-12 10:00:00,2242.0,2236.3086
2018-07-12 11:00:00,2322.0,2332.0522
2018-07-12 12:00:00,2431.0,2410.184
2018-07-12 13:00:00,2544.0,2522.634
2018-07-12 14:00:00,2606.0,2622.7344
2018-07-12 15:00:00,2673.0,2650.473
2018-07-12 16:00:00,2707.0,2711.8667
2018-07-12 17:00:00,2729.0,2725.9333
2018-07-12 18:00:00,2717.0,2684.9243
2018-07-12 19:00:00,2627.0,2623.5671
2018-07-12 20:00:00,2498.0,2548.5435
2018-07-12 21:00:00,2409.0,2457.7463
2018-07-12 22:00:00,2249.0,2267.2395
2018-07-12 23:00:00,2024.0,2046.8174
2018-07-13 00:00:00,1865.0,1851.598
2018-07-13 01:00:00,1755.0,1731.1617
2018-07-13 02:00:00,1672.0,1668.2549
2018-07-13 03:00:00,1614.0,1623.3375
2018-07-13 04:00:00,1613.0,1601.7568
2018-07-13 05:00:00,1674.0,1671.3105
2018-07-13 06:00:00,1765.0,1806.6189
2018-07-13 07:00:00,1911.0,1899.4917
2018-07-13 08:00:00,2043.0,2033.8845
2018-07-13 09:00:00,2197.0,2177.9465
2018-07-13 10:00:00,2367.0,2348.0476
2018-07-13 11:00:00,2493.0,2465.7402
2018-07-13 12:00:00,2624.0,2610.8103
2018-07-13 13:00:00,2735.0,2741.3738
2018-07-13 14:00:00,2812.0,2784.398
2018-07-13 15:00:00,2877.0,2839.9583
2018-07-13 16:00:00,2927.0,2898.8108
2018-07-13 17:00:00,2920.0,2896.4553
2018-07-13 18:00:00,2896.0,2827.6682
2018-07-13 19:00:00,2794.0,2792.978
2018-07-13 20:00:00,2666.0,2692.1892
2018-07-13 21:00:00,2541.0,2632.5466
2018-07-13 22:00:00,2368.0,2376.81
2018-07-13 23:00:00,2140.0,2143.1238
2018-07-14 00:00:00,1919.0,1944.9198
2018-07-14 01:00:00,1766.0,1772.1191
2018-07-14 02:00:00,1665.0,1657.5814
2018-07-14 03:00:00,1610.0,1590.7756
2018-07-14 04:00:00,1577.0,1572.0355
2018-07-14 05:00:00,1582.0,1574.783
2018-07-14 06:00:00,1602.0,1591.7075
2018-07-14 07:00:00,1678.0,1667.7327
2018-07-14 08:00:00,1854.0,1821.0746
2018-07-14 09:00:00,2055.0,2022.3474
2018-07-14 10:00:00,2265.0,2223.3232
2018-07-14 11:00:00,2430.0,2434.199
2018-07-14 12:00:00,2543.0,2549.8276
2018-07-14 13:00:00,2652.0,2634.45
2018-07-14 14:00:00,2710.0,2723.5122
2018-07-14 15:00:00,2771.0,2747.559
2018-07-14 16:00:00,2849.0,2787.8186
2018-07-14 17:00:00,2848.0,2842.079
2018-07-14 18:00:00,2819.0,2793.0054
2018-07-14 19:00:00,2697.0,2710.3625
2018-07-14 20:00:00,2591.0,2591.1145
2018-07-14 21:00:00,2533.0,2534.8462
2018-07-14 22:00:00,2365.0,2371.6633
2018-07-14 23:00:00,2175.0,2160.989
2018-07-15 00:00:00,2003.0,1994.6069
2018-07-15 01:00:00,1862.0,1859.1631
2018-07-15 02:00:00,1758.0,1751.0199
2018-07-15 03:00:00,1653.0,1680.4601
2018-07-15 04:00:00,1610.0,1610.0376
2018-07-15 05:00:00,1607.0,1601.6655
2018-07-15 06:00:00,1615.0,1588.3595
2018-07-15 07:00:00,1639.0,1659.1974
2018-07-15 08:00:00,1743.0,1783.4954
2018-07-15 09:00:00,1845.0,1908.6755
2018-07-15 10:00:00,1988.0,1992.675
2018-07-15 11:00:00,2159.0,2127.2195
2018-07-15 12:00:00,2296.0,2301.497
2018-07-15 13:00:00,2386.0,2399.0618
2018-07-15 14:00:00,2490.0,2473.0498
2018-07-15 15:00:00,2591.0,2574.5215
2018-07-15 16:00:00,2668.0,2664.3354
2018-07-15 17:00:00,2736.0,2715.6697
2018-07-15 18:00:00,2664.0,2751.948
2018-07-15 19:00:00,2589.0,2586.4033
2018-07-15 20:00:00,2495.0,2498.7646
2018-07-15 21:00:00,2472.0,2459.769
2018-07-15 22:00:00,2341.0,2354.3906
2018-07-15 23:00:00,2188.0,2162.6765
2018-07-16 00:00:00,2042.0,2024.793
2018-07-16 01:00:00,1950.0,1919.6144
2018-07-16 02:00:00,1865.0,1869.1099
2018-07-16 03:00:00,1841.0,1815.7793
2018-07-16 04:00:00,1845.0,1844.8597
2018-07-16 05:00:00,1918.0,1932.5901
2018-07-16 06:00:00,2084.0,2064.8364
2018-07-16 07:00:00,2223.0,2253.793
2018-07-16 08:00:00,2359.0,2378.8616
2018-07-16 09:00:00,2533.0,2501.823
2018-07-16 10:00:00,2682.0,2723.1016
2018-07-16 11:00:00,2822.0,2837.6045
2018-07-16 12:00:00,2931.0,2935.0322
2018-07-16 13:00:00,3029.0,3048.1697
2018-07-16 14:00:00,3010.0,3110.959
2018-07-16 15:00:00,2966.0,3003.446
2018-07-16 16:00:00,2946.0,2936.543
2018-07-16 17:00:00,2952.0,2940.9958
2018-07-16 18:00:00,2923.0,2906.3909
2018-07-16 19:00:00,2826.0,2835.5042
2018-07-16 20:00:00,2712.0,2739.5605
2018-07-16 21:00:00,2630.0,2649.919
2018-07-16 22:00:00,2477.0,2488.7493
2018-07-16 23:00:00,2255.0,2255.4395
2018-07-17 00:00:00,2100.0,2073.0996
2018-07-17 01:00:00,1972.0,1960.2888
2018-07-17 02:00:00,1882.0,1878.2959
2018-07-17 03:00:00,1836.0,1826.0018
2018-07-17 04:00:00,1826.0,1830.5521
2018-07-17 05:00:00,1894.0,1898.821
2018-07-17 06:00:00,1999.0,2024.0914
2018-07-17 07:00:00,2133.0,2139.89
2018-07-17 08:00:00,2251.0,2262.959
2018-07-17 09:00:00,2365.0,2369.63
2018-07-17 10:00:00,2486.0,2488.738
2018-07-17 11:00:00,2568.0,2591.2976
2018-07-17 12:00:00,2692.0,2647.0415
2018-07-17 13:00:00,2790.0,2771.5015
2018-07-17 14:00:00,2859.0,2852.0388
2018-07-17 15:00:00,2911.0,2874.1187
2018-07-17 16:00:00,2915.0,2940.268
2018-07-17 17:00:00,2922.0,2914.472
2018-07-17 18:00:00,2856.0,2855.346
2018-07-17 19:00:00,2763.0,2764.6182
2018-07-17 20:00:00,2612.0,2688.7097
2018-07-17 21:00:00,2520.0,2562.7158
2018-07-17 22:00:00,2334.0,2363.4492
2018-07-17 23:00:00,2120.0,2106.3894
2018-07-18 00:00:00,1937.0,1932.1448
2018-07-18 01:00:00,1803.0,1803.27
2018-07-18 02:00:00,1716.0,1713.9825
2018-07-18 03:00:00,1644.0,1663.6506
2018-07-18 04:00:00,1643.0,1638.1423
2018-07-18 05:00:00,1722.0,1722.0785
2018-07-18 06:00:00,1808.0,1855.9492
2018-07-18 07:00:00,1935.0,1945.3876
2018-07-18 08:00:00,2049.0,2051.064
2018-07-18 09:00:00,2187.0,2169.311
2018-07-18 10:00:00,2338.0,2307.8904
2018-07-18 11:00:00,2444.0,2457.7812
2018-07-18 12:00:00,2563.0,2539.3567
2018-07-18 13:00:00,2637.0,2658.242
2018-07-18 14:00:00,2694.0,2717.0054
2018-07-18 15:00:00,2708.0,2719.992
2018-07-18 16:00:00,2756.0,2707.3335
2018-07-18 17:00:00,2753.0,2766.24
2018-07-18 18:00:00,2712.0,2686.0583
2018-07-18 19:00:00,2633.0,2626.387
2018-07-18 20:00:00,2508.0,2543.633
2018-07-18 21:00:00,2405.0,2461.0483
2018-07-18 22:00:00,2235.0,2251.1174
2018-07-18 23:00:00,2010.0,2024.3413
2018-07-19 00:00:00,1801.0,1843.9565
2018-07-19 01:00:00,1701.0,1679.9408
2018-07-19 02:00:00,1630.0,1619.7765
2018-07-19 03:00:00,1609.0,1573.77
2018-07-19 04:00:00,1605.0,1615.1558
2018-07-19 05:00:00,1681.0,1694.3256
2018-07-19 06:00:00,1776.0,1828.9222
2018-07-19 07:00:00,1904.0,1927.1786
2018-07-19 08:00:00,2009.0,2031.2871
2018-07-19 09:00:00,2142.0,2126.118
2018-07-19 10:00:00,2288.0,2275.8103
2018-07-19 11:00:00,2393.0,2391.076
2018-07-19 12:00:00,2470.0,2489.8901
2018-07-19 13:00:00,2559.0,2553.4463
2018-07-19 14:00:00,2673.0,2617.8748
2018-07-19 15:00:00,2726.0,2727.8455
2018-07-19 16:00:00,2746.0,2770.1934
2018-07-19 17:00:00,2785.0,2753.2366
2018-07-19 18:00:00,2760.0,2756.901
2018-07-19 19:00:00,2655.0,2686.7307
2018-07-19 20:00:00,2556.0,2575.341
2018-07-19 21:00:00,2432.0,2504.129
2018-07-19 22:00:00,2258.0,2287.4177
2018-07-19 23:00:00,2016.0,2059.547
2018-07-20 00:00:00,1879.0,1868.5825
2018-07-20 01:00:00,1748.0,1754.9261
2018-07-20 02:00:00,1712.0,1666.8259
2018-07-20 03:00:00,1672.0,1664.7021
2018-07-20 04:00:00,1657.0,1672.4031
2018-07-20 05:00:00,1733.0,1735.4304
2018-07-20 06:00:00,1883.0,1857.9244
2018-07-20 07:00:00,1986.0,2039.7324
2018-07-20 08:00:00,2056.0,2103.9658
2018-07-20 09:00:00,2115.0,2169.167
2018-07-20 10:00:00,2190.0,2218.7124
2018-07-20 11:00:00,2236.0,2259.3203
2018-07-20 12:00:00,2259.0,2307.4297
2018-07-20 13:00:00,2218.0,2301.8452
2018-07-20 14:00:00,2177.0,2195.522
2018-07-20 15:00:00,2072.0,2129.5774
2018-07-20 16:00:00,2049.0,2040.6547
2018-07-20 17:00:00,1994.0,2017.6934
2018-07-20 18:00:00,1962.0,1956.4214
2018-07-20 19:00:00,1918.0,1920.9318
2018-07-20 20:00:00,1892.0,1899.1426
2018-07-20 21:00:00,1871.0,1905.7067
2018-07-20 22:00:00,1760.0,1769.3889
2018-07-20 23:00:00,1644.0,1635.8804
2018-07-21 00:00:00,1546.0,1518.3041
2018-07-21 01:00:00,1470.0,1450.4133
2018-07-21 02:00:00,1418.0,1420.4159
2018-07-21 03:00:00,1405.0,1397.0511
2018-07-21 04:00:00,1391.0,1410.121
2018-07-21 05:00:00,1413.0,1415.5549
2018-07-21 06:00:00,1470.0,1452.0897
2018-07-21 07:00:00,1510.0,1537.4655
2018-07-21 08:00:00,1544.0,1621.2399
2018-07-21 09:00:00,1685.0,1654.4294
2018-07-21 10:00:00,1770.0,1759.3464
2018-07-21 11:00:00,1803.0,1811.5742
2018-07-21 12:00:00,1849.0,1818.9199
2018-07-21 13:00:00,1882.0,1854.1283
2018-07-21 14:00:00,1871.0,1891.475
2018-07-21 15:00:00,1878.0,1887.2361
2018-07-21 16:00:00,1901.0,1894.649
2018-07-21 17:00:00,1950.0,1915.6862
2018-07-21 18:00:00,1932.0,1961.9056
2018-07-21 19:00:00,1880.0,1915.5378
2018-07-21 20:00:00,1853.0,1866.1082
2018-07-21 21:00:00,1842.0,1870.7755
2018-07-21 22:00:00,1772.0,1769.8191
2018-07-21 23:00:00,1651.0,1659.5577
2018-07-22 00:00:00,1546.0,1524.2831
2018-07-22 01:00:00,1476.0,1452.1013
2018-07-22 02:00:00,1414.0,1422.2716
2018-07-22 03:00:00,1404.0,1383.4009
2018-07-22 04:00:00,1375.0,1387.0068
2018-07-22 05:00:00,1382.0,1384.007
2018-07-22 06:00:00,1420.0,1400.0535
2018-07-22 07:00:00,1442.0,1465.2474
2018-07-22 08:00:00,1537.0,1546.0278
2018-07-22 09:00:00,1639.0,1635.3342
2018-07-22 10:00:00,1727.0,1702.9224
2018-07-22 11:00:00,1779.0,1775.2833
2018-07-22 12:00:00,1856.0,1826.8254
2018-07-22 13:00:00,1915.0,1890.3383
2018-07-22 14:00:00,1976.0,1938.8646
2018-07-22 15:00:00,2024.0,2022.9902
2018-07-22 16:00:00,2077.0,2070.4412
2018-07-22 17:00:00,2110.0,2116.3347
2018-07-22 18:00:00,2147.0,2131.5647
2018-07-22 19:00:00,2086.0,2149.6404
2018-07-22 20:00:00,2001.0,2070.09
2018-07-22 21:00:00,1965.0,2008.2249
2018-07-22 22:00:00,1885.0,1880.1462
2018-07-22 23:00:00,1745.0,1764.36
2018-07-23 00:00:00,1653.0,1628.3158
2018-07-23 01:00:00,1577.0,1576.7985
2018-07-23 02:00:00,1532.0,1523.8839
2018-07-23 03:00:00,1524.0,1502.2561
2018-07-23 04:00:00,1542.0,1534.5048
2018-07-23 05:00:00,1644.0,1634.2299
2018-07-23 06:00:00,1765.0,1817.8594
2018-07-23 07:00:00,1874.0,1910.3861
2018-07-23 08:00:00,1956.0,1966.65
2018-07-23 09:00:00,2048.0,2043.3323
2018-07-23 10:00:00,2178.0,2138.2695
2018-07-23 11:00:00,2226.0,2236.8386
2018-07-23 12:00:00,2298.0,2288.251
2018-07-23 13:00:00,2359.0,2348.7163
2018-07-23 14:00:00,2382.0,2396.0718
2018-07-23 15:00:00,2369.0,2392.8125
2018-07-23 16:00:00,2380.0,2371.8848
2018-07-23 17:00:00,2389.0,2369.4504
2018-07-23 18:00:00,2418.0,2360.1318
2018-07-23 19:00:00,2344.0,2372.3071
2018-07-23 20:00:00,2314.0,2281.38
2018-07-23 21:00:00,2275.0,2286.4
2018-07-23 22:00:00,2149.0,2145.7656
2018-07-23 23:00:00,1985.0,1959.637
2018-07-24 00:00:00,1829.0,1847.3704
2018-07-24 01:00:00,1736.0,1718.9697
2018-07-24 02:00:00,1655.0,1659.8105
2018-07-24 03:00:00,1612.0,1616.4196
2018-07-24 04:00:00,1621.0,1620.8575
2018-07-24 05:00:00,1700.0,1702.1572
2018-07-24 06:00:00,1834.0,1874.3864
2018-07-24 07:00:00,1952.0,1976.2098
2018-07-24 08:00:00,2063.0,2062.2483
2018-07-24 09:00:00,2160.0,2174.1492
2018-07-24 10:00:00,2214.0,2246.779
2018-07-24 11:00:00,2341.0,2254.0798
2018-07-24 12:00:00,2427.0,2415.2585
2018-07-24 13:00:00,2476.0,2503.7852
2018-07-24 14:00:00,2504.0,2506.5156
2018-07-24 15:00:00,2507.0,2501.7197
2018-07-24 16:00:00,2522.0,2514.7227
2018-07-24 17:00:00,2525.0,2509.98
2018-07-24 18:00:00,2533.0,2503.391
2018-07-24 19:00:00,2456.0,2476.5066
2018-07-24 20:00:00,2412.0,2396.0903
2018-07-24 21:00:00,2380.0,2379.4578
2018-07-24 22:00:00,2229.0,2235.3513
2018-07-24 23:00:00,2033.0,2023.3947
2018-07-25 00:00:00,1871.0,1864.6562
2018-07-25 01:00:00,1772.0,1742.4482
2018-07-25 02:00:00,1688.0,1686.4271
2018-07-25 03:00:00,1661.0,1644.2185
2018-07-25 04:00:00,1658.0,1663.5039
2018-07-25 05:00:00,1745.0,1746.1978
2018-07-25 06:00:00,1842.0,1903.5316
2018-07-25 07:00:00,1996.0,1977.8538
2018-07-25 08:00:00,2125.0,2113.4536
2018-07-25 09:00:00,2271.0,2255.7122
2018-07-25 10:00:00,2428.0,2403.3323
2018-07-25 11:00:00,2542.0,2541.8806
2018-07-25 12:00:00,2678.0,2638.29
2018-07-25 13:00:00,2728.0,2780.375
2018-07-25 14:00:00,2817.0,2780.07
2018-07-25 15:00:00,2861.0,2831.4473
2018-07-25 16:00:00,2898.0,2897.118
2018-07-25 17:00:00,2935.0,2917.2292
2018-07-25 18:00:00,2860.0,2894.0383
2018-07-25 19:00:00,2774.0,2797.9497
2018-07-25 20:00:00,2623.0,2696.467
2018-07-25 21:00:00,2546.0,2583.6553
2018-07-25 22:00:00,2356.0,2373.2507
2018-07-25 23:00:00,2138.0,2128.5642
2018-07-26 00:00:00,1954.0,1963.6602
2018-07-26 01:00:00,1826.0,1821.9047
2018-07-26 02:00:00,1720.0,1728.4745
2018-07-26 03:00:00,1671.0,1662.0931
2018-07-26 04:00:00,1658.0,1659.1842
2018-07-26 05:00:00,1723.0,1741.3625
2018-07-26 06:00:00,1850.0,1846.9735
2018-07-26 07:00:00,1945.0,1997.161
2018-07-26 08:00:00,2107.0,2059.9846
2018-07-26 09:00:00,2256.0,2234.6548
2018-07-26 10:00:00,2414.0,2404.2754
2018-07-26 11:00:00,2527.0,2526.4526
2018-07-26 12:00:00,2637.0,2644.1685
2018-07-26 13:00:00,2752.0,2746.0378
2018-07-26 14:00:00,2839.0,2812.363
2018-07-26 15:00:00,2840.0,2882.2969
2018-07-26 16:00:00,2827.0,2853.2305
2018-07-26 17:00:00,2788.0,2782.122
2018-07-26 18:00:00,2765.0,2714.8003
2018-07-26 19:00:00,2607.0,2667.6748
2018-07-26 20:00:00,2553.0,2488.1167
2018-07-26 21:00:00,2489.0,2484.8418
2018-07-26 22:00:00,2322.0,2332.4072
2018-07-26 23:00:00,2101.0,2107.7634
2018-07-27 00:00:00,1941.0,1911.9484
2018-07-27 01:00:00,1811.0,1802.4803
2018-07-27 02:00:00,1731.0,1713.9413
2018-07-27 03:00:00,1677.0,1679.2545
2018-07-27 04:00:00,1650.0,1674.683
2018-07-27 05:00:00,1716.0,1723.7312
2018-07-27 06:00:00,1798.0,1830.0714
2018-07-27 07:00:00,1900.0,1937.0985
2018-07-27 08:00:00,2035.0,2025.2192
2018-07-27 09:00:00,2157.0,2170.1472
2018-07-27 10:00:00,2278.0,2264.4365
2018-07-27 11:00:00,2342.0,2369.4456
2018-07-27 12:00:00,2409.0,2434.9094
2018-07-27 13:00:00,2463.0,2470.1294
2018-07-27 14:00:00,2487.0,2485.3208
2018-07-27 15:00:00,2485.0,2470.63
2018-07-27 16:00:00,2505.0,2476.7756
2018-07-27 17:00:00,2487.0,2474.3179
2018-07-27 18:00:00,2418.0,2412.2822
2018-07-27 19:00:00,2320.0,2327.0295
2018-07-27 20:00:00,2195.0,2248.2903
2018-07-27 21:00:00,2144.0,2145.389
2018-07-27 22:00:00,1987.0,2008.453
2018-07-27 23:00:00,1820.0,1800.1459
2018-07-28 00:00:00,1654.0,1659.2595
2018-07-28 01:00:00,1553.0,1539.1891
2018-07-28 02:00:00,1475.0,1473.0403
2018-07-28 03:00:00,1439.0,1428.4564
2018-07-28 04:00:00,1413.0,1423.136
2018-07-28 05:00:00,1419.0,1424.5603
2018-07-28 06:00:00,1447.0,1449.925
2018-07-28 07:00:00,1497.0,1516.1547
2018-07-28 08:00:00,1613.0,1618.2314
2018-07-28 09:00:00,1732.0,1741.4102
2018-07-28 10:00:00,1838.0,1826.3273
2018-07-28 11:00:00,1915.0,1900.3468
2018-07-28 12:00:00,1985.0,1970.5496
2018-07-28 13:00:00,2048.0,2036.4012
2018-07-28 14:00:00,2101.0,2093.6873
2018-07-28 15:00:00,2137.0,2134.2625
2018-07-28 16:00:00,2178.0,2157.089
2018-07-28 17:00:00,2186.0,2187.2356
2018-07-28 18:00:00,2164.0,2142.5125
2018-07-28 19:00:00,2075.0,2099.5935
2018-07-28 20:00:00,1977.0,2020.045
2018-07-28 21:00:00,1945.0,1950.8765
2018-07-28 22:00:00,1831.0,1835.1875
2018-07-28 23:00:00,1678.0,1689.1185
2018-07-29 00:00:00,1564.0,1534.2275
2018-07-29 01:00:00,1468.0,1461.7437
2018-07-29 02:00:00,1396.0,1409.5117
2018-07-29 03:00:00,1356.0,1359.2395
2018-07-29 04:00:00,1324.0,1333.8135
2018-07-29 05:00:00,1337.0,1325.7634
2018-07-29 06:00:00,1331.0,1326.1952
2018-07-29 07:00:00,1367.0,1366.466
2018-07-29 08:00:00,1490.0,1503.7336
2018-07-29 09:00:00,1632.0,1624.9668
2018-07-29 10:00:00,1758.0,1741.9231
2018-07-29 11:00:00,1862.0,1870.1744
2018-07-29 12:00:00,1940.0,1958.8639
2018-07-29 13:00:00,1999.0,2006.4081
2018-07-29 14:00:00,2045.0,2071.5784
2018-07-29 15:00:00,2081.0,2110.5562
2018-07-29 16:00:00,2078.0,2131.8955
2018-07-29 17:00:00,2093.0,2077.1597
2018-07-29 18:00:00,2060.0,2081.0698
2018-07-29 19:00:00,2012.0,2008.3671
2018-07-29 20:00:00,1979.0,1974.0443
2018-07-29 21:00:00,1995.0,1997.7046
2018-07-29 22:00:00,1886.0,1909.0438
2018-07-29 23:00:00,1780.0,1753.7903
2018-07-30 00:00:00,1672.0,1669.0834
2018-07-30 01:00:00,1606.0,1596.184
2018-07-30 02:00:00,1560.0,1556.9338
2018-07-30 03:00:00,1527.0,1529.3413
2018-07-30 04:00:00,1557.0,1540.8004
2018-07-30 05:00:00,1649.0,1645.1494
2018-07-30 06:00:00,1790.0,1809.0165
2018-07-30 07:00:00,1905.0,1933.16
2018-07-30 08:00:00,1982.0,2007.7814
2018-07-30 09:00:00,2071.0,2088.0857
2018-07-30 10:00:00,2192.0,2169.596
2018-07-30 11:00:00,2257.0,2267.0298
2018-07-30 12:00:00,2307.0,2314.5356
2018-07-30 13:00:00,2379.0,2340.1838
2018-07-30 14:00:00,2390.0,2412.25
2018-07-30 15:00:00,2364.0,2394.691
2018-07-30 16:00:00,2364.0,2368.47
2018-07-30 17:00:00,2333.0,2343.4836
2018-07-30 18:00:00,2289.0,2271.1309
2018-07-30 19:00:00,2244.0,2234.4675
2018-07-30 20:00:00,2183.0,2205.834
2018-07-30 21:00:00,2178.0,2168.8118
2018-07-30 22:00:00,2053.0,2047.6061
2018-07-30 23:00:00,1903.0,1871.213
2018-07-31 00:00:00,1781.0,1750.3608
2018-07-31 01:00:00,1702.0,1680.4774
2018-07-31 02:00:00,1631.0,1636.6498
2018-07-31 03:00:00,1597.0,1591.5303
2018-07-31 04:00:00,1609.0,1610.2238
2018-07-31 05:00:00,1702.0,1699.9641
2018-07-31 06:00:00,1859.0,1869.1447
2018-07-31 07:00:00,1974.0,1996.6592
2018-07-31 08:00:00,2022.0,2084.7861
2018-07-31 09:00:00,2090.0,2107.9834
2018-07-31 10:00:00,2126.0,2168.763
2018-07-31 11:00:00,2173.0,2151.4114
2018-07-31 12:00:00,2226.0,2204.692
2018-07-31 13:00:00,2258.0,2250.2668
2018-07-31 14:00:00,2267.0,2265.6157
2018-07-31 15:00:00,2298.0,2253.6426
2018-07-31 16:00:00,2356.0,2321.7412
2018-07-31 17:00:00,2391.0,2392.1177
2018-07-31 18:00:00,2365.0,2412.851
2018-07-31 19:00:00,2316.0,2307.6455
2018-07-31 20:00:00,2265.0,2263.5562
2018-07-31 21:00:00,2219.0,2240.5413
2018-07-31 22:00:00,2096.0,2094.4539
2018-07-31 23:00:00,1928.0,1918.0452
2018-08-01 00:00:00,1796.0,1790.6298
2018-08-01 01:00:00,1715.0,1703.3115
2018-08-01 02:00:00,1648.0,1661.1849
2018-08-01 03:00:00,1613.0,1618.106
2018-08-01 04:00:00,1626.0,1629.4391
2018-08-01 05:00:00,1697.0,1712.6217
2018-08-01 06:00:00,1851.0,1895.028
2018-08-01 07:00:00,1950.0,1983.0303
2018-08-01 08:00:00,2032.0,2047.8433
2018-08-01 09:00:00,2068.0,2129.099
2018-08-01 10:00:00,2122.0,2139.9668
2018-08-01 11:00:00,2140.0,2158.4485
2018-08-01 12:00:00,2183.0,2170.3645
2018-08-01 13:00:00,2247.0,2213.7559
2018-08-01 14:00:00,2311.0,2261.4744
2018-08-01 15:00:00,2314.0,2327.004
2018-08-01 16:00:00,2377.0,2337.1519
2018-08-01 17:00:00,2433.0,2415.2043
2018-08-01 18:00:00,2402.0,2459.0354
2018-08-01 19:00:00,2349.0,2352.7693
2018-08-01 20:00:00,2270.0,2297.3953
2018-08-01 21:00:00,2257.0,2233.0427
2018-08-01 22:00:00,2118.0,2098.785
2018-08-01 23:00:00,1924.0,1948.0281
2018-08-02 00:00:00,1789.0,1793.0352
2018-08-02 01:00:00,1717.0,1683.7439
2018-08-02 02:00:00,1632.0,1661.1432
2018-08-02 03:00:00,1605.0,1603.002
2018-08-02 04:00:00,1604.0,1622.1127
2018-08-02 05:00:00,1684.0,1703.5676
2018-08-02 06:00:00,1820.0,1867.1968
2018-08-02 07:00:00,1927.0,1949.7972
2018-08-02 08:00:00,2023.0,2027.9788
2018-08-02 09:00:00,2107.0,2120.11
2018-08-02 10:00:00,2226.0,2187.324
2018-08-02 11:00:00,2315.0,2289.3794
2018-08-02 12:00:00,2429.0,2387.3157
2018-08-02 13:00:00,2525.0,2527.8794
2018-08-02 14:00:00,2576.0,2614.2827
2018-08-02 15:00:00,2594.0,2617.6873
2018-08-02 16:00:00,2626.0,2602.5784
2018-08-02 17:00:00,2624.0,2622.1045
2018-08-02 18:00:00,2600.0,2588.2415
2018-08-02 19:00:00,2554.0,2521.823
2018-08-02 20:00:00,2481.0,2501.2097
2018-08-02 21:00:00,2405.0,2427.7603
2018-08-02 22:00:00,2250.0,2234.656
2018-08-02 23:00:00,2042.0,2045.3093
