Datetime,Actual,Predicted
2017-08-08 04:00:00,2370.0,2363.8616
2017-08-08 05:00:00,2481.0,2496.9177
2017-08-08 06:00:00,2681.0,2684.162
2017-08-08 07:00:00,2754.0,2819.9446
2017-08-08 08:00:00,2917.0,2881.728
2017-08-08 09:00:00,3114.0,3068.7546
2017-08-08 10:00:00,3260.0,3290.8372
2017-08-08 11:00:00,3461.0,3359.0737
2017-08-08 12:00:00,3548.0,3593.1558
2017-08-08 13:00:00,3627.0,3639.4536
2017-08-08 14:00:00,3710.0,3687.318
2017-08-08 15:00:00,3774.0,3756.6917
2017-08-08 16:00:00,3839.0,3821.187
2017-08-08 17:00:00,3843.0,3852.9348
2017-08-08 18:00:00,3803.0,3812.3706
2017-08-08 19:00:00,3674.0,3676.3752
2017-08-08 20:00:00,3526.0,3602.3652
2017-08-08 21:00:00,3437.0,3474.1926
2017-08-08 22:00:00,3180.0,3205.026
2017-08-08 23:00:00,2890.0,2888.1892
2017-08-09 00:00:00,2639.0,2667.2217
2017-08-09 01:00:00,2471.0,2481.7878
2017-08-09 02:00:00,2372.0,2380.869
2017-08-09 03:00:00,2317.0,2320.3586
2017-08-09 04:00:00,2326.0,2321.9336
2017-08-09 05:00:00,2442.0,2441.4622
2017-08-09 06:00:00,2618.0,2669.448
2017-08-09 07:00:00,2729.0,2763.6716
2017-08-09 08:00:00,2901.0,2868.9258
2017-08-09 09:00:00,3111.0,3078.669
2017-08-09 10:00:00,3289.0,3314.8638
2017-08-09 11:00:00,3411.0,3388.2798
2017-08-09 12:00:00,3573.0,3537.1897
2017-08-09 13:00:00,3703.0,3736.6943
2017-08-09 14:00:00,3824.0,3831.83
2017-08-09 15:00:00,3978.0,3925.7915
2017-08-09 16:00:00,4065.0,4056.6667
2017-08-09 17:00:00,4095.0,4108.104
2017-08-09 18:00:00,4019.0,4043.8267
2017-08-09 19:00:00,3869.0,3913.401
2017-08-09 20:00:00,3700.0,3794.2583
2017-08-09 21:00:00,3603.0,3614.8699
2017-08-09 22:00:00,3314.0,3318.328
2017-08-09 23:00:00,3012.0,3011.365
2017-08-10 00:00:00,2764.0,2768.0913
2017-08-10 01:00:00,2596.0,2592.1768
2017-08-10 02:00:00,2482.0,2492.7097
2017-08-10 03:00:00,2395.0,2415.448
2017-08-10 04:00:00,2422.0,2389.1016
2017-08-10 05:00:00,2558.0,2532.623
2017-08-10 06:00:00,2762.0,2800.4749
2017-08-10 07:00:00,2913.0,2919.092
2017-08-10 08:00:00,3068.0,3074.253
2017-08-10 09:00:00,3274.0,3259.9485
2017-08-10 10:00:00,3518.0,3483.647
2017-08-10 11:00:00,3711.0,3694.1946
2017-08-10 12:00:00,3913.0,3899.1194
2017-08-10 13:00:00,4071.0,4078.1223
2017-08-10 14:00:00,4186.0,4183.232
2017-08-10 15:00:00,4284.0,4277.8955
2017-08-10 16:00:00,4367.0,4339.603
2017-08-10 17:00:00,4388.0,4385.8403
2017-08-10 18:00:00,4308.0,4311.8765
2017-08-10 19:00:00,4138.0,4164.799
2017-08-10 20:00:00,3982.0,4023.2808
2017-08-10 21:00:00,3874.0,3900.4512
2017-08-10 22:00:00,3547.0,3569.9175
2017-08-10 23:00:00,3229.0,3227.4348
2017-08-11 00:00:00,2945.0,2961.7788
2017-08-11 01:00:00,2758.0,2741.9385
2017-08-11 02:00:00,2620.0,2632.471
2017-08-11 03:00:00,2564.0,2544.0146
2017-08-11 04:00:00,2540.0,2552.0354
2017-08-11 05:00:00,2648.0,2650.1714
2017-08-11 06:00:00,2818.0,2858.8423
2017-08-11 07:00:00,2956.0,2965.8098
2017-08-11 08:00:00,3127.0,3131.1812
2017-08-11 09:00:00,3355.0,3299.7827
2017-08-11 10:00:00,3615.0,3568.1782
2017-08-11 11:00:00,3846.0,3811.667
2017-08-11 12:00:00,4016.0,4018.3862
2017-08-11 13:00:00,4049.0,4185.001
2017-08-11 14:00:00,4080.0,4136.549
2017-08-11 15:00:00,4048.0,4077.096
2017-08-11 16:00:00,4023.0,4048.3533
2017-08-11 17:00:00,4088.0,4006.5952
2017-08-11 18:00:00,4063.0,3998.7913
2017-08-11 19:00:00,3915.0,3938.0793
2017-08-11 20:00:00,3791.0,3809.185
2017-08-11 21:00:00,3727.0,3725.454
2017-08-11 22:00:00,3505.0,3498.7476
2017-08-11 23:00:00,3246.0,3203.2454
2017-08-12 00:00:00,2983.0,2975.5574
2017-08-12 01:00:00,2797.0,2784.654
2017-08-12 02:00:00,2665.0,2651.5366
2017-08-12 03:00:00,2590.0,2568.549
2017-08-12 04:00:00,2547.0,2537.8542
2017-08-12 05:00:00,2534.0,2553.3503
2017-08-12 06:00:00,2603.0,2585.8535
2017-08-12 07:00:00,2664.0,2695.605
2017-08-12 08:00:00,2862.0,2839.401
2017-08-12 09:00:00,3096.0,3068.198
2017-08-12 10:00:00,3303.0,3302.9155
2017-08-12 11:00:00,3473.0,3463.196
2017-08-12 12:00:00,3591.0,3605.8145
2017-08-12 13:00:00,3670.0,3690.6462
2017-08-12 14:00:00,3744.0,3741.3005
2017-08-12 15:00:00,3801.0,3835.9175
2017-08-12 16:00:00,3878.0,3844.9556
2017-08-12 17:00:00,3885.0,3927.2095
2017-08-12 18:00:00,3812.0,3842.3486
2017-08-12 19:00:00,3680.0,3692.6821
2017-08-12 20:00:00,3494.0,3586.3967
2017-08-12 21:00:00,3416.0,3433.6968
2017-08-12 22:00:00,3172.0,3238.4136
2017-08-12 23:00:00,2919.0,2946.3525
2017-08-13 00:00:00,2670.0,2694.5764
2017-08-13 01:00:00,2501.0,2499.3386
2017-08-13 02:00:00,2388.0,2381.8345
2017-08-13 03:00:00,2308.0,2305.1716
2017-08-13 04:00:00,2260.0,2276.134
2017-08-13 05:00:00,2226.0,2270.6936
2017-08-13 06:00:00,2245.0,2243.8772
2017-08-13 07:00:00,2273.0,2270.5493
2017-08-13 08:00:00,2468.0,2488.2556
2017-08-13 09:00:00,2734.0,2686.766
2017-08-13 10:00:00,2963.0,2958.9714
2017-08-13 11:00:00,3157.0,3142.8162
2017-08-13 12:00:00,3302.0,3261.2568
2017-08-13 13:00:00,3472.0,3417.915
2017-08-13 14:00:00,3614.0,3603.09
2017-08-13 15:00:00,3738.0,3737.6433
2017-08-13 16:00:00,3860.0,3853.1028
2017-08-13 17:00:00,3937.0,3965.8591
2017-08-13 18:00:00,3899.0,3889.0457
2017-08-13 19:00:00,3773.0,3780.1042
2017-08-13 20:00:00,3622.0,3674.3398
2017-08-13 21:00:00,3554.0,3552.4976
2017-08-13 22:00:00,3288.0,3325.1545
2017-08-13 23:00:00,3027.0,3027.3782
2017-08-14 00:00:00,2795.0,2799.3784
2017-08-14 01:00:00,2642.0,2614.9106
2017-08-14 02:00:00,2511.0,2530.9717
2017-08-14 03:00:00,2447.0,2461.9045
2017-08-14 04:00:00,2485.0,2445.2607
2017-08-14 05:00:00,2627.0,2591.4336
2017-08-14 06:00:00,2859.0,2870.998
2017-08-14 07:00:00,3038.0,3026.9578
2017-08-14 08:00:00,3160.0,3218.8267
2017-08-14 09:00:00,3301.0,3338.6873
2017-08-14 10:00:00,3494.0,3468.878
2017-08-14 11:00:00,3693.0,3634.5728
2017-08-14 12:00:00,3891.0,3865.4607
2017-08-14 13:00:00,4050.0,4019.4058
2017-08-14 14:00:00,4181.0,4171.8555
2017-08-14 15:00:00,4115.0,4292.7725
2017-08-14 16:00:00,4081.0,4103.7656
2017-08-14 17:00:00,4079.0,4026.844
2017-08-14 18:00:00,4069.0,3962.4287
2017-08-14 19:00:00,3923.0,3943.3162
2017-08-14 20:00:00,3875.0,3828.243
2017-08-14 21:00:00,3822.0,3794.8203
2017-08-14 22:00:00,3568.0,3544.7417
2017-08-14 23:00:00,3266.0,3235.5293
2017-08-15 00:00:00,3023.0,3009.5698
2017-08-15 01:00:00,2842.0,2837.0803
2017-08-15 02:00:00,2715.0,2721.2798
2017-08-15 03:00:00,2651.0,2649.5298
2017-08-15 04:00:00,2643.0,2645.0005
2017-08-15 05:00:00,2778.0,2771.41
2017-08-15 06:00:00,3026.0,3023.4988
2017-08-15 07:00:00,3163.0,3195.1406
2017-08-15 08:00:00,3367.0,3313.7656
2017-08-15 09:00:00,3626.0,3594.9993
2017-08-15 10:00:00,3880.0,3875.9478
2017-08-15 11:00:00,4067.0,4093.6104
2017-08-15 12:00:00,4246.0,4199.2104
2017-08-15 13:00:00,4414.0,4388.0996
2017-08-15 14:00:00,4576.0,4477.934
2017-08-15 15:00:00,4711.0,4652.24
2017-08-15 16:00:00,4784.0,4763.9043
2017-08-15 17:00:00,4792.0,4806.387
2017-08-15 18:00:00,4665.0,4728.9253
2017-08-15 19:00:00,4510.0,4489.415
2017-08-15 20:00:00,4391.0,4358.897
2017-08-15 21:00:00,4264.0,4227.881
2017-08-15 22:00:00,3950.0,3934.6628
2017-08-15 23:00:00,3579.0,3589.6877
2017-08-16 00:00:00,3284.0,3307.4397
2017-08-16 01:00:00,3062.0,3095.102
2017-08-16 02:00:00,2903.0,2907.429
2017-08-16 03:00:00,2799.0,2805.4219
2017-08-16 04:00:00,2794.0,2781.069
2017-08-16 05:00:00,2909.0,2926.7764
2017-08-16 06:00:00,3145.0,3173.3113
2017-08-16 07:00:00,3291.0,3308.03
2017-08-16 08:00:00,3491.0,3487.2324
2017-08-16 09:00:00,3781.0,3695.3386
2017-08-16 10:00:00,4102.0,4058.47
2017-08-16 11:00:00,4341.0,4346.416
2017-08-16 12:00:00,4545.0,4548.5825
2017-08-16 13:00:00,4727.0,4690.669
2017-08-16 14:00:00,4864.0,4828.4053
2017-08-16 15:00:00,4924.0,4951.244
2017-08-16 16:00:00,4986.0,4957.808
2017-08-16 17:00:00,4990.0,4958.8633
2017-08-16 18:00:00,4909.0,4972.3027
2017-08-16 19:00:00,4791.0,4741.714
2017-08-16 20:00:00,4682.0,4682.6255
2017-08-16 21:00:00,4523.0,4527.3267
2017-08-16 22:00:00,4219.0,4194.998
2017-08-16 23:00:00,3890.0,3791.4016
2017-08-17 00:00:00,3600.0,3587.8977
2017-08-17 01:00:00,3515.0,3355.922
2017-08-17 02:00:00,3289.0,3380.5952
2017-08-17 03:00:00,3148.0,3188.6428
2017-08-17 04:00:00,3148.0,3098.2122
2017-08-17 05:00:00,3197.0,3257.7744
2017-08-17 06:00:00,3393.0,3371.53
2017-08-17 07:00:00,3656.0,3567.3196
2017-08-17 08:00:00,3842.0,3902.2654
2017-08-17 09:00:00,4148.0,4084.3918
2017-08-17 10:00:00,4423.0,4385.719
2017-08-17 11:00:00,4628.0,4612.2124
2017-08-17 12:00:00,4816.0,4821.711
2017-08-17 13:00:00,4992.0,4925.2227
2017-08-17 14:00:00,4967.0,5078.8813
2017-08-17 15:00:00,4557.0,4983.0713
2017-08-17 16:00:00,4364.0,4446.477
2017-08-17 17:00:00,4357.0,4284.0127
2017-08-17 18:00:00,4406.0,4307.439
2017-08-17 19:00:00,4275.0,4277.6333
2017-08-17 20:00:00,4236.0,4176.097
2017-08-17 21:00:00,4144.0,4101.0947
2017-08-17 22:00:00,3864.0,3863.0144
2017-08-17 23:00:00,3557.0,3533.6062
2017-08-18 00:00:00,3346.0,3287.4163
2017-08-18 01:00:00,3172.0,3147.7078
2017-08-18 02:00:00,3076.0,3036.6763
2017-08-18 03:00:00,3015.0,2981.757
2017-08-18 04:00:00,3022.0,2987.4165
2017-08-18 05:00:00,3144.0,3125.7498
2017-08-18 06:00:00,3411.0,3341.544
2017-08-18 07:00:00,3535.0,3575.7878
2017-08-18 08:00:00,3732.0,3712.049
2017-08-18 09:00:00,3908.0,3963.8193
2017-08-18 10:00:00,4119.0,4087.469
2017-08-18 11:00:00,4266.0,4308.7915
2017-08-18 12:00:00,4377.0,4396.655
2017-08-18 13:00:00,4437.0,4496.961
2017-08-18 14:00:00,4494.0,4498.7
2017-08-18 15:00:00,4532.0,4512.4204
2017-08-18 16:00:00,4560.0,4514.3667
2017-08-18 17:00:00,4543.0,4451.8823
2017-08-18 18:00:00,4433.0,4403.0654
2017-08-18 19:00:00,4220.0,4293.4824
2017-08-18 20:00:00,4051.0,4080.2388
2017-08-18 21:00:00,3912.0,3965.112
2017-08-18 22:00:00,3663.0,3629.4666
2017-08-18 23:00:00,3349.0,3393.9048
2017-08-19 00:00:00,3114.0,3088.469
2017-08-19 01:00:00,2894.0,2925.004
2017-08-19 02:00:00,2747.0,2752.339
2017-08-19 03:00:00,2659.0,2631.2852
2017-08-19 04:00:00,2628.0,2609.334
2017-08-19 05:00:00,2645.0,2611.503
2017-08-19 06:00:00,2715.0,2692.706
2017-08-19 07:00:00,2780.0,2816.553
2017-08-19 08:00:00,2975.0,2998.7559
2017-08-19 09:00:00,3236.0,3198.6624
2017-08-19 10:00:00,3516.0,3456.187
2017-08-19 11:00:00,3703.0,3678.0479
2017-08-19 12:00:00,3871.0,3891.6362
2017-08-19 13:00:00,4004.0,4028.5098
2017-08-19 14:00:00,4142.0,4125.5195
2017-08-19 15:00:00,4213.0,4235.528
2017-08-19 16:00:00,4333.0,4284.844
2017-08-19 17:00:00,4364.0,4349.8384
2017-08-19 18:00:00,4295.0,4301.6978
2017-08-19 19:00:00,4145.0,4153.938
2017-08-19 20:00:00,3977.0,4025.1545
2017-08-19 21:00:00,3860.0,3891.81
2017-08-19 22:00:00,3615.0,3624.9666
2017-08-19 23:00:00,3350.0,3328.138
2017-08-20 00:00:00,3089.0,3094.1833
2017-08-20 01:00:00,2910.0,2883.38
2017-08-20 02:00:00,2779.0,2772.3435
2017-08-20 03:00:00,2683.0,2675.6968
2017-08-20 04:00:00,2622.0,2638.7473
2017-08-20 05:00:00,2613.0,2609.7354
2017-08-20 06:00:00,2606.0,2631.9766
2017-08-20 07:00:00,2631.0,2667.2214
2017-08-20 08:00:00,2863.0,2829.1543
2017-08-20 09:00:00,3203.0,3124.3613
2017-08-20 10:00:00,3539.0,3485.3157
2017-08-20 11:00:00,3847.0,3784.3423
2017-08-20 12:00:00,4073.0,4066.7605
2017-08-20 13:00:00,4244.0,4249.1797
2017-08-20 14:00:00,4361.0,4374.905
2017-08-20 15:00:00,4475.0,4450.363
2017-08-20 16:00:00,4546.0,4560.823
2017-08-20 17:00:00,4598.0,4544.708
2017-08-20 18:00:00,4541.0,4547.0303
2017-08-20 19:00:00,4367.0,4390.8555
2017-08-20 20:00:00,4272.0,4248.144
2017-08-20 21:00:00,4153.0,4172.839
2017-08-20 22:00:00,3868.0,3873.121
2017-08-20 23:00:00,3551.0,3540.3472
2017-08-21 00:00:00,3288.0,3263.2886
2017-08-21 01:00:00,3108.0,3086.8926
2017-08-21 02:00:00,2989.0,2970.909
2017-08-21 03:00:00,2919.0,2922.3994
2017-08-21 04:00:00,2936.0,2930.8533
2017-08-21 05:00:00,3083.0,3058.5269
2017-08-21 06:00:00,3337.0,3339.7898
2017-08-21 07:00:00,3496.0,3500.1565
2017-08-21 08:00:00,3697.0,3648.207
2017-08-21 09:00:00,3948.0,3944.0415
2017-08-21 10:00:00,4268.0,4202.6216
2017-08-21 11:00:00,4529.0,4466.5312
2017-08-21 12:00:00,4725.0,4710.598
2017-08-21 13:00:00,4877.0,4874.1733
2017-08-21 14:00:00,4682.0,4986.328
2017-08-21 15:00:00,4740.0,4586.3315
2017-08-21 16:00:00,4937.0,4688.5454
2017-08-21 17:00:00,4881.0,4835.806
2017-08-21 18:00:00,4749.0,4868.7397
2017-08-21 19:00:00,4617.0,4599.368
2017-08-21 20:00:00,4568.0,4475.5205
2017-08-21 21:00:00,4436.0,4452.3813
2017-08-21 22:00:00,4121.0,4117.413
2017-08-21 23:00:00,3786.0,3803.2869
2017-08-22 00:00:00,3537.0,3475.0088
2017-08-22 01:00:00,3363.0,3295.18
2017-08-22 02:00:00,3233.0,3201.2285
2017-08-22 03:00:00,3158.0,3139.2905
2017-08-22 04:00:00,3133.0,3140.4475
2017-08-22 05:00:00,3263.0,3213.3604
2017-08-22 06:00:00,3503.0,3517.1025
2017-08-22 07:00:00,3636.0,3670.1355
2017-08-22 08:00:00,3839.0,3800.6707
2017-08-22 09:00:00,4067.0,4066.692
2017-08-22 10:00:00,4330.0,4302.814
2017-08-22 11:00:00,4507.0,4524.296
2017-08-22 12:00:00,4525.0,4690.4443
2017-08-22 13:00:00,4460.0,4613.7944
2017-08-22 14:00:00,4368.0,4476.614
2017-08-22 15:00:00,4316.0,4323.886
2017-08-22 16:00:00,4330.0,4329.4585
2017-08-22 17:00:00,4213.0,4332.8164
2017-08-22 18:00:00,4165.0,4163.264
2017-08-22 19:00:00,4058.0,4041.4646
2017-08-22 20:00:00,4004.0,3981.7017
2017-08-22 21:00:00,3957.0,3907.7947
2017-08-22 22:00:00,3626.0,3674.4338
2017-08-22 23:00:00,3316.0,3315.6572
2017-08-23 00:00:00,3057.0,3079.6404
2017-08-23 01:00:00,2873.0,2876.8953
2017-08-23 02:00:00,2755.0,2740.7026
2017-08-23 03:00:00,2638.0,2683.6897
2017-08-23 04:00:00,2621.0,2632.6028
2017-08-23 05:00:00,2746.0,2713.6282
2017-08-23 06:00:00,2962.0,2955.5466
2017-08-23 07:00:00,3044.0,3100.062
2017-08-23 08:00:00,3168.0,3197.6707
2017-08-23 09:00:00,3355.0,3320.1062
2017-08-23 10:00:00,3519.0,3525.791
2017-08-23 11:00:00,3592.0,3635.7275
2017-08-23 12:00:00,3714.0,3686.901
2017-08-23 13:00:00,3794.0,3812.8726
2017-08-23 14:00:00,3879.0,3911.34
2017-08-23 15:00:00,3902.0,3967.2437
2017-08-23 16:00:00,3943.0,3944.955
2017-08-23 17:00:00,3958.0,3939.794
2017-08-23 18:00:00,3886.0,3932.034
2017-08-23 19:00:00,3733.0,3779.64
2017-08-23 20:00:00,3601.0,3665.0867
2017-08-23 21:00:00,3460.0,3535.384
2017-08-23 22:00:00,3159.0,3217.42
2017-08-23 23:00:00,2894.0,2874.1174
2017-08-24 00:00:00,2665.0,2679.57
2017-08-24 01:00:00,2546.0,2505.3667
2017-08-24 02:00:00,2431.0,2437.9397
2017-08-24 03:00:00,2379.0,2371.9492
2017-08-24 04:00:00,2382.0,2393.0405
2017-08-24 05:00:00,2496.0,2494.2805
2017-08-24 06:00:00,2749.0,2706.3262
2017-08-24 07:00:00,2831.0,2896.799
2017-08-24 08:00:00,2935.0,2985.6797
2017-08-24 09:00:00,3084.0,3069.8787
2017-08-24 10:00:00,3212.0,3225.2563
2017-08-24 11:00:00,3318.0,3316.94
2017-08-24 12:00:00,3414.0,3412.6362
2017-08-24 13:00:00,3526.0,3508.3835
2017-08-24 14:00:00,3626.0,3606.3545
2017-08-24 15:00:00,3674.0,3712.02
2017-08-24 16:00:00,3716.0,3736.9675
2017-08-24 17:00:00,3726.0,3711.9553
2017-08-24 18:00:00,3646.0,3657.408
2017-08-24 19:00:00,3511.0,3537.9067
2017-08-24 20:00:00,3464.0,3441.0186
2017-08-24 21:00:00,3353.0,3406.163
2017-08-24 22:00:00,3088.0,3119.013
2017-08-24 23:00:00,2806.0,2816.3071
2017-08-25 00:00:00,2580.0,2590.3948
2017-08-25 01:00:00,2412.0,2427.0684
2017-08-25 02:00:00,2365.0,2310.388
2017-08-25 03:00:00,2311.0,2308.236
2017-08-25 04:00:00,2327.0,2320.3425
2017-08-25 05:00:00,2438.0,2424.4167
2017-08-25 06:00:00,2667.0,2645.9849
2017-08-25 07:00:00,2796.0,2797.4084
2017-08-25 08:00:00,2916.0,2930.206
2017-08-25 09:00:00,3005.0,3068.8318
2017-08-25 10:00:00,3139.0,3151.8198
2017-08-25 11:00:00,3234.0,3232.546
2017-08-25 12:00:00,3336.0,3335.4893
2017-08-25 13:00:00,3423.0,3413.2578
2017-08-25 14:00:00,3467.0,3503.5063
2017-08-25 15:00:00,3524.0,3525.8645
2017-08-25 16:00:00,3563.0,3562.6729
2017-08-25 17:00:00,3538.0,3546.6
2017-08-25 18:00:00,3409.0,3439.3635
2017-08-25 19:00:00,3251.0,3304.5842
2017-08-25 20:00:00,3191.0,3177.7876
2017-08-25 21:00:00,3108.0,3141.1707
2017-08-25 22:00:00,2919.0,2932.2617
2017-08-25 23:00:00,2677.0,2706.2803
2017-08-26 00:00:00,2484.0,2492.076
2017-08-26 01:00:00,2344.0,2336.1025
2017-08-26 02:00:00,2247.0,2241.9807
2017-08-26 03:00:00,2189.0,2180.9814
2017-08-26 04:00:00,2157.0,2163.3892
2017-08-26 05:00:00,2184.0,2173.1226
2017-08-26 06:00:00,2281.0,2240.9343
2017-08-26 07:00:00,2310.0,2336.656
2017-08-26 08:00:00,2479.0,2460.588
2017-08-26 09:00:00,2637.0,2633.5374
2017-08-26 10:00:00,2802.0,2764.2905
2017-08-26 11:00:00,2909.0,2922.8
2017-08-26 12:00:00,2983.0,2965.3657
2017-08-26 13:00:00,3042.0,3036.7156
2017-08-26 14:00:00,3131.0,3093.4207
2017-08-26 15:00:00,3216.0,3178.5747
2017-08-26 16:00:00,3298.0,3270.267
2017-08-26 17:00:00,3333.0,3326.8862
2017-08-26 18:00:00,3303.0,3281.807
2017-08-26 19:00:00,3163.0,3215.9507
2017-08-26 20:00:00,3070.0,3105.832
2017-08-26 21:00:00,2970.0,3034.9956
2017-08-26 22:00:00,2769.0,2799.5947
2017-08-26 23:00:00,2578.0,2574.092
2017-08-27 00:00:00,2417.0,2412.93
2017-08-27 01:00:00,2274.0,2285.9836
2017-08-27 02:00:00,2195.0,2181.7825
2017-08-27 03:00:00,2139.0,2106.055
2017-08-27 04:00:00,2105.0,2110.589
2017-08-27 05:00:00,2097.0,2093.2556
2017-08-27 06:00:00,2112.0,2084.948
2017-08-27 07:00:00,2133.0,2133.5586
2017-08-27 08:00:00,2267.0,2284.9104
2017-08-27 09:00:00,2421.0,2435.1038
2017-08-27 10:00:00,2618.0,2543.8264
2017-08-27 11:00:00,2756.0,2716.286
2017-08-27 12:00:00,2929.0,2873.489
2017-08-27 13:00:00,3062.0,3035.741
2017-08-27 14:00:00,3193.0,3163.4148
2017-08-27 15:00:00,3341.0,3317.2935
2017-08-27 16:00:00,3483.0,3445.9434
2017-08-27 17:00:00,3560.0,3556.891
2017-08-27 18:00:00,3571.0,3535.2988
2017-08-27 19:00:00,3480.0,3504.1125
2017-08-27 20:00:00,3430.0,3414.891
2017-08-27 21:00:00,3321.0,3382.977
2017-08-27 22:00:00,3059.0,3127.689
2017-08-27 23:00:00,2825.0,2850.2612
2017-08-28 00:00:00,2612.0,2626.3784
2017-08-28 01:00:00,2470.0,2470.0273
2017-08-28 02:00:00,2388.0,2381.7358
2017-08-28 03:00:00,2342.0,2324.8516
2017-08-28 04:00:00,2382.0,2359.0408
2017-08-28 05:00:00,2546.0,2507.7683
2017-08-28 06:00:00,2835.0,2780.1062
2017-08-28 07:00:00,3021.0,2975.8467
2017-08-28 08:00:00,3117.0,3125.9348
2017-08-28 09:00:00,3245.0,3283.0696
2017-08-28 10:00:00,3342.0,3396.2136
2017-08-28 11:00:00,3434.0,3443.6501
2017-08-28 12:00:00,3478.0,3531.691
2017-08-28 13:00:00,3520.0,3543.8843
2017-08-28 14:00:00,3607.0,3555.102
2017-08-28 15:00:00,3665.0,3661.6567
2017-08-28 16:00:00,3673.0,3682.1443
2017-08-28 17:00:00,3665.0,3623.731
2017-08-28 18:00:00,3597.0,3592.536
2017-08-28 19:00:00,3479.0,3512.1917
2017-08-28 20:00:00,3501.0,3423.5085
2017-08-28 21:00:00,3414.0,3423.3105
2017-08-28 22:00:00,3168.0,3196.9841
2017-08-28 23:00:00,2917.0,2889.7263
2017-08-29 00:00:00,2702.0,2698.7605
2017-08-29 01:00:00,2556.0,2545.6384
2017-08-29 02:00:00,2472.0,2463.6946
2017-08-29 03:00:00,2445.0,2420.5603
2017-08-29 04:00:00,2464.0,2464.7903
2017-08-29 05:00:00,2604.0,2586.8533
2017-08-29 06:00:00,2896.0,2846.909
2017-08-29 07:00:00,3045.0,3034.0247
2017-08-29 08:00:00,3063.0,3160.6804
2017-08-29 09:00:00,3166.0,3140.0767
2017-08-29 10:00:00,3250.0,3263.691
2017-08-29 11:00:00,3349.0,3305.0999
2017-08-29 12:00:00,3490.0,3400.6758
2017-08-29 13:00:00,3617.0,3559.9355
2017-08-29 14:00:00,3682.0,3686.9365
2017-08-29 15:00:00,3609.0,3728.544
2017-08-29 16:00:00,3559.0,3600.2312
2017-08-29 17:00:00,3557.0,3504.2126
2017-08-29 18:00:00,3572.0,3491.982
2017-08-29 19:00:00,3481.0,3526.8398
2017-08-29 20:00:00,3494.0,3430.6401
2017-08-29 21:00:00,3400.0,3446.6443
2017-08-29 22:00:00,3118.0,3170.7502
2017-08-29 23:00:00,2888.0,2858.7502
2017-08-30 00:00:00,2659.0,2657.771
2017-08-30 01:00:00,2519.0,2498.3389
2017-08-30 02:00:00,2394.0,2416.4402
2017-08-30 03:00:00,2392.0,2335.995
2017-08-30 04:00:00,2393.0,2403.0374
2017-08-30 05:00:00,2564.0,2504.1802
2017-08-30 06:00:00,2824.0,2818.9302
2017-08-30 07:00:00,2944.0,2957.216
2017-08-30 08:00:00,3026.0,3032.3748
2017-08-30 09:00:00,3140.0,3161.6902
2017-08-30 10:00:00,3322.0,3255.359
2017-08-30 11:00:00,3447.0,3455.2324
2017-08-30 12:00:00,3585.0,3553.1282
2017-08-30 13:00:00,3709.0,3681.9983
2017-08-30 14:00:00,3821.0,3806.6375
2017-08-30 15:00:00,3894.0,3887.3594
2017-08-30 16:00:00,3951.0,3975.8713
2017-08-30 17:00:00,3933.0,3941.9392
2017-08-30 18:00:00,3844.0,3849.6353
2017-08-30 19:00:00,3742.0,3725.0195
2017-08-30 20:00:00,3729.0,3669.7131
2017-08-30 21:00:00,3622.0,3632.2134
2017-08-30 22:00:00,3347.0,3359.3682
2017-08-30 23:00:00,3030.0,3047.125
2017-08-31 00:00:00,2786.0,2797.8628
2017-08-31 01:00:00,2611.0,2605.9883
2017-08-31 02:00:00,2507.0,2494.4663
2017-08-31 03:00:00,2455.0,2447.192
2017-08-31 04:00:00,2471.0,2459.9404
2017-08-31 05:00:00,2608.0,2587.0017
2017-08-31 06:00:00,2906.0,2852.124
2017-08-31 07:00:00,3052.0,3039.8245
2017-08-31 08:00:00,3162.0,3197.7732
2017-08-31 09:00:00,3281.0,3326.6038
2017-08-31 10:00:00,3431.0,3451.5017
2017-08-31 11:00:00,3550.0,3586.3337
2017-08-31 12:00:00,3703.0,3713.9658
2017-08-31 13:00:00,3869.0,3853.9924
2017-08-31 14:00:00,3977.0,3988.7478
2017-08-31 15:00:00,4059.0,4064.2708
2017-08-31 16:00:00,4073.0,4124.437
2017-08-31 17:00:00,4055.0,4065.475
2017-08-31 18:00:00,3926.0,3956.6687
2017-08-31 19:00:00,3771.0,3791.9702
2017-08-31 20:00:00,3758.0,3679.0227
2017-08-31 21:00:00,3601.0,3659.8152
2017-08-31 22:00:00,3287.0,3329.6902
2017-08-31 23:00:00,2951.0,2996.244
2017-09-01 00:00:00,2683.0,2722.444
2017-09-01 01:00:00,2511.0,2532.024
2017-09-01 02:00:00,2394.0,2410.679
2017-09-01 03:00:00,2327.0,2336.32
2017-09-01 04:00:00,2335.0,2306.881
2017-09-01 05:00:00,2454.0,2445.6355
2017-09-01 06:00:00,2693.0,2675.6794
2017-09-01 07:00:00,2838.0,2834.2292
2017-09-01 08:00:00,2880.0,2969.7898
2017-09-01 09:00:00,2902.0,2995.9285
2017-09-01 10:00:00,2925.0,3007.6592
2017-09-01 11:00:00,2930.0,2956.709
2017-09-01 12:00:00,2923.0,2936.0933
2017-09-01 13:00:00,2902.0,2890.8596
2017-09-01 14:00:00,2855.0,2880.575
2017-09-01 15:00:00,2800.0,2821.8486
2017-09-01 16:00:00,2766.0,2799.4202
2017-09-01 17:00:00,2742.0,2754.445
2017-09-01 18:00:00,2717.0,2717.9604
2017-09-01 19:00:00,2698.0,2714.76
2017-09-01 20:00:00,2742.0,2723.6938
2017-09-01 21:00:00,2643.0,2693.7192
2017-09-01 22:00:00,2519.0,2516.6187
2017-09-01 23:00:00,2336.0,2423.1873
2017-09-02 00:00:00,2201.0,2209.4377
2017-09-02 01:00:00,2111.0,2133.4658
2017-09-02 02:00:00,2049.0,2070.013
2017-09-02 03:00:00,2031.0,2030.4688
2017-09-02 04:00:00,2034.0,2052.8494
2017-09-02 05:00:00,2072.0,2091.6763
2017-09-02 06:00:00,2141.0,2140.907
2017-09-02 07:00:00,2202.0,2217.2917
2017-09-02 08:00:00,2324.0,2329.8074
2017-09-02 09:00:00,2435.0,2437.5183
2017-09-02 10:00:00,2523.0,2512.8765
2017-09-02 11:00:00,2554.0,2555.5608
2017-09-02 12:00:00,2552.0,2567.9487
2017-09-02 13:00:00,2547.0,2564.3123
2017-09-02 14:00:00,2522.0,2550.4453
2017-09-02 15:00:00,2509.0,2530.575
2017-09-02 16:00:00,2473.0,2514.6746
2017-09-02 17:00:00,2508.0,2500.3486
2017-09-02 18:00:00,2495.0,2514.1455
2017-09-02 19:00:00,2506.0,2527.8518
2017-09-02 20:00:00,2575.0,2575.5188
2017-09-02 21:00:00,2548.0,2583.6047
2017-09-02 22:00:00,2429.0,2458.9463
2017-09-02 23:00:00,2295.0,2311.847
2017-09-03 00:00:00,2168.0,2171.0588
2017-09-03 01:00:00,2078.0,2086.378
2017-09-03 02:00:00,2019.0,2028.3457
2017-09-03 03:00:00,1969.0,1976.1389
2017-09-03 04:00:00,1952.0,1975.4962
2017-09-03 05:00:00,1972.0,2014.2556
2017-09-03 06:00:00,2032.0,2036.8417
2017-09-03 07:00:00,2086.0,2082.4897
2017-09-03 08:00:00,2178.0,2187.6892
2017-09-03 09:00:00,2300.0,2316.1533
2017-09-03 10:00:00,2400.0,2402.481
2017-09-03 11:00:00,2500.0,2464.8452
2017-09-03 12:00:00,2590.0,2535.6802
2017-09-03 13:00:00,2679.0,2621.682
2017-09-03 14:00:00,2775.0,2687.0366
2017-09-03 15:00:00,2882.0,2833.29
2017-09-03 16:00:00,2969.0,2935.302
2017-09-03 17:00:00,3026.0,3030.1628
2017-09-03 18:00:00,2996.0,3031.74
2017-09-03 19:00:00,2912.0,2986.2239
2017-09-03 20:00:00,2905.0,2955.2976
2017-09-03 21:00:00,2813.0,2858.1335
2017-09-03 22:00:00,2641.0,2644.4172
2017-09-03 23:00:00,2476.0,2454.0437
2017-09-04 00:00:00,2328.0,2319.3857
2017-09-04 01:00:00,2207.0,2229.459
2017-09-04 02:00:00,2133.0,2156.0564
2017-09-04 03:00:00,2092.0,2121.4207
2017-09-04 04:00:00,2084.0,2127.9514
2017-09-04 05:00:00,2137.0,2190.6885
2017-09-04 06:00:00,2189.0,2331.4438
2017-09-04 07:00:00,2205.0,2350.598
2017-09-04 08:00:00,2352.0,2333.138
2017-09-04 09:00:00,2577.0,2500.7283
2017-09-04 10:00:00,2811.0,2732.4373
2017-09-04 11:00:00,3071.0,2931.3174
2017-09-04 12:00:00,3279.0,3183.3708
2017-09-04 13:00:00,3453.0,3378.4138
2017-09-04 14:00:00,3569.0,3564.153
2017-09-04 15:00:00,3692.0,3664.0823
2017-09-04 16:00:00,3794.0,3764.252
2017-09-04 17:00:00,3864.0,3847.6672
2017-09-04 18:00:00,3821.0,3845.288
2017-09-04 19:00:00,3732.0,3731.4119
2017-09-04 20:00:00,3783.0,3654.2922
2017-09-04 21:00:00,3642.0,3654.0571
2017-09-04 22:00:00,3364.0,3385.4336
2017-09-04 23:00:00,3086.0,3086.3347
2017-09-05 00:00:00,2876.0,2860.5105
2017-09-05 01:00:00,2700.0,2702.1846
2017-09-05 02:00:00,2591.0,2590.2185
2017-09-05 03:00:00,2573.0,2535.829
2017-09-05 04:00:00,2618.0,2578.0945
2017-09-05 05:00:00,2753.0,2763.391
2017-09-05 06:00:00,3007.0,3039.8064
2017-09-05 07:00:00,3097.0,3213.2642
2017-09-05 08:00:00,3138.0,3248.8652
2017-09-05 09:00:00,3183.0,3274.3909
2017-09-05 10:00:00,3272.0,3307.0522
2017-09-05 11:00:00,3337.0,3378.8428
2017-09-05 12:00:00,3378.0,3423.6191
2017-09-05 13:00:00,3402.0,3432.0942
2017-09-05 14:00:00,3444.0,3441.5083
2017-09-05 15:00:00,3447.0,3481.136
2017-09-05 16:00:00,3477.0,3462.09
2017-09-05 17:00:00,3425.0,3487.853
2017-09-05 18:00:00,3325.0,3354.1057
2017-09-05 19:00:00,3213.0,3264.9663
2017-09-05 20:00:00,3200.0,3179.7747
2017-09-05 21:00:00,3048.0,3095.0422
2017-09-05 22:00:00,2816.0,2839.4502
2017-09-05 23:00:00,2580.0,2605.0005
2017-09-06 00:00:00,2380.0,2406.3337
2017-09-06 01:00:00,2263.0,2276.5488
2017-09-06 02:00:00,2196.0,2190.6055
2017-09-06 03:00:00,2174.0,2149.2073
2017-09-06 04:00:00,2201.0,2197.4663
2017-09-06 05:00:00,2328.0,2342.3643
2017-09-06 06:00:00,2591.0,2574.3977
2017-09-06 07:00:00,2694.0,2708.3982
2017-09-06 08:00:00,2757.0,2770.7532
2017-09-06 09:00:00,2853.0,2852.5488
2017-09-06 10:00:00,2946.0,2970.8127
2017-09-06 11:00:00,2985.0,3000.6172
2017-09-06 12:00:00,3015.0,3034.5454
2017-09-06 13:00:00,3040.0,3058.2437
2017-09-06 14:00:00,2997.0,3068.9346
2017-09-06 15:00:00,2998.0,2999.3115
2017-09-06 16:00:00,3008.0,2991.858
2017-09-06 17:00:00,2977.0,2995.178
2017-09-06 18:00:00,2932.0,2928.2297
2017-09-06 19:00:00,2920.0,2925.0813
2017-09-06 20:00:00,2984.0,2924.9216
2017-09-06 21:00:00,2866.0,2879.757
2017-09-06 22:00:00,2659.0,2672.6265
2017-09-06 23:00:00,2455.0,2440.6646
2017-09-07 00:00:00,2303.0,2274.969
2017-09-07 01:00:00,2206.0,2205.5225
2017-09-07 02:00:00,2153.0,2154.8206
2017-09-07 03:00:00,2129.0,2131.7356
2017-09-07 04:00:00,2151.0,2176.4597
2017-09-07 05:00:00,2289.0,2303.4346
2017-09-07 06:00:00,2541.0,2538.9133
2017-09-07 07:00:00,2683.0,2699.3381
2017-09-07 08:00:00,2749.0,2794.277
2017-09-07 09:00:00,2805.0,2812.8193
2017-09-07 10:00:00,2880.0,2870.2908
2017-09-07 11:00:00,2911.0,2913.9717
2017-09-07 12:00:00,2919.0,2939.6284
2017-09-07 13:00:00,2950.0,2936.893
2017-09-07 14:00:00,2955.0,2968.7239
2017-09-07 15:00:00,2846.0,2962.8613
2017-09-07 16:00:00,2794.0,2832.5803
2017-09-07 17:00:00,2850.0,2762.202
2017-09-07 18:00:00,2859.0,2866.5674
2017-09-07 19:00:00,2862.0,2888.8647
2017-09-07 20:00:00,2977.0,2904.283
2017-09-07 21:00:00,2873.0,2871.2273
2017-09-07 22:00:00,2665.0,2680.3655
2017-09-07 23:00:00,2453.0,2441.829
2017-09-08 00:00:00,2296.0,2296.7944
2017-09-08 01:00:00,2211.0,2191.8062
2017-09-08 02:00:00,2141.0,2149.4795
2017-09-08 03:00:00,2129.0,2122.6658
2017-09-08 04:00:00,2153.0,2174.832
2017-09-08 05:00:00,2305.0,2290.9678
2017-09-08 06:00:00,2565.0,2582.3513
2017-09-08 07:00:00,2679.0,2731.1804
2017-09-08 08:00:00,2758.0,2754.832
2017-09-08 09:00:00,2845.0,2819.1047
2017-09-08 10:00:00,2934.0,2895.872
2017-09-08 11:00:00,2974.0,2962.0073
2017-09-08 12:00:00,3002.0,2992.8557
2017-09-08 13:00:00,3076.0,3009.161
2017-09-08 14:00:00,3108.0,3098.743
2017-09-08 15:00:00,3135.0,3115.3645
2017-09-08 16:00:00,3139.0,3137.9995
2017-09-08 17:00:00,3139.0,3112.8594
2017-09-08 18:00:00,3075.0,3103.1401
2017-09-08 19:00:00,2976.0,3047.1497
2017-09-08 20:00:00,3007.0,2975.4229
2017-09-08 21:00:00,2904.0,2911.5945
2017-09-08 22:00:00,2723.0,2734.3955
2017-09-08 23:00:00,2525.0,2520.9856
2017-09-09 00:00:00,2372.0,2356.2363
2017-09-09 01:00:00,2219.0,2247.3748
2017-09-09 02:00:00,2149.0,2148.8704
2017-09-09 03:00:00,2120.0,2099.599
2017-09-09 04:00:00,2117.0,2107.1353
2017-09-09 05:00:00,2159.0,2162.462
2017-09-09 06:00:00,2241.0,2233.0793
2017-09-09 07:00:00,2322.0,2340.6008
2017-09-09 08:00:00,2417.0,2441.6018
2017-09-09 09:00:00,2550.0,2548.62
2017-09-09 10:00:00,2666.0,2675.2866
2017-09-09 11:00:00,2714.0,2736.11
2017-09-09 12:00:00,2765.0,2740.3643
2017-09-09 13:00:00,2802.0,2785.059
2017-09-09 14:00:00,2824.0,2821.3179
2017-09-09 15:00:00,2877.0,2827.8386
2017-09-09 16:00:00,2898.0,2901.618
2017-09-09 17:00:00,2910.0,2927.2007
2017-09-09 18:00:00,2858.0,2903.5457
2017-09-09 19:00:00,2763.0,2858.7249
2017-09-09 20:00:00,2754.0,2808.588
2017-09-09 21:00:00,2677.0,2709.2058
2017-09-09 22:00:00,2514.0,2534.968
2017-09-09 23:00:00,2342.0,2353.959
2017-09-10 00:00:00,2195.0,2204.8215
2017-09-10 01:00:00,2099.0,2115.811
2017-09-10 02:00:00,2020.0,2048.1272
2017-09-10 03:00:00,1993.0,1984.8269
2017-09-10 04:00:00,1991.0,1980.1539
2017-09-10 05:00:00,1995.0,2004.559
2017-09-10 06:00:00,2049.0,2037.3025
2017-09-10 07:00:00,2108.0,2102.0652
2017-09-10 08:00:00,2224.0,2215.941
2017-09-10 09:00:00,2357.0,2352.7776
2017-09-10 10:00:00,2461.0,2462.2083
2017-09-10 11:00:00,2536.0,2516.468
2017-09-10 12:00:00,2607.0,2596.5596
2017-09-10 13:00:00,2627.0,2646.058
2017-09-10 14:00:00,2660.0,2643.5103
2017-09-10 15:00:00,2696.0,2664.9102
2017-09-10 16:00:00,2767.0,2733.8313
2017-09-10 17:00:00,2843.0,2820.4844
2017-09-10 18:00:00,2830.0,2833.1084
2017-09-10 19:00:00,2785.0,2836.8672
2017-09-10 20:00:00,2852.0,2816.7307
2017-09-10 21:00:00,2743.0,2778.2659
2017-09-10 22:00:00,2522.0,2559.9314
2017-09-10 23:00:00,2327.0,2336.7979
2017-09-11 00:00:00,2173.0,2181.2446
2017-09-11 01:00:00,2113.0,2079.2693
2017-09-11 02:00:00,2076.0,2071.6785
2017-09-11 03:00:00,2054.0,2063.7493
2017-09-11 04:00:00,2108.0,2095.1748
2017-09-11 05:00:00,2256.0,2257.5796
2017-09-11 06:00:00,2552.0,2556.9512
2017-09-11 07:00:00,2706.0,2736.1304
2017-09-11 08:00:00,2754.0,2796.6516
2017-09-11 09:00:00,2817.0,2844.6504
2017-09-11 10:00:00,2904.0,2904.1558
2017-09-11 11:00:00,2958.0,2959.6992
2017-09-11 12:00:00,3002.0,3006.4524
2017-09-11 13:00:00,3074.0,3018.073
2017-09-11 14:00:00,3086.0,3103.846
2017-09-11 15:00:00,3090.0,3096.5845
2017-09-11 16:00:00,3079.0,3085.8137
2017-09-11 17:00:00,3069.0,3058.591
2017-09-11 18:00:00,3006.0,3051.221
2017-09-11 19:00:00,3002.0,3009.7434
2017-09-11 20:00:00,3071.0,3020.3835
2017-09-11 21:00:00,2939.0,2970.3196
2017-09-11 22:00:00,2703.0,2728.687
2017-09-11 23:00:00,2536.0,2496.104
2017-09-12 00:00:00,2293.0,2372.3347
2017-09-12 01:00:00,2238.0,2212.0127
2017-09-12 02:00:00,2183.0,2174.4812
2017-09-12 03:00:00,2150.0,2157.2642
2017-09-12 04:00:00,2178.0,2186.0698
2017-09-12 05:00:00,2327.0,2338.9038
2017-09-12 06:00:00,2614.0,2627.8394
2017-09-12 07:00:00,2727.0,2774.335
2017-09-12 08:00:00,2773.0,2787.1768
2017-09-12 09:00:00,2831.0,2828.946
2017-09-12 10:00:00,2885.0,2906.6128
2017-09-12 11:00:00,2916.0,2921.094
2017-09-12 12:00:00,2951.0,2946.6492
2017-09-12 13:00:00,2973.0,2983.572
2017-09-12 14:00:00,2967.0,2981.903
2017-09-12 15:00:00,2940.0,2956.322
2017-09-12 16:00:00,2990.0,2921.7517
2017-09-12 17:00:00,2997.0,2990.0222
2017-09-12 18:00:00,2994.0,2980.983
2017-09-12 19:00:00,2991.0,3008.666
2017-09-12 20:00:00,3046.0,3006.5396
2017-09-12 21:00:00,2943.0,2919.9036
2017-09-12 22:00:00,2707.0,2723.1392
2017-09-12 23:00:00,2518.0,2493.2607
2017-09-13 00:00:00,2391.0,2354.9639
2017-09-13 01:00:00,2275.0,2279.4167
2017-09-13 02:00:00,2239.0,2215.0195
2017-09-13 03:00:00,2203.0,2218.5679
2017-09-13 04:00:00,2246.0,2243.0955
2017-09-13 05:00:00,2418.0,2410.5017
2017-09-13 06:00:00,2701.0,2716.4814
2017-09-13 07:00:00,2874.0,2877.331
2017-09-13 08:00:00,2927.0,2908.7761
2017-09-13 09:00:00,2984.0,2972.1243
2017-09-13 10:00:00,3022.0,3031.8726
2017-09-13 11:00:00,3034.0,3048.799
2017-09-13 12:00:00,3040.0,3044.253
2017-09-13 13:00:00,3022.0,3047.4927
2017-09-13 14:00:00,2999.0,3007.319
2017-09-13 15:00:00,2964.0,2976.4775
2017-09-13 16:00:00,2947.0,2939.5876
2017-09-13 17:00:00,2945.0,2938.6453
2017-09-13 18:00:00,2920.0,2948.5195
2017-09-13 19:00:00,2928.0,2958.7324
2017-09-13 20:00:00,2965.0,2971.712
2017-09-13 21:00:00,2857.0,2864.416
2017-09-13 22:00:00,2658.0,2654.9485
2017-09-13 23:00:00,2485.0,2445.9282
2017-09-14 00:00:00,2324.0,2329.5417
2017-09-14 01:00:00,2258.0,2232.805
2017-09-14 02:00:00,2195.0,2190.1514
2017-09-14 03:00:00,2144.0,2169.7505
2017-09-14 04:00:00,2187.0,2179.7822
2017-09-14 05:00:00,2362.0,2331.7192
2017-09-14 06:00:00,2649.0,2655.3708
2017-09-14 07:00:00,2826.0,2814.8499
2017-09-14 08:00:00,2877.0,2844.8948
2017-09-14 09:00:00,2927.0,2929.3147
2017-09-14 10:00:00,2987.0,2995.9185
2017-09-14 11:00:00,3013.0,3003.3767
2017-09-14 12:00:00,3035.0,3048.2034
2017-09-14 13:00:00,3063.0,3054.691
2017-09-14 14:00:00,3075.0,3076.768
2017-09-14 15:00:00,3054.0,3081.5645
2017-09-14 16:00:00,3060.0,3044.7864
2017-09-14 17:00:00,3042.0,3066.2505
2017-09-14 18:00:00,3021.0,3036.409
2017-09-14 19:00:00,3042.0,3037.24
2017-09-14 20:00:00,3126.0,3081.0828
2017-09-14 21:00:00,3021.0,3010.9695
2017-09-14 22:00:00,2839.0,2821.8347
2017-09-14 23:00:00,2623.0,2611.0916
2017-09-15 00:00:00,2448.0,2464.095
2017-09-15 01:00:00,2316.0,2328.4697
2017-09-15 02:00:00,2242.0,2236.5515
2017-09-15 03:00:00,2216.0,2215.9421
2017-09-15 04:00:00,2234.0,2250.9526
2017-09-15 05:00:00,2373.0,2378.9353
2017-09-15 06:00:00,2626.0,2625.3916
2017-09-15 07:00:00,2781.0,2809.5295
2017-09-15 08:00:00,2857.0,2868.3594
2017-09-15 09:00:00,2945.0,2913.8474
2017-09-15 10:00:00,3061.0,3015.8154
2017-09-15 11:00:00,3163.0,3092.5894
2017-09-15 12:00:00,3249.0,3223.344
2017-09-15 13:00:00,3356.0,3291.9307
2017-09-15 14:00:00,3428.0,3388.831
2017-09-15 15:00:00,3471.0,3481.5732
2017-09-15 16:00:00,3486.0,3511.2927
2017-09-15 17:00:00,3456.0,3483.1704
2017-09-15 18:00:00,3376.0,3384.0789
2017-09-15 19:00:00,3286.0,3326.707
2017-09-15 20:00:00,3278.0,3256.407
2017-09-15 21:00:00,3143.0,3182.2126
2017-09-15 22:00:00,2970.0,2942.5186
2017-09-15 23:00:00,2756.0,2738.9895
2017-09-16 00:00:00,2517.0,2529.9692
2017-09-16 01:00:00,2387.0,2374.7761
2017-09-16 02:00:00,2309.0,2280.9214
2017-09-16 03:00:00,2243.0,2245.5837
2017-09-16 04:00:00,2212.0,2231.2717
2017-09-16 05:00:00,2244.0,2245.9553
2017-09-16 06:00:00,2310.0,2304.2288
2017-09-16 07:00:00,2384.0,2399.642
2017-09-16 08:00:00,2518.0,2509.612
2017-09-16 09:00:00,2727.0,2672.1465
2017-09-16 10:00:00,2915.0,2870.142
2017-09-16 11:00:00,3073.0,3018.2478
2017-09-16 12:00:00,3194.0,3163.6484
2017-09-16 13:00:00,3275.0,3275.8481
2017-09-16 14:00:00,3345.0,3324.164
2017-09-16 15:00:00,3431.0,3399.4539
2017-09-16 16:00:00,3494.0,3482.5186
2017-09-16 17:00:00,3518.0,3525.0457
2017-09-16 18:00:00,3449.0,3469.2393
2017-09-16 19:00:00,3315.0,3352.0857
2017-09-16 20:00:00,3293.0,3274.7861
2017-09-16 21:00:00,3120.0,3205.528
2017-09-16 22:00:00,2936.0,2927.1982
2017-09-16 23:00:00,2719.0,2730.6956
2017-09-17 00:00:00,2518.0,2531.1597
2017-09-17 01:00:00,2365.0,2377.2942
2017-09-17 02:00:00,2264.0,2269.364
2017-09-17 03:00:00,2185.0,2200.0996
2017-09-17 04:00:00,2142.0,2157.4592
2017-09-17 05:00:00,2139.0,2162.9766
2017-09-17 06:00:00,2182.0,2193.8376
2017-09-17 07:00:00,2213.0,2249.0637
2017-09-17 08:00:00,2348.0,2364.332
2017-09-17 09:00:00,2570.0,2536.971
2017-09-17 10:00:00,2796.0,2740.0908
2017-09-17 11:00:00,3025.0,2958.024
2017-09-17 12:00:00,3213.0,3139.873
2017-09-17 13:00:00,3371.0,3339.364
2017-09-17 14:00:00,3502.0,3475.1877
2017-09-17 15:00:00,3605.0,3623.7158
2017-09-17 16:00:00,3685.0,3704.426
2017-09-17 17:00:00,3783.0,3711.787
2017-09-17 18:00:00,3745.0,3759.9604
2017-09-17 19:00:00,3668.0,3670.0593
2017-09-17 20:00:00,3645.0,3619.0781
2017-09-17 21:00:00,3442.0,3543.848
2017-09-17 22:00:00,3170.0,3213.2886
2017-09-17 23:00:00,2899.0,2916.5298
2017-09-18 00:00:00,2660.0,2676.35
2017-09-18 01:00:00,2507.0,2513.197
2017-09-18 02:00:00,2411.0,2403.525
2017-09-18 03:00:00,2369.0,2355.5547
2017-09-18 04:00:00,2397.0,2386.0315
2017-09-18 05:00:00,2551.0,2546.642
2017-09-18 06:00:00,2866.0,2810.0964
2017-09-18 07:00:00,3021.0,3035.4998
2017-09-18 08:00:00,3115.0,3176.886
2017-09-18 09:00:00,3224.0,3279.466
2017-09-18 10:00:00,3364.0,3384.3386
2017-09-18 11:00:00,3517.0,3467.94
2017-09-18 12:00:00,3687.0,3655.7856
2017-09-18 13:00:00,3900.0,3818.2673
2017-09-18 14:00:00,4055.0,4044.5176
2017-09-18 15:00:00,4083.0,4160.441
2017-09-18 16:00:00,4050.0,4092.0354
2017-09-18 17:00:00,4024.0,4003.5254
2017-09-18 18:00:00,3931.0,3932.719
2017-09-18 19:00:00,3860.0,3805.9556
2017-09-18 20:00:00,3844.0,3787.2622
2017-09-18 21:00:00,3625.0,3714.1326
2017-09-18 22:00:00,3351.0,3333.374
2017-09-18 23:00:00,3049.0,3048.1863
2017-09-19 00:00:00,2818.0,2795.7136
2017-09-19 01:00:00,2644.0,2645.2866
2017-09-19 02:00:00,2549.0,2534.2754
2017-09-19 03:00:00,2494.0,2493.9182
2017-09-19 04:00:00,2512.0,2505.4885
2017-09-19 05:00:00,2685.0,2654.198
2017-09-19 06:00:00,2976.0,2957.8398
2017-09-19 07:00:00,3133.0,3134.317
2017-09-19 08:00:00,3166.0,3241.2896
2017-09-19 09:00:00,3234.0,3290.3926
2017-09-19 10:00:00,3297.0,3367.9978
2017-09-19 11:00:00,3316.0,3398.2048
2017-09-19 12:00:00,3307.0,3403.6833
2017-09-19 13:00:00,3320.0,3359.0518
2017-09-19 14:00:00,3383.0,3348.7273
2017-09-19 15:00:00,3485.0,3413.3306
2017-09-19 16:00:00,3645.0,3526.8372
2017-09-19 17:00:00,3686.0,3687.161
2017-09-19 18:00:00,3637.0,3656.5286
2017-09-19 19:00:00,3593.0,3578.1624
2017-09-19 20:00:00,3602.0,3547.0908
2017-09-19 21:00:00,3399.0,3487.8079
2017-09-19 22:00:00,3170.0,3173.349
2017-09-19 23:00:00,2899.0,2905.4058
2017-09-20 00:00:00,2671.0,2690.4563
2017-09-20 01:00:00,2536.0,2502.5283
2017-09-20 02:00:00,2427.0,2445.6492
2017-09-20 03:00:00,2351.0,2385.0437
2017-09-20 04:00:00,2386.0,2349.4407
2017-09-20 05:00:00,2524.0,2512.2117
2017-09-20 06:00:00,2801.0,2774.3108
2017-09-20 07:00:00,2949.0,2938.9497
2017-09-20 08:00:00,3063.0,3045.2312
2017-09-20 09:00:00,3246.0,3206.1838
2017-09-20 10:00:00,3437.0,3350.3306
2017-09-20 11:00:00,3631.0,3570.3047
2017-09-20 12:00:00,3848.0,3774.2988
2017-09-20 13:00:00,4042.0,3991.547
2017-09-20 14:00:00,4145.0,4200.7285
2017-09-20 15:00:00,4236.0,4265.671
2017-09-20 16:00:00,4310.0,4274.2197
2017-09-20 17:00:00,4318.0,4327.1655
2017-09-20 18:00:00,4222.0,4235.648
2017-09-20 19:00:00,4088.0,4063.7795
2017-09-20 20:00:00,4023.0,3967.487
2017-09-20 21:00:00,3784.0,3898.1824
2017-09-20 22:00:00,3494.0,3448.4348
2017-09-20 23:00:00,3220.0,3161.1733
2017-09-21 00:00:00,2972.0,2956.4817
2017-09-21 01:00:00,2795.0,2774.896
2017-09-21 02:00:00,2652.0,2671.356
2017-09-21 03:00:00,2583.0,2573.8086
2017-09-21 04:00:00,2591.0,2566.1704
2017-09-21 05:00:00,2729.0,2680.6125
2017-09-21 06:00:00,3024.0,2958.8652
2017-09-21 07:00:00,3185.0,3208.6965
2017-09-21 08:00:00,3248.0,3335.9106
2017-09-21 09:00:00,3418.0,3388.2307
2017-09-21 10:00:00,3675.0,3625.2139
2017-09-21 11:00:00,3924.0,3903.9233
2017-09-21 12:00:00,4182.0,4108.2812
2017-09-21 13:00:00,4399.0,4340.0137
2017-09-21 14:00:00,4491.0,4480.186
2017-09-21 15:00:00,4558.0,4531.432
2017-09-21 16:00:00,4588.0,4555.227
2017-09-21 17:00:00,4649.0,4535.5337
2017-09-21 18:00:00,4498.0,4541.129
2017-09-21 19:00:00,4403.0,4306.291
2017-09-21 20:00:00,4374.0,4246.3657
2017-09-21 21:00:00,4125.0,4183.773
2017-09-21 22:00:00,3823.0,3824.2942
2017-09-21 23:00:00,3500.0,3487.984
2017-09-22 00:00:00,3225.0,3218.7544
2017-09-22 01:00:00,3013.0,3014.7556
2017-09-22 02:00:00,2879.0,2855.7822
2017-09-22 03:00:00,2776.0,2786.3098
2017-09-22 04:00:00,2742.0,2751.4646
2017-09-22 05:00:00,2874.0,2840.8958
2017-09-22 06:00:00,3151.0,3127.4524
2017-09-22 07:00:00,3294.0,3296.9258
2017-09-22 08:00:00,3370.0,3442.0142
2017-09-22 09:00:00,3579.0,3509.7004
2017-09-22 10:00:00,3837.0,3809.4167
2017-09-22 11:00:00,4087.0,4035.1013
2017-09-22 12:00:00,4270.0,4293.5347
2017-09-22 13:00:00,4470.0,4434.1567
2017-09-22 14:00:00,4552.0,4584.9233
2017-09-22 15:00:00,4620.0,4604.346
2017-09-22 16:00:00,4619.0,4658.77
2017-09-22 17:00:00,4612.0,4557.7183
2017-09-22 18:00:00,4439.0,4459.4243
2017-09-22 19:00:00,4246.0,4254.9473
2017-09-22 20:00:00,4136.0,4087.0095
2017-09-22 21:00:00,3920.0,3997.967
2017-09-22 22:00:00,3636.0,3658.9524
2017-09-22 23:00:00,3344.0,3310.4172
2017-09-23 00:00:00,3062.0,3085.0198
2017-09-23 01:00:00,2860.0,2854.795
2017-09-23 02:00:00,2698.0,2706.8086
2017-09-23 03:00:00,2592.0,2601.9292
2017-09-23 04:00:00,2522.0,2530.411
2017-09-23 05:00:00,2516.0,2530.29
2017-09-23 06:00:00,2571.0,2575.692
2017-09-23 07:00:00,2646.0,2638.27
2017-09-23 08:00:00,2820.0,2849.1665
2017-09-23 09:00:00,3106.0,3028.678
2017-09-23 10:00:00,3433.0,3347.461
2017-09-23 11:00:00,3689.0,3652.749
2017-09-23 12:00:00,3917.0,3894.7437
2017-09-23 13:00:00,4092.0,4096.1284
2017-09-23 14:00:00,4244.0,4222.4165
2017-09-23 15:00:00,4338.0,4349.41
2017-09-23 16:00:00,4421.0,4436.2803
2017-09-23 17:00:00,4389.0,4433.5815
2017-09-23 18:00:00,4286.0,4312.457
2017-09-23 19:00:00,4099.0,4139.935
2017-09-23 20:00:00,3971.0,3984.7156
2017-09-23 21:00:00,3755.0,3845.7593
2017-09-23 22:00:00,3475.0,3470.6538
2017-09-23 23:00:00,3183.0,3170.4304
2017-09-24 00:00:00,2934.0,2928.432
2017-09-24 01:00:00,2730.0,2727.6008
2017-09-24 02:00:00,2573.0,2592.6199
2017-09-24 03:00:00,2460.0,2480.3335
2017-09-24 04:00:00,2404.0,2401.958
2017-09-24 05:00:00,2374.0,2391.7546
2017-09-24 06:00:00,2394.0,2404.647
2017-09-24 07:00:00,2430.0,2443.3835
2017-09-24 08:00:00,2579.0,2618.9944
2017-09-24 09:00:00,2856.0,2813.032
2017-09-24 10:00:00,3113.0,3137.7356
2017-09-24 11:00:00,3386.0,3370.0574
2017-09-24 12:00:00,3650.0,3610.146
2017-09-24 13:00:00,3859.0,3816.821
2017-09-24 14:00:00,4032.0,4024.8833
2017-09-24 15:00:00,4163.0,4160.2476
2017-09-24 16:00:00,4257.0,4291.839
2017-09-24 17:00:00,4253.0,4309.503
2017-09-24 18:00:00,4125.0,4185.739
2017-09-24 19:00:00,3936.0,4007.1074
2017-09-24 20:00:00,3846.0,3805.228
2017-09-24 21:00:00,3619.0,3696.4417
2017-09-24 22:00:00,3320.0,3352.3958
2017-09-24 23:00:00,3016.0,3040.7942
2017-09-25 00:00:00,2783.0,2771.5837
2017-09-25 01:00:00,2627.0,2594.8918
2017-09-25 02:00:00,2512.0,2515.722
2017-09-25 03:00:00,2447.0,2464.9958
2017-09-25 04:00:00,2489.0,2450.017
2017-09-25 05:00:00,2638.0,2620.3162
2017-09-25 06:00:00,2927.0,2895.6611
2017-09-25 07:00:00,3088.0,3071.0427
2017-09-25 08:00:00,3154.0,3267.864
2017-09-25 09:00:00,3293.0,3354.3862
2017-09-25 10:00:00,3509.0,3479.9194
2017-09-25 11:00:00,3743.0,3673.5378
2017-09-25 12:00:00,3977.0,3946.087
2017-09-25 13:00:00,4184.0,4155.9097
2017-09-25 14:00:00,4370.0,4314.2173
2017-09-25 15:00:00,4402.0,4476.2476
2017-09-25 16:00:00,4419.0,4447.6973
2017-09-25 17:00:00,4366.0,4405.9033
2017-09-25 18:00:00,4237.0,4262.849
2017-09-25 19:00:00,4141.0,4106.099
2017-09-25 20:00:00,4113.0,4028.6982
2017-09-25 21:00:00,3865.0,3979.1953
2017-09-25 22:00:00,3549.0,3536.2454
2017-09-25 23:00:00,3235.0,3228.246
2017-09-26 00:00:00,2976.0,2984.0815
2017-09-26 01:00:00,2773.0,2787.2656
2017-09-26 02:00:00,2661.0,2645.5776
2017-09-26 03:00:00,2575.0,2585.9111
2017-09-26 04:00:00,2577.0,2572.6694
2017-09-26 05:00:00,2683.0,2683.7056
2017-09-26 06:00:00,2970.0,2927.075
2017-09-26 07:00:00,3102.0,3115.9482
2017-09-26 08:00:00,3176.0,3257.216
2017-09-26 09:00:00,3369.0,3354.1125
2017-09-26 10:00:00,3616.0,3571.0437
2017-09-26 11:00:00,3850.0,3831.276
2017-09-26 12:00:00,4073.0,4041.2207
2017-09-26 13:00:00,4288.0,4237.7944
2017-09-26 14:00:00,4437.0,4428.4634
2017-09-26 15:00:00,4539.0,4530.7603
2017-09-26 16:00:00,4625.0,4590.8877
2017-09-26 17:00:00,4641.0,4639.9043
2017-09-26 18:00:00,4511.0,4555.5176
2017-09-26 19:00:00,4330.0,4374.5654
2017-09-26 20:00:00,4218.0,4212.9014
2017-09-26 21:00:00,3940.0,4072.6086
2017-09-26 22:00:00,3596.0,3596.5676
2017-09-26 23:00:00,3275.0,3257.6064
2017-09-27 00:00:00,2994.0,3019.0134
2017-09-27 01:00:00,2825.0,2809.592
2017-09-27 02:00:00,2678.0,2703.4956
2017-09-27 03:00:00,2608.0,2604.1216
2017-09-27 04:00:00,2598.0,2623.3086
2017-09-27 05:00:00,2730.0,2735.5537
2017-09-27 06:00:00,3042.0,2979.417
2017-09-27 07:00:00,3139.0,3192.155
2017-09-27 08:00:00,3225.0,3276.234
2017-09-27 09:00:00,3415.0,3365.7214
2017-09-27 10:00:00,3658.0,3617.1577
2017-09-27 11:00:00,3876.0,3864.084
2017-09-27 12:00:00,4135.0,4076.7039
2017-09-27 13:00:00,4377.0,4309.7236
2017-09-27 14:00:00,4496.0,4542.811
2017-09-27 15:00:00,4544.0,4582.088
2017-09-27 16:00:00,4605.0,4604.128
2017-09-27 17:00:00,4567.0,4568.869
2017-09-27 18:00:00,4405.0,4505.795
2017-09-27 19:00:00,4239.0,4250.111
2017-09-27 20:00:00,4143.0,4151.5312
2017-09-27 21:00:00,3857.0,4009.93
2017-09-27 22:00:00,3491.0,3547.2664
2017-09-27 23:00:00,3107.0,3170.2832
2017-09-28 00:00:00,2808.0,2855.4333
2017-09-28 01:00:00,2605.0,2636.4065
2017-09-28 02:00:00,2447.0,2491.2773
2017-09-28 03:00:00,2362.0,2393.8057
2017-09-28 04:00:00,2355.0,2328.1729
2017-09-28 05:00:00,2483.0,2462.886
2017-09-28 06:00:00,2728.0,2685.785
2017-09-28 07:00:00,2853.0,2872.2297
2017-09-28 08:00:00,2886.0,3008.2988
2017-09-28 09:00:00,2981.0,3026.5967
2017-09-28 10:00:00,3074.0,3139.6045
2017-09-28 11:00:00,3134.0,3147.5986
2017-09-28 12:00:00,3208.0,3223.2734
2017-09-28 13:00:00,3297.0,3266.0798
2017-09-28 14:00:00,3357.0,3344.8413
2017-09-28 15:00:00,3401.0,3403.6045
2017-09-28 16:00:00,3452.0,3438.5369
2017-09-28 17:00:00,3402.0,3488.0586
2017-09-28 18:00:00,3292.0,3389.1187
2017-09-28 19:00:00,3213.0,3245.4905
2017-09-28 20:00:00,3174.0,3174.5398
2017-09-28 21:00:00,3025.0,3065.795
2017-09-28 22:00:00,2793.0,2804.4807
2017-09-28 23:00:00,2550.0,2571.8665
2017-09-29 00:00:00,2362.0,2364.465
2017-09-29 01:00:00,2233.0,2246.1697
2017-09-29 02:00:00,2160.0,2157.9478
2017-09-29 03:00:00,2138.0,2114.5032
2017-09-29 04:00:00,2150.0,2149.6433
2017-09-29 05:00:00,2267.0,2260.0793
2017-09-29 06:00:00,2497.0,2480.2742
2017-09-29 07:00:00,2634.0,2605.5366
2017-09-29 08:00:00,2670.0,2749.068
2017-09-29 09:00:00,2757.0,2790.7944
2017-09-29 10:00:00,2849.0,2865.1604
2017-09-29 11:00:00,2912.0,2897.399
2017-09-29 12:00:00,2985.0,2961.0674
2017-09-29 13:00:00,3061.0,3033.3037
2017-09-29 14:00:00,3144.0,3103.407
2017-09-29 15:00:00,3193.0,3183.4292
2017-09-29 16:00:00,3188.0,3234.7024
2017-09-29 17:00:00,3141.0,3179.0886
2017-09-29 18:00:00,3044.0,3074.1987
2017-09-29 19:00:00,2967.0,3003.77
2017-09-29 20:00:00,2950.0,2930.254
2017-09-29 21:00:00,2807.0,2879.872
2017-09-29 22:00:00,2629.0,2655.0396
2017-09-29 23:00:00,2450.0,2439.5537
2017-09-30 00:00:00,2268.0,2273.1858
2017-09-30 01:00:00,2146.0,2151.857
2017-09-30 02:00:00,2032.0,2077.0823
2017-09-30 03:00:00,1999.0,2010.2991
2017-09-30 04:00:00,2010.0,2002.373
2017-09-30 05:00:00,2051.0,2027.5197
2017-09-30 06:00:00,2137.0,2082.7273
2017-09-30 07:00:00,2210.0,2208.713
2017-09-30 08:00:00,2320.0,2324.268
2017-09-30 09:00:00,2457.0,2447.6575
2017-09-30 10:00:00,2537.0,2560.7666
2017-09-30 11:00:00,2583.0,2602.6514
2017-09-30 12:00:00,2596.0,2612.7622
2017-09-30 13:00:00,2612.0,2617.3682
2017-09-30 14:00:00,2614.0,2622.0999
2017-09-30 15:00:00,2626.0,2615.48
2017-09-30 16:00:00,2656.0,2635.5698
2017-09-30 17:00:00,2656.0,2647.0815
2017-09-30 18:00:00,2615.0,2634.6042
2017-09-30 19:00:00,2615.0,2616.0396
2017-09-30 20:00:00,2591.0,2654.9758
2017-09-30 21:00:00,2483.0,2560.999
2017-09-30 22:00:00,2362.0,2357.1543
2017-09-30 23:00:00,2217.0,2277.236
2017-10-01 00:00:00,2073.0,2116.4397
2017-10-01 01:00:00,1967.0,2020.3518
2017-10-01 02:00:00,1924.0,1971.1904
2017-10-01 03:00:00,1906.0,1959.207
2017-10-01 04:00:00,1906.0,1975.0605
2017-10-01 05:00:00,1925.0,2011.7776
2017-10-01 06:00:00,1980.0,2041.5178
2017-10-01 07:00:00,2040.0,2056.784
2017-10-01 08:00:00,2133.0,2157.4304
2017-10-01 09:00:00,2225.0,2272.2124
2017-10-01 10:00:00,2329.0,2347.8835
2017-10-01 11:00:00,2375.0,2419.0918
2017-10-01 12:00:00,2401.0,2458.5547
2017-10-01 13:00:00,2444.0,2463.539
2017-10-01 14:00:00,2458.0,2488.5723
2017-10-01 15:00:00,2514.0,2495.6184
2017-10-01 16:00:00,2591.0,2569.8923
2017-10-01 17:00:00,2637.0,2648.192
2017-10-01 18:00:00,2652.0,2685.8262
2017-10-01 19:00:00,2713.0,2720.7942
2017-10-01 20:00:00,2756.0,2747.17
2017-10-01 21:00:00,2611.0,2667.8765
2017-10-01 22:00:00,2434.0,2470.3335
2017-10-01 23:00:00,2253.0,2284.7505
2017-10-02 00:00:00,2119.0,2130.8323
2017-10-02 01:00:00,2048.0,2046.0574
2017-10-02 02:00:00,2005.0,2015.9722
2017-10-02 03:00:00,1987.0,2008.8469
2017-10-02 04:00:00,1979.0,2037.772
2017-10-02 05:00:00,2127.0,2100.0771
2017-10-02 06:00:00,2421.0,2287.8486
2017-10-02 07:00:00,2585.0,2576.5625
2017-10-02 08:00:00,2614.0,2713.1948
2017-10-02 09:00:00,2734.0,2733.8337
2017-10-02 10:00:00,2831.0,2819.648
2017-10-02 11:00:00,2884.0,2890.462
2017-10-02 12:00:00,2962.0,2928.4695
2017-10-02 13:00:00,3053.0,3002.755
2017-10-02 14:00:00,3088.0,3074.7666
2017-10-02 15:00:00,3116.0,3117.3567
2017-10-02 16:00:00,3169.0,3154.7678
2017-10-02 17:00:00,3179.0,3185.962
2017-10-02 18:00:00,3141.0,3180.7659
2017-10-02 19:00:00,3114.0,3157.8367
2017-10-02 20:00:00,3062.0,3100.7498
2017-10-02 21:00:00,2899.0,2924.9888
2017-10-02 22:00:00,2665.0,2709.1602
2017-10-02 23:00:00,2438.0,2465.2395
2017-10-03 00:00:00,2266.0,2288.7607
2017-10-03 01:00:00,2154.0,2175.9707
2017-10-03 02:00:00,2090.0,2095.015
2017-10-03 03:00:00,2061.0,2069.951
2017-10-03 04:00:00,2079.0,2069.8884
2017-10-03 05:00:00,2220.0,2192.3777
2017-10-03 06:00:00,2502.0,2462.21
2017-10-03 07:00:00,2651.0,2677.0876
2017-10-03 08:00:00,2680.0,2757.1846
2017-10-03 09:00:00,2748.0,2780.6023
2017-10-03 10:00:00,2875.0,2830.1833
2017-10-03 11:00:00,2988.0,2942.6655
2017-10-03 12:00:00,3090.0,3055.88
2017-10-03 13:00:00,3209.0,3182.8657
2017-10-03 14:00:00,3334.0,3282.9834
2017-10-03 15:00:00,3450.0,3419.1523
2017-10-03 16:00:00,3529.0,3511.3354
2017-10-03 17:00:00,3548.0,3573.053
2017-10-03 18:00:00,3460.0,3553.489
2017-10-03 19:00:00,3417.0,3427.5461
2017-10-03 20:00:00,3365.0,3371.4927
2017-10-03 21:00:00,3180.0,3259.2424
2017-10-03 22:00:00,2921.0,2946.0212
2017-10-03 23:00:00,2670.0,2681.2227
2017-10-04 00:00:00,2446.0,2471.6548
2017-10-04 01:00:00,2316.0,2326.389
2017-10-04 02:00:00,2206.0,2240.1206
2017-10-04 03:00:00,2167.0,2171.266
2017-10-04 04:00:00,2177.0,2196.7607
2017-10-04 05:00:00,2331.0,2320.8855
2017-10-04 06:00:00,2607.0,2627.3284
2017-10-04 07:00:00,2756.0,2760.1597
2017-10-04 08:00:00,2806.0,2843.853
2017-10-04 09:00:00,2934.0,2913.1255
2017-10-04 10:00:00,3084.0,3072.4937
2017-10-04 11:00:00,3254.0,3167.1257
2017-10-04 12:00:00,3411.0,3348.6045
2017-10-04 13:00:00,3564.0,3543.0933
2017-10-04 14:00:00,3683.0,3673.0847
2017-10-04 15:00:00,3724.0,3755.5215
2017-10-04 16:00:00,3702.0,3742.328
2017-10-04 17:00:00,3651.0,3653.8047
2017-10-04 18:00:00,3560.0,3560.1157
2017-10-04 19:00:00,3542.0,3487.44
2017-10-04 20:00:00,3490.0,3483.732
2017-10-04 21:00:00,3311.0,3389.159
2017-10-04 22:00:00,3048.0,3057.4343
2017-10-04 23:00:00,2770.0,2790.6052
2017-10-05 00:00:00,2599.0,2565.1543
2017-10-05 01:00:00,2466.0,2478.081
2017-10-05 02:00:00,2367.0,2388.9329
2017-10-05 03:00:00,2311.0,2333.4482
2017-10-05 04:00:00,2334.0,2327.7466
2017-10-05 05:00:00,2511.0,2471.168
2017-10-05 06:00:00,2788.0,2791.6777
2017-10-05 07:00:00,2966.0,2948.9915
2017-10-05 08:00:00,3015.0,3056.0544
2017-10-05 09:00:00,3072.0,3144.4033
2017-10-05 10:00:00,3130.0,3169.0046
2017-10-05 11:00:00,3110.0,3217.903
2017-10-05 12:00:00,3120.0,3153.5793
2017-10-05 13:00:00,3168.0,3105.3667
2017-10-05 14:00:00,3160.0,3199.1553
2017-10-05 15:00:00,3157.0,3159.7761
2017-10-05 16:00:00,3176.0,3149.1033
2017-10-05 17:00:00,3161.0,3169.052
2017-10-05 18:00:00,3129.0,3134.2712
2017-10-05 19:00:00,3199.0,3113.5217
2017-10-05 20:00:00,3233.0,3198.618
2017-10-05 21:00:00,3107.0,3113.6338
2017-10-05 22:00:00,2888.0,2901.2795
2017-10-05 23:00:00,2677.0,2671.0317
2017-10-06 00:00:00,2501.0,2512.7869
2017-10-06 01:00:00,2381.0,2395.7715
2017-10-06 02:00:00,2312.0,2323.2742
2017-10-06 03:00:00,2279.0,2294.1301
2017-10-06 04:00:00,2291.0,2308.8525
2017-10-06 05:00:00,2449.0,2423.9473
2017-10-06 06:00:00,2733.0,2734.9343
2017-10-06 07:00:00,2921.0,2913.06
2017-10-06 08:00:00,2965.0,2974.2468
2017-10-06 09:00:00,2994.0,2996.9053
2017-10-06 10:00:00,3062.0,3026.1003
2017-10-06 11:00:00,3147.0,3073.4583
2017-10-06 12:00:00,3288.0,3185.1726
2017-10-06 13:00:00,3414.0,3344.3293
2017-10-06 14:00:00,3481.0,3472.7458
2017-10-06 15:00:00,3517.0,3520.7256
2017-10-06 16:00:00,3495.0,3534.7458
2017-10-06 17:00:00,3444.0,3446.6099
2017-10-06 18:00:00,3319.0,3368.6487
2017-10-06 19:00:00,3282.0,3266.79
2017-10-06 20:00:00,3215.0,3207.9292
2017-10-06 21:00:00,3079.0,3092.4106
2017-10-06 22:00:00,2931.0,2907.9048
2017-10-06 23:00:00,2720.0,2707.923
2017-10-07 00:00:00,2544.0,2525.9792
2017-10-07 01:00:00,2419.0,2408.809
2017-10-07 02:00:00,2327.0,2331.8855
2017-10-07 03:00:00,2270.0,2269.259
2017-10-07 04:00:00,2236.0,2249.099
2017-10-07 05:00:00,2275.0,2276.3083
2017-10-07 06:00:00,2357.0,2351.8435
2017-10-07 07:00:00,2459.0,2457.6626
2017-10-07 08:00:00,2588.0,2564.6497
2017-10-07 09:00:00,2749.0,2725.3276
2017-10-07 10:00:00,2938.0,2870.8845
2017-10-07 11:00:00,3064.0,3028.7812
2017-10-07 12:00:00,3233.0,3142.3333
2017-10-07 13:00:00,3369.0,3301.0024
2017-10-07 14:00:00,3475.0,3452.333
2017-10-07 15:00:00,3497.0,3555.4995
2017-10-07 16:00:00,3519.0,3514.2983
2017-10-07 17:00:00,3433.0,3488.5693
2017-10-07 18:00:00,3394.0,3335.5513
2017-10-07 19:00:00,3421.0,3343.5303
2017-10-07 20:00:00,3403.0,3379.5627
2017-10-07 21:00:00,3325.0,3294.7434
2017-10-07 22:00:00,3184.0,3135.311
2017-10-07 23:00:00,2922.0,2974.153
2017-10-08 00:00:00,2724.0,2716.5117
2017-10-08 01:00:00,2549.0,2569.1152
2017-10-08 02:00:00,2400.0,2426.8047
2017-10-08 03:00:00,2296.0,2321.0808
2017-10-08 04:00:00,2232.0,2249.7195
2017-10-08 05:00:00,2216.0,2242.3926
2017-10-08 06:00:00,2228.0,2258.812
2017-10-08 07:00:00,2298.0,2312.1094
2017-10-08 08:00:00,2385.0,2432.0593
2017-10-08 09:00:00,2513.0,2557.697
2017-10-08 10:00:00,2625.0,2659.7922
2017-10-08 11:00:00,2691.0,2737.753
2017-10-08 12:00:00,2713.0,2789.155
2017-10-08 13:00:00,2716.0,2785.197
2017-10-08 14:00:00,2707.0,2788.2322
2017-10-08 15:00:00,2691.0,2766.1233
2017-10-08 16:00:00,2734.0,2738.1077
2017-10-08 17:00:00,2826.0,2800.7898
2017-10-08 18:00:00,2874.0,2871.4338
2017-10-08 19:00:00,2978.0,2912.2598
2017-10-08 20:00:00,2963.0,2945.8125
2017-10-08 21:00:00,2864.0,2845.3586
2017-10-08 22:00:00,2697.0,2675.4282
2017-10-08 23:00:00,2536.0,2504.0828
2017-10-09 00:00:00,2396.0,2396.682
2017-10-09 01:00:00,2300.0,2312.2634
2017-10-09 02:00:00,2239.0,2256.3638
2017-10-09 03:00:00,2241.0,2241.112
2017-10-09 04:00:00,2315.0,2290.6326
2017-10-09 05:00:00,2495.0,2494.799
2017-10-09 06:00:00,2786.0,2826.619
2017-10-09 07:00:00,3001.0,2982.347
2017-10-09 08:00:00,3045.0,3049.1045
2017-10-09 09:00:00,3134.0,3095.759
2017-10-09 10:00:00,3208.0,3179.9543
2017-10-09 11:00:00,3253.0,3231.828
2017-10-09 12:00:00,3274.0,3263.2117
2017-10-09 13:00:00,3290.0,3281.474
2017-10-09 14:00:00,3302.0,3305.009
2017-10-09 15:00:00,3284.0,3313.6843
2017-10-09 16:00:00,3280.0,3285.116
2017-10-09 17:00:00,3268.0,3279.2607
2017-10-09 18:00:00,3256.0,3241.8848
2017-10-09 19:00:00,3333.0,3254.0586
2017-10-09 20:00:00,3302.0,3332.117
2017-10-09 21:00:00,3132.0,3164.2761
2017-10-09 22:00:00,2874.0,2910.9902
2017-10-09 23:00:00,2624.0,2644.8433
2017-10-10 00:00:00,2445.0,2443.239
2017-10-10 01:00:00,2301.0,2327.6978
2017-10-10 02:00:00,2243.0,2238.783
2017-10-10 03:00:00,2216.0,2213.8818
2017-10-10 04:00:00,2238.0,2259.2869
2017-10-10 05:00:00,2384.0,2409.7236
2017-10-10 06:00:00,2659.0,2651.77
2017-10-10 07:00:00,2832.0,2827.8318
2017-10-10 08:00:00,2848.0,2877.1309
2017-10-10 09:00:00,2950.0,2926.863
2017-10-10 10:00:00,3080.0,3053.1936
2017-10-10 11:00:00,3196.0,3147.8655
2017-10-10 12:00:00,3297.0,3246.8113
2017-10-10 13:00:00,3354.0,3349.1843
2017-10-10 14:00:00,3326.0,3403.794
2017-10-10 15:00:00,3316.0,3313.0957
2017-10-10 16:00:00,3287.0,3300.8455
2017-10-10 17:00:00,3250.0,3258.1511
2017-10-10 18:00:00,3198.0,3204.0684
2017-10-10 19:00:00,3250.0,3191.8696
2017-10-10 20:00:00,3221.0,3249.2065
2017-10-10 21:00:00,3097.0,3086.6382
2017-10-10 22:00:00,2888.0,2863.151
2017-10-10 23:00:00,2667.0,2657.523
2017-10-11 00:00:00,2502.0,2478.1162
2017-10-11 01:00:00,2375.0,2392.4668
2017-10-11 02:00:00,2323.0,2319.6084
2017-10-11 03:00:00,2307.0,2290.9707
2017-10-11 04:00:00,2319.0,2331.089
2017-10-11 05:00:00,2485.0,2460.7039
2017-10-11 06:00:00,2799.0,2761.24
2017-10-11 07:00:00,2997.0,2967.933
2017-10-11 08:00:00,3061.0,3060.5615
2017-10-11 09:00:00,3148.0,3116.346
2017-10-11 10:00:00,3240.0,3209.6387
2017-10-11 11:00:00,3280.0,3292.7642
2017-10-11 12:00:00,3277.0,3313.4824
2017-10-11 13:00:00,3265.0,3287.3823
2017-10-11 14:00:00,3141.0,3249.417
2017-10-11 15:00:00,3042.0,3100.6604
2017-10-11 16:00:00,2972.0,2995.9214
2017-10-11 17:00:00,2962.0,2938.815
2017-10-11 18:00:00,2961.0,2956.2178
2017-10-11 19:00:00,3027.0,2994.9812
2017-10-11 20:00:00,2986.0,3029.0942
2017-10-11 21:00:00,2840.0,2869.2449
2017-10-11 22:00:00,2636.0,2641.682
2017-10-11 23:00:00,2432.0,2436.8403
2017-10-12 00:00:00,2284.0,2289.132
2017-10-12 01:00:00,2184.0,2192.7285
2017-10-12 02:00:00,2139.0,2130.2285
2017-10-12 03:00:00,2112.0,2127.1758
2017-10-12 04:00:00,2147.0,2154.4636
2017-10-12 05:00:00,2305.0,2296.0322
2017-10-12 06:00:00,2584.0,2591.259
2017-10-12 07:00:00,2825.0,2761.3062
2017-10-12 08:00:00,2886.0,2853.284
2017-10-12 09:00:00,2916.0,2930.1963
2017-10-12 10:00:00,2994.0,2957.3003
2017-10-12 11:00:00,3010.0,3019.9001
2017-10-12 12:00:00,3036.0,3028.2458
2017-10-12 13:00:00,3042.0,3053.7861
2017-10-12 14:00:00,3033.0,3038.4524
2017-10-12 15:00:00,3003.0,3032.8965
2017-10-12 16:00:00,2983.0,2995.3962
2017-10-12 17:00:00,2969.0,2968.0994
2017-10-12 18:00:00,2979.0,2962.5427
2017-10-12 19:00:00,3035.0,3031.3586
2017-10-12 20:00:00,3025.0,3041.7317
2017-10-12 21:00:00,2860.0,2904.2598
2017-10-12 22:00:00,2684.0,2651.7698
2017-10-12 23:00:00,2500.0,2486.1384
2017-10-13 00:00:00,2361.0,2351.4202
2017-10-13 01:00:00,2251.0,2258.4412
2017-10-13 02:00:00,2183.0,2198.8948
2017-10-13 03:00:00,2154.0,2160.8818
2017-10-13 04:00:00,2170.0,2172.8335
2017-10-13 05:00:00,2305.0,2306.8196
2017-10-13 06:00:00,2578.0,2590.1
2017-10-13 07:00:00,2722.0,2761.0266
2017-10-13 08:00:00,2750.0,2783.993
2017-10-13 09:00:00,2816.0,2800.506
2017-10-13 10:00:00,2885.0,2875.4062
2017-10-13 11:00:00,2928.0,2910.043
2017-10-13 12:00:00,2975.0,2943.2888
2017-10-13 13:00:00,3026.0,2977.4521
2017-10-13 14:00:00,3089.0,3026.5964
2017-10-13 15:00:00,3128.0,3108.037
2017-10-13 16:00:00,3145.0,3150.2322
2017-10-13 17:00:00,3113.0,3125.209
2017-10-13 18:00:00,3029.0,3069.7085
2017-10-13 19:00:00,2965.0,3014.248
2017-10-13 20:00:00,2912.0,2924.0686
2017-10-13 21:00:00,2773.0,2844.9583
2017-10-13 22:00:00,2645.0,2613.197
2017-10-13 23:00:00,2458.0,2478.1616
2017-10-14 00:00:00,2297.0,2303.0066
2017-10-14 01:00:00,2207.0,2191.229
2017-10-14 02:00:00,2113.0,2140.681
2017-10-14 03:00:00,2083.0,2081.536
2017-10-14 04:00:00,2086.0,2074.7754
2017-10-14 05:00:00,2119.0,2121.143
2017-10-14 06:00:00,2221.0,2207.7417
2017-10-14 07:00:00,2327.0,2320.0386
2017-10-14 08:00:00,2399.0,2427.5051
2017-10-14 09:00:00,2521.0,2527.2207
2017-10-14 10:00:00,2647.0,2621.5447
2017-10-14 11:00:00,2735.0,2681.1228
2017-10-14 12:00:00,2811.0,2741.2014
2017-10-14 13:00:00,2884.0,2841.7776
2017-10-14 14:00:00,2952.0,2904.0593
2017-10-14 15:00:00,3055.0,2991.349
2017-10-14 16:00:00,3143.0,3084.016
2017-10-14 17:00:00,3165.0,3152.7224
2017-10-14 18:00:00,3089.0,3146.4941
2017-10-14 19:00:00,3096.0,3060.1897
2017-10-14 20:00:00,3045.0,3062.7026
2017-10-14 21:00:00,2944.0,2926.8313
2017-10-14 22:00:00,2793.0,2756.328
2017-10-14 23:00:00,2647.0,2606.7607
2017-10-15 00:00:00,2515.0,2489.7517
2017-10-15 01:00:00,2419.0,2400.6118
2017-10-15 02:00:00,2346.0,2344.2058
2017-10-15 03:00:00,2290.0,2300.912
2017-10-15 04:00:00,2265.0,2274.7388
2017-10-15 05:00:00,2270.0,2303.7368
2017-10-15 06:00:00,2310.0,2318.6733
2017-10-15 07:00:00,2417.0,2402.8372
2017-10-15 08:00:00,2505.0,2545.9507
2017-10-15 09:00:00,2642.0,2648.9734
2017-10-15 10:00:00,2737.0,2765.218
2017-10-15 11:00:00,2871.0,2808.0706
2017-10-15 12:00:00,3021.0,2947.1523
2017-10-15 13:00:00,3081.0,3093.3962
2017-10-15 14:00:00,3019.0,3140.892
2017-10-15 15:00:00,2861.0,3016.496
2017-10-15 16:00:00,2753.0,2836.265
2017-10-15 17:00:00,2700.0,2752.7493
2017-10-15 18:00:00,2671.0,2683.6855
2017-10-15 19:00:00,2741.0,2712.4521
2017-10-15 20:00:00,2702.0,2761.417
2017-10-15 21:00:00,2579.0,2633.3828
2017-10-15 22:00:00,2434.0,2426.4248
2017-10-15 23:00:00,2277.0,2308.031
2017-10-16 00:00:00,2165.0,2181.2737
2017-10-16 01:00:00,2080.0,2105.6545
2017-10-16 02:00:00,2052.0,2067.7102
2017-10-16 03:00:00,2050.0,2066.458
2017-10-16 04:00:00,2095.0,2116.23
2017-10-16 05:00:00,2247.0,2253.961
2017-10-16 06:00:00,2545.0,2547.113
2017-10-16 07:00:00,2700.0,2723.1716
2017-10-16 08:00:00,2708.0,2783.52
2017-10-16 09:00:00,2744.0,2810.8347
2017-10-16 10:00:00,2802.0,2835.652
2017-10-16 11:00:00,2819.0,2855.9316
2017-10-16 12:00:00,2828.0,2842.7896
2017-10-16 13:00:00,2812.0,2838.5806
2017-10-16 14:00:00,2813.0,2813.3423
2017-10-16 15:00:00,2786.0,2817.6814
2017-10-16 16:00:00,2775.0,2781.2156
2017-10-16 17:00:00,2752.0,2777.2642
2017-10-16 18:00:00,2767.0,2766.6262
2017-10-16 19:00:00,2873.0,2855.2651
2017-10-16 20:00:00,2852.0,2904.5964
2017-10-16 21:00:00,2719.0,2754.59
2017-10-16 22:00:00,2546.0,2535.21
2017-10-16 23:00:00,2369.0,2430.0835
2017-10-17 00:00:00,2243.0,2238.9805
2017-10-17 01:00:00,2161.0,2166.8115
2017-10-17 02:00:00,2118.0,2134.7703
2017-10-17 03:00:00,2111.0,2109.7314
2017-10-17 04:00:00,2162.0,2167.1475
2017-10-17 05:00:00,2317.0,2326.5977
2017-10-17 06:00:00,2640.0,2627.3691
2017-10-17 07:00:00,2823.0,2826.8062
2017-10-17 08:00:00,2821.0,2838.718
2017-10-17 09:00:00,2818.0,2863.504
2017-10-17 10:00:00,2848.0,2867.9924
2017-10-17 11:00:00,2847.0,2871.3984
2017-10-17 12:00:00,2841.0,2858.3342
2017-10-17 13:00:00,2847.0,2841.3928
2017-10-17 14:00:00,2848.0,2842.231
2017-10-17 15:00:00,2837.0,2845.2612
2017-10-17 16:00:00,2818.0,2840.836
2017-10-17 17:00:00,2824.0,2818.5645
2017-10-17 18:00:00,2802.0,2830.6238
2017-10-17 19:00:00,2918.0,2868.4424
2017-10-17 20:00:00,2871.0,2947.1968
2017-10-17 21:00:00,2753.0,2792.4236
2017-10-17 22:00:00,2562.0,2587.738
2017-10-17 23:00:00,2389.0,2415.2896
2017-10-18 00:00:00,2267.0,2261.3105
2017-10-18 01:00:00,2194.0,2184.8438
2017-10-18 02:00:00,2124.0,2156.7773
2017-10-18 03:00:00,2126.0,2116.6702
2017-10-18 04:00:00,2178.0,2165.3647
2017-10-18 05:00:00,2355.0,2340.4277
2017-10-18 06:00:00,2641.0,2665.4653
2017-10-18 07:00:00,2821.0,2795.2515
2017-10-18 08:00:00,2820.0,2812.528
2017-10-18 09:00:00,2829.0,2861.0364
2017-10-18 10:00:00,2831.0,2871.982
2017-10-18 11:00:00,2835.0,2838.0696
2017-10-18 12:00:00,2862.0,2838.2698
2017-10-18 13:00:00,2875.0,2879.4114
2017-10-18 14:00:00,2872.0,2882.5693
2017-10-18 15:00:00,2856.0,2873.9602
2017-10-18 16:00:00,2848.0,2856.2354
2017-10-18 17:00:00,2835.0,2851.393
2017-10-18 18:00:00,2810.0,2837.8206
2017-10-18 19:00:00,2905.0,2884.9946
2017-10-18 20:00:00,2872.0,2950.596
2017-10-18 21:00:00,2745.0,2800.2979
2017-10-18 22:00:00,2533.0,2567.708
2017-10-18 23:00:00,2360.0,2384.9973
2017-10-19 00:00:00,2216.0,2230.323
2017-10-19 01:00:00,2137.0,2144.3105
2017-10-19 02:00:00,2104.0,2104.0315
2017-10-19 03:00:00,2087.0,2095.1582
2017-10-19 04:00:00,2125.0,2129.2617
2017-10-19 05:00:00,2299.0,2265.7378
2017-10-19 06:00:00,2596.0,2600.9197
2017-10-19 07:00:00,2775.0,2760.5503
2017-10-19 08:00:00,2782.0,2769.1973
2017-10-19 09:00:00,2779.0,2810.3945
2017-10-19 10:00:00,2826.0,2827.2314
2017-10-19 11:00:00,2829.0,2847.8477
2017-10-19 12:00:00,2847.0,2833.8027
2017-10-19 13:00:00,2886.0,2861.9336
2017-10-19 14:00:00,2911.0,2895.0994
2017-10-19 15:00:00,2909.0,2925.6763
2017-10-19 16:00:00,2905.0,2905.3535
2017-10-19 17:00:00,2882.0,2903.2808
2017-10-19 18:00:00,2847.0,2888.312
2017-10-19 19:00:00,2926.0,2913.7537
2017-10-19 20:00:00,2893.0,2951.7705
2017-10-19 21:00:00,2766.0,2802.5728
2017-10-19 22:00:00,2569.0,2591.8804
2017-10-19 23:00:00,2371.0,2407.3557
2017-10-20 00:00:00,2230.0,2237.4133
2017-10-20 01:00:00,2131.0,2149.3152
2017-10-20 02:00:00,2075.0,2096.976
2017-10-20 03:00:00,2052.0,2070.124
2017-10-20 04:00:00,2061.0,2085.677
2017-10-20 05:00:00,2196.0,2156.7349
2017-10-20 06:00:00,2477.0,2405.9507
2017-10-20 07:00:00,2686.0,2669.7112
2017-10-20 08:00:00,2714.0,2769.2039
2017-10-20 09:00:00,2747.0,2766.834
2017-10-20 10:00:00,2840.0,2792.8174
2017-10-20 11:00:00,2895.0,2858.5425
2017-10-20 12:00:00,2937.0,2907.36
2017-10-20 13:00:00,2979.0,2962.0635
2017-10-20 14:00:00,3045.0,2985.7017
2017-10-20 15:00:00,3026.0,3059.205
2017-10-20 16:00:00,3041.0,3006.6948
2017-10-20 17:00:00,3000.0,3021.075
2017-10-20 18:00:00,2913.0,2967.6475
2017-10-20 19:00:00,2937.0,2934.9434
2017-10-20 20:00:00,2854.0,2917.1206
2017-10-20 21:00:00,2701.0,2762.2185
2017-10-20 22:00:00,2541.0,2537.7886
2017-10-20 23:00:00,2372.0,2370.4856
2017-10-21 00:00:00,2225.0,2224.4795
2017-10-21 01:00:00,2124.0,2140.7896
2017-10-21 02:00:00,2052.0,2064.41
2017-10-21 03:00:00,2020.0,2021.3615
2017-10-21 04:00:00,2019.0,2006.5713
2017-10-21 05:00:00,2062.0,2029.4675
2017-10-21 06:00:00,2168.0,2136.2502
2017-10-21 07:00:00,2291.0,2277.491
2017-10-21 08:00:00,2360.0,2401.4966
2017-10-21 09:00:00,2481.0,2482.4126
2017-10-21 10:00:00,2554.0,2567.023
2017-10-21 11:00:00,2598.0,2608.0718
2017-10-21 12:00:00,2608.0,2619.0261
2017-10-21 13:00:00,2577.0,2619.7476
2017-10-21 14:00:00,2565.0,2562.8462
2017-10-21 15:00:00,2601.0,2552.34
2017-10-21 16:00:00,2625.0,2614.9402
2017-10-21 17:00:00,2600.0,2646.59
2017-10-21 18:00:00,2570.0,2597.427
2017-10-21 19:00:00,2653.0,2623.8901
2017-10-21 20:00:00,2604.0,2674.3015
2017-10-21 21:00:00,2515.0,2588.3853
2017-10-21 22:00:00,2373.0,2385.633
2017-10-21 23:00:00,2228.0,2274.6504
2017-10-22 00:00:00,2078.0,2127.7852
2017-10-22 01:00:00,2007.0,2022.5393
2017-10-22 02:00:00,1957.0,1981.2236
2017-10-22 03:00:00,1924.0,1956.9773
2017-10-22 04:00:00,1908.0,1964.273
2017-10-22 05:00:00,1955.0,1993.6493
2017-10-22 06:00:00,2001.0,2026.4366
2017-10-22 07:00:00,2104.0,2069.7622
2017-10-22 08:00:00,2184.0,2199.0725
2017-10-22 09:00:00,2298.0,2300.7783
2017-10-22 10:00:00,2387.0,2380.696
2017-10-22 11:00:00,2465.0,2435.658
2017-10-22 12:00:00,2517.0,2509.3625
2017-10-22 13:00:00,2582.0,2530.949
2017-10-22 14:00:00,2587.0,2597.0232
2017-10-22 15:00:00,2630.0,2610.2593
2017-10-22 16:00:00,2670.0,2673.4556
2017-10-22 17:00:00,2666.0,2712.902
2017-10-22 18:00:00,2672.0,2697.6262
2017-10-22 19:00:00,2800.0,2752.0908
2017-10-22 20:00:00,2751.0,2802.903
2017-10-22 21:00:00,2654.0,2651.0596
2017-10-22 22:00:00,2486.0,2485.6592
2017-10-22 23:00:00,2336.0,2304.7908
2017-10-23 00:00:00,2160.0,2206.4446
2017-10-23 01:00:00,2088.0,2118.0078
2017-10-23 02:00:00,2068.0,2054.3525
2017-10-23 03:00:00,2061.0,2064.1467
2017-10-23 04:00:00,2128.0,2115.8545
2017-10-23 05:00:00,2296.0,2308.2178
2017-10-23 06:00:00,2593.0,2587.7937
2017-10-23 07:00:00,2803.0,2774.565
2017-10-23 08:00:00,2823.0,2856.1038
2017-10-23 09:00:00,2875.0,2872.15
2017-10-23 10:00:00,2958.0,2942.8699
2017-10-23 11:00:00,2987.0,2999.96
2017-10-23 12:00:00,2998.0,3007.8008
2017-10-23 13:00:00,2984.0,3016.8706
2017-10-23 14:00:00,2941.0,2974.5544
2017-10-23 15:00:00,2921.0,2930.9963
2017-10-23 16:00:00,2895.0,2903.7502
2017-10-23 17:00:00,2913.0,2879.8894
2017-10-23 18:00:00,2966.0,2928.465
2017-10-23 19:00:00,2995.0,3033.5588
2017-10-23 20:00:00,2916.0,2992.8782
2017-10-23 21:00:00,2753.0,2819.334
2017-10-23 22:00:00,2544.0,2568.202
2017-10-23 23:00:00,2370.0,2405.2183
2017-10-24 00:00:00,2245.0,2243.879
2017-10-24 01:00:00,2166.0,2164.338
2017-10-24 02:00:00,2100.0,2126.8313
2017-10-24 03:00:00,2084.0,2083.784
2017-10-24 04:00:00,2124.0,2105.605
2017-10-24 05:00:00,2296.0,2266.271
2017-10-24 06:00:00,2585.0,2593.7522
2017-10-24 07:00:00,2731.0,2753.1687
2017-10-24 08:00:00,2763.0,2767.7712
2017-10-24 09:00:00,2757.0,2801.975
2017-10-24 10:00:00,2792.0,2828.4956
2017-10-24 11:00:00,2779.0,2833.8801
2017-10-24 12:00:00,2779.0,2815.7507
2017-10-24 13:00:00,2791.0,2815.2969
2017-10-24 14:00:00,2789.0,2823.1123
2017-10-24 15:00:00,2798.0,2810.3237
2017-10-24 16:00:00,2834.0,2819.4954
2017-10-24 17:00:00,2862.0,2856.0203
2017-10-24 18:00:00,2913.0,2875.2764
2017-10-24 19:00:00,3005.0,2990.6182
2017-10-24 20:00:00,2967.0,2997.236
2017-10-24 21:00:00,2840.0,2853.4749
2017-10-24 22:00:00,2658.0,2642.6301
2017-10-24 23:00:00,2469.0,2458.4111
2017-10-25 00:00:00,2348.0,2322.3489
2017-10-25 01:00:00,2256.0,2248.8325
2017-10-25 02:00:00,2206.0,2203.557
2017-10-25 03:00:00,2204.0,2188.0964
2017-10-25 04:00:00,2263.0,2238.4453
2017-10-25 05:00:00,2421.0,2440.0215
2017-10-25 06:00:00,2711.0,2720.5144
2017-10-25 07:00:00,2907.0,2893.1443
2017-10-25 08:00:00,2935.0,2918.6511
2017-10-25 09:00:00,2933.0,2946.0054
2017-10-25 10:00:00,2938.0,2955.82
2017-10-25 11:00:00,2900.0,2934.7126
2017-10-25 12:00:00,2838.0,2890.9688
2017-10-25 13:00:00,2866.0,2825.219
2017-10-25 14:00:00,2838.0,2879.6758
2017-10-25 15:00:00,2825.0,2829.5457
2017-10-25 16:00:00,2817.0,2821.769
2017-10-25 17:00:00,2838.0,2816.7854
2017-10-25 18:00:00,2888.0,2854.915
2017-10-25 19:00:00,3025.0,2976.3079
2017-10-25 20:00:00,3012.0,3027.787
2017-10-25 21:00:00,2921.0,2900.3591
2017-10-25 22:00:00,2749.0,2719.7397
2017-10-25 23:00:00,2589.0,2553.9856
2017-10-26 00:00:00,2481.0,2454.8467
2017-10-26 01:00:00,2415.0,2402.3176
2017-10-26 02:00:00,2385.0,2373.4595
2017-10-26 03:00:00,2378.0,2385.7263
2017-10-26 04:00:00,2451.0,2440.5347
2017-10-26 05:00:00,2653.0,2621.654
2017-10-26 06:00:00,2966.0,2969.501
2017-10-26 07:00:00,3166.0,3108.7043
2017-10-26 08:00:00,3157.0,3140.189
2017-10-26 09:00:00,3102.0,3128.016
2017-10-26 10:00:00,3039.0,3079.1658
2017-10-26 11:00:00,2966.0,3007.4944
2017-10-26 12:00:00,2905.0,2941.7764
2017-10-26 13:00:00,2878.0,2883.8882
2017-10-26 14:00:00,2865.0,2859.293
2017-10-26 15:00:00,2826.0,2856.2544
2017-10-26 16:00:00,2809.0,2817.0562
2017-10-26 17:00:00,2785.0,2817.8271
2017-10-26 18:00:00,2836.0,2805.8533
2017-10-26 19:00:00,2961.0,2936.8823
2017-10-26 20:00:00,2951.0,2992.85
2017-10-26 21:00:00,2848.0,2864.1406
2017-10-26 22:00:00,2675.0,2679.4648
2017-10-26 23:00:00,2469.0,2483.3071
2017-10-27 00:00:00,2369.0,2340.091
2017-10-27 01:00:00,2289.0,2278.02
2017-10-27 02:00:00,2247.0,2263.3018
2017-10-27 03:00:00,2244.0,2238.7043
2017-10-27 04:00:00,2288.0,2289.6506
2017-10-27 05:00:00,2435.0,2443.23
2017-10-27 06:00:00,2681.0,2723.5789
2017-10-27 07:00:00,2862.0,2864.7102
2017-10-27 08:00:00,2850.0,2890.002
2017-10-27 09:00:00,2852.0,2848.2385
2017-10-27 10:00:00,2849.0,2866.8928
2017-10-27 11:00:00,2848.0,2827.652
2017-10-27 12:00:00,2831.0,2839.9873
2017-10-27 13:00:00,2816.0,2818.9458
2017-10-27 14:00:00,2799.0,2799.1736
2017-10-27 15:00:00,2759.0,2777.0425
2017-10-27 16:00:00,2734.0,2741.3818
2017-10-27 17:00:00,2752.0,2715.5994
2017-10-27 18:00:00,2805.0,2759.136
2017-10-27 19:00:00,2824.0,2870.3455
2017-10-27 20:00:00,2801.0,2810.0137
2017-10-27 21:00:00,2729.0,2720.34
2017-10-27 22:00:00,2622.0,2595.918
2017-10-27 23:00:00,2496.0,2488.0342
2017-10-28 00:00:00,2366.0,2375.081
2017-10-28 01:00:00,2295.0,2277.512
2017-10-28 02:00:00,2270.0,2240.493
2017-10-28 03:00:00,2259.0,2240.7844
2017-10-28 04:00:00,2256.0,2274.2358
2017-10-28 05:00:00,2330.0,2329.9624
2017-10-28 06:00:00,2457.0,2423.7795
2017-10-28 07:00:00,2610.0,2561.2705
2017-10-28 08:00:00,2741.0,2691.6328
2017-10-28 09:00:00,2820.0,2782.275
2017-10-28 10:00:00,2838.0,2847.874
2017-10-28 11:00:00,2840.0,2825.1787
2017-10-28 12:00:00,2826.0,2823.1187
2017-10-28 13:00:00,2805.0,2798.3096
2017-10-28 14:00:00,2781.0,2782.1448
2017-10-28 15:00:00,2758.0,2762.6453
2017-10-28 16:00:00,2770.0,2755.0986
2017-10-28 17:00:00,2808.0,2791.2583
2017-10-28 18:00:00,2854.0,2832.9111
2017-10-28 19:00:00,2892.0,2910.0225
2017-10-28 20:00:00,2846.0,2904.8303
2017-10-28 21:00:00,2760.0,2788.6626
2017-10-28 22:00:00,2643.0,2629.0093
2017-10-28 23:00:00,2521.0,2490.828
2017-10-29 00:00:00,2421.0,2383.6165
2017-10-29 01:00:00,2337.0,2326.7727
2017-10-29 02:00:00,2291.0,2288.3047
2017-10-29 03:00:00,2275.0,2269.6145
2017-10-29 04:00:00,2261.0,2282.8118
2017-10-29 05:00:00,2317.0,2317.041
2017-10-29 06:00:00,2388.0,2411.6096
2017-10-29 07:00:00,2504.0,2505.6128
2017-10-29 08:00:00,2609.0,2604.794
2017-10-29 09:00:00,2693.0,2684.0027
2017-10-29 10:00:00,2769.0,2725.2373
2017-10-29 11:00:00,2790.0,2774.4893
2017-10-29 12:00:00,2820.0,2769.7979
2017-10-29 13:00:00,2799.0,2819.9531
2017-10-29 14:00:00,2784.0,2773.1313
2017-10-29 15:00:00,2804.0,2773.4644
2017-10-29 16:00:00,2844.0,2849.4526
2017-10-29 17:00:00,2892.0,2875.3289
2017-10-29 18:00:00,2981.0,2909.8635
2017-10-29 19:00:00,3078.0,3033.0247
2017-10-29 20:00:00,3036.0,3072.0867
2017-10-29 21:00:00,2929.0,2922.5667
2017-10-29 22:00:00,2771.0,2753.1914
2017-10-29 23:00:00,2613.0,2590.709
2017-10-30 00:00:00,2527.0,2490.7444
2017-10-30 01:00:00,2492.0,2471.419
2017-10-30 02:00:00,2487.0,2475.4045
2017-10-30 03:00:00,2520.0,2521.8608
2017-10-30 04:00:00,2592.0,2598.0679
2017-10-30 05:00:00,2769.0,2753.4692
2017-10-30 06:00:00,3042.0,3038.7363
2017-10-30 07:00:00,3216.0,3217.7974
2017-10-30 08:00:00,3254.0,3231.7712
2017-10-30 09:00:00,3225.0,3252.9407
2017-10-30 10:00:00,3240.0,3211.3826
2017-10-30 11:00:00,3218.0,3218.9368
2017-10-30 12:00:00,3201.0,3186.8015
2017-10-30 13:00:00,3166.0,3174.975
2017-10-30 14:00:00,3128.0,3135.9915
2017-10-30 15:00:00,3103.0,3105.4265
2017-10-30 16:00:00,3131.0,3093.18
2017-10-30 17:00:00,3177.0,3173.2905
2017-10-30 18:00:00,3238.0,3230.655
2017-10-30 19:00:00,3283.0,3273.6099
2017-10-30 20:00:00,3222.0,3303.677
2017-10-30 21:00:00,3110.0,3110.4788
2017-10-30 22:00:00,2927.0,2923.1753
2017-10-30 23:00:00,2768.0,2718.77
2017-10-31 00:00:00,2638.0,2604.7148
2017-10-31 01:00:00,2571.0,2538.2793
2017-10-31 02:00:00,2530.0,2541.6887
2017-10-31 03:00:00,2549.0,2524.779
2017-10-31 04:00:00,2624.0,2589.8494
2017-10-31 05:00:00,2813.0,2811.889
2017-10-31 06:00:00,3134.0,3101.7522
2017-10-31 07:00:00,3324.0,3298.6624
2017-10-31 08:00:00,3303.0,3313.8164
2017-10-31 09:00:00,3232.0,3274.7976
2017-10-31 10:00:00,3200.0,3189.441
2017-10-31 11:00:00,3136.0,3155.0042
2017-10-31 12:00:00,3085.0,3103.1943
2017-10-31 13:00:00,3031.0,3051.5295
2017-10-31 14:00:00,2975.0,3001.1604
2017-10-31 15:00:00,2927.0,2942.3447
2017-10-31 16:00:00,2902.0,2905.454
2017-10-31 17:00:00,2883.0,2912.6113
2017-10-31 18:00:00,2901.0,2925.3374
2017-10-31 19:00:00,3019.0,2993.3645
2017-10-31 20:00:00,3107.0,3056.871
2017-10-31 21:00:00,3066.0,3003.5112
2017-10-31 22:00:00,2940.0,2901.3943
2017-10-31 23:00:00,2798.0,2749.9185
2017-11-01 00:00:00,2683.0,2667.4355
2017-11-01 01:00:00,2591.0,2626.008
2017-11-01 02:00:00,2538.0,2572.5315
2017-11-01 03:00:00,2534.0,2538.3726
2017-11-01 04:00:00,2560.0,2563.9993
2017-11-01 05:00:00,2748.0,2702.043
2017-11-01 06:00:00,3003.0,3012.4402
2017-11-01 07:00:00,3176.0,3135.343
2017-11-01 08:00:00,3213.0,3182.3164
2017-11-01 09:00:00,3215.0,3207.7224
2017-11-01 10:00:00,3232.0,3205.5095
2017-11-01 11:00:00,3222.0,3197.2112
2017-11-01 12:00:00,3206.0,3204.634
2017-11-01 13:00:00,3182.0,3183.5537
2017-11-01 14:00:00,3157.0,3143.2039
2017-11-01 15:00:00,3160.0,3121.2083
2017-11-01 16:00:00,3149.0,3204.5032
2017-11-01 17:00:00,3170.0,3249.6782
2017-11-01 18:00:00,3215.0,3225.2722
2017-11-01 19:00:00,3211.0,3259.1753
2017-11-01 20:00:00,3137.0,3198.9805
2017-11-01 21:00:00,3000.0,3049.6545
2017-11-01 22:00:00,2793.0,2829.6562
2017-11-01 23:00:00,2596.0,2612.3313
2017-11-02 00:00:00,2458.0,2467.0598
2017-11-02 01:00:00,2340.0,2366.9285
2017-11-02 02:00:00,2296.0,2285.9595
2017-11-02 03:00:00,2278.0,2269.8604
2017-11-02 04:00:00,2321.0,2305.2852
2017-11-02 05:00:00,2491.0,2476.3176
2017-11-02 06:00:00,2784.0,2764.164
2017-11-02 07:00:00,2949.0,2918.8735
2017-11-02 08:00:00,2948.0,3001.638
2017-11-02 09:00:00,2952.0,2965.7747
2017-11-02 10:00:00,2975.0,2973.344
2017-11-02 11:00:00,2951.0,2961.6333
2017-11-02 12:00:00,2950.0,2942.0898
2017-11-02 13:00:00,2943.0,2946.6848
2017-11-02 14:00:00,2925.0,2926.3022
2017-11-02 15:00:00,2902.0,2902.4072
2017-11-02 16:00:00,2900.0,2896.8354
2017-11-02 17:00:00,2896.0,2959.666
2017-11-02 18:00:00,2958.0,2951.076
2017-11-02 19:00:00,3024.0,2993.5393
2017-11-02 20:00:00,2971.0,2988.1204
2017-11-02 21:00:00,2843.0,2877.3916
2017-11-02 22:00:00,2665.0,2653.6843
2017-11-02 23:00:00,2472.0,2495.2515
2017-11-03 00:00:00,2349.0,2341.413
2017-11-03 01:00:00,2241.0,2255.9177
2017-11-03 02:00:00,2186.0,2195.5793
2017-11-03 03:00:00,2162.0,2169.4316
2017-11-03 04:00:00,2190.0,2193.8015
2017-11-03 05:00:00,2355.0,2334.7039
2017-11-03 06:00:00,2650.0,2613.8481
2017-11-03 07:00:00,2839.0,2796.4365
2017-11-03 08:00:00,2876.0,2844.6594
2017-11-03 09:00:00,2860.0,2905.5176
2017-11-03 10:00:00,2897.0,2879.2893
2017-11-03 11:00:00,2889.0,2895.0847
2017-11-03 12:00:00,2870.0,2886.3245
2017-11-03 13:00:00,2845.0,2852.971
2017-11-03 14:00:00,2828.0,2813.867
2017-11-03 15:00:00,2801.0,2792.2458
2017-11-03 16:00:00,2764.0,2792.5166
2017-11-03 17:00:00,2736.0,2810.5955
2017-11-03 18:00:00,2772.0,2752.8833
2017-11-03 19:00:00,2843.0,2788.126
2017-11-03 20:00:00,2806.0,2825.9785
2017-11-03 21:00:00,2733.0,2721.5513
2017-11-03 22:00:00,2612.0,2591.857
2017-11-03 23:00:00,2491.0,2475.3699
2017-11-04 00:00:00,2364.0,2367.6934
2017-11-04 01:00:00,2295.0,2284.125
2017-11-04 02:00:00,2233.0,2246.104
2017-11-04 03:00:00,2230.0,2207.726
2017-11-04 04:00:00,2224.0,2246.5718
2017-11-04 05:00:00,2279.0,2291.7168
2017-11-04 06:00:00,2386.0,2376.6292
2017-11-04 07:00:00,2505.0,2487.9805
2017-11-04 08:00:00,2606.0,2589.676
2017-11-04 09:00:00,2694.0,2670.5037
2017-11-04 10:00:00,2750.0,2725.6099
2017-11-04 11:00:00,2735.0,2741.2576
2017-11-04 12:00:00,2702.0,2700.747
2017-11-04 13:00:00,2635.0,2659.8713
2017-11-04 14:00:00,2603.0,2595.1638
2017-11-04 15:00:00,2576.0,2577.183
2017-11-04 16:00:00,2575.0,2589.7656
2017-11-04 17:00:00,2596.0,2659.5332
2017-11-04 18:00:00,2659.0,2672.5044
2017-11-04 19:00:00,2697.0,2693.6904
2017-11-04 20:00:00,2662.0,2685.9282
2017-11-04 21:00:00,2573.0,2609.2603
2017-11-04 22:00:00,2463.0,2460.7734
2017-11-04 23:00:00,2323.0,2339.0784
2017-11-05 00:00:00,2199.0,2222.6418
2017-11-05 01:00:00,1044.0,2130.4238
2017-11-05 02:00:00,2064.0,2007.3605
2017-11-05 02:00:00,1772.0,1997.0189
2017-11-05 03:00:00,1795.0,1975.8717
2017-11-05 04:00:00,1817.0,1980.723
2017-11-05 05:00:00,1852.0,2024.1399
2017-11-05 06:00:00,1929.0,2082.7556
2017-11-05 07:00:00,1976.0,2088.331
2017-11-05 08:00:00,2077.0,2132.7087
2017-11-05 09:00:00,2163.0,2184.8958
2017-11-05 10:00:00,2219.0,2268.907
2017-11-05 11:00:00,2267.0,2311.1638
2017-11-05 12:00:00,2275.0,2323.952
2017-11-05 13:00:00,2264.0,2310.4016
2017-11-05 14:00:00,2289.0,2309.238
2017-11-05 15:00:00,2312.0,2324.537
2017-11-05 16:00:00,2385.0,2390.509
2017-11-05 17:00:00,2482.0,2506.7168
2017-11-05 18:00:00,2524.0,2566.6494
2017-11-05 19:00:00,2498.0,2587.0525
2017-11-05 20:00:00,2424.0,2543.1172
2017-11-05 21:00:00,2287.0,2448.3303
2017-11-05 22:00:00,2158.0,2260.4932
2017-11-05 23:00:00,2030.0,2271.1187
2017-11-06 00:00:00,2187.0,2116.6575
2017-11-06 01:00:00,2125.0,2192.1016
2017-11-06 02:00:00,2075.0,2148.8552
2017-11-06 03:00:00,2093.0,2080.5374
2017-11-06 04:00:00,2126.0,2158.4905
2017-11-06 05:00:00,2286.0,2255.5474
2017-11-06 06:00:00,2590.0,2542.1052
2017-11-06 07:00:00,2749.0,2772.4912
2017-11-06 08:00:00,2790.0,2801.7407
2017-11-06 09:00:00,2832.0,2841.8477
2017-11-06 10:00:00,2900.0,2886.9365
2017-11-06 11:00:00,2900.0,2925.5833
2017-11-06 12:00:00,2889.0,2914.352
2017-11-06 13:00:00,2880.0,2891.71
2017-11-06 14:00:00,2851.0,2873.0085
2017-11-06 15:00:00,2871.0,2840.6782
2017-11-06 16:00:00,2902.0,2893.22
2017-11-06 17:00:00,3022.0,3014.8337
2017-11-06 18:00:00,3087.0,3104.2534
2017-11-06 19:00:00,3060.0,3087.1965
2017-11-06 20:00:00,2964.0,3044.2605
2017-11-06 21:00:00,2835.0,2863.5496
2017-11-06 22:00:00,2656.0,2651.6553
2017-11-06 23:00:00,2505.0,2479.545
2017-11-07 00:00:00,2414.0,2375.9727
2017-11-07 01:00:00,2321.0,2322.23
2017-11-07 02:00:00,2291.0,2278.5342
2017-11-07 03:00:00,2303.0,2289.7754
2017-11-07 04:00:00,2371.0,2351.5474
2017-11-07 05:00:00,2552.0,2554.563
2017-11-07 06:00:00,2825.0,2822.4805
2017-11-07 07:00:00,2960.0,2969.5215
2017-11-07 08:00:00,3017.0,2970.0674
2017-11-07 09:00:00,3033.0,3038.533
2017-11-07 10:00:00,3085.0,3051.4788
2017-11-07 11:00:00,3046.0,3089.7302
2017-11-07 12:00:00,3028.0,3039.1772
2017-11-07 13:00:00,3003.0,3007.3179
2017-11-07 14:00:00,2992.0,2983.686
2017-11-07 15:00:00,2989.0,2971.488
2017-11-07 16:00:00,3028.0,3016.7898
2017-11-07 17:00:00,3173.0,3131.4795
2017-11-07 18:00:00,3215.0,3268.9229
2017-11-07 19:00:00,3177.0,3192.4895
2017-11-07 20:00:00,3104.0,3124.3618
2017-11-07 21:00:00,2972.0,2989.0837
2017-11-07 22:00:00,2794.0,2779.252
2017-11-07 23:00:00,2635.0,2622.4019
2017-11-08 00:00:00,2536.0,2495.2644
2017-11-08 01:00:00,2467.0,2480.0505
2017-11-08 02:00:00,2433.0,2444.1038
2017-11-08 03:00:00,2414.0,2442.2466
2017-11-08 04:00:00,2478.0,2478.111
2017-11-08 05:00:00,2672.0,2654.064
2017-11-08 06:00:00,2958.0,2964.8284
2017-11-08 07:00:00,3077.0,3113.3662
2017-11-08 08:00:00,3083.0,3068.7625
2017-11-08 09:00:00,3073.0,3072.0637
2017-11-08 10:00:00,3053.0,3071.899
2017-11-08 11:00:00,3004.0,3023.2046
2017-11-08 12:00:00,2954.0,2980.6145
2017-11-08 13:00:00,2922.0,2940.0464
2017-11-08 14:00:00,2870.0,2888.506
2017-11-08 15:00:00,2873.0,2846.2246
2017-11-08 16:00:00,2858.0,2897.93
2017-11-08 17:00:00,2978.0,2956.301
2017-11-08 18:00:00,3102.0,3050.3167
2017-11-08 19:00:00,3087.0,3075.3691
2017-11-08 20:00:00,3061.0,3039.6455
2017-11-08 21:00:00,2972.0,2938.7542
2017-11-08 22:00:00,2828.0,2795.8142
2017-11-08 23:00:00,2680.0,2644.8542
2017-11-09 00:00:00,2591.0,2572.5144
2017-11-09 01:00:00,2548.0,2542.5046
2017-11-09 02:00:00,2541.0,2543.3354
2017-11-09 03:00:00,2559.0,2542.9705
2017-11-09 04:00:00,2647.0,2618.3596
2017-11-09 05:00:00,2852.0,2858.2644
2017-11-09 06:00:00,3146.0,3109.5269
2017-11-09 07:00:00,3285.0,3273.484
2017-11-09 08:00:00,3249.0,3261.411
2017-11-09 09:00:00,3132.0,3211.0542
2017-11-09 10:00:00,3091.0,3090.2925
2017-11-09 11:00:00,3013.0,3037.9185
2017-11-09 12:00:00,2976.0,2974.0034
2017-11-09 13:00:00,2942.0,2942.27
2017-11-09 14:00:00,2915.0,2914.922
2017-11-09 15:00:00,2883.0,2901.8345
2017-11-09 16:00:00,2886.0,2895.191
2017-11-09 17:00:00,3006.0,3000.2388
2017-11-09 18:00:00,3130.0,3099.1038
2017-11-09 19:00:00,3123.0,3123.1223
2017-11-09 20:00:00,3089.0,3079.6384
2017-11-09 21:00:00,2995.0,2982.55
2017-11-09 22:00:00,2849.0,2842.2554
2017-11-09 23:00:00,2700.0,2679.6636
2017-11-10 00:00:00,2625.0,2596.079
2017-11-10 01:00:00,2583.0,2565.1936
2017-11-10 02:00:00,2581.0,2580.4382
2017-11-10 03:00:00,2620.0,2605.5237
2017-11-10 04:00:00,2699.0,2724.3936
2017-11-10 05:00:00,2885.0,2895.8313
2017-11-10 06:00:00,3175.0,3135.702
2017-11-10 07:00:00,3308.0,3299.7935
2017-11-10 08:00:00,3314.0,3288.182
2017-11-10 09:00:00,3320.0,3276.2932
2017-11-10 10:00:00,3287.0,3307.0398
2017-11-10 11:00:00,3210.0,3229.9272
2017-11-10 12:00:00,3140.0,3151.6418
2017-11-10 13:00:00,3105.0,3088.701
2017-11-10 14:00:00,3077.0,3060.5767
2017-11-10 15:00:00,3061.0,3032.9595
2017-11-10 16:00:00,3109.0,3077.3384
2017-11-10 17:00:00,3286.0,3262.161
2017-11-10 18:00:00,3394.0,3345.0496
2017-11-10 19:00:00,3337.0,3385.77
2017-11-10 20:00:00,3309.0,3300.155
2017-11-10 21:00:00,3242.0,3234.5103
2017-11-10 22:00:00,3121.0,3087.1167
2017-11-10 23:00:00,3006.0,2956.7664
2017-11-11 00:00:00,2898.0,2913.4954
2017-11-11 01:00:00,2829.0,2821.5176
2017-11-11 02:00:00,2789.0,2802.2983
2017-11-11 03:00:00,2779.0,2793.7375
2017-11-11 04:00:00,2822.0,2813.62
2017-11-11 05:00:00,2891.0,2915.5034
2017-11-11 06:00:00,3016.0,3002.4487
2017-11-11 07:00:00,3121.0,3124.5078
2017-11-11 08:00:00,3183.0,3177.0723
2017-11-11 09:00:00,3191.0,3179.636
2017-11-11 10:00:00,3143.0,3159.5276
2017-11-11 11:00:00,3073.0,3063.1616
2017-11-11 12:00:00,2979.0,2994.4502
2017-11-11 13:00:00,2918.0,2920.043
2017-11-11 14:00:00,2845.0,2868.0002
2017-11-11 15:00:00,2797.0,2810.3306
2017-11-11 16:00:00,2845.0,2852.3828
2017-11-11 17:00:00,3011.0,3032.4736
2017-11-11 18:00:00,3108.0,3157.5693
2017-11-11 19:00:00,3085.0,3112.6309
2017-11-11 20:00:00,3047.0,3052.0955
2017-11-11 21:00:00,2977.0,2971.6548
2017-11-11 22:00:00,2858.0,2859.325
2017-11-11 23:00:00,2733.0,2738.557
2017-11-12 00:00:00,2626.0,2621.4722
2017-11-12 01:00:00,2557.0,2558.9385
2017-11-12 02:00:00,2522.0,2526.6396
2017-11-12 03:00:00,2529.0,2501.2903
2017-11-12 04:00:00,2536.0,2538.8835
2017-11-12 05:00:00,2580.0,2594.4556
2017-11-12 06:00:00,2640.0,2669.252
2017-11-12 07:00:00,2707.0,2732.8425
2017-11-12 08:00:00,2797.0,2794.981
2017-11-12 09:00:00,2820.0,2844.0427
2017-11-12 10:00:00,2811.0,2837.6448
2017-11-12 11:00:00,2784.0,2785.2236
2017-11-12 12:00:00,2757.0,2742.5586
2017-11-12 13:00:00,2719.0,2715.122
2017-11-12 14:00:00,2742.0,2667.1655
2017-11-12 15:00:00,2758.0,2752.5002
2017-11-12 16:00:00,2838.0,2833.13
2017-11-12 17:00:00,2967.0,3048.0657
2017-11-12 18:00:00,3005.0,3036.343
2017-11-12 19:00:00,2958.0,2993.4204
2017-11-12 20:00:00,2905.0,2934.5645
2017-11-12 21:00:00,2795.0,2834.8867
2017-11-12 22:00:00,2658.0,2682.971
2017-11-12 23:00:00,2541.0,2534.2542
2017-11-13 00:00:00,2461.0,2419.3762
2017-11-13 01:00:00,2422.0,2397.8643
2017-11-13 02:00:00,2424.0,2406.5579
2017-11-13 03:00:00,2461.0,2438.0945
2017-11-13 04:00:00,2543.0,2543.3215
2017-11-13 05:00:00,2746.0,2751.0461
2017-11-13 06:00:00,3042.0,3047.576
2017-11-13 07:00:00,3206.0,3189.8262
2017-11-13 08:00:00,3211.0,3216.0874
2017-11-13 09:00:00,3231.0,3185.3245
2017-11-13 10:00:00,3232.0,3211.5579
2017-11-13 11:00:00,3189.0,3195.6628
2017-11-13 12:00:00,3171.0,3146.2488
2017-11-13 13:00:00,3149.0,3127.3792
2017-11-13 14:00:00,3128.0,3125.4521
2017-11-13 15:00:00,3148.0,3115.3433
2017-11-13 16:00:00,3182.0,3209.8694
2017-11-13 17:00:00,3301.0,3320.4512
2017-11-13 18:00:00,3349.0,3353.8074
2017-11-13 19:00:00,3315.0,3316.159
2017-11-13 20:00:00,3242.0,3283.6084
2017-11-13 21:00:00,3109.0,3134.631
2017-11-13 22:00:00,2935.0,2931.272
2017-11-13 23:00:00,2784.0,2728.2148
2017-11-14 00:00:00,2650.0,2623.1516
2017-11-14 01:00:00,2585.0,2565.9036
2017-11-14 02:00:00,2536.0,2553.6804
2017-11-14 03:00:00,2536.0,2543.8533
2017-11-14 04:00:00,2608.0,2583.37
2017-11-14 05:00:00,2799.0,2789.1982
2017-11-14 06:00:00,3109.0,3101.4023
2017-11-14 07:00:00,3224.0,3279.8813
2017-11-14 08:00:00,3169.0,3190.4487
2017-11-14 09:00:00,3100.0,3132.5286
2017-11-14 10:00:00,3046.0,3068.0679
2017-11-14 11:00:00,2998.0,2988.128
2017-11-14 12:00:00,2958.0,2958.5847
2017-11-14 13:00:00,2932.0,2932.4734
2017-11-14 14:00:00,2913.0,2912.5886
2017-11-14 15:00:00,2885.0,2906.1323
2017-11-14 16:00:00,2923.0,2919.518
2017-11-14 17:00:00,3066.0,3066.634
2017-11-14 18:00:00,3198.0,3145.834
2017-11-14 19:00:00,3164.0,3168.8652
2017-11-14 20:00:00,3148.0,3112.109
2017-11-14 21:00:00,3040.0,3047.7468
2017-11-14 22:00:00,2887.0,2856.1328
2017-11-14 23:00:00,2749.0,2713.19
2017-11-15 00:00:00,2660.0,2642.6243
2017-11-15 01:00:00,2608.0,2600.3887
2017-11-15 02:00:00,2591.0,2577.7646
2017-11-15 03:00:00,2602.0,2610.7878
2017-11-15 04:00:00,2673.0,2659.9968
2017-11-15 05:00:00,2867.0,2854.227
2017-11-15 06:00:00,3159.0,3149.9048
2017-11-15 07:00:00,3261.0,3300.7632
2017-11-15 08:00:00,3264.0,3228.7522
2017-11-15 09:00:00,3228.0,3249.2373
2017-11-15 10:00:00,3226.0,3191.6533
2017-11-15 11:00:00,3216.0,3188.1682
2017-11-15 12:00:00,3196.0,3180.7722
2017-11-15 13:00:00,3202.0,3166.2393
2017-11-15 14:00:00,3204.0,3187.8127
2017-11-15 15:00:00,3198.0,3195.8584
2017-11-15 16:00:00,3198.0,3245.6895
2017-11-15 17:00:00,3289.0,3341.9028
2017-11-15 18:00:00,3281.0,3330.2534
2017-11-15 19:00:00,3216.0,3269.3872
2017-11-15 20:00:00,3139.0,3188.913
2017-11-15 21:00:00,2991.0,3040.688
2017-11-15 22:00:00,2804.0,2819.1892
2017-11-15 23:00:00,2623.0,2627.6711
2017-11-16 00:00:00,2504.0,2477.417
2017-11-16 01:00:00,2441.0,2434.2358
2017-11-16 02:00:00,2407.0,2415.2456
2017-11-16 03:00:00,2414.0,2408.5762
2017-11-16 04:00:00,2499.0,2474.077
2017-11-16 05:00:00,2713.0,2700.8147
2017-11-16 06:00:00,3059.0,3025.7778
2017-11-16 07:00:00,3221.0,3195.793
2017-11-16 08:00:00,3267.0,3199.174
2017-11-16 09:00:00,3312.0,3268.0532
2017-11-16 10:00:00,3306.0,3340.9578
2017-11-16 11:00:00,3289.0,3309.1758
2017-11-16 12:00:00,3275.0,3264.7397
2017-11-16 13:00:00,3253.0,3260.9248
2017-11-16 14:00:00,3218.0,3231.6528
2017-11-16 15:00:00,3219.0,3190.0828
2017-11-16 16:00:00,3240.0,3252.2495
2017-11-16 17:00:00,3371.0,3340.9985
2017-11-16 18:00:00,3413.0,3425.5547
2017-11-16 19:00:00,3360.0,3401.4583
2017-11-16 20:00:00,3297.0,3315.0178
2017-11-16 21:00:00,3174.0,3194.2974
2017-11-16 22:00:00,3001.0,2974.8965
2017-11-16 23:00:00,2794.0,2780.671
2017-11-17 00:00:00,2706.0,2638.5957
2017-11-17 01:00:00,2605.0,2615.4692
2017-11-17 02:00:00,2589.0,2556.6653
2017-11-17 03:00:00,2577.0,2598.036
2017-11-17 04:00:00,2654.0,2626.037
2017-11-17 05:00:00,2819.0,2846.2852
2017-11-17 06:00:00,3110.0,3075.992
2017-11-17 07:00:00,3279.0,3284.0847
2017-11-17 08:00:00,3281.0,3268.832
2017-11-17 09:00:00,3251.0,3280.6067
2017-11-17 10:00:00,3193.0,3225.637
2017-11-17 11:00:00,3075.0,3138.0122
2017-11-17 12:00:00,2980.0,3001.8684
2017-11-17 13:00:00,2952.0,2922.93
2017-11-17 14:00:00,2938.0,2918.9143
2017-11-17 15:00:00,2923.0,2916.2307
2017-11-17 16:00:00,2930.0,2937.671
2017-11-17 17:00:00,3079.0,3039.309
2017-11-17 18:00:00,3123.0,3162.4363
2017-11-17 19:00:00,3071.0,3086.7134
2017-11-17 20:00:00,3035.0,3017.2258
2017-11-17 21:00:00,2933.0,2952.6074
2017-11-17 22:00:00,2792.0,2773.6824
2017-11-17 23:00:00,2645.0,2636.5452
2017-11-18 00:00:00,2497.0,2527.9978
2017-11-18 01:00:00,2389.0,2408.5303
2017-11-18 02:00:00,2332.0,2333.3362
2017-11-18 03:00:00,2301.0,2325.323
2017-11-18 04:00:00,2302.0,2322.0654
2017-11-18 05:00:00,2368.0,2368.0925
2017-11-18 06:00:00,2464.0,2473.3672
2017-11-18 07:00:00,2565.0,2568.2542
2017-11-18 08:00:00,2670.0,2671.6519
2017-11-18 09:00:00,2761.0,2740.9546
2017-11-18 10:00:00,2813.0,2834.668
2017-11-18 11:00:00,2815.0,2811.295
2017-11-18 12:00:00,2765.0,2801.65
2017-11-18 13:00:00,2664.0,2731.4968
2017-11-18 14:00:00,2634.0,2615.0928
2017-11-18 15:00:00,2635.0,2602.5464
2017-11-18 16:00:00,2696.0,2685.236
2017-11-18 17:00:00,2796.0,2843.2646
2017-11-18 18:00:00,2764.0,2846.808
2017-11-18 19:00:00,2730.0,2729.7236
2017-11-18 20:00:00,2695.0,2700.8193
2017-11-18 21:00:00,2654.0,2650.8389
2017-11-18 22:00:00,2591.0,2546.6702
2017-11-18 23:00:00,2458.0,2432.5317
2017-11-19 00:00:00,2369.0,2330.6118
2017-11-19 01:00:00,2316.0,2291.3616
2017-11-19 02:00:00,2304.0,2265.6711
2017-11-19 03:00:00,2289.0,2305.7656
2017-11-19 04:00:00,2323.0,2320.5095
2017-11-19 05:00:00,2389.0,2398.2004
2017-11-19 06:00:00,2468.0,2504.5754
2017-11-19 07:00:00,2585.0,2574.9285
2017-11-19 08:00:00,2690.0,2674.53
2017-11-19 09:00:00,2801.0,2778.3867
2017-11-19 10:00:00,2870.0,2839.8557
2017-11-19 11:00:00,2897.0,2889.2307
2017-11-19 12:00:00,2945.0,2886.9036
2017-11-19 13:00:00,2929.0,2935.3333
2017-11-19 14:00:00,2930.0,2902.3208
2017-11-19 15:00:00,2925.0,2906.6287
2017-11-19 16:00:00,2957.0,2958.098
2017-11-19 17:00:00,3145.0,3090.0303
2017-11-19 18:00:00,3265.0,3199.402
2017-11-19 19:00:00,3250.0,3250.0142
2017-11-19 20:00:00,3239.0,3222.1123
2017-11-19 21:00:00,3146.0,3142.5652
2017-11-19 22:00:00,3025.0,2986.4028
2017-11-19 23:00:00,2903.0,2870.7664
2017-11-20 00:00:00,2817.0,2794.581
2017-11-20 01:00:00,2778.0,2753.1372
2017-11-20 02:00:00,2782.0,2767.9062
2017-11-20 03:00:00,2804.0,2783.6194
2017-11-20 04:00:00,2881.0,2907.2578
2017-11-20 05:00:00,3083.0,3054.58
2017-11-20 06:00:00,3404.0,3332.4265
2017-11-20 07:00:00,3527.0,3575.205
2017-11-20 08:00:00,3483.0,3503.5647
2017-11-20 09:00:00,3393.0,3471.542
2017-11-20 10:00:00,3331.0,3380.765
2017-11-20 11:00:00,3238.0,3270.1165
2017-11-20 12:00:00,3175.0,3183.4995
2017-11-20 13:00:00,3106.0,3117.4722
2017-11-20 14:00:00,3058.0,3054.1406
2017-11-20 15:00:00,3041.0,3022.093
2017-11-20 16:00:00,3085.0,3069.094
2017-11-20 17:00:00,3278.0,3278.0813
2017-11-20 18:00:00,3360.0,3384.934
2017-11-20 19:00:00,3354.0,3344.79
2017-11-20 20:00:00,3294.0,3307.918
2017-11-20 21:00:00,3198.0,3170.5564
2017-11-20 22:00:00,3018.0,3013.295
2017-11-20 23:00:00,2839.0,2829.5002
2017-11-21 00:00:00,2721.0,2726.468
2017-11-21 01:00:00,2663.0,2667.7961
2017-11-21 02:00:00,2624.0,2629.7634
2017-11-21 03:00:00,2630.0,2609.2454
2017-11-21 04:00:00,2690.0,2675.7507
2017-11-21 05:00:00,2882.0,2891.48
2017-11-21 06:00:00,3157.0,3182.1885
2017-11-21 07:00:00,3254.0,3309.8625
2017-11-21 08:00:00,3232.0,3245.3093
2017-11-21 09:00:00,3211.0,3192.8108
2017-11-21 10:00:00,3151.0,3162.9363
2017-11-21 11:00:00,3056.0,3090.4812
2017-11-21 12:00:00,3026.0,3000.6406
2017-11-21 13:00:00,2939.0,2973.4539
2017-11-21 14:00:00,2918.0,2901.8835
2017-11-21 15:00:00,2919.0,2896.477
2017-11-21 16:00:00,2971.0,2952.4485
2017-11-21 17:00:00,3100.0,3165.6118
2017-11-21 18:00:00,3164.0,3202.6736
2017-11-21 19:00:00,3130.0,3142.59
2017-11-21 20:00:00,3074.0,3096.6814
2017-11-21 21:00:00,2957.0,2944.766
2017-11-21 22:00:00,2830.0,2799.1492
2017-11-21 23:00:00,2693.0,2645.2043
2017-11-22 00:00:00,2593.0,2571.564
2017-11-22 01:00:00,2544.0,2532.6765
2017-11-22 02:00:00,2545.0,2536.2058
2017-11-22 03:00:00,2575.0,2541.5886
2017-11-22 04:00:00,2667.0,2640.3567
2017-11-22 05:00:00,2850.0,2850.916
2017-11-22 06:00:00,3102.0,3101.3074
2017-11-22 07:00:00,3281.0,3246.8767
2017-11-22 08:00:00,3312.0,3258.3994
2017-11-22 09:00:00,3348.0,3305.2844
2017-11-22 10:00:00,3333.0,3356.3022
2017-11-22 11:00:00,3327.0,3286.718
2017-11-22 12:00:00,3290.0,3294.9297
2017-11-22 13:00:00,3250.0,3242.7742
2017-11-22 14:00:00,3182.0,3213.4465
2017-11-22 15:00:00,3124.0,3132.3313
2017-11-22 16:00:00,3119.0,3134.5713
2017-11-22 17:00:00,3278.0,3215.603
2017-11-22 18:00:00,3362.0,3351.4905
2017-11-22 19:00:00,3341.0,3349.278
2017-11-22 20:00:00,3325.0,3309.481
2017-11-22 21:00:00,3221.0,3212.3467
2017-11-22 22:00:00,3107.0,3047.1755
2017-11-22 23:00:00,2959.0,2908.2703
2017-11-23 00:00:00,2842.0,2850.9214
2017-11-23 01:00:00,2761.0,2780.34
2017-11-23 02:00:00,2726.0,2731.7551
2017-11-23 03:00:00,2717.0,2730.0913
2017-11-23 04:00:00,2747.0,2766.615
2017-11-23 05:00:00,2813.0,2923.8347
2017-11-23 06:00:00,2872.0,3004.3318
2017-11-23 07:00:00,2926.0,3022.4473
2017-11-23 08:00:00,2996.0,2999.8794
2017-11-23 09:00:00,3054.0,3071.6323
2017-11-23 10:00:00,3057.0,3096.887
2017-11-23 11:00:00,2952.0,3052.0437
2017-11-23 12:00:00,2880.0,2910.244
2017-11-23 13:00:00,2732.0,2830.1165
2017-11-23 14:00:00,2614.0,2694.704
2017-11-23 15:00:00,2527.0,2586.8428
2017-11-23 16:00:00,2492.0,2527.2056
2017-11-23 17:00:00,2582.0,2595.0417
2017-11-23 18:00:00,2650.0,2654.8762
2017-11-23 19:00:00,2676.0,2737.4688
2017-11-23 20:00:00,2701.0,2709.3723
2017-11-23 21:00:00,2700.0,2712.31
2017-11-23 22:00:00,2658.0,2632.7178
2017-11-23 23:00:00,2601.0,2593.753
2017-11-24 00:00:00,2527.0,2475.6538
2017-11-24 01:00:00,2492.0,2478.827
2017-11-24 02:00:00,2498.0,2471.7205
2017-11-24 03:00:00,2526.0,2507.4065
2017-11-24 04:00:00,2569.0,2562.4849
2017-11-24 05:00:00,2658.0,2692.1167
2017-11-24 06:00:00,2781.0,2840.4856
2017-11-24 07:00:00,2853.0,2865.0437
2017-11-24 08:00:00,2871.0,2892.642
2017-11-24 09:00:00,2797.0,2881.1316
2017-11-24 10:00:00,2775.0,2783.045
2017-11-24 11:00:00,2701.0,2741.3594
2017-11-24 12:00:00,2630.0,2640.654
2017-11-24 13:00:00,2573.0,2573.1943
2017-11-24 14:00:00,2541.0,2536.809
2017-11-24 15:00:00,2520.0,2521.3872
2017-11-24 16:00:00,2545.0,2549.2915
2017-11-24 17:00:00,2710.0,2637.575
2017-11-24 18:00:00,2777.0,2815.5422
2017-11-24 19:00:00,2755.0,2794.6628
2017-11-24 20:00:00,2705.0,2737.8462
2017-11-24 21:00:00,2640.0,2648.1726
2017-11-24 22:00:00,2546.0,2529.394
2017-11-24 23:00:00,2434.0,2437.6035
2017-11-25 00:00:00,2329.0,2288.111
2017-11-25 01:00:00,2261.0,2247.8372
2017-11-25 02:00:00,2208.0,2220.6812
2017-11-25 03:00:00,2183.0,2185.2935
2017-11-25 04:00:00,2181.0,2193.586
2017-11-25 05:00:00,2257.0,2253.6245
2017-11-25 06:00:00,2368.0,2334.1965
2017-11-25 07:00:00,2462.0,2458.067
2017-11-25 08:00:00,2542.0,2541.633
2017-11-25 09:00:00,2591.0,2588.7666
2017-11-25 10:00:00,2599.0,2599.072
2017-11-25 11:00:00,2580.0,2581.2751
2017-11-25 12:00:00,2537.0,2556.3506
2017-11-25 13:00:00,2495.0,2516.0625
2017-11-25 14:00:00,2453.0,2479.6182
2017-11-25 15:00:00,2424.0,2443.3562
2017-11-25 16:00:00,2461.0,2459.835
2017-11-25 17:00:00,2612.0,2554.7654
2017-11-25 18:00:00,2717.0,2712.1165
2017-11-25 19:00:00,2712.0,2748.5525
2017-11-25 20:00:00,2700.0,2703.5059
2017-11-25 21:00:00,2660.0,2637.9805
2017-11-25 22:00:00,2552.0,2543.5327
2017-11-25 23:00:00,2413.0,2410.246
2017-11-26 00:00:00,2383.0,2274.548
2017-11-26 01:00:00,2344.0,2274.0474
2017-11-26 02:00:00,2333.0,2271.853
2017-11-26 03:00:00,2351.0,2315.719
2017-11-26 04:00:00,2399.0,2339.9329
2017-11-26 05:00:00,2477.0,2446.4307
2017-11-26 06:00:00,2586.0,2569.7246
2017-11-26 07:00:00,2701.0,2636.9424
2017-11-26 08:00:00,2756.0,2783.2803
2017-11-26 09:00:00,2740.0,2802.9792
2017-11-26 10:00:00,2692.0,2772.523
2017-11-26 11:00:00,2647.0,2661.0503
2017-11-26 12:00:00,2607.0,2625.019
2017-11-26 13:00:00,2573.0,2594.1467
2017-11-26 14:00:00,2538.0,2559.4495
2017-11-26 15:00:00,2520.0,2522.0537
2017-11-26 16:00:00,2605.0,2564.237
2017-11-26 17:00:00,2842.0,2764.8403
2017-11-26 18:00:00,2990.0,2968.8687
2017-11-26 19:00:00,3010.0,2985.8408
2017-11-26 20:00:00,2995.0,2962.2566
2017-11-26 21:00:00,2909.0,2895.7954
2017-11-26 22:00:00,2780.0,2762.878
2017-11-26 23:00:00,2661.0,2628.5225
2017-11-27 00:00:00,2576.0,2555.3074
2017-11-27 01:00:00,2518.0,2530.7434
2017-11-27 02:00:00,2514.0,2511.8752
2017-11-27 03:00:00,2533.0,2524.6353
2017-11-27 04:00:00,2621.0,2576.1465
2017-11-27 05:00:00,2822.0,2833.0188
2017-11-27 06:00:00,3128.0,3113.1187
2017-11-27 07:00:00,3288.0,3295.67
2017-11-27 08:00:00,3256.0,3238.7698
2017-11-27 09:00:00,3174.0,3223.1199
2017-11-27 10:00:00,3115.0,3130.98
2017-11-27 11:00:00,3044.0,3060.6694
2017-11-27 12:00:00,2998.0,3013.3923
2017-11-27 13:00:00,2967.0,2981.8984
2017-11-27 14:00:00,2892.0,2935.1516
2017-11-27 15:00:00,2867.0,2866.13
2017-11-27 16:00:00,2892.0,2889.1125
2017-11-27 17:00:00,3083.0,3046.3794
2017-11-27 18:00:00,3195.0,3191.8486
2017-11-27 19:00:00,3166.0,3182.5083
2017-11-27 20:00:00,3099.0,3128.972
2017-11-27 21:00:00,2990.0,2977.6128
2017-11-27 22:00:00,2795.0,2817.6968
2017-11-27 23:00:00,2617.0,2630.608
2017-11-28 00:00:00,2482.0,2492.138
2017-11-28 01:00:00,2436.0,2401.305
2017-11-28 02:00:00,2405.0,2408.9377
2017-11-28 03:00:00,2393.0,2417.819
2017-11-28 04:00:00,2474.0,2440.486
2017-11-28 05:00:00,2656.0,2654.0159
2017-11-28 06:00:00,2978.0,2943.8782
2017-11-28 07:00:00,3104.0,3120.1099
2017-11-28 08:00:00,3050.0,3063.7485
2017-11-28 09:00:00,2998.0,3016.8738
2017-11-28 10:00:00,2958.0,2978.9775
2017-11-28 11:00:00,2933.0,2916.5977
2017-11-28 12:00:00,2897.0,2907.0037
2017-11-28 13:00:00,2874.0,2877.35
2017-11-28 14:00:00,2839.0,2852.9355
2017-11-28 15:00:00,2824.0,2826.299
2017-11-28 16:00:00,2818.0,2843.6384
2017-11-28 17:00:00,2983.0,2929.212
2017-11-28 18:00:00,3108.0,3058.7717
2017-11-28 19:00:00,3087.0,3085.6008
2017-11-28 20:00:00,3047.0,3037.8108
2017-11-28 21:00:00,2925.0,2927.402
2017-11-28 22:00:00,2738.0,2754.3406
2017-11-28 23:00:00,2546.0,2552.4092
2017-11-29 00:00:00,2416.0,2417.2732
2017-11-29 01:00:00,2339.0,2340.7903
2017-11-29 02:00:00,2299.0,2291.728
2017-11-29 03:00:00,2304.0,2299.1428
2017-11-29 04:00:00,2356.0,2350.0576
2017-11-29 05:00:00,2552.0,2537.1003
2017-11-29 06:00:00,2843.0,2823.5466
2017-11-29 07:00:00,3009.0,2994.086
2017-11-29 08:00:00,3011.0,3002.2275
2017-11-29 09:00:00,2977.0,2992.1172
2017-11-29 10:00:00,2951.0,2971.5186
2017-11-29 11:00:00,2924.0,2930.1057
2017-11-29 12:00:00,2898.0,2907.2507
2017-11-29 13:00:00,2879.0,2889.8948
2017-11-29 14:00:00,2861.0,2859.6807
2017-11-29 15:00:00,2835.0,2854.6714
2017-11-29 16:00:00,2785.0,2847.969
2017-11-29 17:00:00,3055.0,2877.6716
2017-11-29 18:00:00,3105.0,3134.2573
2017-11-29 19:00:00,3067.0,3082.036
2017-11-29 20:00:00,3047.0,3033.2063
2017-11-29 21:00:00,2927.0,2937.197
2017-11-29 22:00:00,2747.0,2747.2837
2017-11-29 23:00:00,2543.0,2560.9407
2017-11-30 00:00:00,2427.0,2411.4248
2017-11-30 01:00:00,2367.0,2339.0002
2017-11-30 02:00:00,2333.0,2329.6143
2017-11-30 03:00:00,2342.0,2340.7083
2017-11-30 04:00:00,2417.0,2390.7986
2017-11-30 05:00:00,2608.0,2608.849
2017-11-30 06:00:00,2908.0,2889.8782
2017-11-30 07:00:00,3108.0,3039.4414
2017-11-30 08:00:00,3114.0,3105.495
2017-11-30 09:00:00,3129.0,3093.3896
2017-11-30 10:00:00,3131.0,3129.8135
2017-11-30 11:00:00,3129.0,3120.378
2017-11-30 12:00:00,3115.0,3116.6887
2017-11-30 13:00:00,3070.0,3093.6902
2017-11-30 14:00:00,3042.0,3045.059
2017-11-30 15:00:00,3019.0,3028.848
2017-11-30 16:00:00,2983.0,3049.421
2017-11-30 17:00:00,3155.0,3068.237
2017-11-30 18:00:00,3256.0,3244.7673
2017-11-30 19:00:00,3244.0,3257.335
2017-11-30 20:00:00,3226.0,3221.2644
2017-11-30 21:00:00,3147.0,3136.259
2017-11-30 22:00:00,2985.0,2978.6802
2017-11-30 23:00:00,2798.0,2807.4421
2017-12-01 00:00:00,2695.0,2660.7534
2017-12-01 01:00:00,2654.0,2612.9045
2017-12-01 02:00:00,2636.0,2635.9104
2017-12-01 03:00:00,2653.0,2651.4272
2017-12-01 04:00:00,2745.0,2724.3757
2017-12-01 05:00:00,2939.0,2905.5093
2017-12-01 06:00:00,3226.0,3203.0474
2017-12-01 07:00:00,3386.0,3336.919
2017-12-01 08:00:00,3364.0,3369.8977
2017-12-01 09:00:00,3271.0,3312.9045
2017-12-01 10:00:00,3202.0,3231.9731
2017-12-01 11:00:00,3111.0,3143.51
2017-12-01 12:00:00,3007.0,3072.0225
2017-12-01 13:00:00,2974.0,2953.7659
2017-12-01 14:00:00,2918.0,2917.1833
2017-12-01 15:00:00,2898.0,2890.3325
2017-12-01 16:00:00,2918.0,2914.1494
2017-12-01 17:00:00,3079.0,3092.4119
2017-12-01 18:00:00,3173.0,3219.4592
2017-12-01 19:00:00,3177.0,3176.2961
2017-12-01 20:00:00,3155.0,3143.0881
2017-12-01 21:00:00,3112.0,3091.7327
2017-12-01 22:00:00,3011.0,2992.5386
2017-12-01 23:00:00,2867.0,2877.9314
2017-12-02 00:00:00,2775.0,2737.1426
2017-12-02 01:00:00,2713.0,2696.759
2017-12-02 02:00:00,2673.0,2688.3103
2017-12-02 03:00:00,2654.0,2673.0728
2017-12-02 04:00:00,2681.0,2681.0876
2017-12-02 05:00:00,2743.0,2736.2866
2017-12-02 06:00:00,2854.0,2850.879
2017-12-02 07:00:00,2992.0,2955.7966
2017-12-02 08:00:00,3054.0,3060.73
2017-12-02 09:00:00,3048.0,3078.824
2017-12-02 10:00:00,3023.0,3004.9875
2017-12-02 11:00:00,2918.0,2969.958
2017-12-02 12:00:00,2811.0,2857.0845
2017-12-02 13:00:00,2743.0,2751.0508
2017-12-02 14:00:00,2686.0,2702.1191
2017-12-02 15:00:00,2663.0,2661.366
2017-12-02 16:00:00,2705.0,2719.1077
2017-12-02 17:00:00,2871.0,2887.3877
2017-12-02 18:00:00,2990.0,2995.9534
2017-12-02 19:00:00,2980.0,3006.118
2017-12-02 20:00:00,2983.0,2968.9968
2017-12-02 21:00:00,2900.0,2917.0886
2017-12-02 22:00:00,2815.0,2783.4883
2017-12-02 23:00:00,2713.0,2678.0205
2017-12-03 00:00:00,2590.0,2629.9756
2017-12-03 01:00:00,2538.0,2519.1387
2017-12-03 02:00:00,2516.0,2508.2693
2017-12-03 03:00:00,2519.0,2504.1619
2017-12-03 04:00:00,2551.0,2558.0955
2017-12-03 05:00:00,2605.0,2624.2217
2017-12-03 06:00:00,2698.0,2736.2114
2017-12-03 07:00:00,2813.0,2796.8655
2017-12-03 08:00:00,2884.0,2857.519
2017-12-03 09:00:00,2855.0,2905.5593
2017-12-03 10:00:00,2793.0,2831.6223
2017-12-03 11:00:00,2729.0,2752.8933
2017-12-03 12:00:00,2674.0,2687.4685
2017-12-03 13:00:00,2619.0,2641.7493
2017-12-03 14:00:00,2576.0,2597.74
2017-12-03 15:00:00,2573.0,2576.591
2017-12-03 16:00:00,2645.0,2633.0789
2017-12-03 17:00:00,2897.0,2872.9111
2017-12-03 18:00:00,3052.0,2987.6533
2017-12-03 19:00:00,3042.0,3056.3374
2017-12-03 20:00:00,3033.0,3001.6646
2017-12-03 21:00:00,2947.0,2924.5017
2017-12-03 22:00:00,2807.0,2809.6262
2017-12-03 23:00:00,2705.0,2671.073
2017-12-04 00:00:00,2598.0,2592.795
2017-12-04 01:00:00,2531.0,2548.0625
2017-12-04 02:00:00,2512.0,2514.7114
2017-12-04 03:00:00,2540.0,2511.2073
2017-12-04 04:00:00,2622.0,2595.9778
2017-12-04 05:00:00,2832.0,2812.8386
2017-12-04 06:00:00,3121.0,3139.4385
2017-12-04 07:00:00,3245.0,3275.4475
2017-12-04 08:00:00,3221.0,3205.5679
2017-12-04 09:00:00,3173.0,3189.5698
2017-12-04 10:00:00,3103.0,3130.5488
2017-12-04 11:00:00,3074.0,3046.6724
2017-12-04 12:00:00,3027.0,3031.1763
2017-12-04 13:00:00,2977.0,2990.3115
2017-12-04 14:00:00,2946.0,2947.5518
2017-12-04 15:00:00,2906.0,2932.3228
2017-12-04 16:00:00,2951.0,2935.7434
2017-12-04 17:00:00,3157.0,3147.3271
2017-12-04 18:00:00,3243.0,3275.1604
2017-12-04 19:00:00,3198.0,3241.4436
2017-12-04 20:00:00,3144.0,3177.555
2017-12-04 21:00:00,2988.0,3048.5027
2017-12-04 22:00:00,2814.0,2807.3516
2017-12-04 23:00:00,2591.0,2626.0027
2017-12-05 00:00:00,2442.0,2450.7976
2017-12-05 01:00:00,2347.0,2349.2363
2017-12-05 02:00:00,2291.0,2289.1465
2017-12-05 03:00:00,2275.0,2283.4915
2017-12-05 04:00:00,2338.0,2315.361
2017-12-05 05:00:00,2496.0,2484.944
2017-12-05 06:00:00,2773.0,2773.2258
2017-12-05 07:00:00,2994.0,2930.9607
2017-12-05 08:00:00,3028.0,3009.53
2017-12-05 09:00:00,3039.0,3029.8826
2017-12-05 10:00:00,3079.0,3052.5527
2017-12-05 11:00:00,3085.0,3084.711
2017-12-05 12:00:00,3108.0,3100.4866
2017-12-05 13:00:00,3085.0,3119.8865
2017-12-05 14:00:00,3114.0,3085.8066
2017-12-05 15:00:00,3165.0,3134.964
2017-12-05 16:00:00,3267.0,3245.4543
2017-12-05 17:00:00,3442.0,3413.7744
2017-12-05 18:00:00,3526.0,3516.5266
2017-12-05 19:00:00,3504.0,3493.409
2017-12-05 20:00:00,3482.0,3461.96
2017-12-05 21:00:00,3380.0,3389.8994
2017-12-05 22:00:00,3203.0,3196.1562
2017-12-05 23:00:00,2996.0,2963.9998
2017-12-06 00:00:00,2884.0,2833.6187
2017-12-06 01:00:00,2822.0,2782.2217
2017-12-06 02:00:00,2788.0,2750.7908
2017-12-06 03:00:00,2796.0,2807.547
2017-12-06 04:00:00,2879.0,2882.252
2017-12-06 05:00:00,3088.0,3073.683
2017-12-06 06:00:00,3389.0,3414.7937
2017-12-06 07:00:00,3555.0,3557.9065
2017-12-06 08:00:00,3515.0,3525.1633
2017-12-06 09:00:00,3399.0,3501.2676
2017-12-06 10:00:00,3359.0,3352.5847
2017-12-06 11:00:00,3287.0,3288.215
2017-12-06 12:00:00,3246.0,3237.1802
2017-12-06 13:00:00,3176.0,3206.7485
2017-12-06 14:00:00,3142.0,3133.6433
2017-12-06 15:00:00,3109.0,3122.9495
2017-12-06 16:00:00,3147.0,3143.6953
2017-12-06 17:00:00,3375.0,3352.3828
2017-12-06 18:00:00,3498.0,3492.6096
2017-12-06 19:00:00,3494.0,3469.071
2017-12-06 20:00:00,3455.0,3463.5134
2017-12-06 21:00:00,3335.0,3373.869
2017-12-06 22:00:00,3148.0,3165.0432
2017-12-06 23:00:00,2940.0,2946.487
2017-12-07 00:00:00,2826.0,2802.5752
2017-12-07 01:00:00,2749.0,2747.7407
2017-12-07 02:00:00,2730.0,2725.0989
2017-12-07 03:00:00,2736.0,2736.1025
2017-12-07 04:00:00,2832.0,2794.4863
2017-12-07 05:00:00,3036.0,3035.534
2017-12-07 06:00:00,3345.0,3330.6316
2017-12-07 07:00:00,3523.0,3497.8586
2017-12-07 08:00:00,3509.0,3500.9473
2017-12-07 09:00:00,3542.0,3474.7488
2017-12-07 10:00:00,3520.0,3558.3623
2017-12-07 11:00:00,3434.0,3480.365
2017-12-07 12:00:00,3397.0,3372.181
2017-12-07 13:00:00,3441.0,3365.7253
2017-12-07 14:00:00,3504.0,3439.082
2017-12-07 15:00:00,3538.0,3549.7363
2017-12-07 16:00:00,3607.0,3609.088
2017-12-07 17:00:00,3776.0,3796.502
2017-12-07 18:00:00,3823.0,3832.849
2017-12-07 19:00:00,3789.0,3780.5369
2017-12-07 20:00:00,3781.0,3717.3875
2017-12-07 21:00:00,3698.0,3666.1172
2017-12-07 22:00:00,3500.0,3484.8716
2017-12-07 23:00:00,3314.0,3260.8042
2017-12-08 00:00:00,3199.0,3195.549
2017-12-08 01:00:00,3153.0,3119.218
2017-12-08 02:00:00,3132.0,3119.8604
2017-12-08 03:00:00,3140.0,3141.3577
2017-12-08 04:00:00,3214.0,3217.0728
2017-12-08 05:00:00,3406.0,3401.6367
2017-12-08 06:00:00,3674.0,3695.173
2017-12-08 07:00:00,3828.0,3851.067
2017-12-08 08:00:00,3790.0,3800.9473
2017-12-08 09:00:00,3795.0,3728.8499
2017-12-08 10:00:00,3746.0,3729.546
2017-12-08 11:00:00,3621.0,3663.4075
2017-12-08 12:00:00,3538.0,3551.3723
2017-12-08 13:00:00,3481.0,3478.2522
2017-12-08 14:00:00,3404.0,3435.774
2017-12-08 15:00:00,3366.0,3368.5564
2017-12-08 16:00:00,3454.0,3410.4673
2017-12-08 17:00:00,3664.0,3699.9148
2017-12-08 18:00:00,3730.0,3782.9336
2017-12-08 19:00:00,3704.0,3693.2021
2017-12-08 20:00:00,3656.0,3638.3984
2017-12-08 21:00:00,3591.0,3558.5757
2017-12-08 22:00:00,3477.0,3424.8271
2017-12-08 23:00:00,3318.0,3290.235
2017-12-09 00:00:00,3179.0,3180.9966
2017-12-09 01:00:00,3113.0,3108.841
2017-12-09 02:00:00,3100.0,3058.9607
2017-12-09 03:00:00,3099.0,3091.687
2017-12-09 04:00:00,3131.0,3145.7144
2017-12-09 05:00:00,3230.0,3225.2124
2017-12-09 06:00:00,3354.0,3379.677
2017-12-09 07:00:00,3480.0,3448.7007
2017-12-09 08:00:00,3533.0,3550.5015
2017-12-09 09:00:00,3581.0,3521.181
2017-12-09 10:00:00,3596.0,3591.879
2017-12-09 11:00:00,3581.0,3529.296
2017-12-09 12:00:00,3539.0,3535.8137
2017-12-09 13:00:00,3501.0,3475.16
2017-12-09 14:00:00,3493.0,3451.58
2017-12-09 15:00:00,3482.0,3489.5144
2017-12-09 16:00:00,3532.0,3538.9634
2017-12-09 17:00:00,3650.0,3678.8584
2017-12-09 18:00:00,3649.0,3711.7395
2017-12-09 19:00:00,3601.0,3583.2288
2017-12-09 20:00:00,3572.0,3540.5427
2017-12-09 21:00:00,3498.0,3502.3867
2017-12-09 22:00:00,3353.0,3348.017
2017-12-09 23:00:00,3217.0,3200.1252
2017-12-10 00:00:00,3059.0,3076.8628
2017-12-10 01:00:00,2978.0,2961.727
2017-12-10 02:00:00,2925.0,2915.6272
2017-12-10 03:00:00,2900.0,2888.1543
2017-12-10 04:00:00,2916.0,2909.6016
2017-12-10 05:00:00,2993.0,2968.7861
2017-12-10 06:00:00,3100.0,3111.449
2017-12-10 07:00:00,3220.0,3192.0754
2017-12-10 08:00:00,3280.0,3307.61
2017-12-10 09:00:00,3359.0,3346.7295
2017-12-10 10:00:00,3405.0,3388.9766
2017-12-10 11:00:00,3389.0,3421.9636
2017-12-10 12:00:00,3366.0,3341.045
2017-12-10 13:00:00,3338.0,3326.85
2017-12-10 14:00:00,3308.0,3295.5408
2017-12-10 15:00:00,3263.0,3287.5986
2017-12-10 16:00:00,3272.0,3317.6858
2017-12-10 17:00:00,3502.0,3443.0447
2017-12-10 18:00:00,3619.0,3580.7646
2017-12-10 19:00:00,3586.0,3611.755
2017-12-10 20:00:00,3532.0,3540.1462
2017-12-10 21:00:00,3434.0,3432.7979
2017-12-10 22:00:00,3260.0,3271.6409
2017-12-10 23:00:00,3098.0,3084.4707
2017-12-11 00:00:00,2983.0,2963.461
2017-12-11 01:00:00,2917.0,2932.2905
2017-12-11 02:00:00,2917.0,2893.0034
2017-12-11 03:00:00,2950.0,2903.479
2017-12-11 04:00:00,3071.0,3057.221
2017-12-11 05:00:00,3282.0,3272.524
2017-12-11 06:00:00,3630.0,3597.27
2017-12-11 07:00:00,3808.0,3821.8904
2017-12-11 08:00:00,3755.0,3772.8118
2017-12-11 09:00:00,3717.0,3687.7517
2017-12-11 10:00:00,3648.0,3665.36
2017-12-11 11:00:00,3541.0,3573.5115
2017-12-11 12:00:00,3439.0,3495.654
2017-12-11 13:00:00,3364.0,3380.9758
2017-12-11 14:00:00,3326.0,3290.372
2017-12-11 15:00:00,3323.0,3286.8074
2017-12-11 16:00:00,3338.0,3373.6875
2017-12-11 17:00:00,3528.0,3529.3962
2017-12-11 18:00:00,3587.0,3631.5828
2017-12-11 19:00:00,3587.0,3595.1123
2017-12-11 20:00:00,3531.0,3561.8306
2017-12-11 21:00:00,3393.0,3438.2266
2017-12-11 22:00:00,3198.0,3208.7173
2017-12-11 23:00:00,2963.0,3003.91
2017-12-12 00:00:00,2837.0,2818.9565
2017-12-12 01:00:00,2765.0,2762.754
2017-12-12 02:00:00,2735.0,2735.1511
2017-12-12 03:00:00,2750.0,2731.5413
2017-12-12 04:00:00,2814.0,2822.2866
2017-12-12 05:00:00,3009.0,3014.3247
2017-12-12 06:00:00,3303.0,3318.4175
2017-12-12 07:00:00,3484.0,3469.1768
2017-12-12 08:00:00,3545.0,3488.7864
2017-12-12 09:00:00,3579.0,3561.6416
2017-12-12 10:00:00,3612.0,3581.5874
2017-12-12 11:00:00,3611.0,3586.5107
2017-12-12 12:00:00,3588.0,3592.2107
2017-12-12 13:00:00,3603.0,3566.001
2017-12-12 14:00:00,3593.0,3584.382
2017-12-12 15:00:00,3602.0,3615.0396
2017-12-12 16:00:00,3684.0,3643.097
2017-12-12 17:00:00,3893.0,3848.4124
2017-12-12 18:00:00,3963.0,4000.873
2017-12-12 19:00:00,3960.0,3946.4844
2017-12-12 20:00:00,3935.0,3911.9714
2017-12-12 21:00:00,3844.0,3820.584
2017-12-12 22:00:00,3647.0,3637.48
2017-12-12 23:00:00,3464.0,3412.1414
2017-12-13 00:00:00,3370.0,3339.2026
2017-12-13 01:00:00,3297.0,3309.7903
2017-12-13 02:00:00,3283.0,3232.528
2017-12-13 03:00:00,3290.0,3312.932
2017-12-13 04:00:00,3383.0,3391.331
2017-12-13 05:00:00,3569.0,3570.771
2017-12-13 06:00:00,3801.0,3829.0164
2017-12-13 07:00:00,3902.0,3965.7969
2017-12-13 08:00:00,3877.0,3889.3735
2017-12-13 09:00:00,3907.0,3847.6465
2017-12-13 10:00:00,3859.0,3851.1318
2017-12-13 11:00:00,3795.0,3803.9316
2017-12-13 12:00:00,3709.0,3711.3887
2017-12-13 13:00:00,3704.0,3640.3228
2017-12-13 14:00:00,3685.0,3665.6252
2017-12-13 15:00:00,3642.0,3657.3025
2017-12-13 16:00:00,3690.0,3691.2063
2017-12-13 17:00:00,3842.0,3852.6116
2017-12-13 18:00:00,3833.0,3986.559
2017-12-13 19:00:00,3778.0,3768.5955
2017-12-13 20:00:00,3695.0,3691.5308
2017-12-13 21:00:00,3562.0,3590.0247
2017-12-13 22:00:00,3323.0,3382.496
2017-12-13 23:00:00,3105.0,3120.7825
2017-12-14 00:00:00,2999.0,2969.4136
2017-12-14 01:00:00,2947.0,2932.1267
2017-12-14 02:00:00,2931.0,2914.0693
2017-12-14 03:00:00,2935.0,2910.3738
2017-12-14 04:00:00,3020.0,3000.6353
2017-12-14 05:00:00,3204.0,3235.0789
2017-12-14 06:00:00,3507.0,3499.7612
2017-12-14 07:00:00,3711.0,3663.413
2017-12-14 08:00:00,3704.0,3718.6355
2017-12-14 09:00:00,3696.0,3713.9634
2017-12-14 10:00:00,3721.0,3665.0195
2017-12-14 11:00:00,3670.0,3702.3127
2017-12-14 12:00:00,3648.0,3621.7148
2017-12-14 13:00:00,3623.0,3602.272
2017-12-14 14:00:00,3589.0,3584.7896
2017-12-14 15:00:00,3548.0,3587.5947
2017-12-14 16:00:00,3601.0,3590.7415
2017-12-14 17:00:00,3805.0,3778.6943
2017-12-14 18:00:00,3908.0,3884.0493
2017-12-14 19:00:00,3887.0,3890.0217
2017-12-14 20:00:00,3859.0,3850.0798
2017-12-14 21:00:00,3749.0,3763.2397
2017-12-14 22:00:00,3559.0,3531.6326
2017-12-14 23:00:00,3362.0,3339.1875
2017-12-15 00:00:00,3252.0,3244.005
2017-12-15 01:00:00,3151.0,3166.807
2017-12-15 02:00:00,3131.0,3127.643
2017-12-15 03:00:00,3136.0,3146.467
2017-12-15 04:00:00,3200.0,3218.0706
2017-12-15 05:00:00,3386.0,3382.506
2017-12-15 06:00:00,3681.0,3671.0215
2017-12-15 07:00:00,3856.0,3846.3684
2017-12-15 08:00:00,3837.0,3879.355
2017-12-15 09:00:00,3809.0,3776.6023
2017-12-15 10:00:00,3760.0,3767.8408
2017-12-15 11:00:00,3669.0,3670.915
2017-12-15 12:00:00,3598.0,3597.6592
2017-12-15 13:00:00,3626.0,3536.0952
2017-12-15 14:00:00,3620.0,3598.9343
2017-12-15 15:00:00,3593.0,3636.375
2017-12-15 16:00:00,3670.0,3648.936
2017-12-15 17:00:00,3776.0,3845.044
2017-12-15 18:00:00,3760.0,3871.6
2017-12-15 19:00:00,3682.0,3702.1858
2017-12-15 20:00:00,3623.0,3615.7126
2017-12-15 21:00:00,3532.0,3532.3335
2017-12-15 22:00:00,3378.0,3369.7803
2017-12-15 23:00:00,3170.0,3195.025
2017-12-16 00:00:00,3015.0,3034.4993
2017-12-16 01:00:00,2935.0,2920.0244
2017-12-16 02:00:00,2910.0,2868.3635
2017-12-16 03:00:00,2866.0,2873.3816
2017-12-16 04:00:00,2861.0,2884.4119
2017-12-16 05:00:00,2931.0,2943.6187
2017-12-16 06:00:00,3041.0,3056.784
2017-12-16 07:00:00,3166.0,3166.4636
2017-12-16 08:00:00,3260.0,3286.6392
2017-12-16 09:00:00,3208.0,3317.1763
2017-12-16 10:00:00,3200.0,3213.2717
2017-12-16 11:00:00,3112.0,3184.8772
2017-12-16 12:00:00,3018.0,3091.6326
2017-12-16 13:00:00,2968.0,2974.8052
2017-12-16 14:00:00,2882.0,2903.256
2017-12-16 15:00:00,2853.0,2833.132
2017-12-16 16:00:00,2881.0,2865.06
2017-12-16 17:00:00,3097.0,3022.3071
2017-12-16 18:00:00,3205.0,3200.9504
2017-12-16 19:00:00,3168.0,3191.7253
2017-12-16 20:00:00,3148.0,3131.0088
2017-12-16 21:00:00,3110.0,3075.15
2017-12-16 22:00:00,3003.0,3002.1511
2017-12-16 23:00:00,2883.0,2861.6716
2017-12-17 00:00:00,2769.0,2738.068
2017-12-17 01:00:00,2684.0,2685.4956
2017-12-17 02:00:00,2661.0,2641.3762
2017-12-17 03:00:00,2645.0,2657.2786
2017-12-17 04:00:00,2648.0,2660.8882
2017-12-17 05:00:00,2694.0,2681.333
2017-12-17 06:00:00,2766.0,2790.5476
2017-12-17 07:00:00,2846.0,2863.5222
2017-12-17 08:00:00,2947.0,2922.9592
2017-12-17 09:00:00,3023.0,2994.9114
2017-12-17 10:00:00,3069.0,3041.1921
2017-12-17 11:00:00,3074.0,3062.2444
2017-12-17 12:00:00,3076.0,3047.6555
2017-12-17 13:00:00,3035.0,3040.39
2017-12-17 14:00:00,2987.0,2999.9656
2017-12-17 15:00:00,2951.0,2967.8694
2017-12-17 16:00:00,2999.0,2993.4966
2017-12-17 17:00:00,3198.0,3169.8506
2017-12-17 18:00:00,3278.0,3284.4373
2017-12-17 19:00:00,3257.0,3255.7942
2017-12-17 20:00:00,3234.0,3224.8687
2017-12-17 21:00:00,3121.0,3139.4392
2017-12-17 22:00:00,2964.0,2960.6582
2017-12-17 23:00:00,2806.0,2796.4248
2017-12-18 00:00:00,2682.0,2644.84
2017-12-18 01:00:00,2593.0,2598.7334
2017-12-18 02:00:00,2572.0,2563.2905
2017-12-18 03:00:00,2549.0,2594.6938
2017-12-18 04:00:00,2620.0,2612.3237
2017-12-18 05:00:00,2818.0,2794.159
2017-12-18 06:00:00,3123.0,3104.8528
2017-12-18 07:00:00,3309.0,3292.4902
2017-12-18 08:00:00,3329.0,3316.6956
2017-12-18 09:00:00,3346.0,3326.8965
2017-12-18 10:00:00,3351.0,3336.317
2017-12-18 11:00:00,3312.0,3309.5862
2017-12-18 12:00:00,3282.0,3261.9375
2017-12-18 13:00:00,3277.0,3237.467
2017-12-18 14:00:00,3253.0,3262.4375
2017-12-18 15:00:00,3275.0,3238.175
2017-12-18 16:00:00,3281.0,3325.2546
2017-12-18 17:00:00,3459.0,3425.4949
2017-12-18 18:00:00,3483.0,3519.646
2017-12-18 19:00:00,3457.0,3439.3882
2017-12-18 20:00:00,3389.0,3414.4106
2017-12-18 21:00:00,3274.0,3295.346
2017-12-18 22:00:00,3065.0,3064.2522
2017-12-18 23:00:00,2855.0,2868.7146
2017-12-19 00:00:00,2714.0,2701.9077
2017-12-19 01:00:00,2620.0,2642.509
2017-12-19 02:00:00,2568.0,2586.4397
2017-12-19 03:00:00,2534.0,2565.9746
2017-12-19 04:00:00,2619.0,2589.1921
2017-12-19 05:00:00,2760.0,2799.852
2017-12-19 06:00:00,3035.0,3038.6716
2017-12-19 07:00:00,3215.0,3239.2356
2017-12-19 08:00:00,3212.0,3302.0647
2017-12-19 09:00:00,3176.0,3212.5876
2017-12-19 10:00:00,3177.0,3155.33
2017-12-19 11:00:00,3189.0,3131.4512
2017-12-19 12:00:00,3168.0,3189.7183
2017-12-19 13:00:00,3130.0,3154.3381
2017-12-19 14:00:00,3095.0,3096.8164
2017-12-19 15:00:00,3079.0,3059.9583
2017-12-19 16:00:00,3088.0,3100.8008
2017-12-19 17:00:00,3313.0,3231.0813
2017-12-19 18:00:00,3371.0,3392.3528
2017-12-19 19:00:00,3351.0,3341.516
2017-12-19 20:00:00,3293.0,3319.809
2017-12-19 21:00:00,3193.0,3184.8293
2017-12-19 22:00:00,3004.0,2994.1565
2017-12-19 23:00:00,2798.0,2805.1292
2017-12-20 00:00:00,2655.0,2632.377
2017-12-20 01:00:00,2582.0,2560.3655
2017-12-20 02:00:00,2534.0,2543.724
2017-12-20 03:00:00,2551.0,2550.259
2017-12-20 04:00:00,2617.0,2593.834
2017-12-20 05:00:00,2811.0,2810.3945
2017-12-20 06:00:00,3107.0,3101.1648
2017-12-20 07:00:00,3314.0,3297.9988
2017-12-20 08:00:00,3292.0,3331.6301
2017-12-20 09:00:00,3255.0,3266.467
2017-12-20 10:00:00,3244.0,3232.9177
2017-12-20 11:00:00,3207.0,3200.4976
2017-12-20 12:00:00,3105.0,3182.4805
2017-12-20 13:00:00,3042.0,3064.846
2017-12-20 14:00:00,2989.0,3004.0964
2017-12-20 15:00:00,2974.0,2960.7617
2017-12-20 16:00:00,3015.0,3009.2302
2017-12-20 17:00:00,3247.0,3233.5564
2017-12-20 18:00:00,3389.0,3332.8591
2017-12-20 19:00:00,3390.0,3386.1733
2017-12-20 20:00:00,3392.0,3354.8162
2017-12-20 21:00:00,3300.0,3311.6074
2017-12-20 22:00:00,3180.0,3101.9578
2017-12-20 23:00:00,2996.0,2967.2524
2017-12-21 00:00:00,2875.0,2875.8496
2017-12-21 01:00:00,2790.0,2781.8818
2017-12-21 02:00:00,2760.0,2759.8333
2017-12-21 03:00:00,2780.0,2758.2512
2017-12-21 04:00:00,2862.0,2866.1396
2017-12-21 05:00:00,3048.0,3054.223
2017-12-21 06:00:00,3306.0,3334.0886
2017-12-21 07:00:00,3486.0,3471.5103
2017-12-21 08:00:00,3482.0,3488.0005
2017-12-21 09:00:00,3421.0,3479.9407
2017-12-21 10:00:00,3335.0,3399.0435
2017-12-21 11:00:00,3235.0,3278.3743
2017-12-21 12:00:00,3128.0,3183.3127
2017-12-21 13:00:00,3065.0,3070.5535
2017-12-21 14:00:00,3005.0,3006.9268
2017-12-21 15:00:00,2984.0,2980.6206
2017-12-21 16:00:00,2999.0,3009.7336
2017-12-21 17:00:00,3173.0,3203.482
2017-12-21 18:00:00,3276.0,3295.0317
2017-12-21 19:00:00,3251.0,3256.462
2017-12-21 20:00:00,3199.0,3234.5132
2017-12-21 21:00:00,3112.0,3099.4475
2017-12-21 22:00:00,2942.0,2944.4768
2017-12-21 23:00:00,2729.0,2755.9688
2017-12-22 00:00:00,2566.0,2569.0671
2017-12-22 01:00:00,2451.0,2454.608
2017-12-22 02:00:00,2392.0,2377.23
2017-12-22 03:00:00,2342.0,2347.6216
2017-12-22 04:00:00,2369.0,2364.1226
2017-12-22 05:00:00,2489.0,2471.8745
2017-12-22 06:00:00,2679.0,2697.2495
2017-12-22 07:00:00,2839.0,2821.4604
2017-12-22 08:00:00,2913.0,2934.7002
2017-12-22 09:00:00,2962.0,2969.1355
2017-12-22 10:00:00,2987.0,3019.501
2017-12-22 11:00:00,2990.0,2962.1128
2017-12-22 12:00:00,2957.0,2964.531
2017-12-22 13:00:00,2950.0,2929.5457
2017-12-22 14:00:00,2920.0,2929.0332
2017-12-22 15:00:00,2914.0,2889.5867
2017-12-22 16:00:00,2939.0,2922.938
2017-12-22 17:00:00,3083.0,3076.5686
2017-12-22 18:00:00,3050.0,3125.226
2017-12-22 19:00:00,2995.0,2979.7827
2017-12-22 20:00:00,2932.0,2947.4465
2017-12-22 21:00:00,2851.0,2859.4353
2017-12-22 22:00:00,2726.0,2729.0317
2017-12-22 23:00:00,2543.0,2564.97
2017-12-23 00:00:00,2399.0,2374.0596
2017-12-23 01:00:00,2291.0,2291.4866
2017-12-23 02:00:00,2245.0,2225.937
2017-12-23 03:00:00,2230.0,2201.931
2017-12-23 04:00:00,2260.0,2238.947
2017-12-23 05:00:00,2347.0,2335.1511
2017-12-23 06:00:00,2470.0,2432.9458
2017-12-23 07:00:00,2612.0,2580.2864
2017-12-23 08:00:00,2759.0,2737.1123
2017-12-23 09:00:00,2904.0,2839.7686
2017-12-23 10:00:00,3025.0,2976.2817
2017-12-23 11:00:00,3078.0,3073.3381
2017-12-23 12:00:00,3093.0,3091.9102
2017-12-23 13:00:00,3052.0,3085.1948
2017-12-23 14:00:00,3046.0,3027.3997
2017-12-23 15:00:00,3053.0,3031.8696
2017-12-23 16:00:00,3080.0,3096.3884
2017-12-23 17:00:00,3216.0,3209.5435
2017-12-23 18:00:00,3239.0,3258.098
2017-12-23 19:00:00,3196.0,3195.1826
2017-12-23 20:00:00,3185.0,3152.6824
2017-12-23 21:00:00,3105.0,3114.5488
2017-12-23 22:00:00,3009.0,2958.7405
2017-12-23 23:00:00,2870.0,2848.9055
2017-12-24 00:00:00,2732.0,2729.7476
2017-12-24 01:00:00,2644.0,2633.283
2017-12-24 02:00:00,2604.0,2581.1196
2017-12-24 03:00:00,2576.0,2593.9753
2017-12-24 04:00:00,2588.0,2592.6123
2017-12-24 05:00:00,2628.0,2625.0325
2017-12-24 06:00:00,2702.0,2705.9397
2017-12-24 07:00:00,2820.0,2827.5312
2017-12-24 08:00:00,2917.0,2925.9785
2017-12-24 09:00:00,2995.0,3022.2832
2017-12-24 10:00:00,2980.0,3051.8066
2017-12-24 11:00:00,3012.0,2957.8352
2017-12-24 12:00:00,3017.0,3011.857
2017-12-24 13:00:00,3008.0,2998.129
2017-12-24 14:00:00,2988.0,2977.0205
2017-12-24 15:00:00,2970.0,2971.1633
2017-12-24 16:00:00,3011.0,3011.6982
2017-12-24 17:00:00,3094.0,3204.4656
2017-12-24 18:00:00,3122.0,3158.8267
2017-12-24 19:00:00,3114.0,3104.7761
2017-12-24 20:00:00,3148.0,3074.4343
2017-12-24 21:00:00,3183.0,3076.042
2017-12-24 22:00:00,3185.0,3051.5984
2017-12-24 23:00:00,3119.0,3030.82
2017-12-25 00:00:00,3039.0,3010.9197
2017-12-25 01:00:00,2977.0,2988.2202
2017-12-25 02:00:00,2922.0,2935.6404
2017-12-25 03:00:00,2897.0,2912.5974
2017-12-25 04:00:00,2913.0,2942.0864
2017-12-25 05:00:00,2964.0,3045.3516
2017-12-25 06:00:00,3027.0,3126.7034
2017-12-25 07:00:00,3137.0,3161.7861
2017-12-25 08:00:00,3199.0,3185.3215
2017-12-25 09:00:00,3218.0,3229.5574
2017-12-25 10:00:00,3165.0,3232.938
2017-12-25 11:00:00,3159.0,3124.1309
2017-12-25 12:00:00,3119.0,3122.6711
2017-12-25 13:00:00,3059.0,3082.7085
2017-12-25 14:00:00,2988.0,3019.6628
2017-12-25 15:00:00,2968.0,2952.8347
2017-12-25 16:00:00,3027.0,2981.4304
2017-12-25 17:00:00,3219.0,3238.5403
2017-12-25 18:00:00,3331.0,3340.0527
2017-12-25 19:00:00,3326.0,3320.386
2017-12-25 20:00:00,3344.0,3293.0977
2017-12-25 21:00:00,3316.0,3257.1792
2017-12-25 22:00:00,3233.0,3158.9644
2017-12-25 23:00:00,3126.0,3045.8174
2017-12-26 00:00:00,3001.0,3018.3848
2017-12-26 01:00:00,2924.0,2937.9895
2017-12-26 02:00:00,2921.0,2879.305
2017-12-26 03:00:00,2933.0,2886.0208
2017-12-26 04:00:00,2984.0,2991.7092
2017-12-26 05:00:00,3096.0,3122.5632
2017-12-26 06:00:00,3276.0,3319.3706
2017-12-26 07:00:00,3458.0,3421.7744
2017-12-26 08:00:00,3481.0,3469.3135
2017-12-26 09:00:00,3490.0,3493.6516
2017-12-26 10:00:00,3457.0,3478.2732
2017-12-26 11:00:00,3432.0,3407.3564
2017-12-26 12:00:00,3392.0,3389.4075
2017-12-26 13:00:00,3422.0,3357.4446
2017-12-26 14:00:00,3404.0,3412.2437
2017-12-26 15:00:00,3431.0,3398.2512
2017-12-26 16:00:00,3506.0,3485.8735
2017-12-26 17:00:00,3729.0,3692.8525
2017-12-26 18:00:00,3822.0,3785.99
2017-12-26 19:00:00,3809.0,3779.7832
2017-12-26 20:00:00,3838.0,3771.9045
2017-12-26 21:00:00,3751.0,3730.011
2017-12-26 22:00:00,3628.0,3532.6074
2017-12-26 23:00:00,3503.0,3406.1252
2017-12-27 00:00:00,3431.0,3415.433
2017-12-27 01:00:00,3410.0,3328.1196
2017-12-27 02:00:00,3411.0,3364.8213
2017-12-27 03:00:00,3457.0,3449.912
2017-12-27 04:00:00,3559.0,3569.5566
2017-12-27 05:00:00,3756.0,3767.0374
2017-12-27 06:00:00,3967.0,3920.6924
2017-12-27 07:00:00,4132.0,4136.864
2017-12-27 08:00:00,4170.0,4110.3135
2017-12-27 09:00:00,4145.0,4133.874
2017-12-27 10:00:00,4068.0,4132.586
2017-12-27 11:00:00,3981.0,4021.6519
2017-12-27 12:00:00,3881.0,3921.8943
2017-12-27 13:00:00,3803.0,3825.4302
2017-12-27 14:00:00,3731.0,3734.7031
2017-12-27 15:00:00,3697.0,3671.8386
2017-12-27 16:00:00,3776.0,3727.9214
2017-12-27 17:00:00,4054.0,3961.695
2017-12-27 18:00:00,4225.0,4117.115
2017-12-27 19:00:00,4204.0,4155.682
2017-12-27 20:00:00,4171.0,4113.0894
2017-12-27 21:00:00,4074.0,4054.2917
2017-12-27 22:00:00,3945.0,3808.2922
2017-12-27 23:00:00,3783.0,3673.4866
2017-12-28 00:00:00,3697.0,3590.5488
2017-12-28 01:00:00,3641.0,3560.2349
2017-12-28 02:00:00,3607.0,3539.219
2017-12-28 03:00:00,3606.0,3583.7507
2017-12-28 04:00:00,3681.0,3635.904
2017-12-28 05:00:00,3813.0,3797.1167
2017-12-28 06:00:00,3985.0,3986.4893
2017-12-28 07:00:00,4137.0,4081.2876
2017-12-28 08:00:00,4184.0,4111.915
2017-12-28 09:00:00,4217.0,4197.229
2017-12-28 10:00:00,4248.0,4211.334
2017-12-28 11:00:00,4155.0,4211.1025
2017-12-28 12:00:00,4019.0,4084.1875
2017-12-28 13:00:00,3920.0,3970.0771
2017-12-28 14:00:00,3801.0,3822.8008
2017-12-28 15:00:00,3730.0,3721.4636
2017-12-28 16:00:00,3775.0,3721.4983
2017-12-28 17:00:00,3990.0,3911.062
2017-12-28 18:00:00,4133.0,4099.019
2017-12-28 19:00:00,4108.0,4097.5137
2017-12-28 20:00:00,4070.0,4056.8296
2017-12-28 21:00:00,3946.0,3959.4202
2017-12-28 22:00:00,3773.0,3680.7036
2017-12-28 23:00:00,3601.0,3506.7551
2017-12-29 00:00:00,3480.0,3399.7761
2017-12-29 01:00:00,3427.0,3379.117
2017-12-29 02:00:00,3373.0,3344.641
2017-12-29 03:00:00,3338.0,3363.6174
2017-12-29 04:00:00,3359.0,3360.5708
2017-12-29 05:00:00,3445.0,3440.275
2017-12-29 06:00:00,3590.0,3612.6528
2017-12-29 07:00:00,3732.0,3688.5305
2017-12-29 08:00:00,3787.0,3764.9812
2017-12-29 09:00:00,3803.0,3773.4236
2017-12-29 10:00:00,3753.0,3764.967
2017-12-29 11:00:00,3658.0,3675.0332
2017-12-29 12:00:00,3705.0,3560.37
2017-12-29 13:00:00,3614.0,3681.8242
2017-12-29 14:00:00,3603.0,3542.157
2017-12-29 15:00:00,3584.0,3548.0781
2017-12-29 16:00:00,3640.0,3616.4534
2017-12-29 17:00:00,3823.0,3781.6943
2017-12-29 18:00:00,3878.0,3908.1714
2017-12-29 19:00:00,3845.0,3839.3909
2017-12-29 20:00:00,3777.0,3758.8801
2017-12-29 21:00:00,3692.0,3668.6992
2017-12-29 22:00:00,3540.0,3518.6982
2017-12-29 23:00:00,3412.0,3326.3323
2017-12-30 00:00:00,3274.0,3290.4656
2017-12-30 01:00:00,3191.0,3199.4182
2017-12-30 02:00:00,3162.0,3133.1313
2017-12-30 03:00:00,3122.0,3125.1423
2017-12-30 04:00:00,3132.0,3101.107
2017-12-30 05:00:00,3188.0,3186.3962
2017-12-30 06:00:00,3290.0,3310.6133
2017-12-30 07:00:00,3407.0,3387.0122
2017-12-30 08:00:00,3491.0,3464.6147
2017-12-30 09:00:00,3594.0,3532.4934
2017-12-30 10:00:00,3662.0,3613.291
2017-12-30 11:00:00,3692.0,3667.8193
2017-12-30 12:00:00,3674.0,3660.6885
2017-12-30 13:00:00,3676.0,3594.8018
2017-12-30 14:00:00,3651.0,3633.2947
2017-12-30 15:00:00,3710.0,3600.6257
2017-12-30 16:00:00,3781.0,3765.5474
2017-12-30 17:00:00,3995.0,3912.3694
2017-12-30 18:00:00,4116.0,4041.5083
2017-12-30 19:00:00,4098.0,4089.6567
2017-12-30 20:00:00,4105.0,4028.4553
2017-12-30 21:00:00,4087.0,3982.1858
2017-12-30 22:00:00,3978.0,3842.5125
2017-12-30 23:00:00,3876.0,3725.783
2017-12-31 00:00:00,3752.0,3726.3245
2017-12-31 01:00:00,3660.0,3613.2998
2017-12-31 02:00:00,3615.0,3562.3616
2017-12-31 03:00:00,3598.0,3572.8105
2017-12-31 04:00:00,3612.0,3591.351
2017-12-31 05:00:00,3635.0,3660.5315
2017-12-31 06:00:00,3688.0,3706.4207
2017-12-31 07:00:00,3772.0,3757.5872
2017-12-31 08:00:00,3786.0,3803.3196
2017-12-31 09:00:00,3888.0,3774.175
2017-12-31 10:00:00,3966.0,3895.614
2017-12-31 11:00:00,3911.0,3960.768
2017-12-31 12:00:00,3752.0,3818.4788
2017-12-31 13:00:00,3717.0,3650.8667
2017-12-31 14:00:00,3708.0,3612.0889
2017-12-31 15:00:00,3767.0,3679.8591
2017-12-31 16:00:00,3838.0,3834.7803
2017-12-31 17:00:00,4004.0,3964.29
2017-12-31 18:00:00,4122.0,4044.9517
2017-12-31 19:00:00,4070.0,4050.2153
2017-12-31 20:00:00,4006.0,3998.236
2017-12-31 21:00:00,3961.0,3859.7642
2017-12-31 22:00:00,3882.0,3724.5938
2017-12-31 23:00:00,3817.0,3618.335
2018-01-01 00:00:00,3796.0,3701.4624
2018-01-01 01:00:00,3780.0,3763.1948
2018-01-01 02:00:00,3755.0,3792.3765
2018-01-01 03:00:00,3751.0,3754.0493
2018-01-01 04:00:00,3790.0,3803.6987
2018-01-01 05:00:00,3844.0,3905.6328
2018-01-01 06:00:00,3916.0,3996.971
2018-01-01 07:00:00,3994.0,4023.7207
2018-01-01 08:00:00,3978.0,3998.39
2018-01-01 09:00:00,3950.0,3960.901
2018-01-01 10:00:00,3924.0,3920.6824
2018-01-01 11:00:00,3917.0,3890.8083
2018-01-01 12:00:00,3865.0,3904.9062
2018-01-01 13:00:00,3824.0,3841.0605
2018-01-01 14:00:00,3766.0,3776.329
2018-01-01 15:00:00,3776.0,3729.5527
2018-01-01 16:00:00,3885.0,3819.774
2018-01-01 17:00:00,4200.0,4048.5654
2018-01-01 18:00:00,4393.0,4295.2876
2018-01-01 19:00:00,4426.0,4320.8354
2018-01-01 20:00:00,4419.0,4333.933
2018-01-01 21:00:00,4355.0,4259.832
2018-01-01 22:00:00,4224.0,4116.6826
2018-01-01 23:00:00,4100.0,4019.823
2018-01-02 00:00:00,4076.0,3974.431
2018-01-02 01:00:00,4044.0,4015.3218
2018-01-02 02:00:00,4054.0,4018.5925
2018-01-02 03:00:00,4066.0,4061.8281
2018-01-02 04:00:00,4137.0,4090.9424
2018-01-02 05:00:00,4330.0,4203.477
2018-01-02 06:00:00,4550.0,4500.815
2018-01-02 07:00:00,4768.0,4649.8047
2018-01-02 08:00:00,4768.0,4710.177
2018-01-02 09:00:00,4678.0,4771.7256
2018-01-02 10:00:00,4578.0,4537.9526
2018-01-02 11:00:00,4460.0,4485.9316
2018-01-02 12:00:00,4330.0,4413.779
2018-01-02 13:00:00,4184.0,4271.5996
2018-01-02 14:00:00,4130.0,4170.4956
2018-01-02 15:00:00,4044.0,4155.3403
2018-01-02 16:00:00,4095.0,4087.94
2018-01-02 17:00:00,4359.0,4168.417
2018-01-02 18:00:00,4532.0,4556.134
2018-01-02 19:00:00,4546.0,4599.509
2018-01-02 20:00:00,4522.0,4517.3345
2018-01-02 21:00:00,4440.0,4416.323
2018-01-02 22:00:00,4278.0,4246.3247
2018-01-02 23:00:00,4120.0,4086.6316
2018-01-03 00:00:00,4022.0,4069.5596
2018-01-03 01:00:00,3984.0,4013.257
2018-01-03 02:00:00,3974.0,3963.3296
2018-01-03 03:00:00,4003.0,3980.4456
2018-01-03 04:00:00,4056.0,4077.3777
2018-01-03 05:00:00,4218.0,4206.149
2018-01-03 06:00:00,4453.0,4416.9473
2018-01-03 07:00:00,4579.0,4603.7944
2018-01-03 08:00:00,4549.0,4621.5474
2018-01-03 09:00:00,4419.0,4387.0933
2018-01-03 10:00:00,4274.0,4311.952
2018-01-03 11:00:00,4134.0,4179.114
2018-01-03 12:00:00,4020.0,4093.2163
2018-01-03 13:00:00,3993.0,4010.151
2018-01-03 14:00:00,3986.0,3955.7007
2018-01-03 15:00:00,3958.0,3995.5005
2018-01-03 16:00:00,3996.0,4037.4182
2018-01-03 17:00:00,4148.0,4106.022
2018-01-03 18:00:00,4225.0,4314.8296
2018-01-03 19:00:00,4219.0,4226.0986
2018-01-03 20:00:00,4177.0,4155.276
2018-01-03 21:00:00,4088.0,4090.873
2018-01-03 22:00:00,3933.0,3916.1567
2018-01-03 23:00:00,3793.0,3736.5361
2018-01-04 00:00:00,3698.0,3680.4932
2018-01-04 01:00:00,3695.0,3645.649
2018-01-04 02:00:00,3677.0,3660.341
2018-01-04 03:00:00,3696.0,3672.0718
2018-01-04 04:00:00,3765.0,3731.4546
2018-01-04 05:00:00,3949.0,3931.6226
2018-01-04 06:00:00,4212.0,4185.7217
2018-01-04 07:00:00,4395.0,4382.9243
2018-01-04 08:00:00,4398.0,4347.698
2018-01-04 09:00:00,4356.0,4297.358
2018-01-04 10:00:00,4347.0,4258.5127
2018-01-04 11:00:00,4297.0,4253.5156
2018-01-04 12:00:00,4188.0,4178.804
2018-01-04 13:00:00,4091.0,4119.939
2018-01-04 14:00:00,3995.0,4021.6726
2018-01-04 15:00:00,4033.0,3934.4539
2018-01-04 16:00:00,4088.0,4043.5474
2018-01-04 17:00:00,4293.0,4190.769
2018-01-04 18:00:00,4444.0,4394.866
2018-01-04 19:00:00,4445.0,4411.613
2018-01-04 20:00:00,4428.0,4382.047
2018-01-04 21:00:00,4345.0,4307.424
2018-01-04 22:00:00,4222.0,4138.282
2018-01-04 23:00:00,4075.0,4041.3325
2018-01-05 00:00:00,3988.0,3956.7932
2018-01-05 01:00:00,3945.0,3915.8357
2018-01-05 02:00:00,3929.0,3939.9622
2018-01-05 03:00:00,3949.0,3964.726
2018-01-05 04:00:00,4008.0,4024.681
2018-01-05 05:00:00,4171.0,4153.0566
2018-01-05 06:00:00,4422.0,4366.1445
2018-01-05 07:00:00,4594.0,4624.7925
2018-01-05 08:00:00,4636.0,4614.942
2018-01-05 09:00:00,4593.0,4590.7656
2018-01-05 10:00:00,4498.0,4504.031
2018-01-05 11:00:00,4382.0,4391.933
2018-01-05 12:00:00,4267.0,4308.726
2018-01-05 13:00:00,4158.0,4196.168
2018-01-05 14:00:00,4088.0,4115.964
2018-01-05 15:00:00,4056.0,4102.6064
2018-01-05 16:00:00,4089.0,4094.4678
2018-01-05 17:00:00,4303.0,4188.1343
2018-01-05 18:00:00,4453.0,4430.3584
2018-01-05 19:00:00,4429.0,4485.0317
2018-01-05 20:00:00,4415.0,4439.072
2018-01-05 21:00:00,4356.0,4307.904
2018-01-05 22:00:00,4278.0,4178.725
2018-01-05 23:00:00,4162.0,4089.18
2018-01-06 00:00:00,4090.0,4059.3967
2018-01-06 01:00:00,4046.0,4073.336
2018-01-06 02:00:00,4025.0,4066.005
2018-01-06 03:00:00,4057.0,4097.0967
2018-01-06 04:00:00,4094.0,4148.026
2018-01-06 05:00:00,4160.0,4224.199
2018-01-06 06:00:00,4289.0,4295.5137
2018-01-06 07:00:00,4414.0,4438.234
2018-01-06 08:00:00,4471.0,4452.232
2018-01-06 09:00:00,4402.0,4530.527
2018-01-06 10:00:00,4300.0,4318.419
2018-01-06 11:00:00,4166.0,4175.489
2018-01-06 12:00:00,4007.0,4091.7627
2018-01-06 13:00:00,3891.0,3947.9404
2018-01-06 14:00:00,3818.0,3820.2483
2018-01-06 15:00:00,3779.0,3757.8403
2018-01-06 16:00:00,3814.0,3771.2063
2018-01-06 17:00:00,4039.0,3905.6753
2018-01-06 18:00:00,4185.0,4186.0093
2018-01-06 19:00:00,4213.0,4190.4546
2018-01-06 20:00:00,4227.0,4148.5537
2018-01-06 21:00:00,4185.0,4128.2666
2018-01-06 22:00:00,4082.0,4015.608
2018-01-06 23:00:00,3976.0,3882.8958
2018-01-07 00:00:00,3888.0,3835.2334
2018-01-07 01:00:00,3838.0,3808.7466
2018-01-07 02:00:00,3808.0,3788.8838
2018-01-07 03:00:00,3799.0,3809.435
2018-01-07 04:00:00,3783.0,3803.6245
2018-01-07 05:00:00,3813.0,3786.0
2018-01-07 06:00:00,3861.0,3853.4485
2018-01-07 07:00:00,3935.0,3899.0674
2018-01-07 08:00:00,3956.0,3891.2485
2018-01-07 09:00:00,3985.0,3936.1357
2018-01-07 10:00:00,3964.0,3994.4436
2018-01-07 11:00:00,3843.0,3946.3384
2018-01-07 12:00:00,3678.0,3788.2148
2018-01-07 13:00:00,3657.0,3597.6692
2018-01-07 14:00:00,3597.0,3576.46
2018-01-07 15:00:00,3550.0,3540.483
2018-01-07 16:00:00,3570.0,3551.7312
2018-01-07 17:00:00,3737.0,3694.8892
2018-01-07 18:00:00,3823.0,3891.8828
2018-01-07 19:00:00,3767.0,3836.3928
2018-01-07 20:00:00,3676.0,3703.3748
2018-01-07 21:00:00,3543.0,3567.2317
2018-01-07 22:00:00,3329.0,3394.516
2018-01-07 23:00:00,3199.0,3178.481
2018-01-08 00:00:00,3081.0,3100.1753
2018-01-08 01:00:00,3046.0,3026.3152
2018-01-08 02:00:00,3007.0,3026.8694
2018-01-08 03:00:00,3006.0,3028.2766
2018-01-08 04:00:00,3067.0,3055.5393
2018-01-08 05:00:00,3232.0,3226.556
2018-01-08 06:00:00,3446.0,3491.0137
2018-01-08 07:00:00,3612.0,3613.002
2018-01-08 08:00:00,3696.0,3646.7373
2018-01-08 09:00:00,3734.0,3729.2173
2018-01-08 10:00:00,3784.0,3775.004
2018-01-08 11:00:00,3789.0,3745.8123
2018-01-08 12:00:00,3795.0,3735.1272
2018-01-08 13:00:00,3756.0,3768.8777
2018-01-08 14:00:00,3695.0,3708.7585
2018-01-08 15:00:00,3679.0,3666.132
2018-01-08 16:00:00,3677.0,3717.3762
2018-01-08 17:00:00,3763.0,3802.8298
2018-01-08 18:00:00,3777.0,3864.3123
2018-01-08 19:00:00,3724.0,3736.989
2018-01-08 20:00:00,3639.0,3635.4524
2018-01-08 21:00:00,3513.0,3514.1072
2018-01-08 22:00:00,3325.0,3320.609
2018-01-08 23:00:00,3135.0,3115.83
2018-01-09 00:00:00,3004.0,3021.3115
2018-01-09 01:00:00,2941.0,2938.4849
2018-01-09 02:00:00,2907.0,2909.6343
2018-01-09 03:00:00,2901.0,2904.1345
2018-01-09 04:00:00,2980.0,2948.957
2018-01-09 05:00:00,3160.0,3172.8792
2018-01-09 06:00:00,3441.0,3449.644
2018-01-09 07:00:00,3573.0,3613.5403
2018-01-09 08:00:00,3560.0,3596.6
2018-01-09 09:00:00,3529.0,3560.588
2018-01-09 10:00:00,3553.0,3496.2786
2018-01-09 11:00:00,3496.0,3549.2856
2018-01-09 12:00:00,3454.0,3476.602
2018-01-09 13:00:00,3376.0,3419.7146
2018-01-09 14:00:00,3257.0,3345.8086
2018-01-09 15:00:00,3197.0,3215.983
2018-01-09 16:00:00,3271.0,3192.9458
2018-01-09 17:00:00,3462.0,3440.8845
2018-01-09 18:00:00,3576.0,3600.8972
2018-01-09 19:00:00,3574.0,3561.2273
2018-01-09 20:00:00,3545.0,3522.6907
2018-01-09 21:00:00,3445.0,3436.396
2018-01-09 22:00:00,3261.0,3263.9412
2018-01-09 23:00:00,3108.0,3063.0903
2018-01-10 00:00:00,2952.0,2984.8223
2018-01-10 01:00:00,2874.0,2913.7817
2018-01-10 02:00:00,2838.0,2841.0374
2018-01-10 03:00:00,2823.0,2836.142
2018-01-10 04:00:00,2869.0,2886.6226
2018-01-10 05:00:00,3035.0,3031.3606
2018-01-10 06:00:00,3285.0,3332.047
2018-01-10 07:00:00,3447.0,3482.1174
2018-01-10 08:00:00,3405.0,3468.7974
2018-01-10 09:00:00,3356.0,3368.144
2018-01-10 10:00:00,3326.0,3303.069
2018-01-10 11:00:00,3228.0,3264.7397
2018-01-10 12:00:00,3116.0,3159.0002
2018-01-10 13:00:00,3096.0,3064.0984
2018-01-10 14:00:00,3086.0,3047.4922
2018-01-10 15:00:00,3094.0,3085.5068
2018-01-10 16:00:00,3114.0,3155.618
2018-01-10 17:00:00,3192.0,3269.1523
2018-01-10 18:00:00,3293.0,3289.213
2018-01-10 19:00:00,3252.0,3276.4055
2018-01-10 20:00:00,3184.0,3209.469
2018-01-10 21:00:00,3046.0,3052.9065
2018-01-10 22:00:00,2860.0,2883.835
2018-01-10 23:00:00,2663.0,2689.9329
2018-01-11 00:00:00,2516.0,2509.6404
2018-01-11 01:00:00,2437.0,2425.3416
2018-01-11 02:00:00,2379.0,2386.504
2018-01-11 03:00:00,2370.0,2373.5935
2018-01-11 04:00:00,2417.0,2421.6924
2018-01-11 05:00:00,2556.0,2589.6528
2018-01-11 06:00:00,2849.0,2844.9766
2018-01-11 07:00:00,3035.0,3040.9866
2018-01-11 08:00:00,3047.0,3110.7048
2018-01-11 09:00:00,3072.0,3050.9304
2018-01-11 10:00:00,3050.0,3101.6829
2018-01-11 11:00:00,3065.0,3041.9275
2018-01-11 12:00:00,3038.0,3070.843
2018-01-11 13:00:00,3065.0,3034.1887
2018-01-11 14:00:00,3027.0,3075.0376
2018-01-11 15:00:00,2994.0,3015.8098
2018-01-11 16:00:00,2995.0,3017.824
2018-01-11 17:00:00,3094.0,3100.153
2018-01-11 18:00:00,3175.0,3226.4976
2018-01-11 19:00:00,3124.0,3181.5078
2018-01-11 20:00:00,3083.0,3087.2732
2018-01-11 21:00:00,2973.0,2974.5942
2018-01-11 22:00:00,2786.0,2781.5144
2018-01-11 23:00:00,2638.0,2598.7778
2018-01-12 00:00:00,2504.0,2510.92
2018-01-12 01:00:00,2407.0,2443.4734
2018-01-12 02:00:00,2348.0,2361.6902
2018-01-12 03:00:00,2357.0,2327.6702
2018-01-12 04:00:00,2393.0,2388.5767
2018-01-12 05:00:00,2534.0,2556.178
2018-01-12 06:00:00,2831.0,2844.1711
2018-01-12 07:00:00,3073.0,3049.1448
2018-01-12 08:00:00,3197.0,3140.7104
2018-01-12 09:00:00,3298.0,3243.1577
2018-01-12 10:00:00,3379.0,3360.1814
2018-01-12 11:00:00,3420.0,3417.0076
2018-01-12 12:00:00,3459.0,3442.5667
2018-01-12 13:00:00,3475.0,3483.9543
2018-01-12 14:00:00,3511.0,3496.8447
2018-01-12 15:00:00,3518.0,3529.0095
2018-01-12 16:00:00,3628.0,3555.5464
2018-01-12 17:00:00,3785.0,3761.1045
2018-01-12 18:00:00,3841.0,3858.721
2018-01-12 19:00:00,3791.0,3817.81
2018-01-12 20:00:00,3758.0,3713.3625
2018-01-12 21:00:00,3680.0,3640.695
2018-01-12 22:00:00,3583.0,3523.789
2018-01-12 23:00:00,3433.0,3441.8623
2018-01-13 00:00:00,3354.0,3331.348
2018-01-13 01:00:00,3303.0,3300.0059
2018-01-13 02:00:00,3294.0,3277.599
2018-01-13 03:00:00,3296.0,3320.3054
2018-01-13 04:00:00,3351.0,3350.7427
2018-01-13 05:00:00,3438.0,3450.6255
2018-01-13 06:00:00,3570.0,3599.03
2018-01-13 07:00:00,3704.0,3694.9941
2018-01-13 08:00:00,3769.0,3763.893
2018-01-13 09:00:00,3814.0,3773.396
2018-01-13 10:00:00,3816.0,3821.0144
2018-01-13 11:00:00,3774.0,3787.5947
2018-01-13 12:00:00,3721.0,3713.8232
2018-01-13 13:00:00,3658.0,3652.5833
2018-01-13 14:00:00,3583.0,3590.9917
2018-01-13 15:00:00,3600.0,3545.8843
2018-01-13 16:00:00,3681.0,3624.9302
2018-01-13 17:00:00,3871.0,3846.9346
2018-01-13 18:00:00,3970.0,4005.4639
2018-01-13 19:00:00,3931.0,3967.1558
2018-01-13 20:00:00,3872.0,3852.0989
2018-01-13 21:00:00,3788.0,3766.4114
2018-01-13 22:00:00,3707.0,3636.5684
2018-01-13 23:00:00,3606.0,3538.9226
2018-01-14 00:00:00,3486.0,3520.0408
2018-01-14 01:00:00,3410.0,3437.9536
2018-01-14 02:00:00,3406.0,3367.833
2018-01-14 03:00:00,3430.0,3420.783
2018-01-14 04:00:00,3457.0,3476.4397
2018-01-14 05:00:00,3543.0,3571.5364
2018-01-14 06:00:00,3637.0,3702.573
2018-01-14 07:00:00,3782.0,3743.129
2018-01-14 08:00:00,3851.0,3846.4888
2018-01-14 09:00:00,3817.0,3844.742
2018-01-14 10:00:00,3706.0,3764.7153
2018-01-14 11:00:00,3615.0,3595.1484
2018-01-14 12:00:00,3543.0,3527.151
2018-01-14 13:00:00,3486.0,3469.921
2018-01-14 14:00:00,3449.0,3432.6914
2018-01-14 15:00:00,3480.0,3405.624
2018-01-14 16:00:00,3565.0,3534.2837
2018-01-14 17:00:00,3768.0,3730.1682
2018-01-14 18:00:00,3953.0,3930.1365
2018-01-14 19:00:00,3947.0,3960.6047
2018-01-14 20:00:00,3948.0,3902.3198
2018-01-14 21:00:00,3889.0,3846.7988
2018-01-14 22:00:00,3742.0,3734.665
2018-01-14 23:00:00,3594.0,3562.2673
2018-01-15 00:00:00,3492.0,3495.1865
2018-01-15 01:00:00,3447.0,3447.7517
2018-01-15 02:00:00,3428.0,3414.25
2018-01-15 03:00:00,3450.0,3435.2615
2018-01-15 04:00:00,3503.0,3536.1843
2018-01-15 05:00:00,3642.0,3691.4734
2018-01-15 06:00:00,3817.0,3883.2434
2018-01-15 07:00:00,3944.0,3982.7405
2018-01-15 08:00:00,3952.0,3946.2256
2018-01-15 09:00:00,3972.0,3906.9722
2018-01-15 10:00:00,4007.0,3961.9539
2018-01-15 11:00:00,3956.0,3952.9978
2018-01-15 12:00:00,3920.0,3890.8079
2018-01-15 13:00:00,3885.0,3893.7427
2018-01-15 14:00:00,3858.0,3850.3975
2018-01-15 15:00:00,3844.0,3842.0376
2018-01-15 16:00:00,3843.0,3852.5344
2018-01-15 17:00:00,3965.0,3924.9985
2018-01-15 18:00:00,4043.0,4062.4387
2018-01-15 19:00:00,4011.0,4023.8557
2018-01-15 20:00:00,3917.0,3926.4456
2018-01-15 21:00:00,3777.0,3803.4468
2018-01-15 22:00:00,3628.0,3603.188
2018-01-15 23:00:00,3563.0,3411.1338
2018-01-16 00:00:00,3523.0,3462.9077
2018-01-16 01:00:00,3520.0,3484.2383
2018-01-16 02:00:00,3524.0,3521.5813
2018-01-16 03:00:00,3527.0,3567.156
2018-01-16 04:00:00,3618.0,3582.1394
2018-01-16 05:00:00,3807.0,3835.274
2018-01-16 06:00:00,4081.0,4108.0464
2018-01-16 07:00:00,4248.0,4220.4033
2018-01-16 08:00:00,4274.0,4227.003
2018-01-16 09:00:00,4300.0,4244.746
2018-01-16 10:00:00,4310.0,4252.628
2018-01-16 11:00:00,4212.0,4270.8286
2018-01-16 12:00:00,4119.0,4149.3755
2018-01-16 13:00:00,4045.0,4071.0886
2018-01-16 14:00:00,4012.0,3995.82
2018-01-16 15:00:00,4016.0,3943.8286
2018-01-16 16:00:00,4109.0,4038.1604
2018-01-16 17:00:00,4316.0,4178.352
2018-01-16 18:00:00,4481.0,4429.854
2018-01-16 19:00:00,4459.0,4499.6113
2018-01-16 20:00:00,4412.0,4439.126
2018-01-16 21:00:00,4299.0,4266.908
2018-01-16 22:00:00,4121.0,4084.482
2018-01-16 23:00:00,3942.0,3963.3093
2018-01-17 00:00:00,3855.0,3854.5771
2018-01-17 01:00:00,3798.0,3799.354
2018-01-17 02:00:00,3766.0,3777.1587
2018-01-17 03:00:00,3770.0,3756.116
2018-01-17 04:00:00,3810.0,3831.5125
2018-01-17 05:00:00,3985.0,3976.2664
2018-01-17 06:00:00,4276.0,4213.9614
2018-01-17 07:00:00,4212.0,4464.1587
2018-01-17 08:00:00,3972.0,4222.5215
2018-01-17 09:00:00,4040.0,3889.361
2018-01-17 10:00:00,4007.0,4009.0386
2018-01-17 11:00:00,3903.0,3963.5503
2018-01-17 12:00:00,3759.0,3855.066
2018-01-17 13:00:00,3678.0,3710.5156
2018-01-17 14:00:00,3584.0,3622.4775
2018-01-17 15:00:00,3557.0,3562.9744
2018-01-17 16:00:00,3672.0,3586.9302
2018-01-17 17:00:00,3720.0,3864.2888
2018-01-17 18:00:00,3572.0,3899.9001
2018-01-17 19:00:00,3555.0,3549.6824
2018-01-17 20:00:00,3525.0,3522.5078
2018-01-17 21:00:00,3676.0,3460.7363
2018-01-17 22:00:00,3674.0,3650.7888
2018-01-17 23:00:00,3690.0,3567.246
2018-01-18 00:00:00,3782.0,3666.2434
2018-01-18 01:00:00,3759.0,3863.9543
2018-01-18 02:00:00,3761.0,3799.5562
2018-01-18 03:00:00,3767.0,3814.3828
2018-01-18 04:00:00,3875.0,3812.0957
2018-01-18 05:00:00,4060.0,4053.8604
2018-01-18 06:00:00,4341.0,4230.7456
2018-01-18 07:00:00,4504.0,4479.114
2018-01-18 08:00:00,4415.0,4437.444
2018-01-18 09:00:00,4259.0,4264.747
2018-01-18 10:00:00,4040.0,4139.1606
2018-01-18 11:00:00,3909.0,3943.6748
2018-01-18 12:00:00,3862.0,3807.2644
2018-01-18 13:00:00,3775.0,3812.9932
2018-01-18 14:00:00,3728.0,3728.6704
2018-01-18 15:00:00,3668.0,3691.6885
2018-01-18 16:00:00,3689.0,3718.3843
2018-01-18 17:00:00,3815.0,3837.6985
2018-01-18 18:00:00,4011.0,3999.1365
2018-01-18 19:00:00,4030.0,4071.0903
2018-01-18 20:00:00,3975.0,4000.019
2018-01-18 21:00:00,3884.0,3907.4885
2018-01-18 22:00:00,3730.0,3695.6372
2018-01-18 23:00:00,3568.0,3528.7131
2018-01-19 00:00:00,3474.0,3485.523
2018-01-19 01:00:00,3416.0,3406.681
2018-01-19 02:00:00,3376.0,3376.5127
2018-01-19 03:00:00,3378.0,3392.8972
2018-01-19 04:00:00,3451.0,3427.7788
2018-01-19 05:00:00,3639.0,3625.5889
2018-01-19 06:00:00,3897.0,3876.2769
2018-01-19 07:00:00,4052.0,4047.2544
2018-01-19 08:00:00,4015.0,4041.0195
2018-01-19 09:00:00,3906.0,3938.859
2018-01-19 10:00:00,3806.0,3833.2856
2018-01-19 11:00:00,3675.0,3703.765
2018-01-19 12:00:00,3561.0,3587.713
2018-01-19 13:00:00,3495.0,3499.3884
2018-01-19 14:00:00,3430.0,3437.5737
2018-01-19 15:00:00,3348.0,3389.5522
2018-01-19 16:00:00,3337.0,3360.1282
2018-01-19 17:00:00,3512.0,3424.571
2018-01-19 18:00:00,3634.0,3715.9736
2018-01-19 19:00:00,3610.0,3641.0955
2018-01-19 20:00:00,3591.0,3566.9888
2018-01-19 21:00:00,3443.0,3507.5886
2018-01-19 22:00:00,3420.0,3294.029
2018-01-19 23:00:00,3214.0,3246.6746
2018-01-20 00:00:00,3067.0,3126.7559
2018-01-20 01:00:00,2983.0,2986.2803
2018-01-20 02:00:00,2948.0,2930.373
2018-01-20 03:00:00,2942.0,2926.1675
2018-01-20 04:00:00,2963.0,2964.2168
2018-01-20 05:00:00,3012.0,3031.4893
2018-01-20 06:00:00,3097.0,3141.2686
2018-01-20 07:00:00,3243.0,3207.7393
2018-01-20 08:00:00,3282.0,3336.4197
2018-01-20 09:00:00,3286.0,3326.3691
2018-01-20 10:00:00,3240.0,3300.5322
2018-01-20 11:00:00,3159.0,3198.8945
2018-01-20 12:00:00,3061.0,3104.2104
2018-01-20 13:00:00,2975.0,2995.7927
2018-01-20 14:00:00,2934.0,2912.666
2018-01-20 15:00:00,2936.0,2897.9695
2018-01-20 16:00:00,2993.0,2958.792
2018-01-20 17:00:00,3092.0,3151.1555
2018-01-20 18:00:00,3177.0,3225.1418
2018-01-20 19:00:00,3158.0,3176.961
2018-01-20 20:00:00,3102.0,3128.2683
2018-01-20 21:00:00,3009.0,3023.2883
2018-01-20 22:00:00,2893.0,2885.2168
2018-01-20 23:00:00,2719.0,2759.43
2018-01-21 00:00:00,2638.0,2601.499
2018-01-21 01:00:00,2564.0,2564.5747
2018-01-21 02:00:00,2512.0,2530.7583
2018-01-21 03:00:00,2484.0,2492.2937
2018-01-21 04:00:00,2494.0,2496.5503
2018-01-21 05:00:00,2516.0,2538.2935
2018-01-21 06:00:00,2601.0,2613.35
2018-01-21 07:00:00,2691.0,2695.256
2018-01-21 08:00:00,2779.0,2806.36
2018-01-21 09:00:00,2826.0,2874.472
2018-01-21 10:00:00,2864.0,2882.5205
2018-01-21 11:00:00,2894.0,2860.1184
2018-01-21 12:00:00,2855.0,2893.6948
2018-01-21 13:00:00,2791.0,2823.3188
2018-01-21 14:00:00,2774.0,2765.1113
2018-01-21 15:00:00,2794.0,2757.3354
2018-01-21 16:00:00,2848.0,2826.6753
2018-01-21 17:00:00,2949.0,2969.7776
2018-01-21 18:00:00,3060.0,3070.9944
2018-01-21 19:00:00,3019.0,3038.2266
2018-01-21 20:00:00,2959.0,2973.982
2018-01-21 21:00:00,2823.0,2884.5234
2018-01-21 22:00:00,2676.0,2709.8247
2018-01-21 23:00:00,2515.0,2539.627
2018-01-22 00:00:00,2404.0,2392.8254
2018-01-22 01:00:00,2341.0,2317.129
2018-01-22 02:00:00,2338.0,2288.579
2018-01-22 03:00:00,2340.0,2348.3552
2018-01-22 04:00:00,2410.0,2396.9988
2018-01-22 05:00:00,2596.0,2609.6782
2018-01-22 06:00:00,2876.0,2908.5312
2018-01-22 07:00:00,3085.0,3097.7559
2018-01-22 08:00:00,3082.0,3126.6387
2018-01-22 09:00:00,3054.0,3083.934
2018-01-22 10:00:00,3064.0,3046.3582
2018-01-22 11:00:00,3073.0,3051.0227
2018-01-22 12:00:00,3079.0,3067.2764
2018-01-22 13:00:00,3116.0,3058.599
2018-01-22 14:00:00,3080.0,3131.6648
2018-01-22 15:00:00,3073.0,3059.8596
2018-01-22 16:00:00,3083.0,3090.1497
2018-01-22 17:00:00,3187.0,3168.332
2018-01-22 18:00:00,3240.0,3294.605
2018-01-22 19:00:00,3202.0,3239.6533
2018-01-22 20:00:00,3134.0,3183.2002
2018-01-22 21:00:00,2984.0,3066.0325
2018-01-22 22:00:00,2800.0,2821.626
2018-01-22 23:00:00,2631.0,2624.9717
2018-01-23 00:00:00,2459.0,2500.8374
2018-01-23 01:00:00,2404.0,2373.712
2018-01-23 02:00:00,2386.0,2340.5127
2018-01-23 03:00:00,2396.0,2373.1382
2018-01-23 04:00:00,2464.0,2466.0686
2018-01-23 05:00:00,2678.0,2654.1917
2018-01-23 06:00:00,2973.0,3003.7747
2018-01-23 07:00:00,3189.0,3186.6997
2018-01-23 08:00:00,3225.0,3195.7842
2018-01-23 09:00:00,3243.0,3244.1365
2018-01-23 10:00:00,3282.0,3269.0242
2018-01-23 11:00:00,3292.0,3288.3625
2018-01-23 12:00:00,3237.0,3296.6843
2018-01-23 13:00:00,3287.0,3215.2651
2018-01-23 14:00:00,3281.0,3304.4556
2018-01-23 15:00:00,3288.0,3289.504
2018-01-23 16:00:00,3301.0,3331.4763
2018-01-23 17:00:00,3410.0,3373.564
2018-01-23 18:00:00,3474.0,3481.2192
2018-01-23 19:00:00,3441.0,3449.1487
2018-01-23 20:00:00,3416.0,3395.9666
2018-01-23 21:00:00,3305.0,3307.83
2018-01-23 22:00:00,3127.0,3134.285
2018-01-23 23:00:00,2995.0,2930.564
2018-01-24 00:00:00,2878.0,2880.288
2018-01-24 01:00:00,2823.0,2802.958
2018-01-24 02:00:00,2788.0,2794.7463
2018-01-24 03:00:00,2805.0,2800.457
2018-01-24 04:00:00,2871.0,2878.8936
2018-01-24 05:00:00,3039.0,3061.9072
2018-01-24 06:00:00,3327.0,3343.366
2018-01-24 07:00:00,3489.0,3509.5842
2018-01-24 08:00:00,3484.0,3481.764
2018-01-24 09:00:00,3486.0,3468.5505
2018-01-24 10:00:00,3523.0,3487.6086
2018-01-24 11:00:00,3501.0,3511.2417
2018-01-24 12:00:00,3481.0,3453.7842
2018-01-24 13:00:00,3502.0,3453.5054
2018-01-24 14:00:00,3495.0,3481.8826
2018-01-24 15:00:00,3520.0,3478.043
2018-01-24 16:00:00,3567.0,3553.9524
2018-01-24 17:00:00,3654.0,3656.5764
2018-01-24 18:00:00,3717.0,3780.0603
2018-01-24 19:00:00,3673.0,3678.9895
2018-01-24 20:00:00,3616.0,3602.3926
2018-01-24 21:00:00,3491.0,3513.5422
2018-01-24 22:00:00,3303.0,3303.2935
2018-01-24 23:00:00,3135.0,3117.0645
2018-01-25 00:00:00,3045.0,3008.435
2018-01-25 01:00:00,2998.0,2993.0742
2018-01-25 02:00:00,2989.0,2990.7117
2018-01-25 03:00:00,3017.0,3006.1404
2018-01-25 04:00:00,3103.0,3104.0244
2018-01-25 05:00:00,3326.0,3283.6392
2018-01-25 06:00:00,3647.0,3659.699
2018-01-25 07:00:00,3822.0,3809.5376
2018-01-25 08:00:00,3769.0,3754.9324
2018-01-25 09:00:00,3687.0,3700.6145
2018-01-25 10:00:00,3635.0,3626.7244
2018-01-25 11:00:00,3516.0,3560.1113
2018-01-25 12:00:00,3410.0,3448.7249
2018-01-25 13:00:00,3334.0,3353.5708
2018-01-25 14:00:00,3237.0,3284.1514
2018-01-25 15:00:00,3155.0,3197.3518
2018-01-25 16:00:00,3144.0,3152.6145
2018-01-25 17:00:00,3247.0,3248.8452
2018-01-25 18:00:00,3446.0,3429.9531
2018-01-25 19:00:00,3457.0,3470.2256
2018-01-25 20:00:00,3428.0,3419.321
2018-01-25 21:00:00,3324.0,3325.0974
2018-01-25 22:00:00,3159.0,3138.0886
2018-01-25 23:00:00,2986.0,2964.7756
2018-01-26 00:00:00,2900.0,2870.2727
2018-01-26 01:00:00,2837.0,2842.9692
2018-01-26 02:00:00,2803.0,2823.7175
2018-01-26 03:00:00,2818.0,2810.813
2018-01-26 04:00:00,2876.0,2884.0457
2018-01-26 05:00:00,3063.0,3061.3105
2018-01-26 06:00:00,3323.0,3345.5679
2018-01-26 07:00:00,3486.0,3506.7505
2018-01-26 08:00:00,3456.0,3484.1958
2018-01-26 09:00:00,3382.0,3428.9917
2018-01-26 10:00:00,3271.0,3351.394
2018-01-26 11:00:00,3157.0,3180.3665
2018-01-26 12:00:00,3082.0,3070.9666
2018-01-26 13:00:00,3004.0,2999.3828
2018-01-26 14:00:00,2950.0,2947.7039
2018-01-26 15:00:00,2908.0,2899.0137
2018-01-26 16:00:00,2878.0,2906.0505
2018-01-26 17:00:00,2933.0,2948.1042
2018-01-26 18:00:00,3067.0,3069.6653
2018-01-26 19:00:00,3063.0,3115.7275
2018-01-26 20:00:00,3023.0,3033.6414
2018-01-26 21:00:00,2948.0,2946.792
2018-01-26 22:00:00,2799.0,2829.2769
2018-01-26 23:00:00,2643.0,2668.359
2018-01-27 00:00:00,2537.0,2509.288
2018-01-27 01:00:00,2477.0,2458.5073
2018-01-27 02:00:00,2419.0,2431.66
2018-01-27 03:00:00,2412.0,2406.461
2018-01-27 04:00:00,2433.0,2427.644
2018-01-27 05:00:00,2451.0,2493.8828
2018-01-27 06:00:00,2550.0,2536.8157
2018-01-27 07:00:00,2712.0,2657.622
2018-01-27 08:00:00,2776.0,2825.2996
2018-01-27 09:00:00,2867.0,2816.8574
2018-01-27 10:00:00,2889.0,2912.458
2018-01-27 11:00:00,2916.0,2851.3284
2018-01-27 12:00:00,2921.0,2876.8357
2018-01-27 13:00:00,2890.0,2877.2412
2018-01-27 14:00:00,2856.0,2844.8528
2018-01-27 15:00:00,2818.0,2824.3318
2018-01-27 16:00:00,2832.0,2818.099
2018-01-27 17:00:00,2909.0,2894.6438
2018-01-27 18:00:00,2941.0,3009.6145
2018-01-27 19:00:00,2900.0,2944.0784
2018-01-27 20:00:00,2837.0,2881.9553
2018-01-27 21:00:00,2737.0,2787.7761
2018-01-27 22:00:00,2658.0,2602.082
2018-01-27 23:00:00,2550.0,2548.6655
2018-01-28 00:00:00,2445.0,2424.3062
2018-01-28 01:00:00,2387.0,2361.8494
2018-01-28 02:00:00,2357.0,2340.7332
2018-01-28 03:00:00,2344.0,2345.45
2018-01-28 04:00:00,2367.0,2365.8574
2018-01-28 05:00:00,2449.0,2425.9128
2018-01-28 06:00:00,2581.0,2557.915
2018-01-28 07:00:00,2698.0,2685.412
2018-01-28 08:00:00,2790.0,2805.604
2018-01-28 09:00:00,2858.0,2856.346
2018-01-28 10:00:00,2853.0,2907.9521
2018-01-28 11:00:00,2750.0,2822.7034
2018-01-28 12:00:00,2672.0,2695.8025
2018-01-28 13:00:00,2602.0,2600.3962
2018-01-28 14:00:00,2545.0,2557.889
2018-01-28 15:00:00,2504.0,2537.825
2018-01-28 16:00:00,2544.0,2533.0938
2018-01-28 17:00:00,2677.0,2624.98
2018-01-28 18:00:00,2913.0,2823.338
2018-01-28 19:00:00,2971.0,2956.9194
2018-01-28 20:00:00,2966.0,2961.1484
2018-01-28 21:00:00,2911.0,2879.5771
2018-01-28 22:00:00,2784.0,2780.8738
2018-01-28 23:00:00,2697.0,2632.258
2018-01-29 00:00:00,2628.0,2632.926
2018-01-29 01:00:00,2588.0,2568.9775
2018-01-29 02:00:00,2593.0,2595.1033
2018-01-29 03:00:00,2632.0,2612.5361
2018-01-29 04:00:00,2710.0,2726.4172
2018-01-29 05:00:00,2905.0,2894.644
2018-01-29 06:00:00,3221.0,3199.1394
2018-01-29 07:00:00,3400.0,3417.299
2018-01-29 08:00:00,3391.0,3372.3657
2018-01-29 09:00:00,3364.0,3354.0369
2018-01-29 10:00:00,3370.0,3330.772
2018-01-29 11:00:00,3369.0,3350.2393
2018-01-29 12:00:00,3365.0,3370.2205
2018-01-29 13:00:00,3376.0,3346.2485
2018-01-29 14:00:00,3407.0,3401.7915
2018-01-29 15:00:00,3435.0,3439.8628
2018-01-29 16:00:00,3495.0,3522.8848
2018-01-29 17:00:00,3647.0,3644.0159
2018-01-29 18:00:00,3718.0,3764.1196
2018-01-29 19:00:00,3715.0,3704.4639
2018-01-29 20:00:00,3624.0,3662.2888
2018-01-29 21:00:00,3508.0,3515.6494
2018-01-29 22:00:00,3345.0,3326.2554
2018-01-29 23:00:00,3180.0,3165.8335
2018-01-30 00:00:00,3083.0,3077.564
2018-01-30 01:00:00,3034.0,3029.132
2018-01-30 02:00:00,3010.0,3013.4802
2018-01-30 03:00:00,3005.0,3035.5842
2018-01-30 04:00:00,3074.0,3056.9624
2018-01-30 05:00:00,3274.0,3235.0957
2018-01-30 06:00:00,3561.0,3591.5676
2018-01-30 07:00:00,3752.0,3739.5662
2018-01-30 08:00:00,3705.0,3746.1865
2018-01-30 09:00:00,3693.0,3663.1467
2018-01-30 10:00:00,3647.0,3649.8027
2018-01-30 11:00:00,3600.0,3565.2434
2018-01-30 12:00:00,3509.0,3516.8435
2018-01-30 13:00:00,3420.0,3453.2683
2018-01-30 14:00:00,3371.0,3354.6028
2018-01-30 15:00:00,3334.0,3332.2607
2018-01-30 16:00:00,3351.0,3353.3403
2018-01-30 17:00:00,3459.0,3452.9414
2018-01-30 18:00:00,3674.0,3632.3057
2018-01-30 19:00:00,3728.0,3665.5083
2018-01-30 20:00:00,3679.0,3670.009
2018-01-30 21:00:00,3562.0,3551.0417
2018-01-30 22:00:00,3420.0,3374.294
2018-01-30 23:00:00,3247.0,3247.165
2018-01-31 00:00:00,3131.0,3134.451
2018-01-31 01:00:00,3054.0,3071.6707
2018-01-31 02:00:00,3024.0,3030.7222
2018-01-31 03:00:00,3024.0,3024.388
2018-01-31 04:00:00,3097.0,3057.6196
2018-01-31 05:00:00,3267.0,3256.4111
2018-01-31 06:00:00,3547.0,3544.5435
2018-01-31 07:00:00,3714.0,3711.6802
2018-01-31 08:00:00,3672.0,3716.252
2018-01-31 09:00:00,3603.0,3616.1055
2018-01-31 10:00:00,3528.0,3524.8108
2018-01-31 11:00:00,3453.0,3436.0906
2018-01-31 12:00:00,3386.0,3361.4387
2018-01-31 13:00:00,3292.0,3323.742
2018-01-31 14:00:00,3201.0,3218.324
2018-01-31 15:00:00,3147.0,3143.8586
2018-01-31 16:00:00,3123.0,3153.4968
2018-01-31 17:00:00,3196.0,3218.9824
2018-01-31 18:00:00,3354.0,3360.595
2018-01-31 19:00:00,3344.0,3400.6606
2018-01-31 20:00:00,3298.0,3320.9287
2018-01-31 21:00:00,3182.0,3189.0554
2018-01-31 22:00:00,3054.0,3020.5833
2018-01-31 23:00:00,2844.0,2895.785
2018-02-01 00:00:00,2724.0,2713.552
2018-02-01 01:00:00,2643.0,2659.1858
2018-02-01 02:00:00,2581.0,2596.5603
2018-02-01 03:00:00,2595.0,2555.6926
2018-02-01 04:00:00,2651.0,2647.2551
2018-02-01 05:00:00,2807.0,2792.715
2018-02-01 06:00:00,3083.0,3048.4644
2018-02-01 07:00:00,3253.0,3219.0027
2018-02-01 08:00:00,3248.0,3285.3608
2018-02-01 09:00:00,3237.0,3253.0403
2018-02-01 10:00:00,3240.0,3210.7632
2018-02-01 11:00:00,3237.0,3202.4956
2018-02-01 12:00:00,3238.0,3219.349
2018-02-01 13:00:00,3233.0,3215.8252
2018-02-01 14:00:00,3259.0,3203.7405
2018-02-01 15:00:00,3292.0,3256.7822
2018-02-01 16:00:00,3369.0,3326.4392
2018-02-01 17:00:00,3488.0,3470.819
2018-02-01 18:00:00,3575.0,3616.3386
2018-02-01 19:00:00,3616.0,3574.3884
2018-02-01 20:00:00,3610.0,3591.763
2018-02-01 21:00:00,3551.0,3510.075
2018-02-01 22:00:00,3407.0,3379.0327
2018-02-01 23:00:00,3277.0,3240.4653
2018-02-02 00:00:00,3210.0,3180.8179
2018-02-02 01:00:00,3204.0,3166.8372
2018-02-02 02:00:00,3208.0,3202.4011
2018-02-02 03:00:00,3257.0,3243.1304
2018-02-02 04:00:00,3334.0,3345.6968
2018-02-02 05:00:00,3556.0,3511.039
2018-02-02 06:00:00,3848.0,3825.9927
2018-02-02 07:00:00,4036.0,3993.9773
2018-02-02 08:00:00,3998.0,4027.1714
2018-02-02 09:00:00,3927.0,3965.6787
2018-02-02 10:00:00,3862.0,3894.6943
2018-02-02 11:00:00,3795.0,3800.1602
2018-02-02 12:00:00,3709.0,3729.7646
2018-02-02 13:00:00,3612.0,3642.5757
2018-02-02 14:00:00,3515.0,3557.666
2018-02-02 15:00:00,3464.0,3479.2664
2018-02-02 16:00:00,3459.0,3449.2573
2018-02-02 17:00:00,3569.0,3515.9683
2018-02-02 18:00:00,3743.0,3684.195
2018-02-02 19:00:00,3765.0,3791.858
2018-02-02 20:00:00,3767.0,3730.6719
2018-02-02 21:00:00,3714.0,3689.581
2018-02-02 22:00:00,3613.0,3595.5198
2018-02-02 23:00:00,3495.0,3479.3906
2018-02-03 00:00:00,3403.0,3402.393
2018-02-03 01:00:00,3334.0,3347.212
2018-02-03 02:00:00,3247.0,3299.068
2018-02-03 03:00:00,3249.0,3248.7292
2018-02-03 04:00:00,3250.0,3247.423
2018-02-03 05:00:00,3303.0,3264.1475
2018-02-03 06:00:00,3392.0,3377.017
2018-02-03 07:00:00,3508.0,3470.1265
2018-02-03 08:00:00,3587.0,3542.828
2018-02-03 09:00:00,3639.0,3596.9495
2018-02-03 10:00:00,3610.0,3656.6113
2018-02-03 11:00:00,3560.0,3565.7444
2018-02-03 12:00:00,3478.0,3491.841
2018-02-03 13:00:00,3407.0,3419.958
2018-02-03 14:00:00,3344.0,3335.3203
2018-02-03 15:00:00,3337.0,3310.369
2018-02-03 16:00:00,3329.0,3368.2314
2018-02-03 17:00:00,3382.0,3422.401
2018-02-03 18:00:00,3467.0,3515.0898
2018-02-03 19:00:00,3446.0,3548.9788
2018-02-03 20:00:00,3360.0,3457.2822
2018-02-03 21:00:00,3274.0,3278.288
2018-02-03 22:00:00,3138.0,3152.7388
2018-02-03 23:00:00,2958.0,3000.7317
2018-02-04 00:00:00,2817.0,2838.8123
2018-02-04 01:00:00,2710.0,2748.239
2018-02-04 02:00:00,2679.0,2663.2644
2018-02-04 03:00:00,2693.0,2661.3657
2018-02-04 04:00:00,2703.0,2728.1785
2018-02-04 05:00:00,2754.0,2772.4246
2018-02-04 06:00:00,2836.0,2855.8696
2018-02-04 07:00:00,2940.0,2962.6287
2018-02-04 08:00:00,3073.0,3013.5398
2018-02-04 09:00:00,3137.0,3164.1277
2018-02-04 10:00:00,3202.0,3186.5386
2018-02-04 11:00:00,3197.0,3215.5676
2018-02-04 12:00:00,3211.0,3196.529
2018-02-04 13:00:00,3203.0,3191.112
2018-02-04 14:00:00,3187.0,3190.4497
2018-02-04 15:00:00,3216.0,3177.9187
2018-02-04 16:00:00,3288.0,3264.9712
2018-02-04 17:00:00,3354.0,3376.3394
2018-02-04 18:00:00,3392.0,3451.8237
2018-02-04 19:00:00,3374.0,3403.8914
2018-02-04 20:00:00,3362.0,3347.5896
2018-02-04 21:00:00,3350.0,3279.3914
2018-02-04 22:00:00,3277.0,3227.5176
2018-02-04 23:00:00,3197.0,3152.465
2018-02-05 00:00:00,3117.0,3127.2964
2018-02-05 01:00:00,3083.0,3090.1357
2018-02-05 02:00:00,3093.0,3072.532
2018-02-05 03:00:00,3095.0,3122.8408
2018-02-05 04:00:00,3191.0,3178.811
2018-02-05 05:00:00,3407.0,3373.2786
2018-02-05 06:00:00,3694.0,3693.812
2018-02-05 07:00:00,3868.0,3878.5764
2018-02-05 08:00:00,3906.0,3873.517
2018-02-05 09:00:00,3862.0,3900.4321
2018-02-05 10:00:00,3809.0,3829.9602
2018-02-05 11:00:00,3722.0,3729.1162
2018-02-05 12:00:00,3676.0,3651.1104
2018-02-05 13:00:00,3631.0,3628.6396
2018-02-05 14:00:00,3570.0,3592.2026
2018-02-05 15:00:00,3535.0,3540.8433
2018-02-05 16:00:00,3547.0,3541.805
2018-02-05 17:00:00,3671.0,3618.166
2018-02-05 18:00:00,3788.0,3841.985
2018-02-05 19:00:00,3784.0,3825.61
2018-02-05 20:00:00,3739.0,3727.2502
2018-02-05 21:00:00,3611.0,3635.23
2018-02-05 22:00:00,3428.0,3432.2488
2018-02-05 23:00:00,3233.0,3243.0474
2018-02-06 00:00:00,3120.0,3103.8713
2018-02-06 01:00:00,3046.0,3067.649
2018-02-06 02:00:00,3003.0,3029.1553
2018-02-06 03:00:00,2998.0,3020.9194
2018-02-06 04:00:00,3053.0,3031.755
2018-02-06 05:00:00,3225.0,3199.565
2018-02-06 06:00:00,3496.0,3494.7756
2018-02-06 07:00:00,3655.0,3665.7517
2018-02-06 08:00:00,3653.0,3673.4102
2018-02-06 09:00:00,3653.0,3643.7754
2018-02-06 10:00:00,3640.0,3651.6082
2018-02-06 11:00:00,3585.0,3589.525
2018-02-06 12:00:00,3544.0,3509.6584
2018-02-06 13:00:00,3482.0,3495.3767
2018-02-06 14:00:00,3446.0,3428.9355
2018-02-06 15:00:00,3440.0,3396.9211
2018-02-06 16:00:00,3441.0,3456.976
2018-02-06 17:00:00,3525.0,3539.8936
2018-02-06 18:00:00,3677.0,3699.761
2018-02-06 19:00:00,3696.0,3711.5076
2018-02-06 20:00:00,3655.0,3647.231
2018-02-06 21:00:00,3576.0,3538.7761
2018-02-06 22:00:00,3408.0,3382.8032
2018-02-06 23:00:00,3230.0,3226.57
2018-02-07 00:00:00,3103.0,3099.7046
2018-02-07 01:00:00,3026.0,3048.4626
2018-02-07 02:00:00,3019.0,2993.1462
2018-02-07 03:00:00,3050.0,3018.8186
2018-02-07 04:00:00,3103.0,3123.004
2018-02-07 05:00:00,3246.0,3252.118
2018-02-07 06:00:00,3455.0,3506.5627
2018-02-07 07:00:00,3635.0,3617.626
2018-02-07 08:00:00,3700.0,3654.1655
2018-02-07 09:00:00,3718.0,3696.639
2018-02-07 10:00:00,3744.0,3691.4377
2018-02-07 11:00:00,3718.0,3727.7761
2018-02-07 12:00:00,3658.0,3644.3904
2018-02-07 13:00:00,3625.0,3600.9421
2018-02-07 14:00:00,3577.0,3571.3022
2018-02-07 15:00:00,3523.0,3543.4983
2018-02-07 16:00:00,3547.0,3528.8684
2018-02-07 17:00:00,3658.0,3632.0515
2018-02-07 18:00:00,3789.0,3816.2258
2018-02-07 19:00:00,3780.0,3832.3625
2018-02-07 20:00:00,3714.0,3718.6292
2018-02-07 21:00:00,3617.0,3587.5989
2018-02-07 22:00:00,3442.0,3427.5718
2018-02-07 23:00:00,3299.0,3255.8665
2018-02-08 00:00:00,3215.0,3193.515
2018-02-08 01:00:00,3181.0,3168.8816
2018-02-08 02:00:00,3168.0,3154.4568
2018-02-08 03:00:00,3213.0,3189.613
2018-02-08 04:00:00,3317.0,3313.9917
2018-02-08 05:00:00,3502.0,3525.5056
2018-02-08 06:00:00,3809.0,3809.1082
2018-02-08 07:00:00,3974.0,3981.498
2018-02-08 08:00:00,3901.0,3979.9624
2018-02-08 09:00:00,3844.0,3841.74
2018-02-08 10:00:00,3807.0,3783.5752
2018-02-08 11:00:00,3695.0,3735.535
2018-02-08 12:00:00,3583.0,3606.2786
2018-02-08 13:00:00,3542.0,3512.3452
2018-02-08 14:00:00,3452.0,3494.757
2018-02-08 15:00:00,3387.0,3407.8933
2018-02-08 16:00:00,3411.0,3386.6475
2018-02-08 17:00:00,3506.0,3501.1204
2018-02-08 18:00:00,3739.0,3719.8064
2018-02-08 19:00:00,3754.0,3814.5159
2018-02-08 20:00:00,3740.0,3751.038
2018-02-08 21:00:00,3624.0,3636.3738
2018-02-08 22:00:00,3448.0,3432.274
2018-02-08 23:00:00,3274.0,3253.5527
2018-02-09 00:00:00,3144.0,3157.161
2018-02-09 01:00:00,3088.0,3068.9856
2018-02-09 02:00:00,3061.0,3068.686
2018-02-09 03:00:00,3043.0,3067.5854
2018-02-09 04:00:00,3066.0,3090.0408
2018-02-09 05:00:00,3240.0,3164.8376
2018-02-09 06:00:00,3505.0,3491.8916
2018-02-09 07:00:00,3686.0,3658.9353
2018-02-09 08:00:00,3666.0,3700.732
2018-02-09 09:00:00,3634.0,3649.5054
2018-02-09 10:00:00,3572.0,3571.2095
2018-02-09 11:00:00,3422.0,3489.3318
2018-02-09 12:00:00,3333.0,3339.653
2018-02-09 13:00:00,3257.0,3251.3767
2018-02-09 14:00:00,3189.0,3199.4758
2018-02-09 15:00:00,3141.0,3142.2292
2018-02-09 16:00:00,3117.0,3144.8628
2018-02-09 17:00:00,3138.0,3174.2158
2018-02-09 18:00:00,3232.0,3224.9463
2018-02-09 19:00:00,3220.0,3321.8833
2018-02-09 20:00:00,3185.0,3245.9229
2018-02-09 21:00:00,3086.0,3116.901
2018-02-09 22:00:00,2958.0,2965.3203
2018-02-09 23:00:00,2802.0,2833.6138
2018-02-10 00:00:00,2669.0,2691.0369
2018-02-10 01:00:00,2593.0,2581.449
2018-02-10 02:00:00,2542.0,2536.5676
2018-02-10 03:00:00,2528.0,2516.7812
2018-02-10 04:00:00,2552.0,2548.0215
2018-02-10 05:00:00,2618.0,2621.0813
2018-02-10 06:00:00,2727.0,2754.1157
2018-02-10 07:00:00,2859.0,2830.9946
2018-02-10 08:00:00,2954.0,2955.5967
2018-02-10 09:00:00,3055.0,3020.648
2018-02-10 10:00:00,3113.0,3085.0354
2018-02-10 11:00:00,3096.0,3122.613
2018-02-10 12:00:00,3073.0,3053.0273
2018-02-10 13:00:00,3042.0,3018.2065
2018-02-10 14:00:00,3040.0,2987.4395
2018-02-10 15:00:00,3036.0,3009.0618
2018-02-10 16:00:00,3052.0,3052.5637
2018-02-10 17:00:00,3107.0,3113.7336
2018-02-10 18:00:00,3241.0,3184.754
2018-02-10 19:00:00,3232.0,3225.7239
2018-02-10 20:00:00,3206.0,3174.4373
2018-02-10 21:00:00,3134.0,3128.1855
2018-02-10 22:00:00,3013.0,3001.8374
2018-02-10 23:00:00,2930.0,2866.2698
2018-02-11 00:00:00,2828.0,2804.6545
2018-02-11 01:00:00,2749.0,2770.593
2018-02-11 02:00:00,2716.0,2712.3723
2018-02-11 03:00:00,2689.0,2692.639
2018-02-11 04:00:00,2710.0,2716.018
2018-02-11 05:00:00,2744.0,2771.9033
2018-02-11 06:00:00,2807.0,2833.4578
2018-02-11 07:00:00,2877.0,2905.7686
2018-02-11 08:00:00,2935.0,2987.4614
2018-02-11 09:00:00,3030.0,3025.2693
2018-02-11 10:00:00,3071.0,3077.303
2018-02-11 11:00:00,3117.0,3090.225
2018-02-11 12:00:00,3090.0,3131.407
2018-02-11 13:00:00,3098.0,3052.1384
2018-02-11 14:00:00,3106.0,3068.048
2018-02-11 15:00:00,3171.0,3096.7346
2018-02-11 16:00:00,3235.0,3223.9246
2018-02-11 17:00:00,3348.0,3325.3254
2018-02-11 18:00:00,3454.0,3438.2856
2018-02-11 19:00:00,3458.0,3473.4927
2018-02-11 20:00:00,3422.0,3421.0894
2018-02-11 21:00:00,3308.0,3330.2888
2018-02-11 22:00:00,3151.0,3166.948
2018-02-11 23:00:00,3026.0,2994.8098
2018-02-12 00:00:00,2930.0,2913.7344
2018-02-12 01:00:00,2905.0,2855.009
2018-02-12 02:00:00,2871.0,2869.9204
2018-02-12 03:00:00,2896.0,2878.9988
2018-02-12 04:00:00,2977.0,2987.9175
2018-02-12 05:00:00,3200.0,3156.7986
2018-02-12 06:00:00,3500.0,3500.2026
2018-02-12 07:00:00,3685.0,3623.7068
2018-02-12 08:00:00,3649.0,3697.5918
2018-02-12 09:00:00,3555.0,3636.6746
2018-02-12 10:00:00,3505.0,3507.1694
2018-02-12 11:00:00,3437.0,3451.896
2018-02-12 12:00:00,3371.0,3375.6604
2018-02-12 13:00:00,3302.0,3320.7969
2018-02-12 14:00:00,3225.0,3243.2646
2018-02-12 15:00:00,3176.0,3178.2427
2018-02-12 16:00:00,3169.0,3172.401
2018-02-12 17:00:00,3262.0,3225.059
2018-02-12 18:00:00,3471.0,3433.3738
2018-02-12 19:00:00,3562.0,3512.0728
2018-02-12 20:00:00,3566.0,3523.5771
2018-02-12 21:00:00,3467.0,3458.519
2018-02-12 22:00:00,3314.0,3277.2905
2018-02-12 23:00:00,3156.0,3110.8362
2018-02-13 00:00:00,3064.0,3054.183
2018-02-13 01:00:00,3037.0,3002.75
2018-02-13 02:00:00,3030.0,3035.5842
2018-02-13 03:00:00,3063.0,3041.8694
2018-02-13 04:00:00,3146.0,3129.1218
2018-02-13 05:00:00,3359.0,3339.4436
2018-02-13 06:00:00,3663.0,3697.0396
2018-02-13 07:00:00,3765.0,3807.6194
2018-02-13 08:00:00,3696.0,3720.2593
2018-02-13 09:00:00,3597.0,3621.7444
2018-02-13 10:00:00,3580.0,3533.796
2018-02-13 11:00:00,3534.0,3503.5298
2018-02-13 12:00:00,3453.0,3487.0461
2018-02-13 13:00:00,3379.0,3398.9714
2018-02-13 14:00:00,3273.0,3324.2878
2018-02-13 15:00:00,3191.0,3216.1921
2018-02-13 16:00:00,3171.0,3172.6055
2018-02-13 17:00:00,3223.0,3221.887
2018-02-13 18:00:00,3408.0,3362.9297
2018-02-13 19:00:00,3444.0,3485.1758
2018-02-13 20:00:00,3420.0,3426.369
2018-02-13 21:00:00,3287.0,3320.7776
2018-02-13 22:00:00,3090.0,3102.7473
2018-02-13 23:00:00,2906.0,2906.4902
2018-02-14 00:00:00,2775.0,2793.8782
2018-02-14 01:00:00,2696.0,2699.5356
2018-02-14 02:00:00,2628.0,2666.216
2018-02-14 03:00:00,2628.0,2623.501
2018-02-14 04:00:00,2671.0,2673.652
2018-02-14 05:00:00,2873.0,2834.491
2018-02-14 06:00:00,3126.0,3202.6694
2018-02-14 07:00:00,3262.0,3293.77
2018-02-14 08:00:00,3223.0,3286.5806
2018-02-14 09:00:00,3213.0,3227.66
2018-02-14 10:00:00,3199.0,3182.0667
2018-02-14 11:00:00,3191.0,3154.6301
2018-02-14 12:00:00,3150.0,3150.9998
2018-02-14 13:00:00,3157.0,3109.761
2018-02-14 14:00:00,3127.0,3139.4727
2018-02-14 15:00:00,3079.0,3117.4465
2018-02-14 16:00:00,3089.0,3050.3584
2018-02-14 17:00:00,3124.0,3145.4849
2018-02-14 18:00:00,3191.0,3222.7595
2018-02-14 19:00:00,3161.0,3193.6711
2018-02-14 20:00:00,3067.0,3126.858
2018-02-14 21:00:00,2945.0,2955.3315
2018-02-14 22:00:00,2763.0,2768.501
2018-02-14 23:00:00,2576.0,2578.7708
2018-02-15 00:00:00,2445.0,2452.0837
2018-02-15 01:00:00,2340.0,2355.248
2018-02-15 02:00:00,2297.0,2289.0886
2018-02-15 03:00:00,2282.0,2301.1409
2018-02-15 04:00:00,2324.0,2323.3818
2018-02-15 05:00:00,2469.0,2464.1428
2018-02-15 06:00:00,2768.0,2734.402
2018-02-15 07:00:00,2967.0,2953.4111
2018-02-15 08:00:00,2966.0,3007.4988
2018-02-15 09:00:00,2941.0,2958.7415
2018-02-15 10:00:00,3001.0,2950.2266
2018-02-15 11:00:00,2985.0,2997.2993
2018-02-15 12:00:00,2957.0,2960.4077
2018-02-15 13:00:00,2963.0,2936.3945
2018-02-15 14:00:00,2939.0,2930.8367
2018-02-15 15:00:00,2934.0,2912.537
2018-02-15 16:00:00,2904.0,2925.63
2018-02-15 17:00:00,2935.0,2930.9473
2018-02-15 18:00:00,3030.0,3034.6904
2018-02-15 19:00:00,3030.0,3057.485
2018-02-15 20:00:00,2955.0,2982.4001
2018-02-15 21:00:00,2835.0,2875.6797
2018-02-15 22:00:00,2666.0,2666.0098
2018-02-15 23:00:00,2493.0,2486.5508
2018-02-16 00:00:00,2353.0,2361.1914
2018-02-16 01:00:00,2276.0,2270.5007
2018-02-16 02:00:00,2240.0,2230.5583
2018-02-16 03:00:00,2235.0,2242.2493
2018-02-16 04:00:00,2268.0,2292.1755
2018-02-16 05:00:00,2426.0,2429.6257
2018-02-16 06:00:00,2682.0,2718.9792
2018-02-16 07:00:00,2896.0,2873.4668
2018-02-16 08:00:00,2950.0,2959.5544
2018-02-16 09:00:00,3013.0,2994.985
2018-02-16 10:00:00,3071.0,3062.928
2018-02-16 11:00:00,3094.0,3094.6238
2018-02-16 12:00:00,3136.0,3088.7278
2018-02-16 13:00:00,3148.0,3148.5947
2018-02-16 14:00:00,3119.0,3145.1377
2018-02-16 15:00:00,3095.0,3084.0662
2018-02-16 16:00:00,3110.0,3073.1575
2018-02-16 17:00:00,3154.0,3134.668
2018-02-16 18:00:00,3248.0,3205.68
2018-02-16 19:00:00,3237.0,3248.2688
2018-02-16 20:00:00,3201.0,3199.77
2018-02-16 21:00:00,3119.0,3145.4792
2018-02-16 22:00:00,2999.0,2977.824
2018-02-16 23:00:00,2867.0,2840.8901
2018-02-17 00:00:00,2750.0,2751.3357
2018-02-17 01:00:00,2685.0,2671.4573
2018-02-17 02:00:00,2649.0,2633.3887
2018-02-17 03:00:00,2660.0,2647.0178
2018-02-17 04:00:00,2672.0,2686.698
2018-02-17 05:00:00,2742.0,2737.091
2018-02-17 06:00:00,2855.0,2857.5068
2018-02-17 07:00:00,2989.0,2963.7666
2018-02-17 08:00:00,3085.0,3087.4824
2018-02-17 09:00:00,3161.0,3163.3298
2018-02-17 10:00:00,3207.0,3196.9082
2018-02-17 11:00:00,3235.0,3209.7505
2018-02-17 12:00:00,3250.0,3231.3987
2018-02-17 13:00:00,3233.0,3224.6104
2018-02-17 14:00:00,3174.0,3182.7515
2018-02-17 15:00:00,3155.0,3124.7344
2018-02-17 16:00:00,3157.0,3158.3962
2018-02-17 17:00:00,3178.0,3223.6318
2018-02-17 18:00:00,3264.0,3260.966
2018-02-17 19:00:00,3246.0,3286.6057
2018-02-17 20:00:00,3187.0,3221.2976
2018-02-17 21:00:00,3103.0,3117.4038
2018-02-17 22:00:00,2991.0,2976.2573
2018-02-17 23:00:00,2853.0,2856.4006
2018-02-18 00:00:00,2735.0,2745.3313
2018-02-18 01:00:00,2676.0,2670.5774
2018-02-18 02:00:00,2641.0,2653.3418
2018-02-18 03:00:00,2624.0,2649.4573
2018-02-18 04:00:00,2641.0,2631.514
2018-02-18 05:00:00,2671.0,2695.035
2018-02-18 06:00:00,2752.0,2728.7148
2018-02-18 07:00:00,2860.0,2846.8552
2018-02-18 08:00:00,2941.0,2957.932
2018-02-18 09:00:00,2976.0,3028.8752
2018-02-18 10:00:00,2941.0,3033.4758
2018-02-18 11:00:00,2866.0,2935.182
2018-02-18 12:00:00,2799.0,2819.1353
2018-02-18 13:00:00,2716.0,2737.8513
2018-02-18 14:00:00,2674.0,2667.3809
2018-02-18 15:00:00,2633.0,2648.7163
2018-02-18 16:00:00,2665.0,2664.4856
2018-02-18 17:00:00,2766.0,2751.9993
2018-02-18 18:00:00,2942.0,2922.0776
2018-02-18 19:00:00,3021.0,2984.2312
2018-02-18 20:00:00,2991.0,3013.8293
2018-02-18 21:00:00,2928.0,2900.334
2018-02-18 22:00:00,2790.0,2787.8386
2018-02-18 23:00:00,2650.0,2650.952
2018-02-19 00:00:00,2569.0,2532.131
2018-02-19 01:00:00,2523.0,2517.3528
2018-02-19 02:00:00,2497.0,2519.34
2018-02-19 03:00:00,2483.0,2526.1013
2018-02-19 04:00:00,2504.0,2548.2988
2018-02-19 05:00:00,2629.0,2670.455
2018-02-19 06:00:00,2808.0,2897.6328
2018-02-19 07:00:00,2941.0,3003.029
2018-02-19 08:00:00,2978.0,2982.377
2018-02-19 09:00:00,3008.0,2975.2402
2018-02-19 10:00:00,3018.0,3017.9766
2018-02-19 11:00:00,2982.0,3003.088
2018-02-19 12:00:00,2967.0,2950.285
2018-02-19 13:00:00,2927.0,2948.0393
2018-02-19 14:00:00,2916.0,2899.3433
2018-02-19 15:00:00,2895.0,2884.1248
2018-02-19 16:00:00,2866.0,2896.565
2018-02-19 17:00:00,2888.0,2900.2698
2018-02-19 18:00:00,2998.0,2974.4111
2018-02-19 19:00:00,3014.0,3062.538
2018-02-19 20:00:00,2970.0,2995.1724
2018-02-19 21:00:00,2832.0,2882.2463
2018-02-19 22:00:00,2655.0,2669.8792
2018-02-19 23:00:00,2441.0,2495.098
2018-02-20 00:00:00,2295.0,2320.5889
2018-02-20 01:00:00,2221.0,2218.2368
2018-02-20 02:00:00,2194.0,2183.7993
2018-02-20 03:00:00,2166.0,2192.2366
2018-02-20 04:00:00,2222.0,2243.3623
2018-02-20 05:00:00,2387.0,2398.2397
2018-02-20 06:00:00,2694.0,2670.9985
2018-02-20 07:00:00,2800.0,2879.1516
2018-02-20 08:00:00,2798.0,2853.7542
2018-02-20 09:00:00,2814.0,2846.8809
2018-02-20 10:00:00,2867.0,2881.8523
2018-02-20 11:00:00,2871.0,2894.924
2018-02-20 12:00:00,2873.0,2872.8608
2018-02-20 13:00:00,2861.0,2876.9775
2018-02-20 14:00:00,2871.0,2851.3425
2018-02-20 15:00:00,2839.0,2868.27
2018-02-20 16:00:00,2827.0,2838.5083
2018-02-20 17:00:00,2838.0,2852.4473
2018-02-20 18:00:00,2947.0,2896.1887
2018-02-20 19:00:00,3011.0,2985.6064
2018-02-20 20:00:00,2960.0,2993.3604
2018-02-20 21:00:00,2844.0,2875.816
2018-02-20 22:00:00,2668.0,2663.6152
2018-02-20 23:00:00,2482.0,2484.7764
2018-02-21 00:00:00,2343.0,2350.158
2018-02-21 01:00:00,2262.0,2264.9517
2018-02-21 02:00:00,2203.0,2215.6848
2018-02-21 03:00:00,2182.0,2199.679
2018-02-21 04:00:00,2207.0,2229.774
2018-02-21 05:00:00,2359.0,2389.0955
2018-02-21 06:00:00,2574.0,2660.5776
2018-02-21 07:00:00,2771.0,2782.6409
2018-02-21 08:00:00,2779.0,2871.1511
2018-02-21 09:00:00,2819.0,2842.7148
2018-02-21 10:00:00,2862.0,2889.4546
2018-02-21 11:00:00,2875.0,2892.9321
2018-02-21 12:00:00,2859.0,2890.7756
2018-02-21 13:00:00,2896.0,2868.3157
2018-02-21 14:00:00,2911.0,2907.2053
2018-02-21 15:00:00,2898.0,2930.113
2018-02-21 16:00:00,2953.0,2908.1248
2018-02-21 17:00:00,3027.0,3014.8633
2018-02-21 18:00:00,3129.0,3104.531
2018-02-21 19:00:00,3151.0,3143.861
2018-02-21 20:00:00,3109.0,3130.6555
2018-02-21 21:00:00,3009.0,3033.1982
2018-02-21 22:00:00,2861.0,2831.5854
2018-02-21 23:00:00,2693.0,2658.7551
2018-02-22 00:00:00,2598.0,2583.9995
2018-02-22 01:00:00,2533.0,2540.8528
2018-02-22 02:00:00,2516.0,2498.9326
2018-02-22 03:00:00,2514.0,2514.796
2018-02-22 04:00:00,2615.0,2576.9587
2018-02-22 05:00:00,2811.0,2819.5537
2018-02-22 06:00:00,3108.0,3138.0876
2018-02-22 07:00:00,3295.0,3306.2627
2018-02-22 08:00:00,3315.0,3290.9038
2018-02-22 09:00:00,3266.0,3320.6245
2018-02-22 10:00:00,3292.0,3241.6812
2018-02-22 11:00:00,3254.0,3276.2058
2018-02-22 12:00:00,3240.0,3218.5354
2018-02-22 13:00:00,3203.0,3206.1416
2018-02-22 14:00:00,3154.0,3179.154
2018-02-22 15:00:00,3133.0,3132.4407
2018-02-22 16:00:00,3156.0,3145.6929
2018-02-22 17:00:00,3216.0,3214.9053
2018-02-22 18:00:00,3274.0,3336.567
2018-02-22 19:00:00,3290.0,3312.5012
2018-02-22 20:00:00,3244.0,3299.0942
2018-02-22 21:00:00,3124.0,3147.8745
2018-02-22 22:00:00,2908.0,2944.9639
2018-02-22 23:00:00,2720.0,2736.0317
2018-02-23 00:00:00,2590.0,2593.1326
2018-02-23 01:00:00,2511.0,2515.1653
2018-02-23 02:00:00,2460.0,2478.1904
2018-02-23 03:00:00,2460.0,2456.4448
2018-02-23 04:00:00,2489.0,2500.7678
2018-02-23 05:00:00,2671.0,2660.0054
2018-02-23 06:00:00,2957.0,2960.3037
2018-02-23 07:00:00,3123.0,3139.0828
2018-02-23 08:00:00,3114.0,3148.0674
2018-02-23 09:00:00,3110.0,3079.6348
2018-02-23 10:00:00,3136.0,3092.2812
2018-02-23 11:00:00,3140.0,3118.615
2018-02-23 12:00:00,3067.0,3120.6987
2018-02-23 13:00:00,3069.0,3021.822
2018-02-23 14:00:00,3026.0,3029.216
2018-02-23 15:00:00,2960.0,2987.578
2018-02-23 16:00:00,2927.0,2941.2534
2018-02-23 17:00:00,2929.0,2939.8896
2018-02-23 18:00:00,2961.0,2981.7258
2018-02-23 19:00:00,2933.0,2986.3206
2018-02-23 20:00:00,2855.0,2924.5068
2018-02-23 21:00:00,2752.0,2803.8762
2018-02-23 22:00:00,2637.0,2622.747
2018-02-23 23:00:00,2490.0,2497.7292
2018-02-24 00:00:00,2356.0,2354.1995
2018-02-24 01:00:00,2268.0,2263.2874
2018-02-24 02:00:00,2232.0,2192.4517
2018-02-24 03:00:00,2231.0,2185.6675
2018-02-24 04:00:00,2234.0,2244.6396
2018-02-24 05:00:00,2290.0,2307.7263
2018-02-24 06:00:00,2410.0,2384.827
2018-02-24 07:00:00,2530.0,2504.329
2018-02-24 08:00:00,2666.0,2624.8945
2018-02-24 09:00:00,2755.0,2748.4531
2018-02-24 10:00:00,2856.0,2817.6743
2018-02-24 11:00:00,2825.0,2886.177
2018-02-24 12:00:00,2801.0,2791.0305
2018-02-24 13:00:00,2720.0,2762.8643
2018-02-24 14:00:00,2682.0,2660.4858
2018-02-24 15:00:00,2655.0,2636.4084
2018-02-24 16:00:00,2678.0,2658.432
2018-02-24 17:00:00,2770.0,2710.9832
2018-02-24 18:00:00,2844.0,2841.5574
2018-02-24 19:00:00,2837.0,2838.043
2018-02-24 20:00:00,2799.0,2817.5776
2018-02-24 21:00:00,2740.0,2751.6194
2018-02-24 22:00:00,2637.0,2606.0664
2018-02-24 23:00:00,2532.0,2492.4028
2018-02-25 00:00:00,2414.0,2393.2136
2018-02-25 01:00:00,2328.0,2305.4204
2018-02-25 02:00:00,2247.0,2254.5818
2018-02-25 03:00:00,2224.0,2214.8755
2018-02-25 04:00:00,2211.0,2210.4456
2018-02-25 05:00:00,2230.0,2241.347
2018-02-25 06:00:00,2277.0,2299.1453
2018-02-25 07:00:00,2376.0,2359.2148
2018-02-25 08:00:00,2510.0,2489.5183
2018-02-25 09:00:00,2639.0,2624.152
2018-02-25 10:00:00,2731.0,2712.1125
2018-02-25 11:00:00,2683.0,2742.7878
2018-02-25 12:00:00,2706.0,2663.151
2018-02-25 13:00:00,2668.0,2669.797
2018-02-25 14:00:00,2638.0,2614.9873
2018-02-25 15:00:00,2667.0,2604.7095
2018-02-25 16:00:00,2703.0,2690.3152
2018-02-25 17:00:00,2783.0,2762.7668
2018-02-25 18:00:00,2940.0,2866.652
2018-02-25 19:00:00,3004.0,2986.5837
2018-02-25 20:00:00,2990.0,2993.5393
2018-02-25 21:00:00,2893.0,2896.6924
2018-02-25 22:00:00,2744.0,2734.7957
2018-02-25 23:00:00,2606.0,2573.8062
2018-02-26 00:00:00,2511.0,2489.5732
2018-02-26 01:00:00,2492.0,2449.2766
2018-02-26 02:00:00,2486.0,2473.7603
2018-02-26 03:00:00,2524.0,2501.9365
2018-02-26 04:00:00,2624.0,2595.9067
2018-02-26 05:00:00,2841.0,2843.135
2018-02-26 06:00:00,3181.0,3188.9917
2018-02-26 07:00:00,3290.0,3376.104
2018-02-26 08:00:00,3245.0,3284.65
2018-02-26 09:00:00,3130.0,3220.108
2018-02-26 10:00:00,3084.0,3098.9783
2018-02-26 11:00:00,3002.0,3014.1548
2018-02-26 12:00:00,2977.0,2963.3796
2018-02-26 13:00:00,2929.0,2945.0005
2018-02-26 14:00:00,2874.0,2903.049
2018-02-26 15:00:00,2857.0,2853.7693
2018-02-26 16:00:00,2837.0,2866.015
2018-02-26 17:00:00,2868.0,2880.8315
2018-02-26 18:00:00,2974.0,2966.9443
2018-02-26 19:00:00,3121.0,3058.353
2018-02-26 20:00:00,3108.0,3112.2778
2018-02-26 21:00:00,3027.0,2999.1956
2018-02-26 22:00:00,2840.0,2856.4387
2018-02-26 23:00:00,2736.0,2652.9333
2018-02-27 00:00:00,2662.0,2639.1392
2018-02-27 01:00:00,2611.0,2605.2976
2018-02-27 02:00:00,2602.0,2610.0366
2018-02-27 03:00:00,2612.0,2612.0764
2018-02-27 04:00:00,2707.0,2676.3088
2018-02-27 05:00:00,2887.0,2905.4019
2018-02-27 06:00:00,3197.0,3172.166
2018-02-27 07:00:00,3268.0,3331.0325
2018-02-27 08:00:00,3200.0,3237.835
2018-02-27 09:00:00,3090.0,3165.3596
2018-02-27 10:00:00,3020.0,3059.128
2018-02-27 11:00:00,2956.0,2966.5603
2018-02-27 12:00:00,2908.0,2926.0337
2018-02-27 13:00:00,2858.0,2886.955
2018-02-27 14:00:00,2778.0,2833.4954
2018-02-27 15:00:00,2819.0,2761.0698
2018-02-27 16:00:00,2824.0,2853.3508
2018-02-27 17:00:00,2840.0,2893.686
2018-02-27 18:00:00,2966.0,2931.132
2018-02-27 19:00:00,3036.0,3064.9392
2018-02-27 20:00:00,3027.0,3052.9988
2018-02-27 21:00:00,2915.0,2930.397
2018-02-27 22:00:00,2730.0,2776.3262
2018-02-27 23:00:00,2576.0,2572.6248
2018-02-28 00:00:00,2472.0,2468.4546
2018-02-28 01:00:00,2393.0,2409.6597
2018-02-28 02:00:00,2336.0,2358.5405
2018-02-28 03:00:00,2350.0,2339.3135
2018-02-28 04:00:00,2413.0,2385.3079
2018-02-28 05:00:00,2595.0,2578.947
2018-02-28 06:00:00,2875.0,2912.102
2018-02-28 07:00:00,3015.0,3064.2039
2018-02-28 08:00:00,2994.0,3015.515
2018-02-28 09:00:00,2990.0,2970.605
2018-02-28 10:00:00,2991.0,2981.3203
2018-02-28 11:00:00,3001.0,2966.3733
2018-02-28 12:00:00,2987.0,2980.311
2018-02-28 13:00:00,2974.0,2963.4119
2018-02-28 14:00:00,2974.0,2947.361
2018-02-28 15:00:00,2934.0,2954.3567
2018-02-28 16:00:00,2956.0,2929.2512
2018-02-28 17:00:00,2986.0,3008.4695
2018-02-28 18:00:00,3087.0,3073.8464
2018-02-28 19:00:00,3078.0,3133.3013
2018-02-28 20:00:00,3041.0,3067.2354
2018-02-28 21:00:00,2924.0,2927.7512
2018-02-28 22:00:00,2740.0,2746.5754
2018-02-28 23:00:00,2565.0,2546.0256
2018-03-01 00:00:00,2441.0,2431.4556
2018-03-01 01:00:00,2357.0,2358.5317
2018-03-01 02:00:00,2310.0,2315.3972
2018-03-01 03:00:00,2319.0,2316.2507
2018-03-01 04:00:00,2350.0,2370.322
2018-03-01 05:00:00,2518.0,2507.6204
2018-03-01 06:00:00,2789.0,2816.2703
2018-03-01 07:00:00,2950.0,2950.0386
2018-03-01 08:00:00,2947.0,2974.679
2018-03-01 09:00:00,2959.0,2948.0894
2018-03-01 10:00:00,2990.0,2983.1309
2018-03-01 11:00:00,2987.0,2979.5554
2018-03-01 12:00:00,2987.0,2975.1643
2018-03-01 13:00:00,2984.0,2981.1355
2018-03-01 14:00:00,2958.0,2973.49
2018-03-01 15:00:00,2920.0,2942.676
2018-03-01 16:00:00,3011.0,2900.7944
2018-03-01 17:00:00,3079.0,3058.4958
2018-03-01 18:00:00,3158.0,3123.6963
2018-03-01 19:00:00,3209.0,3179.8132
2018-03-01 20:00:00,3185.0,3202.5146
2018-03-01 21:00:00,3055.0,3079.1362
2018-03-01 22:00:00,2902.0,2874.0996
2018-03-01 23:00:00,2746.0,2703.485
2018-03-02 00:00:00,2647.0,2637.5596
2018-03-02 01:00:00,2594.0,2563.7507
2018-03-02 02:00:00,2576.0,2561.023
2018-03-02 03:00:00,2595.0,2582.7202
2018-03-02 04:00:00,2691.0,2669.1704
2018-03-02 05:00:00,2905.0,2884.2583
2018-03-02 06:00:00,3197.0,3208.1377
2018-03-02 07:00:00,3311.0,3348.8923
2018-03-02 08:00:00,3247.0,3302.4622
2018-03-02 09:00:00,3198.0,3195.519
2018-03-02 10:00:00,3155.0,3174.7676
2018-03-02 11:00:00,3094.0,3105.7952
2018-03-02 12:00:00,3019.0,3056.1838
2018-03-02 13:00:00,2970.0,2970.2085
2018-03-02 14:00:00,2929.0,2913.0479
2018-03-02 15:00:00,2854.0,2886.7437
2018-03-02 16:00:00,2840.0,2833.165
2018-03-02 17:00:00,2857.0,2843.5347
2018-03-02 18:00:00,2957.0,2907.5447
2018-03-02 19:00:00,3074.0,3058.1746
2018-03-02 20:00:00,3027.0,3100.6572
2018-03-02 21:00:00,2999.0,2948.5195
2018-03-02 22:00:00,2912.0,2878.7896
2018-03-02 23:00:00,2787.0,2781.7324
2018-03-03 00:00:00,2703.0,2694.8154
2018-03-03 01:00:00,2664.0,2670.458
2018-03-03 02:00:00,2636.0,2633.6016
2018-03-03 03:00:00,2650.0,2640.6924
2018-03-03 04:00:00,2700.0,2689.1814
2018-03-03 05:00:00,2792.0,2802.8008
2018-03-03 06:00:00,2918.0,2946.9807
2018-03-03 07:00:00,2992.0,3024.8472
2018-03-03 08:00:00,3015.0,3032.805
2018-03-03 09:00:00,2970.0,2998.405
2018-03-03 10:00:00,2922.0,2933.7893
2018-03-03 11:00:00,2849.0,2860.4768
2018-03-03 12:00:00,2782.0,2790.5122
2018-03-03 13:00:00,2698.0,2717.578
2018-03-03 14:00:00,2623.0,2647.6716
2018-03-03 15:00:00,2562.0,2590.6438
2018-03-03 16:00:00,2574.0,2564.7192
2018-03-03 17:00:00,2612.0,2641.24
2018-03-03 18:00:00,2742.0,2720.8706
2018-03-03 19:00:00,2886.0,2840.3562
2018-03-03 20:00:00,2889.0,2942.0288
2018-03-03 21:00:00,2852.0,2835.534
2018-03-03 22:00:00,2782.0,2722.5454
2018-03-03 23:00:00,2692.0,2658.5872
2018-03-04 00:00:00,2616.0,2595.6707
2018-03-04 01:00:00,2571.0,2548.9158
2018-03-04 02:00:00,2553.0,2557.1445
2018-03-04 03:00:00,2555.0,2531.6392
2018-03-04 04:00:00,2582.0,2587.7341
2018-03-04 05:00:00,2657.0,2647.6924
2018-03-04 06:00:00,2750.0,2758.51
2018-03-04 07:00:00,2827.0,2812.2908
2018-03-04 08:00:00,2877.0,2857.6807
2018-03-04 09:00:00,2865.0,2909.3083
2018-03-04 10:00:00,2810.0,2860.9138
2018-03-04 11:00:00,2762.0,2782.5596
2018-03-04 12:00:00,2718.0,2718.5144
2018-03-04 13:00:00,2647.0,2670.9214
2018-03-04 14:00:00,2596.0,2600.825
2018-03-04 15:00:00,2570.0,2581.4602
2018-03-04 16:00:00,2587.0,2590.525
2018-03-04 17:00:00,2664.0,2667.1792
2018-03-04 18:00:00,2812.0,2751.141
2018-03-04 19:00:00,2994.0,2894.2063
2018-03-04 20:00:00,2986.0,3036.5588
2018-03-04 21:00:00,2923.0,2899.7532
2018-03-04 22:00:00,2771.0,2791.5088
2018-03-04 23:00:00,2676.0,2618.8042
2018-03-05 00:00:00,2603.0,2580.631
2018-03-05 01:00:00,2585.0,2571.8555
2018-03-05 02:00:00,2593.0,2593.1548
2018-03-05 03:00:00,2620.0,2627.2512
2018-03-05 04:00:00,2734.0,2710.366
2018-03-05 05:00:00,2943.0,2921.9392
2018-03-05 06:00:00,3258.0,3205.0212
2018-03-05 07:00:00,3374.0,3421.4966
2018-03-05 08:00:00,3434.0,3333.6453
2018-03-05 09:00:00,3414.0,3409.6426
2018-03-05 10:00:00,3359.0,3397.3398
2018-03-05 11:00:00,3328.0,3307.5671
2018-03-05 12:00:00,3253.0,3310.728
2018-03-05 13:00:00,3196.0,3230.367
2018-03-05 14:00:00,3122.0,3176.0447
2018-03-05 15:00:00,3059.0,3103.6716
2018-03-05 16:00:00,3050.0,3062.5415
2018-03-05 17:00:00,3148.0,3083.3877
2018-03-05 18:00:00,3249.0,3252.7588
2018-03-05 19:00:00,3313.0,3304.8506
2018-03-05 20:00:00,3261.0,3359.2056
2018-03-05 21:00:00,3136.0,3168.1755
2018-03-05 22:00:00,2949.0,2943.083
2018-03-05 23:00:00,2763.0,2763.3123
2018-03-06 00:00:00,2650.0,2639.982
2018-03-06 01:00:00,2582.0,2557.9229
2018-03-06 02:00:00,2551.0,2552.0063
2018-03-06 03:00:00,2532.0,2563.7827
2018-03-06 04:00:00,2596.0,2562.0232
2018-03-06 05:00:00,2757.0,2767.0579
2018-03-06 06:00:00,3079.0,3056.7258
2018-03-06 07:00:00,3168.0,3244.1047
2018-03-06 08:00:00,3112.0,3169.7622
2018-03-06 09:00:00,3022.0,3075.004
2018-03-06 10:00:00,3006.0,2976.7463
2018-03-06 11:00:00,2959.0,2965.4824
2018-03-06 12:00:00,2920.0,2929.3708
2018-03-06 13:00:00,2893.0,2897.9385
2018-03-06 14:00:00,2858.0,2857.6528
2018-03-06 15:00:00,2834.0,2834.8262
2018-03-06 16:00:00,2845.0,2829.7153
2018-03-06 17:00:00,2907.0,2869.32
2018-03-06 18:00:00,3038.0,2994.2148
2018-03-06 19:00:00,3140.0,3091.4211
2018-03-06 20:00:00,3105.0,3139.194
2018-03-06 21:00:00,3002.0,2989.0952
2018-03-06 22:00:00,2820.0,2828.4346
2018-03-06 23:00:00,2665.0,2642.4238
2018-03-07 00:00:00,2583.0,2533.013
2018-03-07 01:00:00,2546.0,2535.4746
2018-03-07 02:00:00,2541.0,2557.662
2018-03-07 03:00:00,2556.0,2550.4075
2018-03-07 04:00:00,2663.0,2629.97
2018-03-07 05:00:00,2871.0,2868.427
2018-03-07 06:00:00,3180.0,3192.0735
2018-03-07 07:00:00,3308.0,3353.0698
2018-03-07 08:00:00,3352.0,3308.6272
2018-03-07 09:00:00,3365.0,3355.84
2018-03-07 10:00:00,3372.0,3339.3142
2018-03-07 11:00:00,3340.0,3345.9895
2018-03-07 12:00:00,3300.0,3321.3845
2018-03-07 13:00:00,3261.0,3275.3474
2018-03-07 14:00:00,3280.0,3220.55
2018-03-07 15:00:00,3258.0,3285.1426
2018-03-07 16:00:00,3274.0,3277.2664
2018-03-07 17:00:00,3322.0,3317.6963
2018-03-07 18:00:00,3422.0,3388.5195
2018-03-07 19:00:00,3482.0,3446.0935
2018-03-07 20:00:00,3442.0,3488.3435
2018-03-07 21:00:00,3340.0,3363.8403
2018-03-07 22:00:00,3140.0,3164.5107
2018-03-07 23:00:00,2986.0,2949.9204
2018-03-08 00:00:00,2898.0,2861.834
2018-03-08 01:00:00,2851.0,2853.7021
2018-03-08 02:00:00,2822.0,2834.2756
2018-03-08 03:00:00,2848.0,2842.9458
2018-03-08 04:00:00,2932.0,2941.3875
2018-03-08 05:00:00,3092.0,3109.2603
2018-03-08 06:00:00,3385.0,3382.7783
2018-03-08 07:00:00,3509.0,3565.5215
2018-03-08 08:00:00,3478.0,3490.8323
2018-03-08 09:00:00,3487.0,3462.0464
2018-03-08 10:00:00,3519.0,3477.9229
2018-03-08 11:00:00,3530.0,3493.365
2018-03-08 12:00:00,3501.0,3500.4485
2018-03-08 13:00:00,3490.0,3464.8892
2018-03-08 14:00:00,3500.0,3459.115
2018-03-08 15:00:00,3530.0,3476.9502
2018-03-08 16:00:00,3546.0,3554.1682
2018-03-08 17:00:00,3603.0,3594.1497
2018-03-08 18:00:00,3657.0,3662.684
2018-03-08 19:00:00,3691.0,3649.4526
2018-03-08 20:00:00,3641.0,3647.5183
2018-03-08 21:00:00,3518.0,3534.6104
2018-03-08 22:00:00,3338.0,3315.4343
2018-03-08 23:00:00,3171.0,3146.3467
2018-03-09 00:00:00,3046.0,3062.8933
2018-03-09 01:00:00,2984.0,2975.402
2018-03-09 02:00:00,2943.0,2970.936
2018-03-09 03:00:00,2930.0,2941.003
2018-03-09 04:00:00,3010.0,2976.268
2018-03-09 05:00:00,3208.0,3201.7053
2018-03-09 06:00:00,3489.0,3515.571
2018-03-09 07:00:00,3586.0,3624.8506
2018-03-09 08:00:00,3504.0,3582.5574
2018-03-09 09:00:00,3416.0,3441.6252
2018-03-09 10:00:00,3393.0,3363.766
2018-03-09 11:00:00,3344.0,3338.4272
2018-03-09 12:00:00,3271.0,3282.945
2018-03-09 13:00:00,3199.0,3225.9373
2018-03-09 14:00:00,3124.0,3153.0918
2018-03-09 15:00:00,3064.0,3070.106
2018-03-09 16:00:00,3051.0,3039.004
2018-03-09 17:00:00,3090.0,3077.5037
2018-03-09 18:00:00,3173.0,3160.3674
2018-03-09 19:00:00,3243.0,3252.8032
2018-03-09 20:00:00,3226.0,3281.6655
2018-03-09 21:00:00,3170.0,3174.7043
2018-03-09 22:00:00,3043.0,3032.8743
2018-03-09 23:00:00,2904.0,2891.2273
2018-03-10 00:00:00,2795.0,2793.2473
2018-03-10 01:00:00,2739.0,2731.2502
2018-03-10 02:00:00,2726.0,2705.4255
2018-03-10 03:00:00,2697.0,2720.221
2018-03-10 04:00:00,2745.0,2718.5518
2018-03-10 05:00:00,2812.0,2815.4026
2018-03-10 06:00:00,2946.0,2924.47
2018-03-10 07:00:00,3025.0,3036.2788
2018-03-10 08:00:00,3104.0,3077.9727
2018-03-10 09:00:00,3083.0,3124.4055
2018-03-10 10:00:00,3050.0,3036.0605
2018-03-10 11:00:00,2949.0,2973.5356
2018-03-10 12:00:00,2881.0,2870.9346
2018-03-10 13:00:00,2791.0,2803.8457
2018-03-10 14:00:00,2706.0,2720.908
2018-03-10 15:00:00,2642.0,2674.377
2018-03-10 16:00:00,2619.0,2640.2534
2018-03-10 17:00:00,2667.0,2633.228
2018-03-10 18:00:00,2784.0,2759.3875
2018-03-10 19:00:00,2939.0,2891.0251
2018-03-10 20:00:00,2940.0,2980.9404
2018-03-10 21:00:00,2924.0,2880.2925
2018-03-10 22:00:00,2834.0,2789.7727
2018-03-10 23:00:00,2728.0,2682.6199
2018-03-11 00:00:00,2656.0,2640.597
2018-03-11 01:00:00,2626.0,2580.588
2018-03-11 02:00:00,2618.0,2593.6956
2018-03-11 04:00:00,2619.0,2630.0828
2018-03-11 05:00:00,2691.0,2673.6318
2018-03-11 06:00:00,2802.0,2777.6455
2018-03-11 07:00:00,2878.0,2880.2925
2018-03-11 08:00:00,2937.0,2930.1306
2018-03-11 09:00:00,2971.0,2979.6184
2018-03-11 10:00:00,2978.0,2950.666
2018-03-11 11:00:00,2911.0,2939.3354
2018-03-11 12:00:00,2861.0,2871.7317
2018-03-11 13:00:00,2814.0,2802.7903
2018-03-11 14:00:00,2778.0,2769.1868
2018-03-11 15:00:00,2764.0,2743.488
2018-03-11 16:00:00,2752.0,2771.5151
2018-03-11 17:00:00,2843.0,2792.9006
2018-03-11 18:00:00,2936.0,2913.3992
2018-03-11 19:00:00,3056.0,3009.6958
2018-03-11 20:00:00,3133.0,3083.2996
2018-03-11 21:00:00,3066.0,3058.2349
2018-03-11 22:00:00,2928.0,2928.8877
2018-03-11 23:00:00,2798.0,2775.5208
2018-03-12 00:00:00,2696.0,2683.2815
2018-03-12 01:00:00,2643.0,2638.6782
2018-03-12 02:00:00,2655.0,2633.9155
2018-03-12 03:00:00,2682.0,2702.01
2018-03-12 04:00:00,2781.0,2779.864
2018-03-12 05:00:00,2954.0,3006.8118
2018-03-12 06:00:00,3286.0,3238.5168
2018-03-12 07:00:00,3494.0,3472.7546
2018-03-12 08:00:00,3488.0,3466.9373
2018-03-12 09:00:00,3398.0,3471.8118
2018-03-12 10:00:00,3331.0,3373.9355
2018-03-12 11:00:00,3272.0,3261.9802
2018-03-12 12:00:00,3262.0,3217.5403
2018-03-12 13:00:00,3265.0,3236.1267
2018-03-12 14:00:00,3203.0,3248.1519
2018-03-12 15:00:00,3211.0,3173.1829
2018-03-12 16:00:00,3218.0,3216.2766
2018-03-12 17:00:00,3313.0,3261.7898
2018-03-12 18:00:00,3338.0,3411.8618
2018-03-12 19:00:00,3363.0,3376.6277
2018-03-12 20:00:00,3436.0,3348.0977
2018-03-12 21:00:00,3343.0,3359.1885
2018-03-12 22:00:00,3177.0,3164.3308
2018-03-12 23:00:00,3016.0,2988.8567
2018-03-13 00:00:00,2909.0,2911.4634
2018-03-13 01:00:00,2868.0,2841.6106
2018-03-13 02:00:00,2859.0,2838.7935
2018-03-13 03:00:00,2884.0,2879.455
2018-03-13 04:00:00,2948.0,2969.148
2018-03-13 05:00:00,3151.0,3104.3142
2018-03-13 06:00:00,3472.0,3445.5315
2018-03-13 07:00:00,3617.0,3621.4805
2018-03-13 08:00:00,3587.0,3547.3313
2018-03-13 09:00:00,3553.0,3527.9507
2018-03-13 10:00:00,3475.0,3512.5242
2018-03-13 11:00:00,3365.0,3395.4277
2018-03-13 12:00:00,3324.0,3285.062
2018-03-13 13:00:00,3328.0,3264.0706
2018-03-13 14:00:00,3362.0,3306.2744
2018-03-13 15:00:00,3349.0,3344.5427
2018-03-13 16:00:00,3342.0,3352.8337
2018-03-13 17:00:00,3374.0,3376.32
2018-03-13 18:00:00,3398.0,3432.2986
2018-03-13 19:00:00,3474.0,3417.2532
2018-03-13 20:00:00,3610.0,3466.7131
2018-03-13 21:00:00,3511.0,3551.767
2018-03-13 22:00:00,3333.0,3311.5784
2018-03-13 23:00:00,3163.0,3150.7148
2018-03-14 00:00:00,3050.0,3054.1604
2018-03-14 01:00:00,3019.0,2985.2236
2018-03-14 02:00:00,3005.0,3012.5898
2018-03-14 03:00:00,3018.0,3026.2776
2018-03-14 04:00:00,3093.0,3084.2993
2018-03-14 05:00:00,3267.0,3267.947
2018-03-14 06:00:00,3563.0,3576.2634
2018-03-14 07:00:00,3716.0,3708.1985
2018-03-14 08:00:00,3712.0,3712.1106
2018-03-14 09:00:00,3704.0,3671.932
2018-03-14 10:00:00,3691.0,3673.54
2018-03-14 11:00:00,3673.0,3624.2024
2018-03-14 12:00:00,3605.0,3613.6455
2018-03-14 13:00:00,3532.0,3549.5374
2018-03-14 14:00:00,3425.0,3479.4446
2018-03-14 15:00:00,3308.0,3355.4448
2018-03-14 16:00:00,3279.0,3275.1345
2018-03-14 17:00:00,3233.0,3297.3264
2018-03-14 18:00:00,3225.0,3257.7598
2018-03-14 19:00:00,3317.0,3279.999
2018-03-14 20:00:00,3484.0,3420.47
2018-03-14 21:00:00,3441.0,3384.9788
2018-03-14 22:00:00,3269.0,3286.9294
2018-03-14 23:00:00,3100.0,3079.022
2018-03-15 00:00:00,2978.0,2975.1938
2018-03-15 01:00:00,2917.0,2925.9287
2018-03-15 02:00:00,2880.0,2883.7842
2018-03-15 03:00:00,2854.0,2883.2922
2018-03-15 04:00:00,2903.0,2910.4438
2018-03-15 05:00:00,3072.0,3056.024
2018-03-15 06:00:00,3380.0,3328.3213
2018-03-15 07:00:00,3524.0,3539.4536
2018-03-15 08:00:00,3460.0,3486.3567
2018-03-15 09:00:00,3343.0,3419.5674
2018-03-15 10:00:00,3285.0,3294.419
2018-03-15 11:00:00,3216.0,3191.784
2018-03-15 12:00:00,3135.0,3148.6748
2018-03-15 13:00:00,3093.0,3074.3933
2018-03-15 14:00:00,3036.0,3029.1577
2018-03-15 15:00:00,3006.0,2986.9106
2018-03-15 16:00:00,2934.0,2992.0383
2018-03-15 17:00:00,2914.0,2931.641
2018-03-15 18:00:00,2916.0,2927.3066
2018-03-15 19:00:00,2980.0,2972.0747
2018-03-15 20:00:00,3133.0,3065.601
2018-03-15 21:00:00,3090.0,3097.5024
2018-03-15 22:00:00,2928.0,2946.5132
2018-03-15 23:00:00,2798.0,2745.475
2018-03-16 00:00:00,2697.0,2670.8938
2018-03-16 01:00:00,2653.0,2633.8804
2018-03-16 02:00:00,2673.0,2629.6677
2018-03-16 03:00:00,2713.0,2692.8198
2018-03-16 04:00:00,2808.0,2807.0461
2018-03-16 05:00:00,3001.0,3018.28
2018-03-16 06:00:00,3349.0,3298.4702
2018-03-16 07:00:00,3558.0,3479.346
2018-03-16 08:00:00,3548.0,3544.8726
2018-03-16 09:00:00,3492.0,3532.1213
2018-03-16 10:00:00,3400.0,3461.9648
2018-03-16 11:00:00,3315.0,3336.3174
2018-03-16 12:00:00,3227.0,3254.8096
2018-03-16 13:00:00,3145.0,3171.2417
2018-03-16 14:00:00,3065.0,3084.9714
2018-03-16 15:00:00,2956.0,3016.018
2018-03-16 16:00:00,2941.0,2917.182
2018-03-16 17:00:00,2912.0,2945.277
2018-03-16 18:00:00,2920.0,2935.7842
2018-03-16 19:00:00,2964.0,2989.3882
2018-03-16 20:00:00,3113.0,3040.768
2018-03-16 21:00:00,3089.0,3085.3772
2018-03-16 22:00:00,2996.0,2983.2761
2018-03-16 23:00:00,2880.0,2849.0415
2018-03-17 00:00:00,2744.0,2780.2344
2018-03-17 01:00:00,2704.0,2674.6855
2018-03-17 02:00:00,2653.0,2665.3796
2018-03-17 03:00:00,2639.0,2636.4329
2018-03-17 04:00:00,2652.0,2659.0193
2018-03-17 05:00:00,2734.0,2690.7598
2018-03-17 06:00:00,2842.0,2842.8523
2018-03-17 07:00:00,2985.0,2946.1423
2018-03-17 08:00:00,3042.0,3072.5679
2018-03-17 09:00:00,3149.0,3075.1196
2018-03-17 10:00:00,3180.0,3163.0884
2018-03-17 11:00:00,3174.0,3154.0337
2018-03-17 12:00:00,3140.0,3135.005
2018-03-17 13:00:00,3103.0,3079.8228
2018-03-17 14:00:00,3028.0,3038.8032
2018-03-17 15:00:00,2965.0,2972.125
2018-03-17 16:00:00,2923.0,2942.672
2018-03-17 17:00:00,2912.0,2912.679
2018-03-17 18:00:00,2897.0,2923.1516
2018-03-17 19:00:00,2941.0,2934.1125
2018-03-17 20:00:00,2996.0,3039.6865
2018-03-17 21:00:00,2939.0,2969.8267
2018-03-17 22:00:00,2816.0,2836.208
2018-03-17 23:00:00,2718.0,2684.3716
2018-03-18 00:00:00,2600.0,2612.855
2018-03-18 01:00:00,2521.0,2533.6946
2018-03-18 02:00:00,2491.0,2475.5537
2018-03-18 03:00:00,2516.0,2465.0273
2018-03-18 04:00:00,2558.0,2551.9272
2018-03-18 05:00:00,2630.0,2631.9722
2018-03-18 06:00:00,2763.0,2749.1665
2018-03-18 07:00:00,2856.0,2890.97
2018-03-18 08:00:00,2922.0,2954.5752
2018-03-18 09:00:00,2932.0,2971.6238
2018-03-18 10:00:00,2858.0,2932.7573
2018-03-18 11:00:00,2787.0,2801.9253
2018-03-18 12:00:00,2707.0,2713.1248
2018-03-18 13:00:00,2650.0,2646.1028
2018-03-18 14:00:00,2588.0,2592.9944
2018-03-18 15:00:00,2544.0,2554.2896
2018-03-18 16:00:00,2522.0,2575.498
2018-03-18 17:00:00,2560.0,2574.568
2018-03-18 18:00:00,2583.0,2650.897
2018-03-18 19:00:00,2650.0,2713.4
2018-03-18 20:00:00,2838.0,2800.96
2018-03-18 21:00:00,2811.0,2809.4265
2018-03-18 22:00:00,2702.0,2677.1296
2018-03-18 23:00:00,2570.0,2553.7268
2018-03-19 00:00:00,2490.0,2461.6067
2018-03-19 01:00:00,2451.0,2448.3005
2018-03-19 02:00:00,2464.0,2433.8442
2018-03-19 03:00:00,2489.0,2501.324
2018-03-19 04:00:00,2532.0,2595.4897
2018-03-19 05:00:00,2717.0,2697.9744
2018-03-19 06:00:00,3021.0,3047.6687
2018-03-19 07:00:00,3227.0,3194.4727
2018-03-19 08:00:00,3205.0,3229.682
2018-03-19 09:00:00,3149.0,3178.1785
2018-03-19 10:00:00,3080.0,3126.8882
2018-03-19 11:00:00,3014.0,3031.711
2018-03-19 12:00:00,2977.0,2969.862
2018-03-19 13:00:00,2959.0,2944.1392
2018-03-19 14:00:00,2916.0,2924.7205
2018-03-19 15:00:00,2885.0,2894.482
2018-03-19 16:00:00,2858.0,2868.853
2018-03-19 17:00:00,2881.0,2868.906
2018-03-19 18:00:00,2921.0,2936.3804
2018-03-19 19:00:00,2961.0,3025.782
2018-03-19 20:00:00,3036.0,3056.1982
2018-03-19 21:00:00,2948.0,2927.3716
2018-03-19 22:00:00,2781.0,2756.9824
2018-03-19 23:00:00,2646.0,2581.9631
2018-03-20 00:00:00,2549.0,2529.6245
2018-03-20 01:00:00,2510.0,2494.8584
2018-03-20 02:00:00,2510.0,2500.092
2018-03-20 03:00:00,2536.0,2530.013
2018-03-20 04:00:00,2611.0,2619.6917
2018-03-20 05:00:00,2813.0,2823.6204
2018-03-20 06:00:00,3141.0,3114.2898
2018-03-20 07:00:00,3324.0,3310.9893
2018-03-20 08:00:00,3355.0,3319.4832
2018-03-20 09:00:00,3352.0,3329.748
2018-03-20 10:00:00,3374.0,3333.6125
2018-03-20 11:00:00,3374.0,3346.473
2018-03-20 12:00:00,3344.0,3347.0515
2018-03-20 13:00:00,3336.0,3307.6772
2018-03-20 14:00:00,3308.0,3317.0662
2018-03-20 15:00:00,3287.0,3282.0098
2018-03-20 16:00:00,3252.0,3284.669
2018-03-20 17:00:00,3266.0,3261.6274
2018-03-20 18:00:00,3294.0,3303.5642
2018-03-20 19:00:00,3346.0,3324.5793
2018-03-20 20:00:00,3382.0,3370.9255
2018-03-20 21:00:00,3307.0,3302.1953
2018-03-20 22:00:00,3170.0,3130.9385
2018-03-20 23:00:00,3009.0,2964.0447
2018-03-21 00:00:00,2919.0,2905.0925
2018-03-21 01:00:00,2886.0,2856.472
2018-03-21 02:00:00,2852.0,2858.7742
2018-03-21 03:00:00,2849.0,2865.0674
2018-03-21 04:00:00,2922.0,2911.9702
2018-03-21 05:00:00,3086.0,3104.932
2018-03-21 06:00:00,3325.0,3377.3289
2018-03-21 07:00:00,3486.0,3510.3577
2018-03-21 08:00:00,3544.0,3500.6174
2018-03-21 09:00:00,3588.0,3569.0903
2018-03-21 10:00:00,3636.0,3623.829
2018-03-21 11:00:00,3600.0,3640.3547
2018-03-21 12:00:00,3585.0,3559.004
2018-03-21 13:00:00,3603.0,3547.2122
2018-03-21 14:00:00,3564.0,3557.197
2018-03-21 15:00:00,3508.0,3516.1138
2018-03-21 16:00:00,3480.0,3493.518
2018-03-21 17:00:00,3444.0,3528.3352
2018-03-21 18:00:00,3427.0,3454.9075
2018-03-21 19:00:00,3425.0,3416.0493
2018-03-21 20:00:00,3512.0,3409.2454
2018-03-21 21:00:00,3405.0,3429.6653
2018-03-21 22:00:00,3214.0,3238.8289
2018-03-21 23:00:00,3040.0,3041.9797
2018-03-22 00:00:00,2934.0,2920.9045
2018-03-22 01:00:00,2878.0,2863.0962
2018-03-22 02:00:00,2859.0,2844.0994
2018-03-22 03:00:00,2889.0,2868.8008
2018-03-22 04:00:00,2967.0,2966.5898
2018-03-22 05:00:00,3176.0,3156.2903
2018-03-22 06:00:00,3477.0,3497.7498
2018-03-22 07:00:00,3681.0,3610.6255
2018-03-22 08:00:00,3607.0,3673.9187
2018-03-22 09:00:00,3497.0,3570.5898
2018-03-22 10:00:00,3419.0,3450.7383
2018-03-22 11:00:00,3363.0,3341.3362
2018-03-22 12:00:00,3342.0,3287.6318
2018-03-22 13:00:00,3258.0,3294.8386
2018-03-22 14:00:00,3219.0,3202.0217
2018-03-22 15:00:00,3112.0,3188.862
2018-03-22 16:00:00,3033.0,3097.1199
2018-03-22 17:00:00,3009.0,3060.0647
2018-03-22 18:00:00,3027.0,3026.1694
2018-03-22 19:00:00,3084.0,3065.5642
2018-03-22 20:00:00,3290.0,3139.1023
2018-03-22 21:00:00,3252.0,3225.4338
2018-03-22 22:00:00,3124.0,3117.3518
2018-03-22 23:00:00,2995.0,2922.5796
2018-03-23 00:00:00,2876.0,2897.5225
2018-03-23 01:00:00,2835.0,2809.1956
2018-03-23 02:00:00,2813.0,2798.2402
2018-03-23 03:00:00,2869.0,2808.9272
2018-03-23 04:00:00,2890.0,2972.9866
2018-03-23 05:00:00,3062.0,3029.6975
2018-03-23 06:00:00,3326.0,3313.998
2018-03-23 07:00:00,3464.0,3474.3555
2018-03-23 08:00:00,3470.0,3448.4512
2018-03-23 09:00:00,3383.0,3443.8828
2018-03-23 10:00:00,3309.0,3355.0876
2018-03-23 11:00:00,3211.0,3222.3938
2018-03-23 12:00:00,3125.0,3136.6123
2018-03-23 13:00:00,3079.0,3051.7373
2018-03-23 14:00:00,2996.0,3004.9202
2018-03-23 15:00:00,2921.0,2933.3733
2018-03-23 16:00:00,2847.0,2868.9849
2018-03-23 17:00:00,2805.0,2840.7869
2018-03-23 18:00:00,2809.0,2813.0203
2018-03-23 19:00:00,2868.0,2867.034
2018-03-23 20:00:00,3016.0,2996.5103
2018-03-23 21:00:00,2978.0,3023.8574
2018-03-23 22:00:00,2889.0,2855.728
2018-03-23 23:00:00,2781.0,2753.571
2018-03-24 00:00:00,2689.0,2643.5864
2018-03-24 01:00:00,2637.0,2632.9617
2018-03-24 02:00:00,2619.0,2602.5173
2018-03-24 03:00:00,2620.0,2601.3108
2018-03-24 04:00:00,2636.0,2645.6924
2018-03-24 05:00:00,2681.0,2693.599
2018-03-24 06:00:00,2803.0,2788.7385
2018-03-24 07:00:00,2930.0,2913.9707
2018-03-24 08:00:00,3061.0,2975.6948
2018-03-24 09:00:00,3176.0,3077.9705
2018-03-24 10:00:00,3271.0,3185.9136
2018-03-24 11:00:00,3301.0,3270.7644
2018-03-24 12:00:00,3324.0,3281.0369
2018-03-24 13:00:00,3280.0,3302.5938
2018-03-24 14:00:00,3210.0,3227.6448
2018-03-24 15:00:00,3192.0,3164.9524
2018-03-24 16:00:00,3197.0,3188.7004
2018-03-24 17:00:00,3221.0,3221.5137
2018-03-24 18:00:00,3167.0,3271.4216
2018-03-24 19:00:00,3175.0,3172.8206
2018-03-24 20:00:00,3207.0,3185.1858
2018-03-24 21:00:00,3131.0,3145.457
2018-03-24 22:00:00,2988.0,3002.5703
2018-03-24 23:00:00,2860.0,2843.764
2018-03-25 00:00:00,2776.0,2739.7246
2018-03-25 01:00:00,2711.0,2688.9148
2018-03-25 02:00:00,2698.0,2679.4734
2018-03-25 03:00:00,2701.0,2687.6301
2018-03-25 04:00:00,2722.0,2729.823
2018-03-25 05:00:00,2796.0,2795.3145
2018-03-25 06:00:00,2909.0,2903.907
2018-03-25 07:00:00,3003.0,3027.448
2018-03-25 08:00:00,3047.0,3097.4788
2018-03-25 09:00:00,3076.0,3073.6702
2018-03-25 10:00:00,3026.0,3061.192
2018-03-25 11:00:00,2962.0,2966.553
2018-03-25 12:00:00,2899.0,2902.7507
2018-03-25 13:00:00,2847.0,2831.0574
2018-03-25 14:00:00,2781.0,2790.0698
2018-03-25 15:00:00,2724.0,2747.6775
2018-03-25 16:00:00,2706.0,2737.564
2018-03-25 17:00:00,2736.0,2736.162
2018-03-25 18:00:00,2744.0,2793.2087
2018-03-25 19:00:00,2796.0,2837.927
2018-03-25 20:00:00,3022.0,2933.176
2018-03-25 21:00:00,3005.0,2989.4792
2018-03-25 22:00:00,2900.0,2897.415
2018-03-25 23:00:00,2775.0,2768.6833
2018-03-26 00:00:00,2685.0,2655.7488
2018-03-26 01:00:00,2634.0,2628.8062
2018-03-26 02:00:00,2625.0,2626.9482
2018-03-26 03:00:00,2638.0,2650.365
2018-03-26 04:00:00,2726.0,2725.8538
2018-03-26 05:00:00,2897.0,2913.6272
2018-03-26 06:00:00,3141.0,3172.8052
2018-03-26 07:00:00,3305.0,3323.4978
2018-03-26 08:00:00,3331.0,3330.3018
2018-03-26 09:00:00,3321.0,3317.5083
2018-03-26 10:00:00,3341.0,3309.7534
2018-03-26 11:00:00,3322.0,3313.0447
2018-03-26 12:00:00,3277.0,3289.1008
2018-03-26 13:00:00,3200.0,3234.882
2018-03-26 14:00:00,3110.0,3154.1035
2018-03-26 15:00:00,2988.0,3075.648
2018-03-26 16:00:00,2927.0,2964.8296
2018-03-26 17:00:00,2902.0,2910.031
2018-03-26 18:00:00,2891.0,2896.5576
2018-03-26 19:00:00,2930.0,2971.5747
2018-03-26 20:00:00,3058.0,3057.4937
2018-03-26 21:00:00,2978.0,3021.886
2018-03-26 22:00:00,2801.0,2806.802
2018-03-26 23:00:00,2637.0,2613.484
2018-03-27 00:00:00,2508.0,2521.0417
2018-03-27 01:00:00,2431.0,2429.3071
2018-03-27 02:00:00,2385.0,2402.4202
2018-03-27 03:00:00,2365.0,2387.682
2018-03-27 04:00:00,2396.0,2429.277
2018-03-27 05:00:00,2569.0,2545.385
2018-03-27 06:00:00,2811.0,2864.4653
2018-03-27 07:00:00,2982.0,2988.2363
2018-03-27 08:00:00,2997.0,3032.7585
2018-03-27 09:00:00,3021.0,3009.2388
2018-03-27 10:00:00,3078.0,3030.5125
2018-03-27 11:00:00,3043.0,3083.2202
2018-03-27 12:00:00,3052.0,3017.5112
2018-03-27 13:00:00,3052.0,3043.4763
2018-03-27 14:00:00,3009.0,3029.8804
2018-03-27 15:00:00,2973.0,2980.1565
2018-03-27 16:00:00,2970.0,2944.9338
2018-03-27 17:00:00,2982.0,2956.539
2018-03-27 18:00:00,2965.0,3008.303
2018-03-27 19:00:00,2994.0,2995.8162
2018-03-27 20:00:00,3015.0,3052.696
2018-03-27 21:00:00,2899.0,2916.431
2018-03-27 22:00:00,2712.0,2720.5518
2018-03-27 23:00:00,2550.0,2517.4707
2018-03-28 00:00:00,2431.0,2409.0024
2018-03-28 01:00:00,2334.0,2357.9988
2018-03-28 02:00:00,2276.0,2295.3198
2018-03-28 03:00:00,2279.0,2255.6257
2018-03-28 04:00:00,2329.0,2306.0525
2018-03-28 05:00:00,2469.0,2475.9229
2018-03-28 06:00:00,2726.0,2745.925
2018-03-28 07:00:00,2925.0,2917.363
2018-03-28 08:00:00,2942.0,3007.0032
2018-03-28 09:00:00,2998.0,2959.131
2018-03-28 10:00:00,3049.0,3035.4143
2018-03-28 11:00:00,3053.0,3045.6035
2018-03-28 12:00:00,3028.0,3048.7056
2018-03-28 13:00:00,3004.0,3004.7073
2018-03-28 14:00:00,3002.0,2975.9675
2018-03-28 15:00:00,2958.0,2969.0305
2018-03-28 16:00:00,2930.0,2942.0593
2018-03-28 17:00:00,2926.0,2916.6038
2018-03-28 18:00:00,2908.0,2914.5999
2018-03-28 19:00:00,2916.0,2938.453
2018-03-28 20:00:00,2968.0,2979.3013
2018-03-28 21:00:00,2870.0,2904.6506
2018-03-28 22:00:00,2735.0,2679.569
2018-03-28 23:00:00,2539.0,2535.5398
2018-03-29 00:00:00,2414.0,2400.7012
2018-03-29 01:00:00,2311.0,2315.732
2018-03-29 02:00:00,2271.0,2261.6687
2018-03-29 03:00:00,2239.0,2243.9592
2018-03-29 04:00:00,2300.0,2280.0527
2018-03-29 05:00:00,2455.0,2465.952
2018-03-29 06:00:00,2691.0,2758.8884
2018-03-29 07:00:00,2894.0,2874.3909
2018-03-29 08:00:00,2944.0,2959.6096
2018-03-29 09:00:00,2986.0,2975.715
2018-03-29 10:00:00,3009.0,3012.9575
2018-03-29 11:00:00,3007.0,3015.9038
2018-03-29 12:00:00,3000.0,2988.396
2018-03-29 13:00:00,3026.0,2976.4016
2018-03-29 14:00:00,2998.0,3010.4724
2018-03-29 15:00:00,2957.0,2971.4036
2018-03-29 16:00:00,2927.0,2937.8948
2018-03-29 17:00:00,2914.0,2914.7192
2018-03-29 18:00:00,2924.0,2901.4968
2018-03-29 19:00:00,2917.0,2962.1804
2018-03-29 20:00:00,2959.0,2956.2773
2018-03-29 21:00:00,2886.0,2910.2856
2018-03-29 22:00:00,2742.0,2700.8901
2018-03-29 23:00:00,2562.0,2542.6104
2018-03-30 00:00:00,2460.0,2413.6394
2018-03-30 01:00:00,2417.0,2370.5942
2018-03-30 02:00:00,2357.0,2389.285
2018-03-30 03:00:00,2365.0,2370.8928
2018-03-30 04:00:00,2416.0,2415.16
2018-03-30 05:00:00,2525.0,2607.0002
2018-03-30 06:00:00,2729.0,2783.1333
2018-03-30 07:00:00,2867.0,2919.1355
2018-03-30 08:00:00,2929.0,2935.266
2018-03-30 09:00:00,2987.0,2962.6052
2018-03-30 10:00:00,3039.0,3007.9353
2018-03-30 11:00:00,3013.0,3040.8157
2018-03-30 12:00:00,2954.0,2985.2559
2018-03-30 13:00:00,2930.0,2923.3042
2018-03-30 14:00:00,2892.0,2873.8018
2018-03-30 15:00:00,2866.0,2834.8787
2018-03-30 16:00:00,2799.0,2829.7563
2018-03-30 17:00:00,2773.0,2770.3716
2018-03-30 18:00:00,2712.0,2750.1125
2018-03-30 19:00:00,2727.0,2703.5027
2018-03-30 20:00:00,2852.0,2795.2683
2018-03-30 21:00:00,2873.0,2812.1067
2018-03-30 22:00:00,2779.0,2720.1255
2018-03-30 23:00:00,2694.0,2619.4216
2018-03-31 00:00:00,2594.0,2616.138
2018-03-31 01:00:00,2535.0,2507.717
2018-03-31 02:00:00,2520.0,2508.5203
2018-03-31 03:00:00,2514.0,2490.972
2018-03-31 04:00:00,2571.0,2553.6663
2018-03-31 05:00:00,2618.0,2655.6184
2018-03-31 06:00:00,2741.0,2759.8347
2018-03-31 07:00:00,2828.0,2841.429
2018-03-31 08:00:00,2892.0,2866.4224
2018-03-31 09:00:00,2884.0,2917.2976
2018-03-31 10:00:00,2833.0,2880.4998
2018-03-31 11:00:00,2760.0,2786.9736
2018-03-31 12:00:00,2694.0,2698.3774
2018-03-31 13:00:00,2613.0,2634.1382
2018-03-31 14:00:00,2555.0,2561.7305
2018-03-31 15:00:00,2510.0,2529.565
2018-03-31 16:00:00,2514.0,2515.453
2018-03-31 17:00:00,2577.0,2543.7366
2018-03-31 18:00:00,2604.0,2626.5088
2018-03-31 19:00:00,2665.0,2705.3833
2018-03-31 20:00:00,2740.0,2762.2249
2018-03-31 21:00:00,2714.0,2711.7483
2018-03-31 22:00:00,2593.0,2588.106
2018-03-31 23:00:00,2479.0,2428.6584
2018-04-01 00:00:00,2329.0,2370.0552
2018-04-01 01:00:00,2235.0,2255.8032
2018-04-01 02:00:00,2204.0,2188.9392
2018-04-01 03:00:00,2167.0,2174.1267
2018-04-01 04:00:00,2189.0,2187.1248
2018-04-01 05:00:00,2265.0,2258.2407
2018-04-01 06:00:00,2386.0,2360.2861
2018-04-01 07:00:00,2500.0,2475.2288
2018-04-01 08:00:00,2619.0,2581.4912
2018-04-01 09:00:00,2664.0,2683.2844
2018-04-01 10:00:00,2639.0,2651.5898
2018-04-01 11:00:00,2590.0,2602.9016
2018-04-01 12:00:00,2525.0,2551.804
2018-04-01 13:00:00,2463.0,2493.9856
2018-04-01 14:00:00,2406.0,2435.6062
2018-04-01 15:00:00,2357.0,2390.344
2018-04-01 16:00:00,2361.0,2371.506
2018-04-01 17:00:00,2370.0,2379.9219
2018-04-01 18:00:00,2415.0,2384.889
2018-04-01 19:00:00,2570.0,2457.178
2018-04-01 20:00:00,2709.0,2696.5012
2018-04-01 21:00:00,2715.0,2702.9263
2018-04-01 22:00:00,2651.0,2570.558
2018-04-01 23:00:00,2598.0,2487.65
2018-04-02 00:00:00,2528.0,2512.9536
2018-04-02 01:00:00,2476.0,2480.1223
2018-04-02 02:00:00,2476.0,2457.0088
2018-04-02 03:00:00,2500.0,2498.2063
2018-04-02 04:00:00,2592.0,2592.2993
2018-04-02 05:00:00,2759.0,2817.8296
2018-04-02 06:00:00,3063.0,3030.0151
2018-04-02 07:00:00,3235.0,3217.915
2018-04-02 08:00:00,3325.0,3239.1387
2018-04-02 09:00:00,3350.0,3333.6487
2018-04-02 10:00:00,3363.0,3343.9434
2018-04-02 11:00:00,3314.0,3316.3013
2018-04-02 12:00:00,3261.0,3291.6895
2018-04-02 13:00:00,3239.0,3234.977
2018-04-02 14:00:00,3167.0,3228.631
2018-04-02 15:00:00,3080.0,3149.2068
2018-04-02 16:00:00,3022.0,3074.8699
2018-04-02 17:00:00,2999.0,3008.8892
2018-04-02 18:00:00,3037.0,3007.278
2018-04-02 19:00:00,3042.0,3135.0364
2018-04-02 20:00:00,3166.0,3126.015
2018-04-02 21:00:00,3088.0,3105.408
2018-04-02 22:00:00,2905.0,2894.9539
2018-04-02 23:00:00,2738.0,2700.4167
2018-04-03 00:00:00,2608.0,2590.0298
2018-04-03 01:00:00,2526.0,2521.7905
2018-04-03 02:00:00,2484.0,2510.1934
2018-04-03 03:00:00,2473.0,2478.4827
2018-04-03 04:00:00,2506.0,2531.7283
2018-04-03 05:00:00,2650.0,2667.2507
2018-04-03 06:00:00,2905.0,2907.6035
2018-04-03 07:00:00,3079.0,3046.3271
2018-04-03 08:00:00,3090.0,3128.8337
2018-04-03 09:00:00,3083.0,3084.8452
2018-04-03 10:00:00,3086.0,3074.744
2018-04-03 11:00:00,3027.0,3066.9324
2018-04-03 12:00:00,3014.0,2986.741
2018-04-03 13:00:00,3004.0,2984.8145
2018-04-03 14:00:00,2988.0,2963.8552
2018-04-03 15:00:00,2959.0,2951.6802
2018-04-03 16:00:00,2970.0,2938.061
2018-04-03 17:00:00,3047.0,2973.2688
2018-04-03 18:00:00,2983.0,3092.6453
2018-04-03 19:00:00,2967.0,2997.3323
2018-04-03 20:00:00,2993.0,3017.6863
2018-04-03 21:00:00,2909.0,2929.7095
2018-04-03 22:00:00,2726.0,2736.359
2018-04-03 23:00:00,2523.0,2531.4094
2018-04-04 00:00:00,2372.0,2389.878
2018-04-04 01:00:00,2307.0,2289.169
2018-04-04 02:00:00,2267.0,2249.9207
2018-04-04 03:00:00,2302.0,2262.807
2018-04-04 04:00:00,2393.0,2370.146
2018-04-04 05:00:00,2614.0,2597.9216
2018-04-04 06:00:00,2952.0,2909.6091
2018-04-04 07:00:00,3183.0,3076.4663
2018-04-04 08:00:00,3257.0,3176.94
2018-04-04 09:00:00,3298.0,3274.438
2018-04-04 10:00:00,3335.0,3332.3833
2018-04-04 11:00:00,3319.0,3343.5234
2018-04-04 12:00:00,3332.0,3306.4895
2018-04-04 13:00:00,3298.0,3332.2449
2018-04-04 14:00:00,3270.0,3284.5278
2018-04-04 15:00:00,3297.0,3236.4343
2018-04-04 16:00:00,3296.0,3304.5305
2018-04-04 17:00:00,3345.0,3287.3142
2018-04-04 18:00:00,3337.0,3333.772
2018-04-04 19:00:00,3356.0,3312.9495
2018-04-04 20:00:00,3428.0,3334.9106
2018-04-04 21:00:00,3343.0,3371.3115
2018-04-04 22:00:00,3163.0,3149.5974
2018-04-04 23:00:00,3008.0,2917.1006
2018-04-05 00:00:00,2572.0,2841.592
2018-04-05 01:00:00,2502.0,2615.8098
2018-04-05 02:00:00,2465.0,2417.0286
2018-04-05 03:00:00,2509.0,2436.3352
2018-04-05 04:00:00,2594.0,2547.464
2018-04-05 05:00:00,2752.0,2790.8875
2018-04-05 06:00:00,3025.0,3026.6604
2018-04-05 07:00:00,3147.0,3210.4497
2018-04-05 08:00:00,3081.0,3226.989
2018-04-05 09:00:00,2996.0,3080.5068
2018-04-05 10:00:00,2923.0,2992.5977
2018-04-05 11:00:00,2857.0,2896.6814
2018-04-05 12:00:00,2771.0,2835.6575
2018-04-05 13:00:00,2715.0,2747.97
2018-04-05 14:00:00,2662.0,2702.4255
2018-04-05 15:00:00,2537.0,2659.7458
2018-04-05 16:00:00,2599.0,2567.2332
2018-04-05 17:00:00,2558.0,2648.008
2018-04-05 18:00:00,2553.0,2632.9126
2018-04-05 19:00:00,2586.0,2639.9746
2018-04-05 20:00:00,2733.0,2702.6943
2018-04-05 21:00:00,2721.0,2798.189
2018-04-05 22:00:00,2567.0,2621.7861
2018-04-05 23:00:00,2412.0,2452.445
2018-04-06 00:00:00,2610.0,2276.8687
2018-04-06 01:00:00,2551.0,2582.365
2018-04-06 02:00:00,2502.0,2611.0237
2018-04-06 03:00:00,2494.0,2536.865
2018-04-06 04:00:00,2546.0,2547.3994
2018-04-06 05:00:00,2716.0,2701.0864
2018-04-06 06:00:00,2987.0,2981.3997
2018-04-06 07:00:00,3132.0,3100.8347
2018-04-06 08:00:00,3159.0,3104.6453
2018-04-06 09:00:00,3113.0,3150.496
2018-04-06 10:00:00,3059.0,3076.85
2018-04-06 11:00:00,2998.0,3008.1294
2018-04-06 12:00:00,2944.0,2954.602
2018-04-06 13:00:00,2906.0,2890.925
2018-04-06 14:00:00,2855.0,2855.6924
2018-04-06 15:00:00,2826.0,2814.7825
2018-04-06 16:00:00,2821.0,2805.7036
2018-04-06 17:00:00,2829.0,2811.8547
2018-04-06 18:00:00,2808.0,2805.3994
2018-04-06 19:00:00,2867.0,2815.9683
2018-04-06 20:00:00,3004.0,2963.137
2018-04-06 21:00:00,2989.0,2964.9583
2018-04-06 22:00:00,2910.0,2856.1702
2018-04-06 23:00:00,2797.0,2758.3777
2018-04-07 00:00:00,2676.0,2675.872
2018-04-07 01:00:00,2658.0,2605.4153
2018-04-07 02:00:00,2668.0,2628.1504
2018-04-07 03:00:00,2669.0,2698.106
2018-04-07 04:00:00,2686.0,2718.7786
2018-04-07 05:00:00,2753.0,2772.5815
2018-04-07 06:00:00,2872.0,2882.7935
2018-04-07 07:00:00,3011.0,2960.7686
2018-04-07 08:00:00,3124.0,3039.4106
2018-04-07 09:00:00,3202.0,3142.4778
2018-04-07 10:00:00,3214.0,3217.312
2018-04-07 11:00:00,3162.0,3209.4763
2018-04-07 12:00:00,3055.0,3110.775
2018-04-07 13:00:00,2961.0,2994.1348
2018-04-07 14:00:00,2853.0,2903.1152
2018-04-07 15:00:00,2762.0,2785.2239
2018-04-07 16:00:00,2727.0,2741.8281
2018-04-07 17:00:00,2719.0,2740.6567
2018-04-07 18:00:00,2709.0,2731.502
2018-04-07 19:00:00,2754.0,2762.9802
2018-04-07 20:00:00,2917.0,2900.7146
2018-04-07 21:00:00,2935.0,2931.45
2018-04-07 22:00:00,2873.0,2806.155
2018-04-07 23:00:00,2779.0,2743.1716
2018-04-08 00:00:00,2687.0,2663.688
2018-04-08 01:00:00,2660.0,2638.0303
2018-04-08 02:00:00,2652.0,2629.3071
2018-04-08 03:00:00,2637.0,2655.181
2018-04-08 04:00:00,2657.0,2670.5645
2018-04-08 05:00:00,2741.0,2711.9465
2018-04-08 06:00:00,2862.0,2823.1455
2018-04-08 07:00:00,2927.0,2940.0625
2018-04-08 08:00:00,2958.0,2976.769
2018-04-08 09:00:00,2955.0,2951.9983
2018-04-08 10:00:00,2924.0,2911.95
2018-04-08 11:00:00,2881.0,2859.7117
2018-04-08 12:00:00,2827.0,2814.7024
2018-04-08 13:00:00,2768.0,2767.4
2018-04-08 14:00:00,2684.0,2722.1724
2018-04-08 15:00:00,2649.0,2641.2827
2018-04-08 16:00:00,2701.0,2658.316
2018-04-08 17:00:00,2742.0,2767.8809
2018-04-08 18:00:00,2772.0,2805.0354
2018-04-08 19:00:00,2862.0,2831.074
2018-04-08 20:00:00,2995.0,2972.0254
2018-04-08 21:00:00,2964.0,2944.0698
2018-04-08 22:00:00,2816.0,2839.8315
2018-04-08 23:00:00,2692.0,2666.4448
2018-04-09 00:00:00,2588.0,2577.2627
2018-04-09 01:00:00,2551.0,2544.1633
2018-04-09 02:00:00,2542.0,2547.7559
2018-04-09 03:00:00,2584.0,2549.9167
2018-04-09 04:00:00,2673.0,2656.675
2018-04-09 05:00:00,2878.0,2875.7559
2018-04-09 06:00:00,3203.0,3161.9932
2018-04-09 07:00:00,3339.0,3387.8918
2018-04-09 08:00:00,3293.0,3306.2
2018-04-09 09:00:00,3331.0,3232.0054
2018-04-09 10:00:00,3380.0,3327.3455
2018-04-09 11:00:00,3376.0,3358.7617
2018-04-09 12:00:00,3317.0,3345.183
2018-04-09 13:00:00,3280.0,3276.6165
2018-04-09 14:00:00,3202.0,3243.3467
2018-04-09 15:00:00,3136.0,3170.921
2018-04-09 16:00:00,3160.0,3128.105
2018-04-09 17:00:00,3196.0,3179.3174
2018-04-09 18:00:00,3122.0,3233.4895
2018-04-09 19:00:00,3129.0,3133.9832
2018-04-09 20:00:00,3249.0,3171.5276
2018-04-09 21:00:00,3140.0,3201.02
2018-04-09 22:00:00,3000.0,2932.6067
2018-04-09 23:00:00,2799.0,2795.8682
2018-04-10 00:00:00,2685.0,2634.8997
2018-04-10 01:00:00,2638.0,2585.8787
2018-04-10 02:00:00,2614.0,2632.567
2018-04-10 03:00:00,2635.0,2633.0046
2018-04-10 04:00:00,2729.0,2713.2883
2018-04-10 05:00:00,2953.0,2938.645
2018-04-10 06:00:00,3259.0,3284.6865
2018-04-10 07:00:00,3384.0,3429.16
2018-04-10 08:00:00,3336.0,3359.9146
2018-04-10 09:00:00,3214.0,3305.5864
2018-04-10 10:00:00,3163.0,3165.9585
2018-04-10 11:00:00,3133.0,3085.1697
2018-04-10 12:00:00,3126.0,3079.76
2018-04-10 13:00:00,3091.0,3074.1687
2018-04-10 14:00:00,3041.0,3041.561
2018-04-10 15:00:00,3006.0,2995.4248
2018-04-10 16:00:00,2986.0,2976.3987
2018-04-10 17:00:00,3031.0,2989.203
2018-04-10 18:00:00,3037.0,3115.3105
2018-04-10 19:00:00,3077.0,3092.9678
2018-04-10 20:00:00,3170.0,3137.8684
2018-04-10 21:00:00,3116.0,3105.1719
2018-04-10 22:00:00,2935.0,2938.7568
2018-04-10 23:00:00,2788.0,2724.9185
2018-04-11 00:00:00,2698.0,2615.6638
2018-04-11 01:00:00,2665.0,2624.1428
2018-04-11 02:00:00,2639.0,2659.3125
2018-04-11 03:00:00,2678.0,2680.3818
2018-04-11 04:00:00,2772.0,2759.7395
2018-04-11 05:00:00,2971.0,2972.3047
2018-04-11 06:00:00,3252.0,3264.1953
2018-04-11 07:00:00,3344.0,3384.3845
2018-04-11 08:00:00,3297.0,3331.6511
2018-04-11 09:00:00,3173.0,3241.698
2018-04-11 10:00:00,3132.0,3117.3818
2018-04-11 11:00:00,3034.0,3063.6394
2018-04-11 12:00:00,2999.0,2980.2039
2018-04-11 13:00:00,2957.0,2956.1128
2018-04-11 14:00:00,2910.0,2921.0994
2018-04-11 15:00:00,2844.0,2878.5947
2018-04-11 16:00:00,2805.0,2810.576
2018-04-11 17:00:00,2767.0,2821.3176
2018-04-11 18:00:00,2733.0,2785.4155
2018-04-11 19:00:00,2748.0,2772.9143
2018-04-11 20:00:00,2878.0,2878.917
2018-04-11 21:00:00,2855.0,2896.7285
2018-04-11 22:00:00,2663.0,2695.9375
2018-04-11 23:00:00,2475.0,2473.4617
2018-04-12 00:00:00,2336.0,2328.8362
2018-04-12 01:00:00,2257.0,2262.1396
2018-04-12 02:00:00,2207.0,2201.3916
2018-04-12 03:00:00,2205.0,2195.0308
2018-04-12 04:00:00,2259.0,2243.6255
2018-04-12 05:00:00,2431.0,2413.016
2018-04-12 06:00:00,2746.0,2665.2693
2018-04-12 07:00:00,2885.0,2896.8835
2018-04-12 08:00:00,2883.0,2909.3835
2018-04-12 09:00:00,2908.0,2889.57
2018-04-12 10:00:00,2924.0,2927.0703
2018-04-12 11:00:00,2907.0,2920.1465
2018-04-12 12:00:00,2911.0,2898.867
2018-04-12 13:00:00,2916.0,2907.1125
2018-04-12 14:00:00,2915.0,2899.6914
2018-04-12 15:00:00,2895.0,2895.6208
2018-04-12 16:00:00,2883.0,2870.667
2018-04-12 17:00:00,2849.0,2867.174
2018-04-12 18:00:00,2833.0,2819.0017
2018-04-12 19:00:00,2830.0,2837.3203
2018-04-12 20:00:00,2932.0,2928.441
2018-04-12 21:00:00,2910.0,2917.8916
2018-04-12 22:00:00,2694.0,2712.0261
2018-04-12 23:00:00,2469.0,2478.4536
2018-04-13 00:00:00,2326.0,2318.474
2018-04-13 01:00:00,2225.0,2230.9956
2018-04-13 02:00:00,2176.0,2177.1514
2018-04-13 03:00:00,2139.0,2165.205
2018-04-13 04:00:00,2172.0,2176.3135
2018-04-13 05:00:00,2310.0,2309.6865
2018-04-13 06:00:00,2570.0,2566.71
2018-04-13 07:00:00,2714.0,2739.8857
2018-04-13 08:00:00,2763.0,2795.5676
2018-04-13 09:00:00,2797.0,2828.9167
2018-04-13 10:00:00,2887.0,2852.2336
2018-04-13 11:00:00,2916.0,2909.7932
2018-04-13 12:00:00,2922.0,2917.6748
2018-04-13 13:00:00,2955.0,2908.661
2018-04-13 14:00:00,2966.0,2953.306
2018-04-13 15:00:00,2943.0,2942.6553
2018-04-13 16:00:00,2945.0,2912.4927
2018-04-13 17:00:00,2902.0,2918.1182
2018-04-13 18:00:00,2852.0,2853.7593
2018-04-13 19:00:00,2796.0,2826.38
2018-04-13 20:00:00,2856.0,2870.4446
2018-04-13 21:00:00,2836.0,2853.953
2018-04-13 22:00:00,2680.0,2671.2324
2018-04-13 23:00:00,2518.0,2494.4211
2018-04-14 00:00:00,2355.0,2361.2444
2018-04-14 01:00:00,2227.0,2245.3704
2018-04-14 02:00:00,2149.0,2165.3093
2018-04-14 03:00:00,2092.0,2111.9895
2018-04-14 04:00:00,2090.0,2090.55
2018-04-14 05:00:00,2128.0,2120.4348
2018-04-14 06:00:00,2229.0,2211.6663
2018-04-14 07:00:00,2281.0,2334.9192
2018-04-14 08:00:00,2441.0,2410.7012
2018-04-14 09:00:00,2533.0,2570.0015
2018-04-14 10:00:00,2602.0,2594.1216
2018-04-14 11:00:00,2692.0,2617.22
2018-04-14 12:00:00,2673.0,2708.0183
2018-04-14 13:00:00,2639.0,2669.011
2018-04-14 14:00:00,2632.0,2627.9219
2018-04-14 15:00:00,2616.0,2615.1045
2018-04-14 16:00:00,2600.0,2618.5437
2018-04-14 17:00:00,2613.0,2604.2253
2018-04-14 18:00:00,2598.0,2618.39
2018-04-14 19:00:00,2608.0,2603.7383
2018-04-14 20:00:00,2666.0,2690.0532
2018-04-14 21:00:00,2616.0,2644.6487
2018-04-14 22:00:00,2508.0,2480.4355
2018-04-14 23:00:00,2354.0,2339.7136
2018-04-15 00:00:00,2205.0,2223.314
2018-04-15 01:00:00,2119.0,2125.7148
2018-04-15 02:00:00,2066.0,2058.2673
2018-04-15 03:00:00,2018.0,2041.0646
2018-04-15 04:00:00,2022.0,1990.0671
2018-04-15 05:00:00,2039.0,2003.1262
2018-04-15 06:00:00,2105.0,2082.832
2018-04-15 07:00:00,2173.0,2149.754
2018-04-15 08:00:00,2314.0,2294.2935
2018-04-15 09:00:00,2443.0,2431.3225
2018-04-15 10:00:00,2512.0,2509.4214
2018-04-15 11:00:00,2548.0,2558.643
2018-04-15 12:00:00,2555.0,2578.4468
2018-04-15 13:00:00,2574.0,2574.2896
2018-04-15 14:00:00,2582.0,2578.7407
2018-04-15 15:00:00,2581.0,2586.8345
2018-04-15 16:00:00,2617.0,2611.3186
2018-04-15 17:00:00,2634.0,2688.9702
2018-04-15 18:00:00,2638.0,2657.1294
2018-04-15 19:00:00,2671.0,2677.4824
2018-04-15 20:00:00,2742.0,2760.3806
2018-04-15 21:00:00,2689.0,2709.1902
2018-04-15 22:00:00,2558.0,2539.7246
2018-04-15 23:00:00,2435.0,2383.3643
2018-04-16 00:00:00,2327.0,2298.6453
2018-04-16 01:00:00,2282.0,2224.2976
2018-04-16 02:00:00,2269.0,2217.741
2018-04-16 03:00:00,2291.0,2255.5557
2018-04-16 04:00:00,2370.0,2337.0557
2018-04-16 05:00:00,2599.0,2576.4094
2018-04-16 06:00:00,2927.0,2884.4395
2018-04-16 07:00:00,3150.0,3072.2922
2018-04-16 08:00:00,3248.0,3182.391
2018-04-16 09:00:00,3275.0,3296.796
2018-04-16 10:00:00,3312.0,3299.854
2018-04-16 11:00:00,3301.0,3307.5383
2018-04-16 12:00:00,3350.0,3283.3738
2018-04-16 13:00:00,3347.0,3355.3386
2018-04-16 14:00:00,3313.0,3341.261
2018-04-16 15:00:00,3304.0,3305.182
2018-04-16 16:00:00,3269.0,3294.0552
2018-04-16 17:00:00,3278.0,3239.116
2018-04-16 18:00:00,3347.0,3260.3242
2018-04-16 19:00:00,3371.0,3352.9082
2018-04-16 20:00:00,3403.0,3382.8657
2018-04-16 21:00:00,3333.0,3360.8684
2018-04-16 22:00:00,3141.0,3146.2988
2018-04-16 23:00:00,3003.0,2898.7239
2018-04-17 00:00:00,2901.0,2853.9404
2018-04-17 01:00:00,2824.0,2775.065
2018-04-17 02:00:00,2769.0,2753.232
2018-04-17 03:00:00,2775.0,2772.5283
2018-04-17 04:00:00,2838.0,2823.9065
2018-04-17 05:00:00,3010.0,2997.1924
2018-04-17 06:00:00,3296.0,3315.3289
2018-04-17 07:00:00,3425.0,3437.6355
2018-04-17 08:00:00,3419.0,3408.599
2018-04-17 09:00:00,3406.0,3385.3381
2018-04-17 10:00:00,3410.0,3384.7068
2018-04-17 11:00:00,3336.0,3379.0537
2018-04-17 12:00:00,3225.0,3291.7197
2018-04-17 13:00:00,3186.0,3185.0718
2018-04-17 14:00:00,3119.0,3146.1812
2018-04-17 15:00:00,3047.0,3061.4255
2018-04-17 16:00:00,2986.0,3012.8076
2018-04-17 17:00:00,2944.0,2997.3765
2018-04-17 18:00:00,2905.0,2947.9856
2018-04-17 19:00:00,2939.0,2954.8032
2018-04-17 20:00:00,3091.0,3039.711
2018-04-17 21:00:00,3099.0,3090.7292
2018-04-17 22:00:00,2964.0,2976.2463
2018-04-17 23:00:00,2813.0,2771.128
2018-04-18 00:00:00,2727.0,2654.7131
2018-04-18 01:00:00,2681.0,2648.1047
2018-04-18 02:00:00,2640.0,2674.3936
2018-04-18 03:00:00,2640.0,2675.5967
2018-04-18 04:00:00,2684.0,2706.711
2018-04-18 05:00:00,2844.0,2841.116
2018-04-18 06:00:00,3134.0,3120.5796
2018-04-18 07:00:00,3254.0,3282.233
2018-04-18 08:00:00,3231.0,3224.1165
2018-04-18 09:00:00,3196.0,3194.2053
2018-04-18 10:00:00,3131.0,3151.9097
2018-04-18 11:00:00,3046.0,3068.5676
2018-04-18 12:00:00,2987.0,2980.824
2018-04-18 13:00:00,2961.0,2930.2126
2018-04-18 14:00:00,2892.0,2917.551
2018-04-18 15:00:00,2859.0,2839.7476
2018-04-18 16:00:00,2830.0,2833.1833
2018-04-18 17:00:00,2799.0,2826.4553
2018-04-18 18:00:00,2811.0,2799.211
2018-04-18 19:00:00,2838.0,2865.5503
2018-04-18 20:00:00,2936.0,2945.4192
2018-04-18 21:00:00,2872.0,2939.7507
2018-04-18 22:00:00,2692.0,2732.491
2018-04-18 23:00:00,2504.0,2513.9468
2018-04-19 00:00:00,2401.0,2369.6292
2018-04-19 01:00:00,2340.0,2304.7651
2018-04-19 02:00:00,2332.0,2292.7292
2018-04-19 03:00:00,2365.0,2347.6526
2018-04-19 04:00:00,2443.0,2439.7693
2018-04-19 05:00:00,2655.0,2657.4475
2018-04-19 06:00:00,2964.0,2953.0933
2018-04-19 07:00:00,3166.0,3083.701
2018-04-19 08:00:00,3205.0,3140.827
2018-04-19 09:00:00,3234.0,3193.8276
2018-04-19 10:00:00,3246.0,3253.5332
2018-04-19 11:00:00,3225.0,3229.8057
2018-04-19 12:00:00,3155.0,3207.2278
2018-04-19 13:00:00,3081.0,3128.7085
2018-04-19 14:00:00,3026.0,3050.0635
2018-04-19 15:00:00,2951.0,2985.6992
2018-04-19 16:00:00,2914.0,2926.7605
2018-04-19 17:00:00,2859.0,2893.3943
2018-04-19 18:00:00,2819.0,2837.9507
2018-04-19 19:00:00,2841.0,2825.2515
2018-04-19 20:00:00,2947.0,2950.5188
2018-04-19 21:00:00,2983.0,2938.7485
2018-04-19 22:00:00,2856.0,2818.1177
2018-04-19 23:00:00,2680.0,2650.5647
2018-04-20 00:00:00,2594.0,2534.5862
2018-04-20 01:00:00,2544.0,2515.3352
2018-04-20 02:00:00,2514.0,2524.166
2018-04-20 03:00:00,2541.0,2521.8657
2018-04-20 04:00:00,2611.0,2590.8718
2018-04-20 05:00:00,2811.0,2805.5632
2018-04-20 06:00:00,3107.0,3102.408
2018-04-20 07:00:00,3225.0,3238.334
2018-04-20 08:00:00,3136.0,3199.9353
2018-04-20 09:00:00,3067.0,3091.1995
2018-04-20 10:00:00,2996.0,3018.0063
2018-04-20 11:00:00,2939.0,2943.439
2018-04-20 12:00:00,2881.0,2879.6968
2018-04-20 13:00:00,2837.0,2813.0327
2018-04-20 14:00:00,2793.0,2776.682
2018-04-20 15:00:00,2770.0,2745.8638
2018-04-20 16:00:00,2723.0,2741.0254
2018-04-20 17:00:00,2700.0,2703.1956
2018-04-20 18:00:00,2647.0,2685.7
2018-04-20 19:00:00,2631.0,2682.0974
2018-04-20 20:00:00,2726.0,2734.1807
2018-04-20 21:00:00,2748.0,2757.8008
2018-04-20 22:00:00,2647.0,2669.4375
2018-04-20 23:00:00,2523.0,2533.2751
2018-04-21 00:00:00,2418.0,2389.732
2018-04-21 01:00:00,2351.0,2342.9607
2018-04-21 02:00:00,2296.0,2290.067
2018-04-21 03:00:00,2310.0,2278.4258
2018-04-21 04:00:00,2367.0,2315.7927
2018-04-21 05:00:00,2466.0,2458.072
2018-04-21 06:00:00,2586.0,2595.1316
2018-04-21 07:00:00,2661.0,2669.7869
2018-04-21 08:00:00,2726.0,2732.8843
2018-04-21 09:00:00,2737.0,2761.3833
2018-04-21 10:00:00,2711.0,2738.6462
2018-04-21 11:00:00,2649.0,2666.2466
2018-04-21 12:00:00,2589.0,2598.089
2018-04-21 13:00:00,2522.0,2529.9485
2018-04-21 14:00:00,2500.0,2469.431
2018-04-21 15:00:00,2489.0,2470.1848
2018-04-21 16:00:00,2466.0,2485.4016
2018-04-21 17:00:00,2446.0,2492.1301
2018-04-21 18:00:00,2478.0,2474.8176
2018-04-21 19:00:00,2520.0,2505.0156
2018-04-21 20:00:00,2610.0,2653.0918
2018-04-21 21:00:00,2634.0,2650.8916
2018-04-21 22:00:00,2498.0,2541.581
2018-04-21 23:00:00,2390.0,2354.6133
2018-04-22 00:00:00,1002.0,2266.3708
2018-04-22 01:00:00,958.0,2016.3192
2018-04-22 02:00:00,921.0,1973.8281
2018-04-22 03:00:00,912.0,1966.0049
2018-04-22 04:00:00,907.0,1978.3282
2018-04-22 05:00:00,937.0,2036.2129
2018-04-22 06:00:00,1021.0,2082.1636
2018-04-22 07:00:00,1069.0,2116.5164
2018-04-22 08:00:00,1201.0,2173.0457
2018-04-22 09:00:00,1290.0,2171.7026
2018-04-22 10:00:00,1283.0,2169.122
2018-04-22 11:00:00,1261.0,2169.2031
2018-04-22 12:00:00,1253.0,2144.9778
2018-04-22 13:00:00,1235.0,2151.5417
2018-04-22 14:00:00,1227.0,2151.4822
2018-04-22 15:00:00,1213.0,2172.9036
2018-04-22 16:00:00,1252.0,2174.9746
2018-04-22 17:00:00,1279.0,2177.1602
2018-04-22 18:00:00,1290.0,2156.526
2018-04-22 19:00:00,1276.0,2165.7573
2018-04-22 20:00:00,1398.0,2222.0874
2018-04-22 21:00:00,1413.0,2115.083
2018-04-22 22:00:00,1268.0,2050.2102
2018-04-22 23:00:00,1096.0,2045.9425
2018-04-23 00:00:00,2218.0,2210.7778
2018-04-23 01:00:00,2138.0,2281.259
2018-04-23 02:00:00,2135.0,2171.6777
2018-04-23 03:00:00,2099.0,2163.8242
2018-04-23 04:00:00,2190.0,2152.0984
2018-04-23 05:00:00,2361.0,2375.1074
2018-04-23 06:00:00,2662.0,2621.5386
2018-04-23 07:00:00,2792.0,2783.3
2018-04-23 08:00:00,2850.0,2837.0386
2018-04-23 09:00:00,2868.0,2927.3567
2018-04-23 10:00:00,2903.0,2943.8906
2018-04-23 11:00:00,2938.0,2934.0876
2018-04-23 12:00:00,2933.0,2973.1946
2018-04-23 13:00:00,2907.0,2946.2437
2018-04-23 14:00:00,2891.0,2903.4297
2018-04-23 15:00:00,2866.0,2884.2651
2018-04-23 16:00:00,2883.0,2860.7588
2018-04-23 17:00:00,2940.0,2895.3718
2018-04-23 18:00:00,2948.0,2951.9087
2018-04-23 19:00:00,2915.0,2951.4968
2018-04-23 20:00:00,2964.0,2950.6753
2018-04-23 21:00:00,2887.0,2944.965
2018-04-23 22:00:00,2715.0,2713.9026
2018-04-23 23:00:00,2524.0,2498.7861
2018-04-24 00:00:00,1158.0,2364.1357
2018-04-24 01:00:00,1057.0,1996.351
2018-04-24 02:00:00,1039.0,1983.3899
2018-04-24 03:00:00,1020.0,1985.3656
2018-04-24 04:00:00,1071.0,2023.5863
2018-04-24 05:00:00,1223.0,2102.8416
2018-04-24 06:00:00,1516.0,2120.8994
2018-04-24 07:00:00,1628.0,2110.6692
2018-04-24 08:00:00,1612.0,2263.034
2018-04-24 09:00:00,1646.0,2264.5596
2018-04-24 10:00:00,1640.0,2273.1204
2018-04-24 11:00:00,1678.0,2258.6194
2018-04-24 12:00:00,1653.0,2270.221
2018-04-24 13:00:00,1663.0,2264.9233
2018-04-24 14:00:00,1641.0,2273.88
2018-04-24 15:00:00,1609.0,2270.121
2018-04-24 16:00:00,1654.0,2269.3396
2018-04-24 17:00:00,1659.0,2247.216
2018-04-24 18:00:00,1659.0,2235.784
2018-04-24 19:00:00,1621.0,2251.9329
2018-04-24 20:00:00,1707.0,2307.713
2018-04-24 21:00:00,1629.0,2223.599
2018-04-24 22:00:00,1451.0,2199.664
2018-04-24 23:00:00,1239.0,2048.0796
2018-04-25 00:00:00,2375.0,2187.817
2018-04-25 01:00:00,2281.0,2349.3555
2018-04-25 02:00:00,2247.0,2300.5479
2018-04-25 03:00:00,2216.0,2258.4878
2018-04-25 04:00:00,2276.0,2228.0293
2018-04-25 05:00:00,2457.0,2413.517
2018-04-25 06:00:00,2735.0,2692.0442
2018-04-25 07:00:00,2863.0,2845.1755
2018-04-25 08:00:00,2896.0,2892.974
2018-04-25 09:00:00,2923.0,2952.209
2018-04-25 10:00:00,2971.0,2983.6465
2018-04-25 11:00:00,2934.0,2996.5107
2018-04-25 12:00:00,2916.0,2951.206
2018-04-25 13:00:00,2866.0,2914.5168
2018-04-25 14:00:00,2847.0,2858.7688
2018-04-25 15:00:00,2824.0,2847.6729
2018-04-25 16:00:00,2787.0,2816.1694
2018-04-25 17:00:00,2791.0,2761.2432
2018-04-25 18:00:00,2737.0,2768.3535
2018-04-25 19:00:00,2724.0,2717.783
2018-04-25 20:00:00,2798.0,2811.1445
2018-04-25 21:00:00,2816.0,2805.0254
2018-04-25 22:00:00,2628.0,2658.147
2018-04-25 23:00:00,2454.0,2428.6873
2018-04-26 00:00:00,2327.0,2291.6133
2018-04-26 01:00:00,2271.0,2231.7605
2018-04-26 02:00:00,2223.0,2210.0605
2018-04-26 03:00:00,2251.0,2190.89
2018-04-26 04:00:00,2287.0,2292.5913
2018-04-26 05:00:00,2460.0,2457.1113
2018-04-26 06:00:00,2765.0,2737.3315
2018-04-26 07:00:00,2888.0,2892.0615
2018-04-26 08:00:00,2898.0,2910.5134
2018-04-26 09:00:00,2845.0,2903.2444
2018-04-26 10:00:00,2876.0,2860.8706
2018-04-26 11:00:00,2885.0,2874.239
2018-04-26 12:00:00,2885.0,2884.558
2018-04-26 13:00:00,2860.0,2872.9888
2018-04-26 14:00:00,2876.0,2837.922
2018-04-26 15:00:00,2849.0,2865.4363
2018-04-26 16:00:00,2817.0,2832.1062
2018-04-26 17:00:00,2806.0,2795.4656
2018-04-26 18:00:00,2751.0,2776.6357
2018-04-26 19:00:00,2745.0,2738.0576
2018-04-26 20:00:00,2833.0,2847.513
2018-04-26 21:00:00,2835.0,2853.3464
2018-04-26 22:00:00,2644.0,2667.5051
2018-04-26 23:00:00,2463.0,2448.4695
2018-04-27 00:00:00,2331.0,2316.8247
2018-04-27 01:00:00,2246.0,2252.8694
2018-04-27 02:00:00,2187.0,2198.1897
2018-04-27 03:00:00,2206.0,2168.5688
2018-04-27 04:00:00,2262.0,2228.8625
2018-04-27 05:00:00,2444.0,2452.7163
2018-04-27 06:00:00,2738.0,2723.4502
2018-04-27 07:00:00,2842.0,2851.0173
2018-04-27 08:00:00,2872.0,2851.6982
2018-04-27 09:00:00,2888.0,2885.884
2018-04-27 10:00:00,2898.0,2912.444
2018-04-27 11:00:00,2882.0,2886.6487
2018-04-27 12:00:00,2878.0,2863.0703
2018-04-27 13:00:00,2889.0,2853.574
2018-04-27 14:00:00,2868.0,2872.031
2018-04-27 15:00:00,2836.0,2835.2664
2018-04-27 16:00:00,2800.0,2803.2253
2018-04-27 17:00:00,2757.0,2750.461
2018-04-27 18:00:00,2687.0,2699.1812
2018-04-27 19:00:00,2639.0,2657.3843
2018-04-27 20:00:00,2676.0,2702.5688
2018-04-27 21:00:00,2694.0,2701.5588
2018-04-27 22:00:00,2564.0,2591.0916
2018-04-27 23:00:00,2401.0,2417.915
2018-04-28 00:00:00,2295.0,2258.4336
2018-04-28 01:00:00,2237.0,2205.576
2018-04-28 02:00:00,2170.0,2174.6978
2018-04-28 03:00:00,2150.0,2143.1511
2018-04-28 04:00:00,2179.0,2154.084
2018-04-28 05:00:00,2202.0,2252.014
2018-04-28 06:00:00,2308.0,2302.9248
2018-04-28 07:00:00,2406.0,2403.5178
2018-04-28 08:00:00,2538.0,2501.8613
2018-04-28 09:00:00,2639.0,2625.2302
2018-04-28 10:00:00,2720.0,2678.8577
2018-04-28 11:00:00,2732.0,2714.4204
2018-04-28 12:00:00,2680.0,2707.171
2018-04-28 13:00:00,2617.0,2645.165
2018-04-28 14:00:00,2561.0,2582.8286
2018-04-28 15:00:00,2532.0,2525.7227
2018-04-28 16:00:00,2499.0,2512.091
2018-04-28 17:00:00,2512.0,2500.0505
2018-04-28 18:00:00,2503.0,2506.0188
2018-04-28 19:00:00,2504.0,2507.1985
2018-04-28 20:00:00,2593.0,2589.2437
2018-04-28 21:00:00,2645.0,2609.473
2018-04-28 22:00:00,2566.0,2531.4185
2018-04-28 23:00:00,2473.0,2420.6133
2018-04-29 00:00:00,2348.0,2366.1072
2018-04-29 01:00:00,2276.0,2245.7537
2018-04-29 02:00:00,2265.0,2201.6057
2018-04-29 03:00:00,2267.0,2224.2017
2018-04-29 04:00:00,2303.0,2276.6782
2018-04-29 05:00:00,2358.0,2377.8477
2018-04-29 06:00:00,2450.0,2466.1392
2018-04-29 07:00:00,2492.0,2525.9536
2018-04-29 08:00:00,2554.0,2565.379
2018-04-29 09:00:00,2597.0,2594.721
2018-04-29 10:00:00,2579.0,2617.2612
2018-04-29 11:00:00,2549.0,2541.1406
2018-04-29 12:00:00,2504.0,2533.7156
2018-04-29 13:00:00,2447.0,2487.916
2018-04-29 14:00:00,2431.0,2417.8682
2018-04-29 15:00:00,2405.0,2422.3037
2018-04-29 16:00:00,2407.0,2417.253
2018-04-29 17:00:00,2451.0,2427.64
2018-04-29 18:00:00,2466.0,2461.503
2018-04-29 19:00:00,2487.0,2493.209
2018-04-29 20:00:00,2588.0,2599.4014
2018-04-29 21:00:00,2638.0,2622.618
2018-04-29 22:00:00,2507.0,2534.329
2018-04-29 23:00:00,2359.0,2346.5781
2018-04-30 00:00:00,2260.0,2258.4333
2018-04-30 01:00:00,2209.0,2204.9414
2018-04-30 02:00:00,2210.0,2177.4807
2018-04-30 03:00:00,2241.0,2209.8083
2018-04-30 04:00:00,2332.0,2315.1387
2018-04-30 05:00:00,2546.0,2538.6956
2018-04-30 06:00:00,2850.0,2864.3376
2018-04-30 07:00:00,2968.0,3001.1404
2018-04-30 08:00:00,2923.0,2983.815
2018-04-30 09:00:00,2876.0,2932.336
2018-04-30 10:00:00,2883.0,2883.8403
2018-04-30 11:00:00,2868.0,2875.4143
2018-04-30 12:00:00,2860.0,2858.8528
2018-04-30 13:00:00,2861.0,2852.3032
2018-04-30 14:00:00,2862.0,2849.7437
2018-04-30 15:00:00,2808.0,2847.4885
2018-04-30 16:00:00,2778.0,2794.4248
2018-04-30 17:00:00,2756.0,2746.7068
2018-04-30 18:00:00,2734.0,2735.0652
2018-04-30 19:00:00,2723.0,2743.5195
2018-04-30 20:00:00,2755.0,2827.617
2018-04-30 21:00:00,2756.0,2805.9421
2018-04-30 22:00:00,2576.0,2640.1597
2018-04-30 23:00:00,2358.0,2420.8933
2018-05-01 00:00:00,2212.0,2223.6362
2018-05-01 01:00:00,2154.0,2134.9368
2018-05-01 02:00:00,2111.0,2112.0208
2018-05-01 03:00:00,2112.0,2111.1472
2018-05-01 04:00:00,2168.0,2171.0117
2018-05-01 05:00:00,2344.0,2323.565
2018-05-01 06:00:00,2587.0,2603.0234
2018-05-01 07:00:00,2693.0,2736.4526
2018-05-01 08:00:00,2723.0,2742.9548
2018-05-01 09:00:00,2734.0,2776.8982
2018-05-01 10:00:00,2795.0,2790.3145
2018-05-01 11:00:00,2819.0,2823.5984
2018-05-01 12:00:00,2856.0,2845.2502
2018-05-01 13:00:00,2901.0,2882.569
2018-05-01 14:00:00,2924.0,2908.0046
2018-05-01 15:00:00,2945.0,2935.9521
2018-05-01 16:00:00,2951.0,2936.4248
2018-05-01 17:00:00,2966.0,2945.8782
2018-05-01 18:00:00,2956.0,2937.2002
2018-05-01 19:00:00,2924.0,2934.8794
2018-05-01 20:00:00,2960.0,2935.0723
2018-05-01 21:00:00,2960.0,2938.1418
2018-05-01 22:00:00,2757.0,2761.2722
2018-05-01 23:00:00,2525.0,2549.4841
2018-05-02 00:00:00,2334.0,2371.0977
2018-05-02 01:00:00,2227.0,2240.8315
2018-05-02 02:00:00,2139.0,2165.8796
2018-05-02 03:00:00,2115.0,2112.1072
2018-05-02 04:00:00,2127.0,2146.0046
2018-05-02 05:00:00,2281.0,2240.7256
2018-05-02 06:00:00,2545.0,2551.8845
2018-05-02 07:00:00,2706.0,2691.5903
2018-05-02 08:00:00,2782.0,2792.8198
2018-05-02 09:00:00,2880.0,2822.3245
2018-05-02 10:00:00,3015.0,2956.5012
2018-05-02 11:00:00,3109.0,3076.406
2018-05-02 12:00:00,3189.0,3177.3315
2018-05-02 13:00:00,3264.0,3243.4304
2018-05-02 14:00:00,3349.0,3306.678
2018-05-02 15:00:00,3394.0,3393.269
2018-05-02 16:00:00,3393.0,3441.025
2018-05-02 17:00:00,3390.0,3387.7222
2018-05-02 18:00:00,3366.0,3344.46
2018-05-02 19:00:00,3347.0,3336.9712
2018-05-02 20:00:00,3367.0,3338.4111
2018-05-02 21:00:00,3367.0,3356.4927
2018-05-02 22:00:00,3194.0,3149.5886
2018-05-02 23:00:00,2950.0,2928.4087
2018-05-03 00:00:00,2746.0,2740.6465
2018-05-03 01:00:00,2569.0,2587.2432
2018-05-03 02:00:00,2447.0,2465.4749
2018-05-03 03:00:00,2415.0,2370.2231
2018-05-03 04:00:00,2442.0,2404.8777
2018-05-03 05:00:00,2608.0,2562.2102
2018-05-03 06:00:00,2840.0,2862.0354
2018-05-03 07:00:00,3024.0,3014.6526
2018-05-03 08:00:00,3107.0,3153.7466
2018-05-03 09:00:00,3246.0,3194.935
2018-05-03 10:00:00,3364.0,3337.1917
2018-05-03 11:00:00,3409.0,3429.2803
2018-05-03 12:00:00,3345.0,3464.7393
2018-05-03 13:00:00,3422.0,3339.801
2018-05-03 14:00:00,3502.0,3457.3408
2018-05-03 15:00:00,3553.0,3549.664
2018-05-03 16:00:00,3603.0,3601.0847
2018-05-03 17:00:00,3566.0,3613.2588
2018-05-03 18:00:00,3460.0,3492.8328
2018-05-03 19:00:00,3383.0,3398.7083
2018-05-03 20:00:00,3406.0,3357.1714
2018-05-03 21:00:00,3363.0,3394.664
2018-05-03 22:00:00,3115.0,3150.279
2018-05-03 23:00:00,2876.0,2864.092
2018-05-04 00:00:00,2668.0,2631.4531
2018-05-04 01:00:00,2530.0,2496.1465
2018-05-04 02:00:00,2426.0,2431.4482
2018-05-04 03:00:00,2374.0,2373.901
2018-05-04 04:00:00,2407.0,2385.004
2018-05-04 05:00:00,2570.0,2534.8704
2018-05-04 06:00:00,2872.0,2823.0615
2018-05-04 07:00:00,3018.0,3038.0466
2018-05-04 08:00:00,3128.0,3130.6282
2018-05-04 09:00:00,3295.0,3252.1702
2018-05-04 10:00:00,3385.0,3393.1501
2018-05-04 11:00:00,3485.0,3459.9758
2018-05-04 12:00:00,3521.0,3544.1912
2018-05-04 13:00:00,3543.0,3571.4236
2018-05-04 14:00:00,3523.0,3570.8167
2018-05-04 15:00:00,3539.0,3500.956
2018-05-04 16:00:00,3471.0,3504.566
2018-05-04 17:00:00,3357.0,3404.2039
2018-05-04 18:00:00,3168.0,3257.9119
2018-05-04 19:00:00,3079.0,3075.3135
2018-05-04 20:00:00,3073.0,3010.0876
2018-05-04 21:00:00,3048.0,3045.9631
2018-05-04 22:00:00,2876.0,2884.4556
2018-05-04 23:00:00,2653.0,2687.9026
2018-05-05 00:00:00,2454.0,2458.16
2018-05-05 01:00:00,2318.0,2316.2947
2018-05-05 02:00:00,2209.0,2219.4072
2018-05-05 03:00:00,2167.0,2147.146
2018-05-05 04:00:00,2122.0,2153.4895
2018-05-05 05:00:00,2185.0,2167.897
2018-05-05 06:00:00,2247.0,2247.8362
2018-05-05 07:00:00,2319.0,2343.7122
2018-05-05 08:00:00,2476.0,2469.0498
2018-05-05 09:00:00,2564.0,2623.5754
2018-05-05 10:00:00,2643.0,2681.4795
2018-05-05 11:00:00,2659.0,2718.259
2018-05-05 12:00:00,2670.0,2717.8716
2018-05-05 13:00:00,2639.0,2736.4504
2018-05-05 14:00:00,2640.0,2691.4495
2018-05-05 15:00:00,2613.0,2675.8066
2018-05-05 16:00:00,2620.0,2643.0588
2018-05-05 17:00:00,2611.0,2630.9878
2018-05-05 18:00:00,2584.0,2606.2449
2018-05-05 19:00:00,2564.0,2576.3333
2018-05-05 20:00:00,2604.0,2597.5103
2018-05-05 21:00:00,2611.0,2624.6768
2018-05-05 22:00:00,2486.0,2510.2363
2018-05-05 23:00:00,2328.0,2341.4812
2018-05-06 00:00:00,2188.0,2196.409
2018-05-06 01:00:00,2099.0,2105.127
2018-05-06 02:00:00,2037.0,2050.485
2018-05-06 03:00:00,2011.0,2008.7748
2018-05-06 04:00:00,2000.0,1988.1732
2018-05-06 05:00:00,2026.0,2010.4857
2018-05-06 06:00:00,2075.0,2093.2012
2018-05-06 07:00:00,2123.0,2134.1372
2018-05-06 08:00:00,2250.0,2251.927
2018-05-06 09:00:00,2364.0,2371.9382
2018-05-06 10:00:00,2477.0,2446.576
2018-05-06 11:00:00,2553.0,2537.5632
2018-05-06 12:00:00,2621.0,2592.9998
2018-05-06 13:00:00,2677.0,2639.4167
2018-05-06 14:00:00,2752.0,2685.2612
2018-05-06 15:00:00,2823.0,2785.4846
2018-05-06 16:00:00,2891.0,2866.655
2018-05-06 17:00:00,2903.0,2949.4102
2018-05-06 18:00:00,2824.0,2911.7888
2018-05-06 19:00:00,2759.0,2807.49
2018-05-06 20:00:00,2755.0,2786.4448
2018-05-06 21:00:00,2770.0,2766.0752
2018-05-06 22:00:00,2609.0,2625.1985
2018-05-06 23:00:00,2416.0,2419.8115
2018-05-07 00:00:00,2272.0,2262.9832
2018-05-07 01:00:00,2189.0,2167.5923
2018-05-07 02:00:00,2109.0,2136.1433
2018-05-07 03:00:00,2112.0,2089.3313
2018-05-07 04:00:00,2168.0,2157.2976
2018-05-07 05:00:00,2326.0,2332.3845
2018-05-07 06:00:00,2592.0,2602.047
2018-05-07 07:00:00,2739.0,2761.2312
2018-05-07 08:00:00,2797.0,2816.2625
2018-05-07 09:00:00,2840.0,2904.5034
2018-05-07 10:00:00,2908.0,2926.3193
2018-05-07 11:00:00,2978.0,2958.5454
2018-05-07 12:00:00,3015.0,3012.317
2018-05-07 13:00:00,3038.0,3043.7131
2018-05-07 14:00:00,3083.0,3043.369
2018-05-07 15:00:00,3085.0,3086.3906
2018-05-07 16:00:00,3076.0,3088.8562
2018-05-07 17:00:00,3099.0,3064.4983
2018-05-07 18:00:00,3092.0,3084.1074
2018-05-07 19:00:00,3030.0,3081.8552
2018-05-07 20:00:00,3009.0,3033.1387
2018-05-07 21:00:00,2971.0,2972.854
2018-05-07 22:00:00,2747.0,2764.7378
2018-05-07 23:00:00,2523.0,2542.2717
2018-05-08 00:00:00,2344.0,2349.5107
2018-05-08 01:00:00,2244.0,2241.4834
2018-05-08 02:00:00,2177.0,2180.366
2018-05-08 03:00:00,2155.0,2156.6216
2018-05-08 04:00:00,2178.0,2180.44
2018-05-08 05:00:00,2316.0,2339.846
2018-05-08 06:00:00,2554.0,2599.1267
2018-05-08 07:00:00,2691.0,2717.9573
2018-05-08 08:00:00,2777.0,2821.671
2018-05-08 09:00:00,2819.0,2855.2332
2018-05-08 10:00:00,2903.0,2884.699
2018-05-08 11:00:00,2950.0,2946.9976
2018-05-08 12:00:00,2973.0,2998.2227
2018-05-08 13:00:00,3035.0,2995.4558
2018-05-08 14:00:00,3098.0,3058.8037
2018-05-08 15:00:00,3152.0,3135.0144
2018-05-08 16:00:00,3240.0,3180.752
2018-05-08 17:00:00,3283.0,3282.323
2018-05-08 18:00:00,3260.0,3286.844
2018-05-08 19:00:00,3202.0,3225.2896
2018-05-08 20:00:00,3164.0,3185.8423
2018-05-08 21:00:00,3137.0,3154.0603
2018-05-08 22:00:00,2899.0,2910.7114
2018-05-08 23:00:00,2622.0,2664.452
2018-05-09 00:00:00,2402.0,2420.6025
2018-05-09 01:00:00,2309.0,2282.8289
2018-05-09 02:00:00,2217.0,2233.3818
2018-05-09 03:00:00,2165.0,2182.1414
2018-05-09 04:00:00,2188.0,2206.0173
2018-05-09 05:00:00,2327.0,2328.5781
2018-05-09 06:00:00,2565.0,2592.0842
2018-05-09 07:00:00,2730.0,2737.642
2018-05-09 08:00:00,2862.0,2864.637
2018-05-09 09:00:00,2977.0,2973.801
2018-05-09 10:00:00,3107.0,3079.984
2018-05-09 11:00:00,3186.0,3193.5972
2018-05-09 12:00:00,3246.0,3266.8013
2018-05-09 13:00:00,3359.0,3305.5117
2018-05-09 14:00:00,3410.0,3422.7505
2018-05-09 15:00:00,3341.0,3477.102
2018-05-09 16:00:00,3364.0,3341.8052
2018-05-09 17:00:00,3423.0,3324.0466
2018-05-09 18:00:00,3368.0,3398.6982
2018-05-09 19:00:00,3262.0,3300.176
2018-05-09 20:00:00,3238.0,3226.6208
2018-05-09 21:00:00,3237.0,3218.27
2018-05-09 22:00:00,3043.0,3012.8262
2018-05-09 23:00:00,2779.0,2790.7383
2018-05-10 00:00:00,2614.0,2571.6677
2018-05-10 01:00:00,2483.0,2471.9893
2018-05-10 02:00:00,2393.0,2400.2334
2018-05-10 03:00:00,2335.0,2343.6052
2018-05-10 04:00:00,2318.0,2351.0864
2018-05-10 05:00:00,2476.0,2443.3174
2018-05-10 06:00:00,2752.0,2727.4204
2018-05-10 07:00:00,2918.0,2915.549
2018-05-10 08:00:00,3043.0,3033.1958
2018-05-10 09:00:00,3168.0,3167.6016
2018-05-10 10:00:00,3317.0,3282.0466
2018-05-10 11:00:00,3377.0,3421.2163
2018-05-10 12:00:00,3451.0,3443.945
2018-05-10 13:00:00,3507.0,3508.908
2018-05-10 14:00:00,3565.0,3550.9119
2018-05-10 15:00:00,3614.0,3586.2341
2018-05-10 16:00:00,3653.0,3647.0173
2018-05-10 17:00:00,3674.0,3665.7349
2018-05-10 18:00:00,3625.0,3628.4336
2018-05-10 19:00:00,3542.0,3558.2207
2018-05-10 20:00:00,3445.0,3497.169
2018-05-10 21:00:00,3405.0,3401.0276
2018-05-10 22:00:00,3152.0,3190.4158
2018-05-10 23:00:00,2880.0,2880.3428
2018-05-11 00:00:00,2621.0,2638.2834
2018-05-11 01:00:00,2462.0,2468.8347
2018-05-11 02:00:00,2354.0,2380.8213
2018-05-11 03:00:00,2292.0,2305.236
2018-05-11 04:00:00,2312.0,2304.1125
2018-05-11 05:00:00,2442.0,2441.9666
2018-05-11 06:00:00,2652.0,2700.9438
2018-05-11 07:00:00,2842.0,2813.4175
2018-05-11 08:00:00,2972.0,2971.2908
2018-05-11 09:00:00,3087.0,3102.0876
2018-05-11 10:00:00,3273.0,3242.2275
2018-05-11 11:00:00,3399.0,3370.093
2018-05-11 12:00:00,3556.0,3491.941
2018-05-11 13:00:00,3688.0,3672.2844
2018-05-11 14:00:00,3812.0,3772.276
2018-05-11 15:00:00,3907.0,3887.8655
2018-05-11 16:00:00,3944.0,3955.3987
2018-05-11 17:00:00,3928.0,3912.8284
2018-05-11 18:00:00,3819.0,3830.0874
2018-05-11 19:00:00,3659.0,3702.4531
2018-05-11 20:00:00,3548.0,3567.4463
2018-05-11 21:00:00,3519.0,3500.0903
2018-05-11 22:00:00,3361.0,3309.8965
2018-05-11 23:00:00,3108.0,3085.6682
2018-05-12 00:00:00,2863.0,2877.2708
2018-05-12 01:00:00,2675.0,2669.7368
2018-05-12 02:00:00,2536.0,2540.2915
2018-05-12 03:00:00,2465.0,2444.7324
2018-05-12 04:00:00,2425.0,2422.7444
2018-05-12 05:00:00,2455.0,2463.151
2018-05-12 06:00:00,2502.0,2509.9434
2018-05-12 07:00:00,2623.0,2616.8625
2018-05-12 08:00:00,2864.0,2802.6475
2018-05-12 09:00:00,3123.0,3076.78
2018-05-12 10:00:00,3348.0,3338.956
2018-05-12 11:00:00,3502.0,3492.076
2018-05-12 12:00:00,3574.0,3641.401
2018-05-12 13:00:00,3639.0,3672.7583
2018-05-12 14:00:00,3666.0,3692.0776
2018-05-12 15:00:00,3713.0,3693.7344
2018-05-12 16:00:00,3777.0,3739.0403
2018-05-12 17:00:00,3773.0,3783.126
2018-05-12 18:00:00,3705.0,3703.154
2018-05-12 19:00:00,3601.0,3603.1497
2018-05-12 20:00:00,3536.0,3512.8286
2018-05-12 21:00:00,3505.0,3469.94
2018-05-12 22:00:00,3304.0,3307.0198
2018-05-12 23:00:00,3046.0,3027.6663
2018-05-13 00:00:00,2814.0,2792.0127
2018-05-13 01:00:00,2626.0,2629.1013
2018-05-13 02:00:00,2483.0,2498.463
2018-05-13 03:00:00,2362.0,2386.3354
2018-05-13 04:00:00,2299.0,2291.7256
2018-05-13 05:00:00,2293.0,2297.0977
2018-05-13 06:00:00,2301.0,2316.9207
2018-05-13 07:00:00,2384.0,2372.4507
2018-05-13 08:00:00,2686.0,2599.1545
2018-05-13 09:00:00,2973.0,2929.338
2018-05-13 10:00:00,3208.0,3169.9578
2018-05-13 11:00:00,3402.0,3365.76
2018-05-13 12:00:00,3565.0,3546.9744
2018-05-13 13:00:00,3674.0,3700.585
2018-05-13 14:00:00,3772.0,3775.2034
2018-05-13 15:00:00,3866.0,3851.3203
2018-05-13 16:00:00,3933.0,3953.4978
2018-05-13 17:00:00,3961.0,3965.171
2018-05-13 18:00:00,3946.0,3927.0115
2018-05-13 19:00:00,3869.0,3860.4592
2018-05-13 20:00:00,3875.0,3775.9565
2018-05-13 21:00:00,3834.0,3815.2744
2018-05-13 22:00:00,3550.0,3623.7495
2018-05-13 23:00:00,3239.0,3260.3318
2018-05-14 00:00:00,2976.0,2965.9019
2018-05-14 01:00:00,2807.0,2771.508
2018-05-14 02:00:00,2678.0,2685.0903
2018-05-14 03:00:00,2604.0,2599.613
2018-05-14 04:00:00,2608.0,2607.148
2018-05-14 05:00:00,2753.0,2731.5388
2018-05-14 06:00:00,3007.0,2988.3743
2018-05-14 07:00:00,3199.0,3214.5786
2018-05-14 08:00:00,3382.0,3403.4263
2018-05-14 09:00:00,3596.0,3561.5117
2018-05-14 10:00:00,3860.0,3772.5964
2018-05-14 11:00:00,4082.0,4040.5068
2018-05-14 12:00:00,4260.0,4213.44
2018-05-14 13:00:00,4386.0,4322.6655
2018-05-14 14:00:00,4413.0,4452.274
2018-05-14 15:00:00,4432.0,4398.592
2018-05-14 16:00:00,4485.0,4408.41
2018-05-14 17:00:00,4456.0,4436.9546
2018-05-14 18:00:00,4460.0,4342.0547
2018-05-14 19:00:00,4451.0,4332.946
2018-05-14 20:00:00,4301.0,4292.007
2018-05-14 21:00:00,4169.0,4181.2017
2018-05-14 22:00:00,3874.0,3906.112
2018-05-14 23:00:00,3527.0,3539.325
2018-05-15 00:00:00,3238.0,3232.7627
2018-05-15 01:00:00,3032.0,3026.3943
2018-05-15 02:00:00,2904.0,2890.2832
2018-05-15 03:00:00,2797.0,2812.098
2018-05-15 04:00:00,2764.0,2787.006
2018-05-15 05:00:00,2882.0,2873.1501
2018-05-15 06:00:00,3117.0,3117.0127
2018-05-15 07:00:00,3313.0,3294.1858
2018-05-15 08:00:00,3486.0,3513.8547
2018-05-15 09:00:00,3663.0,3671.2341
2018-05-15 10:00:00,3856.0,3843.878
2018-05-15 11:00:00,4042.0,4057.626
2018-05-15 12:00:00,4192.0,4212.4717
2018-05-15 13:00:00,4338.0,4254.7417
2018-05-15 14:00:00,4462.0,4403.405
2018-05-15 15:00:00,4568.0,4534.0205
2018-05-15 16:00:00,4618.0,4638.0933
2018-05-15 17:00:00,4546.0,4611.7344
2018-05-15 18:00:00,4411.0,4418.332
2018-05-15 19:00:00,4226.0,4236.624
2018-05-15 20:00:00,4018.0,4066.9233
2018-05-15 21:00:00,3929.0,3959.2441
2018-05-15 22:00:00,3620.0,3680.5789
2018-05-15 23:00:00,3291.0,3288.9382
2018-05-16 00:00:00,3027.0,3028.6746
2018-05-16 01:00:00,2843.0,2837.292
2018-05-16 02:00:00,2711.0,2702.9924
2018-05-16 03:00:00,2631.0,2637.9133
2018-05-16 04:00:00,2634.0,2627.438
2018-05-16 05:00:00,2775.0,2750.018
2018-05-16 06:00:00,3020.0,3002.9014
2018-05-16 07:00:00,3149.0,3219.9731
2018-05-16 08:00:00,3243.0,3285.7278
2018-05-16 09:00:00,3370.0,3353.5273
2018-05-16 10:00:00,3510.0,3486.9453
2018-05-16 11:00:00,3595.0,3632.3506
2018-05-16 12:00:00,3683.0,3699.6418
2018-05-16 13:00:00,3704.0,3788.4705
2018-05-16 14:00:00,3686.0,3778.5574
2018-05-16 15:00:00,3679.0,3696.812
2018-05-16 16:00:00,3619.0,3721.511
2018-05-16 17:00:00,3488.0,3632.4844
2018-05-16 18:00:00,3473.0,3414.714
2018-05-16 19:00:00,3435.0,3387.321
2018-05-16 20:00:00,3388.0,3383.0884
2018-05-16 21:00:00,3381.0,3340.3577
2018-05-16 22:00:00,3164.0,3186.6865
2018-05-16 23:00:00,2895.0,2912.994
2018-05-17 00:00:00,2696.0,2700.5662
2018-05-17 01:00:00,2553.0,2542.1777
2018-05-17 02:00:00,2454.0,2444.7373
2018-05-17 03:00:00,2405.0,2404.2214
2018-05-17 04:00:00,2416.0,2411.4854
2018-05-17 05:00:00,2558.0,2537.13
2018-05-17 06:00:00,2787.0,2795.4563
2018-05-17 07:00:00,2974.0,2957.4812
2018-05-17 08:00:00,3123.0,3107.404
2018-05-17 09:00:00,3230.0,3263.1812
2018-05-17 10:00:00,3402.0,3324.0066
2018-05-17 11:00:00,3601.0,3495.844
2018-05-17 12:00:00,3721.0,3707.8816
2018-05-17 13:00:00,3821.0,3814.9604
2018-05-17 14:00:00,3905.0,3878.3706
2018-05-17 15:00:00,3888.0,3976.6465
2018-05-17 16:00:00,3832.0,3877.0369
2018-05-17 17:00:00,3706.0,3772.3096
2018-05-17 18:00:00,3559.0,3636.2017
2018-05-17 19:00:00,3472.0,3476.0522
2018-05-17 20:00:00,3464.0,3400.1538
2018-05-17 21:00:00,3428.0,3423.9485
2018-05-17 22:00:00,3204.0,3217.517
2018-05-17 23:00:00,2947.0,2904.7258
2018-05-18 00:00:00,2725.0,2709.4834
2018-05-18 01:00:00,2573.0,2564.8765
2018-05-18 02:00:00,2437.0,2473.212
2018-05-18 03:00:00,2389.0,2386.2812
2018-05-18 04:00:00,2397.0,2387.8816
2018-05-18 05:00:00,2532.0,2502.3657
2018-05-18 06:00:00,2789.0,2719.0186
2018-05-18 07:00:00,2975.0,2969.304
2018-05-18 08:00:00,3094.0,3121.3796
2018-05-18 09:00:00,3151.0,3262.4128
2018-05-18 10:00:00,3260.0,3258.8599
2018-05-18 11:00:00,3325.0,3323.5203
2018-05-18 12:00:00,3361.0,3361.8735
2018-05-18 13:00:00,3387.0,3381.883
2018-05-18 14:00:00,3430.0,3409.5273
2018-05-18 15:00:00,3447.0,3433.871
2018-05-18 16:00:00,3415.0,3448.1077
2018-05-18 17:00:00,3381.0,3388.1033
2018-05-18 18:00:00,3287.0,3312.4985
2018-05-18 19:00:00,3211.0,3211.799
2018-05-18 20:00:00,3194.0,3162.93
2018-05-18 21:00:00,3151.0,3178.3254
2018-05-18 22:00:00,3001.0,2977.783
2018-05-18 23:00:00,2801.0,2782.5652
2018-05-19 00:00:00,2605.0,2572.4873
2018-05-19 01:00:00,2474.0,2461.1792
2018-05-19 02:00:00,2354.0,2389.1152
2018-05-19 03:00:00,2277.0,2283.4714
2018-05-19 04:00:00,2267.0,2247.812
2018-05-19 05:00:00,2296.0,2279.3276
2018-05-19 06:00:00,2375.0,2312.9778
2018-05-19 07:00:00,2479.0,2485.3381
2018-05-19 08:00:00,2662.0,2630.519
2018-05-19 09:00:00,2787.0,2804.2163
2018-05-19 10:00:00,2913.0,2917.7236
2018-05-19 11:00:00,2993.0,2990.9338
2018-05-19 12:00:00,3081.0,3052.239
2018-05-19 13:00:00,3145.0,3120.6934
2018-05-19 14:00:00,3170.0,3168.5583
2018-05-19 15:00:00,3270.0,3181.7795
2018-05-19 16:00:00,3364.0,3303.3025
2018-05-19 17:00:00,3354.0,3380.463
2018-05-19 18:00:00,3356.0,3304.0317
2018-05-19 19:00:00,3281.0,3272.0283
2018-05-19 20:00:00,3187.0,3212.412
2018-05-19 21:00:00,3176.0,3160.235
2018-05-19 22:00:00,3006.0,3016.534
2018-05-19 23:00:00,2812.0,2781.1377
2018-05-20 00:00:00,2589.0,2602.987
2018-05-20 01:00:00,2441.0,2444.1082
2018-05-20 02:00:00,2324.0,2326.512
2018-05-20 03:00:00,2267.0,2247.674
2018-05-20 04:00:00,2223.0,2220.8757
2018-05-20 05:00:00,2231.0,2218.766
2018-05-20 06:00:00,2242.0,2233.689
2018-05-20 07:00:00,2333.0,2294.7615
2018-05-20 08:00:00,2572.0,2501.8252
2018-05-20 09:00:00,2815.0,2748.5469
2018-05-20 10:00:00,3038.0,3016.2798
2018-05-20 11:00:00,3238.0,3184.1228
2018-05-20 12:00:00,3416.0,3396.0042
2018-05-20 13:00:00,3541.0,3565.7793
2018-05-20 14:00:00,3687.0,3674.925
2018-05-20 15:00:00,3765.0,3799.3943
2018-05-20 16:00:00,3894.0,3852.2114
2018-05-20 17:00:00,4023.0,3969.3328
2018-05-20 18:00:00,3961.0,4022.1235
2018-05-20 19:00:00,3737.0,3875.339
2018-05-20 20:00:00,3573.0,3648.0808
2018-05-20 21:00:00,3476.0,3535.5754
2018-05-20 22:00:00,3242.0,3261.552
2018-05-20 23:00:00,2966.0,2988.6292
2018-05-21 00:00:00,2714.0,2728.1875
2018-05-21 01:00:00,2568.0,2553.9536
2018-05-21 02:00:00,2457.0,2465.5515
2018-05-21 03:00:00,2412.0,2393.19
2018-05-21 04:00:00,2426.0,2410.2532
2018-05-21 05:00:00,2569.0,2541.138
2018-05-21 06:00:00,2816.0,2790.56
2018-05-21 07:00:00,2981.0,3000.3086
2018-05-21 08:00:00,3110.0,3170.5571
2018-05-21 09:00:00,3286.0,3320.0857
2018-05-21 10:00:00,3477.0,3451.6328
2018-05-21 11:00:00,3669.0,3640.0698
2018-05-21 12:00:00,3874.0,3861.3113
2018-05-21 13:00:00,4072.0,4027.243
2018-05-21 14:00:00,4235.0,4182.1387
2018-05-21 15:00:00,4353.0,4271.7817
2018-05-21 16:00:00,4427.0,4395.552
2018-05-21 17:00:00,4452.0,4456.7544
2018-05-21 18:00:00,4341.0,4353.1963
2018-05-21 19:00:00,4178.0,4193.1304
2018-05-21 20:00:00,4031.0,4061.427
2018-05-21 21:00:00,3831.0,3955.829
2018-05-21 22:00:00,3467.0,3568.5532
2018-05-21 23:00:00,3159.0,3137.2673
2018-05-22 00:00:00,2907.0,2887.1675
2018-05-22 01:00:00,2739.0,2714.2375
2018-05-22 02:00:00,2621.0,2610.6934
2018-05-22 03:00:00,2550.0,2548.1956
2018-05-22 04:00:00,2585.0,2542.4236
2018-05-22 05:00:00,2709.0,2686.5115
2018-05-22 06:00:00,2973.0,2928.561
2018-05-22 07:00:00,3093.0,3168.3315
2018-05-22 08:00:00,3217.0,3262.37
2018-05-22 09:00:00,3301.0,3379.1238
2018-05-22 10:00:00,3472.0,3446.3394
2018-05-22 11:00:00,3631.0,3631.3523
2018-05-22 12:00:00,3794.0,3789.1995
2018-05-22 13:00:00,3952.0,3936.0837
2018-05-22 14:00:00,4115.0,4051.1536
2018-05-22 15:00:00,4229.0,4189.705
2018-05-22 16:00:00,4329.0,4266.996
2018-05-22 17:00:00,4374.0,4344.8037
2018-05-22 18:00:00,4216.0,4311.096
2018-05-22 19:00:00,4033.0,4081.6099
2018-05-22 20:00:00,3862.0,3916.233
2018-05-22 21:00:00,3797.0,3797.4746
2018-05-22 22:00:00,3507.0,3543.292
2018-05-22 23:00:00,3170.0,3151.003
2018-05-23 00:00:00,2899.0,2886.4927
2018-05-23 01:00:00,2685.0,2703.5374
2018-05-23 02:00:00,2554.0,2564.419
2018-05-23 03:00:00,2468.0,2469.6643
2018-05-23 04:00:00,2465.0,2456.4573
2018-05-23 05:00:00,2580.0,2577.9136
2018-05-23 06:00:00,2784.0,2763.414
2018-05-23 07:00:00,2972.0,2979.245
2018-05-23 08:00:00,3126.0,3151.6138
2018-05-23 09:00:00,3248.0,3280.3833
2018-05-23 10:00:00,3399.0,3407.4568
2018-05-23 11:00:00,3494.0,3526.4036
2018-05-23 12:00:00,3646.0,3632.4197
2018-05-23 13:00:00,3748.0,3757.817
2018-05-23 14:00:00,3831.0,3838.8027
2018-05-23 15:00:00,3931.0,3919.1108
2018-05-23 16:00:00,4012.0,3996.2476
2018-05-23 17:00:00,4026.0,4016.9841
2018-05-23 18:00:00,3971.0,3950.7273
2018-05-23 19:00:00,3844.0,3844.932
2018-05-23 20:00:00,3668.0,3722.0122
2018-05-23 21:00:00,3574.0,3599.7668
2018-05-23 22:00:00,3298.0,3351.8862
2018-05-23 23:00:00,2978.0,2992.8696
2018-05-24 00:00:00,2675.0,2726.0806
2018-05-24 01:00:00,2517.0,2510.1545
2018-05-24 02:00:00,2413.0,2396.6396
2018-05-24 03:00:00,2340.0,2341.9329
2018-05-24 04:00:00,2349.0,2318.0386
2018-05-24 05:00:00,2474.0,2435.0044
2018-05-24 06:00:00,2666.0,2667.8083
2018-05-24 07:00:00,2849.0,2838.7124
2018-05-24 08:00:00,3000.0,3012.3582
2018-05-24 09:00:00,3162.0,3162.052
2018-05-24 10:00:00,3634.0,3331.2622
2018-05-24 11:00:00,3403.0,3827.079
2018-05-24 12:00:00,3505.0,3460.0005
2018-05-24 13:00:00,3671.0,3562.6726
2018-05-24 14:00:00,3799.0,3762.9548
2018-05-24 15:00:00,3893.0,3895.166
2018-05-24 16:00:00,4032.0,3991.5212
2018-05-24 17:00:00,4093.0,4072.342
2018-05-24 18:00:00,4057.0,4056.5466
2018-05-24 19:00:00,3944.0,3932.9148
2018-05-24 20:00:00,3778.0,3823.9946
2018-05-24 21:00:00,3679.0,3690.9863
2018-05-24 22:00:00,3371.0,3424.4944
2018-05-24 23:00:00,3051.0,3085.2236
2018-05-25 00:00:00,2764.0,2794.9502
2018-05-25 01:00:00,2586.0,2584.5242
2018-05-25 02:00:00,2443.0,2462.4497
2018-05-25 03:00:00,2393.0,2365.7268
2018-05-25 04:00:00,2377.0,2375.7336
2018-05-25 05:00:00,2488.0,2485.3655
2018-05-25 06:00:00,2671.0,2673.2974
2018-05-25 07:00:00,2852.0,2865.109
2018-05-25 08:00:00,3015.0,3022.0479
2018-05-25 09:00:00,3224.0,3196.8318
2018-05-25 10:00:00,3441.0,3432.992
2018-05-25 11:00:00,3628.0,3567.92
2018-05-25 12:00:00,3805.0,3812.4946
2018-05-25 13:00:00,3957.0,3936.4998
2018-05-25 14:00:00,4104.0,4097.6577
2018-05-25 15:00:00,4197.0,4184.948
2018-05-25 16:00:00,4269.0,4223.346
2018-05-25 17:00:00,4304.0,4287.5815
2018-05-25 18:00:00,4240.0,4240.8984
2018-05-25 19:00:00,4075.0,4102.2544
2018-05-25 20:00:00,3868.0,3920.869
2018-05-25 21:00:00,3757.0,3786.3623
2018-05-25 22:00:00,3513.0,3503.9697
2018-05-25 23:00:00,3205.0,3202.8167
2018-05-26 00:00:00,2939.0,2923.027
2018-05-26 01:00:00,2719.0,2721.6475
2018-05-26 02:00:00,2578.0,2577.9312
2018-05-26 03:00:00,2495.0,2474.989
2018-05-26 04:00:00,2447.0,2450.7026
2018-05-26 05:00:00,2473.0,2457.0735
2018-05-26 06:00:00,2483.0,2492.1875
2018-05-26 07:00:00,2589.0,2578.196
2018-05-26 08:00:00,2859.0,2805.9905
2018-05-26 09:00:00,3039.0,3134.1423
2018-05-26 10:00:00,3253.0,3226.0667
2018-05-26 11:00:00,3499.0,3440.8887
2018-05-26 12:00:00,3674.0,3659.7065
2018-05-26 13:00:00,3799.0,3809.8572
2018-05-26 14:00:00,3908.0,3904.2952
2018-05-26 15:00:00,3894.0,3991.353
2018-05-26 16:00:00,3659.0,3934.6108
2018-05-26 17:00:00,3608.0,3609.1814
2018-05-26 18:00:00,3657.0,3533.1157
2018-05-26 19:00:00,3602.0,3582.5083
2018-05-26 20:00:00,3498.0,3524.1497
2018-05-26 21:00:00,3445.0,3456.6738
2018-05-26 22:00:00,3278.0,3264.2188
2018-05-26 23:00:00,3009.0,3018.8328
2018-05-27 00:00:00,2815.0,2758.7173
2018-05-27 01:00:00,2602.0,2631.0735
2018-05-27 02:00:00,2522.0,2477.5317
2018-05-27 03:00:00,2441.0,2421.8777
2018-05-27 04:00:00,2399.0,2395.9749
2018-05-27 05:00:00,2387.0,2399.8286
2018-05-27 06:00:00,2365.0,2399.9802
2018-05-27 07:00:00,2472.0,2419.024
2018-05-27 08:00:00,2699.0,2666.336
2018-05-27 09:00:00,2966.0,2962.3496
2018-05-27 10:00:00,3235.0,3199.0002
2018-05-27 11:00:00,3495.0,3406.6582
2018-05-27 12:00:00,3710.0,3666.5933
2018-05-27 13:00:00,3879.0,3897.6975
2018-05-27 14:00:00,4009.0,4011.482
2018-05-27 15:00:00,4120.0,4089.2205
2018-05-27 16:00:00,4185.0,4214.41
2018-05-27 17:00:00,4181.0,4208.9883
2018-05-27 18:00:00,4092.0,4103.1377
2018-05-27 19:00:00,3973.0,3975.8877
2018-05-27 20:00:00,3863.0,3868.3184
2018-05-27 21:00:00,3788.0,3767.4404
2018-05-27 22:00:00,3573.0,3553.4805
2018-05-27 23:00:00,3266.0,3281.0286
2018-05-28 00:00:00,3006.0,2998.1863
2018-05-28 01:00:00,2778.0,2807.7986
2018-05-28 02:00:00,2639.0,2639.6355
2018-05-28 03:00:00,2512.0,2556.7188
2018-05-28 04:00:00,2467.0,2485.7534
2018-05-28 05:00:00,2474.0,2566.379
2018-05-28 06:00:00,2470.0,2600.9692
2018-05-28 07:00:00,2582.0,2615.2812
2018-05-28 08:00:00,2844.0,2775.4414
2018-05-28 09:00:00,3177.0,3068.0073
2018-05-28 10:00:00,3511.0,3417.5825
2018-05-28 11:00:00,3822.0,3732.1494
2018-05-28 12:00:00,4018.0,4004.9236
2018-05-28 13:00:00,4163.0,4178.5044
2018-05-28 14:00:00,4285.0,4224.906
2018-05-28 15:00:00,4354.0,4345.804
2018-05-28 16:00:00,4446.0,4415.3774
2018-05-28 17:00:00,4453.0,4455.08
2018-05-28 18:00:00,4356.0,4371.762
2018-05-28 19:00:00,4187.0,4205.025
2018-05-28 20:00:00,4109.0,4069.7017
2018-05-28 21:00:00,4009.0,3976.1833
2018-05-28 22:00:00,3743.0,3739.661
2018-05-28 23:00:00,3404.0,3375.1023
2018-05-29 00:00:00,3138.0,3116.8086
2018-05-29 01:00:00,2899.0,2936.088
2018-05-29 02:00:00,2771.0,2754.7827
2018-05-29 03:00:00,2703.0,2673.7397
2018-05-29 04:00:00,2699.0,2694.6968
2018-05-29 05:00:00,2825.0,2802.5823
2018-05-29 06:00:00,3037.0,3020.1616
2018-05-29 07:00:00,3243.0,3262.6487
2018-05-29 08:00:00,3368.0,3468.2676
2018-05-29 09:00:00,3497.0,3540.905
2018-05-29 10:00:00,3651.0,3722.5103
2018-05-29 11:00:00,3822.0,3786.8926
2018-05-29 12:00:00,4047.0,3994.6895
2018-05-29 13:00:00,4233.0,4220.6597
2018-05-29 14:00:00,4394.0,4293.2383
2018-05-29 15:00:00,4542.0,4449.935
2018-05-29 16:00:00,4547.0,4595.4316
2018-05-29 17:00:00,4448.0,4526.2344
2018-05-29 18:00:00,4401.0,4339.8945
2018-05-29 19:00:00,4316.0,4239.167
2018-05-29 20:00:00,4299.0,4177.29
2018-05-29 21:00:00,4181.0,4168.7773
2018-05-29 22:00:00,3946.0,3942.6936
2018-05-29 23:00:00,3640.0,3633.254
2018-05-30 00:00:00,3387.0,3340.977
2018-05-30 01:00:00,3207.0,3148.6658
2018-05-30 02:00:00,3057.0,3024.6348
2018-05-30 03:00:00,2962.0,2954.078
2018-05-30 04:00:00,2946.0,2922.4485
2018-05-30 05:00:00,3086.0,3031.7422
2018-05-30 06:00:00,3274.0,3340.5552
2018-05-30 07:00:00,3482.0,3482.3232
2018-05-30 08:00:00,3678.0,3677.6382
2018-05-30 09:00:00,3950.0,3884.0886
2018-05-30 10:00:00,4130.0,4163.741
2018-05-30 11:00:00,4216.0,4263.69
2018-05-30 12:00:00,4259.0,4280.036
2018-05-30 13:00:00,4298.0,4255.563
2018-05-30 14:00:00,4151.0,4257.8057
2018-05-30 15:00:00,4069.0,4106.663
2018-05-30 16:00:00,4094.0,3993.2866
2018-05-30 17:00:00,4205.0,4006.0137
2018-05-30 18:00:00,4195.0,4152.46
2018-05-30 19:00:00,4110.0,4072.0442
2018-05-30 20:00:00,4012.0,3997.9907
2018-05-30 21:00:00,3876.0,3906.5168
2018-05-30 22:00:00,3672.0,3627.5999
2018-05-30 23:00:00,3392.0,3373.5168
2018-05-31 00:00:00,3135.0,3147.889
2018-05-31 01:00:00,2938.0,2948.3528
2018-05-31 02:00:00,2851.0,2812.2244
2018-05-31 03:00:00,2778.0,2773.3982
2018-05-31 04:00:00,2783.0,2763.1035
2018-05-31 05:00:00,2925.0,2886.2217
2018-05-31 06:00:00,3102.0,3141.308
2018-05-31 07:00:00,3348.0,3287.83
2018-05-31 08:00:00,3585.0,3508.3645
2018-05-31 09:00:00,3815.0,3779.3362
2018-05-31 10:00:00,4010.0,4037.1824
2018-05-31 11:00:00,4192.0,4128.8086
2018-05-31 12:00:00,4330.0,4313.3467
2018-05-31 13:00:00,4508.0,4367.4966
2018-05-31 14:00:00,4619.0,4589.455
2018-05-31 15:00:00,4690.0,4732.352
2018-05-31 16:00:00,4177.0,4802.487
2018-05-31 17:00:00,3913.0,4076.4685
2018-05-31 18:00:00,3783.0,3692.4272
2018-05-31 19:00:00,3710.0,3682.0325
2018-05-31 20:00:00,3640.0,3630.622
2018-05-31 21:00:00,3614.0,3576.6404
2018-05-31 22:00:00,3437.0,3379.6091
2018-05-31 23:00:00,3152.0,3167.713
2018-06-01 00:00:00,2922.0,2921.655
2018-06-01 01:00:00,2703.0,2732.075
2018-06-01 02:00:00,2635.0,2595.4006
2018-06-01 03:00:00,2569.0,2555.0876
2018-06-01 04:00:00,2583.0,2565.1077
2018-06-01 05:00:00,2736.0,2679.4565
2018-06-01 06:00:00,2950.0,2949.4458
2018-06-01 07:00:00,3111.0,3145.612
2018-06-01 08:00:00,3224.0,3284.7493
2018-06-01 09:00:00,3356.0,3342.4087
2018-06-01 10:00:00,3522.0,3455.7847
2018-06-01 11:00:00,3657.0,3636.8645
2018-06-01 12:00:00,3710.0,3781.0698
2018-06-01 13:00:00,3870.0,3780.149
2018-06-01 14:00:00,3975.0,3984.314
2018-06-01 15:00:00,4105.0,4049.956
2018-06-01 16:00:00,4172.0,4172.1343
2018-06-01 17:00:00,4048.0,4161.3022
2018-06-01 18:00:00,3851.0,3991.8987
2018-06-01 19:00:00,3631.0,3697.789
2018-06-01 20:00:00,3494.0,3519.313
2018-06-01 21:00:00,3420.0,3434.9646
2018-06-01 22:00:00,3247.0,3239.9324
2018-06-01 23:00:00,3002.0,3000.6301
2018-06-02 00:00:00,2773.0,2768.7366
2018-06-02 01:00:00,2615.0,2588.3015
2018-06-02 02:00:00,2491.0,2495.035
2018-06-02 03:00:00,2423.0,2395.9976
2018-06-02 04:00:00,2376.0,2384.3604
2018-06-02 05:00:00,2412.0,2399.1372
2018-06-02 06:00:00,2441.0,2448.0713
2018-06-02 07:00:00,2605.0,2536.5647
2018-06-02 08:00:00,2851.0,2833.0942
2018-06-02 09:00:00,3066.0,3084.069
2018-06-02 10:00:00,3223.0,3258.9644
2018-06-02 11:00:00,3411.0,3343.2014
2018-06-02 12:00:00,3593.0,3511.4534
2018-06-02 13:00:00,3668.0,3738.9197
2018-06-02 14:00:00,3778.0,3773.6978
2018-06-02 15:00:00,3747.0,3855.6401
2018-06-02 16:00:00,3814.0,3765.6917
2018-06-02 17:00:00,3862.0,3841.462
2018-06-02 18:00:00,3866.0,3818.2986
2018-06-02 19:00:00,3748.0,3755.8147
2018-06-02 20:00:00,3643.0,3622.3484
2018-06-02 21:00:00,3641.0,3565.8906
2018-06-02 22:00:00,3496.0,3468.7593
2018-06-02 23:00:00,3234.0,3221.4968
2018-06-03 00:00:00,2978.0,2991.5771
2018-06-03 01:00:00,2798.0,2774.831
2018-06-03 02:00:00,2623.0,2650.8396
2018-06-03 03:00:00,2527.0,2528.4773
2018-06-03 04:00:00,2452.0,2470.2732
2018-06-03 05:00:00,2458.0,2431.6167
2018-06-03 06:00:00,2453.0,2454.1826
2018-06-03 07:00:00,2537.0,2524.123
2018-06-03 08:00:00,2706.0,2761.126
2018-06-03 09:00:00,2935.0,2968.9902
2018-06-03 10:00:00,3205.0,3161.9915
2018-06-03 11:00:00,3407.0,3437.036
2018-06-03 12:00:00,3578.0,3573.4688
2018-06-03 13:00:00,3633.0,3727.2039
2018-06-03 14:00:00,3617.0,3737.747
2018-06-03 15:00:00,3596.0,3681.8271
2018-06-03 16:00:00,3651.0,3610.7388
2018-06-03 17:00:00,3594.0,3671.1306
2018-06-03 18:00:00,3548.0,3514.5942
2018-06-03 19:00:00,3482.0,3475.8364
2018-06-03 20:00:00,3345.0,3430.0298
2018-06-03 21:00:00,3310.0,3299.427
2018-06-03 22:00:00,3120.0,3144.5017
2018-06-03 23:00:00,2842.0,2885.8635
2018-06-04 00:00:00,2605.0,2620.6392
2018-06-04 01:00:00,2453.0,2459.5806
2018-06-04 02:00:00,2322.0,2370.6606
2018-06-04 03:00:00,2279.0,2266.165
2018-06-04 04:00:00,2287.0,2274.167
2018-06-04 05:00:00,2414.0,2401.9922
2018-06-04 06:00:00,2540.0,2607.7312
2018-06-04 07:00:00,2757.0,2745.1719
2018-06-04 08:00:00,2909.0,2932.3232
2018-06-04 09:00:00,3049.0,3112.5964
2018-06-04 10:00:00,3185.0,3234.1616
2018-06-04 11:00:00,3248.0,3294.4612
2018-06-04 12:00:00,3346.0,3321.9458
2018-06-04 13:00:00,3417.0,3415.9211
2018-06-04 14:00:00,3492.0,3482.8547
2018-06-04 15:00:00,3576.0,3549.5361
2018-06-04 16:00:00,3657.0,3615.658
2018-06-04 17:00:00,3684.0,3684.3113
2018-06-04 18:00:00,3651.0,3640.9153
2018-06-04 19:00:00,3536.0,3549.8105
2018-06-04 20:00:00,3403.0,3456.4307
2018-06-04 21:00:00,3283.0,3367.3213
2018-06-04 22:00:00,3073.0,3067.0552
2018-06-04 23:00:00,2758.0,2815.437
2018-06-05 00:00:00,2520.0,2528.1973
2018-06-05 01:00:00,2369.0,2371.585
2018-06-05 02:00:00,2298.0,2281.1301
2018-06-05 03:00:00,2211.0,2265.271
2018-06-05 04:00:00,2227.0,2216.8591
2018-06-05 05:00:00,2376.0,2339.9866
2018-06-05 06:00:00,2527.0,2592.6792
2018-06-05 07:00:00,2700.0,2692.17
2018-06-05 08:00:00,2852.0,2845.1924
2018-06-05 09:00:00,2988.0,3004.7346
2018-06-05 10:00:00,3116.0,3152.3818
2018-06-05 11:00:00,3215.0,3225.662
2018-06-05 12:00:00,3328.0,3293.0723
2018-06-05 13:00:00,3436.0,3406.2568
2018-06-05 14:00:00,3545.0,3526.6274
2018-06-05 15:00:00,3658.0,3660.3901
2018-06-05 16:00:00,3744.0,3737.8005
2018-06-05 17:00:00,3763.0,3820.42
2018-06-05 18:00:00,3737.0,3713.8306
2018-06-05 19:00:00,3612.0,3624.0308
2018-06-05 20:00:00,3477.0,3522.7793
2018-06-05 21:00:00,3397.0,3435.8828
2018-06-05 22:00:00,3212.0,3173.1436
2018-06-05 23:00:00,2963.0,2923.8406
2018-06-06 00:00:00,2729.0,2714.2332
2018-06-06 01:00:00,2593.0,2554.8804
2018-06-06 02:00:00,2472.0,2484.6726
2018-06-06 03:00:00,2420.0,2423.6387
2018-06-06 04:00:00,2419.0,2428.499
2018-06-06 05:00:00,2488.0,2530.7893
2018-06-06 06:00:00,2627.0,2671.0557
2018-06-06 07:00:00,2811.0,2808.1382
2018-06-06 08:00:00,2940.0,2983.6833
2018-06-06 09:00:00,3046.0,3098.732
2018-06-06 10:00:00,3137.0,3210.8542
2018-06-06 11:00:00,3218.0,3250.6484
2018-06-06 12:00:00,3283.0,3323.1714
2018-06-06 13:00:00,3359.0,3345.3042
2018-06-06 14:00:00,3417.0,3424.5835
2018-06-06 15:00:00,3530.0,3471.387
2018-06-06 16:00:00,3617.0,3588.618
2018-06-06 17:00:00,3663.0,3661.834
2018-06-06 18:00:00,3625.0,3646.1943
2018-06-06 19:00:00,3522.0,3555.1016
2018-06-06 20:00:00,3379.0,3452.7424
2018-06-06 21:00:00,3295.0,3342.352
2018-06-06 22:00:00,3084.0,3086.1772
2018-06-06 23:00:00,2803.0,2828.254
2018-06-07 00:00:00,2584.0,2582.1804
2018-06-07 01:00:00,2412.0,2427.9849
2018-06-07 02:00:00,2341.0,2316.4922
2018-06-07 03:00:00,2289.0,2289.244
2018-06-07 04:00:00,2290.0,2292.4631
2018-06-07 05:00:00,2406.0,2401.573
2018-06-07 06:00:00,2578.0,2605.8472
2018-06-07 07:00:00,2730.0,2740.4956
2018-06-07 08:00:00,2884.0,2872.2725
2018-06-07 09:00:00,3058.0,3050.3496
2018-06-07 10:00:00,3211.0,3211.4666
2018-06-07 11:00:00,3331.0,3315.2678
2018-06-07 12:00:00,3485.0,3434.6655
2018-06-07 13:00:00,3669.0,3593.3643
2018-06-07 14:00:00,3826.0,3802.5125
2018-06-07 15:00:00,4018.0,3946.7524
2018-06-07 16:00:00,4141.0,4168.3003
2018-06-07 17:00:00,4269.0,4200.573
2018-06-07 18:00:00,4258.0,4251.381
2018-06-07 19:00:00,4163.0,4150.7485
2018-06-07 20:00:00,4013.0,4031.4773
2018-06-07 21:00:00,3985.0,3929.0044
2018-06-07 22:00:00,3756.0,3746.26
2018-06-07 23:00:00,3476.0,3391.8164
2018-06-08 00:00:00,3194.0,3190.2546
2018-06-08 01:00:00,2940.0,2973.3352
2018-06-08 02:00:00,2787.0,2783.0198
2018-06-08 03:00:00,2707.0,2684.153
2018-06-08 04:00:00,2705.0,2686.238
2018-06-08 05:00:00,2794.0,2800.0874
2018-06-08 06:00:00,2963.0,2971.24
2018-06-08 07:00:00,3152.0,3175.5881
2018-06-08 08:00:00,3384.0,3338.0925
2018-06-08 09:00:00,3605.0,3619.6414
2018-06-08 10:00:00,3832.0,3847.3398
2018-06-08 11:00:00,4067.0,4025.6147
2018-06-08 12:00:00,4198.0,4212.504
2018-06-08 13:00:00,4331.0,4306.2754
2018-06-08 14:00:00,4461.0,4390.206
2018-06-08 15:00:00,4458.0,4561.532
2018-06-08 16:00:00,4340.0,4523.1064
2018-06-08 17:00:00,4307.0,4297.8145
2018-06-08 18:00:00,4121.0,4214.8247
2018-06-08 19:00:00,3801.0,4014.0032
2018-06-08 20:00:00,3608.0,3664.7383
2018-06-08 21:00:00,3510.0,3492.9578
2018-06-08 22:00:00,3308.0,3323.7886
2018-06-08 23:00:00,3084.0,3029.954
2018-06-09 00:00:00,2841.0,2819.5452
2018-06-09 01:00:00,2650.0,2654.2815
2018-06-09 02:00:00,2548.0,2509.8684
2018-06-09 03:00:00,2440.0,2450.0208
2018-06-09 04:00:00,2410.0,2402.1904
2018-06-09 05:00:00,2438.0,2427.1316
2018-06-09 06:00:00,2442.0,2481.9526
2018-06-09 07:00:00,2604.0,2542.5903
2018-06-09 08:00:00,2842.0,2838.9197
2018-06-09 09:00:00,3124.0,3084.5747
2018-06-09 10:00:00,3398.0,3355.3418
2018-06-09 11:00:00,3653.0,3597.8674
2018-06-09 12:00:00,3852.0,3817.0972
2018-06-09 13:00:00,4046.0,3984.3335
2018-06-09 14:00:00,4173.0,4172.6963
2018-06-09 15:00:00,4279.0,4287.049
2018-06-09 16:00:00,4331.0,4342.1313
2018-06-09 17:00:00,4153.0,4345.239
2018-06-09 18:00:00,4003.0,4063.1729
2018-06-09 19:00:00,3806.0,3873.5168
2018-06-09 20:00:00,3654.0,3657.745
2018-06-09 21:00:00,3576.0,3573.438
2018-06-09 22:00:00,3396.0,3385.9316
2018-06-09 23:00:00,3143.0,3128.985
2018-06-10 00:00:00,2930.0,2897.6638
2018-06-10 01:00:00,2752.0,2729.166
2018-06-10 02:00:00,2609.0,2609.16
2018-06-10 03:00:00,2496.0,2508.8765
2018-06-10 04:00:00,2439.0,2436.1106
2018-06-10 05:00:00,2422.0,2419.3533
2018-06-10 06:00:00,2401.0,2419.7256
2018-06-10 07:00:00,2527.0,2481.0417
2018-06-10 08:00:00,2765.0,2756.5156
2018-06-10 09:00:00,3064.0,3071.5537
2018-06-10 10:00:00,3253.0,3343.9414
2018-06-10 11:00:00,3507.0,3451.0505
2018-06-10 12:00:00,3583.0,3681.535
2018-06-10 13:00:00,3581.0,3705.4988
2018-06-10 14:00:00,3490.0,3630.9062
2018-06-10 15:00:00,3387.0,3480.6277
2018-06-10 16:00:00,3550.0,3355.6157
2018-06-10 17:00:00,3643.0,3619.954
2018-06-10 18:00:00,3561.0,3689.1394
2018-06-10 19:00:00,3507.0,3491.4158
2018-06-10 20:00:00,3414.0,3443.1228
2018-06-10 21:00:00,3395.0,3377.3096
2018-06-10 22:00:00,3209.0,3232.122
2018-06-10 23:00:00,2982.0,2981.9805
2018-06-11 00:00:00,2769.0,2749.43
2018-06-11 01:00:00,2639.0,2591.7974
2018-06-11 02:00:00,2528.0,2528.5366
2018-06-11 03:00:00,2524.0,2472.4795
2018-06-11 04:00:00,2514.0,2509.563
2018-06-11 05:00:00,2674.0,2653.149
2018-06-11 06:00:00,2874.0,2926.943
2018-06-11 07:00:00,3067.0,3097.4175
2018-06-11 08:00:00,3204.0,3270.762
2018-06-11 09:00:00,3305.0,3344.8015
2018-06-11 10:00:00,3371.0,3417.7205
2018-06-11 11:00:00,2971.0,3420.904
2018-06-11 12:00:00,3451.0,2947.0457
2018-06-11 13:00:00,3830.0,3504.4878
2018-06-11 14:00:00,3572.0,3954.7058
2018-06-11 15:00:00,3675.0,3614.885
2018-06-11 16:00:00,3775.0,3704.1777
2018-06-11 17:00:00,3780.0,3832.927
2018-06-11 18:00:00,3744.0,3715.3337
2018-06-11 19:00:00,3674.0,3643.76
2018-06-11 20:00:00,3613.0,3563.7249
2018-06-11 21:00:00,3555.0,3542.7175
2018-06-11 22:00:00,3382.0,3344.103
2018-06-11 23:00:00,3095.0,3108.4448
2018-06-12 00:00:00,2885.0,2858.0427
2018-06-12 01:00:00,2729.0,2690.7383
2018-06-12 02:00:00,2621.0,2606.7488
2018-06-12 03:00:00,2547.0,2568.64
2018-06-12 04:00:00,2590.0,2547.6787
2018-06-12 05:00:00,2725.0,2686.2747
2018-06-12 06:00:00,2897.0,2940.5894
2018-06-12 07:00:00,3086.0,3079.0657
2018-06-12 08:00:00,3242.0,3273.7036
2018-06-12 09:00:00,3333.0,3436.8254
2018-06-12 10:00:00,3412.0,3470.1487
2018-06-12 11:00:00,3454.0,3477.4048
2018-06-12 12:00:00,3584.0,3503.8713
2018-06-12 13:00:00,3737.0,3676.8987
2018-06-12 14:00:00,3842.0,3818.509
2018-06-12 15:00:00,3888.0,3958.9714
2018-06-12 16:00:00,3869.0,3939.2297
2018-06-12 17:00:00,3850.0,3846.2073
2018-06-12 18:00:00,3725.0,3762.3503
2018-06-12 19:00:00,3583.0,3621.3567
2018-06-12 20:00:00,3524.0,3495.9727
2018-06-12 21:00:00,3499.0,3463.6238
2018-06-12 22:00:00,3340.0,3304.3389
2018-06-12 23:00:00,3094.0,3076.577
2018-06-13 00:00:00,2904.0,2872.9502
2018-06-13 01:00:00,2732.0,2729.376
2018-06-13 02:00:00,2633.0,2620.595
2018-06-13 03:00:00,2580.0,2579.657
2018-06-13 04:00:00,2593.0,2583.9575
2018-06-13 05:00:00,2750.0,2706.1013
2018-06-13 06:00:00,2915.0,2960.6123
2018-06-13 07:00:00,3110.0,3108.4443
2018-06-13 08:00:00,3271.0,3305.689
2018-06-13 09:00:00,3480.0,3426.9282
2018-06-13 10:00:00,3717.0,3651.1992
2018-06-13 11:00:00,3902.0,3856.722
2018-06-13 12:00:00,4085.0,4074.163
2018-06-13 13:00:00,4293.0,4176.435
2018-06-13 14:00:00,4410.0,4387.8306
2018-06-13 15:00:00,4533.0,4462.7495
2018-06-13 16:00:00,4568.0,4603.738
2018-06-13 17:00:00,4456.0,4587.8384
2018-06-13 18:00:00,4244.0,4333.627
2018-06-13 19:00:00,4067.0,4095.397
2018-06-13 20:00:00,3909.0,3958.1182
2018-06-13 21:00:00,3794.0,3817.7776
2018-06-13 22:00:00,3589.0,3546.9905
2018-06-13 23:00:00,3281.0,3255.5103
2018-06-14 00:00:00,2991.0,3011.9778
2018-06-14 01:00:00,2757.0,2795.7183
2018-06-14 02:00:00,2607.0,2624.4197
2018-06-14 03:00:00,2471.0,2520.3022
2018-06-14 04:00:00,2470.0,2458.5552
2018-06-14 05:00:00,2551.0,2563.0298
2018-06-14 06:00:00,2696.0,2733.51
2018-06-14 07:00:00,2907.0,2909.1404
2018-06-14 08:00:00,3086.0,3105.0212
2018-06-14 09:00:00,3291.0,3285.0193
2018-06-14 10:00:00,3477.0,3480.277
2018-06-14 11:00:00,3642.0,3626.8542
2018-06-14 12:00:00,3757.0,3780.337
2018-06-14 13:00:00,3902.0,3850.122
2018-06-14 14:00:00,4034.0,4037.5688
2018-06-14 15:00:00,4128.0,4142.8267
2018-06-14 16:00:00,4221.0,4234.994
2018-06-14 17:00:00,4304.0,4255.3604
2018-06-14 18:00:00,4248.0,4269.347
2018-06-14 19:00:00,4091.0,4120.9688
2018-06-14 20:00:00,3877.0,3965.2432
2018-06-14 21:00:00,3774.0,3802.0266
2018-06-14 22:00:00,3526.0,3538.9338
2018-06-14 23:00:00,3187.0,3188.2183
2018-06-15 00:00:00,2937.0,2912.2832
2018-06-15 01:00:00,2708.0,2734.1248
2018-06-15 02:00:00,2595.0,2585.0657
2018-06-15 03:00:00,2500.0,2521.9368
2018-06-15 04:00:00,2486.0,2479.0488
2018-06-15 05:00:00,2564.0,2583.0703
2018-06-15 06:00:00,2735.0,2737.663
2018-06-15 07:00:00,2937.0,2929.4883
2018-06-15 08:00:00,3170.0,3124.4846
2018-06-15 09:00:00,3385.0,3374.0618
2018-06-15 10:00:00,3637.0,3609.9495
2018-06-15 11:00:00,3803.0,3805.4194
2018-06-15 12:00:00,3962.0,3936.4575
2018-06-15 13:00:00,4124.0,4100.8506
2018-06-15 14:00:00,4264.0,4260.149
2018-06-15 15:00:00,4372.0,4340.141
2018-06-15 16:00:00,4472.0,4421.485
2018-06-15 17:00:00,4502.0,4459.046
2018-06-15 18:00:00,4415.0,4412.3853
2018-06-15 19:00:00,4269.0,4228.9434
2018-06-15 20:00:00,4074.0,4119.2515
2018-06-15 21:00:00,3942.0,3953.2258
2018-06-15 22:00:00,3721.0,3717.4348
2018-06-15 23:00:00,3389.0,3391.1672
2018-06-16 00:00:00,3117.0,3100.4763
2018-06-16 01:00:00,2865.0,2907.7407
2018-06-16 02:00:00,2736.0,2708.4697
2018-06-16 03:00:00,2632.0,2617.732
2018-06-16 04:00:00,2566.0,2582.9683
2018-06-16 05:00:00,2564.0,2575.811
2018-06-16 06:00:00,2574.0,2585.5479
2018-06-16 07:00:00,2728.0,2685.6538
2018-06-16 08:00:00,3010.0,2984.9595
2018-06-16 09:00:00,3280.0,3287.3408
2018-06-16 10:00:00,3608.0,3535.7039
2018-06-16 11:00:00,3843.0,3841.498
2018-06-16 12:00:00,4071.0,4034.1033
2018-06-16 13:00:00,4248.0,4225.135
2018-06-16 14:00:00,4413.0,4372.6274
2018-06-16 15:00:00,4530.0,4467.6777
2018-06-16 16:00:00,4640.0,4606.7134
2018-06-16 17:00:00,4605.0,4657.708
2018-06-16 18:00:00,4449.0,4476.4434
2018-06-16 19:00:00,4319.0,4279.592
2018-06-16 20:00:00,4167.0,4141.978
2018-06-16 21:00:00,4083.0,4045.9548
2018-06-16 22:00:00,3890.0,3838.4707
2018-06-16 23:00:00,3653.0,3569.8245
2018-06-17 00:00:00,3401.0,3374.69
2018-06-17 01:00:00,3189.0,3157.6091
2018-06-17 02:00:00,3023.0,2992.759
2018-06-17 03:00:00,2920.0,2886.499
2018-06-17 04:00:00,2823.0,2862.5828
2018-06-17 05:00:00,2777.0,2801.1887
2018-06-17 06:00:00,2760.0,2778.9082
2018-06-17 07:00:00,2886.0,2828.762
2018-06-17 08:00:00,3232.0,3099.6282
2018-06-17 09:00:00,3560.0,3500.712
2018-06-17 10:00:00,3935.0,3828.3408
2018-06-17 11:00:00,4199.0,4167.6025
2018-06-17 12:00:00,4418.0,4360.1426
2018-06-17 13:00:00,4534.0,4527.1904
2018-06-17 14:00:00,4644.0,4615.732
2018-06-17 15:00:00,4737.0,4721.25
2018-06-17 16:00:00,4817.0,4744.192
2018-06-17 17:00:00,4856.0,4800.6333
2018-06-17 18:00:00,4786.0,4836.514
2018-06-17 19:00:00,4734.0,4707.4287
2018-06-17 20:00:00,4577.0,4596.6465
2018-06-17 21:00:00,4517.0,4459.857
2018-06-17 22:00:00,4285.0,4251.249
2018-06-17 23:00:00,3989.0,3927.9717
2018-06-18 00:00:00,3710.0,3672.4922
2018-06-18 01:00:00,3490.0,3475.909
2018-06-18 02:00:00,3328.0,3322.434
2018-06-18 03:00:00,3208.0,3231.1763
2018-06-18 04:00:00,3161.0,3155.246
2018-06-18 05:00:00,3255.0,3221.8079
2018-06-18 06:00:00,3398.0,3392.1475
2018-06-18 07:00:00,3632.0,3575.88
2018-06-18 08:00:00,3948.0,3862.9028
2018-06-18 09:00:00,4257.0,4207.1997
2018-06-18 10:00:00,4593.0,4492.62
2018-06-18 11:00:00,4822.0,4756.48
2018-06-18 12:00:00,4984.0,4923.1865
2018-06-18 13:00:00,5102.0,5127.5938
2018-06-18 14:00:00,5192.0,5167.8486
2018-06-18 15:00:00,5195.0,5047.0356
2018-06-18 16:00:00,5143.0,5006.518
2018-06-18 17:00:00,5132.0,4968.768
2018-06-18 18:00:00,5168.0,4960.1694
2018-06-18 19:00:00,5122.0,4910.4775
2018-06-18 20:00:00,4971.0,4842.474
2018-06-18 21:00:00,4834.0,4927.5474
2018-06-18 22:00:00,4574.0,4572.867
2018-06-18 23:00:00,4234.0,4214.0674
2018-06-19 00:00:00,3951.0,3881.481
2018-06-19 01:00:00,3712.0,3697.3218
2018-06-19 02:00:00,3563.0,3524.7249
2018-06-19 03:00:00,3420.0,3434.3523
2018-06-19 04:00:00,3402.0,3372.9346
2018-06-19 05:00:00,3492.0,3468.9197
2018-06-19 06:00:00,3634.0,3674.3887
2018-06-19 07:00:00,3837.0,3794.3452
2018-06-19 08:00:00,4091.0,4000.9678
2018-06-19 09:00:00,4339.0,4337.7686
2018-06-19 10:00:00,4613.0,4611.5273
2018-06-19 11:00:00,4795.0,4775.04
2018-06-19 12:00:00,4879.0,4928.265
2018-06-19 13:00:00,5034.0,4955.4766
2018-06-19 14:00:00,5063.0,5049.4697
2018-06-19 15:00:00,5050.0,5047.9336
2018-06-19 16:00:00,4966.0,5022.1294
2018-06-19 17:00:00,5017.0,4880.0347
2018-06-19 18:00:00,4970.0,4965.5947
2018-06-19 19:00:00,4789.0,4763.298
2018-06-19 20:00:00,4524.0,4638.673
2018-06-19 21:00:00,4396.0,4438.39
2018-06-19 22:00:00,4124.0,4173.5654
2018-06-19 23:00:00,3792.0,3825.8713
2018-06-20 00:00:00,3545.0,3515.6248
2018-06-20 01:00:00,3296.0,3322.3896
2018-06-20 02:00:00,3143.0,3154.5798
2018-06-20 03:00:00,3036.0,3035.8716
2018-06-20 04:00:00,3050.0,3026.2332
2018-06-20 05:00:00,3129.0,3152.688
2018-06-20 06:00:00,3305.0,3316.186
2018-06-20 07:00:00,3516.0,3499.7568
2018-06-20 08:00:00,3757.0,3697.3826
2018-06-20 09:00:00,4007.0,3997.472
2018-06-20 10:00:00,4261.0,4259.74
2018-06-20 11:00:00,4427.0,4438.9434
2018-06-20 12:00:00,4603.0,4569.7827
2018-06-20 13:00:00,4763.0,4709.4775
2018-06-20 14:00:00,4840.0,4812.33
2018-06-20 15:00:00,4930.0,4858.083
2018-06-20 16:00:00,4977.0,4930.648
2018-06-20 17:00:00,4921.0,4917.9653
2018-06-20 18:00:00,4846.0,4809.391
2018-06-20 19:00:00,4693.0,4635.0225
2018-06-20 20:00:00,4526.0,4535.612
2018-06-20 21:00:00,4401.0,4400.7036
2018-06-20 22:00:00,4147.0,4135.1675
2018-06-20 23:00:00,3831.0,3810.5188
2018-06-21 00:00:00,3559.0,3526.1055
2018-06-21 01:00:00,3321.0,3312.0405
2018-06-21 02:00:00,3167.0,3166.5383
2018-06-21 03:00:00,3053.0,3078.7336
2018-06-21 04:00:00,3071.0,3013.1646
2018-06-21 05:00:00,3168.0,3171.3503
2018-06-21 06:00:00,3353.0,3364.3794
2018-06-21 07:00:00,3467.0,3541.1746
2018-06-21 08:00:00,3655.0,3664.4932
2018-06-21 09:00:00,3777.0,3860.151
2018-06-21 10:00:00,3817.0,3968.2556
2018-06-21 11:00:00,3826.0,3871.116
2018-06-21 12:00:00,3805.0,3852.009
2018-06-21 13:00:00,3819.0,3776.1333
2018-06-21 14:00:00,3762.0,3861.1553
2018-06-21 15:00:00,3718.0,3793.04
2018-06-21 16:00:00,3673.0,3753.9924
2018-06-21 17:00:00,3696.0,3681.1257
2018-06-21 18:00:00,3675.0,3704.9236
2018-06-21 19:00:00,3660.0,3651.472
2018-06-21 20:00:00,3580.0,3608.956
2018-06-21 21:00:00,3589.0,3498.9082
2018-06-21 22:00:00,3430.0,3392.6257
2018-06-21 23:00:00,3216.0,3216.274
2018-06-22 00:00:00,2984.0,3004.5251
2018-06-22 01:00:00,2829.0,2834.4043
2018-06-22 02:00:00,2764.0,2759.1936
2018-06-22 03:00:00,2688.0,2733.1152
2018-06-22 04:00:00,2703.0,2721.5027
2018-06-22 05:00:00,2820.0,2810.6208
2018-06-22 06:00:00,3012.0,3003.8118
2018-06-22 07:00:00,3174.0,3217.5532
2018-06-22 08:00:00,3408.0,3341.2913
2018-06-22 09:00:00,3509.0,3571.8909
2018-06-22 10:00:00,3730.0,3572.632
2018-06-22 11:00:00,3859.0,3820.6843
2018-06-22 12:00:00,4041.0,3976.332
2018-06-22 13:00:00,4130.0,4199.8936
2018-06-22 14:00:00,4058.0,4250.64
2018-06-22 15:00:00,3988.0,4067.19
2018-06-22 16:00:00,3963.0,3954.9934
2018-06-22 17:00:00,3774.0,3917.606
2018-06-22 18:00:00,3636.0,3689.8706
2018-06-22 19:00:00,3569.0,3505.4648
2018-06-22 20:00:00,3472.0,3492.071
2018-06-22 21:00:00,3413.0,3416.1804
2018-06-22 22:00:00,3266.0,3261.0566
2018-06-22 23:00:00,3059.0,3036.969
2018-06-23 00:00:00,2825.0,2840.5728
2018-06-23 01:00:00,2669.0,2646.4749
2018-06-23 02:00:00,2560.0,2540.623
2018-06-23 03:00:00,2483.0,2484.5376
2018-06-23 04:00:00,2458.0,2442.7876
2018-06-23 05:00:00,2494.0,2467.6616
2018-06-23 06:00:00,2525.0,2544.4233
2018-06-23 07:00:00,2633.0,2634.5742
2018-06-23 08:00:00,2793.0,2830.6838
2018-06-23 09:00:00,2968.0,2991.2678
2018-06-23 10:00:00,3098.0,3127.742
2018-06-23 11:00:00,3225.0,3230.792
2018-06-23 12:00:00,3267.0,3322.2222
2018-06-23 13:00:00,3314.0,3301.159
2018-06-23 14:00:00,3385.0,3334.462
2018-06-23 15:00:00,3461.0,3451.438
2018-06-23 16:00:00,3486.0,3523.2388
2018-06-23 17:00:00,3515.0,3515.5508
2018-06-23 18:00:00,3457.0,3485.9426
2018-06-23 19:00:00,3368.0,3400.368
2018-06-23 20:00:00,3329.0,3333.0232
2018-06-23 21:00:00,3305.0,3271.3916
2018-06-23 22:00:00,3189.0,3156.232
2018-06-23 23:00:00,2997.0,2986.4517
2018-06-24 00:00:00,2808.0,2807.734
2018-06-24 01:00:00,2638.0,2633.1968
2018-06-24 02:00:00,2528.0,2540.615
2018-06-24 03:00:00,2425.0,2426.8152
2018-06-24 04:00:00,2393.0,2379.3257
2018-06-24 05:00:00,2391.0,2388.8083
2018-06-24 06:00:00,2368.0,2405.006
2018-06-24 07:00:00,2513.0,2427.819
2018-06-24 08:00:00,2761.0,2719.5269
2018-06-24 09:00:00,3055.0,3004.6743
2018-06-24 10:00:00,3228.0,3310.449
2018-06-24 11:00:00,3437.0,3361.5664
2018-06-24 12:00:00,3579.0,3602.993
2018-06-24 13:00:00,3663.0,3691.277
2018-06-24 14:00:00,3767.0,3736.5095
2018-06-24 15:00:00,3873.0,3842.7878
2018-06-24 16:00:00,4008.0,3976.6592
2018-06-24 17:00:00,4126.0,4076.4812
2018-06-24 18:00:00,4117.0,4125.9224
2018-06-24 19:00:00,4013.0,4059.7126
2018-06-24 20:00:00,3870.0,3922.8328
2018-06-24 21:00:00,3760.0,3826.906
2018-06-24 22:00:00,3543.0,3583.3962
2018-06-24 23:00:00,3257.0,3273.6006
2018-06-25 00:00:00,3011.0,2996.4456
2018-06-25 01:00:00,2800.0,2815.8103
2018-06-25 02:00:00,2687.0,2663.9053
2018-06-25 03:00:00,2633.0,2618.1096
2018-06-25 04:00:00,2655.0,2641.7515
2018-06-25 05:00:00,2756.0,2779.9822
2018-06-25 06:00:00,2934.0,2945.099
2018-06-25 07:00:00,3087.0,3140.1887
2018-06-25 08:00:00,3222.0,3298.9575
2018-06-25 09:00:00,3312.0,3410.1135
2018-06-25 10:00:00,3409.0,3498.0417
2018-06-25 11:00:00,3437.0,3533.3352
2018-06-25 12:00:00,3465.0,3514.7998
2018-06-25 13:00:00,3483.0,3525.621
2018-06-25 14:00:00,3490.0,3498.3843
2018-06-25 15:00:00,3624.0,3485.8901
2018-06-25 16:00:00,3602.0,3653.005
2018-06-25 17:00:00,3575.0,3565.5405
2018-06-25 18:00:00,3545.0,3488.7153
2018-06-25 19:00:00,3535.0,3455.5442
2018-06-25 20:00:00,3486.0,3460.0266
2018-06-25 21:00:00,3435.0,3413.5776
2018-06-25 22:00:00,3245.0,3246.7734
2018-06-25 23:00:00,3034.0,3023.133
2018-06-26 00:00:00,2809.0,2843.7595
2018-06-26 01:00:00,2644.0,2668.9363
2018-06-26 02:00:00,2596.0,2560.2861
2018-06-26 03:00:00,2511.0,2555.725
2018-06-26 04:00:00,2515.0,2518.2522
2018-06-26 05:00:00,2630.0,2623.6833
2018-06-26 06:00:00,2813.0,2804.106
2018-06-26 07:00:00,2979.0,2989.2827
2018-06-26 08:00:00,3137.0,3144.096
2018-06-26 09:00:00,3332.0,3288.0225
2018-06-26 10:00:00,3521.0,3476.867
2018-06-26 11:00:00,3641.0,3630.7463
2018-06-26 12:00:00,3784.0,3732.8076
2018-06-26 13:00:00,3799.0,3850.3376
2018-06-26 14:00:00,3637.0,3823.7163
2018-06-26 15:00:00,3535.0,3592.4475
2018-06-26 16:00:00,3450.0,3471.8528
2018-06-26 17:00:00,3386.0,3385.9832
2018-06-26 18:00:00,3370.0,3309.9973
2018-06-26 19:00:00,3309.0,3311.1726
2018-06-26 20:00:00,3282.0,3267.499
2018-06-26 21:00:00,3309.0,3223.6345
2018-06-26 22:00:00,3173.0,3124.252
2018-06-26 23:00:00,2975.0,2923.6677
2018-06-27 00:00:00,2766.0,2781.141
2018-06-27 01:00:00,2660.0,2598.8362
2018-06-27 02:00:00,2540.0,2541.962
2018-06-27 03:00:00,2524.0,2473.4849
2018-06-27 04:00:00,2534.0,2503.3132
2018-06-27 05:00:00,2684.0,2650.7031
2018-06-27 06:00:00,2893.0,2924.5703
2018-06-27 07:00:00,3053.0,3080.6333
2018-06-27 08:00:00,3204.0,3209.801
2018-06-27 09:00:00,3361.0,3332.269
2018-06-27 10:00:00,3498.0,3454.5964
2018-06-27 11:00:00,3618.0,3549.767
2018-06-27 12:00:00,3743.0,3682.064
2018-06-27 13:00:00,3860.0,3807.3818
2018-06-27 14:00:00,3933.0,3954.2188
2018-06-27 15:00:00,4064.0,3974.0854
2018-06-27 16:00:00,4127.0,4116.4893
2018-06-27 17:00:00,4189.0,4174.98
2018-06-27 18:00:00,4092.0,4118.574
2018-06-27 19:00:00,4027.0,3979.8545
2018-06-27 20:00:00,3881.0,3933.6643
2018-06-27 21:00:00,3803.0,3806.9631
2018-06-27 22:00:00,3570.0,3576.1868
2018-06-27 23:00:00,3326.0,3268.9302
2018-06-28 00:00:00,3072.0,3040.921
2018-06-28 01:00:00,2882.0,2870.8635
2018-06-28 02:00:00,2760.0,2735.6926
2018-06-28 03:00:00,2682.0,2683.6023
2018-06-28 04:00:00,2688.0,2674.356
2018-06-28 05:00:00,2765.0,2804.7573
2018-06-28 06:00:00,2923.0,2936.3323
2018-06-28 07:00:00,3164.0,3121.2979
2018-06-28 08:00:00,3431.0,3374.0137
2018-06-28 09:00:00,3646.0,3672.7112
2018-06-28 10:00:00,3874.0,3850.7292
2018-06-28 11:00:00,3995.0,4056.3433
2018-06-28 12:00:00,4173.0,4107.7075
2018-06-28 13:00:00,4323.0,4288.6353
2018-06-28 14:00:00,4438.0,4409.853
2018-06-28 15:00:00,4561.0,4505.538
2018-06-28 16:00:00,4675.0,4592.083
2018-06-28 17:00:00,4727.0,4646.602
2018-06-28 18:00:00,4662.0,4662.8164
2018-06-28 19:00:00,4556.0,4522.174
2018-06-28 20:00:00,4364.0,4375.783
2018-06-28 21:00:00,4226.0,4234.7793
2018-06-28 22:00:00,3956.0,3978.7063
2018-06-28 23:00:00,3621.0,3600.9167
2018-06-29 00:00:00,3296.0,3319.417
2018-06-29 01:00:00,3096.0,3081.5203
2018-06-29 02:00:00,2929.0,2940.6162
2018-06-29 03:00:00,2827.0,2831.3892
2018-06-29 04:00:00,2809.0,2808.4822
2018-06-29 05:00:00,2882.0,2900.7288
2018-06-29 06:00:00,3027.0,3047.25
2018-06-29 07:00:00,3215.0,3210.4004
2018-06-29 08:00:00,3397.0,3427.9175
2018-06-29 09:00:00,3810.0,3603.5596
2018-06-29 10:00:00,4103.0,4078.7163
2018-06-29 11:00:00,4301.0,4308.1978
2018-06-29 12:00:00,4484.0,4443.3135
2018-06-29 13:00:00,4622.0,4629.036
2018-06-29 14:00:00,4734.0,4760.5845
2018-06-29 15:00:00,4786.0,4819.3457
2018-06-29 16:00:00,4867.0,4826.5684
2018-06-29 17:00:00,4922.0,4753.3423
2018-06-29 18:00:00,4887.0,4704.696
2018-06-29 19:00:00,4798.0,4625.8364
2018-06-29 20:00:00,4617.0,4553.5557
2018-06-29 21:00:00,4471.0,4462.6772
2018-06-29 22:00:00,4198.0,4200.0654
2018-06-29 23:00:00,3893.0,3764.8342
2018-06-30 00:00:00,3560.0,3559.495
2018-06-30 01:00:00,3297.0,3311.3174
2018-06-30 02:00:00,3121.0,3117.7903
2018-06-30 03:00:00,2974.0,3009.5935
2018-06-30 04:00:00,2862.0,2925.2126
2018-06-30 05:00:00,2867.0,2841.1594
2018-06-30 06:00:00,2859.0,2904.4417
2018-06-30 07:00:00,3020.0,2965.631
2018-06-30 08:00:00,3339.0,3247.705
2018-06-30 09:00:00,3671.0,3593.3455
2018-06-30 10:00:00,4011.0,3957.019
2018-06-30 11:00:00,4240.0,4233.368
2018-06-30 12:00:00,4423.0,4416.0176
2018-06-30 13:00:00,4533.0,4544.8447
2018-06-30 14:00:00,4658.0,4595.9653
2018-06-30 15:00:00,4753.0,4699.949
2018-06-30 16:00:00,4810.0,4746.348
2018-06-30 17:00:00,4799.0,4734.6104
2018-06-30 18:00:00,4751.0,4621.347
2018-06-30 19:00:00,4651.0,4501.3833
2018-06-30 20:00:00,4488.0,4431.8325
2018-06-30 21:00:00,4293.0,4334.36
2018-06-30 22:00:00,4100.0,4001.4097
2018-06-30 23:00:00,3813.0,3784.0164
2018-07-01 00:00:00,3530.0,3547.2126
2018-07-01 01:00:00,3325.0,3291.3901
2018-07-01 02:00:00,3135.0,3153.8071
2018-07-01 03:00:00,3002.0,3055.334
2018-07-01 04:00:00,2911.0,2942.911
2018-07-01 05:00:00,2874.0,2906.105
2018-07-01 06:00:00,2834.0,2883.3289
2018-07-01 07:00:00,2973.0,2923.7979
2018-07-01 08:00:00,3312.0,3224.915
2018-07-01 09:00:00,3689.0,3595.7622
2018-07-01 10:00:00,4022.0,4001.5808
2018-07-01 11:00:00,4286.0,4311.2256
2018-07-01 12:00:00,4452.0,4448.9
2018-07-01 13:00:00,4571.0,4567.6855
2018-07-01 14:00:00,4634.0,4683.0234
2018-07-01 15:00:00,4461.0,4715.393
2018-07-01 16:00:00,4280.0,4436.2627
2018-07-01 17:00:00,4357.0,4160.792
2018-07-01 18:00:00,4378.0,4229.2847
2018-07-01 19:00:00,4291.0,4259.5938
2018-07-01 20:00:00,4190.0,4109.4136
2018-07-01 21:00:00,4112.0,4088.2576
2018-07-01 22:00:00,3916.0,3898.736
2018-07-01 23:00:00,3648.0,3656.6082
2018-07-02 00:00:00,3393.0,3384.925
2018-07-02 01:00:00,3214.0,3171.389
2018-07-02 02:00:00,3059.0,3061.344
2018-07-02 03:00:00,2995.0,2970.1309
2018-07-02 04:00:00,2972.0,2973.879
2018-07-02 05:00:00,3100.0,3069.8977
2018-07-02 06:00:00,3230.0,3302.9734
2018-07-02 07:00:00,3440.0,3413.9895
2018-07-02 08:00:00,3712.0,3687.458
2018-07-02 09:00:00,3973.0,4011.3943
2018-07-02 10:00:00,4288.0,4234.596
2018-07-02 11:00:00,4551.0,4486.9326
2018-07-02 12:00:00,4746.0,4696.573
2018-07-02 13:00:00,4743.0,4875.4604
2018-07-02 14:00:00,4663.0,4815.215
2018-07-02 15:00:00,4420.0,4635.8213
2018-07-02 16:00:00,4282.0,4374.1777
2018-07-02 17:00:00,4240.0,4214.6997
2018-07-02 18:00:00,4247.0,4165.067
2018-07-02 19:00:00,4239.0,4135.1123
2018-07-02 20:00:00,4151.0,4124.294
2018-07-02 21:00:00,4066.0,4069.4976
2018-07-02 22:00:00,3890.0,3858.7722
2018-07-02 23:00:00,3564.0,3574.9622
2018-07-03 00:00:00,3307.0,3288.018
2018-07-03 01:00:00,3103.0,3117.834
2018-07-03 02:00:00,2951.0,2959.7476
2018-07-03 03:00:00,2895.0,2879.2844
2018-07-03 04:00:00,2854.0,2875.2983
2018-07-03 05:00:00,2976.0,2941.4473
2018-07-03 06:00:00,3111.0,3159.9636
2018-07-03 07:00:00,3346.0,3271.7563
2018-07-03 08:00:00,3626.0,3556.0786
2018-07-03 09:00:00,3794.0,3879.7573
2018-07-03 10:00:00,3961.0,4018.8767
2018-07-03 11:00:00,4231.0,4115.8945
2018-07-03 12:00:00,4519.0,4377.077
2018-07-03 13:00:00,4700.0,4647.939
2018-07-03 14:00:00,4773.0,4842.095
2018-07-03 15:00:00,4649.0,4867.039
2018-07-03 16:00:00,4440.0,4592.2104
2018-07-03 17:00:00,4286.0,4333.704
2018-07-03 18:00:00,4192.0,4194.509
2018-07-03 19:00:00,4054.0,4078.9905
2018-07-03 20:00:00,3938.0,3982.7441
2018-07-03 21:00:00,3860.0,3873.0303
2018-07-03 22:00:00,3677.0,3653.9934
2018-07-03 23:00:00,3415.0,3376.027
2018-07-04 00:00:00,3244.0,3166.8928
2018-07-04 01:00:00,3042.0,3065.6187
2018-07-04 02:00:00,2907.0,2926.2632
2018-07-04 03:00:00,2772.0,2817.462
2018-07-04 04:00:00,2751.0,2744.8323
2018-07-04 05:00:00,2748.0,2856.9006
2018-07-04 06:00:00,2745.0,2873.4243
2018-07-04 07:00:00,2860.0,2865.6953
2018-07-04 08:00:00,3170.0,3040.263
2018-07-04 09:00:00,3567.0,3369.0625
2018-07-04 10:00:00,3950.0,3790.106
2018-07-04 11:00:00,4278.0,4163.821
2018-07-04 12:00:00,4457.0,4484.964
2018-07-04 13:00:00,4598.0,4623.516
2018-07-04 14:00:00,4699.0,4683.7764
2018-07-04 15:00:00,4777.0,4740.9766
2018-07-04 16:00:00,4811.0,4811.462
2018-07-04 17:00:00,4829.0,4769.937
2018-07-04 18:00:00,4718.0,4705.0547
2018-07-04 19:00:00,4582.0,4582.4907
2018-07-04 20:00:00,4418.0,4427.3433
2018-07-04 21:00:00,4308.0,4296.8477
2018-07-04 22:00:00,4095.0,4061.4436
2018-07-04 23:00:00,3893.0,3782.0183
2018-07-05 00:00:00,3639.0,3617.4138
2018-07-05 01:00:00,3412.0,3396.7063
2018-07-05 02:00:00,3259.0,3243.5247
2018-07-05 03:00:00,3139.0,3149.216
2018-07-05 04:00:00,3116.0,3092.5022
2018-07-05 05:00:00,3188.0,3186.3477
2018-07-05 06:00:00,3372.0,3353.4905
2018-07-05 07:00:00,3588.0,3538.1685
2018-07-05 08:00:00,3912.0,3844.6272
2018-07-05 09:00:00,4266.0,4161.541
2018-07-05 10:00:00,4583.0,4517.299
2018-07-05 11:00:00,4838.0,4772.173
2018-07-05 12:00:00,5005.0,4935.092
2018-07-05 13:00:00,5124.0,5096.616
2018-07-05 14:00:00,5044.0,5098.264
2018-07-05 15:00:00,5101.0,5056.167
2018-07-05 16:00:00,4969.0,5071.8784
2018-07-05 17:00:00,4904.0,4920.638
2018-07-05 18:00:00,4746.0,4854.0015
2018-07-05 19:00:00,4528.0,4615.274
2018-07-05 20:00:00,4359.0,4406.6284
2018-07-05 21:00:00,4282.0,4262.302
2018-07-05 22:00:00,4043.0,4058.7224
2018-07-05 23:00:00,3769.0,3777.4377
2018-07-06 00:00:00,3515.0,3495.9644
2018-07-06 01:00:00,3318.0,3294.477
2018-07-06 02:00:00,3110.0,3187.5679
2018-07-06 03:00:00,3042.0,3038.848
2018-07-06 04:00:00,3028.0,3033.4695
2018-07-06 05:00:00,3102.0,3101.8594
2018-07-06 06:00:00,3215.0,3265.4353
2018-07-06 07:00:00,3405.0,3363.2556
2018-07-06 08:00:00,3605.0,3618.7075
2018-07-06 09:00:00,3772.0,3881.3774
2018-07-06 10:00:00,3857.0,3972.672
2018-07-06 11:00:00,3866.0,4003.812
2018-07-06 12:00:00,3966.0,3939.8433
2018-07-06 13:00:00,4039.0,4038.8728
2018-07-06 14:00:00,4142.0,4094.8518
2018-07-06 15:00:00,4232.0,4201.0415
2018-07-06 16:00:00,4307.0,4283.1797
2018-07-06 17:00:00,4318.0,4355.08
2018-07-06 18:00:00,4210.0,4268.91
2018-07-06 19:00:00,4026.0,4072.2422
2018-07-06 20:00:00,3772.0,3935.1775
2018-07-06 21:00:00,3574.0,3693.6028
2018-07-06 22:00:00,3345.0,3380.578
2018-07-06 23:00:00,3072.0,3119.3232
2018-07-07 00:00:00,2789.0,2841.67
2018-07-07 01:00:00,2585.0,2607.154
2018-07-07 02:00:00,2448.0,2451.134
2018-07-07 03:00:00,2372.0,2356.3618
2018-07-07 04:00:00,2317.0,2317.3206
2018-07-07 05:00:00,2351.0,2339.7698
2018-07-07 06:00:00,2331.0,2384.4207
2018-07-07 07:00:00,2447.0,2444.7505
2018-07-07 08:00:00,2641.0,2678.8384
2018-07-07 09:00:00,2848.0,2872.7012
2018-07-07 10:00:00,3027.0,3042.5796
2018-07-07 11:00:00,3163.0,3177.1804
2018-07-07 12:00:00,3277.0,3305.4233
2018-07-07 13:00:00,3351.0,3375.027
2018-07-07 14:00:00,3485.0,3391.9941
2018-07-07 15:00:00,3583.0,3558.2212
2018-07-07 16:00:00,3714.0,3659.4417
2018-07-07 17:00:00,3758.0,3763.845
2018-07-07 18:00:00,3729.0,3742.6938
2018-07-07 19:00:00,3632.0,3593.5972
2018-07-07 20:00:00,3432.0,3530.8367
2018-07-07 21:00:00,3284.0,3363.1013
2018-07-07 22:00:00,3096.0,3122.0398
2018-07-07 23:00:00,2874.0,2879.4744
2018-07-08 00:00:00,2639.0,2639.0596
2018-07-08 01:00:00,2477.0,2480.6296
2018-07-08 02:00:00,2333.0,2358.9736
2018-07-08 03:00:00,2267.0,2256.904
2018-07-08 04:00:00,2212.0,2218.073
2018-07-08 05:00:00,2207.0,2204.0796
2018-07-08 06:00:00,2195.0,2218.0774
2018-07-08 07:00:00,2282.0,2242.805
2018-07-08 08:00:00,2477.0,2467.1558
2018-07-08 09:00:00,2717.0,2713.6926
2018-07-08 10:00:00,2970.0,2936.6335
2018-07-08 11:00:00,3209.0,3155.1628
2018-07-08 12:00:00,3441.0,3336.4116
2018-07-08 13:00:00,3655.0,3591.763
2018-07-08 14:00:00,3841.0,3826.9731
2018-07-08 15:00:00,4047.0,4022.559
2018-07-08 16:00:00,4205.0,4198.0654
2018-07-08 17:00:00,4334.0,4292.535
2018-07-08 18:00:00,4350.0,4278.851
2018-07-08 19:00:00,4268.0,4277.324
2018-07-08 20:00:00,4125.0,4158.5005
2018-07-08 21:00:00,3983.0,4048.252
2018-07-08 22:00:00,3786.0,3783.182
2018-07-08 23:00:00,3483.0,3487.3704
2018-07-09 00:00:00,3194.0,3211.4214
2018-07-09 01:00:00,2986.0,2984.5227
2018-07-09 02:00:00,2826.0,2829.5654
2018-07-09 03:00:00,2745.0,2739.6846
2018-07-09 04:00:00,2707.0,2748.2747
2018-07-09 05:00:00,2837.0,2812.8232
2018-07-09 06:00:00,2992.0,3041.66
2018-07-09 07:00:00,3182.0,3190.7434
2018-07-09 08:00:00,3443.0,3386.1758
2018-07-09 09:00:00,3757.0,3686.9666
2018-07-09 10:00:00,4037.0,4045.183
2018-07-09 11:00:00,4299.0,4273.274
2018-07-09 12:00:00,4515.0,4479.803
2018-07-09 13:00:00,4644.0,4708.3467
2018-07-09 14:00:00,4802.0,4805.6294
2018-07-09 15:00:00,4901.0,4841.742
2018-07-09 16:00:00,4988.0,4933.651
2018-07-09 17:00:00,4973.0,5052.471
2018-07-09 18:00:00,4947.0,5005.195
2018-07-09 19:00:00,4824.0,4751.7344
2018-07-09 20:00:00,4649.0,4686.4604
2018-07-09 21:00:00,4455.0,4583.7285
2018-07-09 22:00:00,4169.0,4137.7173
2018-07-09 23:00:00,3829.0,3798.157
2018-07-10 00:00:00,3540.0,3524.4656
2018-07-10 01:00:00,3287.0,3316.0706
2018-07-10 02:00:00,3128.0,3129.48
2018-07-10 03:00:00,2987.0,3044.058
2018-07-10 04:00:00,2975.0,2983.2786
2018-07-10 05:00:00,3072.0,3073.7131
2018-07-10 06:00:00,3200.0,3250.868
2018-07-10 07:00:00,3416.0,3374.3699
2018-07-10 08:00:00,3698.0,3625.481
2018-07-10 09:00:00,4050.0,3992.6335
2018-07-10 10:00:00,4333.0,4338.254
2018-07-10 11:00:00,4569.0,4523.2466
2018-07-10 12:00:00,4743.0,4753.6826
2018-07-10 13:00:00,4907.0,4840.151
2018-07-10 14:00:00,5023.0,4947.469
2018-07-10 15:00:00,5049.0,5081.538
2018-07-10 16:00:00,5119.0,5079.21
2018-07-10 17:00:00,5102.0,5035.872
2018-07-10 18:00:00,5003.0,5034.6396
2018-07-10 19:00:00,4760.0,4921.509
2018-07-10 20:00:00,4530.0,4552.435
2018-07-10 21:00:00,4414.0,4330.368
2018-07-10 22:00:00,4164.0,4110.341
2018-07-10 23:00:00,3867.0,3784.262
2018-07-11 00:00:00,3572.0,3543.7036
2018-07-11 01:00:00,3387.0,3347.321
2018-07-11 02:00:00,3221.0,3227.7695
2018-07-11 03:00:00,3149.0,3107.9983
2018-07-11 04:00:00,3100.0,3116.1902
2018-07-11 05:00:00,3177.0,3198.0305
2018-07-11 06:00:00,3260.0,3363.3213
2018-07-11 07:00:00,3382.0,3433.1445
2018-07-11 08:00:00,3513.0,3543.8328
2018-07-11 09:00:00,3740.0,3733.6067
2018-07-11 10:00:00,3946.0,3977.927
2018-07-11 11:00:00,4111.0,4129.3257
2018-07-11 12:00:00,4253.0,4271.735
2018-07-11 13:00:00,4425.0,4397.341
2018-07-11 14:00:00,4518.0,4556.4736
2018-07-11 15:00:00,4606.0,4630.7427
2018-07-11 16:00:00,4651.0,4623.3013
2018-07-11 17:00:00,4665.0,4580.629
2018-07-11 18:00:00,4574.0,4512.397
2018-07-11 19:00:00,4418.0,4434.7896
2018-07-11 20:00:00,4174.0,4290.0674
2018-07-11 21:00:00,4048.0,4030.01
2018-07-11 22:00:00,3775.0,3828.58
2018-07-11 23:00:00,3446.0,3438.7183
2018-07-12 00:00:00,3157.0,3173.7332
2018-07-12 01:00:00,2950.0,2950.637
2018-07-12 02:00:00,2786.0,2806.1897
2018-07-12 03:00:00,2670.0,2690.8809
2018-07-12 04:00:00,2665.0,2652.5823
2018-07-12 05:00:00,2722.0,2751.7686
2018-07-12 06:00:00,2881.0,2885.2578
2018-07-12 07:00:00,3085.0,3069.2876
2018-07-12 08:00:00,3283.0,3273.0862
2018-07-12 09:00:00,3499.0,3506.647
2018-07-12 10:00:00,3718.0,3702.0977
2018-07-12 11:00:00,3844.0,3909.5237
2018-07-12 12:00:00,4019.0,4027.416
2018-07-12 13:00:00,4172.0,4195.3203
2018-07-12 14:00:00,4314.0,4303.3403
2018-07-12 15:00:00,4411.0,4407.437
2018-07-12 16:00:00,4513.0,4471.807
2018-07-12 17:00:00,4526.0,4514.459
2018-07-12 18:00:00,4467.0,4431.2817
2018-07-12 19:00:00,4333.0,4348.584
2018-07-12 20:00:00,4126.0,4150.499
2018-07-12 21:00:00,3982.0,4033.4907
2018-07-12 22:00:00,3729.0,3769.9329
2018-07-12 23:00:00,3410.0,3378.0889
2018-07-13 00:00:00,3105.0,3125.9185
2018-07-13 01:00:00,2890.0,2909.5144
2018-07-13 02:00:00,2748.0,2741.9114
2018-07-13 03:00:00,2661.0,2647.7693
2018-07-13 04:00:00,2655.0,2650.2341
2018-07-13 05:00:00,2756.0,2747.5986
2018-07-13 06:00:00,2896.0,2942.6868
2018-07-13 07:00:00,3094.0,3076.7773
2018-07-13 08:00:00,3351.0,3304.022
2018-07-13 09:00:00,3597.0,3569.9622
2018-07-13 10:00:00,3856.0,3832.7651
2018-07-13 11:00:00,4057.0,4076.271
2018-07-13 12:00:00,4279.0,4251.0156
2018-07-13 13:00:00,4451.0,4426.1924
2018-07-13 14:00:00,4624.0,4527.5127
2018-07-13 15:00:00,4718.0,4718.7163
2018-07-13 16:00:00,4823.0,4777.0293
2018-07-13 17:00:00,4847.0,4784.0054
2018-07-13 18:00:00,4755.0,4700.7217
2018-07-13 19:00:00,4593.0,4552.394
2018-07-13 20:00:00,4382.0,4402.318
2018-07-13 21:00:00,4244.0,4232.6973
2018-07-13 22:00:00,3967.0,3977.4485
2018-07-13 23:00:00,3661.0,3653.6936
2018-07-14 00:00:00,3360.0,3380.0374
2018-07-14 01:00:00,3153.0,3142.0933
2018-07-14 02:00:00,2956.0,2977.2344
2018-07-14 03:00:00,2807.0,2825.936
2018-07-14 04:00:00,2729.0,2735.1382
2018-07-14 05:00:00,2745.0,2723.0793
2018-07-14 06:00:00,2750.0,2776.0251
2018-07-14 07:00:00,2866.0,2838.519
2018-07-14 08:00:00,3101.0,3108.2202
2018-07-14 09:00:00,3447.0,3404.1348
2018-07-14 10:00:00,3786.0,3747.2485
2018-07-14 11:00:00,4072.0,4069.9407
2018-07-14 12:00:00,4291.0,4298.3403
2018-07-14 13:00:00,4411.0,4440.2144
2018-07-14 14:00:00,4566.0,4492.0884
2018-07-14 15:00:00,4669.0,4643.7676
2018-07-14 16:00:00,4743.0,4656.3027
2018-07-14 17:00:00,4758.0,4664.3315
2018-07-14 18:00:00,4753.0,4622.114
2018-07-14 19:00:00,4562.0,4524.215
2018-07-14 20:00:00,4376.0,4421.7764
2018-07-14 21:00:00,4246.0,4258.2344
2018-07-14 22:00:00,4064.0,3994.0352
2018-07-14 23:00:00,3756.0,3717.2383
2018-07-15 00:00:00,3505.0,3481.7212
2018-07-15 01:00:00,3292.0,3269.2495
2018-07-15 02:00:00,3109.0,3118.6042
2018-07-15 03:00:00,2984.0,2999.3481
2018-07-15 04:00:00,2905.0,2916.4407
2018-07-15 05:00:00,2887.0,2881.848
2018-07-15 06:00:00,2872.0,2895.482
2018-07-15 07:00:00,2929.0,2967.8298
2018-07-15 08:00:00,3034.0,3136.4932
2018-07-15 09:00:00,3245.0,3279.2346
2018-07-15 10:00:00,3491.0,3526.2922
2018-07-15 11:00:00,3745.0,3767.32
2018-07-15 12:00:00,3925.0,3997.6265
2018-07-15 13:00:00,4106.0,4082.6118
2018-07-15 14:00:00,4202.0,4224.3477
2018-07-15 15:00:00,4308.0,4276.6807
2018-07-15 16:00:00,4419.0,4401.1445
2018-07-15 17:00:00,4418.0,4464.584
2018-07-15 18:00:00,4351.0,4395.8584
2018-07-15 19:00:00,4236.0,4199.175
2018-07-15 20:00:00,4139.0,4077.1128
2018-07-15 21:00:00,4063.0,4051.5928
2018-07-15 22:00:00,3865.0,3846.2249
2018-07-15 23:00:00,3570.0,3597.9846
2018-07-16 00:00:00,3349.0,3331.25
2018-07-16 01:00:00,3160.0,3140.276
2018-07-16 02:00:00,3075.0,3014.9736
2018-07-16 03:00:00,3050.0,2988.2725
2018-07-16 04:00:00,3040.0,3042.317
2018-07-16 05:00:00,3132.0,3143.7786
2018-07-16 06:00:00,3310.0,3308.933
2018-07-16 07:00:00,3506.0,3496.5557
2018-07-16 08:00:00,3740.0,3670.5605
2018-07-16 09:00:00,3990.0,3970.7703
2018-07-16 10:00:00,4208.0,4218.119
2018-07-16 11:00:00,4382.0,4408.899
2018-07-16 12:00:00,4472.0,4545.2812
2018-07-16 13:00:00,4539.0,4539.3555
2018-07-16 14:00:00,4610.0,4555.532
2018-07-16 15:00:00,4679.0,4577.0146
2018-07-16 16:00:00,4774.0,4645.195
2018-07-16 17:00:00,4827.0,4815.258
2018-07-16 18:00:00,4843.0,4770.9146
2018-07-16 19:00:00,4699.0,4659.474
2018-07-16 20:00:00,4504.0,4547.3506
2018-07-16 21:00:00,4375.0,4359.416
2018-07-16 22:00:00,4120.0,4112.029
2018-07-16 23:00:00,3810.0,3797.3325
2018-07-17 00:00:00,3526.0,3516.3965
2018-07-17 01:00:00,3303.0,3304.5498
2018-07-17 02:00:00,3163.0,3140.4846
2018-07-17 03:00:00,3076.0,3069.8545
2018-07-17 04:00:00,3055.0,3053.9036
2018-07-17 05:00:00,3156.0,3116.7754
2018-07-17 06:00:00,3304.0,3351.7751
2018-07-17 07:00:00,3461.0,3475.8853
2018-07-17 08:00:00,3643.0,3658.2947
2018-07-17 09:00:00,3855.0,3839.9924
2018-07-17 10:00:00,4029.0,4058.3264
2018-07-17 11:00:00,4176.0,4195.706
2018-07-17 12:00:00,4307.0,4363.2505
2018-07-17 13:00:00,4435.0,4435.0176
2018-07-17 14:00:00,4561.0,4549.105
2018-07-17 15:00:00,4635.0,4590.209
2018-07-17 16:00:00,4752.0,4683.0005
2018-07-17 17:00:00,4744.0,4727.499
2018-07-17 18:00:00,4663.0,4647.355
2018-07-17 19:00:00,4482.0,4487.2466
2018-07-17 20:00:00,4300.0,4316.934
2018-07-17 21:00:00,4154.0,4165.7793
2018-07-17 22:00:00,3892.0,3919.1292
2018-07-17 23:00:00,3543.0,3587.709
2018-07-18 00:00:00,3230.0,3280.5806
2018-07-18 01:00:00,3011.0,3024.482
2018-07-18 02:00:00,2834.0,2865.7705
2018-07-18 03:00:00,2719.0,2738.358
2018-07-18 04:00:00,2662.0,2700.058
2018-07-18 05:00:00,2748.0,2737.449
2018-07-18 06:00:00,2857.0,2911.6338
2018-07-18 07:00:00,3034.0,3031.0496
2018-07-18 08:00:00,3258.0,3250.3442
2018-07-18 09:00:00,3476.0,3499.4363
2018-07-18 10:00:00,3701.0,3710.521
2018-07-18 11:00:00,3891.0,3888.2388
2018-07-18 12:00:00,4026.0,4029.908
2018-07-18 13:00:00,4211.0,4175.852
2018-07-18 14:00:00,4348.0,4347.6597
2018-07-18 15:00:00,4426.0,4447.7437
2018-07-18 16:00:00,4457.0,4490.0566
2018-07-18 17:00:00,4487.0,4471.1772
2018-07-18 18:00:00,4446.0,4391.716
2018-07-18 19:00:00,4330.0,4284.9697
2018-07-18 20:00:00,4132.0,4165.2793
2018-07-18 21:00:00,4013.0,4027.5696
2018-07-18 22:00:00,3761.0,3775.565
2018-07-18 23:00:00,3416.0,3436.0151
2018-07-19 00:00:00,3139.0,3130.5444
2018-07-19 01:00:00,2930.0,2942.0725
2018-07-19 02:00:00,2740.0,2783.9187
2018-07-19 03:00:00,2639.0,2641.3818
2018-07-19 04:00:00,2657.0,2636.1868
2018-07-19 05:00:00,2723.0,2751.602
2018-07-19 06:00:00,2894.0,2890.8567
2018-07-19 07:00:00,3055.0,3077.7832
2018-07-19 08:00:00,3273.0,3258.2703
2018-07-19 09:00:00,3517.0,3504.8188
2018-07-19 10:00:00,3680.0,3751.7996
2018-07-19 11:00:00,3854.0,3848.6018
2018-07-19 12:00:00,4013.0,4028.276
2018-07-19 13:00:00,4179.0,4146.6265
2018-07-19 14:00:00,4287.0,4307.4175
2018-07-19 15:00:00,4401.0,4338.8784
2018-07-19 16:00:00,4502.0,4441.043
2018-07-19 17:00:00,4551.0,4466.1387
2018-07-19 18:00:00,4515.0,4455.0117
2018-07-19 19:00:00,4387.0,4394.3
2018-07-19 20:00:00,4153.0,4246.4375
2018-07-19 21:00:00,4024.0,4055.864
2018-07-19 22:00:00,3763.0,3805.819
2018-07-19 23:00:00,3438.0,3430.7686
2018-07-20 00:00:00,3153.0,3154.747
2018-07-20 01:00:00,2946.0,2951.1301
2018-07-20 02:00:00,2804.0,2785.396
2018-07-20 03:00:00,2721.0,2724.9485
2018-07-20 04:00:00,2734.0,2714.8455
2018-07-20 05:00:00,2871.0,2851.962
2018-07-20 06:00:00,3069.0,3095.316
2018-07-20 07:00:00,3222.0,3257.4988
2018-07-20 08:00:00,3330.0,3426.5422
2018-07-20 09:00:00,3426.0,3502.6807
2018-07-20 10:00:00,3492.0,3570.0884
2018-07-20 11:00:00,3503.0,3616.7378
2018-07-20 12:00:00,3512.0,3579.1946
2018-07-20 13:00:00,3514.0,3545.876
2018-07-20 14:00:00,3576.0,3527.7278
2018-07-20 15:00:00,3386.0,3611.5486
2018-07-20 16:00:00,3237.0,3365.943
2018-07-20 17:00:00,3181.0,3185.2505
2018-07-20 18:00:00,3113.0,3132.4756
2018-07-20 19:00:00,3049.0,3096.4912
2018-07-20 20:00:00,3078.0,3052.6162
2018-07-20 21:00:00,3049.0,3087.5925
2018-07-20 22:00:00,2931.0,2946.8833
2018-07-20 23:00:00,2767.0,2735.3442
2018-07-21 00:00:00,2602.0,2596.4065
2018-07-21 01:00:00,2524.0,2485.7048
2018-07-21 02:00:00,2416.0,2438.7666
2018-07-21 03:00:00,2388.0,2369.1772
2018-07-21 04:00:00,2338.0,2380.0193
2018-07-21 05:00:00,2363.0,2375.9265
2018-07-21 06:00:00,2422.0,2387.7546
2018-07-21 07:00:00,2404.0,2502.4263
2018-07-21 08:00:00,2673.0,2561.6428
2018-07-21 09:00:00,2864.0,2854.945
2018-07-21 10:00:00,2982.0,3018.7278
2018-07-21 11:00:00,3147.0,3047.6877
2018-07-21 12:00:00,3247.0,3222.344
2018-07-21 13:00:00,3221.0,3303.266
2018-07-21 14:00:00,3254.0,3257.6064
2018-07-21 15:00:00,3271.0,3262.9297
2018-07-21 16:00:00,3245.0,3282.223
2018-07-21 17:00:00,3237.0,3236.309
2018-07-21 18:00:00,3253.0,3212.3926
2018-07-21 19:00:00,3163.0,3221.2297
2018-07-21 20:00:00,3147.0,3134.4297
2018-07-21 21:00:00,3163.0,3156.4902
2018-07-21 22:00:00,3040.0,3021.4426
2018-07-21 23:00:00,2908.0,2862.882
2018-07-22 00:00:00,2722.0,2754.8354
2018-07-22 01:00:00,2548.0,2593.975
2018-07-22 02:00:00,2488.0,2433.33
2018-07-22 03:00:00,2439.0,2396.1672
2018-07-22 04:00:00,2403.0,2420.5278
2018-07-22 05:00:00,2430.0,2428.4094
2018-07-22 06:00:00,2446.0,2458.974
2018-07-22 07:00:00,2507.0,2544.7642
2018-07-22 08:00:00,2619.0,2658.1936
2018-07-22 09:00:00,2774.0,2806.5488
2018-07-22 10:00:00,2816.0,2940.8262
2018-07-22 11:00:00,3014.0,2899.153
2018-07-22 12:00:00,3126.0,3120.1907
2018-07-22 13:00:00,3252.0,3188.2717
2018-07-22 14:00:00,3355.0,3315.6006
2018-07-22 15:00:00,3482.0,3419.494
2018-07-22 16:00:00,3591.0,3571.108
2018-07-22 17:00:00,3678.0,3668.194
2018-07-22 18:00:00,3716.0,3701.6729
2018-07-22 19:00:00,3663.0,3647.2773
2018-07-22 20:00:00,3557.0,3591.2412
2018-07-22 21:00:00,3479.0,3517.346
2018-07-22 22:00:00,3263.0,3306.9363
2018-07-22 23:00:00,3015.0,3034.0654
2018-07-23 00:00:00,2867.0,2781.1108
2018-07-23 01:00:00,2646.0,2699.2969
2018-07-23 02:00:00,2541.0,2538.5732
2018-07-23 03:00:00,2499.0,2468.5276
2018-07-23 04:00:00,2534.0,2488.8403
2018-07-23 05:00:00,2510.0,2679.966
2018-07-23 06:00:00,2800.0,2693.277
2018-07-23 07:00:00,2972.0,2999.1042
2018-07-23 08:00:00,3102.0,3168.0352
2018-07-23 09:00:00,3248.0,3286.36
2018-07-23 10:00:00,3402.0,3412.2175
2018-07-23 11:00:00,3516.0,3541.8567
2018-07-23 12:00:00,3612.0,3625.3423
2018-07-23 13:00:00,3712.0,3695.8262
2018-07-23 14:00:00,3732.0,3762.728
2018-07-23 15:00:00,3738.0,3764.0557
2018-07-23 16:00:00,3709.0,3738.5464
2018-07-23 17:00:00,3748.0,3677.9707
2018-07-23 18:00:00,3741.0,3739.6863
2018-07-23 19:00:00,3690.0,3640.7952
2018-07-23 20:00:00,3592.0,3601.7026
2018-07-23 21:00:00,3593.0,3516.6775
2018-07-23 22:00:00,3385.0,3379.644
2018-07-23 23:00:00,3152.0,3112.528
2018-07-24 00:00:00,2904.0,2938.311
2018-07-24 01:00:00,2745.0,2710.6655
2018-07-24 02:00:00,2624.0,2611.6611
2018-07-24 03:00:00,2624.0,2554.6516
2018-07-24 04:00:00,2643.0,2624.275
2018-07-24 05:00:00,2686.0,2772.633
2018-07-24 06:00:00,2841.0,2858.1162
2018-07-24 07:00:00,2984.0,3018.4026
2018-07-24 08:00:00,3180.0,3163.2617
2018-07-24 09:00:00,3325.0,3389.1226
2018-07-24 10:00:00,3515.0,3505.3765
2018-07-24 11:00:00,3613.0,3642.844
2018-07-24 12:00:00,3761.0,3696.527
2018-07-24 13:00:00,3903.0,3848.2625
2018-07-24 14:00:00,3946.0,4017.2686
2018-07-24 15:00:00,3923.0,4006.641
2018-07-24 16:00:00,3965.0,3907.701
2018-07-24 17:00:00,3960.0,3960.032
2018-07-24 18:00:00,3954.0,3925.8643
2018-07-24 19:00:00,3851.0,3837.6006
2018-07-24 20:00:00,3766.0,3739.421
2018-07-24 21:00:00,3720.0,3694.621
2018-07-24 22:00:00,3476.0,3481.113
2018-07-24 23:00:00,3189.0,3175.05
2018-07-25 00:00:00,2927.0,2918.523
2018-07-25 01:00:00,2769.0,2741.5818
2018-07-25 02:00:00,2644.0,2644.9905
2018-07-25 03:00:00,2597.0,2563.7842
2018-07-25 04:00:00,2596.0,2583.8997
2018-07-25 05:00:00,2706.0,2713.11
2018-07-25 06:00:00,2903.0,2888.8064
2018-07-25 07:00:00,3043.0,3095.3171
2018-07-25 08:00:00,3280.0,3236.6313
2018-07-25 09:00:00,3486.0,3509.5808
2018-07-25 10:00:00,3724.0,3676.3281
2018-07-25 11:00:00,3912.0,3866.406
2018-07-25 12:00:00,4087.0,4044.8467
2018-07-25 13:00:00,4272.0,4239.4854
2018-07-25 14:00:00,4420.0,4410.3
2018-07-25 15:00:00,4534.0,4522.4683
2018-07-25 16:00:00,4594.0,4606.7944
2018-07-25 17:00:00,4597.0,4572.5635
2018-07-25 18:00:00,4536.0,4486.113
2018-07-25 19:00:00,4413.0,4368.929
2018-07-25 20:00:00,4185.0,4252.8335
2018-07-25 21:00:00,4072.0,4085.5889
2018-07-25 22:00:00,3802.0,3811.2676
2018-07-25 23:00:00,3466.0,3459.2532
2018-07-26 00:00:00,3165.0,3185.6887
2018-07-26 01:00:00,2973.0,2950.1252
2018-07-26 02:00:00,2813.0,2804.378
2018-07-26 03:00:00,2715.0,2726.0005
2018-07-26 04:00:00,2679.0,2700.332
2018-07-26 05:00:00,2765.0,2771.0703
2018-07-26 06:00:00,2924.0,2933.2976
2018-07-26 07:00:00,3128.0,3112.3962
2018-07-26 08:00:00,3340.0,3326.522
2018-07-26 09:00:00,3596.0,3545.852
2018-07-26 10:00:00,3864.0,3831.9834
2018-07-26 11:00:00,4081.0,4086.296
2018-07-26 12:00:00,4265.0,4272.4717
2018-07-26 13:00:00,4406.0,4391.285
2018-07-26 14:00:00,4506.0,4485.2217
2018-07-26 15:00:00,4551.0,4543.2725
2018-07-26 16:00:00,4625.0,4554.541
2018-07-26 17:00:00,4629.0,4610.013
2018-07-26 18:00:00,4523.0,4533.1396
2018-07-26 19:00:00,4317.0,4358.9473
2018-07-26 20:00:00,4203.0,4171.102
2018-07-26 21:00:00,4083.0,4084.9292
2018-07-26 22:00:00,3791.0,3839.8396
2018-07-26 23:00:00,3526.0,3462.8154
2018-07-27 00:00:00,3256.0,3231.636
2018-07-27 01:00:00,3067.0,3051.1763
2018-07-27 02:00:00,2911.0,2923.7913
2018-07-27 03:00:00,2792.0,2817.1638
2018-07-27 04:00:00,2748.0,2770.6807
2018-07-27 05:00:00,2802.0,2837.969
2018-07-27 06:00:00,2944.0,2931.9023
2018-07-27 07:00:00,3091.0,3101.1514
2018-07-27 08:00:00,3285.0,3280.7722
2018-07-27 09:00:00,3538.0,3477.5564
2018-07-27 10:00:00,3732.0,3750.4365
2018-07-27 11:00:00,3853.0,3943.1494
2018-07-27 12:00:00,3947.0,3996.4192
2018-07-27 13:00:00,4077.0,4051.3267
2018-07-27 14:00:00,4129.0,4143.554
2018-07-27 15:00:00,4173.0,4174.3877
2018-07-27 16:00:00,4174.0,4163.075
2018-07-27 17:00:00,4161.0,4126.6084
2018-07-27 18:00:00,4012.0,4063.4844
2018-07-27 19:00:00,3835.0,3862.1746
2018-07-27 20:00:00,3656.0,3698.8699
2018-07-27 21:00:00,3541.0,3585.938
2018-07-27 22:00:00,3348.0,3388.0764
2018-07-27 23:00:00,3068.0,3090.8616
2018-07-28 00:00:00,2859.0,2824.6626
2018-07-28 01:00:00,2674.0,2666.0144
2018-07-28 02:00:00,2545.0,2546.8706
2018-07-28 03:00:00,2461.0,2458.898
2018-07-28 04:00:00,2425.0,2417.5361
2018-07-28 05:00:00,2415.0,2445.1428
2018-07-28 06:00:00,2453.0,2442.5688
2018-07-28 07:00:00,2527.0,2552.704
2018-07-28 08:00:00,2729.0,2726.4412
2018-07-28 09:00:00,2953.0,2991.09
2018-07-28 10:00:00,3127.0,3159.4312
2018-07-28 11:00:00,3303.0,3264.2869
2018-07-28 12:00:00,3378.0,3450.5679
2018-07-28 13:00:00,3458.0,3430.1707
2018-07-28 14:00:00,3535.0,3510.2805
2018-07-28 15:00:00,3642.0,3585.0034
2018-07-28 16:00:00,3678.0,3727.862
2018-07-28 17:00:00,3772.0,3724.0574
2018-07-28 18:00:00,3684.0,3770.6733
2018-07-28 19:00:00,3606.0,3571.3662
2018-07-28 20:00:00,3450.0,3523.4482
2018-07-28 21:00:00,3369.0,3389.8145
2018-07-28 22:00:00,3201.0,3206.4695
2018-07-28 23:00:00,2925.0,2961.3726
2018-07-29 00:00:00,2726.0,2691.373
2018-07-29 01:00:00,2561.0,2543.0723
2018-07-29 02:00:00,2446.0,2431.8354
2018-07-29 03:00:00,2349.0,2357.559
2018-07-29 04:00:00,2311.0,2293.2183
2018-07-29 05:00:00,2287.0,2308.1282
2018-07-29 06:00:00,2309.0,2310.3853
2018-07-29 07:00:00,2335.0,2359.793
2018-07-29 08:00:00,2554.0,2518.666
2018-07-29 09:00:00,2810.0,2783.845
2018-07-29 10:00:00,3052.0,3052.0554
2018-07-29 11:00:00,3246.0,3242.7273
2018-07-29 12:00:00,3373.0,3379.46
2018-07-29 13:00:00,3487.0,3487.1724
2018-07-29 14:00:00,3541.0,3605.9177
2018-07-29 15:00:00,3596.0,3649.0564
2018-07-29 16:00:00,3661.0,3659.8413
2018-07-29 17:00:00,3699.0,3692.4202
2018-07-29 18:00:00,3670.0,3633.2236
2018-07-29 19:00:00,3589.0,3570.622
2018-07-29 20:00:00,3511.0,3496.1482
2018-07-29 21:00:00,3503.0,3440.7727
2018-07-29 22:00:00,3311.0,3311.9353
2018-07-29 23:00:00,3089.0,3045.6433
2018-07-30 00:00:00,2861.0,2876.2573
2018-07-30 01:00:00,2711.0,2684.107
2018-07-30 02:00:00,2626.0,2597.1165
2018-07-30 03:00:00,2542.0,2570.473
2018-07-30 04:00:00,2579.0,2544.387
2018-07-30 05:00:00,2672.0,2670.7458
2018-07-30 06:00:00,2918.0,2869.2012
2018-07-30 07:00:00,3038.0,3114.9324
2018-07-30 08:00:00,3169.0,3233.8267
2018-07-30 09:00:00,3303.0,3340.5864
2018-07-30 10:00:00,3472.0,3442.5269
2018-07-30 11:00:00,3556.0,3587.213
2018-07-30 12:00:00,3766.0,3634.8386
2018-07-30 13:00:00,3905.0,3873.2998
2018-07-30 14:00:00,3994.0,4032.7317
2018-07-30 15:00:00,4072.0,4056.1594
2018-07-30 16:00:00,3995.0,4124.3213
2018-07-30 17:00:00,3910.0,3966.936
2018-07-30 18:00:00,3862.0,3812.2087
2018-07-30 19:00:00,3766.0,3753.5352
2018-07-30 20:00:00,3691.0,3659.6807
2018-07-30 21:00:00,3659.0,3613.9958
2018-07-30 22:00:00,3468.0,3424.5718
2018-07-30 23:00:00,3186.0,3196.5688
2018-07-31 00:00:00,2977.0,2931.0166
2018-07-31 01:00:00,2810.0,2784.6133
2018-07-31 02:00:00,2708.0,2692.6672
2018-07-31 03:00:00,2618.0,2646.8206
2018-07-31 04:00:00,2637.0,2625.2012
2018-07-31 05:00:00,2786.0,2773.682
2018-07-31 06:00:00,3002.0,3025.9556
2018-07-31 07:00:00,3157.0,3182.2715
2018-07-31 08:00:00,3255.0,3317.2236
2018-07-31 09:00:00,3293.0,3402.4834
2018-07-31 10:00:00,3426.0,3417.2349
2018-07-31 11:00:00,3526.0,3552.2358
2018-07-31 12:00:00,3589.0,3607.7046
2018-07-31 13:00:00,3700.0,3644.3699
2018-07-31 14:00:00,3877.0,3748.5068
2018-07-31 15:00:00,4009.0,3984.0789
2018-07-31 16:00:00,4074.0,4076.235
2018-07-31 17:00:00,4119.0,4095.1965
2018-07-31 18:00:00,4061.0,4102.59
2018-07-31 19:00:00,3918.0,3960.216
2018-07-31 20:00:00,3781.0,3820.443
2018-07-31 21:00:00,3714.0,3699.3596
2018-07-31 22:00:00,3503.0,3476.7808
2018-07-31 23:00:00,3187.0,3204.9766
2018-08-01 00:00:00,2971.0,2930.5298
2018-08-01 01:00:00,2807.0,2779.212
2018-08-01 02:00:00,2695.0,2693.6382
2018-08-01 03:00:00,2615.0,2629.2021
2018-08-01 04:00:00,2624.0,2620.474
2018-08-01 05:00:00,2737.0,2744.948
2018-08-01 06:00:00,2963.0,2923.1477
2018-08-01 07:00:00,3097.0,3106.131
2018-08-01 08:00:00,3210.0,3240.527
2018-08-01 09:00:00,3301.0,3334.3604
2018-08-01 10:00:00,3384.0,3444.3623
2018-08-01 11:00:00,3465.0,3480.9062
2018-08-01 12:00:00,3545.0,3515.592
2018-08-01 13:00:00,3670.0,3616.6702
2018-08-01 14:00:00,3748.0,3743.6982
2018-08-01 15:00:00,3859.0,3829.1846
2018-08-01 16:00:00,3931.0,3931.8145
2018-08-01 17:00:00,3972.0,3968.2568
2018-08-01 18:00:00,3873.0,3939.2856
2018-08-01 19:00:00,3793.0,3757.7483
2018-08-01 20:00:00,3688.0,3712.5808
2018-08-01 21:00:00,3687.0,3598.6348
2018-08-01 22:00:00,3467.0,3445.9473
2018-08-01 23:00:00,3209.0,3193.6152
2018-08-02 00:00:00,2963.0,2970.6047
2018-08-02 01:00:00,2791.0,2767.3713
2018-08-02 02:00:00,2682.0,2670.9314
2018-08-02 03:00:00,2613.0,2612.8867
2018-08-02 04:00:00,2613.0,2635.9458
2018-08-02 05:00:00,2728.0,2745.4019
2018-08-02 06:00:00,2956.0,2932.383
2018-08-02 07:00:00,3083.0,3122.1833
2018-08-02 08:00:00,3239.0,3219.1724
2018-08-02 09:00:00,3359.0,3418.3708
2018-08-02 10:00:00,3536.0,3501.5796
2018-08-02 11:00:00,3674.0,3640.881
2018-08-02 12:00:00,3890.0,3788.1633
2018-08-02 13:00:00,3991.0,4007.0632
2018-08-02 14:00:00,4070.0,4070.4236
2018-08-02 15:00:00,4113.0,4139.639
2018-08-02 16:00:00,4136.0,4153.2593
2018-08-02 17:00:00,4168.0,4114.4526
2018-08-02 18:00:00,4122.0,4073.307
2018-08-02 19:00:00,4052.0,4013.9954
2018-08-02 20:00:00,3892.0,3958.5
2018-08-02 21:00:00,3851.0,3805.9558
2018-08-02 22:00:00,3575.0,3594.1091
2018-08-02 23:00:00,3281.0,3277.838
