Datetime,Actual,Predicted
2016-07-20 21:00:00,2017.0,2064.3845
2016-07-20 22:00:00,1873.0,1876.664
2016-07-20 23:00:00,1657.0,1711.7966
2016-07-21 00:00:00,1522.0,1551.331
2016-07-21 01:00:00,1448.0,1448.4259
2016-07-21 02:00:00,1385.0,1402.5277
2016-07-21 03:00:00,1347.0,1359.042
2016-07-21 04:00:00,1341.0,1353.8358
2016-07-21 05:00:00,1391.0,1400.4008
2016-07-21 06:00:00,1453.0,1466.8813
2016-07-21 07:00:00,1568.0,1555.8217
2016-07-21 08:00:00,1690.0,1675.0996
2016-07-21 09:00:00,1831.0,1797.4904
2016-07-21 10:00:00,1974.0,1949.0028
2016-07-21 11:00:00,2110.0,2068.6003
2016-07-21 12:00:00,2227.0,2196.1333
2016-07-21 13:00:00,2348.0,2316.4563
2016-07-21 14:00:00,2459.0,2411.2258
2016-07-21 15:00:00,2498.0,2523.301
2016-07-21 16:00:00,2551.0,2570.4302
2016-07-21 17:00:00,2538.0,2561.452
2016-07-21 18:00:00,2499.0,2466.9993
2016-07-21 19:00:00,2451.0,2409.8552
2016-07-21 20:00:00,2386.0,2362.3552
2016-07-21 21:00:00,2326.0,2344.3062
2016-07-21 22:00:00,2181.0,2187.6458
2016-07-21 23:00:00,2025.0,2011.6045
2016-07-22 00:00:00,1876.0,1872.7588
2016-07-22 01:00:00,1755.0,1768.5593
2016-07-22 02:00:00,1704.0,1688.3046
2016-07-22 03:00:00,1658.0,1658.8541
2016-07-22 04:00:00,1645.0,1651.6005
2016-07-22 05:00:00,1696.0,1691.0376
2016-07-22 06:00:00,1769.0,1780.2806
2016-07-22 07:00:00,1838.0,1886.7782
2016-07-22 08:00:00,1911.0,1944.1876
2016-07-22 09:00:00,1991.0,2030.8906
2016-07-22 10:00:00,2040.0,2097.7617
2016-07-22 11:00:00,2019.0,2122.3162
2016-07-22 12:00:00,2040.0,2047.5726
2016-07-22 13:00:00,2150.0,2060.42
2016-07-22 14:00:00,2252.0,2193.6108
2016-07-22 15:00:00,2380.0,2301.553
2016-07-22 16:00:00,2482.0,2422.065
2016-07-22 17:00:00,2527.0,2493.4927
2016-07-22 18:00:00,2487.0,2481.6257
2016-07-22 19:00:00,2426.0,2372.5657
2016-07-22 20:00:00,2327.0,2331.6794
2016-07-22 21:00:00,2263.0,2291.0183
2016-07-22 22:00:00,2121.0,2125.8523
2016-07-22 23:00:00,1961.0,1951.0889
2016-07-23 00:00:00,1837.0,1831.7136
2016-07-23 01:00:00,1741.0,1743.9169
2016-07-23 02:00:00,1666.0,1677.1154
2016-07-23 03:00:00,1603.0,1615.4548
2016-07-23 04:00:00,1576.0,1581.2072
2016-07-23 05:00:00,1563.0,1584.686
2016-07-23 06:00:00,1571.0,1594.9773
2016-07-23 07:00:00,1652.0,1617.6504
2016-07-23 08:00:00,1803.0,1760.0526
2016-07-23 09:00:00,2005.0,1932.9548
2016-07-23 10:00:00,2182.0,2141.9414
2016-07-23 11:00:00,2326.0,2302.4204
2016-07-23 12:00:00,2426.0,2417.7476
2016-07-23 13:00:00,2481.0,2512.7366
2016-07-23 14:00:00,2495.0,2521.384
2016-07-23 15:00:00,2426.0,2552.6553
2016-07-23 16:00:00,2435.0,2450.3394
2016-07-23 17:00:00,2452.0,2398.5134
2016-07-23 18:00:00,2421.0,2402.823
2016-07-23 19:00:00,2324.0,2358.3975
2016-07-23 20:00:00,2257.0,2268.5508
2016-07-23 21:00:00,2205.0,2237.4321
2016-07-23 22:00:00,2096.0,2088.2812
2016-07-23 23:00:00,1946.0,1964.1075
2016-07-24 00:00:00,1799.0,1814.6711
2016-07-24 01:00:00,1691.0,1700.4592
2016-07-24 02:00:00,1601.0,1615.538
2016-07-24 03:00:00,1558.0,1542.6364
2016-07-24 04:00:00,1520.0,1520.1157
2016-07-24 05:00:00,1506.0,1529.6658
2016-07-24 06:00:00,1484.0,1512.1082
2016-07-24 07:00:00,1544.0,1517.9742
2016-07-24 08:00:00,1695.0,1642.4812
2016-07-24 09:00:00,1866.0,1831.4757
2016-07-24 10:00:00,2057.0,2011.2689
2016-07-24 11:00:00,2226.0,2180.7947
2016-07-24 12:00:00,2375.0,2310.0056
2016-07-24 13:00:00,2481.0,2438.873
2016-07-24 14:00:00,2526.0,2513.4204
2016-07-24 15:00:00,2476.0,2562.1418
2016-07-24 16:00:00,2371.0,2500.0044
2016-07-24 17:00:00,2208.0,2362.637
2016-07-24 18:00:00,2154.0,2144.0493
2016-07-24 19:00:00,2108.0,2091.6448
2016-07-24 20:00:00,2083.0,2062.8838
2016-07-24 21:00:00,2075.0,2064.2258
2016-07-24 22:00:00,1958.0,1957.1117
2016-07-24 23:00:00,1811.0,1821.6881
2016-07-25 00:00:00,1693.0,1684.9438
2016-07-25 01:00:00,1612.0,1604.7723
2016-07-25 02:00:00,1560.0,1562.122
2016-07-25 03:00:00,1556.0,1523.162
2016-07-25 04:00:00,1539.0,1548.7856
2016-07-25 05:00:00,1621.0,1603.8425
2016-07-25 06:00:00,1732.0,1723.4608
2016-07-25 07:00:00,1858.0,1846.8348
2016-07-25 08:00:00,2006.0,1969.906
2016-07-25 09:00:00,2204.0,2139.7075
2016-07-25 10:00:00,2406.0,2338.0068
2016-07-25 11:00:00,2558.0,2511.0957
2016-07-25 12:00:00,2670.0,2640.8208
2016-07-25 13:00:00,2767.0,2761.0325
2016-07-25 14:00:00,2766.0,2801.3176
2016-07-25 15:00:00,2641.0,2815.664
2016-07-25 16:00:00,2653.0,2600.948
2016-07-25 17:00:00,2692.0,2540.4822
2016-07-25 18:00:00,2694.0,2574.4543
2016-07-25 19:00:00,2621.0,2619.5356
2016-07-25 20:00:00,2533.0,2540.8252
2016-07-25 21:00:00,2452.0,2470.4836
2016-07-25 22:00:00,2290.0,2279.9353
2016-07-25 23:00:00,2078.0,2095.8809
2016-07-26 00:00:00,1910.0,1941.0934
2016-07-26 01:00:00,1787.0,1814.316
2016-07-26 02:00:00,1702.0,1723.0375
2016-07-26 03:00:00,1647.0,1656.616
2016-07-26 04:00:00,1637.0,1651.4481
2016-07-26 05:00:00,1675.0,1690.3593
2016-07-26 06:00:00,1752.0,1766.3344
2016-07-26 07:00:00,1883.0,1868.491
2016-07-26 08:00:00,2024.0,1997.1482
2016-07-26 09:00:00,2159.0,2147.7793
2016-07-26 10:00:00,2314.0,2303.463
2016-07-26 11:00:00,2407.0,2453.3909
2016-07-26 12:00:00,2480.0,2511.6655
2016-07-26 13:00:00,2547.0,2549.4717
2016-07-26 14:00:00,2590.0,2602.8645
2016-07-26 15:00:00,2610.0,2581.0605
2016-07-26 16:00:00,2649.0,2652.0037
2016-07-26 17:00:00,2612.0,2619.6035
2016-07-26 18:00:00,2512.0,2547.2256
2016-07-26 19:00:00,2414.0,2412.0518
2016-07-26 20:00:00,2327.0,2299.6394
2016-07-26 21:00:00,2256.0,2288.011
2016-07-26 22:00:00,2087.0,2113.8872
2016-07-26 23:00:00,1915.0,1923.4579
2016-07-27 00:00:00,1767.0,1777.7867
2016-07-27 01:00:00,1676.0,1672.9957
2016-07-27 02:00:00,1605.0,1621.0933
2016-07-27 03:00:00,1560.0,1572.3395
2016-07-27 04:00:00,1554.0,1557.5154
2016-07-27 05:00:00,1622.0,1612.7753
2016-07-27 06:00:00,1712.0,1709.4352
2016-07-27 07:00:00,1792.0,1807.368
2016-07-27 08:00:00,1872.0,1907.1285
2016-07-27 09:00:00,1988.0,1972.9298
2016-07-27 10:00:00,2143.0,2093.463
2016-07-27 11:00:00,2278.0,2243.9253
2016-07-27 12:00:00,2388.0,2374.5325
2016-07-27 13:00:00,2475.0,2467.8643
2016-07-27 14:00:00,2540.0,2519.8745
2016-07-27 15:00:00,2578.0,2589.0667
2016-07-27 16:00:00,2650.0,2591.1777
2016-07-27 17:00:00,2662.0,2605.7534
2016-07-27 18:00:00,2633.0,2630.8203
2016-07-27 19:00:00,2551.0,2524.1484
2016-07-27 20:00:00,2442.0,2489.527
2016-07-27 21:00:00,2350.0,2366.9436
2016-07-27 22:00:00,2181.0,2177.9177
2016-07-27 23:00:00,2002.0,1994.4843
2016-07-28 00:00:00,1842.0,1848.9071
2016-07-28 01:00:00,1735.0,1732.8302
2016-07-28 02:00:00,1670.0,1669.0872
2016-07-28 03:00:00,1621.0,1635.4052
2016-07-28 04:00:00,1618.0,1611.901
2016-07-28 05:00:00,1678.0,1653.6287
2016-07-28 06:00:00,1771.0,1759.7694
2016-07-28 07:00:00,1856.0,1872.0889
2016-07-28 08:00:00,1966.0,1966.2678
2016-07-28 09:00:00,2065.0,2064.7617
2016-07-28 10:00:00,2122.0,2166.6304
2016-07-28 11:00:00,2127.0,2210.7764
2016-07-28 12:00:00,2121.0,2170.7449
2016-07-28 13:00:00,2122.0,2117.6062
2016-07-28 14:00:00,2118.0,2115.8118
2016-07-28 15:00:00,2091.0,2099.6257
2016-07-28 16:00:00,2059.0,2075.4487
2016-07-28 17:00:00,2010.0,2044.0714
2016-07-28 18:00:00,1973.0,1976.0591
2016-07-28 19:00:00,1933.0,1904.2042
2016-07-28 20:00:00,1938.0,1871.8352
2016-07-28 21:00:00,1913.0,1896.1396
2016-07-28 22:00:00,1805.0,1778.5254
2016-07-28 23:00:00,1675.0,1680.6857
2016-07-29 00:00:00,1565.0,1569.109
2016-07-29 01:00:00,1494.0,1493.0365
2016-07-29 02:00:00,1445.0,1452.5924
2016-07-29 03:00:00,1431.0,1420.3398
2016-07-29 04:00:00,1436.0,1429.0991
2016-07-29 05:00:00,1500.0,1487.874
2016-07-29 06:00:00,1568.0,1577.4941
2016-07-29 07:00:00,1657.0,1648.7156
2016-07-29 08:00:00,1749.0,1743.493
2016-07-29 09:00:00,1846.0,1832.4845
2016-07-29 10:00:00,1935.0,1925.0465
2016-07-29 11:00:00,2014.0,1976.6617
2016-07-29 12:00:00,2123.0,2046.1038
2016-07-29 13:00:00,2219.0,2170.548
2016-07-29 14:00:00,2301.0,2258.6472
2016-07-29 15:00:00,2387.0,2350.2498
2016-07-29 16:00:00,2422.0,2417.5215
2016-07-29 17:00:00,2430.0,2429.1362
2016-07-29 18:00:00,2397.0,2357.7202
2016-07-29 19:00:00,2306.0,2306.1934
2016-07-29 20:00:00,2212.0,2243.3245
2016-07-29 21:00:00,2148.0,2150.353
2016-07-29 22:00:00,2001.0,2002.2239
2016-07-29 23:00:00,1844.0,1825.9268
2016-07-30 00:00:00,1709.0,1715.5608
2016-07-30 01:00:00,1599.0,1604.8745
2016-07-30 02:00:00,1520.0,1520.5215
2016-07-30 03:00:00,1476.0,1469.3641
2016-07-30 04:00:00,1457.0,1442.406
2016-07-30 05:00:00,1471.0,1451.5674
2016-07-30 06:00:00,1505.0,1477.3085
2016-07-30 07:00:00,1557.0,1563.1041
2016-07-30 08:00:00,1621.0,1660.1488
2016-07-30 09:00:00,1694.0,1721.6743
2016-07-30 10:00:00,1753.0,1787.3517
2016-07-30 11:00:00,1793.0,1836.4204
2016-07-30 12:00:00,1791.0,1836.1122
2016-07-30 13:00:00,1761.0,1817.1776
2016-07-30 14:00:00,1806.0,1776.6262
2016-07-30 15:00:00,1869.0,1818.2595
2016-07-30 16:00:00,1933.0,1910.5912
2016-07-30 17:00:00,1986.0,1977.8654
2016-07-30 18:00:00,1991.0,1996.5137
2016-07-30 19:00:00,1943.0,1952.4689
2016-07-30 20:00:00,1935.0,1889.333
2016-07-30 21:00:00,1886.0,1905.206
2016-07-30 22:00:00,1791.0,1796.3251
2016-07-30 23:00:00,1656.0,1688.8563
2016-07-31 00:00:00,1566.0,1560.145
2016-07-31 01:00:00,1478.0,1494.3203
2016-07-31 02:00:00,1421.0,1441.0958
2016-07-31 03:00:00,1383.0,1387.5413
2016-07-31 04:00:00,1364.0,1373.1228
2016-07-31 05:00:00,1371.0,1371.2451
2016-07-31 06:00:00,1373.0,1376.1733
2016-07-31 07:00:00,1406.0,1403.3746
2016-07-31 08:00:00,1506.0,1482.9684
2016-07-31 09:00:00,1587.0,1609.2833
2016-07-31 10:00:00,1673.0,1699.3793
2016-07-31 11:00:00,1799.0,1744.3665
2016-07-31 12:00:00,1925.0,1868.436
2016-07-31 13:00:00,2039.0,1996.8341
2016-07-31 14:00:00,2135.0,2100.6865
2016-07-31 15:00:00,2224.0,2176.0251
2016-07-31 16:00:00,2304.0,2274.538
2016-07-31 17:00:00,2321.0,2329.5278
2016-07-31 18:00:00,2295.0,2251.3777
2016-07-31 19:00:00,2216.0,2225.9307
2016-07-31 20:00:00,2154.0,2177.5454
2016-07-31 21:00:00,2106.0,2119.6353
2016-07-31 22:00:00,1980.0,1994.8077
2016-07-31 23:00:00,1822.0,1842.4766
2016-08-01 00:00:00,1692.0,1693.3098
2016-08-01 01:00:00,1593.0,1601.5648
2016-08-01 02:00:00,1552.0,1537.7036
2016-08-01 03:00:00,1507.0,1511.3937
2016-08-01 04:00:00,1506.0,1514.8118
2016-08-01 05:00:00,1560.0,1556.5294
2016-08-01 06:00:00,1637.0,1648.7311
2016-08-01 07:00:00,1736.0,1737.6422
2016-08-01 08:00:00,1883.0,1868.4922
2016-08-01 09:00:00,2028.0,1997.4794
2016-08-01 10:00:00,2171.0,2171.2573
2016-08-01 11:00:00,2274.0,2284.8508
2016-08-01 12:00:00,2366.0,2390.7144
2016-08-01 13:00:00,2453.0,2456.7146
2016-08-01 14:00:00,2471.0,2549.2815
2016-08-01 15:00:00,2541.0,2534.6833
2016-08-01 16:00:00,2573.0,2585.0312
2016-08-01 17:00:00,2572.0,2562.905
2016-08-01 18:00:00,2512.0,2525.598
2016-08-01 19:00:00,2404.0,2421.1401
2016-08-01 20:00:00,2272.0,2339.573
2016-08-01 21:00:00,2209.0,2225.7688
2016-08-01 22:00:00,2053.0,2036.8511
2016-08-01 23:00:00,1856.0,1880.5713
2016-08-02 00:00:00,1722.0,1736.4962
2016-08-02 01:00:00,1622.0,1621.7039
2016-08-02 02:00:00,1562.0,1568.3716
2016-08-02 03:00:00,1511.0,1522.3289
2016-08-02 04:00:00,1493.0,1512.7849
2016-08-02 05:00:00,1547.0,1553.3851
2016-08-02 06:00:00,1627.0,1632.3037
2016-08-02 07:00:00,1716.0,1716.2963
2016-08-02 08:00:00,1856.0,1821.4893
2016-08-02 09:00:00,1996.0,1958.8766
2016-08-02 10:00:00,2135.0,2107.6362
2016-08-02 11:00:00,2227.0,2246.2036
2016-08-02 12:00:00,2304.0,2313.8975
2016-08-02 13:00:00,2401.0,2394.4346
2016-08-02 14:00:00,2455.0,2455.9087
2016-08-02 15:00:00,2486.0,2515.2834
2016-08-02 16:00:00,2524.0,2491.9453
2016-08-02 17:00:00,2526.0,2497.0842
2016-08-02 18:00:00,2484.0,2463.5
2016-08-02 19:00:00,2389.0,2376.872
2016-08-02 20:00:00,2307.0,2340.9624
2016-08-02 21:00:00,2243.0,2260.425
2016-08-02 22:00:00,2078.0,2089.9263
2016-08-02 23:00:00,1883.0,1902.1674
2016-08-03 00:00:00,1715.0,1752.5066
2016-08-03 01:00:00,1620.0,1620.7305
2016-08-03 02:00:00,1546.0,1560.9689
2016-08-03 03:00:00,1492.0,1511.7543
2016-08-03 04:00:00,1461.0,1488.857
2016-08-03 05:00:00,1517.0,1520.4055
2016-08-03 06:00:00,1602.0,1594.335
2016-08-03 07:00:00,1710.0,1695.783
2016-08-03 08:00:00,1846.0,1812.8951
2016-08-03 09:00:00,1990.0,1955.0094
2016-08-03 10:00:00,2106.0,2118.6262
2016-08-03 11:00:00,2231.0,2198.8281
2016-08-03 12:00:00,2346.0,2309.8123
2016-08-03 13:00:00,2443.0,2425.2268
2016-08-03 14:00:00,2522.0,2487.1978
2016-08-03 15:00:00,2546.0,2554.2185
2016-08-03 16:00:00,2574.0,2582.7725
2016-08-03 17:00:00,2587.0,2536.6667
2016-08-03 18:00:00,2518.0,2497.677
2016-08-03 19:00:00,2419.0,2415.487
2016-08-03 20:00:00,2338.0,2374.5522
2016-08-03 21:00:00,2274.0,2275.5132
2016-08-03 22:00:00,2133.0,2103.7322
2016-08-03 23:00:00,1965.0,1947.5343
2016-08-04 00:00:00,1811.0,1827.752
2016-08-04 01:00:00,1733.0,1701.6138
2016-08-04 02:00:00,1663.0,1669.1335
2016-08-04 03:00:00,1617.0,1630.3417
2016-08-04 04:00:00,1616.0,1611.0107
2016-08-04 05:00:00,1669.0,1655.5939
2016-08-04 06:00:00,1759.0,1756.557
2016-08-04 07:00:00,1837.0,1848.1401
2016-08-04 08:00:00,1916.0,1946.3641
2016-08-04 09:00:00,2011.0,2018.5621
2016-08-04 10:00:00,2109.0,2104.824
2016-08-04 11:00:00,2159.0,2196.8235
2016-08-04 12:00:00,2228.0,2217.9377
2016-08-04 13:00:00,2286.0,2273.244
2016-08-04 14:00:00,2363.0,2314.8176
2016-08-04 15:00:00,2386.0,2398.2302
2016-08-04 16:00:00,2413.0,2429.601
2016-08-04 17:00:00,2412.0,2384.2244
2016-08-04 18:00:00,2355.0,2335.1055
2016-08-04 19:00:00,2283.0,2288.0183
2016-08-04 20:00:00,2206.0,2230.971
2016-08-04 21:00:00,2148.0,2150.9011
2016-08-04 22:00:00,1999.0,1999.2798
2016-08-04 23:00:00,1829.0,1846.0098
2016-08-05 00:00:00,1694.0,1705.2
2016-08-05 01:00:00,1595.0,1607.1057
2016-08-05 02:00:00,1570.0,1542.1034
2016-08-05 03:00:00,1533.0,1525.7153
2016-08-05 04:00:00,1514.0,1532.7283
2016-08-05 05:00:00,1561.0,1568.628
2016-08-05 06:00:00,1624.0,1650.3525
2016-08-05 07:00:00,1721.0,1711.4551
2016-08-05 08:00:00,1881.0,1824.6859
2016-08-05 09:00:00,2034.0,1972.6105
2016-08-05 10:00:00,2169.0,2160.18
2016-08-05 11:00:00,2309.0,2260.6025
2016-08-05 12:00:00,2414.0,2408.1428
2016-08-05 13:00:00,2520.0,2486.0847
2016-08-05 14:00:00,2552.0,2568.7852
2016-08-05 15:00:00,2566.0,2589.2283
2016-08-05 16:00:00,2593.0,2569.7573
2016-08-05 17:00:00,2595.0,2589.4854
2016-08-05 18:00:00,2533.0,2550.4324
2016-08-05 19:00:00,2419.0,2429.8792
2016-08-05 20:00:00,2341.0,2364.1726
2016-08-05 21:00:00,2271.0,2270.1658
2016-08-05 22:00:00,2135.0,2113.4788
2016-08-05 23:00:00,1993.0,1963.0065
2016-08-06 00:00:00,1860.0,1861.6718
2016-08-06 01:00:00,1776.0,1756.0658
2016-08-06 02:00:00,1693.0,1700.0708
2016-08-06 03:00:00,1637.0,1632.6708
2016-08-06 04:00:00,1613.0,1610.2987
2016-08-06 05:00:00,1606.0,1623.2561
2016-08-06 06:00:00,1652.0,1628.5692
2016-08-06 07:00:00,1689.0,1695.8539
2016-08-06 08:00:00,1798.0,1787.802
2016-08-06 09:00:00,1901.0,1907.9258
2016-08-06 10:00:00,2013.0,2005.5594
2016-08-06 11:00:00,2092.0,2102.8416
2016-08-06 12:00:00,2168.0,2159.0176
2016-08-06 13:00:00,2180.0,2222.9167
2016-08-06 14:00:00,2199.0,2239.3154
2016-08-06 15:00:00,2217.0,2227.0286
2016-08-06 16:00:00,2230.0,2232.0571
2016-08-06 17:00:00,2244.0,2220.6558
2016-08-06 18:00:00,2180.0,2192.463
2016-08-06 19:00:00,2092.0,2105.353
2016-08-06 20:00:00,1996.0,2049.7964
2016-08-06 21:00:00,1924.0,1966.1129
2016-08-06 22:00:00,1800.0,1823.2572
2016-08-06 23:00:00,1665.0,1665.9977
2016-08-07 00:00:00,1525.0,1551.387
2016-08-07 01:00:00,1439.0,1452.8176
2016-08-07 02:00:00,1363.0,1390.4844
2016-08-07 03:00:00,1302.0,1325.5072
2016-08-07 04:00:00,1284.0,1288.5306
2016-08-07 05:00:00,1275.0,1284.9125
2016-08-07 06:00:00,1265.0,1281.6996
2016-08-07 07:00:00,1298.0,1289.1147
2016-08-07 08:00:00,1414.0,1396.8956
2016-08-07 09:00:00,1554.0,1512.4507
2016-08-07 10:00:00,1669.0,1653.1031
2016-08-07 11:00:00,1778.0,1754.975
2016-08-07 12:00:00,1865.0,1833.8594
2016-08-07 13:00:00,1920.0,1914.7051
2016-08-07 14:00:00,1992.0,1970.29
2016-08-07 15:00:00,2077.0,2045.703
2016-08-07 16:00:00,2139.0,2107.681
2016-08-07 17:00:00,2161.0,2177.1477
2016-08-07 18:00:00,2131.0,2153.219
2016-08-07 19:00:00,2070.0,2068.2532
2016-08-07 20:00:00,2025.0,2054.5754
2016-08-07 21:00:00,1978.0,2009.2499
2016-08-07 22:00:00,1832.0,1873.4564
2016-08-07 23:00:00,1678.0,1707.4907
2016-08-08 00:00:00,1555.0,1572.7761
2016-08-08 01:00:00,1499.0,1479.1987
2016-08-08 02:00:00,1417.0,1453.824
2016-08-08 03:00:00,1383.0,1401.1821
2016-08-08 04:00:00,1404.0,1391.2004
2016-08-08 05:00:00,1452.0,1452.5669
2016-08-08 06:00:00,1538.0,1548.8889
2016-08-08 07:00:00,1609.0,1633.7944
2016-08-08 08:00:00,1693.0,1724.3438
2016-08-08 09:00:00,1765.0,1806.5789
2016-08-08 10:00:00,1834.0,1867.653
2016-08-08 11:00:00,1934.0,1912.7499
2016-08-08 12:00:00,2049.0,1992.2904
2016-08-08 13:00:00,2146.0,2128.659
2016-08-08 14:00:00,2245.0,2221.9172
2016-08-08 15:00:00,2315.0,2291.4502
2016-08-08 16:00:00,2376.0,2358.9448
2016-08-08 17:00:00,2385.0,2379.4653
2016-08-08 18:00:00,2366.0,2353.6382
2016-08-08 19:00:00,2269.0,2301.49
2016-08-08 20:00:00,2171.0,2235.659
2016-08-08 21:00:00,2100.0,2132.9548
2016-08-08 22:00:00,1935.0,1946.5575
2016-08-08 23:00:00,1758.0,1764.5414
2016-08-09 00:00:00,1610.0,1632.5891
2016-08-09 01:00:00,1517.0,1529.436
2016-08-09 02:00:00,1455.0,1465.5917
2016-08-09 03:00:00,1407.0,1424.1718
2016-08-09 04:00:00,1411.0,1408.663
2016-08-09 05:00:00,1459.0,1464.7609
2016-08-09 06:00:00,1544.0,1549.6843
2016-08-09 07:00:00,1633.0,1625.891
2016-08-09 08:00:00,1778.0,1726.8873
2016-08-09 09:00:00,1897.0,1885.4751
2016-08-09 10:00:00,2044.0,2002.309
2016-08-09 11:00:00,2170.0,2142.2358
2016-08-09 12:00:00,2289.0,2262.0054
2016-08-09 13:00:00,2418.0,2391.5764
2016-08-09 14:00:00,2479.0,2505.8123
2016-08-09 15:00:00,2508.0,2526.0825
2016-08-09 16:00:00,2556.0,2560.6814
2016-08-09 17:00:00,2568.0,2546.1228
2016-08-09 18:00:00,2530.0,2515.1555
2016-08-09 19:00:00,2415.0,2418.0854
2016-08-09 20:00:00,2350.0,2341.9973
2016-08-09 21:00:00,2292.0,2273.5745
2016-08-09 22:00:00,2166.0,2105.8027
2016-08-09 23:00:00,2009.0,1980.5339
2016-08-10 00:00:00,1892.0,1859.6027
2016-08-10 01:00:00,1808.0,1792.6259
2016-08-10 02:00:00,1733.0,1723.8395
2016-08-10 03:00:00,1687.0,1696.3749
2016-08-10 04:00:00,1701.0,1678.8754
2016-08-10 05:00:00,1752.0,1759.9257
2016-08-10 06:00:00,1848.0,1855.4805
2016-08-10 07:00:00,1936.0,1945.6205
2016-08-10 08:00:00,2033.0,2068.7913
2016-08-10 09:00:00,2185.0,2128.4756
2016-08-10 10:00:00,2325.0,2309.1514
2016-08-10 11:00:00,2438.0,2441.404
2016-08-10 12:00:00,2568.0,2541.146
2016-08-10 13:00:00,2659.0,2642.4355
2016-08-10 14:00:00,2716.0,2672.0957
2016-08-10 15:00:00,2745.0,2721.263
2016-08-10 16:00:00,2608.0,2734.1128
2016-08-10 17:00:00,2512.0,2635.4893
2016-08-10 18:00:00,2515.0,2451.079
2016-08-10 19:00:00,2457.0,2403.0574
2016-08-10 20:00:00,2436.0,2395.647
2016-08-10 21:00:00,2360.0,2340.0332
2016-08-10 22:00:00,2213.0,2192.2126
2016-08-10 23:00:00,2058.0,2032.7421
2016-08-11 00:00:00,1923.0,1909.4244
2016-08-11 01:00:00,1825.0,1820.0092
2016-08-11 02:00:00,1757.0,1751.8405
2016-08-11 03:00:00,1708.0,1715.2703
2016-08-11 04:00:00,1700.0,1700.635
2016-08-11 05:00:00,1756.0,1752.2777
2016-08-11 06:00:00,1843.0,1849.5715
2016-08-11 07:00:00,1940.0,1937.7109
2016-08-11 08:00:00,2089.0,2048.621
2016-08-11 09:00:00,2265.0,2211.637
2016-08-11 10:00:00,2413.0,2399.4014
2016-08-11 11:00:00,2558.0,2524.7764
2016-08-11 12:00:00,2665.0,2653.559
2016-08-11 13:00:00,2727.0,2764.9734
2016-08-11 14:00:00,2796.0,2765.6584
2016-08-11 15:00:00,2794.0,2785.804
2016-08-11 16:00:00,2787.0,2791.8262
2016-08-11 17:00:00,2775.0,2773.8127
2016-08-11 18:00:00,2671.0,2729.7468
2016-08-11 19:00:00,2590.0,2600.0989
2016-08-11 20:00:00,2539.0,2529.5889
2016-08-11 21:00:00,2452.0,2483.7742
2016-08-11 22:00:00,2300.0,2306.6006
2016-08-11 23:00:00,2138.0,2131.4592
2016-08-12 00:00:00,2015.0,1998.4628
2016-08-12 01:00:00,1917.0,1905.6167
2016-08-12 02:00:00,1842.0,1841.9069
2016-08-12 03:00:00,1777.0,1808.5613
2016-08-12 04:00:00,1797.0,1768.5453
2016-08-12 05:00:00,1867.0,1835.638
2016-08-12 06:00:00,1940.0,1976.8943
2016-08-12 07:00:00,2029.0,2041.7638
2016-08-12 08:00:00,2163.0,2167.6409
2016-08-12 09:00:00,2308.0,2291.53
2016-08-12 10:00:00,2436.0,2454.9446
2016-08-12 11:00:00,2522.0,2583.7512
2016-08-12 12:00:00,2578.0,2609.4705
2016-08-12 13:00:00,2629.0,2619.778
2016-08-12 14:00:00,2684.0,2646.8308
2016-08-12 15:00:00,2602.0,2731.2253
2016-08-12 16:00:00,2589.0,2661.4321
2016-08-12 17:00:00,2550.0,2533.8254
2016-08-12 18:00:00,2501.0,2479.2026
2016-08-12 19:00:00,2442.0,2405.2563
2016-08-12 20:00:00,2408.0,2362.3853
2016-08-12 21:00:00,2344.0,2318.4795
2016-08-12 22:00:00,2198.0,2182.7302
2016-08-12 23:00:00,2070.0,2038.3119
2016-08-13 00:00:00,1949.0,1924.0885
2016-08-13 01:00:00,1844.0,1832.9385
2016-08-13 02:00:00,1768.0,1772.6713
2016-08-13 03:00:00,1717.0,1712.0121
2016-08-13 04:00:00,1701.0,1700.9132
2016-08-13 05:00:00,1702.0,1722.1942
2016-08-13 06:00:00,1716.0,1738.1439
2016-08-13 07:00:00,1785.0,1762.5045
2016-08-13 08:00:00,1947.0,1903.5446
2016-08-13 09:00:00,2044.0,2076.274
2016-08-13 10:00:00,2147.0,2143.136
2016-08-13 11:00:00,2286.0,2232.3801
2016-08-13 12:00:00,2417.0,2358.4453
2016-08-13 13:00:00,2489.0,2487.7131
2016-08-13 14:00:00,2475.0,2504.2246
2016-08-13 15:00:00,2415.0,2488.0515
2016-08-13 16:00:00,2474.0,2369.7078
2016-08-13 17:00:00,2531.0,2428.4062
2016-08-13 18:00:00,2509.0,2454.995
2016-08-13 19:00:00,2434.0,2435.9797
2016-08-13 20:00:00,2368.0,2364.7456
2016-08-13 21:00:00,2270.0,2292.2356
2016-08-13 22:00:00,2134.0,2132.6306
2016-08-13 23:00:00,2001.0,1958.5051
2016-08-14 00:00:00,1872.0,1860.9822
2016-08-14 01:00:00,1793.0,1764.2657
2016-08-14 02:00:00,1717.0,1709.9315
2016-08-14 03:00:00,1685.0,1660.9814
2016-08-14 04:00:00,1662.0,1651.9636
2016-08-14 05:00:00,1671.0,1668.8668
2016-08-14 06:00:00,1677.0,1682.8555
2016-08-14 07:00:00,1707.0,1700.5732
2016-08-14 08:00:00,1799.0,1779.2051
2016-08-14 09:00:00,1907.0,1918.0756
2016-08-14 10:00:00,1998.0,2002.2924
2016-08-14 11:00:00,2076.0,2077.7388
2016-08-14 12:00:00,2130.0,2131.988
2016-08-14 13:00:00,2115.0,2181.0918
2016-08-14 14:00:00,2086.0,2142.4243
2016-08-14 15:00:00,2010.0,2075.1052
2016-08-14 16:00:00,1984.0,2014.6244
2016-08-14 17:00:00,1972.0,1963.784
2016-08-14 18:00:00,1970.0,1939.7617
2016-08-14 19:00:00,1940.0,1941.9862
2016-08-14 20:00:00,1934.0,1919.027
2016-08-14 21:00:00,1917.0,1909.0857
2016-08-14 22:00:00,1800.0,1817.5117
2016-08-14 23:00:00,1687.0,1686.5095
2016-08-15 00:00:00,1590.0,1580.4272
2016-08-15 01:00:00,1529.0,1516.0875
2016-08-15 02:00:00,1488.0,1486.4126
2016-08-15 03:00:00,1465.0,1473.93
2016-08-15 04:00:00,1491.0,1467.3154
2016-08-15 05:00:00,1557.0,1544.1196
2016-08-15 06:00:00,1678.0,1658.976
2016-08-15 07:00:00,1764.0,1776.5894
2016-08-15 08:00:00,1871.0,1862.1132
2016-08-15 09:00:00,2016.0,1956.0353
2016-08-15 10:00:00,2121.0,2097.8628
2016-08-15 11:00:00,2155.0,2196.2832
2016-08-15 12:00:00,2175.0,2185.815
2016-08-15 13:00:00,2105.0,2208.1328
2016-08-15 14:00:00,2096.0,2099.406
2016-08-15 15:00:00,2139.0,2075.3325
2016-08-15 16:00:00,2231.0,2135.8901
2016-08-15 17:00:00,2272.0,2225.2947
2016-08-15 18:00:00,2247.0,2237.9
2016-08-15 19:00:00,2194.0,2179.2605
2016-08-15 20:00:00,2161.0,2146.5735
2016-08-15 21:00:00,2083.0,2101.573
2016-08-15 22:00:00,1969.0,1948.3926
2016-08-15 23:00:00,1791.0,1785.7964
2016-08-16 00:00:00,1670.0,1661.8755
2016-08-16 01:00:00,1589.0,1581.2032
2016-08-16 02:00:00,1563.0,1540.0112
2016-08-16 03:00:00,1533.0,1521.7631
2016-08-16 04:00:00,1534.0,1532.7653
2016-08-16 05:00:00,1588.0,1586.3622
2016-08-16 06:00:00,1700.0,1680.9567
2016-08-16 07:00:00,1802.0,1790.1932
2016-08-16 08:00:00,1941.0,1898.8337
2016-08-16 09:00:00,2093.0,2050.6814
2016-08-16 10:00:00,2217.0,2168.559
2016-08-16 11:00:00,2371.0,2323.6248
2016-08-16 12:00:00,2481.0,2455.4248
2016-08-16 13:00:00,2560.0,2556.2715
2016-08-16 14:00:00,2620.0,2639.6492
2016-08-16 15:00:00,2648.0,2657.9116
2016-08-16 16:00:00,2645.0,2669.3345
2016-08-16 17:00:00,2566.0,2610.889
2016-08-16 18:00:00,2283.0,2499.529
2016-08-16 19:00:00,2205.0,2201.0305
2016-08-16 20:00:00,2193.0,2144.5242
2016-08-16 21:00:00,2123.0,2094.1848
2016-08-16 22:00:00,1993.0,1965.2417
2016-08-16 23:00:00,1854.0,1820.3837
2016-08-17 00:00:00,1747.0,1730.9259
2016-08-17 01:00:00,1650.0,1647.2966
2016-08-17 02:00:00,1599.0,1595.8721
2016-08-17 03:00:00,1572.0,1551.9675
2016-08-17 04:00:00,1584.0,1569.5798
2016-08-17 05:00:00,1646.0,1643.7856
2016-08-17 06:00:00,1749.0,1743.9891
2016-08-17 07:00:00,1829.0,1844.386
2016-08-17 08:00:00,1922.0,1927.3739
2016-08-17 09:00:00,1986.0,2019.9543
2016-08-17 10:00:00,2041.0,2073.8855
2016-08-17 11:00:00,2092.0,2108.3484
2016-08-17 12:00:00,2090.0,2120.644
2016-08-17 13:00:00,2075.0,2102.8062
2016-08-17 14:00:00,2086.0,2072.2773
2016-08-17 15:00:00,2106.0,2083.214
2016-08-17 16:00:00,2102.0,2111.4937
2016-08-17 17:00:00,2068.0,2086.0095
2016-08-17 18:00:00,2049.0,2014.8204
2016-08-17 19:00:00,2013.0,1984.7429
2016-08-17 20:00:00,1987.0,1960.6804
2016-08-17 21:00:00,1924.0,1920.3801
2016-08-17 22:00:00,1803.0,1790.7283
2016-08-17 23:00:00,1677.0,1665.2556
2016-08-18 00:00:00,1568.0,1573.227
2016-08-18 01:00:00,1526.0,1498.9475
2016-08-18 02:00:00,1484.0,1488.6208
2016-08-18 03:00:00,1460.0,1466.0009
2016-08-18 04:00:00,1480.0,1456.9506
2016-08-18 05:00:00,1555.0,1527.6802
2016-08-18 06:00:00,1666.0,1654.5646
2016-08-18 07:00:00,1727.0,1754.6808
2016-08-18 08:00:00,1846.0,1816.2649
2016-08-18 09:00:00,1959.0,1925.5435
2016-08-18 10:00:00,2060.0,2033.8767
2016-08-18 11:00:00,2172.0,2127.954
2016-08-18 12:00:00,2243.0,2234.2554
2016-08-18 13:00:00,2327.0,2306.412
2016-08-18 14:00:00,2376.0,2396.3052
2016-08-18 15:00:00,2420.0,2414.6409
2016-08-18 16:00:00,2453.0,2456.375
2016-08-18 17:00:00,2437.0,2465.9536
2016-08-18 18:00:00,2378.0,2362.6272
2016-08-18 19:00:00,2301.0,2292.6392
2016-08-18 20:00:00,2211.0,2268.8875
2016-08-18 21:00:00,2100.0,2157.817
2016-08-18 22:00:00,1961.0,1945.8838
2016-08-18 23:00:00,1798.0,1795.1423
2016-08-19 00:00:00,1659.0,1675.9662
2016-08-19 01:00:00,1564.0,1576.2446
2016-08-19 02:00:00,1491.0,1508.4304
2016-08-19 03:00:00,1444.0,1462.4299
2016-08-19 04:00:00,1438.0,1441.867
2016-08-19 05:00:00,1474.0,1490.7874
2016-08-19 06:00:00,1568.0,1550.9492
2016-08-19 07:00:00,1644.0,1656.1207
2016-08-19 08:00:00,1764.0,1752.0829
2016-08-19 09:00:00,1902.0,1873.3053
2016-08-19 10:00:00,2061.0,1982.3145
2016-08-19 11:00:00,2185.0,2157.1133
2016-08-19 12:00:00,2278.0,2270.3254
2016-08-19 13:00:00,2359.0,2355.4207
2016-08-19 14:00:00,2428.0,2415.5999
2016-08-19 15:00:00,2431.0,2482.8706
2016-08-19 16:00:00,2432.0,2429.5835
2016-08-19 17:00:00,2430.0,2395.076
2016-08-19 18:00:00,2376.0,2352.7063
2016-08-19 19:00:00,2257.0,2276.4014
2016-08-19 20:00:00,2178.0,2218.2607
2016-08-19 21:00:00,2073.0,2115.564
2016-08-19 22:00:00,1949.0,1929.6821
2016-08-19 23:00:00,1816.0,1796.6807
2016-08-20 00:00:00,1681.0,1677.8451
2016-08-20 01:00:00,1574.0,1588.239
2016-08-20 02:00:00,1517.0,1507.0328
2016-08-20 03:00:00,1470.0,1467.4368
2016-08-20 04:00:00,1456.0,1453.2202
2016-08-20 05:00:00,1455.0,1462.5575
2016-08-20 06:00:00,1475.0,1479.3436
2016-08-20 07:00:00,1516.0,1516.4155
2016-08-20 08:00:00,1631.0,1625.3804
2016-08-20 09:00:00,1810.0,1740.0837
2016-08-20 10:00:00,1987.0,1936.7571
2016-08-20 11:00:00,2105.0,2110.436
2016-08-20 12:00:00,2204.0,2195.2537
2016-08-20 13:00:00,2261.0,2277.1108
2016-08-20 14:00:00,2324.0,2318.9202
2016-08-20 15:00:00,2353.0,2364.6348
2016-08-20 16:00:00,2383.0,2399.848
2016-08-20 17:00:00,2394.0,2362.367
2016-08-20 18:00:00,2362.0,2333.4048
2016-08-20 19:00:00,2272.0,2304.261
2016-08-20 20:00:00,2224.0,2235.4197
2016-08-20 21:00:00,2145.0,2172.8865
2016-08-20 22:00:00,2032.0,2020.273
2016-08-20 23:00:00,1903.0,1891.6595
2016-08-21 00:00:00,1788.0,1781.9319
2016-08-21 01:00:00,1700.0,1688.8887
2016-08-21 02:00:00,1636.0,1634.1901
2016-08-21 03:00:00,1588.0,1580.865
2016-08-21 04:00:00,1556.0,1567.534
2016-08-21 05:00:00,1546.0,1575.7985
2016-08-21 06:00:00,1554.0,1578.0448
2016-08-21 07:00:00,1573.0,1592.7589
2016-08-21 08:00:00,1630.0,1662.8569
2016-08-21 09:00:00,1714.0,1732.6693
2016-08-21 10:00:00,1774.0,1825.0714
2016-08-21 11:00:00,1842.0,1855.9321
2016-08-21 12:00:00,1904.0,1892.6393
2016-08-21 13:00:00,1886.0,1952.8752
2016-08-21 14:00:00,1874.0,1930.0114
2016-08-21 15:00:00,1917.0,1889.034
2016-08-21 16:00:00,1910.0,1946.9896
2016-08-21 17:00:00,1945.0,1920.9921
2016-08-21 18:00:00,1916.0,1929.7478
2016-08-21 19:00:00,1848.0,1876.0182
2016-08-21 20:00:00,1805.0,1845.9415
2016-08-21 21:00:00,1764.0,1777.1393
2016-08-21 22:00:00,1657.0,1674.1252
2016-08-21 23:00:00,1514.0,1555.9937
2016-08-22 00:00:00,1410.0,1422.2247
2016-08-22 01:00:00,1349.0,1354.2769
2016-08-22 02:00:00,1312.0,1323.1234
2016-08-22 03:00:00,1299.0,1305.4072
2016-08-22 04:00:00,1297.0,1308.9413
2016-08-22 05:00:00,1353.0,1355.6161
2016-08-22 06:00:00,1435.0,1435.9309
2016-08-22 07:00:00,1512.0,1510.3239
2016-08-22 08:00:00,1618.0,1598.4844
2016-08-22 09:00:00,1712.0,1701.3577
2016-08-22 10:00:00,1766.0,1792.1512
2016-08-22 11:00:00,1818.0,1832.4298
2016-08-22 12:00:00,1876.0,1860.9158
2016-08-22 13:00:00,1911.0,1905.504
2016-08-22 14:00:00,1957.0,1935.4233
2016-08-22 15:00:00,1977.0,1974.7144
2016-08-22 16:00:00,1999.0,2006.8287
2016-08-22 17:00:00,1994.0,1997.2216
2016-08-22 18:00:00,1964.0,1950.1492
2016-08-22 19:00:00,1890.0,1906.1345
2016-08-22 20:00:00,1865.0,1867.2415
2016-08-22 21:00:00,1776.0,1821.6273
2016-08-22 22:00:00,1647.0,1639.8055
2016-08-22 23:00:00,1513.0,1507.3604
2016-08-23 00:00:00,1384.0,1416.328
2016-08-23 01:00:00,1333.0,1346.11
2016-08-23 02:00:00,1306.0,1299.1288
2016-08-23 03:00:00,1259.0,1295.0902
2016-08-23 04:00:00,1263.0,1278.224
2016-08-23 05:00:00,1314.0,1328.0667
2016-08-23 06:00:00,1403.0,1397.0995
2016-08-23 07:00:00,1499.0,1488.3767
2016-08-23 08:00:00,1582.0,1584.7466
2016-08-23 09:00:00,1688.0,1666.9347
2016-08-23 10:00:00,1803.0,1769.2804
2016-08-23 11:00:00,1877.0,1878.9584
2016-08-23 12:00:00,1937.0,1947.6666
2016-08-23 13:00:00,2007.0,1993.4832
2016-08-23 14:00:00,2059.0,2051.3613
2016-08-23 15:00:00,2094.0,2105.2673
2016-08-23 16:00:00,2134.0,2109.4622
2016-08-23 17:00:00,2167.0,2131.816
2016-08-23 18:00:00,2140.0,2124.784
2016-08-23 19:00:00,2039.0,2080.0046
2016-08-23 20:00:00,1974.0,2017.6304
2016-08-23 21:00:00,1900.0,1931.8954
2016-08-23 22:00:00,1761.0,1771.6838
2016-08-23 23:00:00,1624.0,1619.6051
2016-08-24 00:00:00,1485.0,1509.481
2016-08-24 01:00:00,1398.0,1426.245
2016-08-24 02:00:00,1357.0,1364.4572
2016-08-24 03:00:00,1308.0,1337.3793
2016-08-24 04:00:00,1320.0,1326.5751
2016-08-24 05:00:00,1369.0,1371.2656
2016-08-24 06:00:00,1461.0,1454.418
2016-08-24 07:00:00,1530.0,1544.2882
2016-08-24 08:00:00,1621.0,1615.2817
2016-08-24 09:00:00,1744.0,1713.9138
2016-08-24 10:00:00,1870.0,1846.2631
2016-08-24 11:00:00,1979.0,1964.8676
2016-08-24 12:00:00,2086.0,2046.2017
2016-08-24 13:00:00,2166.0,2178.2651
2016-08-24 14:00:00,2221.0,2235.8938
2016-08-24 15:00:00,2282.0,2269.103
2016-08-24 16:00:00,2354.0,2314.0464
2016-08-24 17:00:00,2383.0,2357.5825
2016-08-24 18:00:00,2350.0,2316.401
2016-08-24 19:00:00,2276.0,2265.111
2016-08-24 20:00:00,2232.0,2238.377
2016-08-24 21:00:00,2127.0,2158.744
2016-08-24 22:00:00,1980.0,1973.7904
2016-08-24 23:00:00,1844.0,1825.7592
2016-08-25 00:00:00,1741.0,1709.7955
2016-08-25 01:00:00,1661.0,1643.3989
2016-08-25 02:00:00,1600.0,1603.8643
2016-08-25 03:00:00,1588.0,1564.0134
2016-08-25 04:00:00,1607.0,1595.4777
2016-08-25 05:00:00,1667.0,1680.6016
2016-08-25 06:00:00,1805.0,1788.0092
2016-08-25 07:00:00,1878.0,1908.5992
2016-08-25 08:00:00,1970.0,1975.6338
2016-08-25 09:00:00,2075.0,2074.6777
2016-08-25 10:00:00,2187.0,2177.3828
2016-08-25 11:00:00,2277.0,2291.0999
2016-08-25 12:00:00,2394.0,2356.1438
2016-08-25 13:00:00,2482.0,2475.9187
2016-08-25 14:00:00,2576.0,2540.5261
2016-08-25 15:00:00,2615.0,2603.1602
2016-08-25 16:00:00,2658.0,2657.3843
2016-08-25 17:00:00,2679.0,2625.2705
2016-08-25 18:00:00,2636.0,2633.8337
2016-08-25 19:00:00,2541.0,2527.9597
2016-08-25 20:00:00,2502.0,2516.6318
2016-08-25 21:00:00,2417.0,2414.3188
2016-08-25 22:00:00,2271.0,2245.185
2016-08-25 23:00:00,2107.0,2075.7893
2016-08-26 00:00:00,1893.0,1964.5602
2016-08-26 01:00:00,1789.0,1814.5256
2016-08-26 02:00:00,1738.0,1712.5256
2016-08-26 03:00:00,1666.0,1691.8091
2016-08-26 04:00:00,1677.0,1666.045
2016-08-26 05:00:00,1709.0,1717.6516
2016-08-26 06:00:00,1816.0,1805.2534
2016-08-26 07:00:00,1891.0,1921.42
2016-08-26 08:00:00,2019.0,1998.5452
2016-08-26 09:00:00,2164.0,2132.4614
2016-08-26 10:00:00,2268.0,2286.959
2016-08-26 11:00:00,2343.0,2374.9424
2016-08-26 12:00:00,2401.0,2423.3179
2016-08-26 13:00:00,2503.0,2483.3027
2016-08-26 14:00:00,2564.0,2550.5706
2016-08-26 15:00:00,2598.0,2590.0935
2016-08-26 16:00:00,2608.0,2644.3677
2016-08-26 17:00:00,2577.0,2620.2737
2016-08-26 18:00:00,2478.0,2491.3403
2016-08-26 19:00:00,2349.0,2378.3755
2016-08-26 20:00:00,2256.0,2283.0425
2016-08-26 21:00:00,2130.0,2201.9587
2016-08-26 22:00:00,1996.0,1979.2798
2016-08-26 23:00:00,1837.0,1843.4681
2016-08-27 00:00:00,1695.0,1710.5952
2016-08-27 01:00:00,1588.0,1592.6023
2016-08-27 02:00:00,1518.0,1521.9207
2016-08-27 03:00:00,1464.0,1462.0957
2016-08-27 04:00:00,1443.0,1440.2174
2016-08-27 05:00:00,1441.0,1445.4696
2016-08-27 06:00:00,1471.0,1459.4406
2016-08-27 07:00:00,1500.0,1515.0969
2016-08-27 08:00:00,1617.0,1597.7788
2016-08-27 09:00:00,1749.0,1732.7719
2016-08-27 10:00:00,1895.0,1845.3468
2016-08-27 11:00:00,2033.0,2000.7317
2016-08-27 12:00:00,2170.0,2124.2893
2016-08-27 13:00:00,2279.0,2247.9624
2016-08-27 14:00:00,2367.0,2363.642
2016-08-27 15:00:00,2439.0,2415.7444
2016-08-27 16:00:00,2480.0,2484.407
2016-08-27 17:00:00,2485.0,2479.773
2016-08-27 18:00:00,2466.0,2427.2861
2016-08-27 19:00:00,2406.0,2397.389
2016-08-27 20:00:00,2354.0,2369.0874
2016-08-27 21:00:00,2269.0,2306.388
2016-08-27 22:00:00,2147.0,2136.9626
2016-08-27 23:00:00,1984.0,1982.8927
2016-08-28 00:00:00,1856.0,1864.7753
2016-08-28 01:00:00,1757.0,1751.5188
2016-08-28 02:00:00,1665.0,1685.2405
2016-08-28 03:00:00,1605.0,1610.1583
2016-08-28 04:00:00,1568.0,1577.1693
2016-08-28 05:00:00,1561.0,1575.7759
2016-08-28 06:00:00,1563.0,1588.167
2016-08-28 07:00:00,1597.0,1594.9746
2016-08-28 08:00:00,1721.0,1699.0869
2016-08-28 09:00:00,1876.0,1856.0759
2016-08-28 10:00:00,2053.0,2024.232
2016-08-28 11:00:00,2201.0,2185.8
2016-08-28 12:00:00,2320.0,2311.6104
2016-08-28 13:00:00,2380.0,2387.861
2016-08-28 14:00:00,2487.0,2416.087
2016-08-28 15:00:00,2559.0,2508.9875
2016-08-28 16:00:00,2607.0,2601.3196
2016-08-28 17:00:00,2617.0,2641.6138
2016-08-28 18:00:00,2493.0,2596.8127
2016-08-28 19:00:00,2273.0,2445.0415
2016-08-28 20:00:00,2219.0,2251.3677
2016-08-28 21:00:00,2128.0,2172.1511
2016-08-28 22:00:00,1978.0,1986.3492
2016-08-28 23:00:00,1837.0,1835.0509
2016-08-29 00:00:00,1696.0,1706.8317
2016-08-29 01:00:00,1608.0,1604.2795
2016-08-29 02:00:00,1559.0,1549.2626
2016-08-29 03:00:00,1529.0,1520.289
2016-08-29 04:00:00,1518.0,1537.6552
2016-08-29 05:00:00,1587.0,1585.6246
2016-08-29 06:00:00,1698.0,1706.4125
2016-08-29 07:00:00,1776.0,1795.8092
2016-08-29 08:00:00,1833.0,1891.6736
2016-08-29 09:00:00,1908.0,1923.5118
2016-08-29 10:00:00,1982.0,1999.7721
2016-08-29 11:00:00,2108.0,2044.6754
2016-08-29 12:00:00,2214.0,2196.46
2016-08-29 13:00:00,2344.0,2278.142
2016-08-29 14:00:00,2434.0,2404.7812
2016-08-29 15:00:00,2496.0,2478.9368
2016-08-29 16:00:00,2529.0,2552.915
2016-08-29 17:00:00,2514.0,2534.2737
2016-08-29 18:00:00,2462.0,2470.075
2016-08-29 19:00:00,2349.0,2392.7083
2016-08-29 20:00:00,2262.0,2309.1477
2016-08-29 21:00:00,2138.0,2207.522
2016-08-29 22:00:00,1962.0,1970.4724
2016-08-29 23:00:00,1764.0,1781.2916
2016-08-30 00:00:00,1604.0,1636.0388
2016-08-30 01:00:00,1510.0,1523.3844
2016-08-30 02:00:00,1449.0,1453.9514
2016-08-30 03:00:00,1405.0,1417.1786
2016-08-30 04:00:00,1395.0,1414.5488
2016-08-30 05:00:00,1457.0,1467.7721
2016-08-30 06:00:00,1562.0,1555.3315
2016-08-30 07:00:00,1619.0,1652.0532
2016-08-30 08:00:00,1717.0,1724.6564
2016-08-30 09:00:00,1835.0,1820.2114
2016-08-30 10:00:00,1937.0,1930.4409
2016-08-30 11:00:00,2032.0,2022.6605
2016-08-30 12:00:00,2115.0,2092.8477
2016-08-30 13:00:00,2225.0,2179.9043
2016-08-30 14:00:00,2287.0,2277.69
2016-08-30 15:00:00,2392.0,2327.104
2016-08-30 16:00:00,2404.0,2421.9111
2016-08-30 17:00:00,2430.0,2404.668
2016-08-30 18:00:00,2342.0,2370.3347
2016-08-30 19:00:00,2236.0,2255.9014
2016-08-30 20:00:00,2181.0,2209.9343
2016-08-30 21:00:00,2052.0,2108.8591
2016-08-30 22:00:00,1845.0,1894.4059
2016-08-30 23:00:00,1689.0,1687.3103
2016-08-31 00:00:00,1549.0,1564.9579
2016-08-31 01:00:00,1466.0,1475.9323
2016-08-31 02:00:00,1422.0,1425.3429
2016-08-31 03:00:00,1398.0,1401.442
2016-08-31 04:00:00,1396.0,1411.7136
2016-08-31 05:00:00,1448.0,1465.8958
2016-08-31 06:00:00,1569.0,1559.9519
2016-08-31 07:00:00,1642.0,1652.6387
2016-08-31 08:00:00,1715.0,1755.2773
2016-08-31 09:00:00,1788.0,1821.569
2016-08-31 10:00:00,1873.0,1887.9397
2016-08-31 11:00:00,1917.0,1953.6442
2016-08-31 12:00:00,1971.0,1960.1757
2016-08-31 13:00:00,2046.0,2022.3695
2016-08-31 14:00:00,2101.0,2080.5889
2016-08-31 15:00:00,2080.0,2140.9038
2016-08-31 16:00:00,2115.0,2084.1602
2016-08-31 17:00:00,2102.0,2098.8655
2016-08-31 18:00:00,2061.0,2047.3204
2016-08-31 19:00:00,2027.0,1991.3278
2016-08-31 20:00:00,1999.0,1982.2628
2016-08-31 21:00:00,1923.0,1944.841
2016-08-31 22:00:00,1795.0,1786.2474
2016-08-31 23:00:00,1622.0,1658.8086
2016-09-01 00:00:00,1520.0,1520.4744
2016-09-01 01:00:00,1451.0,1451.9143
2016-09-01 02:00:00,1414.0,1410.2596
2016-09-01 03:00:00,1386.0,1387.655
2016-09-01 04:00:00,1404.0,1397.9851
2016-09-01 05:00:00,1466.0,1467.2609
2016-09-01 06:00:00,1589.0,1574.5339
2016-09-01 07:00:00,1613.0,1663.1565
2016-09-01 08:00:00,1672.0,1683.4618
2016-09-01 09:00:00,1740.0,1747.4208
2016-09-01 10:00:00,1836.0,1837.3478
2016-09-01 11:00:00,1903.0,1909.6868
2016-09-01 12:00:00,1931.0,1945.1982
2016-09-01 13:00:00,1970.0,1969.2146
2016-09-01 14:00:00,2008.0,2000.3044
2016-09-01 15:00:00,2012.0,2023.1974
2016-09-01 16:00:00,2017.0,2014.6748
2016-09-01 17:00:00,2002.0,1989.7373
2016-09-01 18:00:00,1897.0,1956.9601
2016-09-01 19:00:00,1845.0,1862.2441
2016-09-01 20:00:00,1830.0,1821.8635
2016-09-01 21:00:00,1751.0,1771.2894
2016-09-01 22:00:00,1608.0,1626.2716
2016-09-01 23:00:00,1474.0,1488.6721
2016-09-02 00:00:00,1362.0,1380.3147
2016-09-02 01:00:00,1302.0,1315.4426
2016-09-02 02:00:00,1281.0,1275.2861
2016-09-02 03:00:00,1246.0,1264.2512
2016-09-02 04:00:00,1228.0,1257.2566
2016-09-02 05:00:00,1290.0,1286.1074
2016-09-02 06:00:00,1410.0,1379.9692
2016-09-02 07:00:00,1476.0,1472.6787
2016-09-02 08:00:00,1563.0,1554.3934
2016-09-02 09:00:00,1642.0,1646.5731
2016-09-02 10:00:00,1708.0,1713.0054
2016-09-02 11:00:00,1757.0,1754.4913
2016-09-02 12:00:00,1794.0,1784.7216
2016-09-02 13:00:00,1814.0,1807.6749
2016-09-02 14:00:00,1808.0,1823.0482
2016-09-02 15:00:00,1835.0,1802.1593
2016-09-02 16:00:00,1869.0,1820.7595
2016-09-02 17:00:00,1854.0,1841.9337
2016-09-02 18:00:00,1805.0,1794.3954
2016-09-02 19:00:00,1721.0,1766.7494
2016-09-02 20:00:00,1706.0,1707.0703
2016-09-02 21:00:00,1623.0,1643.9642
2016-09-02 22:00:00,1512.0,1516.6276
2016-09-02 23:00:00,1398.0,1407.7623
2016-09-03 00:00:00,1310.0,1316.2493
2016-09-03 01:00:00,1229.0,1260.195
2016-09-03 02:00:00,1193.0,1205.0087
2016-09-03 03:00:00,1169.0,1172.5006
2016-09-03 04:00:00,1148.0,1167.5449
2016-09-03 05:00:00,1143.0,1181.9636
2016-09-03 06:00:00,1181.0,1176.7365
2016-09-03 07:00:00,1202.0,1207.5244
2016-09-03 08:00:00,1290.0,1286.4646
2016-09-03 09:00:00,1381.0,1369.7488
2016-09-03 10:00:00,1463.0,1449.8301
2016-09-03 11:00:00,1523.0,1502.262
2016-09-03 12:00:00,1579.0,1557.8862
2016-09-03 13:00:00,1623.0,1601.0743
2016-09-03 14:00:00,1664.0,1652.0039
2016-09-03 15:00:00,1693.0,1692.7999
2016-09-03 16:00:00,1738.0,1708.3048
2016-09-03 17:00:00,1737.0,1742.2219
2016-09-03 18:00:00,1719.0,1704.1243
2016-09-03 19:00:00,1653.0,1694.2933
2016-09-03 20:00:00,1647.0,1647.2994
2016-09-03 21:00:00,1569.0,1604.0094
2016-09-03 22:00:00,1475.0,1494.9497
2016-09-03 23:00:00,1375.0,1371.0388
2016-09-04 00:00:00,1287.0,1285.7565
2016-09-04 01:00:00,1227.0,1235.4578
2016-09-04 02:00:00,1173.0,1195.8308
2016-09-04 03:00:00,1144.0,1156.0587
2016-09-04 04:00:00,1137.0,1146.5757
2016-09-04 05:00:00,1136.0,1127.7617
2016-09-04 06:00:00,1149.0,1128.879
2016-09-04 07:00:00,1164.0,1165.7598
2016-09-04 08:00:00,1235.0,1223.4847
2016-09-04 09:00:00,1326.0,1312.4662
2016-09-04 10:00:00,1426.0,1393.3777
2016-09-04 11:00:00,1528.0,1475.6322
2016-09-04 12:00:00,1594.0,1588.765
2016-09-04 13:00:00,1662.0,1650.9515
2016-09-04 14:00:00,1719.0,1706.4977
2016-09-04 15:00:00,1771.0,1765.6991
2016-09-04 16:00:00,1835.0,1810.721
2016-09-04 17:00:00,1849.0,1857.2062
2016-09-04 18:00:00,1802.0,1827.8534
2016-09-04 19:00:00,1706.0,1787.2501
2016-09-04 20:00:00,1696.0,1708.2225
2016-09-04 21:00:00,1621.0,1658.4327
2016-09-04 22:00:00,1526.0,1519.1215
2016-09-04 23:00:00,1425.0,1421.5704
2016-09-05 00:00:00,1335.0,1346.342
2016-09-05 01:00:00,1260.0,1289.921
2016-09-05 02:00:00,1212.0,1244.2042
2016-09-05 03:00:00,1183.0,1209.0724
2016-09-05 04:00:00,1178.0,1186.863
2016-09-05 05:00:00,1203.0,1224.4893
2016-09-05 06:00:00,1222.0,1271.4596
2016-09-05 07:00:00,1218.0,1250.4233
2016-09-05 08:00:00,1295.0,1290.7528
2016-09-05 09:00:00,1401.0,1386.2432
2016-09-05 10:00:00,1522.0,1485.2822
2016-09-05 11:00:00,1627.0,1566.5533
2016-09-05 12:00:00,1723.0,1658.2231
2016-09-05 13:00:00,1816.0,1783.325
2016-09-05 14:00:00,1904.0,1870.9242
2016-09-05 15:00:00,1977.0,1955.5842
2016-09-05 16:00:00,2065.0,2032.1553
2016-09-05 17:00:00,2079.0,2095.1182
2016-09-05 18:00:00,2044.0,2050.805
2016-09-05 19:00:00,1983.0,1992.9282
2016-09-05 20:00:00,1969.0,1951.8257
2016-09-05 21:00:00,1879.0,1892.7963
2016-09-05 22:00:00,1730.0,1728.653
2016-09-05 23:00:00,1538.0,1594.2332
2016-09-06 00:00:00,1427.0,1453.797
2016-09-06 01:00:00,1346.0,1370.2609
2016-09-06 02:00:00,1294.0,1314.284
2016-09-06 03:00:00,1283.0,1276.763
2016-09-06 04:00:00,1281.0,1287.8202
2016-09-06 05:00:00,1343.0,1352.9565
2016-09-06 06:00:00,1473.0,1465.097
2016-09-06 07:00:00,1550.0,1561.1978
2016-09-06 08:00:00,1644.0,1632.9518
2016-09-06 09:00:00,1742.0,1740.163
2016-09-06 10:00:00,1872.0,1831.1731
2016-09-06 11:00:00,1998.0,1969.2336
2016-09-06 12:00:00,2141.0,2105.5376
2016-09-06 13:00:00,2280.0,2251.3442
2016-09-06 14:00:00,2324.0,2393.9072
2016-09-06 15:00:00,2346.0,2356.5278
2016-09-06 16:00:00,2426.0,2353.8708
2016-09-06 17:00:00,2463.0,2401.2874
2016-09-06 18:00:00,2434.0,2421.0217
2016-09-06 19:00:00,2377.0,2372.5535
2016-09-06 20:00:00,2355.0,2337.2317
2016-09-06 21:00:00,2206.0,2297.8806
2016-09-06 22:00:00,2028.0,2051.626
2016-09-06 23:00:00,1851.0,1857.536
2016-09-07 00:00:00,1715.0,1735.7865
2016-09-07 01:00:00,1611.0,1625.1333
2016-09-07 02:00:00,1564.0,1561.405
2016-09-07 03:00:00,1528.0,1531.5732
2016-09-07 04:00:00,1532.0,1531.5646
2016-09-07 05:00:00,1599.0,1590.6277
2016-09-07 06:00:00,1736.0,1705.7062
2016-09-07 07:00:00,1810.0,1844.1688
2016-09-07 08:00:00,1912.0,1911.6658
2016-09-07 09:00:00,2074.0,2018.3396
2016-09-07 10:00:00,2228.0,2200.9087
2016-09-07 11:00:00,2346.0,2349.4036
2016-09-07 12:00:00,2430.0,2429.187
2016-09-07 13:00:00,2511.0,2504.1052
2016-09-07 14:00:00,2607.0,2563.017
2016-09-07 15:00:00,2623.0,2660.321
2016-09-07 16:00:00,2601.0,2670.168
2016-09-07 17:00:00,2637.0,2613.796
2016-09-07 18:00:00,2574.0,2555.5862
2016-09-07 19:00:00,2487.0,2499.2832
2016-09-07 20:00:00,2455.0,2430.8547
2016-09-07 21:00:00,2352.0,2374.0593
2016-09-07 22:00:00,2184.0,2201.5334
2016-09-07 23:00:00,2019.0,2001.859
2016-09-08 00:00:00,1886.0,1877.1046
2016-09-08 01:00:00,1784.0,1794.085
2016-09-08 02:00:00,1709.0,1717.031
2016-09-08 03:00:00,1665.0,1672.5845
2016-09-08 04:00:00,1649.0,1663.1469
2016-09-08 05:00:00,1708.0,1712.2815
2016-09-08 06:00:00,1818.0,1824.1329
2016-09-08 07:00:00,1870.0,1934.8107
2016-09-08 08:00:00,1982.0,1981.2698
2016-09-08 09:00:00,2113.0,2065.7043
2016-09-08 10:00:00,2190.0,2229.031
2016-09-08 11:00:00,2331.0,2273.735
2016-09-08 12:00:00,2464.0,2410.0967
2016-09-08 13:00:00,2555.0,2546.6257
2016-09-08 14:00:00,2593.0,2626.8677
2016-09-08 15:00:00,2615.0,2667.2976
2016-09-08 16:00:00,2609.0,2669.1028
2016-09-08 17:00:00,2594.0,2609.147
2016-09-08 18:00:00,2527.0,2552.9756
2016-09-08 19:00:00,2490.0,2435.0676
2016-09-08 20:00:00,2474.0,2430.9502
2016-09-08 21:00:00,2360.0,2357.856
2016-09-08 22:00:00,2171.0,2175.862
2016-09-08 23:00:00,2012.0,1978.3695
2016-09-09 00:00:00,1865.0,1870.1237
2016-09-09 01:00:00,1779.0,1765.3885
2016-09-09 02:00:00,1704.0,1702.5259
2016-09-09 03:00:00,1658.0,1656.4045
2016-09-09 04:00:00,1656.0,1656.2592
2016-09-09 05:00:00,1729.0,1703.3922
2016-09-09 06:00:00,1867.0,1827.6691
2016-09-09 07:00:00,1939.0,1969.058
2016-09-09 08:00:00,1996.0,2037.3685
2016-09-09 09:00:00,2055.0,2091.9937
2016-09-09 10:00:00,2104.0,2117.3772
2016-09-09 11:00:00,2144.0,2135.4143
2016-09-09 12:00:00,2197.0,2174.7815
2016-09-09 13:00:00,2226.0,2243.6624
2016-09-09 14:00:00,2251.0,2233.99
2016-09-09 15:00:00,2234.0,2226.1833
2016-09-09 16:00:00,2210.0,2196.1472
2016-09-09 17:00:00,2149.0,2171.4158
2016-09-09 18:00:00,2116.0,2086.858
2016-09-09 19:00:00,2099.0,2042.2948
2016-09-09 20:00:00,2095.0,2047.9181
2016-09-09 21:00:00,2027.0,2024.1157
2016-09-09 22:00:00,1910.0,1891.9705
2016-09-09 23:00:00,1791.0,1769.225
2016-09-10 00:00:00,1670.0,1679.0438
2016-09-10 01:00:00,1582.0,1584.2095
2016-09-10 02:00:00,1535.0,1536.9877
2016-09-10 03:00:00,1501.0,1478.0775
2016-09-10 04:00:00,1498.0,1479.7616
2016-09-10 05:00:00,1513.0,1496.8749
2016-09-10 06:00:00,1544.0,1544.7898
2016-09-10 07:00:00,1600.0,1582.3564
2016-09-10 08:00:00,1744.0,1665.4078
2016-09-10 09:00:00,1901.0,1835.279
2016-09-10 10:00:00,2062.0,2004.1052
2016-09-10 11:00:00,2203.0,2159.4143
2016-09-10 12:00:00,2316.0,2281.623
2016-09-10 13:00:00,2358.0,2393.2302
2016-09-10 14:00:00,2399.0,2424.515
2016-09-10 15:00:00,2430.0,2424.1086
2016-09-10 16:00:00,2420.0,2428.819
2016-09-10 17:00:00,2417.0,2395.6672
2016-09-10 18:00:00,2386.0,2356.6538
2016-09-10 19:00:00,2301.0,2329.9788
2016-09-10 20:00:00,2248.0,2283.2495
2016-09-10 21:00:00,2107.0,2185.2537
2016-09-10 22:00:00,1943.0,1939.9009
2016-09-10 23:00:00,1805.0,1785.2727
2016-09-11 00:00:00,1670.0,1667.5715
2016-09-11 01:00:00,1544.0,1571.1064
2016-09-11 02:00:00,1467.0,1476.6035
2016-09-11 03:00:00,1404.0,1412.554
2016-09-11 04:00:00,1377.0,1376.4951
2016-09-11 05:00:00,1352.0,1373.4701
2016-09-11 06:00:00,1348.0,1364.5104
2016-09-11 07:00:00,1351.0,1373.7959
2016-09-11 08:00:00,1411.0,1440.4259
2016-09-11 09:00:00,1473.0,1503.5125
2016-09-11 10:00:00,1534.0,1551.7927
2016-09-11 11:00:00,1597.0,1583.4753
2016-09-11 12:00:00,1640.0,1620.6395
2016-09-11 13:00:00,1681.0,1664.8608
2016-09-11 14:00:00,1731.0,1704.8534
2016-09-11 15:00:00,1754.0,1763.9672
2016-09-11 16:00:00,1780.0,1762.9491
2016-09-11 17:00:00,1809.0,1785.2141
2016-09-11 18:00:00,1763.0,1799.7523
2016-09-11 19:00:00,1709.0,1764.3333
2016-09-11 20:00:00,1697.0,1698.1237
2016-09-11 21:00:00,1629.0,1634.2594
2016-09-11 22:00:00,1512.0,1519.0292
2016-09-11 23:00:00,1398.0,1397.9181
2016-09-12 00:00:00,1311.0,1312.8762
2016-09-12 01:00:00,1252.0,1264.2977
2016-09-12 02:00:00,1219.0,1225.6299
2016-09-12 03:00:00,1195.0,1219.4288
2016-09-12 04:00:00,1215.0,1214.533
2016-09-12 05:00:00,1265.0,1281.5194
2016-09-12 06:00:00,1393.0,1373.1553
2016-09-12 07:00:00,1467.0,1492.8611
2016-09-12 08:00:00,1543.0,1553.3708
2016-09-12 09:00:00,1608.0,1632.0189
2016-09-12 10:00:00,1695.0,1670.785
2016-09-12 11:00:00,1769.0,1757.451
2016-09-12 12:00:00,1799.0,1818.0083
2016-09-12 13:00:00,1870.0,1844.3302
2016-09-12 14:00:00,1914.0,1905.7018
2016-09-12 15:00:00,1967.0,1943.059
2016-09-12 16:00:00,2016.0,1995.2808
2016-09-12 17:00:00,2025.0,2028.8141
2016-09-12 18:00:00,1976.0,1992.8936
2016-09-12 19:00:00,1919.0,1927.3225
2016-09-12 20:00:00,1883.0,1883.0908
2016-09-12 21:00:00,1779.0,1809.407
2016-09-12 22:00:00,1630.0,1633.6244
2016-09-12 23:00:00,1475.0,1496.3246
2016-09-13 00:00:00,1378.0,1391.7393
2016-09-13 01:00:00,1312.0,1333.5897
2016-09-13 02:00:00,1271.0,1282.8448
2016-09-13 03:00:00,1273.0,1261.7295
2016-09-13 04:00:00,1283.0,1276.4802
2016-09-13 05:00:00,1329.0,1349.1262
2016-09-13 06:00:00,1444.0,1451.553
2016-09-13 07:00:00,1530.0,1541.6882
2016-09-13 08:00:00,1611.0,1607.4751
2016-09-13 09:00:00,1723.0,1690.2772
2016-09-13 10:00:00,1821.0,1800.662
2016-09-13 11:00:00,1916.0,1901.2482
2016-09-13 12:00:00,1985.0,1973.8364
2016-09-13 13:00:00,2052.0,2065.2048
2016-09-13 14:00:00,2085.0,2115.6367
2016-09-13 15:00:00,2171.0,2123.3438
2016-09-13 16:00:00,2217.0,2195.091
2016-09-13 17:00:00,2203.0,2231.2434
2016-09-13 18:00:00,2146.0,2165.8423
2016-09-13 19:00:00,2055.0,2099.822
2016-09-13 20:00:00,2006.0,2038.3169
2016-09-13 21:00:00,1878.0,1953.3522
2016-09-13 22:00:00,1719.0,1737.1207
2016-09-13 23:00:00,1568.0,1580.3759
2016-09-14 00:00:00,1449.0,1465.9556
2016-09-14 01:00:00,1376.0,1391.6182
2016-09-14 02:00:00,1333.0,1344.1576
2016-09-14 03:00:00,1302.0,1316.6677
2016-09-14 04:00:00,1324.0,1313.4362
2016-09-14 05:00:00,1388.0,1388.1702
2016-09-14 06:00:00,1498.0,1500.1248
2016-09-14 07:00:00,1555.0,1572.0519
2016-09-14 08:00:00,1631.0,1636.2206
2016-09-14 09:00:00,1738.0,1717.0121
2016-09-14 10:00:00,1843.0,1840.7875
2016-09-14 11:00:00,1929.0,1907.3453
2016-09-14 12:00:00,2018.0,1977.4435
2016-09-14 13:00:00,2118.0,2070.3694
2016-09-14 14:00:00,2099.0,2178.3508
2016-09-14 15:00:00,2020.0,2129.8047
2016-09-14 16:00:00,2024.0,2017.0873
2016-09-14 17:00:00,1991.0,1978.4343
2016-09-14 18:00:00,1927.0,1947.9718
2016-09-14 19:00:00,1883.0,1883.5219
2016-09-14 20:00:00,1846.0,1861.4932
2016-09-14 21:00:00,1748.0,1777.253
2016-09-14 22:00:00,1592.0,1622.1354
2016-09-14 23:00:00,1464.0,1459.8661
2016-09-15 00:00:00,1368.0,1379.8673
2016-09-15 01:00:00,1296.0,1319.8383
2016-09-15 02:00:00,1260.0,1270.8324
2016-09-15 03:00:00,1228.0,1255.3547
2016-09-15 04:00:00,1232.0,1241.1935
2016-09-15 05:00:00,1311.0,1305.4412
2016-09-15 06:00:00,1417.0,1428.7799
2016-09-15 07:00:00,1461.0,1494.8126
2016-09-15 08:00:00,1522.0,1538.1765
2016-09-15 09:00:00,1598.0,1597.6422
2016-09-15 10:00:00,1674.0,1675.7657
2016-09-15 11:00:00,1711.0,1720.948
2016-09-15 12:00:00,1757.0,1741.8804
2016-09-15 13:00:00,1811.0,1778.6754
2016-09-15 14:00:00,1815.0,1819.9866
2016-09-15 15:00:00,1839.0,1828.4656
2016-09-15 16:00:00,1842.0,1840.7654
2016-09-15 17:00:00,1834.0,1811.2023
2016-09-15 18:00:00,1809.0,1780.4258
2016-09-15 19:00:00,1753.0,1779.0161
2016-09-15 20:00:00,1734.0,1747.0416
2016-09-15 21:00:00,1620.0,1668.62
2016-09-15 22:00:00,1497.0,1508.5706
2016-09-15 23:00:00,1368.0,1387.1127
2016-09-16 00:00:00,1307.0,1308.3314
2016-09-16 01:00:00,1245.0,1260.9031
2016-09-16 02:00:00,1202.0,1219.2605
2016-09-16 03:00:00,1182.0,1195.8583
2016-09-16 04:00:00,1202.0,1188.8932
2016-09-16 05:00:00,1283.0,1262.2144
2016-09-16 06:00:00,1384.0,1384.7963
2016-09-16 07:00:00,1453.0,1469.3079
2016-09-16 08:00:00,1517.0,1538.1993
2016-09-16 09:00:00,1602.0,1596.5348
2016-09-16 10:00:00,1687.0,1661.0239
2016-09-16 11:00:00,1759.0,1735.4431
2016-09-16 12:00:00,1820.0,1803.2241
2016-09-16 13:00:00,1882.0,1868.4725
2016-09-16 14:00:00,1946.0,1926.0737
2016-09-16 15:00:00,1989.0,1984.143
2016-09-16 16:00:00,2049.0,2008.5096
2016-09-16 17:00:00,2029.0,2066.1719
2016-09-16 18:00:00,1964.0,1990.3743
2016-09-16 19:00:00,1884.0,1915.1029
2016-09-16 20:00:00,1847.0,1843.9076
2016-09-16 21:00:00,1771.0,1787.6995
2016-09-16 22:00:00,1643.0,1643.2219
2016-09-16 23:00:00,1509.0,1518.1921
2016-09-17 00:00:00,1409.0,1420.1047
2016-09-17 01:00:00,1344.0,1347.3439
2016-09-17 02:00:00,1302.0,1300.0009
2016-09-17 03:00:00,1271.0,1272.7892
2016-09-17 04:00:00,1283.0,1260.6787
2016-09-17 05:00:00,1281.0,1295.5553
2016-09-17 06:00:00,1336.0,1301.1862
2016-09-17 07:00:00,1373.0,1367.2117
2016-09-17 08:00:00,1462.0,1439.2504
2016-09-17 09:00:00,1568.0,1538.5208
2016-09-17 10:00:00,1627.0,1638.3052
2016-09-17 11:00:00,1694.0,1689.9303
2016-09-17 12:00:00,1794.0,1738.3276
2016-09-17 13:00:00,1842.0,1836.8217
2016-09-17 14:00:00,1846.0,1886.6987
2016-09-17 15:00:00,1867.0,1888.0417
2016-09-17 16:00:00,1879.0,1881.3097
2016-09-17 17:00:00,1873.0,1863.1727
2016-09-17 18:00:00,1843.0,1823.899
2016-09-17 19:00:00,1852.0,1812.3483
2016-09-17 20:00:00,1856.0,1841.8153
2016-09-17 21:00:00,1820.0,1802.8654
2016-09-17 22:00:00,1725.0,1704.7865
2016-09-17 23:00:00,1618.0,1598.3425
2016-09-18 00:00:00,1530.0,1509.9674
2016-09-18 01:00:00,1452.0,1461.2281
2016-09-18 02:00:00,1405.0,1400.8271
2016-09-18 03:00:00,1354.0,1371.3064
2016-09-18 04:00:00,1348.0,1339.0405
2016-09-18 05:00:00,1352.0,1352.2487
2016-09-18 06:00:00,1375.0,1375.4313
2016-09-18 07:00:00,1417.0,1406.2975
2016-09-18 08:00:00,1475.0,1488.4255
2016-09-18 09:00:00,1552.0,1557.3772
2016-09-18 10:00:00,1606.0,1626.3984
2016-09-18 11:00:00,1643.0,1652.4886
2016-09-18 12:00:00,1686.0,1677.8518
2016-09-18 13:00:00,1692.0,1704.4915
2016-09-18 14:00:00,1713.0,1709.0773
2016-09-18 15:00:00,1716.0,1716.0189
2016-09-18 16:00:00,1746.0,1726.8547
2016-09-18 17:00:00,1764.0,1756.292
2016-09-18 18:00:00,1756.0,1760.9326
2016-09-18 19:00:00,1781.0,1756.4445
2016-09-18 20:00:00,1773.0,1770.0973
2016-09-18 21:00:00,1715.0,1727.8937
2016-09-18 22:00:00,1596.0,1627.4756
2016-09-18 23:00:00,1485.0,1496.257
2016-09-19 00:00:00,1399.0,1401.4614
2016-09-19 01:00:00,1337.0,1349.5088
2016-09-19 02:00:00,1299.0,1317.2496
2016-09-19 03:00:00,1293.0,1288.8772
2016-09-19 04:00:00,1329.0,1311.5059
2016-09-19 05:00:00,1404.0,1404.9298
2016-09-19 06:00:00,1539.0,1537.2587
2016-09-19 07:00:00,1633.0,1633.7697
2016-09-19 08:00:00,1703.0,1701.7789
2016-09-19 09:00:00,1751.0,1765.6282
2016-09-19 10:00:00,1796.0,1797.7426
2016-09-19 11:00:00,1834.0,1827.8058
2016-09-19 12:00:00,1894.0,1854.7144
2016-09-19 13:00:00,2006.0,1919.5063
2016-09-19 14:00:00,2058.0,2050.7993
2016-09-19 15:00:00,2109.0,2100.8582
2016-09-19 16:00:00,2147.0,2156.8047
2016-09-19 17:00:00,2131.0,2152.8728
2016-09-19 18:00:00,2056.0,2080.9866
2016-09-19 19:00:00,2000.0,2018.4672
2016-09-19 20:00:00,1949.0,1986.0837
2016-09-19 21:00:00,1841.0,1888.3555
2016-09-19 22:00:00,1686.0,1695.8225
2016-09-19 23:00:00,1539.0,1545.0016
2016-09-20 00:00:00,1435.0,1436.6459
2016-09-20 01:00:00,1370.0,1374.9307
2016-09-20 02:00:00,1309.0,1340.2511
2016-09-20 03:00:00,1294.0,1296.5009
2016-09-20 04:00:00,1306.0,1302.6235
2016-09-20 05:00:00,1360.0,1378.6565
2016-09-20 06:00:00,1473.0,1488.1743
2016-09-20 07:00:00,1549.0,1563.5908
2016-09-20 08:00:00,1606.0,1628.3683
2016-09-20 09:00:00,1690.0,1689.8112
2016-09-20 10:00:00,1801.0,1775.5897
2016-09-20 11:00:00,1897.0,1867.4146
2016-09-20 12:00:00,1982.0,1965.3159
2016-09-20 13:00:00,2069.0,2039.9873
2016-09-20 14:00:00,2138.0,2132.3489
2016-09-20 15:00:00,2199.0,2194.4656
2016-09-20 16:00:00,2231.0,2230.5667
2016-09-20 17:00:00,2234.0,2203.9434
2016-09-20 18:00:00,2166.0,2153.051
2016-09-20 19:00:00,2085.0,2113.276
2016-09-20 20:00:00,2008.0,2057.7551
2016-09-20 21:00:00,1901.0,1949.5464
2016-09-20 22:00:00,1731.0,1754.6846
2016-09-20 23:00:00,1581.0,1588.4412
2016-09-21 00:00:00,1465.0,1482.6714
2016-09-21 01:00:00,1378.0,1411.5361
2016-09-21 02:00:00,1335.0,1348.5815
2016-09-21 03:00:00,1321.0,1311.7418
2016-09-21 04:00:00,1338.0,1334.4171
2016-09-21 05:00:00,1395.0,1401.9806
2016-09-21 06:00:00,1514.0,1522.7386
2016-09-21 07:00:00,1577.0,1599.7474
2016-09-21 08:00:00,1645.0,1668.2505
2016-09-21 09:00:00,1729.0,1728.4268
2016-09-21 10:00:00,1817.0,1825.0896
2016-09-21 11:00:00,1924.0,1884.4708
2016-09-21 12:00:00,2016.0,1978.0776
2016-09-21 13:00:00,2115.0,2084.0874
2016-09-21 14:00:00,2216.0,2186.0693
2016-09-21 15:00:00,2248.0,2278.5032
2016-09-21 16:00:00,2268.0,2283.3748
2016-09-21 17:00:00,2269.0,2241.9402
2016-09-21 18:00:00,2210.0,2197.879
2016-09-21 19:00:00,2123.0,2147.5347
2016-09-21 20:00:00,2071.0,2078.8142
2016-09-21 21:00:00,1939.0,1997.5375
2016-09-21 22:00:00,1762.0,1772.3937
2016-09-21 23:00:00,1616.0,1610.221
2016-09-22 00:00:00,1497.0,1512.2528
2016-09-22 01:00:00,1430.0,1435.4061
2016-09-22 02:00:00,1375.0,1387.5297
2016-09-22 03:00:00,1337.0,1361.2014
2016-09-22 04:00:00,1352.0,1346.0099
2016-09-22 05:00:00,1412.0,1416.9417
2016-09-22 06:00:00,1539.0,1528.4755
2016-09-22 07:00:00,1592.0,1627.6544
2016-09-22 08:00:00,1658.0,1683.7366
2016-09-22 09:00:00,1762.0,1754.3556
2016-09-22 10:00:00,1863.0,1867.3613
2016-09-22 11:00:00,1965.0,1937.7994
2016-09-22 12:00:00,2038.0,2040.8391
2016-09-22 13:00:00,2141.0,2101.5015
2016-09-22 14:00:00,2215.0,2204.5486
2016-09-22 15:00:00,2268.0,2271.5854
2016-09-22 16:00:00,2320.0,2293.526
2016-09-22 17:00:00,2312.0,2299.523
2016-09-22 18:00:00,2234.0,2244.998
2016-09-22 19:00:00,2161.0,2165.4543
2016-09-22 20:00:00,2085.0,2121.6965
2016-09-22 21:00:00,1936.0,2004.2096
2016-09-22 22:00:00,1781.0,1766.7184
2016-09-22 23:00:00,1620.0,1627.9835
2016-09-23 00:00:00,1496.0,1525.6974
2016-09-23 01:00:00,1428.0,1435.2607
2016-09-23 02:00:00,1382.0,1383.0707
2016-09-23 03:00:00,1354.0,1368.3656
2016-09-23 04:00:00,1365.0,1361.5588
2016-09-23 05:00:00,1427.0,1431.5796
2016-09-23 06:00:00,1547.0,1550.3256
2016-09-23 07:00:00,1601.0,1639.9716
2016-09-23 08:00:00,1689.0,1691.3545
2016-09-23 09:00:00,1793.0,1791.657
2016-09-23 10:00:00,1910.0,1900.8788
2016-09-23 11:00:00,2026.0,1992.5944
2016-09-23 12:00:00,2132.0,2104.8062
2016-09-23 13:00:00,2244.0,2206.9355
2016-09-23 14:00:00,2320.0,2307.888
2016-09-23 15:00:00,2355.0,2366.6714
2016-09-23 16:00:00,2380.0,2391.453
2016-09-23 17:00:00,2343.0,2348.4448
2016-09-23 18:00:00,2250.0,2265.4248
2016-09-23 19:00:00,2158.0,2176.7583
2016-09-23 20:00:00,2095.0,2119.3274
2016-09-23 21:00:00,1963.0,2024.8398
2016-09-23 22:00:00,1834.0,1798.1212
2016-09-23 23:00:00,1702.0,1687.4108
2016-09-24 00:00:00,1599.0,1576.4791
2016-09-24 01:00:00,1517.0,1503.8595
2016-09-24 02:00:00,1475.0,1455.2607
2016-09-24 03:00:00,1440.0,1430.2992
2016-09-24 04:00:00,1417.0,1431.3035
2016-09-24 05:00:00,1416.0,1431.6373
2016-09-24 06:00:00,1445.0,1449.4756
2016-09-24 07:00:00,1460.0,1484.8809
2016-09-24 08:00:00,1532.0,1551.4005
2016-09-24 09:00:00,1590.0,1638.5255
2016-09-24 10:00:00,1625.0,1678.1267
2016-09-24 11:00:00,1632.0,1683.8499
2016-09-24 12:00:00,1621.0,1653.9855
2016-09-24 13:00:00,1616.0,1626.688
2016-09-24 14:00:00,1647.0,1618.2665
2016-09-24 15:00:00,1667.0,1649.7023
2016-09-24 16:00:00,1700.0,1678.4944
2016-09-24 17:00:00,1683.0,1718.3816
2016-09-24 18:00:00,1638.0,1657.2338
2016-09-24 19:00:00,1607.0,1621.738
2016-09-24 20:00:00,1578.0,1593.956
2016-09-24 21:00:00,1516.0,1544.1532
2016-09-24 22:00:00,1429.0,1430.2477
2016-09-24 23:00:00,1339.0,1357.7299
2016-09-25 00:00:00,1243.0,1267.5239
2016-09-25 01:00:00,1195.0,1202.1895
2016-09-25 02:00:00,1165.0,1165.8934
2016-09-25 03:00:00,1137.0,1144.3544
2016-09-25 04:00:00,1130.0,1156.3569
2016-09-25 05:00:00,1134.0,1170.6454
2016-09-25 06:00:00,1162.0,1174.4083
2016-09-25 07:00:00,1169.0,1182.8236
2016-09-25 08:00:00,1226.0,1240.7455
2016-09-25 09:00:00,1294.0,1291.9625
2016-09-25 10:00:00,1347.0,1350.347
2016-09-25 11:00:00,1397.0,1392.9603
2016-09-25 12:00:00,1453.0,1433.8074
2016-09-25 13:00:00,1468.0,1481.7289
2016-09-25 14:00:00,1490.0,1482.8287
2016-09-25 15:00:00,1524.0,1510.4021
2016-09-25 16:00:00,1567.0,1550.6547
2016-09-25 17:00:00,1594.0,1597.9395
2016-09-25 18:00:00,1556.0,1595.636
2016-09-25 19:00:00,1558.0,1572.0267
2016-09-25 20:00:00,1548.0,1565.5172
2016-09-25 21:00:00,1480.0,1514.6407
2016-09-25 22:00:00,1384.0,1401.4856
2016-09-25 23:00:00,1282.0,1303.0018
2016-09-26 00:00:00,1207.0,1223.3588
2016-09-26 01:00:00,1162.0,1175.706
2016-09-26 02:00:00,1150.0,1143.1368
2016-09-26 03:00:00,1159.0,1145.2788
2016-09-26 04:00:00,1162.0,1165.9526
2016-09-26 05:00:00,1227.0,1209.9077
2016-09-26 06:00:00,1368.0,1323.8531
2016-09-26 07:00:00,1424.0,1458.8623
2016-09-26 08:00:00,1487.0,1528.6593
2016-09-26 09:00:00,1546.0,1562.9011
2016-09-26 10:00:00,1633.0,1605.3031
2016-09-26 11:00:00,1712.0,1695.1565
2016-09-26 12:00:00,1782.0,1761.8271
2016-09-26 13:00:00,1806.0,1826.1193
2016-09-26 14:00:00,1789.0,1836.0349
2016-09-26 15:00:00,1744.0,1795.6488
2016-09-26 16:00:00,1698.0,1738.7113
2016-09-26 17:00:00,1674.0,1686.817
2016-09-26 18:00:00,1666.0,1653.6531
2016-09-26 19:00:00,1669.0,1677.0088
2016-09-26 20:00:00,1630.0,1675.7648
2016-09-26 21:00:00,1546.0,1578.0952
2016-09-26 22:00:00,1442.0,1431.221
2016-09-26 23:00:00,1342.0,1340.2529
2016-09-27 00:00:00,1238.0,1278.8573
2016-09-27 01:00:00,1191.0,1203.1965
2016-09-27 02:00:00,1171.0,1172.3506
2016-09-27 03:00:00,1146.0,1169.5525
2016-09-27 04:00:00,1168.0,1176.4618
2016-09-27 05:00:00,1228.0,1243.1763
2016-09-27 06:00:00,1346.0,1336.2866
2016-09-27 07:00:00,1419.0,1435.5735
2016-09-27 08:00:00,1461.0,1519.7002
2016-09-27 09:00:00,1506.0,1540.5833
2016-09-27 10:00:00,1573.0,1554.9476
2016-09-27 11:00:00,1591.0,1599.1265
2016-09-27 12:00:00,1619.0,1606.2584
2016-09-27 13:00:00,1643.0,1638.2765
2016-09-27 14:00:00,1650.0,1648.7122
2016-09-27 15:00:00,1648.0,1649.6256
2016-09-27 16:00:00,1649.0,1650.1428
2016-09-27 17:00:00,1634.0,1643.4921
2016-09-27 18:00:00,1582.0,1622.3037
2016-09-27 19:00:00,1596.0,1597.1685
2016-09-27 20:00:00,1569.0,1605.2883
2016-09-27 21:00:00,1488.0,1532.9154
2016-09-27 22:00:00,1388.0,1398.6799
2016-09-27 23:00:00,1281.0,1309.0623
2016-09-28 00:00:00,1223.0,1227.2974
2016-09-28 01:00:00,1169.0,1182.8804
2016-09-28 02:00:00,1142.0,1158.8572
2016-09-28 03:00:00,1143.0,1133.4208
2016-09-28 04:00:00,1154.0,1145.6475
2016-09-28 05:00:00,1221.0,1221.4905
2016-09-28 06:00:00,1344.0,1339.2673
2016-09-28 07:00:00,1410.0,1441.7991
2016-09-28 08:00:00,1437.0,1504.0554
2016-09-28 09:00:00,1465.0,1520.1333
2016-09-28 10:00:00,1542.0,1525.5332
2016-09-28 11:00:00,1597.0,1565.0619
2016-09-28 12:00:00,1643.0,1610.1182
2016-09-28 13:00:00,1665.0,1672.7046
2016-09-28 14:00:00,1674.0,1683.1536
2016-09-28 15:00:00,1667.0,1684.1691
2016-09-28 16:00:00,1665.0,1666.5695
2016-09-28 17:00:00,1637.0,1658.3809
2016-09-28 18:00:00,1607.0,1621.5826
2016-09-28 19:00:00,1618.0,1624.8304
2016-09-28 20:00:00,1608.0,1629.7622
2016-09-28 21:00:00,1522.0,1558.6542
2016-09-28 22:00:00,1420.0,1424.7854
2016-09-28 23:00:00,1344.0,1324.5724
2016-09-29 00:00:00,1266.0,1267.2185
2016-09-29 01:00:00,1233.0,1228.1614
2016-09-29 02:00:00,1205.0,1214.1528
2016-09-29 03:00:00,1200.0,1190.179
2016-09-29 04:00:00,1217.0,1218.5752
2016-09-29 05:00:00,1289.0,1287.0188
2016-09-29 06:00:00,1413.0,1419.0605
2016-09-29 07:00:00,1514.0,1502.8569
2016-09-29 08:00:00,1541.0,1577.5585
2016-09-29 09:00:00,1569.0,1600.6073
2016-09-29 10:00:00,1603.0,1611.3568
2016-09-29 11:00:00,1632.0,1623.7188
2016-09-29 12:00:00,1628.0,1648.0164
2016-09-29 13:00:00,1654.0,1638.3572
2016-09-29 14:00:00,1640.0,1659.1832
2016-09-29 15:00:00,1631.0,1639.9556
2016-09-29 16:00:00,1613.0,1627.9172
2016-09-29 17:00:00,1607.0,1604.7175
2016-09-29 18:00:00,1569.0,1595.2952
2016-09-29 19:00:00,1606.0,1594.1561
2016-09-29 20:00:00,1577.0,1616.7517
2016-09-29 21:00:00,1506.0,1540.3197
2016-09-29 22:00:00,1399.0,1413.2509
2016-09-29 23:00:00,1300.0,1325.8711
2016-09-30 00:00:00,1245.0,1242.8043
2016-09-30 01:00:00,1194.0,1206.3158
2016-09-30 02:00:00,1178.0,1170.446
2016-09-30 03:00:00,1162.0,1171.0771
2016-09-30 04:00:00,1183.0,1175.4397
2016-09-30 05:00:00,1260.0,1243.9128
2016-09-30 06:00:00,1382.0,1391.7323
2016-09-30 07:00:00,1449.0,1477.1958
2016-09-30 08:00:00,1478.0,1526.8043
2016-09-30 09:00:00,1530.0,1545.079
2016-09-30 10:00:00,1580.0,1567.6633
2016-09-30 11:00:00,1593.0,1596.5736
2016-09-30 12:00:00,1598.0,1599.4292
2016-09-30 13:00:00,1599.0,1605.1246
2016-09-30 14:00:00,1576.0,1595.9125
2016-09-30 15:00:00,1553.0,1568.3425
2016-09-30 16:00:00,1546.0,1551.141
2016-09-30 17:00:00,1517.0,1539.1053
2016-09-30 18:00:00,1485.0,1506.1902
2016-09-30 19:00:00,1503.0,1505.2753
2016-09-30 20:00:00,1490.0,1520.2471
2016-09-30 21:00:00,1442.0,1461.2388
2016-09-30 22:00:00,1362.0,1372.369
2016-09-30 23:00:00,1269.0,1290.5986
2016-10-01 00:00:00,1202.0,1202.4095
2016-10-01 01:00:00,1145.0,1165.3824
2016-10-01 02:00:00,1136.0,1141.8484
2016-10-01 03:00:00,1124.0,1113.4652
2016-10-01 04:00:00,1128.0,1116.5514
2016-10-01 05:00:00,1139.0,1146.0203
2016-10-01 06:00:00,1196.0,1168.8374
2016-10-01 07:00:00,1235.0,1243.4574
2016-10-01 08:00:00,1284.0,1284.4008
2016-10-01 09:00:00,1351.0,1333.4994
2016-10-01 10:00:00,1417.0,1381.7783
2016-10-01 11:00:00,1436.0,1430.1829
2016-10-01 12:00:00,1450.0,1435.8427
2016-10-01 13:00:00,1447.0,1436.7747
2016-10-01 14:00:00,1459.0,1433.0769
2016-10-01 15:00:00,1457.0,1444.0548
2016-10-01 16:00:00,1448.0,1452.6505
2016-10-01 17:00:00,1445.0,1451.3536
2016-10-01 18:00:00,1428.0,1461.3025
2016-10-01 19:00:00,1469.0,1480.6517
2016-10-01 20:00:00,1449.0,1475.9448
2016-10-01 21:00:00,1412.0,1434.1449
2016-10-01 22:00:00,1341.0,1347.7484
2016-10-01 23:00:00,1266.0,1265.4838
2016-10-02 00:00:00,1200.0,1199.0786
2016-10-02 01:00:00,1156.0,1154.5312
2016-10-02 02:00:00,1125.0,1139.1077
2016-10-02 03:00:00,1113.0,1113.7266
2016-10-02 04:00:00,1112.0,1097.5093
2016-10-02 05:00:00,1121.0,1128.519
2016-10-02 06:00:00,1148.0,1146.295
2016-10-02 07:00:00,1163.0,1185.3442
2016-10-02 08:00:00,1210.0,1212.1149
2016-10-02 09:00:00,1260.0,1271.8267
2016-10-02 10:00:00,1303.0,1309.8154
2016-10-02 11:00:00,1332.0,1331.152
2016-10-02 12:00:00,1351.0,1345.612
2016-10-02 13:00:00,1360.0,1363.1803
2016-10-02 14:00:00,1362.0,1361.0259
2016-10-02 15:00:00,1372.0,1367.9597
2016-10-02 16:00:00,1390.0,1383.8157
2016-10-02 17:00:00,1402.0,1403.861
2016-10-02 18:00:00,1412.0,1424.1783
2016-10-02 19:00:00,1459.0,1470.763
2016-10-02 20:00:00,1451.0,1479.1926
2016-10-02 21:00:00,1393.0,1436.7485
2016-10-02 22:00:00,1325.0,1319.5736
2016-10-02 23:00:00,1254.0,1260.6521
2016-10-03 00:00:00,1179.0,1200.7451
2016-10-03 01:00:00,1148.0,1150.1454
2016-10-03 02:00:00,1118.0,1143.0197
2016-10-03 03:00:00,1122.0,1121.757
2016-10-03 04:00:00,1136.0,1143.1478
2016-10-03 05:00:00,1217.0,1213.2828
2016-10-03 06:00:00,1338.0,1371.3464
2016-10-03 07:00:00,1405.0,1456.1249
2016-10-03 08:00:00,1446.0,1498.5022
2016-10-03 09:00:00,1494.0,1524.7479
2016-10-03 10:00:00,1535.0,1540.4286
2016-10-03 11:00:00,1588.0,1550.4268
2016-10-03 12:00:00,1616.0,1589.911
2016-10-03 13:00:00,1624.0,1617.5466
2016-10-03 14:00:00,1617.0,1623.8374
2016-10-03 15:00:00,1592.0,1615.7561
2016-10-03 16:00:00,1589.0,1588.2858
2016-10-03 17:00:00,1563.0,1589.6282
2016-10-03 18:00:00,1549.0,1577.1713
2016-10-03 19:00:00,1589.0,1585.1754
2016-10-03 20:00:00,1560.0,1587.9894
2016-10-03 21:00:00,1485.0,1522.2506
2016-10-03 22:00:00,1370.0,1382.783
2016-10-03 23:00:00,1279.0,1290.0558
2016-10-04 00:00:00,1203.0,1214.9834
2016-10-04 01:00:00,1158.0,1167.4852
2016-10-04 02:00:00,1150.0,1149.628
2016-10-04 03:00:00,1134.0,1159.0375
2016-10-04 04:00:00,1142.0,1147.3987
2016-10-04 05:00:00,1221.0,1201.2126
2016-10-04 06:00:00,1332.0,1352.5476
2016-10-04 07:00:00,1427.0,1444.9775
2016-10-04 08:00:00,1450.0,1518.0786
2016-10-04 09:00:00,1489.0,1522.58
2016-10-04 10:00:00,1529.0,1532.6498
2016-10-04 11:00:00,1566.0,1538.5657
2016-10-04 12:00:00,1607.0,1569.0331
2016-10-04 13:00:00,1638.0,1613.9099
2016-10-04 14:00:00,1656.0,1646.1963
2016-10-04 15:00:00,1682.0,1651.3169
2016-10-04 16:00:00,1662.0,1684.357
2016-10-04 17:00:00,1631.0,1661.7819
2016-10-04 18:00:00,1611.0,1633.496
2016-10-04 19:00:00,1659.0,1638.9325
2016-10-04 20:00:00,1611.0,1652.6116
2016-10-04 21:00:00,1499.0,1556.1531
2016-10-04 22:00:00,1409.0,1397.8851
2016-10-04 23:00:00,1302.0,1309.6771
2016-10-05 00:00:00,1236.0,1238.8918
2016-10-05 01:00:00,1197.0,1194.9337
2016-10-05 02:00:00,1171.0,1178.2812
2016-10-05 03:00:00,1158.0,1172.5901
2016-10-05 04:00:00,1178.0,1182.3357
2016-10-05 05:00:00,1242.0,1256.511
2016-10-05 06:00:00,1375.0,1383.8658
2016-10-05 07:00:00,1443.0,1485.0012
2016-10-05 08:00:00,1471.0,1527.8258
2016-10-05 09:00:00,1534.0,1541.8678
2016-10-05 10:00:00,1570.0,1574.9487
2016-10-05 11:00:00,1603.0,1583.8699
2016-10-05 12:00:00,1644.0,1607.4344
2016-10-05 13:00:00,1651.0,1655.6285
2016-10-05 14:00:00,1652.0,1652.5337
2016-10-05 15:00:00,1644.0,1650.8
2016-10-05 16:00:00,1639.0,1640.2367
2016-10-05 17:00:00,1624.0,1631.6926
2016-10-05 18:00:00,1581.0,1623.5332
2016-10-05 19:00:00,1613.0,1604.9532
2016-10-05 20:00:00,1579.0,1609.3048
2016-10-05 21:00:00,1492.0,1531.9677
2016-10-05 22:00:00,1386.0,1392.0858
2016-10-05 23:00:00,1293.0,1303.1146
2016-10-06 00:00:00,1211.0,1230.0354
2016-10-06 01:00:00,1184.0,1175.984
2016-10-06 02:00:00,1156.0,1168.5754
2016-10-06 03:00:00,1147.0,1158.5775
2016-10-06 04:00:00,1157.0,1186.2135
2016-10-06 05:00:00,1219.0,1235.045
2016-10-06 06:00:00,1363.0,1345.0103
2016-10-06 07:00:00,1410.0,1471.5421
2016-10-06 08:00:00,1446.0,1502.2002
2016-10-06 09:00:00,1492.0,1526.2465
2016-10-06 10:00:00,1547.0,1536.3339
2016-10-06 11:00:00,1576.0,1550.7188
2016-10-06 12:00:00,1615.0,1576.0261
2016-10-06 13:00:00,1633.0,1622.7168
2016-10-06 14:00:00,1653.0,1634.6293
2016-10-06 15:00:00,1672.0,1655.8799
2016-10-06 16:00:00,1687.0,1675.2898
2016-10-06 17:00:00,1647.0,1678.0377
2016-10-06 18:00:00,1615.0,1648.6447
2016-10-06 19:00:00,1622.0,1633.5153
2016-10-06 20:00:00,1595.0,1612.5461
2016-10-06 21:00:00,1497.0,1544.3271
2016-10-06 22:00:00,1403.0,1392.1263
2016-10-06 23:00:00,1282.0,1305.8287
2016-10-07 00:00:00,1212.0,1221.4149
2016-10-07 01:00:00,1174.0,1177.8684
2016-10-07 02:00:00,1152.0,1157.8525
2016-10-07 03:00:00,1133.0,1159.2289
2016-10-07 04:00:00,1151.0,1150.8264
2016-10-07 05:00:00,1223.0,1228.4463
2016-10-07 06:00:00,1344.0,1347.6196
2016-10-07 07:00:00,1403.0,1451.015
2016-10-07 08:00:00,1462.0,1498.2598
2016-10-07 09:00:00,1526.0,1542.4044
2016-10-07 10:00:00,1585.0,1562.4207
2016-10-07 11:00:00,1636.0,1600.9647
2016-10-07 12:00:00,1674.0,1644.0259
2016-10-07 13:00:00,1690.0,1687.1256
2016-10-07 14:00:00,1669.0,1690.3351
2016-10-07 15:00:00,1669.0,1661.3613
2016-10-07 16:00:00,1639.0,1651.9597
2016-10-07 17:00:00,1613.0,1618.087
2016-10-07 18:00:00,1601.0,1600.734
2016-10-07 19:00:00,1608.0,1616.3196
2016-10-07 20:00:00,1574.0,1596.7915
2016-10-07 21:00:00,1514.0,1526.6442
2016-10-07 22:00:00,1429.0,1421.254
2016-10-07 23:00:00,1339.0,1329.5143
2016-10-08 00:00:00,1263.0,1256.553
2016-10-08 01:00:00,1204.0,1213.003
2016-10-08 02:00:00,1168.0,1172.455
2016-10-08 03:00:00,1165.0,1153.0842
2016-10-08 04:00:00,1160.0,1160.9568
2016-10-08 05:00:00,1194.0,1190.246
2016-10-08 06:00:00,1234.0,1231.092
2016-10-08 07:00:00,1288.0,1279.1844
2016-10-08 08:00:00,1347.0,1359.9662
2016-10-08 09:00:00,1409.0,1404.5087
2016-10-08 10:00:00,1436.0,1455.7942
2016-10-08 11:00:00,1439.0,1453.603
2016-10-08 12:00:00,1427.0,1444.9307
2016-10-08 13:00:00,1398.0,1425.6569
2016-10-08 14:00:00,1382.0,1394.8014
2016-10-08 15:00:00,1362.0,1377.8145
2016-10-08 16:00:00,1355.0,1360.2539
2016-10-08 17:00:00,1347.0,1362.295
2016-10-08 18:00:00,1361.0,1373.5747
2016-10-08 19:00:00,1404.0,1403.5897
2016-10-08 20:00:00,1388.0,1422.8475
2016-10-08 21:00:00,1331.0,1390.651
2016-10-08 22:00:00,1282.0,1288.4845
2016-10-08 23:00:00,1208.0,1275.4062
2016-10-09 00:00:00,1151.0,1177.1102
2016-10-09 01:00:00,1117.0,1140.6077
2016-10-09 02:00:00,1084.0,1113.5875
2016-10-09 03:00:00,1078.0,1098.6052
2016-10-09 04:00:00,1075.0,1101.087
2016-10-09 05:00:00,1088.0,1128.3971
2016-10-09 06:00:00,1120.0,1146.0245
2016-10-09 07:00:00,1139.0,1159.1007
2016-10-09 08:00:00,1175.0,1179.5117
2016-10-09 09:00:00,1224.0,1237.339
2016-10-09 10:00:00,1257.0,1268.9557
2016-10-09 11:00:00,1280.0,1294.6053
2016-10-09 12:00:00,1293.0,1295.9473
2016-10-09 13:00:00,1286.0,1292.6923
2016-10-09 14:00:00,1278.0,1291.4337
2016-10-09 15:00:00,1265.0,1281.8813
2016-10-09 16:00:00,1296.0,1285.2598
2016-10-09 17:00:00,1319.0,1300.6212
2016-10-09 18:00:00,1331.0,1348.7094
2016-10-09 19:00:00,1394.0,1383.1885
2016-10-09 20:00:00,1385.0,1426.7651
2016-10-09 21:00:00,1324.0,1392.5375
2016-10-09 22:00:00,1277.0,1291.6094
2016-10-09 23:00:00,1196.0,1274.133
2016-10-10 00:00:00,1137.0,1176.3064
2016-10-10 01:00:00,1102.0,1119.2941
2016-10-10 02:00:00,1083.0,1119.485
2016-10-10 03:00:00,1098.0,1115.1554
2016-10-10 04:00:00,1103.0,1147.7349
2016-10-10 05:00:00,1165.0,1208.5299
2016-10-10 06:00:00,1292.0,1269.3492
2016-10-10 07:00:00,1395.0,1420.1127
2016-10-10 08:00:00,1421.0,1486.793
2016-10-10 09:00:00,1452.0,1502.4358
2016-10-10 10:00:00,1478.0,1516.7433
2016-10-10 11:00:00,1496.0,1498.1028
2016-10-10 12:00:00,1487.0,1500.7418
2016-10-10 13:00:00,1498.0,1491.7168
2016-10-10 14:00:00,1484.0,1496.6349
2016-10-10 15:00:00,1461.0,1488.6721
2016-10-10 16:00:00,1458.0,1479.9628
2016-10-10 17:00:00,1445.0,1466.2429
2016-10-10 18:00:00,1463.0,1467.8772
2016-10-10 19:00:00,1505.0,1512.9541
2016-10-10 20:00:00,1478.0,1522.8049
2016-10-10 21:00:00,1401.0,1468.8167
2016-10-10 22:00:00,1314.0,1322.7308
2016-10-10 23:00:00,1240.0,1302.4319
2016-10-11 00:00:00,1172.0,1194.6145
2016-10-11 01:00:00,1140.0,1142.2186
2016-10-11 02:00:00,1114.0,1126.2595
2016-10-11 03:00:00,1114.0,1125.9618
2016-10-11 04:00:00,1146.0,1144.3097
2016-10-11 05:00:00,1222.0,1242.8909
2016-10-11 06:00:00,1358.0,1355.3707
2016-10-11 07:00:00,1446.0,1469.4166
2016-10-11 08:00:00,1463.0,1532.6201
2016-10-11 09:00:00,1475.0,1522.6863
2016-10-11 10:00:00,1493.0,1521.5444
2016-10-11 11:00:00,1501.0,1520.6155
2016-10-11 12:00:00,1510.0,1515.4751
2016-10-11 13:00:00,1522.0,1512.8749
2016-10-11 14:00:00,1515.0,1525.9795
2016-10-11 15:00:00,1501.0,1518.7053
2016-10-11 16:00:00,1477.0,1528.4467
2016-10-11 17:00:00,1480.0,1504.8081
2016-10-11 18:00:00,1484.0,1515.7482
2016-10-11 19:00:00,1522.0,1544.6986
2016-10-11 20:00:00,1487.0,1539.8046
2016-10-11 21:00:00,1416.0,1479.5348
2016-10-11 22:00:00,1334.0,1339.0841
2016-10-11 23:00:00,1249.0,1311.7284
2016-10-12 00:00:00,1188.0,1197.7504
2016-10-12 01:00:00,1153.0,1158.0428
2016-10-12 02:00:00,1130.0,1148.3085
2016-10-12 03:00:00,1127.0,1132.4254
2016-10-12 04:00:00,1153.0,1147.8727
2016-10-12 05:00:00,1225.0,1238.4633
2016-10-12 06:00:00,1348.0,1365.0339
2016-10-12 07:00:00,1424.0,1465.454
2016-10-12 08:00:00,1448.0,1515.4471
2016-10-12 09:00:00,1480.0,1519.3317
2016-10-12 10:00:00,1505.0,1529.3845
2016-10-12 11:00:00,1537.0,1526.0807
2016-10-12 12:00:00,1557.0,1545.9758
2016-10-12 13:00:00,1570.0,1564.6957
2016-10-12 14:00:00,1576.0,1563.2466
2016-10-12 15:00:00,1548.0,1572.5912
2016-10-12 16:00:00,1552.0,1554.6481
2016-10-12 17:00:00,1549.0,1560.9764
2016-10-12 18:00:00,1537.0,1564.2887
2016-10-12 19:00:00,1565.0,1579.6586
2016-10-12 20:00:00,1525.0,1563.0952
2016-10-12 21:00:00,1456.0,1482.8353
2016-10-12 22:00:00,1346.0,1372.5104
2016-10-12 23:00:00,1245.0,1300.9706
2016-10-13 00:00:00,1184.0,1192.2568
2016-10-13 01:00:00,1151.0,1156.2571
2016-10-13 02:00:00,1123.0,1149.4956
2016-10-13 03:00:00,1125.0,1130.6113
2016-10-13 04:00:00,1144.0,1147.0424
2016-10-13 05:00:00,1226.0,1230.4055
2016-10-13 06:00:00,1356.0,1358.4081
2016-10-13 07:00:00,1462.0,1470.2915
2016-10-13 08:00:00,1502.0,1538.0499
2016-10-13 09:00:00,1518.0,1559.5188
2016-10-13 10:00:00,1539.0,1551.9675
2016-10-13 11:00:00,1532.0,1559.5223
2016-10-13 12:00:00,1528.0,1530.913
2016-10-13 13:00:00,1527.0,1525.4963
2016-10-13 14:00:00,1508.0,1522.7415
2016-10-13 15:00:00,1487.0,1511.8475
2016-10-13 16:00:00,1462.0,1505.9712
2016-10-13 17:00:00,1466.0,1479.194
2016-10-13 18:00:00,1474.0,1486.3661
2016-10-13 19:00:00,1525.0,1527.2228
2016-10-13 20:00:00,1495.0,1536.2875
2016-10-13 21:00:00,1443.0,1465.4252
2016-10-13 22:00:00,1345.0,1369.1614
2016-10-13 23:00:00,1263.0,1300.6208
2016-10-14 00:00:00,1207.0,1206.651
2016-10-14 01:00:00,1171.0,1176.0775
2016-10-14 02:00:00,1149.0,1160.5938
2016-10-14 03:00:00,1162.0,1165.1
2016-10-14 04:00:00,1182.0,1183.7117
2016-10-14 05:00:00,1246.0,1248.9591
2016-10-14 06:00:00,1373.0,1397.5706
2016-10-14 07:00:00,1470.0,1481.2286
2016-10-14 08:00:00,1487.0,1536.044
2016-10-14 09:00:00,1516.0,1540.312
2016-10-14 10:00:00,1514.0,1548.4268
2016-10-14 11:00:00,1507.0,1526.4158
2016-10-14 12:00:00,1504.0,1505.4843
2016-10-14 13:00:00,1504.0,1507.2023
2016-10-14 14:00:00,1493.0,1497.8473
2016-10-14 15:00:00,1466.0,1488.4838
2016-10-14 16:00:00,1454.0,1481.6754
2016-10-14 17:00:00,1436.0,1486.4601
2016-10-14 18:00:00,1434.0,1468.8846
2016-10-14 19:00:00,1465.0,1492.2153
2016-10-14 20:00:00,1447.0,1472.1503
2016-10-14 21:00:00,1396.0,1446.4607
2016-10-14 22:00:00,1330.0,1314.2544
2016-10-14 23:00:00,1255.0,1320.6803
2016-10-15 00:00:00,1184.0,1201.6368
2016-10-15 01:00:00,1156.0,1154.6614
2016-10-15 02:00:00,1140.0,1141.9045
2016-10-15 03:00:00,1129.0,1116.6458
2016-10-15 04:00:00,1143.0,1119.27
2016-10-15 05:00:00,1159.0,1144.625
2016-10-15 06:00:00,1211.0,1208.9377
2016-10-15 07:00:00,1251.0,1261.2882
2016-10-15 08:00:00,1292.0,1303.9236
2016-10-15 09:00:00,1324.0,1342.3143
2016-10-15 10:00:00,1348.0,1354.6377
2016-10-15 11:00:00,1358.0,1371.3313
2016-10-15 12:00:00,1374.0,1373.098
2016-10-15 13:00:00,1380.0,1374.5284
2016-10-15 14:00:00,1387.0,1374.8306
2016-10-15 15:00:00,1376.0,1379.8208
2016-10-15 16:00:00,1382.0,1383.5344
2016-10-15 17:00:00,1393.0,1395.6538
2016-10-15 18:00:00,1398.0,1430.6667
2016-10-15 19:00:00,1447.0,1454.3756
2016-10-15 20:00:00,1419.0,1469.5817
2016-10-15 21:00:00,1376.0,1427.6168
2016-10-15 22:00:00,1298.0,1311.8575
2016-10-15 23:00:00,1225.0,1260.2881
2016-10-16 00:00:00,1173.0,1170.2373
2016-10-16 01:00:00,1132.0,1141.8142
2016-10-16 02:00:00,1103.0,1116.4691
2016-10-16 03:00:00,1087.0,1106.2913
2016-10-16 04:00:00,1073.0,1101.5079
2016-10-16 05:00:00,1095.0,1133.2578
2016-10-16 06:00:00,1134.0,1152.8594
2016-10-16 07:00:00,1158.0,1153.6407
2016-10-16 08:00:00,1210.0,1210.954
2016-10-16 09:00:00,1282.0,1272.6207
2016-10-16 10:00:00,1327.0,1325.558
2016-10-16 11:00:00,1366.0,1349.037
2016-10-16 12:00:00,1397.0,1380.7195
2016-10-16 13:00:00,1423.0,1399.9491
2016-10-16 14:00:00,1437.0,1425.6088
2016-10-16 15:00:00,1434.0,1432.8171
2016-10-16 16:00:00,1430.0,1444.1971
2016-10-16 17:00:00,1438.0,1444.4761
2016-10-16 18:00:00,1455.0,1464.2483
2016-10-16 19:00:00,1511.0,1511.6416
2016-10-16 20:00:00,1468.0,1522.5739
2016-10-16 21:00:00,1413.0,1452.9034
2016-10-16 22:00:00,1330.0,1336.0648
2016-10-16 23:00:00,1244.0,1256.6688
2016-10-17 00:00:00,1188.0,1190.5687
2016-10-17 01:00:00,1148.0,1151.6595
2016-10-17 02:00:00,1134.0,1147.1445
2016-10-17 03:00:00,1136.0,1125.3611
2016-10-17 04:00:00,1168.0,1149.4279
2016-10-17 05:00:00,1258.0,1274.5359
2016-10-17 06:00:00,1380.0,1429.9268
2016-10-17 07:00:00,1494.0,1499.834
2016-10-17 08:00:00,1525.0,1559.2725
2016-10-17 09:00:00,1581.0,1588.377
2016-10-17 10:00:00,1627.0,1614.8628
2016-10-17 11:00:00,1640.0,1646.038
2016-10-17 12:00:00,1684.0,1647.0665
2016-10-17 13:00:00,1727.0,1692.9691
2016-10-17 14:00:00,1749.0,1733.658
2016-10-17 15:00:00,1739.0,1756.1163
2016-10-17 16:00:00,1754.0,1740.185
2016-10-17 17:00:00,1721.0,1738.6161
2016-10-17 18:00:00,1704.0,1722.8555
2016-10-17 19:00:00,1710.0,1715.5105
2016-10-17 20:00:00,1675.0,1694.5499
2016-10-17 21:00:00,1599.0,1624.7356
2016-10-17 22:00:00,1472.0,1466.6387
2016-10-17 23:00:00,1360.0,1359.153
2016-10-18 00:00:00,1287.0,1282.8855
2016-10-18 01:00:00,1228.0,1243.3612
2016-10-18 02:00:00,1214.0,1204.6918
2016-10-18 03:00:00,1193.0,1199.2863
2016-10-18 04:00:00,1204.0,1210.8173
2016-10-18 05:00:00,1273.0,1268.2305
2016-10-18 06:00:00,1408.0,1412.4972
2016-10-18 07:00:00,1501.0,1515.6703
2016-10-18 08:00:00,1524.0,1554.4155
2016-10-18 09:00:00,1583.0,1570.3738
2016-10-18 10:00:00,1649.0,1616.9305
2016-10-18 11:00:00,1700.0,1671.887
2016-10-18 12:00:00,1760.0,1723.1018
2016-10-18 13:00:00,1791.0,1780.7013
2016-10-18 14:00:00,1782.0,1797.4785
2016-10-18 15:00:00,1773.0,1789.0002
2016-10-18 16:00:00,1783.0,1767.816
2016-10-18 17:00:00,1756.0,1760.9642
2016-10-18 18:00:00,1789.0,1747.4954
2016-10-18 19:00:00,1813.0,1789.3523
2016-10-18 20:00:00,1752.0,1794.8582
2016-10-18 21:00:00,1657.0,1698.6482
2016-10-18 22:00:00,1542.0,1528.8552
2016-10-18 23:00:00,1446.0,1420.2644
2016-10-19 00:00:00,1358.0,1365.6567
2016-10-19 01:00:00,1323.0,1311.0531
2016-10-19 02:00:00,1282.0,1285.7845
2016-10-19 03:00:00,1274.0,1265.6064
2016-10-19 04:00:00,1322.0,1285.6936
2016-10-19 05:00:00,1391.0,1397.5474
2016-10-19 06:00:00,1536.0,1533.2332
2016-10-19 07:00:00,1618.0,1634.2112
2016-10-19 08:00:00,1650.0,1662.0286
2016-10-19 09:00:00,1679.0,1688.1869
2016-10-19 10:00:00,1736.0,1717.0327
2016-10-19 11:00:00,1760.0,1765.9387
2016-10-19 12:00:00,1789.0,1775.4735
2016-10-19 13:00:00,1834.0,1803.6794
2016-10-19 14:00:00,1843.0,1840.18
2016-10-19 15:00:00,1848.0,1845.7686
2016-10-19 16:00:00,1850.0,1841.8865
2016-10-19 17:00:00,1798.0,1823.9901
2016-10-19 18:00:00,1755.0,1783.8717
2016-10-19 19:00:00,1761.0,1749.2437
2016-10-19 20:00:00,1717.0,1727.8809
2016-10-19 21:00:00,1618.0,1647.0098
2016-10-19 22:00:00,1497.0,1494.7668
2016-10-19 23:00:00,1394.0,1397.9177
2016-10-20 00:00:00,1295.0,1320.695
2016-10-20 01:00:00,1248.0,1254.7288
2016-10-20 02:00:00,1220.0,1227.229
2016-10-20 03:00:00,1206.0,1214.6226
2016-10-20 04:00:00,1211.0,1224.0596
2016-10-20 05:00:00,1281.0,1296.1633
2016-10-20 06:00:00,1421.0,1416.756
2016-10-20 07:00:00,1532.0,1519.6245
2016-10-20 08:00:00,1560.0,1579.9862
2016-10-20 09:00:00,1594.0,1605.447
2016-10-20 10:00:00,1650.0,1642.9755
2016-10-20 11:00:00,1722.0,1669.9812
2016-10-20 12:00:00,1789.0,1750.0208
2016-10-20 13:00:00,1861.0,1818.6494
2016-10-20 14:00:00,1840.0,1900.8035
2016-10-20 15:00:00,1799.0,1853.0071
2016-10-20 16:00:00,1792.0,1797.3466
2016-10-20 17:00:00,1763.0,1758.175
2016-10-20 18:00:00,1746.0,1750.074
2016-10-20 19:00:00,1713.0,1737.2202
2016-10-20 20:00:00,1670.0,1686.5531
2016-10-20 21:00:00,1571.0,1607.2509
2016-10-20 22:00:00,1471.0,1454.0211
2016-10-20 23:00:00,1366.0,1364.6497
2016-10-21 00:00:00,1285.0,1285.145
2016-10-21 01:00:00,1244.0,1245.519
2016-10-21 02:00:00,1212.0,1219.1814
2016-10-21 03:00:00,1203.0,1204.4164
2016-10-21 04:00:00,1216.0,1221.199
2016-10-21 05:00:00,1267.0,1289.2969
2016-10-21 06:00:00,1396.0,1390.2052
2016-10-21 07:00:00,1494.0,1505.9779
2016-10-21 08:00:00,1518.0,1558.3907
2016-10-21 09:00:00,1549.0,1575.0896
2016-10-21 10:00:00,1599.0,1591.0233
2016-10-21 11:00:00,1589.0,1618.305
2016-10-21 12:00:00,1599.0,1584.2314
2016-10-21 13:00:00,1591.0,1587.0284
2016-10-21 14:00:00,1556.0,1567.5181
2016-10-21 15:00:00,1527.0,1534.9666
2016-10-21 16:00:00,1517.0,1510.2003
2016-10-21 17:00:00,1519.0,1502.9368
2016-10-21 18:00:00,1532.0,1510.4117
2016-10-21 19:00:00,1525.0,1533.3348
2016-10-21 20:00:00,1494.0,1499.3528
2016-10-21 21:00:00,1442.0,1457.4496
2016-10-21 22:00:00,1387.0,1366.2183
2016-10-21 23:00:00,1299.0,1317.5618
2016-10-22 00:00:00,1238.0,1233.223
2016-10-22 01:00:00,1203.0,1191.9745
2016-10-22 02:00:00,1170.0,1171.3499
2016-10-22 03:00:00,1164.0,1156.5525
2016-10-22 04:00:00,1151.0,1157.8376
2016-10-22 05:00:00,1183.0,1187.3352
2016-10-22 06:00:00,1232.0,1220.4819
2016-10-22 07:00:00,1288.0,1282.959
2016-10-22 08:00:00,1341.0,1350.0641
2016-10-22 09:00:00,1404.0,1391.5786
2016-10-22 10:00:00,1419.0,1435.4609
2016-10-22 11:00:00,1423.0,1429.224
2016-10-22 12:00:00,1419.0,1427.5852
2016-10-22 13:00:00,1414.0,1412.5277
2016-10-22 14:00:00,1425.0,1409.3584
2016-10-22 15:00:00,1376.0,1424.9307
2016-10-22 16:00:00,1388.0,1379.265
2016-10-22 17:00:00,1389.0,1389.8541
2016-10-22 18:00:00,1456.0,1408.4401
2016-10-22 19:00:00,1477.0,1498.9327
2016-10-22 20:00:00,1477.0,1478.1516
2016-10-22 21:00:00,1403.0,1453.8889
2016-10-22 22:00:00,1361.0,1342.02
2016-10-22 23:00:00,1300.0,1292.6439
2016-10-23 00:00:00,1241.0,1225.7002
2016-10-23 01:00:00,1201.0,1199.3798
2016-10-23 02:00:00,1183.0,1170.5044
2016-10-23 03:00:00,1162.0,1154.9008
2016-10-23 04:00:00,1162.0,1157.2369
2016-10-23 05:00:00,1175.0,1178.155
2016-10-23 06:00:00,1205.0,1206.365
2016-10-23 07:00:00,1253.0,1234.0955
2016-10-23 08:00:00,1272.0,1305.3235
2016-10-23 09:00:00,1320.0,1323.2339
2016-10-23 10:00:00,1338.0,1343.1008
2016-10-23 11:00:00,1342.0,1356.7333
2016-10-23 12:00:00,1349.0,1357.426
2016-10-23 13:00:00,1369.0,1355.1383
2016-10-23 14:00:00,1349.0,1367.739
2016-10-23 15:00:00,1350.0,1349.7905
2016-10-23 16:00:00,1362.0,1358.2758
2016-10-23 17:00:00,1374.0,1378.0995
2016-10-23 18:00:00,1418.0,1407.6288
2016-10-23 19:00:00,1477.0,1479.4783
2016-10-23 20:00:00,1442.0,1489.6284
2016-10-23 21:00:00,1402.0,1433.0209
2016-10-23 22:00:00,1325.0,1339.4893
2016-10-23 23:00:00,1260.0,1266.8796
2016-10-24 00:00:00,1198.0,1217.1478
2016-10-24 01:00:00,1176.0,1178.9623
2016-10-24 02:00:00,1150.0,1168.659
2016-10-24 03:00:00,1160.0,1167.3976
2016-10-24 04:00:00,1173.0,1185.3826
2016-10-24 05:00:00,1234.0,1255.2305
2016-10-24 06:00:00,1385.0,1381.9528
2016-10-24 07:00:00,1461.0,1494.3602
2016-10-24 08:00:00,1492.0,1528.876
2016-10-24 09:00:00,1517.0,1549.1361
2016-10-24 10:00:00,1552.0,1543.4479
2016-10-24 11:00:00,1563.0,1570.8555
2016-10-24 12:00:00,1573.0,1569.1274
2016-10-24 13:00:00,1548.0,1570.8566
2016-10-24 14:00:00,1538.0,1548.1761
2016-10-24 15:00:00,1497.0,1543.9674
2016-10-24 16:00:00,1479.0,1520.4109
2016-10-24 17:00:00,1497.0,1495.2821
2016-10-24 18:00:00,1520.0,1541.5625
2016-10-24 19:00:00,1547.0,1574.1898
2016-10-24 20:00:00,1516.0,1559.8778
2016-10-24 21:00:00,1461.0,1488.7604
2016-10-24 22:00:00,1394.0,1370.835
2016-10-24 23:00:00,1282.0,1306.2095
2016-10-25 00:00:00,1215.0,1230.8589
2016-10-25 01:00:00,1184.0,1179.1697
2016-10-25 02:00:00,1174.0,1168.5852
2016-10-25 03:00:00,1165.0,1176.322
2016-10-25 04:00:00,1212.0,1186.7225
2016-10-25 05:00:00,1270.0,1289.1993
2016-10-25 06:00:00,1399.0,1411.068
2016-10-25 07:00:00,1497.0,1508.8827
2016-10-25 08:00:00,1520.0,1550.1669
2016-10-25 09:00:00,1528.0,1564.6437
2016-10-25 10:00:00,1515.0,1552.7484
2016-10-25 11:00:00,1530.0,1534.7621
2016-10-25 12:00:00,1521.0,1529.3137
2016-10-25 13:00:00,1521.0,1526.2927
2016-10-25 14:00:00,1511.0,1520.6932
2016-10-25 15:00:00,1474.0,1516.9143
2016-10-25 16:00:00,1476.0,1500.0431
2016-10-25 17:00:00,1489.0,1496.5939
2016-10-25 18:00:00,1537.0,1523.9149
2016-10-25 19:00:00,1567.0,1580.6731
2016-10-25 20:00:00,1549.0,1565.8447
2016-10-25 21:00:00,1478.0,1511.1238
2016-10-25 22:00:00,1410.0,1394.1465
2016-10-25 23:00:00,1324.0,1322.8596
2016-10-26 00:00:00,1269.0,1262.4622
2016-10-26 01:00:00,1233.0,1228.4515
2016-10-26 02:00:00,1226.0,1218.8938
2016-10-26 03:00:00,1217.0,1222.2426
2016-10-26 04:00:00,1246.0,1249.8684
2016-10-26 05:00:00,1332.0,1323.4866
2016-10-26 06:00:00,1467.0,1476.0762
2016-10-26 07:00:00,1563.0,1561.3943
2016-10-26 08:00:00,1583.0,1599.581
2016-10-26 09:00:00,1560.0,1611.2134
2016-10-26 10:00:00,1571.0,1582.2312
2016-10-26 11:00:00,1557.0,1588.2957
2016-10-26 12:00:00,1543.0,1562.244
2016-10-26 13:00:00,1552.0,1543.2222
2016-10-26 14:00:00,1530.0,1552.5099
2016-10-26 15:00:00,1528.0,1529.0536
2016-10-26 16:00:00,1523.0,1544.4786
2016-10-26 17:00:00,1552.0,1545.2162
2016-10-26 18:00:00,1598.0,1588.1283
2016-10-26 19:00:00,1595.0,1624.8484
2016-10-26 20:00:00,1566.0,1585.4774
2016-10-26 21:00:00,1498.0,1523.4294
2016-10-26 22:00:00,1387.0,1407.9858
2016-10-26 23:00:00,1299.0,1308.4017
2016-10-27 00:00:00,1242.0,1243.4807
2016-10-27 01:00:00,1221.0,1208.3795
2016-10-27 02:00:00,1184.0,1202.7937
2016-10-27 03:00:00,1173.0,1190.273
2016-10-27 04:00:00,1202.0,1200.7349
2016-10-27 05:00:00,1272.0,1275.5626
2016-10-27 06:00:00,1402.0,1410.1267
2016-10-27 07:00:00,1504.0,1510.5789
2016-10-27 08:00:00,1511.0,1540.9601
2016-10-27 09:00:00,1533.0,1535.065
2016-10-27 10:00:00,1565.0,1550.4858
2016-10-27 11:00:00,1583.0,1572.1753
2016-10-27 12:00:00,1585.0,1577.2439
2016-10-27 13:00:00,1569.0,1584.3167
2016-10-27 14:00:00,1556.0,1568.2673
2016-10-27 15:00:00,1544.0,1554.382
2016-10-27 16:00:00,1535.0,1546.9005
2016-10-27 17:00:00,1522.0,1548.7804
2016-10-27 18:00:00,1572.0,1546.0295
2016-10-27 19:00:00,1565.0,1600.2881
2016-10-27 20:00:00,1531.0,1552.945
2016-10-27 21:00:00,1466.0,1484.6869
2016-10-27 22:00:00,1370.0,1381.3994
2016-10-27 23:00:00,1302.0,1299.6184
2016-10-28 00:00:00,1240.0,1245.5428
2016-10-28 01:00:00,1197.0,1207.3169
2016-10-28 02:00:00,1178.0,1190.2917
2016-10-28 03:00:00,1179.0,1178.0684
2016-10-28 04:00:00,1200.0,1194.2524
2016-10-28 05:00:00,1279.0,1278.0042
2016-10-28 06:00:00,1396.0,1406.7455
2016-10-28 07:00:00,1485.0,1506.2507
2016-10-28 08:00:00,1504.0,1537.7739
2016-10-28 09:00:00,1516.0,1545.4788
2016-10-28 10:00:00,1517.0,1537.2216
2016-10-28 11:00:00,1533.0,1522.7057
2016-10-28 12:00:00,1509.0,1521.0096
2016-10-28 13:00:00,1500.0,1503.5332
2016-10-28 14:00:00,1474.0,1493.2334
2016-10-28 15:00:00,1456.0,1472.3538
2016-10-28 16:00:00,1443.0,1477.6682
2016-10-28 17:00:00,1448.0,1461.0404
2016-10-28 18:00:00,1469.0,1481.613
2016-10-28 19:00:00,1471.0,1505.8528
2016-10-28 20:00:00,1464.0,1485.505
2016-10-28 21:00:00,1413.0,1461.2249
2016-10-28 22:00:00,1359.0,1349.9342
2016-10-28 23:00:00,1280.0,1300.679
2016-10-29 00:00:00,1196.0,1214.3287
2016-10-29 01:00:00,1174.0,1167.3192
2016-10-29 02:00:00,1155.0,1156.5219
2016-10-29 03:00:00,1143.0,1150.9755
2016-10-29 04:00:00,1150.0,1127.2168
2016-10-29 05:00:00,1176.0,1186.9995
2016-10-29 06:00:00,1224.0,1224.5205
2016-10-29 07:00:00,1271.0,1267.7008
2016-10-29 08:00:00,1295.0,1335.3401
2016-10-29 09:00:00,1339.0,1342.8951
2016-10-29 10:00:00,1369.0,1371.7054
2016-10-29 11:00:00,1369.0,1390.1643
2016-10-29 12:00:00,1368.0,1379.2931
2016-10-29 13:00:00,1365.0,1368.2064
2016-10-29 14:00:00,1351.0,1360.7727
2016-10-29 15:00:00,1342.0,1351.8363
2016-10-29 16:00:00,1366.0,1361.0076
2016-10-29 17:00:00,1372.0,1385.6483
2016-10-29 18:00:00,1426.0,1403.6917
2016-10-29 19:00:00,1449.0,1486.0192
2016-10-29 20:00:00,1425.0,1460.554
2016-10-29 21:00:00,1381.0,1428.8013
2016-10-29 22:00:00,1330.0,1318.6362
2016-10-29 23:00:00,1254.0,1267.0902
2016-10-30 00:00:00,1189.0,1192.4011
2016-10-30 01:00:00,1153.0,1156.0927
2016-10-30 02:00:00,1134.0,1138.8284
2016-10-30 03:00:00,1127.0,1108.2279
2016-10-30 04:00:00,1104.0,1099.4792
2016-10-30 05:00:00,1118.0,1130.603
2016-10-30 06:00:00,1144.0,1148.7457
2016-10-30 07:00:00,1199.0,1187.8198
2016-10-30 08:00:00,1222.0,1257.0642
2016-10-30 09:00:00,1279.0,1279.3413
2016-10-30 10:00:00,1330.0,1325.7607
2016-10-30 11:00:00,1359.0,1347.0052
2016-10-30 12:00:00,1384.0,1370.23
2016-10-30 13:00:00,1388.0,1388.8557
2016-10-30 14:00:00,1406.0,1379.9126
2016-10-30 15:00:00,1384.0,1400.7783
2016-10-30 16:00:00,1369.0,1393.4066
2016-10-30 17:00:00,1377.0,1384.1731
2016-10-30 18:00:00,1439.0,1405.3845
2016-10-30 19:00:00,1451.0,1511.4794
2016-10-30 20:00:00,1419.0,1467.831
2016-10-30 21:00:00,1379.0,1430.2167
2016-10-30 22:00:00,1295.0,1317.6055
2016-10-30 23:00:00,1208.0,1253.9336
2016-10-31 00:00:00,1142.0,1164.2257
2016-10-31 01:00:00,1122.0,1116.1422
2016-10-31 02:00:00,1096.0,1114.5634
2016-10-31 03:00:00,1097.0,1112.8094
2016-10-31 04:00:00,1126.0,1132.0725
2016-10-31 05:00:00,1211.0,1189.8593
2016-10-31 06:00:00,1357.0,1355.4089
2016-10-31 07:00:00,1453.0,1477.885
2016-10-31 08:00:00,1465.0,1538.1694
2016-10-31 09:00:00,1494.0,1524.2289
2016-10-31 10:00:00,1500.0,1548.5869
2016-10-31 11:00:00,1520.0,1524.3723
2016-10-31 12:00:00,1512.0,1522.0518
2016-10-31 13:00:00,1503.0,1520.1097
2016-10-31 14:00:00,1475.0,1513.254
2016-10-31 15:00:00,1458.0,1483.3954
2016-10-31 16:00:00,1468.0,1485.6655
2016-10-31 17:00:00,1444.0,1490.0886
2016-10-31 18:00:00,1481.0,1487.5792
2016-10-31 19:00:00,1481.0,1533.0771
2016-10-31 20:00:00,1484.0,1510.3433
2016-10-31 21:00:00,1454.0,1484.7115
2016-10-31 22:00:00,1377.0,1394.4938
2016-10-31 23:00:00,1276.0,1293.4907
2016-11-01 00:00:00,1219.0,1226.543
2016-11-01 01:00:00,1189.0,1184.1737
2016-11-01 02:00:00,1175.0,1170.9753
2016-11-01 03:00:00,1186.0,1177.9207
2016-11-01 04:00:00,1198.0,1217.7937
2016-11-01 05:00:00,1276.0,1282.272
2016-11-01 06:00:00,1412.0,1417.1101
2016-11-01 07:00:00,1483.0,1499.3774
2016-11-01 08:00:00,1510.0,1533.6718
2016-11-01 09:00:00,1508.0,1555.3367
2016-11-01 10:00:00,1527.0,1537.1215
2016-11-01 11:00:00,1536.0,1530.5604
2016-11-01 12:00:00,1553.0,1536.5552
2016-11-01 13:00:00,1586.0,1544.7651
2016-11-01 14:00:00,1554.0,1576.5574
2016-11-01 15:00:00,1558.0,1553.6564
2016-11-01 16:00:00,1562.0,1573.3901
2016-11-01 17:00:00,1559.0,1606.9781
2016-11-01 18:00:00,1587.0,1581.6249
2016-11-01 19:00:00,1604.0,1587.4532
2016-11-01 20:00:00,1543.0,1597.9788
2016-11-01 21:00:00,1474.0,1503.1506
2016-11-01 22:00:00,1362.0,1383.2552
2016-11-01 23:00:00,1275.0,1303.5828
2016-11-02 00:00:00,1214.0,1223.4618
2016-11-02 01:00:00,1157.0,1184.4934
2016-11-02 02:00:00,1141.0,1157.2004
2016-11-02 03:00:00,1132.0,1140.5808
2016-11-02 04:00:00,1138.0,1155.3724
2016-11-02 05:00:00,1219.0,1202.135
2016-11-02 06:00:00,1348.0,1349.4846
2016-11-02 07:00:00,1477.0,1460.939
2016-11-02 08:00:00,1506.0,1539.3705
2016-11-02 09:00:00,1527.0,1540.193
2016-11-02 10:00:00,1566.0,1551.5576
2016-11-02 11:00:00,1614.0,1578.2504
2016-11-02 12:00:00,1601.0,1615.8309
2016-11-02 13:00:00,1619.0,1599.5017
2016-11-02 14:00:00,1628.0,1619.6473
2016-11-02 15:00:00,1617.0,1623.3643
2016-11-02 16:00:00,1606.0,1625.742
2016-11-02 17:00:00,1575.0,1636.913
2016-11-02 18:00:00,1605.0,1586.0674
2016-11-02 19:00:00,1594.0,1608.0488
2016-11-02 20:00:00,1547.0,1578.0449
2016-11-02 21:00:00,1481.0,1504.5431
2016-11-02 22:00:00,1367.0,1387.039
2016-11-02 23:00:00,1275.0,1297.588
2016-11-03 00:00:00,1206.0,1215.5916
2016-11-03 01:00:00,1160.0,1171.4617
2016-11-03 02:00:00,1149.0,1154.228
2016-11-03 03:00:00,1131.0,1159.753
2016-11-03 04:00:00,1137.0,1157.9786
2016-11-03 05:00:00,1227.0,1193.2904
2016-11-03 06:00:00,1353.0,1360.8721
2016-11-03 07:00:00,1470.0,1466.6075
2016-11-03 08:00:00,1516.0,1535.8335
2016-11-03 09:00:00,1514.0,1562.7357
2016-11-03 10:00:00,1549.0,1548.2869
2016-11-03 11:00:00,1566.0,1558.5975
2016-11-03 12:00:00,1578.0,1560.7002
2016-11-03 13:00:00,1593.0,1569.7411
2016-11-03 14:00:00,1550.0,1584.3948
2016-11-03 15:00:00,1527.0,1540.7291
2016-11-03 16:00:00,1489.0,1541.9901
2016-11-03 17:00:00,1473.0,1540.7898
2016-11-03 18:00:00,1511.0,1503.776
2016-11-03 19:00:00,1515.0,1537.5472
2016-11-03 20:00:00,1479.0,1517.2734
2016-11-03 21:00:00,1410.0,1466.3252
2016-11-03 22:00:00,1315.0,1338.1201
2016-11-03 23:00:00,1230.0,1312.8595
2016-11-04 00:00:00,1175.0,1183.2037
2016-11-04 01:00:00,1138.0,1150.718
2016-11-04 02:00:00,1113.0,1131.3298
2016-11-04 03:00:00,1104.0,1139.5477
2016-11-04 04:00:00,1132.0,1154.6715
2016-11-04 05:00:00,1202.0,1198.1283
2016-11-04 06:00:00,1324.0,1313.0305
2016-11-04 07:00:00,1428.0,1428.5712
2016-11-04 08:00:00,1436.0,1509.1633
2016-11-04 09:00:00,1457.0,1501.1913
2016-11-04 10:00:00,1484.0,1502.7903
2016-11-04 11:00:00,1477.0,1485.9374
2016-11-04 12:00:00,1471.0,1478.4758
2016-11-04 13:00:00,1470.0,1468.766
2016-11-04 14:00:00,1433.0,1462.8643
2016-11-04 15:00:00,1424.0,1436.0035
2016-11-04 16:00:00,1402.0,1432.2247
2016-11-04 17:00:00,1390.0,1459.2656
2016-11-04 18:00:00,1427.0,1429.9741
2016-11-04 19:00:00,1442.0,1483.9302
2016-11-04 20:00:00,1412.0,1470.5897
2016-11-04 21:00:00,1381.0,1429.5165
2016-11-04 22:00:00,1300.0,1310.0522
2016-11-04 23:00:00,1224.0,1304.4633
2016-11-05 00:00:00,1181.0,1165.1385
2016-11-05 01:00:00,1142.0,1143.1458
2016-11-05 02:00:00,1138.0,1122.144
2016-11-05 03:00:00,1112.0,1119.5806
2016-11-05 04:00:00,1135.0,1125.684
2016-11-05 05:00:00,1164.0,1157.7177
2016-11-05 06:00:00,1218.0,1201.4656
2016-11-05 07:00:00,1279.0,1258.5857
2016-11-05 08:00:00,1318.0,1329.6138
2016-11-05 09:00:00,1355.0,1352.373
2016-11-05 10:00:00,1344.0,1377.2583
2016-11-05 11:00:00,1343.0,1361.8907
2016-11-05 12:00:00,1360.0,1353.7593
2016-11-05 13:00:00,1332.0,1357.6156
2016-11-05 14:00:00,1314.0,1336.2386
2016-11-05 15:00:00,1304.0,1321.6001
2016-11-05 16:00:00,1308.0,1314.2527
2016-11-05 17:00:00,1305.0,1341.3619
2016-11-05 18:00:00,1361.0,1317.5076
2016-11-05 19:00:00,1376.0,1369.8647
2016-11-05 20:00:00,1363.0,1408.7498
2016-11-05 21:00:00,1327.0,1389.2811
2016-11-05 22:00:00,1270.0,1301.0854
2016-11-05 23:00:00,1213.0,1276.2031
2016-11-06 00:00:00,1185.0,1167.9591
2016-11-06 01:00:00,1121.0,1159.7344
2016-11-06 02:00:00,1107.0,1119.1418
2016-11-06 02:00:00,1092.0,1111.3956
2016-11-06 03:00:00,1093.0,1108.8939
2016-11-06 04:00:00,1104.0,1114.9756
2016-11-06 05:00:00,1135.0,1136.8324
2016-11-06 06:00:00,1174.0,1155.2935
2016-11-06 07:00:00,1208.0,1190.8923
2016-11-06 08:00:00,1258.0,1264.5977
2016-11-06 09:00:00,1273.0,1308.3058
2016-11-06 10:00:00,1292.0,1305.5863
2016-11-06 11:00:00,1284.0,1304.5049
2016-11-06 12:00:00,1291.0,1285.0952
2016-11-06 13:00:00,1286.0,1273.1566
2016-11-06 14:00:00,1295.0,1278.525
2016-11-06 15:00:00,1294.0,1279.262
2016-11-06 16:00:00,1312.0,1294.177
2016-11-06 17:00:00,1394.0,1356.253
2016-11-06 18:00:00,1413.0,1428.9993
2016-11-06 19:00:00,1403.0,1440.3363
2016-11-06 20:00:00,1362.0,1426.8372
2016-11-06 21:00:00,1313.0,1375.945
2016-11-06 22:00:00,1251.0,1289.311
2016-11-06 23:00:00,1193.0,1254.4286
2016-11-07 00:00:00,1140.0,1178.5928
2016-11-07 01:00:00,1120.0,1120.9023
2016-11-07 02:00:00,1110.0,1120.563
2016-11-07 03:00:00,1139.0,1130.214
2016-11-07 04:00:00,1171.0,1159.6912
2016-11-07 05:00:00,1253.0,1275.4443
2016-11-07 06:00:00,1384.0,1424.5212
2016-11-07 07:00:00,1443.0,1480.3506
2016-11-07 08:00:00,1485.0,1514.3254
2016-11-07 09:00:00,1497.0,1537.8994
2016-11-07 10:00:00,1515.0,1530.3832
2016-11-07 11:00:00,1531.0,1518.8558
2016-11-07 12:00:00,1529.0,1528.1998
2016-11-07 13:00:00,1544.0,1514.7672
2016-11-07 14:00:00,1522.0,1538.0344
2016-11-07 15:00:00,1497.0,1531.9949
2016-11-07 16:00:00,1501.0,1535.5691
2016-11-07 17:00:00,1559.0,1585.0836
2016-11-07 18:00:00,1560.0,1577.0918
2016-11-07 19:00:00,1534.0,1564.4996
2016-11-07 20:00:00,1480.0,1528.7535
2016-11-07 21:00:00,1416.0,1458.518
2016-11-07 22:00:00,1333.0,1335.9036
2016-11-07 23:00:00,1259.0,1307.379
2016-11-08 00:00:00,1203.0,1211.5154
2016-11-08 01:00:00,1179.0,1167.2119
2016-11-08 02:00:00,1166.0,1160.9786
2016-11-08 03:00:00,1166.0,1170.2601
2016-11-08 04:00:00,1201.0,1190.7505
2016-11-08 05:00:00,1286.0,1281.2827
2016-11-08 06:00:00,1406.0,1433.0963
2016-11-08 07:00:00,1459.0,1503.8624
2016-11-08 08:00:00,1480.0,1524.4004
2016-11-08 09:00:00,1494.0,1537.186
2016-11-08 10:00:00,1517.0,1532.1652
2016-11-08 11:00:00,1513.0,1527.1832
2016-11-08 12:00:00,1536.0,1516.1825
2016-11-08 13:00:00,1525.0,1542.4639
2016-11-08 14:00:00,1510.0,1525.3062
2016-11-08 15:00:00,1481.0,1512.977
2016-11-08 16:00:00,1486.0,1519.2968
2016-11-08 17:00:00,1577.0,1554.5415
2016-11-08 18:00:00,1565.0,1582.0237
2016-11-08 19:00:00,1535.0,1562.0906
2016-11-08 20:00:00,1479.0,1535.6812
2016-11-08 21:00:00,1424.0,1471.3944
2016-11-08 22:00:00,1334.0,1351.788
2016-11-08 23:00:00,1252.0,1323.7074
2016-11-09 00:00:00,1198.0,1201.7004
2016-11-09 01:00:00,1171.0,1169.8505
2016-11-09 02:00:00,1146.0,1159.0496
2016-11-09 03:00:00,1143.0,1161.139
2016-11-09 04:00:00,1168.0,1155.1139
2016-11-09 05:00:00,1241.0,1252.1111
2016-11-09 06:00:00,1390.0,1390.7124
2016-11-09 07:00:00,1478.0,1487.2545
2016-11-09 08:00:00,1502.0,1539.5574
2016-11-09 09:00:00,1513.0,1550.4586
2016-11-09 10:00:00,1559.0,1540.8597
2016-11-09 11:00:00,1556.0,1575.0977
2016-11-09 12:00:00,1556.0,1553.9453
2016-11-09 13:00:00,1565.0,1551.8456
2016-11-09 14:00:00,1553.0,1555.8813
2016-11-09 15:00:00,1523.0,1549.4119
2016-11-09 16:00:00,1530.0,1552.5975
2016-11-09 17:00:00,1603.0,1589.9785
2016-11-09 18:00:00,1596.0,1609.7515
2016-11-09 19:00:00,1565.0,1582.8362
2016-11-09 20:00:00,1522.0,1547.4955
2016-11-09 21:00:00,1470.0,1491.1542
2016-11-09 22:00:00,1359.0,1391.2706
2016-11-09 23:00:00,1292.0,1292.1356
2016-11-10 00:00:00,1239.0,1226.7858
2016-11-10 01:00:00,1209.0,1197.0411
2016-11-10 02:00:00,1199.0,1188.5936
2016-11-10 03:00:00,1201.0,1197.3992
2016-11-10 04:00:00,1230.0,1222.8423
2016-11-10 05:00:00,1309.0,1299.6033
2016-11-10 06:00:00,1446.0,1441.1951
2016-11-10 07:00:00,1498.0,1531.482
2016-11-10 08:00:00,1522.0,1544.2242
2016-11-10 09:00:00,1527.0,1565.3992
2016-11-10 10:00:00,1538.0,1545.1477
2016-11-10 11:00:00,1533.0,1546.812
2016-11-10 12:00:00,1526.0,1523.9661
2016-11-10 13:00:00,1524.0,1518.3125
2016-11-10 14:00:00,1495.0,1516.7039
2016-11-10 15:00:00,1478.0,1504.3186
2016-11-10 16:00:00,1480.0,1511.4819
2016-11-10 17:00:00,1546.0,1558.1505
2016-11-10 18:00:00,1561.0,1565.4851
2016-11-10 19:00:00,1539.0,1555.8044
2016-11-10 20:00:00,1509.0,1527.8052
2016-11-10 21:00:00,1451.0,1485.1787
2016-11-10 22:00:00,1359.0,1382.5751
2016-11-10 23:00:00,1278.0,1300.6909
2016-11-11 00:00:00,1209.0,1222.9415
2016-11-11 01:00:00,1189.0,1179.0764
2016-11-11 02:00:00,1173.0,1172.8235
2016-11-11 03:00:00,1170.0,1175.1864
2016-11-11 04:00:00,1200.0,1203.8396
2016-11-11 05:00:00,1263.0,1278.9883
2016-11-11 06:00:00,1382.0,1395.6746
2016-11-11 07:00:00,1425.0,1482.8036
2016-11-11 08:00:00,1457.0,1504.8608
2016-11-11 09:00:00,1459.0,1523.905
2016-11-11 10:00:00,1474.0,1503.6969
2016-11-11 11:00:00,1496.0,1479.8787
2016-11-11 12:00:00,1485.0,1503.6985
2016-11-11 13:00:00,1479.0,1485.3118
2016-11-11 14:00:00,1468.0,1481.9631
2016-11-11 15:00:00,1454.0,1472.5814
2016-11-11 16:00:00,1467.0,1497.4707
2016-11-11 17:00:00,1531.0,1535.124
2016-11-11 18:00:00,1526.0,1547.3997
2016-11-11 19:00:00,1501.0,1518.4662
2016-11-11 20:00:00,1475.0,1496.6428
2016-11-11 21:00:00,1431.0,1468.1624
2016-11-11 22:00:00,1364.0,1373.2964
2016-11-11 23:00:00,1304.0,1299.4247
2016-11-12 00:00:00,1248.0,1236.2152
2016-11-12 01:00:00,1217.0,1209.0211
2016-11-12 02:00:00,1204.0,1195.0835
2016-11-12 03:00:00,1194.0,1184.7755
2016-11-12 04:00:00,1212.0,1192.9636
2016-11-12 05:00:00,1252.0,1242.7799
2016-11-12 06:00:00,1306.0,1293.1421
2016-11-12 07:00:00,1332.0,1340.1641
2016-11-12 08:00:00,1374.0,1364.948
2016-11-12 09:00:00,1399.0,1405.1519
2016-11-12 10:00:00,1407.0,1414.285
2016-11-12 11:00:00,1390.0,1407.8741
2016-11-12 12:00:00,1383.0,1394.4071
2016-11-12 13:00:00,1354.0,1380.0514
2016-11-12 14:00:00,1343.0,1352.1498
2016-11-12 15:00:00,1330.0,1351.4957
2016-11-12 16:00:00,1356.0,1351.9369
2016-11-12 17:00:00,1454.0,1409.9714
2016-11-12 18:00:00,1482.0,1475.4858
2016-11-12 19:00:00,1470.0,1492.9913
2016-11-12 20:00:00,1455.0,1473.5826
2016-11-12 21:00:00,1424.0,1454.1934
2016-11-12 22:00:00,1368.0,1366.1919
2016-11-12 23:00:00,1307.0,1297.7345
2016-11-13 00:00:00,1259.0,1242.2462
2016-11-13 01:00:00,1226.0,1221.1979
2016-11-13 02:00:00,1219.0,1200.8446
2016-11-13 03:00:00,1209.0,1200.4846
2016-11-13 04:00:00,1219.0,1216.6208
2016-11-13 05:00:00,1240.0,1239.5503
2016-11-13 06:00:00,1281.0,1280.0822
2016-11-13 07:00:00,1298.0,1304.404
2016-11-13 08:00:00,1331.0,1328.0636
2016-11-13 09:00:00,1361.0,1356.438
2016-11-13 10:00:00,1354.0,1377.8668
2016-11-13 11:00:00,1347.0,1364.7488
2016-11-13 12:00:00,1350.0,1355.6625
2016-11-13 13:00:00,1351.0,1352.8066
2016-11-13 14:00:00,1337.0,1353.6465
2016-11-13 15:00:00,1351.0,1346.7853
2016-11-13 16:00:00,1372.0,1367.2214
2016-11-13 17:00:00,1468.0,1431.2739
2016-11-13 18:00:00,1501.0,1499.7716
2016-11-13 19:00:00,1481.0,1530.793
2016-11-13 20:00:00,1473.0,1491.6261
2016-11-13 21:00:00,1432.0,1457.8746
2016-11-13 22:00:00,1375.0,1368.2411
2016-11-13 23:00:00,1304.0,1289.855
2016-11-14 00:00:00,1257.0,1248.0571
2016-11-14 01:00:00,1234.0,1225.9778
2016-11-14 02:00:00,1221.0,1225.9868
2016-11-14 03:00:00,1232.0,1227.164
2016-11-14 04:00:00,1276.0,1260.8973
2016-11-14 05:00:00,1361.0,1360.1427
2016-11-14 06:00:00,1498.0,1497.0311
2016-11-14 07:00:00,1545.0,1569.986
2016-11-14 08:00:00,1570.0,1593.6748
2016-11-14 09:00:00,1590.0,1602.2881
2016-11-14 10:00:00,1589.0,1616.5748
2016-11-14 11:00:00,1573.0,1599.0054
2016-11-14 12:00:00,1549.0,1571.634
2016-11-14 13:00:00,1546.0,1548.4329
2016-11-14 14:00:00,1545.0,1550.1481
2016-11-14 15:00:00,1525.0,1553.0022
2016-11-14 16:00:00,1537.0,1560.5847
2016-11-14 17:00:00,1622.0,1609.7417
2016-11-14 18:00:00,1616.0,1641.742
2016-11-14 19:00:00,1591.0,1608.0541
2016-11-14 20:00:00,1550.0,1575.141
2016-11-14 21:00:00,1486.0,1519.9608
2016-11-14 22:00:00,1386.0,1398.7515
2016-11-14 23:00:00,1298.0,1314.6682
2016-11-15 00:00:00,1251.0,1240.624
2016-11-15 01:00:00,1211.0,1215.7552
2016-11-15 02:00:00,1202.0,1199.517
2016-11-15 03:00:00,1212.0,1200.7539
2016-11-15 04:00:00,1241.0,1242.2592
2016-11-15 05:00:00,1319.0,1323.7787
2016-11-15 06:00:00,1434.0,1466.4497
2016-11-15 07:00:00,1501.0,1526.0596
2016-11-15 08:00:00,1533.0,1545.7852
2016-11-15 09:00:00,1535.0,1566.5723
2016-11-15 10:00:00,1536.0,1558.3405
2016-11-15 11:00:00,1527.0,1552.2324
2016-11-15 12:00:00,1522.0,1529.1187
2016-11-15 13:00:00,1524.0,1526.0068
2016-11-15 14:00:00,1506.0,1526.9397
2016-11-15 15:00:00,1489.0,1517.497
2016-11-15 16:00:00,1510.0,1519.973
2016-11-15 17:00:00,1590.0,1586.9254
2016-11-15 18:00:00,1601.0,1599.5148
2016-11-15 19:00:00,1582.0,1590.954
2016-11-15 20:00:00,1553.0,1564.5974
2016-11-15 21:00:00,1480.0,1519.2565
2016-11-15 22:00:00,1394.0,1393.9286
2016-11-15 23:00:00,1310.0,1317.2062
2016-11-16 00:00:00,1253.0,1248.1437
2016-11-16 01:00:00,1219.0,1224.5553
2016-11-16 02:00:00,1225.0,1213.5165
2016-11-16 03:00:00,1208.0,1228.6399
2016-11-16 04:00:00,1234.0,1250.329
2016-11-16 05:00:00,1319.0,1315.0717
2016-11-16 06:00:00,1450.0,1462.1377
2016-11-16 07:00:00,1495.0,1540.2974
2016-11-16 08:00:00,1530.0,1541.0472
2016-11-16 09:00:00,1522.0,1565.2004
2016-11-16 10:00:00,1539.0,1543.4078
2016-11-16 11:00:00,1534.0,1552.5045
2016-11-16 12:00:00,1521.0,1525.3938
2016-11-16 13:00:00,1537.0,1514.8589
2016-11-16 14:00:00,1514.0,1538.249
2016-11-16 15:00:00,1501.0,1512.983
2016-11-16 16:00:00,1518.0,1534.2301
2016-11-16 17:00:00,1575.0,1583.7598
2016-11-16 18:00:00,1566.0,1579.6055
2016-11-16 19:00:00,1548.0,1559.7709
2016-11-16 20:00:00,1529.0,1537.3666
2016-11-16 21:00:00,1475.0,1497.6746
2016-11-16 22:00:00,1386.0,1388.7018
2016-11-16 23:00:00,1309.0,1312.4916
2016-11-17 00:00:00,1267.0,1245.1903
2016-11-17 01:00:00,1231.0,1233.2205
2016-11-17 02:00:00,1235.0,1220.5734
2016-11-17 03:00:00,1226.0,1239.4918
2016-11-17 04:00:00,1257.0,1259.6885
2016-11-17 05:00:00,1340.0,1339.2386
2016-11-17 06:00:00,1492.0,1481.6709
2016-11-17 07:00:00,1534.0,1566.1859
2016-11-17 08:00:00,1568.0,1567.5889
2016-11-17 09:00:00,1572.0,1586.8131
2016-11-17 10:00:00,1575.0,1585.701
2016-11-17 11:00:00,1571.0,1573.5115
2016-11-17 12:00:00,1538.0,1560.67
2016-11-17 13:00:00,1543.0,1533.0769
2016-11-17 14:00:00,1518.0,1533.5226
2016-11-17 15:00:00,1512.0,1515.09
2016-11-17 16:00:00,1520.0,1543.436
2016-11-17 17:00:00,1595.0,1584.1029
2016-11-17 18:00:00,1597.0,1597.4188
2016-11-17 19:00:00,1583.0,1582.456
2016-11-17 20:00:00,1532.0,1557.7592
2016-11-17 21:00:00,1485.0,1494.6626
2016-11-17 22:00:00,1390.0,1391.608
2016-11-17 23:00:00,1319.0,1314.4742
2016-11-18 00:00:00,1249.0,1244.9442
2016-11-18 01:00:00,1230.0,1217.9575
2016-11-18 02:00:00,1202.0,1214.52
2016-11-18 03:00:00,1211.0,1198.9648
2016-11-18 04:00:00,1246.0,1238.3889
2016-11-18 05:00:00,1309.0,1324.4044
2016-11-18 06:00:00,1455.0,1436.5424
2016-11-18 07:00:00,1509.0,1535.766
2016-11-18 08:00:00,1531.0,1548.4656
2016-11-18 09:00:00,1546.0,1564.9768
2016-11-18 10:00:00,1557.0,1555.7916
2016-11-18 11:00:00,1555.0,1558.045
2016-11-18 12:00:00,1543.0,1543.893
2016-11-18 13:00:00,1548.0,1526.9989
2016-11-18 14:00:00,1525.0,1531.3297
2016-11-18 15:00:00,1515.0,1516.328
2016-11-18 16:00:00,1502.0,1537.2433
2016-11-18 17:00:00,1562.0,1567.9807
2016-11-18 18:00:00,1543.0,1574.0189
2016-11-18 19:00:00,1493.0,1533.3015
2016-11-18 20:00:00,1452.0,1488.4176
2016-11-18 21:00:00,1403.0,1438.1543
2016-11-18 22:00:00,1336.0,1337.2035
2016-11-18 23:00:00,1242.0,1322.318
2016-11-19 00:00:00,1187.0,1186.3765
2016-11-19 01:00:00,1150.0,1157.7743
2016-11-19 02:00:00,1133.0,1146.8484
2016-11-19 03:00:00,1128.0,1124.8907
2016-11-19 04:00:00,1120.0,1134.2552
2016-11-19 05:00:00,1155.0,1161.008
2016-11-19 06:00:00,1218.0,1205.746
2016-11-19 07:00:00,1246.0,1263.9202
2016-11-19 08:00:00,1298.0,1304.6915
2016-11-19 09:00:00,1377.0,1348.7379
2016-11-19 10:00:00,1418.0,1396.7612
2016-11-19 11:00:00,1451.0,1425.0797
2016-11-19 12:00:00,1457.0,1455.3268
2016-11-19 13:00:00,1455.0,1451.348
2016-11-19 14:00:00,1442.0,1456.094
2016-11-19 15:00:00,1456.0,1444.4733
2016-11-19 16:00:00,1477.0,1477.2921
2016-11-19 17:00:00,1555.0,1550.3358
2016-11-19 18:00:00,1545.0,1561.7332
2016-11-19 19:00:00,1537.0,1530.5881
2016-11-19 20:00:00,1526.0,1525.5734
2016-11-19 21:00:00,1488.0,1492.092
2016-11-19 22:00:00,1428.0,1402.4497
2016-11-19 23:00:00,1352.0,1345.5435
2016-11-20 00:00:00,1295.0,1285.5035
2016-11-20 01:00:00,1280.0,1231.0978
2016-11-20 02:00:00,1273.0,1243.51
2016-11-20 03:00:00,1251.0,1254.8524
2016-11-20 04:00:00,1266.0,1252.4799
2016-11-20 05:00:00,1291.0,1281.6198
2016-11-20 06:00:00,1331.0,1318.1945
2016-11-20 07:00:00,1378.0,1359.7704
2016-11-20 08:00:00,1430.0,1414.2148
2016-11-20 09:00:00,1475.0,1457.949
2016-11-20 10:00:00,1503.0,1491.4264
2016-11-20 11:00:00,1537.0,1512.2458
2016-11-20 12:00:00,1538.0,1540.8411
2016-11-20 13:00:00,1552.0,1541.5674
2016-11-20 14:00:00,1543.0,1552.034
2016-11-20 15:00:00,1562.0,1540.1509
2016-11-20 16:00:00,1601.0,1586.9332
2016-11-20 17:00:00,1670.0,1656.7903
2016-11-20 18:00:00,1671.0,1682.5505
2016-11-20 19:00:00,1652.0,1665.1078
2016-11-20 20:00:00,1629.0,1633.6909
2016-11-20 21:00:00,1594.0,1588.0712
2016-11-20 22:00:00,1507.0,1515.9708
2016-11-20 23:00:00,1426.0,1406.0995
2016-11-21 00:00:00,1373.0,1353.0504
2016-11-21 01:00:00,1349.0,1329.1174
2016-11-21 02:00:00,1345.0,1339.3668
2016-11-21 03:00:00,1342.0,1345.9869
2016-11-21 04:00:00,1372.0,1370.5242
2016-11-21 05:00:00,1454.0,1449.3608
2016-11-21 06:00:00,1589.0,1585.706
2016-11-21 07:00:00,1640.0,1668.6562
2016-11-21 08:00:00,1675.0,1676.6835
2016-11-21 09:00:00,1702.0,1687.6509
2016-11-21 10:00:00,1725.0,1716.4893
2016-11-21 11:00:00,1732.0,1731.5431
2016-11-21 12:00:00,1713.0,1729.2723
2016-11-21 13:00:00,1699.0,1705.3713
2016-11-21 14:00:00,1677.0,1692.1213
2016-11-21 15:00:00,1660.0,1666.1412
2016-11-21 16:00:00,1677.0,1676.7556
2016-11-21 17:00:00,1777.0,1734.9385
2016-11-21 18:00:00,1769.0,1785.448
2016-11-21 19:00:00,1748.0,1752.3323
2016-11-21 20:00:00,1707.0,1722.9352
2016-11-21 21:00:00,1637.0,1653.586
2016-11-21 22:00:00,1536.0,1539.1141
2016-11-21 23:00:00,1455.0,1434.996
2016-11-22 00:00:00,1398.0,1385.1171
2016-11-22 01:00:00,1367.0,1357.4619
2016-11-22 02:00:00,1351.0,1354.5424
2016-11-22 03:00:00,1351.0,1347.074
2016-11-22 04:00:00,1384.0,1372.1641
2016-11-22 05:00:00,1468.0,1458.389
2016-11-22 06:00:00,1592.0,1600.4685
2016-11-22 07:00:00,1660.0,1665.761
2016-11-22 08:00:00,1684.0,1691.1868
2016-11-22 09:00:00,1678.0,1699.6506
2016-11-22 10:00:00,1667.0,1697.4745
2016-11-22 11:00:00,1673.0,1670.1808
2016-11-22 12:00:00,1645.0,1670.4135
2016-11-22 13:00:00,1627.0,1642.2037
2016-11-22 14:00:00,1606.0,1617.8602
2016-11-22 15:00:00,1595.0,1600.0295
2016-11-22 16:00:00,1623.0,1612.4384
2016-11-22 17:00:00,1734.0,1691.7311
2016-11-22 18:00:00,1752.0,1745.0166
2016-11-22 19:00:00,1735.0,1733.1624
2016-11-22 20:00:00,1692.0,1706.7529
2016-11-22 21:00:00,1646.0,1643.5643
2016-11-22 22:00:00,1556.0,1556.7334
2016-11-22 23:00:00,1473.0,1460.143
2016-11-23 00:00:00,1422.0,1401.0001
2016-11-23 01:00:00,1386.0,1377.3464
2016-11-23 02:00:00,1378.0,1375.3846
2016-11-23 03:00:00,1375.0,1378.639
2016-11-23 04:00:00,1396.0,1404.7921
2016-11-23 05:00:00,1484.0,1472.026
2016-11-23 06:00:00,1603.0,1613.9196
2016-11-23 07:00:00,1656.0,1666.8116
2016-11-23 08:00:00,1673.0,1678.8854
2016-11-23 09:00:00,1685.0,1687.7179
2016-11-23 10:00:00,1659.0,1702.7429
2016-11-23 11:00:00,1632.0,1660.7994
2016-11-23 12:00:00,1631.0,1626.4672
2016-11-23 13:00:00,1618.0,1632.397
2016-11-23 14:00:00,1583.0,1613.3129
2016-11-23 15:00:00,1551.0,1577.0493
2016-11-23 16:00:00,1595.0,1581.534
2016-11-23 17:00:00,1656.0,1653.0911
2016-11-23 18:00:00,1638.0,1678.9113
2016-11-23 19:00:00,1627.0,1634.6976
2016-11-23 20:00:00,1592.0,1611.2981
2016-11-23 21:00:00,1527.0,1564.2485
2016-11-23 22:00:00,1455.0,1456.7334
2016-11-23 23:00:00,1378.0,1380.8672
2016-11-24 00:00:00,1316.0,1319.5693
2016-11-24 01:00:00,1258.0,1278.2113
2016-11-24 02:00:00,1234.0,1245.4457
2016-11-24 03:00:00,1241.0,1237.6798
2016-11-24 04:00:00,1238.0,1251.808
2016-11-24 05:00:00,1273.0,1304.26
2016-11-24 06:00:00,1306.0,1365.1699
2016-11-24 07:00:00,1339.0,1380.7954
2016-11-24 08:00:00,1354.0,1394.7714
2016-11-24 09:00:00,1401.0,1412.5969
2016-11-24 10:00:00,1459.0,1436.433
2016-11-24 11:00:00,1469.0,1472.0314
2016-11-24 12:00:00,1473.0,1461.981
2016-11-24 13:00:00,1453.0,1467.4866
2016-11-24 14:00:00,1417.0,1450.2826
2016-11-24 15:00:00,1381.0,1413.0371
2016-11-24 16:00:00,1379.0,1399.2988
2016-11-24 17:00:00,1390.0,1434.2806
2016-11-24 18:00:00,1364.0,1401.6019
2016-11-24 19:00:00,1354.0,1382.2068
2016-11-24 20:00:00,1348.0,1395.6022
2016-11-24 21:00:00,1358.0,1392.3882
2016-11-24 22:00:00,1322.0,1325.6914
2016-11-24 23:00:00,1275.0,1358.1083
2016-11-25 00:00:00,1215.0,1243.1322
2016-11-25 01:00:00,1190.0,1190.6042
2016-11-25 02:00:00,1182.0,1177.4364
2016-11-25 03:00:00,1181.0,1177.4552
2016-11-25 04:00:00,1194.0,1200.0054
2016-11-25 05:00:00,1231.0,1251.4132
2016-11-25 06:00:00,1304.0,1308.904
2016-11-25 07:00:00,1347.0,1375.107
2016-11-25 08:00:00,1375.0,1424.6138
2016-11-25 09:00:00,1417.0,1445.335
2016-11-25 10:00:00,1439.0,1462.5242
2016-11-25 11:00:00,1444.0,1462.6292
2016-11-25 12:00:00,1446.0,1441.7524
2016-11-25 13:00:00,1442.0,1433.4412
2016-11-25 14:00:00,1447.0,1431.8357
2016-11-25 15:00:00,1448.0,1444.7893
2016-11-25 16:00:00,1483.0,1471.8314
2016-11-25 17:00:00,1531.0,1550.7917
2016-11-25 18:00:00,1513.0,1555.8762
2016-11-25 19:00:00,1512.0,1539.1691
2016-11-25 20:00:00,1488.0,1530.6305
2016-11-25 21:00:00,1458.0,1492.5131
2016-11-25 22:00:00,1397.0,1405.3561
2016-11-25 23:00:00,1325.0,1332.8866
2016-11-26 00:00:00,1285.0,1248.7065
2016-11-26 01:00:00,1257.0,1235.3187
2016-11-26 02:00:00,1235.0,1227.4419
2016-11-26 03:00:00,1223.0,1216.4854
2016-11-26 04:00:00,1231.0,1215.5033
2016-11-26 05:00:00,1256.0,1248.6819
2016-11-26 06:00:00,1306.0,1289.3911
2016-11-26 07:00:00,1345.0,1338.7678
2016-11-26 08:00:00,1391.0,1389.959
2016-11-26 09:00:00,1431.0,1425.9187
2016-11-26 10:00:00,1448.0,1460.662
2016-11-26 11:00:00,1459.0,1455.1177
2016-11-26 12:00:00,1459.0,1458.0198
2016-11-26 13:00:00,1467.0,1456.718
2016-11-26 14:00:00,1468.0,1462.7637
2016-11-26 15:00:00,1452.0,1464.3989
2016-11-26 16:00:00,1481.0,1475.1592
2016-11-26 17:00:00,1549.0,1558.2623
2016-11-26 18:00:00,1555.0,1566.8853
2016-11-26 19:00:00,1541.0,1553.2216
2016-11-26 20:00:00,1511.0,1529.9094
2016-11-26 21:00:00,1488.0,1488.6772
2016-11-26 22:00:00,1421.0,1419.5223
2016-11-26 23:00:00,1354.0,1341.1166
2016-11-27 00:00:00,1298.0,1286.6195
2016-11-27 01:00:00,1266.0,1251.8981
2016-11-27 02:00:00,1239.0,1240.943
2016-11-27 03:00:00,1236.0,1221.4913
2016-11-27 04:00:00,1244.0,1231.5421
2016-11-27 05:00:00,1260.0,1262.1708
2016-11-27 06:00:00,1283.0,1291.9106
2016-11-27 07:00:00,1317.0,1306.1194
2016-11-27 08:00:00,1342.0,1358.2656
2016-11-27 09:00:00,1367.0,1388.3168
2016-11-27 10:00:00,1373.0,1394.392
2016-11-27 11:00:00,1395.0,1382.9255
2016-11-27 12:00:00,1402.0,1402.995
2016-11-27 13:00:00,1402.0,1405.892
2016-11-27 14:00:00,1389.0,1399.0248
2016-11-27 15:00:00,1397.0,1384.2452
2016-11-27 16:00:00,1449.0,1416.7063
2016-11-27 17:00:00,1569.0,1522.5281
2016-11-27 18:00:00,1588.0,1581.1274
2016-11-27 19:00:00,1584.0,1577.1483
2016-11-27 20:00:00,1566.0,1561.502
2016-11-27 21:00:00,1533.0,1530.7015
2016-11-27 22:00:00,1463.0,1458.8937
2016-11-27 23:00:00,1386.0,1381.4895
2016-11-28 00:00:00,1307.0,1318.4148
2016-11-28 01:00:00,1293.0,1275.3612
2016-11-28 02:00:00,1278.0,1279.4117
2016-11-28 03:00:00,1295.0,1277.7545
2016-11-28 04:00:00,1326.0,1319.0895
2016-11-28 05:00:00,1405.0,1417.2028
2016-11-28 06:00:00,1530.0,1526.9796
2016-11-28 07:00:00,1599.0,1606.8224
2016-11-28 08:00:00,1622.0,1636.8584
2016-11-28 09:00:00,1630.0,1651.3129
2016-11-28 10:00:00,1629.0,1648.0305
2016-11-28 11:00:00,1621.0,1638.1293
2016-11-28 12:00:00,1625.0,1620.9309
2016-11-28 13:00:00,1608.0,1624.7092
2016-11-28 14:00:00,1617.0,1605.6715
2016-11-28 15:00:00,1602.0,1614.4194
2016-11-28 16:00:00,1633.0,1615.8419
2016-11-28 17:00:00,1706.0,1695.5082
2016-11-28 18:00:00,1703.0,1713.7782
2016-11-28 19:00:00,1674.0,1681.2985
2016-11-28 20:00:00,1640.0,1648.4498
2016-11-28 21:00:00,1567.0,1597.675
2016-11-28 22:00:00,1456.0,1476.7668
2016-11-28 23:00:00,1362.0,1364.2924
2016-11-29 00:00:00,1292.0,1298.6309
2016-11-29 01:00:00,1255.0,1257.8053
2016-11-29 02:00:00,1215.0,1238.4747
2016-11-29 03:00:00,1224.0,1220.1248
2016-11-29 04:00:00,1250.0,1244.4843
2016-11-29 05:00:00,1311.0,1324.1172
2016-11-29 06:00:00,1427.0,1443.9976
2016-11-29 07:00:00,1498.0,1506.4226
2016-11-29 08:00:00,1529.0,1540.6099
2016-11-29 09:00:00,1549.0,1565.8607
2016-11-29 10:00:00,1557.0,1566.3661
2016-11-29 11:00:00,1548.0,1568.4618
2016-11-29 12:00:00,1552.0,1548.7397
2016-11-29 13:00:00,1551.0,1547.1418
2016-11-29 14:00:00,1538.0,1548.6346
2016-11-29 15:00:00,1501.0,1534.6582
2016-11-29 16:00:00,1528.0,1528.1713
2016-11-29 17:00:00,1634.0,1594.6576
2016-11-29 18:00:00,1635.0,1639.7891
2016-11-29 19:00:00,1617.0,1625.3619
2016-11-29 20:00:00,1590.0,1594.5116
2016-11-29 21:00:00,1518.0,1543.2246
2016-11-29 22:00:00,1423.0,1425.9272
2016-11-29 23:00:00,1332.0,1347.0446
2016-11-30 00:00:00,1261.0,1265.6631
2016-11-30 01:00:00,1234.0,1231.065
2016-11-30 02:00:00,1232.0,1224.6649
2016-11-30 03:00:00,1214.0,1233.8534
2016-11-30 04:00:00,1232.0,1248.0076
2016-11-30 05:00:00,1313.0,1305.9827
2016-11-30 06:00:00,1425.0,1439.9209
2016-11-30 07:00:00,1548.0,1499.3604
2016-11-30 08:00:00,1552.0,1586.7063
2016-11-30 09:00:00,1574.0,1581.2524
2016-11-30 10:00:00,1590.0,1592.283
2016-11-30 11:00:00,1607.0,1590.7366
2016-11-30 12:00:00,1595.0,1602.9937
2016-11-30 13:00:00,1627.0,1591.6272
2016-11-30 14:00:00,1586.0,1625.021
2016-11-30 15:00:00,1570.0,1574.5802
2016-11-30 16:00:00,1609.0,1586.0565
2016-11-30 17:00:00,1667.0,1654.694
2016-11-30 18:00:00,1682.0,1677.8916
2016-11-30 19:00:00,1646.0,1652.6411
2016-11-30 20:00:00,1606.0,1618.6731
2016-11-30 21:00:00,1527.0,1562.284
2016-11-30 22:00:00,1422.0,1437.241
2016-11-30 23:00:00,1337.0,1342.1383
2016-12-01 00:00:00,1283.0,1260.0875
2016-12-01 01:00:00,1246.0,1243.9138
2016-12-01 02:00:00,1226.0,1235.5701
2016-12-01 03:00:00,1224.0,1226.1206
2016-12-01 04:00:00,1265.0,1242.608
2016-12-01 05:00:00,1350.0,1343.4651
2016-12-01 06:00:00,1480.0,1493.3165
2016-12-01 07:00:00,1565.0,1568.7379
2016-12-01 08:00:00,1602.0,1598.9155
2016-12-01 09:00:00,1624.0,1638.0771
2016-12-01 10:00:00,1634.0,1647.5369
2016-12-01 11:00:00,1639.0,1644.1415
2016-12-01 12:00:00,1672.0,1638.6788
2016-12-01 13:00:00,1654.0,1669.8313
2016-12-01 14:00:00,1648.0,1647.0312
2016-12-01 15:00:00,1646.0,1646.0635
2016-12-01 16:00:00,1680.0,1666.7327
2016-12-01 17:00:00,1750.0,1725.7623
2016-12-01 18:00:00,1757.0,1756.8264
2016-12-01 19:00:00,1720.0,1741.4613
2016-12-01 20:00:00,1688.0,1687.0355
2016-12-01 21:00:00,1636.0,1629.7522
2016-12-01 22:00:00,1537.0,1539.0076
2016-12-01 23:00:00,1433.0,1434.3383
2016-12-02 00:00:00,1380.0,1349.7963
2016-12-02 01:00:00,1332.0,1330.3967
2016-12-02 02:00:00,1315.0,1306.9182
2016-12-02 03:00:00,1301.0,1305.8542
2016-12-02 04:00:00,1315.0,1317.9114
2016-12-02 05:00:00,1396.0,1383.4625
2016-12-02 06:00:00,1546.0,1539.336
2016-12-02 07:00:00,1626.0,1629.4044
2016-12-02 08:00:00,1651.0,1656.3096
2016-12-02 09:00:00,1670.0,1670.1143
2016-12-02 10:00:00,1673.0,1687.9098
2016-12-02 11:00:00,1694.0,1676.7349
2016-12-02 12:00:00,1666.0,1692.6154
2016-12-02 13:00:00,1657.0,1665.5566
2016-12-02 14:00:00,1653.0,1638.0304
2016-12-02 15:00:00,1654.0,1641.3883
2016-12-02 16:00:00,1675.0,1675.2747
2016-12-02 17:00:00,1745.0,1734.0969
2016-12-02 18:00:00,1728.0,1746.8147
2016-12-02 19:00:00,1694.0,1708.6736
2016-12-02 20:00:00,1654.0,1664.9369
2016-12-02 21:00:00,1623.0,1607.0464
2016-12-02 22:00:00,1531.0,1536.2712
2016-12-02 23:00:00,1443.0,1442.0493
2016-12-03 00:00:00,1371.0,1369.7385
2016-12-03 01:00:00,1328.0,1329.355
2016-12-03 02:00:00,1307.0,1309.3627
2016-12-03 03:00:00,1287.0,1294.662
2016-12-03 04:00:00,1297.0,1302.6494
2016-12-03 05:00:00,1323.0,1336.5156
2016-12-03 06:00:00,1373.0,1372.1862
2016-12-03 07:00:00,1420.0,1411.2594
2016-12-03 08:00:00,1470.0,1460.0857
2016-12-03 09:00:00,1516.0,1508.0295
2016-12-03 10:00:00,1549.0,1539.0835
2016-12-03 11:00:00,1547.0,1551.785
2016-12-03 12:00:00,1540.0,1531.2189
2016-12-03 13:00:00,1538.0,1523.4993
2016-12-03 14:00:00,1533.0,1529.1035
2016-12-03 15:00:00,1548.0,1522.7278
2016-12-03 16:00:00,1601.0,1572.0544
2016-12-03 17:00:00,1655.0,1647.8052
2016-12-03 18:00:00,1647.0,1656.9197
2016-12-03 19:00:00,1621.0,1638.6989
2016-12-03 20:00:00,1595.0,1606.5995
2016-12-03 21:00:00,1562.0,1563.3488
2016-12-03 22:00:00,1497.0,1492.6935
2016-12-03 23:00:00,1425.0,1418.2203
2016-12-04 00:00:00,1357.0,1339.6393
2016-12-04 01:00:00,1304.0,1309.5299
2016-12-04 02:00:00,1285.0,1276.1118
2016-12-04 03:00:00,1272.0,1268.6421
2016-12-04 04:00:00,1263.0,1278.0072
2016-12-04 05:00:00,1292.0,1282.1693
2016-12-04 06:00:00,1328.0,1316.8248
2016-12-04 07:00:00,1370.0,1366.6007
2016-12-04 08:00:00,1410.0,1411.4009
2016-12-04 09:00:00,1439.0,1441.1145
2016-12-04 10:00:00,1465.0,1470.8029
2016-12-04 11:00:00,1477.0,1467.4369
2016-12-04 12:00:00,1485.0,1484.4088
2016-12-04 13:00:00,1484.0,1481.1063
2016-12-04 14:00:00,1487.0,1478.6016
2016-12-04 15:00:00,1502.0,1485.5518
2016-12-04 16:00:00,1553.0,1546.06
2016-12-04 17:00:00,1654.0,1639.9132
2016-12-04 18:00:00,1654.0,1673.9547
2016-12-04 19:00:00,1634.0,1641.8689
2016-12-04 20:00:00,1622.0,1615.1995
2016-12-04 21:00:00,1571.0,1586.7766
2016-12-04 22:00:00,1474.0,1500.5939
2016-12-04 23:00:00,1392.0,1386.2698
2016-12-05 00:00:00,1312.0,1313.713
2016-12-05 01:00:00,1295.0,1280.4467
2016-12-05 02:00:00,1285.0,1285.2148
2016-12-05 03:00:00,1257.0,1280.7949
2016-12-05 04:00:00,1293.0,1286.5952
2016-12-05 05:00:00,1373.0,1372.6093
2016-12-05 06:00:00,1510.0,1515.4042
2016-12-05 07:00:00,1593.0,1595.4027
2016-12-05 08:00:00,1602.0,1636.3818
2016-12-05 09:00:00,1610.0,1643.0695
2016-12-05 10:00:00,1639.0,1635.3601
2016-12-05 11:00:00,1624.0,1660.0804
2016-12-05 12:00:00,1608.0,1624.6189
2016-12-05 13:00:00,1612.0,1610.2437
2016-12-05 14:00:00,1606.0,1613.3676
2016-12-05 15:00:00,1593.0,1611.421
2016-12-05 16:00:00,1640.0,1612.8447
2016-12-05 17:00:00,1742.0,1716.2769
2016-12-05 18:00:00,1747.0,1759.1907
2016-12-05 19:00:00,1719.0,1725.0764
2016-12-05 20:00:00,1695.0,1689.5984
2016-12-05 21:00:00,1646.0,1639.5735
2016-12-05 22:00:00,1552.0,1548.2861
2016-12-05 23:00:00,1447.0,1446.254
2016-12-06 00:00:00,1377.0,1374.15
2016-12-06 01:00:00,1344.0,1335.6755
2016-12-06 02:00:00,1311.0,1330.9062
2016-12-06 03:00:00,1308.0,1312.4724
2016-12-06 04:00:00,1332.0,1333.3833
2016-12-06 05:00:00,1409.0,1407.4275
2016-12-06 06:00:00,1529.0,1551.5878
2016-12-06 07:00:00,1621.0,1617.1382
2016-12-06 08:00:00,1628.0,1654.5171
2016-12-06 09:00:00,1637.0,1648.3943
2016-12-06 10:00:00,1679.0,1652.6681
2016-12-06 11:00:00,1678.0,1693.8396
2016-12-06 12:00:00,1689.0,1680.4578
2016-12-06 13:00:00,1681.0,1688.0527
2016-12-06 14:00:00,1685.0,1674.4232
2016-12-06 15:00:00,1696.0,1680.1434
2016-12-06 16:00:00,1736.0,1728.4816
2016-12-06 17:00:00,1792.0,1838.186
2016-12-06 18:00:00,1784.0,1810.7657
2016-12-06 19:00:00,1758.0,1762.5454
2016-12-06 20:00:00,1713.0,1730.825
2016-12-06 21:00:00,1643.0,1654.224
2016-12-06 22:00:00,1531.0,1533.987
2016-12-06 23:00:00,1422.0,1430.8698
2016-12-07 00:00:00,1348.0,1358.2909
2016-12-07 01:00:00,1311.0,1308.331
2016-12-07 02:00:00,1312.0,1296.6012
2016-12-07 03:00:00,1310.0,1308.3
2016-12-07 04:00:00,1323.0,1336.7733
2016-12-07 05:00:00,1405.0,1405.8464
2016-12-07 06:00:00,1539.0,1553.4305
2016-12-07 07:00:00,1616.0,1630.904
2016-12-07 08:00:00,1628.0,1640.0707
2016-12-07 09:00:00,1637.0,1653.701
2016-12-07 10:00:00,1642.0,1662.9974
2016-12-07 11:00:00,1626.0,1655.8523
2016-12-07 12:00:00,1605.0,1626.8479
2016-12-07 13:00:00,1596.0,1605.896
2016-12-07 14:00:00,1588.0,1593.3461
2016-12-07 15:00:00,1613.0,1587.8568
2016-12-07 16:00:00,1645.0,1643.076
2016-12-07 17:00:00,1759.0,1724.8503
2016-12-07 18:00:00,1756.0,1766.4142
2016-12-07 19:00:00,1736.0,1728.2668
2016-12-07 20:00:00,1717.0,1703.6962
2016-12-07 21:00:00,1669.0,1649.7292
2016-12-07 22:00:00,1556.0,1568.6385
2016-12-07 23:00:00,1459.0,1456.0011
2016-12-08 00:00:00,1386.0,1388.9569
2016-12-08 01:00:00,1337.0,1343.2477
2016-12-08 02:00:00,1328.0,1319.158
2016-12-08 03:00:00,1336.0,1322.4556
2016-12-08 04:00:00,1350.0,1355.2582
2016-12-08 05:00:00,1448.0,1428.7845
2016-12-08 06:00:00,1565.0,1594.9991
2016-12-08 07:00:00,1632.0,1648.6699
2016-12-08 08:00:00,1646.0,1653.7222
2016-12-08 09:00:00,1688.0,1662.9836
2016-12-08 10:00:00,1704.0,1709.029
2016-12-08 11:00:00,1703.0,1711.0516
2016-12-08 12:00:00,1705.0,1705.4357
2016-12-08 13:00:00,1726.0,1704.9775
2016-12-08 14:00:00,1746.0,1725.3019
2016-12-08 15:00:00,1756.0,1740.5421
2016-12-08 16:00:00,1805.0,1789.2509
2016-12-08 17:00:00,1876.0,1895.7024
2016-12-08 18:00:00,1891.0,1885.5211
2016-12-08 19:00:00,1878.0,1863.5791
2016-12-08 20:00:00,1868.0,1842.6858
2016-12-08 21:00:00,1780.0,1805.184
2016-12-08 22:00:00,1676.0,1670.4008
2016-12-08 23:00:00,1561.0,1561.7673
2016-12-09 00:00:00,1516.0,1478.9886
2016-12-09 01:00:00,1493.0,1467.4786
2016-12-09 02:00:00,1456.0,1482.6089
2016-12-09 03:00:00,1470.0,1466.7231
2016-12-09 04:00:00,1487.0,1493.5822
2016-12-09 05:00:00,1571.0,1560.4197
2016-12-09 06:00:00,1678.0,1708.2235
2016-12-09 07:00:00,1786.0,1763.1907
2016-12-09 08:00:00,1798.0,1803.8425
2016-12-09 09:00:00,1820.0,1810.6302
2016-12-09 10:00:00,1842.0,1821.0023
2016-12-09 11:00:00,1836.0,1832.152
2016-12-09 12:00:00,1824.0,1826.869
2016-12-09 13:00:00,1824.0,1810.444
2016-12-09 14:00:00,1795.0,1806.553
2016-12-09 15:00:00,1792.0,1781.7736
2016-12-09 16:00:00,1843.0,1823.9535
2016-12-09 17:00:00,1894.0,1957.1569
2016-12-09 18:00:00,1885.0,1901.0178
2016-12-09 19:00:00,1880.0,1853.1646
2016-12-09 20:00:00,1839.0,1836.9342
2016-12-09 21:00:00,1782.0,1787.5735
2016-12-09 22:00:00,1695.0,1691.6423
2016-12-09 23:00:00,1590.0,1594.465
2016-12-10 00:00:00,1527.0,1514.676
2016-12-10 01:00:00,1471.0,1481.573
2016-12-10 02:00:00,1441.0,1454.0538
2016-12-10 03:00:00,1435.0,1429.0197
2016-12-10 04:00:00,1445.0,1439.9688
2016-12-10 05:00:00,1469.0,1472.6106
2016-12-10 06:00:00,1522.0,1521.9834
2016-12-10 07:00:00,1580.0,1573.5903
2016-12-10 08:00:00,1618.0,1626.4489
2016-12-10 09:00:00,1662.0,1644.1089
2016-12-10 10:00:00,1667.0,1681.098
2016-12-10 11:00:00,1665.0,1665.4581
2016-12-10 12:00:00,1672.0,1658.093
2016-12-10 13:00:00,1665.0,1662.4603
2016-12-10 14:00:00,1667.0,1656.2539
2016-12-10 15:00:00,1660.0,1665.5277
2016-12-10 16:00:00,1710.0,1702.5785
2016-12-10 17:00:00,1806.0,1814.9695
2016-12-10 18:00:00,1804.0,1811.9845
2016-12-10 19:00:00,1798.0,1786.9528
2016-12-10 20:00:00,1758.0,1771.4863
2016-12-10 21:00:00,1715.0,1712.0149
2016-12-10 22:00:00,1654.0,1636.5067
2016-12-10 23:00:00,1577.0,1560.1772
2016-12-11 00:00:00,1502.0,1496.6548
2016-12-11 01:00:00,1458.0,1450.3623
2016-12-11 02:00:00,1428.0,1427.2559
2016-12-11 03:00:00,1419.0,1418.7687
2016-12-11 04:00:00,1425.0,1432.4965
2016-12-11 05:00:00,1440.0,1449.1917
2016-12-11 06:00:00,1470.0,1479.8987
2016-12-11 07:00:00,1526.0,1506.2854
2016-12-11 08:00:00,1554.0,1571.2172
2016-12-11 09:00:00,1620.0,1598.3182
2016-12-11 10:00:00,1643.0,1653.8971
2016-12-11 11:00:00,1651.0,1652.2291
2016-12-11 12:00:00,1654.0,1650.2654
2016-12-11 13:00:00,1662.0,1651.9839
2016-12-11 14:00:00,1648.0,1666.1167
2016-12-11 15:00:00,1630.0,1652.5054
2016-12-11 16:00:00,1694.0,1672.0349
2016-12-11 17:00:00,1806.0,1809.3655
2016-12-11 18:00:00,1815.0,1814.9321
2016-12-11 19:00:00,1783.0,1800.775
2016-12-11 20:00:00,1759.0,1764.9282
2016-12-11 21:00:00,1712.0,1712.33
2016-12-11 22:00:00,1615.0,1632.3718
2016-12-11 23:00:00,1508.0,1512.5864
2016-12-12 00:00:00,1435.0,1430.7924
2016-12-12 01:00:00,1403.0,1385.2946
2016-12-12 02:00:00,1389.0,1388.529
2016-12-12 03:00:00,1383.0,1392.5983
2016-12-12 04:00:00,1398.0,1411.8328
2016-12-12 05:00:00,1464.0,1479.4009
2016-12-12 06:00:00,1585.0,1602.0317
2016-12-12 07:00:00,1658.0,1679.2067
2016-12-12 08:00:00,1704.0,1692.9734
2016-12-12 09:00:00,1711.0,1737.7235
2016-12-12 10:00:00,1730.0,1738.3171
2016-12-12 11:00:00,1733.0,1741.0629
2016-12-12 12:00:00,1720.0,1733.0214
2016-12-12 13:00:00,1705.0,1718.4738
2016-12-12 14:00:00,1687.0,1701.1248
2016-12-12 15:00:00,1696.0,1683.1537
2016-12-12 16:00:00,1745.0,1736.3438
2016-12-12 17:00:00,1832.0,1852.9973
2016-12-12 18:00:00,1853.0,1843.2622
2016-12-12 19:00:00,1812.0,1833.7511
2016-12-12 20:00:00,1783.0,1779.745
2016-12-12 21:00:00,1713.0,1721.8269
2016-12-12 22:00:00,1620.0,1606.972
2016-12-12 23:00:00,1524.0,1496.8567
2016-12-13 00:00:00,1456.0,1441.6979
2016-12-13 01:00:00,1397.0,1414.7031
2016-12-13 02:00:00,1387.0,1381.6808
2016-12-13 03:00:00,1387.0,1383.9084
2016-12-13 04:00:00,1416.0,1405.6986
2016-12-13 05:00:00,1479.0,1492.6188
2016-12-13 06:00:00,1610.0,1623.3954
2016-12-13 07:00:00,1708.0,1697.9336
2016-12-13 08:00:00,1741.0,1743.8322
2016-12-13 09:00:00,1752.0,1758.6152
2016-12-13 10:00:00,1753.0,1763.7932
2016-12-13 11:00:00,1754.0,1752.3925
2016-12-13 12:00:00,1774.0,1746.7681
2016-12-13 13:00:00,1782.0,1776.0092
2016-12-13 14:00:00,1778.0,1774.0946
2016-12-13 15:00:00,1771.0,1769.9012
2016-12-13 16:00:00,1821.0,1800.4614
2016-12-13 17:00:00,1904.0,1930.1134
2016-12-13 18:00:00,1899.0,1909.338
2016-12-13 19:00:00,1883.0,1872.9332
2016-12-13 20:00:00,1833.0,1849.5144
2016-12-13 21:00:00,1789.0,1775.7606
2016-12-13 22:00:00,1677.0,1681.4943
2016-12-13 23:00:00,1560.0,1571.2882
2016-12-14 00:00:00,1494.0,1478.8534
2016-12-14 01:00:00,1446.0,1445.2615
2016-12-14 02:00:00,1428.0,1429.2827
2016-12-14 03:00:00,1433.0,1428.0292
2016-12-14 04:00:00,1457.0,1455.9506
2016-12-14 05:00:00,1543.0,1541.4977
2016-12-14 06:00:00,1689.0,1682.7465
2016-12-14 07:00:00,1774.0,1783.5801
2016-12-14 08:00:00,1781.0,1788.3159
2016-12-14 09:00:00,1794.0,1787.7457
2016-12-14 10:00:00,1798.0,1800.8734
2016-12-14 11:00:00,1784.0,1801.8884
2016-12-14 12:00:00,1767.0,1775.4608
2016-12-14 13:00:00,1756.0,1761.6575
2016-12-14 14:00:00,1761.0,1743.6096
2016-12-14 15:00:00,1744.0,1760.6285
2016-12-14 16:00:00,1796.0,1781.2008
2016-12-14 17:00:00,1915.0,1909.5299
2016-12-14 18:00:00,1949.0,1931.2273
2016-12-14 19:00:00,1936.0,1916.1101
2016-12-14 20:00:00,1908.0,1897.6459
2016-12-14 21:00:00,1852.0,1848.0181
2016-12-14 22:00:00,1767.0,1743.655
2016-12-14 23:00:00,1653.0,1649.8872
2016-12-15 00:00:00,1609.0,1576.5195
2016-12-15 01:00:00,1590.0,1554.8893
2016-12-15 02:00:00,1576.0,1572.7865
2016-12-15 03:00:00,1568.0,1581.1078
2016-12-15 04:00:00,1608.0,1588.927
2016-12-15 05:00:00,1685.0,1691.9916
2016-12-15 06:00:00,1815.0,1823.7054
2016-12-15 07:00:00,1907.0,1891.3109
2016-12-15 08:00:00,1953.0,1916.7349
2016-12-15 09:00:00,1964.0,1968.9701
2016-12-15 10:00:00,1964.0,1973.0293
2016-12-15 11:00:00,1964.0,1954.7803
2016-12-15 12:00:00,1951.0,1949.8992
2016-12-15 13:00:00,1935.0,1934.9489
2016-12-15 14:00:00,1926.0,1915.7478
2016-12-15 15:00:00,1933.0,1908.9156
2016-12-15 16:00:00,1970.0,1965.0377
2016-12-15 17:00:00,2107.0,2082.5398
2016-12-15 18:00:00,2119.0,2111.3652
2016-12-15 19:00:00,2097.0,2093.892
2016-12-15 20:00:00,2075.0,2057.8142
2016-12-15 21:00:00,2019.0,2008.523
2016-12-15 22:00:00,1926.0,1894.0475
2016-12-15 23:00:00,1805.0,1792.5071
2016-12-16 00:00:00,1748.0,1704.8965
2016-12-16 01:00:00,1726.0,1687.1476
2016-12-16 02:00:00,1674.0,1691.7208
2016-12-16 03:00:00,1671.0,1671.8458
2016-12-16 04:00:00,1699.0,1696.9443
2016-12-16 05:00:00,1768.0,1794.6434
2016-12-16 06:00:00,1873.0,1897.864
2016-12-16 07:00:00,1972.0,1951.4095
2016-12-16 08:00:00,2015.0,1989.0979
2016-12-16 09:00:00,2022.0,2021.3011
2016-12-16 10:00:00,2024.0,2019.7075
2016-12-16 11:00:00,2008.0,2012.2866
2016-12-16 12:00:00,1991.0,1986.4243
2016-12-16 13:00:00,1979.0,1976.868
2016-12-16 14:00:00,1937.0,1956.7942
2016-12-16 15:00:00,1944.0,1925.3461
2016-12-16 16:00:00,1972.0,1962.7365
2016-12-16 17:00:00,2050.0,2075.9863
2016-12-16 18:00:00,2037.0,2069.7983
2016-12-16 19:00:00,1991.0,2006.7225
2016-12-16 20:00:00,1945.0,1956.6649
2016-12-16 21:00:00,1883.0,1893.8503
2016-12-16 22:00:00,1806.0,1778.3866
2016-12-16 23:00:00,1687.0,1679.5967
2016-12-17 00:00:00,1605.0,1596.4465
2016-12-17 01:00:00,1549.0,1549.4802
2016-12-17 02:00:00,1516.0,1518.2634
2016-12-17 03:00:00,1507.0,1491.9812
2016-12-17 04:00:00,1511.0,1504.6311
2016-12-17 05:00:00,1523.0,1524.4384
2016-12-17 06:00:00,1543.0,1562.6287
2016-12-17 07:00:00,1588.0,1585.3949
2016-12-17 08:00:00,1619.0,1639.1375
2016-12-17 09:00:00,1680.0,1669.2604
2016-12-17 10:00:00,1708.0,1712.9105
2016-12-17 11:00:00,1725.0,1715.7026
2016-12-17 12:00:00,1731.0,1714.122
2016-12-17 13:00:00,1712.0,1721.7661
2016-12-17 14:00:00,1679.0,1697.2125
2016-12-17 15:00:00,1664.0,1671.2069
2016-12-17 16:00:00,1676.0,1701.6946
2016-12-17 17:00:00,1751.0,1774.1664
2016-12-17 18:00:00,1745.0,1774.9154
2016-12-17 19:00:00,1693.0,1732.8438
2016-12-17 20:00:00,1657.0,1681.0586
2016-12-17 21:00:00,1603.0,1616.566
2016-12-17 22:00:00,1525.0,1531.2097
2016-12-17 23:00:00,1435.0,1446.6492
2016-12-18 00:00:00,1351.0,1365.7192
2016-12-18 01:00:00,1300.0,1313.9542
2016-12-18 02:00:00,1261.0,1273.491
2016-12-18 03:00:00,1236.0,1246.9993
2016-12-18 04:00:00,1251.0,1225.4573
2016-12-18 05:00:00,1297.0,1255.3573
2016-12-18 06:00:00,1350.0,1325.9048
2016-12-18 07:00:00,1426.0,1385.9497
2016-12-18 08:00:00,1502.0,1484.2552
2016-12-18 09:00:00,1562.0,1568.8508
2016-12-18 10:00:00,1611.0,1596.7521
2016-12-18 11:00:00,1636.0,1642.1194
2016-12-18 12:00:00,1652.0,1647.8611
2016-12-18 13:00:00,1661.0,1669.56
2016-12-18 14:00:00,1672.0,1677.1147
2016-12-18 15:00:00,1666.0,1685.5618
2016-12-18 16:00:00,1704.0,1701.8048
2016-12-18 17:00:00,1824.0,1775.7625
2016-12-18 18:00:00,1835.0,1835.9165
2016-12-18 19:00:00,1832.0,1812.6729
2016-12-18 20:00:00,1826.0,1809.8052
2016-12-18 21:00:00,1784.0,1781.1262
2016-12-18 22:00:00,1704.0,1698.032
2016-12-18 23:00:00,1616.0,1585.367
2016-12-19 00:00:00,1555.0,1525.3817
2016-12-19 01:00:00,1515.0,1518.383
2016-12-19 02:00:00,1482.0,1506.3423
2016-12-19 03:00:00,1484.0,1483.7809
2016-12-19 04:00:00,1525.0,1504.4183
2016-12-19 05:00:00,1605.0,1611.4373
2016-12-19 06:00:00,1736.0,1738.0793
2016-12-19 07:00:00,1850.0,1846.4086
2016-12-19 08:00:00,1869.0,1887.689
2016-12-19 09:00:00,1864.0,1890.3877
2016-12-19 10:00:00,1839.0,1869.985
2016-12-19 11:00:00,1834.0,1833.1628
2016-12-19 12:00:00,1809.0,1818.4683
2016-12-19 13:00:00,1817.0,1798.6257
2016-12-19 14:00:00,1812.0,1801.4004
2016-12-19 15:00:00,1815.0,1798.7062
2016-12-19 16:00:00,1836.0,1852.7289
2016-12-19 17:00:00,1952.0,1955.9493
2016-12-19 18:00:00,1974.0,1963.7535
2016-12-19 19:00:00,1961.0,1946.8885
2016-12-19 20:00:00,1936.0,1927.0319
2016-12-19 21:00:00,1899.0,1882.1289
2016-12-19 22:00:00,1791.0,1774.1104
2016-12-19 23:00:00,1676.0,1660.1771
2016-12-20 00:00:00,1585.0,1589.1565
2016-12-20 01:00:00,1553.0,1539.8258
2016-12-20 02:00:00,1547.0,1525.7347
2016-12-20 03:00:00,1552.0,1541.9055
2016-12-20 04:00:00,1580.0,1573.5924
2016-12-20 05:00:00,1642.0,1674.7128
2016-12-20 06:00:00,1777.0,1773.6895
2016-12-20 07:00:00,1871.0,1859.8024
2016-12-20 08:00:00,1880.0,1884.8645
2016-12-20 09:00:00,1865.0,1880.1064
2016-12-20 10:00:00,1855.0,1864.5956
2016-12-20 11:00:00,1816.0,1842.9751
2016-12-20 12:00:00,1784.0,1801.0261
2016-12-20 13:00:00,1755.0,1769.1554
2016-12-20 14:00:00,1733.0,1747.1167
2016-12-20 15:00:00,1725.0,1731.0696
2016-12-20 16:00:00,1753.0,1762.1554
2016-12-20 17:00:00,1888.0,1876.2517
2016-12-20 18:00:00,1914.0,1925.5271
2016-12-20 19:00:00,1903.0,1897.4977
2016-12-20 20:00:00,1868.0,1878.6633
2016-12-20 21:00:00,1806.0,1811.1736
2016-12-20 22:00:00,1727.0,1700.3395
2016-12-20 23:00:00,1613.0,1615.0428
2016-12-21 00:00:00,1495.0,1529.817
2016-12-21 01:00:00,1479.0,1445.0896
2016-12-21 02:00:00,1476.0,1449.4718
2016-12-21 03:00:00,1469.0,1476.9905
2016-12-21 04:00:00,1494.0,1502.2438
2016-12-21 05:00:00,1573.0,1566.4263
2016-12-21 06:00:00,1693.0,1714.2354
2016-12-21 07:00:00,1798.0,1778.3873
2016-12-21 08:00:00,1782.0,1815.7822
2016-12-21 09:00:00,1783.0,1784.243
2016-12-21 10:00:00,1774.0,1780.3062
2016-12-21 11:00:00,1768.0,1765.9186
2016-12-21 12:00:00,1749.0,1753.6222
2016-12-21 13:00:00,1733.0,1741.1254
2016-12-21 14:00:00,1742.0,1725.5204
2016-12-21 15:00:00,1722.0,1735.9114
2016-12-21 16:00:00,1760.0,1748.933
2016-12-21 17:00:00,1859.0,1884.8867
2016-12-21 18:00:00,1853.0,1880.8036
2016-12-21 19:00:00,1831.0,1830.4415
2016-12-21 20:00:00,1808.0,1805.3422
2016-12-21 21:00:00,1758.0,1749.0526
2016-12-21 22:00:00,1665.0,1664.9279
2016-12-21 23:00:00,1550.0,1564.264
2016-12-22 00:00:00,1452.0,1468.2432
2016-12-22 01:00:00,1407.0,1395.9552
2016-12-22 02:00:00,1385.0,1376.0079
2016-12-22 03:00:00,1362.0,1371.0676
2016-12-22 04:00:00,1388.0,1378.2902
2016-12-22 05:00:00,1459.0,1447.9663
2016-12-22 06:00:00,1584.0,1561.5468
2016-12-22 07:00:00,1666.0,1672.3435
2016-12-22 08:00:00,1687.0,1688.7339
2016-12-22 09:00:00,1716.0,1708.3345
2016-12-22 10:00:00,1738.0,1731.3885
2016-12-22 11:00:00,1728.0,1743.184
2016-12-22 12:00:00,1720.0,1720.585
2016-12-22 13:00:00,1722.0,1713.5228
2016-12-22 14:00:00,1714.0,1717.8021
2016-12-22 15:00:00,1710.0,1708.331
2016-12-22 16:00:00,1741.0,1739.5548
2016-12-22 17:00:00,1822.0,1843.6381
2016-12-22 18:00:00,1826.0,1828.4937
2016-12-22 19:00:00,1798.0,1800.0576
2016-12-22 20:00:00,1771.0,1771.3844
2016-12-22 21:00:00,1722.0,1712.8033
2016-12-22 22:00:00,1636.0,1625.1305
2016-12-22 23:00:00,1532.0,1528.152
2016-12-23 00:00:00,1445.0,1448.1523
2016-12-23 01:00:00,1378.0,1387.6553
2016-12-23 02:00:00,1360.0,1349.4934
2016-12-23 03:00:00,1353.0,1334.2957
2016-12-23 04:00:00,1382.0,1357.7783
2016-12-23 05:00:00,1445.0,1432.0066
2016-12-23 06:00:00,1533.0,1541.4188
2016-12-23 07:00:00,1605.0,1606.7235
2016-12-23 08:00:00,1625.0,1648.2089
2016-12-23 09:00:00,1662.0,1659.3549
2016-12-23 10:00:00,1673.0,1698.5828
2016-12-23 11:00:00,1653.0,1683.4647
2016-12-23 12:00:00,1625.0,1649.5115
2016-12-23 13:00:00,1615.0,1614.5176
2016-12-23 14:00:00,1607.0,1602.3877
2016-12-23 15:00:00,1593.0,1600.2026
2016-12-23 16:00:00,1655.0,1616.5688
2016-12-23 17:00:00,1746.0,1752.7197
2016-12-23 18:00:00,1739.0,1745.306
2016-12-23 19:00:00,1711.0,1712.7579
2016-12-23 20:00:00,1690.0,1685.637
2016-12-23 21:00:00,1643.0,1656.0831
2016-12-23 22:00:00,1565.0,1581.7136
2016-12-23 23:00:00,1462.0,1481.6553
2016-12-24 00:00:00,1389.0,1383.2313
2016-12-24 01:00:00,1336.0,1333.0863
2016-12-24 02:00:00,1289.0,1303.7036
2016-12-24 03:00:00,1270.0,1275.1802
2016-12-24 04:00:00,1271.0,1272.5973
2016-12-24 05:00:00,1287.0,1294.551
2016-12-24 06:00:00,1322.0,1320.2892
2016-12-24 07:00:00,1379.0,1353.3701
2016-12-24 08:00:00,1422.0,1426.2584
2016-12-24 09:00:00,1479.0,1460.619
2016-12-24 10:00:00,1529.0,1505.0792
2016-12-24 11:00:00,1551.0,1534.9714
2016-12-24 12:00:00,1546.0,1545.4429
2016-12-24 13:00:00,1532.0,1537.8965
2016-12-24 14:00:00,1527.0,1522.1804
2016-12-24 15:00:00,1498.0,1518.8856
2016-12-24 16:00:00,1525.0,1529.035
2016-12-24 17:00:00,1590.0,1614.8706
2016-12-24 18:00:00,1567.0,1608.5131
2016-12-24 19:00:00,1532.0,1564.4338
2016-12-24 20:00:00,1521.0,1521.7582
2016-12-24 21:00:00,1498.0,1508.5245
2016-12-24 22:00:00,1463.0,1440.4982
2016-12-24 23:00:00,1408.0,1388.66
2016-12-25 00:00:00,1350.0,1334.463
2016-12-25 01:00:00,1302.0,1297.7249
2016-12-25 02:00:00,1270.0,1272.1941
2016-12-25 03:00:00,1256.0,1254.6631
2016-12-25 04:00:00,1259.0,1249.5109
2016-12-25 05:00:00,1274.0,1273.3109
2016-12-25 06:00:00,1297.0,1292.258
2016-12-25 07:00:00,1327.0,1328.0092
2016-12-25 08:00:00,1368.0,1367.89
2016-12-25 09:00:00,1411.0,1400.9857
2016-12-25 10:00:00,1434.0,1431.598
2016-12-25 11:00:00,1437.0,1435.9114
2016-12-25 12:00:00,1431.0,1430.5499
2016-12-25 13:00:00,1420.0,1422.6194
2016-12-25 14:00:00,1397.0,1412.2068
2016-12-25 15:00:00,1370.0,1389.46
2016-12-25 16:00:00,1386.0,1387.9292
2016-12-25 17:00:00,1467.0,1441.669
2016-12-25 18:00:00,1490.0,1500.2
2016-12-25 19:00:00,1487.0,1517.5303
2016-12-25 20:00:00,1497.0,1513.4491
2016-12-25 21:00:00,1483.0,1495.2278
2016-12-25 22:00:00,1446.0,1428.7262
2016-12-25 23:00:00,1379.0,1377.1271
2016-12-26 00:00:00,1319.0,1311.7686
2016-12-26 01:00:00,1274.0,1278.8049
2016-12-26 02:00:00,1240.0,1255.4481
2016-12-26 03:00:00,1235.0,1239.9479
2016-12-26 04:00:00,1246.0,1245.1869
2016-12-26 05:00:00,1275.0,1304.4349
2016-12-26 06:00:00,1311.0,1366.1608
2016-12-26 07:00:00,1373.0,1390.9436
2016-12-26 08:00:00,1396.0,1430.1493
2016-12-26 09:00:00,1422.0,1448.2971
2016-12-26 10:00:00,1433.0,1472.825
2016-12-26 11:00:00,1439.0,1451.7225
2016-12-26 12:00:00,1441.0,1435.4102
2016-12-26 13:00:00,1445.0,1430.5245
2016-12-26 14:00:00,1438.0,1433.062
2016-12-26 15:00:00,1453.0,1427.8666
2016-12-26 16:00:00,1491.0,1475.5963
2016-12-26 17:00:00,1585.0,1579.3539
2016-12-26 18:00:00,1602.0,1611.6244
2016-12-26 19:00:00,1584.0,1601.4899
2016-12-26 20:00:00,1549.0,1585.6503
2016-12-26 21:00:00,1494.0,1536.4586
2016-12-26 22:00:00,1413.0,1433.4558
2016-12-26 23:00:00,1323.0,1344.6824
2016-12-27 00:00:00,1251.0,1250.9103
2016-12-27 01:00:00,1209.0,1214.4049
2016-12-27 02:00:00,1184.0,1193.3416
2016-12-27 03:00:00,1168.0,1183.1011
2016-12-27 04:00:00,1183.0,1190.8722
2016-12-27 05:00:00,1256.0,1224.6871
2016-12-27 06:00:00,1354.0,1360.3252
2016-12-27 07:00:00,1452.0,1438.4163
2016-12-27 08:00:00,1472.0,1511.5969
2016-12-27 09:00:00,1517.0,1531.3242
2016-12-27 10:00:00,1526.0,1557.8759
2016-12-27 11:00:00,1543.0,1545.872
2016-12-27 12:00:00,1535.0,1549.6656
2016-12-27 13:00:00,1536.0,1549.858
2016-12-27 14:00:00,1529.0,1547.9902
2016-12-27 15:00:00,1511.0,1531.138
2016-12-27 16:00:00,1549.0,1553.2559
2016-12-27 17:00:00,1669.0,1647.784
2016-12-27 18:00:00,1697.0,1687.2507
2016-12-27 19:00:00,1682.0,1685.2616
2016-12-27 20:00:00,1654.0,1657.1909
2016-12-27 21:00:00,1596.0,1609.6293
2016-12-27 22:00:00,1522.0,1501.1768
2016-12-27 23:00:00,1431.0,1421.291
2016-12-28 00:00:00,1359.0,1351.642
2016-12-28 01:00:00,1319.0,1318.8358
2016-12-28 02:00:00,1309.0,1296.2686
2016-12-28 03:00:00,1295.0,1301.5864
2016-12-28 04:00:00,1320.0,1322.0588
2016-12-28 05:00:00,1387.0,1391.4135
2016-12-28 06:00:00,1488.0,1505.33
2016-12-28 07:00:00,1579.0,1569.1768
2016-12-28 08:00:00,1606.0,1621.3533
2016-12-28 09:00:00,1644.0,1645.0186
2016-12-28 10:00:00,1655.0,1677.2092
2016-12-28 11:00:00,1638.0,1661.6202
2016-12-28 12:00:00,1620.0,1638.3911
2016-12-28 13:00:00,1597.0,1619.809
2016-12-28 14:00:00,1571.0,1594.0734
2016-12-28 15:00:00,1559.0,1568.9694
2016-12-28 16:00:00,1587.0,1586.8007
2016-12-28 17:00:00,1716.0,1652.1033
2016-12-28 18:00:00,1741.0,1722.4531
2016-12-28 19:00:00,1714.0,1730.4901
2016-12-28 20:00:00,1689.0,1686.706
2016-12-28 21:00:00,1639.0,1646.3358
2016-12-28 22:00:00,1557.0,1560.2489
2016-12-28 23:00:00,1467.0,1463.1139
2016-12-29 00:00:00,1397.0,1387.4962
2016-12-29 01:00:00,1352.0,1351.109
2016-12-29 02:00:00,1320.0,1332.3491
2016-12-29 03:00:00,1325.0,1307.4692
2016-12-29 04:00:00,1352.0,1335.7825
2016-12-29 05:00:00,1408.0,1424.4825
2016-12-29 06:00:00,1499.0,1531.3405
2016-12-29 07:00:00,1575.0,1583.2733
2016-12-29 08:00:00,1614.0,1604.7264
2016-12-29 09:00:00,1622.0,1638.0767
2016-12-29 10:00:00,1645.0,1639.7404
2016-12-29 11:00:00,1669.0,1653.5137
2016-12-29 12:00:00,1690.0,1671.5791
2016-12-29 13:00:00,1701.0,1685.5508
2016-12-29 14:00:00,1676.0,1689.8883
2016-12-29 15:00:00,1660.0,1669.568
2016-12-29 16:00:00,1649.0,1683.5754
2016-12-29 17:00:00,1754.0,1709.044
2016-12-29 18:00:00,1768.0,1757.4735
2016-12-29 19:00:00,1754.0,1740.1814
2016-12-29 20:00:00,1717.0,1716.2054
2016-12-29 21:00:00,1665.0,1666.0154
2016-12-29 22:00:00,1577.0,1572.0715
2016-12-29 23:00:00,1491.0,1485.7125
2016-12-30 00:00:00,1417.0,1409.141
2016-12-30 01:00:00,1389.0,1365.8223
2016-12-30 02:00:00,1373.0,1369.9133
2016-12-30 03:00:00,1366.0,1361.7306
2016-12-30 04:00:00,1389.0,1387.0221
2016-12-30 05:00:00,1445.0,1450.9564
2016-12-30 06:00:00,1549.0,1552.7177
2016-12-30 07:00:00,1613.0,1634.251
2016-12-30 08:00:00,1651.0,1640.6925
2016-12-30 09:00:00,1684.0,1668.1268
2016-12-30 10:00:00,1696.0,1697.2579
2016-12-30 11:00:00,1716.0,1702.7532
2016-12-30 12:00:00,1717.0,1707.5931
2016-12-30 13:00:00,1717.0,1706.7871
2016-12-30 14:00:00,1696.0,1698.2484
2016-12-30 15:00:00,1676.0,1681.3441
2016-12-30 16:00:00,1701.0,1692.3453
2016-12-30 17:00:00,1806.0,1792.4497
2016-12-30 18:00:00,1789.0,1802.7518
2016-12-30 19:00:00,1771.0,1762.9403
2016-12-30 20:00:00,1738.0,1721.9358
2016-12-30 21:00:00,1682.0,1681.896
2016-12-30 22:00:00,1613.0,1606.1115
2016-12-30 23:00:00,1517.0,1527.2814
2016-12-31 00:00:00,1451.0,1433.7295
2016-12-31 01:00:00,1427.0,1400.177
2016-12-31 02:00:00,1412.0,1402.0553
2016-12-31 03:00:00,1400.0,1402.7296
2016-12-31 04:00:00,1398.0,1412.4003
2016-12-31 05:00:00,1416.0,1429.2975
2016-12-31 06:00:00,1458.0,1459.9414
2016-12-31 07:00:00,1491.0,1492.7711
2016-12-31 08:00:00,1514.0,1526.3687
2016-12-31 09:00:00,1546.0,1551.7893
2016-12-31 10:00:00,1566.0,1560.7102
2016-12-31 11:00:00,1595.0,1569.5504
2016-12-31 12:00:00,1599.0,1579.5077
2016-12-31 13:00:00,1569.0,1582.0476
2016-12-31 14:00:00,1565.0,1554.489
2016-12-31 15:00:00,1576.0,1549.8575
2016-12-31 16:00:00,1631.0,1596.724
2016-12-31 17:00:00,1714.0,1705.0094
2016-12-31 18:00:00,1696.0,1725.3458
2016-12-31 19:00:00,1667.0,1680.4421
2016-12-31 20:00:00,1617.0,1643.1937
2016-12-31 21:00:00,1566.0,1590.8392
2016-12-31 22:00:00,1500.0,1495.1451
2016-12-31 23:00:00,1439.0,1434.0325
2017-01-01 00:00:00,1370.0,1342.8722
2017-01-01 01:00:00,1336.0,1317.4183
2017-01-01 02:00:00,1312.0,1295.325
2017-01-01 03:00:00,1288.0,1280.7
2017-01-01 04:00:00,1286.0,1281.3058
2017-01-01 05:00:00,1304.0,1290.9122
2017-01-01 06:00:00,1333.0,1318.6937
2017-01-01 07:00:00,1351.0,1347.2281
2017-01-01 08:00:00,1357.0,1381.7548
2017-01-01 09:00:00,1407.0,1379.8973
2017-01-01 10:00:00,1413.0,1426.0323
2017-01-01 11:00:00,1423.0,1420.3666
2017-01-01 12:00:00,1438.0,1432.0182
2017-01-01 13:00:00,1434.0,1435.3658
2017-01-01 14:00:00,1418.0,1427.2869
2017-01-01 15:00:00,1405.0,1411.8395
2017-01-01 16:00:00,1446.0,1420.4232
2017-01-01 17:00:00,1557.0,1505.9321
2017-01-01 18:00:00,1572.0,1579.6738
2017-01-01 19:00:00,1565.0,1561.2422
2017-01-01 20:00:00,1551.0,1552.9641
2017-01-01 21:00:00,1500.0,1521.4259
2017-01-01 22:00:00,1444.0,1434.7615
2017-01-01 23:00:00,1378.0,1361.1671
2017-01-02 00:00:00,1316.0,1309.8429
2017-01-02 01:00:00,1268.0,1279.6049
2017-01-02 02:00:00,1247.0,1246.4404
2017-01-02 03:00:00,1240.0,1240.8141
2017-01-02 04:00:00,1255.0,1246.8037
2017-01-02 05:00:00,1287.0,1314.2068
2017-01-02 06:00:00,1326.0,1404.311
2017-01-02 07:00:00,1377.0,1420.5912
2017-01-02 08:00:00,1402.0,1451.1754
2017-01-02 09:00:00,1444.0,1476.2023
2017-01-02 10:00:00,1477.0,1516.3105
2017-01-02 11:00:00,1498.0,1503.9052
2017-01-02 12:00:00,1501.0,1521.8228
2017-01-02 13:00:00,1499.0,1522.2157
2017-01-02 14:00:00,1499.0,1518.8568
2017-01-02 15:00:00,1502.0,1526.3339
2017-01-02 16:00:00,1545.0,1545.0116
2017-01-02 17:00:00,1638.0,1617.1857
2017-01-02 18:00:00,1628.0,1667.5319
2017-01-02 19:00:00,1617.0,1622.0513
2017-01-02 20:00:00,1571.0,1618.4034
2017-01-02 21:00:00,1518.0,1539.3297
2017-01-02 22:00:00,1435.0,1441.5265
2017-01-02 23:00:00,1340.0,1357.8354
2017-01-03 00:00:00,1279.0,1275.8282
2017-01-03 01:00:00,1241.0,1240.1534
2017-01-03 02:00:00,1227.0,1228.2084
2017-01-03 03:00:00,1225.0,1224.2355
2017-01-03 04:00:00,1245.0,1247.7517
2017-01-03 05:00:00,1326.0,1313.7539
2017-01-03 06:00:00,1465.0,1465.8495
2017-01-03 07:00:00,1559.0,1554.9757
2017-01-03 08:00:00,1575.0,1607.0421
2017-01-03 09:00:00,1591.0,1616.9796
2017-01-03 10:00:00,1638.0,1622.5332
2017-01-03 11:00:00,1632.0,1654.9186
2017-01-03 12:00:00,1637.0,1634.0472
2017-01-03 13:00:00,1625.0,1636.4799
2017-01-03 14:00:00,1622.0,1618.3656
2017-01-03 15:00:00,1634.0,1619.6571
2017-01-03 16:00:00,1660.0,1649.5803
2017-01-03 17:00:00,1694.0,1712.774
2017-01-03 18:00:00,1704.0,1709.7526
2017-01-03 19:00:00,1666.0,1698.2284
2017-01-03 20:00:00,1619.0,1662.8505
2017-01-03 21:00:00,1565.0,1589.2129
2017-01-03 22:00:00,1465.0,1459.0984
2017-01-03 23:00:00,1389.0,1373.4663
2017-01-04 00:00:00,1315.0,1315.6595
2017-01-04 01:00:00,1283.0,1277.234
2017-01-04 02:00:00,1273.0,1265.1425
2017-01-04 03:00:00,1262.0,1265.5994
2017-01-04 04:00:00,1289.0,1283.288
2017-01-04 05:00:00,1389.0,1368.6013
2017-01-04 06:00:00,1514.0,1518.9155
2017-01-04 07:00:00,1625.0,1609.4918
2017-01-04 08:00:00,1652.0,1648.2532
2017-01-04 09:00:00,1677.0,1669.0739
2017-01-04 10:00:00,1690.0,1693.7828
2017-01-04 11:00:00,1693.0,1697.4467
2017-01-04 12:00:00,1680.0,1693.0388
2017-01-04 13:00:00,1681.0,1677.4106
2017-01-04 14:00:00,1686.0,1668.9194
2017-01-04 15:00:00,1684.0,1677.198
2017-01-04 16:00:00,1729.0,1688.9218
2017-01-04 17:00:00,1853.0,1789.2136
2017-01-04 18:00:00,1885.0,1867.1245
2017-01-04 19:00:00,1877.0,1859.304
2017-01-04 20:00:00,1841.0,1847.2971
2017-01-04 21:00:00,1774.0,1794.3622
2017-01-04 22:00:00,1683.0,1671.456
2017-01-04 23:00:00,1610.0,1587.7833
2017-01-05 00:00:00,1538.0,1534.1616
2017-01-05 01:00:00,1495.0,1499.25
2017-01-05 02:00:00,1468.0,1477.0315
2017-01-05 03:00:00,1474.0,1455.6057
2017-01-05 04:00:00,1509.0,1491.306
2017-01-05 05:00:00,1594.0,1594.4258
2017-01-05 06:00:00,1727.0,1725.1256
2017-01-05 07:00:00,1817.0,1799.0895
2017-01-05 08:00:00,1833.0,1844.8206
2017-01-05 09:00:00,1841.0,1846.3219
2017-01-05 10:00:00,1845.0,1843.6217
2017-01-05 11:00:00,1853.0,1831.9545
2017-01-05 12:00:00,1850.0,1843.4121
2017-01-05 13:00:00,1848.0,1839.3862
2017-01-05 14:00:00,1853.0,1829.7119
2017-01-05 15:00:00,1856.0,1839.5831
2017-01-05 16:00:00,1874.0,1872.9076
2017-01-05 17:00:00,1946.0,1960.9612
2017-01-05 18:00:00,1965.0,1973.667
2017-01-05 19:00:00,1934.0,1935.8684
2017-01-05 20:00:00,1902.0,1896.5721
2017-01-05 21:00:00,1821.0,1842.7688
2017-01-05 22:00:00,1727.0,1720.4867
2017-01-05 23:00:00,1632.0,1630.285
2017-01-06 00:00:00,1561.0,1555.4292
2017-01-06 01:00:00,1522.0,1525.3447
2017-01-06 02:00:00,1530.0,1504.9406
2017-01-06 03:00:00,1518.0,1516.9943
2017-01-06 04:00:00,1566.0,1540.6084
2017-01-06 05:00:00,1635.0,1654.9117
2017-01-06 06:00:00,1764.0,1768.3073
2017-01-06 07:00:00,1853.0,1842.8488
2017-01-06 08:00:00,1871.0,1865.2031
2017-01-06 09:00:00,1876.0,1874.3269
2017-01-06 10:00:00,1894.0,1876.8611
2017-01-06 11:00:00,1883.0,1883.4491
2017-01-06 12:00:00,1878.0,1872.1072
2017-01-06 13:00:00,1865.0,1862.3293
2017-01-06 14:00:00,1842.0,1847.166
2017-01-06 15:00:00,1831.0,1826.2681
2017-01-06 16:00:00,1850.0,1836.0991
2017-01-06 17:00:00,1938.0,1917.1516
2017-01-06 18:00:00,1960.0,1952.122
2017-01-06 19:00:00,1945.0,1922.6533
2017-01-06 20:00:00,1922.0,1897.3783
2017-01-06 21:00:00,1860.0,1858.1545
2017-01-06 22:00:00,1782.0,1763.3646
2017-01-06 23:00:00,1705.0,1686.0085
2017-01-07 00:00:00,1647.0,1619.1398
2017-01-07 01:00:00,1594.0,1605.7297
2017-01-07 02:00:00,1584.0,1574.9912
2017-01-07 03:00:00,1589.0,1577.1056
2017-01-07 04:00:00,1592.0,1598.9652
2017-01-07 05:00:00,1613.0,1621.0529
2017-01-07 06:00:00,1667.0,1659.2773
2017-01-07 07:00:00,1716.0,1706.2546
2017-01-07 08:00:00,1754.0,1743.8499
2017-01-07 09:00:00,1799.0,1767.5293
2017-01-07 10:00:00,1808.0,1809.0271
2017-01-07 11:00:00,1810.0,1798.491
2017-01-07 12:00:00,1795.0,1792.0785
2017-01-07 13:00:00,1781.0,1773.2595
2017-01-07 14:00:00,1791.0,1761.8925
2017-01-07 15:00:00,1792.0,1779.7275
2017-01-07 16:00:00,1812.0,1816.2482
2017-01-07 17:00:00,1903.0,1897.57
2017-01-07 18:00:00,1938.0,1926.7517
2017-01-07 19:00:00,1920.0,1907.4565
2017-01-07 20:00:00,1908.0,1894.7455
2017-01-07 21:00:00,1871.0,1859.6809
2017-01-07 22:00:00,1803.0,1799.636
2017-01-07 23:00:00,1735.0,1723.5447
2017-01-08 00:00:00,1672.0,1663.465
2017-01-08 01:00:00,1630.0,1626.0101
2017-01-08 02:00:00,1596.0,1610.624
2017-01-08 03:00:00,1604.0,1584.8177
2017-01-08 04:00:00,1607.0,1611.4546
2017-01-08 05:00:00,1641.0,1637.4733
2017-01-08 06:00:00,1677.0,1691.3141
2017-01-08 07:00:00,1734.0,1698.2018
2017-01-08 08:00:00,1763.0,1771.7222
2017-01-08 09:00:00,1804.0,1784.9882
2017-01-08 10:00:00,1822.0,1821.6432
2017-01-08 11:00:00,1832.0,1827.7634
2017-01-08 12:00:00,1837.0,1829.8142
2017-01-08 13:00:00,1827.0,1831.1854
2017-01-08 14:00:00,1832.0,1814.8534
2017-01-08 15:00:00,1831.0,1827.6256
2017-01-08 16:00:00,1861.0,1855.3193
2017-01-08 17:00:00,1954.0,1962.51
2017-01-08 18:00:00,1967.0,1987.912
2017-01-08 19:00:00,1961.0,1948.2278
2017-01-08 20:00:00,1931.0,1941.8186
2017-01-08 21:00:00,1906.0,1904.8025
2017-01-08 22:00:00,1816.0,1829.0637
2017-01-08 23:00:00,1728.0,1734.8849
2017-01-09 00:00:00,1681.0,1661.0067
2017-01-09 01:00:00,1653.0,1643.8278
2017-01-09 02:00:00,1642.0,1646.7437
2017-01-09 03:00:00,1643.0,1642.2241
2017-01-09 04:00:00,1672.0,1654.3159
2017-01-09 05:00:00,1738.0,1733.3434
2017-01-09 06:00:00,1867.0,1862.4396
2017-01-09 07:00:00,1949.0,1946.5602
2017-01-09 08:00:00,1973.0,1981.518
2017-01-09 09:00:00,2003.0,1984.3086
2017-01-09 10:00:00,2012.0,2013.0298
2017-01-09 11:00:00,2008.0,2009.3661
2017-01-09 12:00:00,1984.0,1988.8644
2017-01-09 13:00:00,1944.0,1964.2882
2017-01-09 14:00:00,1896.0,1925.4906
2017-01-09 15:00:00,1879.0,1878.7113
2017-01-09 16:00:00,1894.0,1898.3922
2017-01-09 17:00:00,1974.0,1983.8531
2017-01-09 18:00:00,1984.0,2021.9973
2017-01-09 19:00:00,1952.0,1969.0748
2017-01-09 20:00:00,1909.0,1924.2501
2017-01-09 21:00:00,1825.0,1856.6147
2017-01-09 22:00:00,1732.0,1729.7162
2017-01-09 23:00:00,1627.0,1623.0917
2017-01-10 00:00:00,1553.0,1553.7076
2017-01-10 01:00:00,1513.0,1515.0892
2017-01-10 02:00:00,1484.0,1495.5789
2017-01-10 03:00:00,1484.0,1487.8928
2017-01-10 04:00:00,1499.0,1499.7238
2017-01-10 05:00:00,1587.0,1572.6818
2017-01-10 06:00:00,1712.0,1719.6978
2017-01-10 07:00:00,1790.0,1797.1953
2017-01-10 08:00:00,1793.0,1842.9879
2017-01-10 09:00:00,1806.0,1823.3003
2017-01-10 10:00:00,1816.0,1819.17
2017-01-10 11:00:00,1830.0,1813.2365
2017-01-10 12:00:00,1822.0,1823.3228
2017-01-10 13:00:00,1809.0,1820.8673
2017-01-10 14:00:00,1782.0,1801.6252
2017-01-10 15:00:00,1772.0,1777.1803
2017-01-10 16:00:00,1796.0,1788.752
2017-01-10 17:00:00,1852.0,1880.7716
2017-01-10 18:00:00,1817.0,1891.4552
2017-01-10 19:00:00,1779.0,1799.1721
2017-01-10 20:00:00,1726.0,1757.7285
2017-01-10 21:00:00,1642.0,1684.3477
2017-01-10 22:00:00,1534.0,1541.9385
2017-01-10 23:00:00,1451.0,1443.1523
2017-01-11 00:00:00,1374.0,1370.1879
2017-01-11 01:00:00,1321.0,1336.9302
2017-01-11 02:00:00,1309.0,1308.9
2017-01-11 03:00:00,1297.0,1299.5249
2017-01-11 04:00:00,1327.0,1307.9486
2017-01-11 05:00:00,1406.0,1392.1522
2017-01-11 06:00:00,1537.0,1525.399
2017-01-11 07:00:00,1636.0,1630.4425
2017-01-11 08:00:00,1649.0,1675.6545
2017-01-11 09:00:00,1647.0,1677.0164
2017-01-11 10:00:00,1655.0,1683.2657
2017-01-11 11:00:00,1650.0,1665.5413
2017-01-11 12:00:00,1622.0,1645.3787
2017-01-11 13:00:00,1615.0,1618.1256
2017-01-11 14:00:00,1572.0,1607.4493
2017-01-11 15:00:00,1572.0,1569.3081
2017-01-11 16:00:00,1604.0,1594.2188
2017-01-11 17:00:00,1680.0,1655.536
2017-01-11 18:00:00,1690.0,1707.5846
2017-01-11 19:00:00,1656.0,1674.031
2017-01-11 20:00:00,1630.0,1642.5044
2017-01-11 21:00:00,1559.0,1595.2155
2017-01-11 22:00:00,1470.0,1483.4537
2017-01-11 23:00:00,1375.0,1390.2062
2017-01-12 00:00:00,1315.0,1316.2737
2017-01-12 01:00:00,1272.0,1278.3456
2017-01-12 02:00:00,1247.0,1255.9004
2017-01-12 03:00:00,1250.0,1250.8483
2017-01-12 04:00:00,1273.0,1270.1349
2017-01-12 05:00:00,1337.0,1345.4863
2017-01-12 06:00:00,1473.0,1472.7333
2017-01-12 07:00:00,1557.0,1559.8783
2017-01-12 08:00:00,1575.0,1606.7668
2017-01-12 09:00:00,1581.0,1612.3328
2017-01-12 10:00:00,1588.0,1613.7296
2017-01-12 11:00:00,1601.0,1601.4109
2017-01-12 12:00:00,1610.0,1606.0729
2017-01-12 13:00:00,1611.0,1613.3506
2017-01-12 14:00:00,1592.0,1616.1652
2017-01-12 15:00:00,1589.0,1594.5835
2017-01-12 16:00:00,1619.0,1607.504
2017-01-12 17:00:00,1648.0,1677.3047
2017-01-12 18:00:00,1645.0,1675.0864
2017-01-12 19:00:00,1616.0,1634.509
2017-01-12 20:00:00,1594.0,1602.028
2017-01-12 21:00:00,1529.0,1570.2721
2017-01-12 22:00:00,1458.0,1446.68
2017-01-12 23:00:00,1368.0,1372.3007
2017-01-13 00:00:00,1311.0,1308.6692
2017-01-13 01:00:00,1297.0,1277.833
2017-01-13 02:00:00,1284.0,1283.2181
2017-01-13 03:00:00,1282.0,1285.6958
2017-01-13 04:00:00,1335.0,1306.5177
2017-01-13 05:00:00,1409.0,1410.3635
2017-01-13 06:00:00,1546.0,1541.5486
2017-01-13 07:00:00,1650.0,1641.0118
2017-01-13 08:00:00,1663.0,1685.8429
2017-01-13 09:00:00,1690.0,1690.6522
2017-01-13 10:00:00,1699.0,1710.8018
2017-01-13 11:00:00,1661.0,1704.1466
2017-01-13 12:00:00,1664.0,1660.9465
2017-01-13 13:00:00,1648.0,1661.5009
2017-01-13 14:00:00,1633.0,1634.4941
2017-01-13 15:00:00,1633.0,1626.3215
2017-01-13 16:00:00,1652.0,1652.2892
2017-01-13 17:00:00,1727.0,1703.901
2017-01-13 18:00:00,1725.0,1752.2627
2017-01-13 19:00:00,1708.0,1702.5608
2017-01-13 20:00:00,1681.0,1686.5809
2017-01-13 21:00:00,1632.0,1647.5082
2017-01-13 22:00:00,1568.0,1545.5533
2017-01-13 23:00:00,1478.0,1480.4507
2017-01-14 00:00:00,1413.0,1420.6418
2017-01-14 01:00:00,1383.0,1373.7705
2017-01-14 02:00:00,1380.0,1367.6519
2017-01-14 03:00:00,1364.0,1369.271
2017-01-14 04:00:00,1375.0,1380.2715
2017-01-14 05:00:00,1406.0,1408.7772
2017-01-14 06:00:00,1446.0,1457.315
2017-01-14 07:00:00,1496.0,1485.86
2017-01-14 08:00:00,1539.0,1537.1428
2017-01-14 09:00:00,1596.0,1576.8231
2017-01-14 10:00:00,1642.0,1625.6676
2017-01-14 11:00:00,1621.0,1656.3625
2017-01-14 12:00:00,1615.0,1625.3939
2017-01-14 13:00:00,1591.0,1610.0635
2017-01-14 14:00:00,1581.0,1588.931
2017-01-14 15:00:00,1588.0,1575.5323
2017-01-14 16:00:00,1607.0,1615.562
2017-01-14 17:00:00,1688.0,1669.4922
2017-01-14 18:00:00,1682.0,1723.8541
2017-01-14 19:00:00,1662.0,1666.6566
2017-01-14 20:00:00,1631.0,1657.811
2017-01-14 21:00:00,1601.0,1600.9402
2017-01-14 22:00:00,1529.0,1536.2487
2017-01-14 23:00:00,1456.0,1458.6212
2017-01-15 00:00:00,1399.0,1395.7098
2017-01-15 01:00:00,1371.0,1357.9967
2017-01-15 02:00:00,1367.0,1354.0181
2017-01-15 03:00:00,1349.0,1353.7743
2017-01-15 04:00:00,1359.0,1360.4807
2017-01-15 05:00:00,1385.0,1390.3302
2017-01-15 06:00:00,1426.0,1430.4417
2017-01-15 07:00:00,1467.0,1470.0464
2017-01-15 08:00:00,1505.0,1510.71
2017-01-15 09:00:00,1540.0,1536.9723
2017-01-15 10:00:00,1547.0,1562.3783
2017-01-15 11:00:00,1544.0,1562.4705
2017-01-15 12:00:00,1548.0,1543.6245
2017-01-15 13:00:00,1544.0,1548.8464
2017-01-15 14:00:00,1545.0,1539.3823
2017-01-15 15:00:00,1535.0,1551.3461
2017-01-15 16:00:00,1565.0,1577.7094
2017-01-15 17:00:00,1659.0,1642.001
2017-01-15 18:00:00,1688.0,1704.0891
2017-01-15 19:00:00,1684.0,1680.337
2017-01-15 20:00:00,1666.0,1672.5662
2017-01-15 21:00:00,1605.0,1636.805
2017-01-15 22:00:00,1558.0,1545.2487
2017-01-15 23:00:00,1510.0,1482.5148
2017-01-16 00:00:00,1470.0,1462.1165
2017-01-16 01:00:00,1423.0,1443.5847
2017-01-16 02:00:00,1404.0,1419.6908
2017-01-16 03:00:00,1397.0,1412.005
2017-01-16 04:00:00,1423.0,1432.0131
2017-01-16 05:00:00,1485.0,1507.3896
2017-01-16 06:00:00,1569.0,1620.5648
2017-01-16 07:00:00,1669.0,1662.8192
2017-01-16 08:00:00,1699.0,1703.0106
2017-01-16 09:00:00,1737.0,1727.101
2017-01-16 10:00:00,1757.0,1756.3348
2017-01-16 11:00:00,1758.0,1764.5352
2017-01-16 12:00:00,1722.0,1752.204
2017-01-16 13:00:00,1732.0,1718.5789
2017-01-16 14:00:00,1706.0,1716.5758
2017-01-16 15:00:00,1698.0,1699.6743
2017-01-16 16:00:00,1724.0,1707.4708
2017-01-16 17:00:00,1778.0,1797.1066
2017-01-16 18:00:00,1793.0,1812.9839
2017-01-16 19:00:00,1738.0,1778.6305
2017-01-16 20:00:00,1718.0,1729.4146
2017-01-16 21:00:00,1645.0,1667.5206
2017-01-16 22:00:00,1536.0,1542.7056
2017-01-16 23:00:00,1455.0,1434.3337
2017-01-17 00:00:00,1398.0,1383.3395
2017-01-17 01:00:00,1348.0,1360.8881
2017-01-17 02:00:00,1324.0,1334.5735
2017-01-17 03:00:00,1322.0,1325.814
2017-01-17 04:00:00,1349.0,1343.2953
2017-01-17 05:00:00,1430.0,1437.9213
2017-01-17 06:00:00,1539.0,1582.1105
2017-01-17 07:00:00,1610.0,1646.5762
2017-01-17 08:00:00,1623.0,1652.3904
2017-01-17 09:00:00,1638.0,1660.7108
2017-01-17 10:00:00,1643.0,1668.6143
2017-01-17 11:00:00,1644.0,1650.2401
2017-01-17 12:00:00,1625.0,1641.5355
2017-01-17 13:00:00,1621.0,1623.115
2017-01-17 14:00:00,1594.0,1614.7645
2017-01-17 15:00:00,1572.0,1588.7406
2017-01-17 16:00:00,1598.0,1590.1025
2017-01-17 17:00:00,1631.0,1651.3333
2017-01-17 18:00:00,1640.0,1654.5758
2017-01-17 19:00:00,1606.0,1637.688
2017-01-17 20:00:00,1563.0,1607.5903
2017-01-17 21:00:00,1491.0,1536.9249
2017-01-17 22:00:00,1393.0,1411.3821
2017-01-17 23:00:00,1311.0,1320.7147
2017-01-18 00:00:00,1255.0,1249.0021
2017-01-18 01:00:00,1232.0,1226.3074
2017-01-18 02:00:00,1214.0,1223.727
2017-01-18 03:00:00,1198.0,1214.5331
2017-01-18 04:00:00,1227.0,1231.3181
2017-01-18 05:00:00,1323.0,1296.1128
2017-01-18 06:00:00,1455.0,1450.8896
2017-01-18 07:00:00,1550.0,1542.9418
2017-01-18 08:00:00,1572.0,1597.0392
2017-01-18 09:00:00,1601.0,1606.0684
2017-01-18 10:00:00,1646.0,1629.5775
2017-01-18 11:00:00,1652.0,1666.3015
2017-01-18 12:00:00,1652.0,1657.6769
2017-01-18 13:00:00,1660.0,1652.4132
2017-01-18 14:00:00,1657.0,1657.4897
2017-01-18 15:00:00,1646.0,1647.775
2017-01-18 16:00:00,1665.0,1657.5487
2017-01-18 17:00:00,1714.0,1708.8408
2017-01-18 18:00:00,1711.0,1731.7201
2017-01-18 19:00:00,1685.0,1697.0822
2017-01-18 20:00:00,1651.0,1675.3506
2017-01-18 21:00:00,1587.0,1609.5702
2017-01-18 22:00:00,1499.0,1488.0724
2017-01-18 23:00:00,1392.0,1407.8666
2017-01-19 00:00:00,1339.0,1319.7181
2017-01-19 01:00:00,1303.0,1287.1311
2017-01-19 02:00:00,1286.0,1282.1915
2017-01-19 03:00:00,1283.0,1285.39
2017-01-19 04:00:00,1319.0,1301.9115
2017-01-19 05:00:00,1397.0,1393.3293
2017-01-19 06:00:00,1516.0,1536.6254
2017-01-19 07:00:00,1598.0,1616.4835
2017-01-19 08:00:00,1616.0,1638.5917
2017-01-19 09:00:00,1639.0,1645.4004
2017-01-19 10:00:00,1655.0,1660.223
2017-01-19 11:00:00,1661.0,1661.699
2017-01-19 12:00:00,1651.0,1664.3976
2017-01-19 13:00:00,1640.0,1647.4216
2017-01-19 14:00:00,1620.0,1628.8179
2017-01-19 15:00:00,1615.0,1613.0405
2017-01-19 16:00:00,1612.0,1623.426
2017-01-19 17:00:00,1679.0,1648.8888
2017-01-19 18:00:00,1716.0,1706.5778
2017-01-19 19:00:00,1711.0,1698.8805
2017-01-19 20:00:00,1681.0,1703.2443
2017-01-19 21:00:00,1632.0,1632.8949
2017-01-19 22:00:00,1527.0,1535.352
2017-01-19 23:00:00,1431.0,1434.7749
2017-01-20 00:00:00,1374.0,1360.0638
2017-01-20 01:00:00,1339.0,1335.7758
2017-01-20 02:00:00,1323.0,1322.9683
2017-01-20 03:00:00,1332.0,1322.8629
2017-01-20 04:00:00,1344.0,1345.39
2017-01-20 05:00:00,1415.0,1413.2075
2017-01-20 06:00:00,1544.0,1551.5632
2017-01-20 07:00:00,1639.0,1631.6647
2017-01-20 08:00:00,1659.0,1671.0806
2017-01-20 09:00:00,1687.0,1679.7662
2017-01-20 10:00:00,1683.0,1707.5597
2017-01-20 11:00:00,1663.0,1685.4758
2017-01-20 12:00:00,1645.0,1663.1626
2017-01-20 13:00:00,1627.0,1636.5264
2017-01-20 14:00:00,1606.0,1611.0968
2017-01-20 15:00:00,1575.0,1597.1334
2017-01-20 16:00:00,1568.0,1582.8518
2017-01-20 17:00:00,1617.0,1610.1031
2017-01-20 18:00:00,1614.0,1642.4448
2017-01-20 19:00:00,1575.0,1603.2753
2017-01-20 20:00:00,1535.0,1577.7032
2017-01-20 21:00:00,1483.0,1514.0236
2017-01-20 22:00:00,1418.0,1413.682
2017-01-20 23:00:00,1342.0,1343.6366
2017-01-21 00:00:00,1287.0,1273.2443
2017-01-21 01:00:00,1255.0,1247.8467
2017-01-21 02:00:00,1231.0,1233.2439
2017-01-21 03:00:00,1222.0,1222.2113
2017-01-21 04:00:00,1229.0,1222.2516
2017-01-21 05:00:00,1245.0,1253.7784
2017-01-21 06:00:00,1306.0,1293.0979
2017-01-21 07:00:00,1354.0,1342.2101
2017-01-21 08:00:00,1382.0,1398.6261
2017-01-21 09:00:00,1413.0,1424.1812
2017-01-21 10:00:00,1421.0,1428.2502
2017-01-21 11:00:00,1429.0,1424.8542
2017-01-21 12:00:00,1407.0,1422.2933
2017-01-21 13:00:00,1410.0,1392.4025
2017-01-21 14:00:00,1389.0,1397.2911
2017-01-21 15:00:00,1378.0,1381.7665
2017-01-21 16:00:00,1382.0,1387.8318
2017-01-21 17:00:00,1466.0,1420.2815
2017-01-21 18:00:00,1498.0,1503.9612
2017-01-21 19:00:00,1472.0,1521.9496
2017-01-21 20:00:00,1448.0,1490.5481
2017-01-21 21:00:00,1398.0,1441.3524
2017-01-21 22:00:00,1340.0,1339.8656
2017-01-21 23:00:00,1284.0,1279.5286
2017-01-22 00:00:00,1230.0,1221.9888
2017-01-22 01:00:00,1187.0,1186.9358
2017-01-22 02:00:00,1170.0,1162.6075
2017-01-22 03:00:00,1163.0,1156.77
2017-01-22 04:00:00,1154.0,1154.5131
2017-01-22 05:00:00,1164.0,1171.9484
2017-01-22 06:00:00,1194.0,1186.7587
2017-01-22 07:00:00,1226.0,1217.6138
2017-01-22 08:00:00,1258.0,1272.1039
2017-01-22 09:00:00,1318.0,1311.8289
2017-01-22 10:00:00,1340.0,1342.8098
2017-01-22 11:00:00,1354.0,1358.537
2017-01-22 12:00:00,1375.0,1364.8947
2017-01-22 13:00:00,1371.0,1372.7421
2017-01-22 14:00:00,1364.0,1363.3186
2017-01-22 15:00:00,1360.0,1360.1835
2017-01-22 16:00:00,1386.0,1365.356
2017-01-22 17:00:00,1447.0,1420.6165
2017-01-22 18:00:00,1480.0,1481.7605
2017-01-22 19:00:00,1423.0,1487.5684
2017-01-22 20:00:00,1410.0,1459.9869
2017-01-22 21:00:00,1357.0,1418.897
2017-01-22 22:00:00,1316.0,1305.5361
2017-01-22 23:00:00,1232.0,1267.4656
2017-01-23 00:00:00,1183.0,1180.9187
2017-01-23 01:00:00,1162.0,1153.0363
2017-01-23 02:00:00,1144.0,1149.9512
2017-01-23 03:00:00,1155.0,1158.9503
2017-01-23 04:00:00,1180.0,1177.6971
2017-01-23 05:00:00,1257.0,1251.684
2017-01-23 06:00:00,1387.0,1413.1107
2017-01-23 07:00:00,1490.0,1486.8771
2017-01-23 08:00:00,1513.0,1543.1534
2017-01-23 09:00:00,1543.0,1566.6879
2017-01-23 10:00:00,1565.0,1575.002
2017-01-23 11:00:00,1590.0,1578.063
2017-01-23 12:00:00,1613.0,1580.5359
2017-01-23 13:00:00,1619.0,1613.5303
2017-01-23 14:00:00,1630.0,1621.8508
2017-01-23 15:00:00,1627.0,1628.018
2017-01-23 16:00:00,1669.0,1631.3247
2017-01-23 17:00:00,1724.0,1700.0759
2017-01-23 18:00:00,1737.0,1740.7549
2017-01-23 19:00:00,1721.0,1727.356
2017-01-23 20:00:00,1686.0,1715.7383
2017-01-23 21:00:00,1617.0,1652.635
2017-01-23 22:00:00,1529.0,1511.7402
2017-01-23 23:00:00,1437.0,1415.4559
2017-01-24 00:00:00,1364.0,1365.0735
2017-01-24 01:00:00,1340.0,1320.7885
2017-01-24 02:00:00,1318.0,1322.4072
2017-01-24 03:00:00,1308.0,1306.5023
2017-01-24 04:00:00,1347.0,1330.2062
2017-01-24 05:00:00,1408.0,1421.8396
2017-01-24 06:00:00,1548.0,1553.7074
2017-01-24 07:00:00,1636.0,1644.6074
2017-01-24 08:00:00,1664.0,1662.3918
2017-01-24 09:00:00,1680.0,1688.5139
2017-01-24 10:00:00,1687.0,1696.9855
2017-01-24 11:00:00,1687.0,1694.5658
2017-01-24 12:00:00,1707.0,1684.5736
2017-01-24 13:00:00,1691.0,1702.5088
2017-01-24 14:00:00,1680.0,1678.2947
2017-01-24 15:00:00,1671.0,1665.1304
2017-01-24 16:00:00,1699.0,1672.5103
2017-01-24 17:00:00,1745.0,1744.2737
2017-01-24 18:00:00,1748.0,1768.3434
2017-01-24 19:00:00,1729.0,1743.8334
2017-01-24 20:00:00,1665.0,1734.1813
2017-01-24 21:00:00,1612.0,1624.7292
2017-01-24 22:00:00,1505.0,1505.6677
2017-01-24 23:00:00,1427.0,1406.9766
2017-01-25 00:00:00,1374.0,1343.517
2017-01-25 01:00:00,1318.0,1330.4305
2017-01-25 02:00:00,1305.0,1305.033
2017-01-25 03:00:00,1309.0,1295.8501
2017-01-25 04:00:00,1339.0,1324.8544
2017-01-25 05:00:00,1427.0,1412.8755
2017-01-25 06:00:00,1552.0,1570.4379
2017-01-25 07:00:00,1645.0,1645.3922
2017-01-25 08:00:00,1644.0,1678.1224
2017-01-25 09:00:00,1643.0,1664.7742
2017-01-25 10:00:00,1664.0,1661.7616
2017-01-25 11:00:00,1637.0,1675.31
2017-01-25 12:00:00,1604.0,1636.9475
2017-01-25 13:00:00,1594.0,1603.853
2017-01-25 14:00:00,1580.0,1588.8339
2017-01-25 15:00:00,1582.0,1572.5745
2017-01-25 16:00:00,1598.0,1591.7777
2017-01-25 17:00:00,1663.0,1636.3312
2017-01-25 18:00:00,1682.0,1695.7532
2017-01-25 19:00:00,1635.0,1662.893
2017-01-25 20:00:00,1599.0,1631.3052
2017-01-25 21:00:00,1534.0,1565.7056
2017-01-25 22:00:00,1434.0,1450.7079
2017-01-25 23:00:00,1360.0,1353.0104
2017-01-26 00:00:00,1290.0,1288.6523
2017-01-26 01:00:00,1268.0,1250.145
2017-01-26 02:00:00,1250.0,1249.491
2017-01-26 03:00:00,1251.0,1251.5419
2017-01-26 04:00:00,1287.0,1270.777
2017-01-26 05:00:00,1377.0,1364.6499
2017-01-26 06:00:00,1533.0,1505.2932
2017-01-26 07:00:00,1613.0,1606.9233
2017-01-26 08:00:00,1637.0,1629.2565
2017-01-26 09:00:00,1667.0,1652.3811
2017-01-26 10:00:00,1697.0,1685.5665
2017-01-26 11:00:00,1700.0,1704.1115
2017-01-26 12:00:00,1714.0,1702.6799
2017-01-26 13:00:00,1690.0,1715.7079
2017-01-26 14:00:00,1672.0,1681.3639
2017-01-26 15:00:00,1669.0,1658.5457
2017-01-26 16:00:00,1688.0,1670.9368
2017-01-26 17:00:00,1755.0,1704.5576
2017-01-26 18:00:00,1776.0,1760.0941
2017-01-26 19:00:00,1756.0,1747.9149
2017-01-26 20:00:00,1720.0,1735.212
2017-01-26 21:00:00,1654.0,1666.2848
2017-01-26 22:00:00,1558.0,1542.1687
2017-01-26 23:00:00,1491.0,1448.8591
2017-01-27 00:00:00,1420.0,1418.7665
2017-01-27 01:00:00,1376.0,1381.2861
2017-01-27 02:00:00,1361.0,1362.1187
2017-01-27 03:00:00,1378.0,1351.7783
2017-01-27 04:00:00,1402.0,1400.6975
2017-01-27 05:00:00,1499.0,1471.7703
2017-01-27 06:00:00,1604.0,1641.814
2017-01-27 07:00:00,1702.0,1681.4219
2017-01-27 08:00:00,1731.0,1733.0115
2017-01-27 09:00:00,1740.0,1755.0851
2017-01-27 10:00:00,1762.0,1751.9036
2017-01-27 11:00:00,1773.0,1752.2074
2017-01-27 12:00:00,1750.0,1766.8691
2017-01-27 13:00:00,1759.0,1740.6648
2017-01-27 14:00:00,1733.0,1738.0089
2017-01-27 15:00:00,1737.0,1716.9963
2017-01-27 16:00:00,1735.0,1741.242
2017-01-27 17:00:00,1772.0,1777.377
2017-01-27 18:00:00,1785.0,1799.991
2017-01-27 19:00:00,1737.0,1763.722
2017-01-27 20:00:00,1719.0,1728.1863
2017-01-27 21:00:00,1637.0,1664.9089
2017-01-27 22:00:00,1571.0,1550.0376
2017-01-27 23:00:00,1487.0,1472.4967
2017-01-28 00:00:00,1439.0,1409.2675
2017-01-28 01:00:00,1419.0,1390.2264
2017-01-28 02:00:00,1386.0,1400.4119
2017-01-28 03:00:00,1389.0,1381.8502
2017-01-28 04:00:00,1391.0,1393.056
2017-01-28 05:00:00,1421.0,1421.1647
2017-01-28 06:00:00,1469.0,1470.6376
2017-01-28 07:00:00,1529.0,1505.7178
2017-01-28 08:00:00,1573.0,1566.5645
2017-01-28 09:00:00,1616.0,1600.6946
2017-01-28 10:00:00,1644.0,1633.424
2017-01-28 11:00:00,1639.0,1642.0706
2017-01-28 12:00:00,1621.0,1621.1257
2017-01-28 13:00:00,1606.0,1608.1023
2017-01-28 14:00:00,1603.0,1591.3121
2017-01-28 15:00:00,1613.0,1592.3912
2017-01-28 16:00:00,1621.0,1622.3949
2017-01-28 17:00:00,1668.0,1663.6924
2017-01-28 18:00:00,1680.0,1706.3121
2017-01-28 19:00:00,1654.0,1668.8657
2017-01-28 20:00:00,1636.0,1647.8331
2017-01-28 21:00:00,1595.0,1603.787
2017-01-28 22:00:00,1546.0,1525.7828
2017-01-28 23:00:00,1472.0,1467.9993
2017-01-29 00:00:00,1426.0,1399.0768
2017-01-29 01:00:00,1396.0,1377.4833
2017-01-29 02:00:00,1371.0,1374.0105
2017-01-29 03:00:00,1352.0,1361.666
2017-01-29 04:00:00,1366.0,1349.2762
2017-01-29 05:00:00,1378.0,1380.782
2017-01-29 06:00:00,1405.0,1415.1837
2017-01-29 07:00:00,1451.0,1431.1943
2017-01-29 08:00:00,1480.0,1487.4661
2017-01-29 09:00:00,1515.0,1508.7577
2017-01-29 10:00:00,1517.0,1532.8384
2017-01-29 11:00:00,1523.0,1521.2605
2017-01-29 12:00:00,1519.0,1515.3235
2017-01-29 13:00:00,1535.0,1511.912
2017-01-29 14:00:00,1536.0,1537.3763
2017-01-29 15:00:00,1550.0,1535.2838
2017-01-29 16:00:00,1586.0,1580.7065
2017-01-29 17:00:00,1659.0,1639.7444
2017-01-29 18:00:00,1704.0,1688.7976
2017-01-29 19:00:00,1688.0,1696.6273
2017-01-29 20:00:00,1656.0,1684.8032
2017-01-29 21:00:00,1617.0,1626.3885
2017-01-29 22:00:00,1536.0,1548.0181
2017-01-29 23:00:00,1460.0,1465.105
2017-01-30 00:00:00,1416.0,1402.3699
2017-01-30 01:00:00,1386.0,1382.278
2017-01-30 02:00:00,1381.0,1374.4358
2017-01-30 03:00:00,1391.0,1379.3358
2017-01-30 04:00:00,1420.0,1423.3375
2017-01-30 05:00:00,1507.0,1497.8623
2017-01-30 06:00:00,1640.0,1652.5012
2017-01-30 07:00:00,1713.0,1725.6682
2017-01-30 08:00:00,1739.0,1753.8827
2017-01-30 09:00:00,1760.0,1771.3157
2017-01-30 10:00:00,1771.0,1773.8121
2017-01-30 11:00:00,1765.0,1769.6505
2017-01-30 12:00:00,1744.0,1760.1501
2017-01-30 13:00:00,1759.0,1733.193
2017-01-30 14:00:00,1742.0,1748.6508
2017-01-30 15:00:00,1740.0,1730.5146
2017-01-30 16:00:00,1747.0,1751.7274
2017-01-30 17:00:00,1810.0,1806.8422
2017-01-30 18:00:00,1832.0,1849.7762
2017-01-30 19:00:00,1808.0,1813.3586
2017-01-30 20:00:00,1779.0,1782.8105
2017-01-30 21:00:00,1726.0,1727.9636
2017-01-30 22:00:00,1625.0,1632.7958
2017-01-30 23:00:00,1534.0,1516.3588
2017-01-31 00:00:00,1496.0,1455.4955
2017-01-31 01:00:00,1453.0,1456.4937
2017-01-31 02:00:00,1440.0,1435.9615
2017-01-31 03:00:00,1430.0,1438.4425
2017-01-31 04:00:00,1454.0,1450.0487
2017-01-31 05:00:00,1526.0,1541.113
2017-01-31 06:00:00,1655.0,1663.8595
2017-01-31 07:00:00,1721.0,1751.1632
2017-01-31 08:00:00,1747.0,1750.9135
2017-01-31 09:00:00,1753.0,1761.6183
2017-01-31 10:00:00,1751.0,1756.3331
2017-01-31 11:00:00,1752.0,1749.306
2017-01-31 12:00:00,1752.0,1740.8324
2017-01-31 13:00:00,1750.0,1743.6636
2017-01-31 14:00:00,1742.0,1734.4069
2017-01-31 15:00:00,1736.0,1729.4548
2017-01-31 16:00:00,1741.0,1750.038
2017-01-31 17:00:00,1778.0,1796.2017
2017-01-31 18:00:00,1778.0,1811.4645
2017-01-31 19:00:00,1768.0,1765.9419
2017-01-31 20:00:00,1751.0,1752.5922
2017-01-31 21:00:00,1669.0,1694.7225
2017-01-31 22:00:00,1570.0,1570.8662
2017-01-31 23:00:00,1491.0,1469.1765
2017-02-01 00:00:00,1420.0,1427.3558
2017-02-01 01:00:00,1380.0,1383.4015
2017-02-01 02:00:00,1366.0,1366.612
2017-02-01 03:00:00,1364.0,1355.9067
2017-02-01 04:00:00,1391.0,1385.6854
2017-02-01 05:00:00,1477.0,1460.3218
2017-02-01 06:00:00,1585.0,1609.9673
2017-02-01 07:00:00,1671.0,1670.3246
2017-02-01 08:00:00,1709.0,1706.5936
2017-02-01 09:00:00,1714.0,1728.4479
2017-02-01 10:00:00,1741.0,1732.8304
2017-02-01 11:00:00,1725.0,1750.8654
2017-02-01 12:00:00,1718.0,1720.2323
2017-02-01 13:00:00,1719.0,1719.4851
2017-02-01 14:00:00,1705.0,1713.9159
2017-02-01 15:00:00,1676.0,1696.8607
2017-02-01 16:00:00,1692.0,1684.607
2017-02-01 17:00:00,1750.0,1727.5039
2017-02-01 18:00:00,1774.0,1789.177
2017-02-01 19:00:00,1729.0,1764.3162
2017-02-01 20:00:00,1710.0,1724.6139
2017-02-01 21:00:00,1644.0,1661.0576
2017-02-01 22:00:00,1551.0,1549.9672
2017-02-01 23:00:00,1474.0,1455.8258
2017-02-02 00:00:00,1422.0,1400.4291
2017-02-02 01:00:00,1386.0,1388.4937
2017-02-02 02:00:00,1370.0,1375.9254
2017-02-02 03:00:00,1366.0,1364.3418
2017-02-02 04:00:00,1401.0,1387.6329
2017-02-02 05:00:00,1471.0,1472.9197
2017-02-02 06:00:00,1605.0,1607.8202
2017-02-02 07:00:00,1692.0,1691.1758
2017-02-02 08:00:00,1708.0,1723.2288
2017-02-02 09:00:00,1723.0,1722.0635
2017-02-02 10:00:00,1727.0,1735.1666
2017-02-02 11:00:00,1742.0,1728.943
2017-02-02 12:00:00,1726.0,1733.965
2017-02-02 13:00:00,1697.0,1718.5314
2017-02-02 14:00:00,1677.0,1690.6893
2017-02-02 15:00:00,1661.0,1667.1245
2017-02-02 16:00:00,1657.0,1670.7361
2017-02-02 17:00:00,1723.0,1683.955
2017-02-02 18:00:00,1797.0,1769.4204
2017-02-02 19:00:00,1779.0,1776.9803
2017-02-02 20:00:00,1759.0,1753.5166
2017-02-02 21:00:00,1711.0,1703.6478
2017-02-02 22:00:00,1620.0,1629.5933
2017-02-02 23:00:00,1533.0,1532.4012
2017-02-03 00:00:00,1484.0,1460.4788
2017-02-03 01:00:00,1451.0,1442.6991
2017-02-03 02:00:00,1440.0,1426.1724
2017-02-03 03:00:00,1455.0,1433.2081
2017-02-03 04:00:00,1490.0,1488.755
2017-02-03 05:00:00,1574.0,1575.6741
2017-02-03 06:00:00,1690.0,1707.796
2017-02-03 07:00:00,1782.0,1768.1534
2017-02-03 08:00:00,1801.0,1801.3363
2017-02-03 09:00:00,1815.0,1808.01
2017-02-03 10:00:00,1826.0,1815.3738
2017-02-03 11:00:00,1795.0,1817.6512
2017-02-03 12:00:00,1789.0,1781.2462
2017-02-03 13:00:00,1791.0,1772.271
2017-02-03 14:00:00,1777.0,1762.7261
2017-02-03 15:00:00,1770.0,1754.1365
2017-02-03 16:00:00,1778.0,1765.4309
2017-02-03 17:00:00,1798.0,1807.859
2017-02-03 18:00:00,1845.0,1837.8
2017-02-03 19:00:00,1835.0,1822.6902
2017-02-03 20:00:00,1773.0,1801.8505
2017-02-03 21:00:00,1744.0,1729.5859
2017-02-03 22:00:00,1670.0,1662.8333
2017-02-03 23:00:00,1582.0,1590.984
2017-02-04 00:00:00,1539.0,1529.6625
2017-02-04 01:00:00,1508.0,1496.047
2017-02-04 02:00:00,1486.0,1487.8286
2017-02-04 03:00:00,1489.0,1474.2902
2017-02-04 04:00:00,1491.0,1493.5695
2017-02-04 05:00:00,1540.0,1516.2555
2017-02-04 06:00:00,1587.0,1590.641
2017-02-04 07:00:00,1638.0,1630.6438
2017-02-04 08:00:00,1664.0,1677.2562
2017-02-04 09:00:00,1671.0,1683.352
2017-02-04 10:00:00,1690.0,1686.0354
2017-02-04 11:00:00,1683.0,1687.8877
2017-02-04 12:00:00,1650.0,1675.3984
2017-02-04 13:00:00,1614.0,1632.652
2017-02-04 14:00:00,1589.0,1594.366
2017-02-04 15:00:00,1604.0,1575.3289
2017-02-04 16:00:00,1606.0,1623.4786
2017-02-04 17:00:00,1655.0,1656.4698
2017-02-04 18:00:00,1731.0,1728.1016
2017-02-04 19:00:00,1698.0,1733.1208
2017-02-04 20:00:00,1692.0,1697.7219
2017-02-04 21:00:00,1634.0,1655.3114
2017-02-04 22:00:00,1574.0,1571.983
2017-02-04 23:00:00,1494.0,1499.1472
2017-02-05 00:00:00,1422.0,1431.414
2017-02-05 01:00:00,1399.0,1390.7291
2017-02-05 02:00:00,1374.0,1375.9979
2017-02-05 03:00:00,1391.0,1369.1089
2017-02-05 04:00:00,1391.0,1396.0928
2017-02-05 05:00:00,1397.0,1417.3191
2017-02-05 06:00:00,1407.0,1433.6779
2017-02-05 07:00:00,1448.0,1428.7389
2017-02-05 08:00:00,1482.0,1487.6382
2017-02-05 09:00:00,1535.0,1514.6377
2017-02-05 10:00:00,1554.0,1561.3716
2017-02-05 11:00:00,1566.0,1564.2009
2017-02-05 12:00:00,1546.0,1554.875
2017-02-05 13:00:00,1530.0,1536.9495
2017-02-05 14:00:00,1528.0,1520.5388
2017-02-05 15:00:00,1534.0,1524.2826
2017-02-05 16:00:00,1554.0,1556.9039
2017-02-05 17:00:00,1607.0,1610.1426
2017-02-05 18:00:00,1626.0,1658.8108
2017-02-05 19:00:00,1600.0,1626.6724
2017-02-05 20:00:00,1557.0,1602.0376
2017-02-05 21:00:00,1518.0,1537.7202
2017-02-05 22:00:00,1473.0,1468.5691
2017-02-05 23:00:00,1412.0,1406.6068
2017-02-06 00:00:00,1381.0,1345.5657
2017-02-06 01:00:00,1359.0,1350.041
2017-02-06 02:00:00,1348.0,1356.1721
2017-02-06 03:00:00,1342.0,1349.2959
2017-02-06 04:00:00,1388.0,1373.2272
2017-02-06 05:00:00,1467.0,1467.8508
2017-02-06 06:00:00,1586.0,1597.0471
2017-02-06 07:00:00,1659.0,1680.448
2017-02-06 08:00:00,1667.0,1695.296
2017-02-06 09:00:00,1650.0,1696.1184
2017-02-06 10:00:00,1638.0,1667.8627
2017-02-06 11:00:00,1620.0,1644.9261
2017-02-06 12:00:00,1599.0,1621.1826
2017-02-06 13:00:00,1576.0,1598.1646
2017-02-06 14:00:00,1550.0,1568.8937
2017-02-06 15:00:00,1521.0,1548.0531
2017-02-06 16:00:00,1510.0,1545.2137
2017-02-06 17:00:00,1560.0,1560.1232
2017-02-06 18:00:00,1612.0,1631.7286
2017-02-06 19:00:00,1603.0,1637.0446
2017-02-06 20:00:00,1567.0,1613.6101
2017-02-06 21:00:00,1514.0,1541.4701
2017-02-06 22:00:00,1419.0,1447.3656
2017-02-06 23:00:00,1336.0,1354.3035
2017-02-07 00:00:00,1275.0,1277.542
2017-02-07 01:00:00,1245.0,1246.111
2017-02-07 02:00:00,1213.0,1236.6924
2017-02-07 03:00:00,1214.0,1214.9379
2017-02-07 04:00:00,1249.0,1239.1146
2017-02-07 05:00:00,1331.0,1318.3003
2017-02-07 06:00:00,1445.0,1467.4353
2017-02-07 07:00:00,1525.0,1540.1104
2017-02-07 08:00:00,1551.0,1591.1084
2017-02-07 09:00:00,1571.0,1594.2001
2017-02-07 10:00:00,1576.0,1593.1462
2017-02-07 11:00:00,1582.0,1589.1115
2017-02-07 12:00:00,1583.0,1584.2689
2017-02-07 13:00:00,1583.0,1585.5537
2017-02-07 14:00:00,1571.0,1582.0103
2017-02-07 15:00:00,1565.0,1574.6654
2017-02-07 16:00:00,1577.0,1584.0242
2017-02-07 17:00:00,1632.0,1607.587
2017-02-07 18:00:00,1643.0,1669.5743
2017-02-07 19:00:00,1610.0,1653.8213
2017-02-07 20:00:00,1565.0,1613.9482
2017-02-07 21:00:00,1504.0,1536.107
2017-02-07 22:00:00,1406.0,1421.813
2017-02-07 23:00:00,1321.0,1340.0804
2017-02-08 00:00:00,1270.0,1260.296
2017-02-08 01:00:00,1228.0,1238.6415
2017-02-08 02:00:00,1202.0,1218.2322
2017-02-08 03:00:00,1218.0,1202.4587
2017-02-08 04:00:00,1232.0,1244.1934
2017-02-08 05:00:00,1304.0,1310.3811
2017-02-08 06:00:00,1451.0,1439.7196
2017-02-08 07:00:00,1541.0,1546.6278
2017-02-08 08:00:00,1565.0,1596.5961
2017-02-08 09:00:00,1590.0,1611.2496
2017-02-08 10:00:00,1601.0,1624.4373
2017-02-08 11:00:00,1607.0,1620.0131
2017-02-08 12:00:00,1628.0,1612.9543
2017-02-08 13:00:00,1629.0,1635.0673
2017-02-08 14:00:00,1614.0,1626.5936
2017-02-08 15:00:00,1596.0,1614.7054
2017-02-08 16:00:00,1610.0,1604.7181
2017-02-08 17:00:00,1660.0,1636.6031
2017-02-08 18:00:00,1704.0,1703.0193
2017-02-08 19:00:00,1703.0,1702.6965
2017-02-08 20:00:00,1663.0,1702.2653
2017-02-08 21:00:00,1623.0,1614.8076
2017-02-08 22:00:00,1544.0,1524.3953
2017-02-08 23:00:00,1464.0,1439.9955
2017-02-09 00:00:00,1409.0,1398.4272
2017-02-09 01:00:00,1396.0,1372.8506
2017-02-09 02:00:00,1373.0,1382.3573
2017-02-09 03:00:00,1384.0,1374.6224
2017-02-09 04:00:00,1417.0,1407.0386
2017-02-09 05:00:00,1508.0,1493.2864
2017-02-09 06:00:00,1620.0,1651.5126
2017-02-09 07:00:00,1684.0,1695.3492
2017-02-09 08:00:00,1713.0,1716.5583
2017-02-09 09:00:00,1735.0,1737.4165
2017-02-09 10:00:00,1752.0,1754.3074
2017-02-09 11:00:00,1765.0,1752.5947
2017-02-09 12:00:00,1776.0,1763.7161
2017-02-09 13:00:00,1771.0,1770.7725
2017-02-09 14:00:00,1752.0,1752.9058
2017-02-09 15:00:00,1748.0,1739.6504
2017-02-09 16:00:00,1774.0,1753.0844
2017-02-09 17:00:00,1818.0,1804.0383
2017-02-09 18:00:00,1888.0,1865.4677
2017-02-09 19:00:00,1895.0,1872.3232
2017-02-09 20:00:00,1857.0,1867.7426
2017-02-09 21:00:00,1784.0,1803.2327
2017-02-09 22:00:00,1706.0,1692.1655
2017-02-09 23:00:00,1624.0,1619.9009
2017-02-10 00:00:00,1564.0,1555.9326
2017-02-10 01:00:00,1529.0,1521.9175
2017-02-10 02:00:00,1522.0,1505.1488
2017-02-10 03:00:00,1523.0,1513.8147
2017-02-10 04:00:00,1551.0,1542.4369
2017-02-10 05:00:00,1620.0,1642.8474
2017-02-10 06:00:00,1737.0,1747.6542
2017-02-10 07:00:00,1814.0,1812.41
2017-02-10 08:00:00,1835.0,1836.9044
2017-02-10 09:00:00,1833.0,1840.7423
2017-02-10 10:00:00,1816.0,1831.9651
2017-02-10 11:00:00,1806.0,1808.5731
2017-02-10 12:00:00,1781.0,1790.6503
2017-02-10 13:00:00,1793.0,1769.5328
2017-02-10 14:00:00,1783.0,1773.5173
2017-02-10 15:00:00,1782.0,1769.7247
2017-02-10 16:00:00,1776.0,1788.149
2017-02-10 17:00:00,1773.0,1805.6003
2017-02-10 18:00:00,1817.0,1816.5105
2017-02-10 19:00:00,1778.0,1810.407
2017-02-10 20:00:00,1754.0,1756.3954
2017-02-10 21:00:00,1684.0,1701.4525
2017-02-10 22:00:00,1596.0,1599.5687
2017-02-10 23:00:00,1509.0,1516.596
2017-02-11 00:00:00,1446.0,1448.1996
2017-02-11 01:00:00,1391.0,1411.5038
2017-02-11 02:00:00,1369.0,1364.8245
2017-02-11 03:00:00,1354.0,1355.2861
2017-02-11 04:00:00,1350.0,1358.4772
2017-02-11 05:00:00,1369.0,1384.2354
2017-02-11 06:00:00,1408.0,1412.2046
2017-02-11 07:00:00,1430.0,1451.7928
2017-02-11 08:00:00,1480.0,1467.5823
2017-02-11 09:00:00,1533.0,1526.694
2017-02-11 10:00:00,1532.0,1548.6028
2017-02-11 11:00:00,1518.0,1526.668
2017-02-11 12:00:00,1495.0,1496.3802
2017-02-11 13:00:00,1473.0,1483.8468
2017-02-11 14:00:00,1442.0,1467.9395
2017-02-11 15:00:00,1429.0,1446.0039
2017-02-11 16:00:00,1434.0,1442.5105
2017-02-11 17:00:00,1473.0,1480.6196
2017-02-11 18:00:00,1518.0,1526.6017
2017-02-11 19:00:00,1515.0,1540.9877
2017-02-11 20:00:00,1494.0,1515.0538
2017-02-11 21:00:00,1447.0,1478.7936
2017-02-11 22:00:00,1405.0,1399.4
2017-02-11 23:00:00,1334.0,1340.4423
2017-02-12 00:00:00,1287.0,1272.5985
2017-02-12 01:00:00,1245.0,1249.9928
2017-02-12 02:00:00,1215.0,1221.5035
2017-02-12 03:00:00,1202.0,1200.5844
2017-02-12 04:00:00,1211.0,1207.865
2017-02-12 05:00:00,1232.0,1237.4751
2017-02-12 06:00:00,1263.0,1272.0853
2017-02-12 07:00:00,1300.0,1286.0253
2017-02-12 08:00:00,1329.0,1346.878
2017-02-12 09:00:00,1370.0,1370.4683
2017-02-12 10:00:00,1425.0,1394.8354
2017-02-12 11:00:00,1430.0,1433.4908
2017-02-12 12:00:00,1443.0,1429.6754
2017-02-12 13:00:00,1455.0,1442.4275
2017-02-12 14:00:00,1437.0,1450.9703
2017-02-12 15:00:00,1429.0,1442.1768
2017-02-12 16:00:00,1480.0,1443.0984
2017-02-12 17:00:00,1546.0,1517.5978
2017-02-12 18:00:00,1582.0,1596.3287
2017-02-12 19:00:00,1574.0,1583.9136
2017-02-12 20:00:00,1570.0,1568.0782
2017-02-12 21:00:00,1529.0,1539.0153
2017-02-12 22:00:00,1483.0,1457.6207
2017-02-12 23:00:00,1402.0,1400.5459
2017-02-13 00:00:00,1379.0,1341.0157
2017-02-13 01:00:00,1371.0,1336.6199
2017-02-13 02:00:00,1346.0,1362.1111
2017-02-13 03:00:00,1338.0,1358.7855
2017-02-13 04:00:00,1393.0,1360.098
2017-02-13 05:00:00,1464.0,1470.3989
2017-02-13 06:00:00,1602.0,1607.0929
2017-02-13 07:00:00,1679.0,1688.4829
2017-02-13 08:00:00,1711.0,1715.0973
2017-02-13 09:00:00,1743.0,1735.2211
2017-02-13 10:00:00,1755.0,1755.7799
2017-02-13 11:00:00,1771.0,1749.9556
2017-02-13 12:00:00,1736.0,1763.0026
2017-02-13 13:00:00,1701.0,1732.2977
2017-02-13 14:00:00,1669.0,1687.0281
2017-02-13 15:00:00,1650.0,1661.1113
2017-02-13 16:00:00,1622.0,1649.9017
2017-02-13 17:00:00,1659.0,1641.9979
2017-02-13 18:00:00,1738.0,1694.5746
2017-02-13 19:00:00,1723.0,1755.8185
2017-02-13 20:00:00,1707.0,1728.0466
2017-02-13 21:00:00,1657.0,1668.4224
2017-02-13 22:00:00,1566.0,1562.7319
2017-02-13 23:00:00,1479.0,1458.3472
2017-02-14 00:00:00,1415.0,1412.9801
2017-02-14 01:00:00,1375.0,1380.2659
2017-02-14 02:00:00,1363.0,1368.9897
2017-02-14 03:00:00,1365.0,1355.7931
2017-02-14 04:00:00,1405.0,1392.105
2017-02-14 05:00:00,1476.0,1489.7007
2017-02-14 06:00:00,1593.0,1622.3855
2017-02-14 07:00:00,1679.0,1680.8813
2017-02-14 08:00:00,1693.0,1704.1633
2017-02-14 09:00:00,1704.0,1705.2748
2017-02-14 10:00:00,1675.0,1715.0925
2017-02-14 11:00:00,1639.0,1681.9437
2017-02-14 12:00:00,1603.0,1633.7678
2017-02-14 13:00:00,1594.0,1599.1764
2017-02-14 14:00:00,1565.0,1586.0372
2017-02-14 15:00:00,1532.0,1559.5626
2017-02-14 16:00:00,1539.0,1552.1246
2017-02-14 17:00:00,1560.0,1589.0753
2017-02-14 18:00:00,1634.0,1615.7507
2017-02-14 19:00:00,1630.0,1661.6632
2017-02-14 20:00:00,1598.0,1642.7672
2017-02-14 21:00:00,1531.0,1566.4188
2017-02-14 22:00:00,1468.0,1454.5095
2017-02-14 23:00:00,1389.0,1388.3922
2017-02-15 00:00:00,1337.0,1321.7584
2017-02-15 01:00:00,1299.0,1299.6525
2017-02-15 02:00:00,1269.0,1290.125
2017-02-15 03:00:00,1256.0,1271.5233
2017-02-15 04:00:00,1292.0,1278.9375
2017-02-15 05:00:00,1368.0,1376.3326
2017-02-15 06:00:00,1510.0,1502.5345
2017-02-15 07:00:00,1602.0,1593.2135
2017-02-15 08:00:00,1629.0,1629.2429
2017-02-15 09:00:00,1656.0,1649.5499
2017-02-15 10:00:00,1654.0,1668.3191
2017-02-15 11:00:00,1681.0,1658.1765
2017-02-15 12:00:00,1683.0,1682.3464
2017-02-15 13:00:00,1667.0,1678.2742
2017-02-15 14:00:00,1675.0,1662.4803
2017-02-15 15:00:00,1674.0,1663.9229
2017-02-15 16:00:00,1720.0,1674.2777
2017-02-15 17:00:00,1729.0,1743.0991
2017-02-15 18:00:00,1772.0,1764.8511
2017-02-15 19:00:00,1755.0,1764.964
2017-02-15 20:00:00,1715.0,1740.9691
2017-02-15 21:00:00,1676.0,1667.9646
2017-02-15 22:00:00,1565.0,1567.9869
2017-02-15 23:00:00,1495.0,1461.9396
2017-02-16 00:00:00,1432.0,1420.4376
2017-02-16 01:00:00,1408.0,1389.0247
2017-02-16 02:00:00,1393.0,1397.4895
2017-02-16 03:00:00,1397.0,1395.0319
2017-02-16 04:00:00,1422.0,1424.1786
2017-02-16 05:00:00,1506.0,1507.7769
2017-02-16 06:00:00,1622.0,1655.0011
2017-02-16 07:00:00,1724.0,1702.1847
2017-02-16 08:00:00,1732.0,1766.3337
2017-02-16 09:00:00,1760.0,1752.542
2017-02-16 10:00:00,1767.0,1771.6788
2017-02-16 11:00:00,1773.0,1763.195
2017-02-16 12:00:00,1782.0,1763.6266
2017-02-16 13:00:00,1760.0,1772.2395
2017-02-16 14:00:00,1755.0,1748.7289
2017-02-16 15:00:00,1741.0,1741.5094
2017-02-16 16:00:00,1726.0,1740.6583
2017-02-16 17:00:00,1771.0,1749.1058
2017-02-16 18:00:00,1822.0,1820.3596
2017-02-16 19:00:00,1811.0,1812.0563
2017-02-16 20:00:00,1788.0,1784.7311
2017-02-16 21:00:00,1727.0,1731.9752
2017-02-16 22:00:00,1632.0,1628.7957
2017-02-16 23:00:00,1550.0,1531.4207
2017-02-17 00:00:00,1509.0,1475.8792
2017-02-17 01:00:00,1475.0,1471.0371
2017-02-17 02:00:00,1456.0,1470.7554
2017-02-17 03:00:00,1452.0,1463.8875
2017-02-17 04:00:00,1471.0,1486.2487
2017-02-17 05:00:00,1535.0,1545.0062
2017-02-17 06:00:00,1654.0,1672.1472
2017-02-17 07:00:00,1711.0,1744.4753
2017-02-17 08:00:00,1722.0,1744.6987
2017-02-17 09:00:00,1724.0,1734.529
2017-02-17 10:00:00,1700.0,1728.9037
2017-02-17 11:00:00,1678.0,1699.6172
2017-02-17 12:00:00,1637.0,1667.2416
2017-02-17 13:00:00,1600.0,1617.7043
2017-02-17 14:00:00,1578.0,1583.4785
2017-02-17 15:00:00,1540.0,1565.7593
2017-02-17 16:00:00,1532.0,1551.3846
2017-02-17 17:00:00,1525.0,1570.1375
2017-02-17 18:00:00,1585.0,1573.8767
2017-02-17 19:00:00,1582.0,1605.9137
2017-02-17 20:00:00,1565.0,1585.6837
2017-02-17 21:00:00,1532.0,1534.6199
2017-02-17 22:00:00,1453.0,1468.8292
2017-02-17 23:00:00,1374.0,1395.0122
2017-02-18 00:00:00,1322.0,1318.1267
2017-02-18 01:00:00,1285.0,1280.6211
2017-02-18 02:00:00,1255.0,1258.9674
2017-02-18 03:00:00,1253.0,1247.6108
2017-02-18 04:00:00,1276.0,1262.3765
2017-02-18 05:00:00,1294.0,1309.0345
2017-02-18 06:00:00,1346.0,1332.9739
2017-02-18 07:00:00,1377.0,1383.2302
2017-02-18 08:00:00,1415.0,1414.0829
2017-02-18 09:00:00,1424.0,1445.1674
2017-02-18 10:00:00,1440.0,1444.0671
2017-02-18 11:00:00,1423.0,1439.4159
2017-02-18 12:00:00,1403.0,1419.5232
2017-02-18 13:00:00,1374.0,1392.975
2017-02-18 14:00:00,1363.0,1372.5029
2017-02-18 15:00:00,1348.0,1362.24
2017-02-18 16:00:00,1351.0,1352.9154
2017-02-18 17:00:00,1376.0,1374.2352
2017-02-18 18:00:00,1448.0,1404.2703
2017-02-18 19:00:00,1442.0,1479.351
2017-02-18 20:00:00,1413.0,1473.9109
2017-02-18 21:00:00,1378.0,1426.8392
2017-02-18 22:00:00,1326.0,1326.4973
2017-02-18 23:00:00,1247.0,1284.087
2017-02-19 00:00:00,1198.0,1208.6388
2017-02-19 01:00:00,1167.0,1170.322
2017-02-19 02:00:00,1145.0,1159.0947
2017-02-19 03:00:00,1140.0,1157.5585
2017-02-19 04:00:00,1144.0,1139.0771
2017-02-19 05:00:00,1155.0,1179.165
2017-02-19 06:00:00,1210.0,1194.8635
2017-02-19 07:00:00,1231.0,1240.6449
2017-02-19 08:00:00,1278.0,1285.9122
2017-02-19 09:00:00,1314.0,1319.3063
2017-02-19 10:00:00,1338.0,1336.3423
2017-02-19 11:00:00,1331.0,1354.942
2017-02-19 12:00:00,1335.0,1340.6143
2017-02-19 13:00:00,1329.0,1335.9548
2017-02-19 14:00:00,1322.0,1335.0702
2017-02-19 15:00:00,1310.0,1324.935
2017-02-19 16:00:00,1329.0,1312.8065
2017-02-19 17:00:00,1364.0,1341.0522
2017-02-19 18:00:00,1429.0,1385.9735
2017-02-19 19:00:00,1439.0,1465.4229
2017-02-19 20:00:00,1394.0,1482.7289
2017-02-19 21:00:00,1379.0,1419.5627
2017-02-19 22:00:00,1304.0,1327.6248
2017-02-19 23:00:00,1243.0,1259.05
2017-02-20 00:00:00,1211.0,1186.0112
2017-02-20 01:00:00,1190.0,1178.7313
2017-02-20 02:00:00,1190.0,1175.8718
2017-02-20 03:00:00,1178.0,1187.6348
2017-02-20 04:00:00,1234.0,1197.9417
2017-02-20 05:00:00,1310.0,1325.8873
2017-02-20 06:00:00,1424.0,1443.3865
2017-02-20 07:00:00,1488.0,1512.9338
2017-02-20 08:00:00,1534.0,1544.671
2017-02-20 09:00:00,1564.0,1580.4706
2017-02-20 10:00:00,1568.0,1585.2844
2017-02-20 11:00:00,1554.0,1580.239
2017-02-20 12:00:00,1558.0,1555.7993
2017-02-20 13:00:00,1539.0,1557.4292
2017-02-20 14:00:00,1493.0,1544.9021
2017-02-20 15:00:00,1486.0,1500.6321
2017-02-20 16:00:00,1483.0,1499.388
2017-02-20 17:00:00,1507.0,1523.2174
2017-02-20 18:00:00,1573.0,1560.6089
2017-02-20 19:00:00,1562.0,1601.4844
2017-02-20 20:00:00,1518.0,1592.4673
2017-02-20 21:00:00,1459.0,1513.4373
2017-02-20 22:00:00,1385.0,1384.735
2017-02-20 23:00:00,1264.0,1306.9373
2017-02-21 00:00:00,1204.0,1223.7738
2017-02-21 01:00:00,1191.0,1177.1106
2017-02-21 02:00:00,1179.0,1173.1353
2017-02-21 03:00:00,1159.0,1187.0834
2017-02-21 04:00:00,1200.0,1187.0135
2017-02-21 05:00:00,1274.0,1276.5854
2017-02-21 06:00:00,1403.0,1412.6133
2017-02-21 07:00:00,1467.0,1505.7144
2017-02-21 08:00:00,1493.0,1544.3427
2017-02-21 09:00:00,1507.0,1553.24
2017-02-21 10:00:00,1528.0,1552.4697
2017-02-21 11:00:00,1530.0,1541.939
2017-02-21 12:00:00,1529.0,1534.7588
2017-02-21 13:00:00,1501.0,1530.1654
2017-02-21 14:00:00,1520.0,1514.7513
2017-02-21 15:00:00,1533.0,1521.8661
2017-02-21 16:00:00,1519.0,1548.7827
2017-02-21 17:00:00,1532.0,1543.8701
2017-02-21 18:00:00,1596.0,1557.7065
2017-02-21 19:00:00,1578.0,1606.726
2017-02-21 20:00:00,1531.0,1581.2916
2017-02-21 21:00:00,1451.0,1505.094
2017-02-21 22:00:00,1386.0,1381.0017
2017-02-21 23:00:00,1293.0,1311.9681
2017-02-22 00:00:00,1221.0,1240.44
2017-02-22 01:00:00,1185.0,1184.2638
2017-02-22 02:00:00,1181.0,1170.9513
2017-02-22 03:00:00,1182.0,1176.1564
2017-02-22 04:00:00,1200.0,1203.7495
2017-02-22 05:00:00,1272.0,1276.9513
2017-02-22 06:00:00,1382.0,1408.478
2017-02-22 07:00:00,1477.0,1484.0071
2017-02-22 08:00:00,1513.0,1551.1715
2017-02-22 09:00:00,1520.0,1574.7734
2017-02-22 10:00:00,1520.0,1552.7018
2017-02-22 11:00:00,1538.0,1536.117
2017-02-22 12:00:00,1528.0,1546.8794
2017-02-22 13:00:00,1530.0,1527.9276
2017-02-22 14:00:00,1530.0,1526.4363
2017-02-22 15:00:00,1519.0,1526.275
2017-02-22 16:00:00,1492.0,1530.0717
2017-02-22 17:00:00,1497.0,1526.6931
2017-02-22 18:00:00,1570.0,1544.1183
2017-02-22 19:00:00,1557.0,1583.953
2017-02-22 20:00:00,1514.0,1578.7635
2017-02-22 21:00:00,1442.0,1505.1511
2017-02-22 22:00:00,1348.0,1379.4308
2017-02-22 23:00:00,1258.0,1302.0277
2017-02-23 00:00:00,1193.0,1214.5347
2017-02-23 01:00:00,1166.0,1166.7911
2017-02-23 02:00:00,1146.0,1149.3834
2017-02-23 03:00:00,1151.0,1159.8383
2017-02-23 04:00:00,1168.0,1177.2445
2017-02-23 05:00:00,1263.0,1246.0646
2017-02-23 06:00:00,1383.0,1412.1636
2017-02-23 07:00:00,1464.0,1483.7874
2017-02-23 08:00:00,1488.0,1537.0771
2017-02-23 09:00:00,1516.0,1546.6346
2017-02-23 10:00:00,1563.0,1553.9128
2017-02-23 11:00:00,1570.0,1581.3354
2017-02-23 12:00:00,1566.0,1570.5479
2017-02-23 13:00:00,1568.0,1561.8761
2017-02-23 14:00:00,1553.0,1557.3447
2017-02-23 15:00:00,1518.0,1548.1893
2017-02-23 16:00:00,1517.0,1529.5347
2017-02-23 17:00:00,1537.0,1542.721
2017-02-23 18:00:00,1578.0,1574.322
2017-02-23 19:00:00,1557.0,1575.751
2017-02-23 20:00:00,1524.0,1568.111
2017-02-23 21:00:00,1448.0,1501.6057
2017-02-23 22:00:00,1335.0,1380.6178
2017-02-23 23:00:00,1274.0,1316.6178
2017-02-24 00:00:00,1203.0,1219.3082
2017-02-24 01:00:00,1163.0,1173.2205
2017-02-24 02:00:00,1148.0,1150.444
2017-02-24 03:00:00,1150.0,1157.8489
2017-02-24 04:00:00,1173.0,1178.6986
2017-02-24 05:00:00,1242.0,1244.6388
2017-02-24 06:00:00,1366.0,1377.651
2017-02-24 07:00:00,1434.0,1461.2723
2017-02-24 08:00:00,1490.0,1520.5922
2017-02-24 09:00:00,1497.0,1554.2958
2017-02-24 10:00:00,1537.0,1537.3142
2017-02-24 11:00:00,1559.0,1542.3754
2017-02-24 12:00:00,1568.0,1556.6909
2017-02-24 13:00:00,1571.0,1559.8987
2017-02-24 14:00:00,1553.0,1555.6398
2017-02-24 15:00:00,1543.0,1541.1729
2017-02-24 16:00:00,1527.0,1534.2112
2017-02-24 17:00:00,1493.0,1536.9711
2017-02-24 18:00:00,1526.0,1519.2865
2017-02-24 19:00:00,1497.0,1532.8942
2017-02-24 20:00:00,1478.0,1528.4822
2017-02-24 21:00:00,1404.0,1480.4993
2017-02-24 22:00:00,1336.0,1336.8752
2017-02-24 23:00:00,1258.0,1309.7819
2017-02-25 00:00:00,1193.0,1211.3196
2017-02-25 01:00:00,1156.0,1155.7317
2017-02-25 02:00:00,1128.0,1142.4598
2017-02-25 03:00:00,1121.0,1118.3481
2017-02-25 04:00:00,1130.0,1118.8915
2017-02-25 05:00:00,1151.0,1145.4774
2017-02-25 06:00:00,1189.0,1207.143
2017-02-25 07:00:00,1247.0,1234.4384
2017-02-25 08:00:00,1292.0,1305.2863
2017-02-25 09:00:00,1352.0,1341.4258
2017-02-25 10:00:00,1368.0,1382.7573
2017-02-25 11:00:00,1389.0,1386.2101
2017-02-25 12:00:00,1389.0,1386.3774
2017-02-25 13:00:00,1367.0,1378.3175
2017-02-25 14:00:00,1360.0,1364.9668
2017-02-25 15:00:00,1352.0,1353.1752
2017-02-25 16:00:00,1376.0,1348.5096
2017-02-25 17:00:00,1431.0,1381.0797
2017-02-25 18:00:00,1516.0,1447.052
2017-02-25 19:00:00,1530.0,1517.6249
2017-02-25 20:00:00,1502.0,1522.8857
2017-02-25 21:00:00,1485.0,1468.1005
2017-02-25 22:00:00,1438.0,1400.1869
2017-02-25 23:00:00,1376.0,1360.5217
2017-02-26 00:00:00,1330.0,1306.3451
2017-02-26 01:00:00,1296.0,1275.4089
2017-02-26 02:00:00,1282.0,1261.8099
2017-02-26 03:00:00,1268.0,1256.1896
2017-02-26 04:00:00,1273.0,1266.0574
2017-02-26 05:00:00,1294.0,1287.0447
2017-02-26 06:00:00,1335.0,1315.4631
2017-02-26 07:00:00,1368.0,1365.7944
2017-02-26 08:00:00,1413.0,1401.3944
2017-02-26 09:00:00,1448.0,1439.5133
2017-02-26 10:00:00,1481.0,1462.4886
2017-02-26 11:00:00,1485.0,1482.9974
2017-02-26 12:00:00,1482.0,1475.2156
2017-02-26 13:00:00,1464.0,1472.5902
2017-02-26 14:00:00,1418.0,1449.8663
2017-02-26 15:00:00,1401.0,1410.347
2017-02-26 16:00:00,1420.0,1401.8583
2017-02-26 17:00:00,1461.0,1438.9114
2017-02-26 18:00:00,1544.0,1495.4993
2017-02-26 19:00:00,1580.0,1564.365
2017-02-26 20:00:00,1555.0,1590.7186
2017-02-26 21:00:00,1522.0,1532.2789
2017-02-26 22:00:00,1455.0,1462.7356
2017-02-26 23:00:00,1392.0,1379.5828
2017-02-27 00:00:00,1336.0,1312.5542
2017-02-27 01:00:00,1303.0,1303.0502
2017-02-27 02:00:00,1301.0,1295.9995
2017-02-27 03:00:00,1304.0,1300.7738
2017-02-27 04:00:00,1336.0,1334.462
2017-02-27 05:00:00,1405.0,1417.1445
2017-02-27 06:00:00,1533.0,1540.4833
2017-02-27 07:00:00,1620.0,1625.6677
2017-02-27 08:00:00,1643.0,1668.6741
2017-02-27 09:00:00,1654.0,1665.9397
2017-02-27 10:00:00,1658.0,1671.7766
2017-02-27 11:00:00,1649.0,1657.8372
2017-02-27 12:00:00,1612.0,1647.8796
2017-02-27 13:00:00,1611.0,1616.9749
2017-02-27 14:00:00,1575.0,1605.6761
2017-02-27 15:00:00,1573.0,1568.6145
2017-02-27 16:00:00,1577.0,1574.3683
2017-02-27 17:00:00,1625.0,1592.9575
2017-02-27 18:00:00,1688.0,1649.0027
2017-02-27 19:00:00,1664.0,1689.2192
2017-02-27 20:00:00,1621.0,1671.736
2017-02-27 21:00:00,1561.0,1581.5739
2017-02-27 22:00:00,1468.0,1461.732
2017-02-27 23:00:00,1367.0,1378.2355
2017-02-28 00:00:00,1297.0,1299.5342
2017-02-28 01:00:00,1256.0,1263.6825
2017-02-28 02:00:00,1238.0,1240.0902
2017-02-28 03:00:00,1238.0,1241.0988
2017-02-28 04:00:00,1281.0,1260.7496
2017-02-28 05:00:00,1365.0,1364.4604
2017-02-28 06:00:00,1490.0,1507.3867
2017-02-28 07:00:00,1515.0,1571.9075
2017-02-28 08:00:00,1558.0,1571.7201
2017-02-28 09:00:00,1561.0,1600.1372
2017-02-28 10:00:00,1549.0,1581.1265
2017-02-28 11:00:00,1561.0,1558.2906
2017-02-28 12:00:00,1543.0,1557.277
2017-02-28 13:00:00,1535.0,1540.8737
2017-02-28 14:00:00,1532.0,1536.9618
2017-02-28 15:00:00,1512.0,1529.1882
2017-02-28 16:00:00,1501.0,1523.4473
2017-02-28 17:00:00,1536.0,1529.4175
2017-02-28 18:00:00,1571.0,1567.5698
2017-02-28 19:00:00,1561.0,1574.2975
2017-02-28 20:00:00,1505.0,1573.8179
2017-02-28 21:00:00,1448.0,1486.0183
2017-02-28 22:00:00,1370.0,1375.4708
2017-02-28 23:00:00,1267.0,1300.3737
2017-03-01 00:00:00,1206.0,1217.5969
2017-03-01 01:00:00,1172.0,1175.1633
2017-03-01 02:00:00,1167.0,1161.6632
2017-03-01 03:00:00,1151.0,1180.5985
2017-03-01 04:00:00,1171.0,1188.2268
2017-03-01 05:00:00,1264.0,1245.737
2017-03-01 06:00:00,1380.0,1395.2963
2017-03-01 07:00:00,1451.0,1468.9385
2017-03-01 08:00:00,1476.0,1525.3495
2017-03-01 09:00:00,1484.0,1528.7372
2017-03-01 10:00:00,1514.0,1524.5638
2017-03-01 11:00:00,1531.0,1527.5468
2017-03-01 12:00:00,1519.0,1531.7006
2017-03-01 13:00:00,1512.0,1519.0623
2017-03-01 14:00:00,1504.0,1518.3214
2017-03-01 15:00:00,1515.0,1512.3009
2017-03-01 16:00:00,1511.0,1518.4216
2017-03-01 17:00:00,1507.0,1520.4374
2017-03-01 18:00:00,1550.0,1517.2325
2017-03-01 19:00:00,1556.0,1571.7766
2017-03-01 20:00:00,1528.0,1581.9427
2017-03-01 21:00:00,1471.0,1502.5995
2017-03-01 22:00:00,1398.0,1392.7496
2017-03-01 23:00:00,1325.0,1331.58
2017-03-02 00:00:00,1277.0,1255.1232
2017-03-02 01:00:00,1257.0,1242.0173
2017-03-02 02:00:00,1257.0,1237.6044
2017-03-02 03:00:00,1271.0,1257.735
2017-03-02 04:00:00,1296.0,1302.1909
2017-03-02 05:00:00,1400.0,1377.0563
2017-03-02 06:00:00,1547.0,1526.1887
2017-03-02 07:00:00,1616.0,1612.6885
2017-03-02 08:00:00,1646.0,1646.5135
2017-03-02 09:00:00,1646.0,1670.8828
2017-03-02 10:00:00,1659.0,1668.5953
2017-03-02 11:00:00,1674.0,1658.8788
2017-03-02 12:00:00,1664.0,1671.6686
2017-03-02 13:00:00,1665.0,1661.3019
2017-03-02 14:00:00,1643.0,1650.5347
2017-03-02 15:00:00,1657.0,1628.532
2017-03-02 16:00:00,1658.0,1639.3059
2017-03-02 17:00:00,1665.0,1638.9337
2017-03-02 18:00:00,1730.0,1659.2437
2017-03-02 19:00:00,1722.0,1739.21
2017-03-02 20:00:00,1702.0,1723.6437
2017-03-02 21:00:00,1652.0,1654.0488
2017-03-02 22:00:00,1549.0,1548.14
2017-03-02 23:00:00,1456.0,1448.3824
2017-03-03 00:00:00,1417.0,1397.3882
2017-03-03 01:00:00,1389.0,1356.9769
2017-03-03 02:00:00,1389.0,1363.365
2017-03-03 03:00:00,1390.0,1373.3414
2017-03-03 04:00:00,1417.0,1410.7727
2017-03-03 05:00:00,1491.0,1488.1965
2017-03-03 06:00:00,1613.0,1631.1301
2017-03-03 07:00:00,1664.0,1683.8162
2017-03-03 08:00:00,1691.0,1696.9673
2017-03-03 09:00:00,1713.0,1708.237
2017-03-03 10:00:00,1736.0,1729.7103
2017-03-03 11:00:00,1730.0,1746.2142
2017-03-03 12:00:00,1730.0,1724.7758
2017-03-03 13:00:00,1729.0,1724.8396
2017-03-03 14:00:00,1703.0,1712.3772
2017-03-03 15:00:00,1696.0,1686.1039
2017-03-03 16:00:00,1698.0,1673.0516
2017-03-03 17:00:00,1692.0,1678.6935
2017-03-03 18:00:00,1746.0,1694.1847
2017-03-03 19:00:00,1757.0,1757.9133
2017-03-03 20:00:00,1722.0,1755.1678
2017-03-03 21:00:00,1663.0,1676.1111
2017-03-03 22:00:00,1595.0,1577.8083
2017-03-03 23:00:00,1518.0,1503.5974
2017-03-04 00:00:00,1457.0,1449.4478
2017-03-04 01:00:00,1424.0,1417.216
2017-03-04 02:00:00,1418.0,1409.9475
2017-03-04 03:00:00,1430.0,1409.5594
2017-03-04 04:00:00,1441.0,1438.8512
2017-03-04 05:00:00,1473.0,1477.7799
2017-03-04 06:00:00,1514.0,1521.4791
2017-03-04 07:00:00,1539.0,1549.361
2017-03-04 08:00:00,1566.0,1571.8933
2017-03-04 09:00:00,1605.0,1594.6201
2017-03-04 10:00:00,1623.0,1627.0957
2017-03-04 11:00:00,1602.0,1631.0332
2017-03-04 12:00:00,1576.0,1595.7603
2017-03-04 13:00:00,1565.0,1560.8164
2017-03-04 14:00:00,1521.0,1543.3308
2017-03-04 15:00:00,1497.0,1502.6085
2017-03-04 16:00:00,1498.0,1500.8386
2017-03-04 17:00:00,1523.0,1515.6781
2017-03-04 18:00:00,1589.0,1547.1797
2017-03-04 19:00:00,1642.0,1607.9105
2017-03-04 20:00:00,1626.0,1651.007
2017-03-04 21:00:00,1595.0,1593.3995
2017-03-04 22:00:00,1547.0,1523.058
2017-03-04 23:00:00,1489.0,1466.4952
2017-03-05 00:00:00,1448.0,1416.074
2017-03-05 01:00:00,1431.0,1392.0958
2017-03-05 02:00:00,1417.0,1411.3042
2017-03-05 03:00:00,1420.0,1412.6721
2017-03-05 04:00:00,1445.0,1429.0573
2017-03-05 05:00:00,1458.0,1467.6852
2017-03-05 06:00:00,1477.0,1491.3054
2017-03-05 07:00:00,1472.0,1502.8358
2017-03-05 08:00:00,1498.0,1497.6925
2017-03-05 09:00:00,1508.0,1519.6779
2017-03-05 10:00:00,1506.0,1516.7294
2017-03-05 11:00:00,1478.0,1505.5476
2017-03-05 12:00:00,1478.0,1470.1864
2017-03-05 13:00:00,1452.0,1467.4047
2017-03-05 14:00:00,1414.0,1437.8547
2017-03-05 15:00:00,1410.0,1413.4946
2017-03-05 16:00:00,1415.0,1419.7646
2017-03-05 17:00:00,1451.0,1443.8606
2017-03-05 18:00:00,1526.0,1484.455
2017-03-05 19:00:00,1560.0,1567.1783
2017-03-05 20:00:00,1537.0,1581.7191
2017-03-05 21:00:00,1502.0,1507.755
2017-03-05 22:00:00,1425.0,1443.2352
2017-03-05 23:00:00,1346.0,1348.2687
2017-03-06 00:00:00,1302.0,1288.8364
2017-03-06 01:00:00,1283.0,1271.3536
2017-03-06 02:00:00,1262.0,1277.785
2017-03-06 03:00:00,1264.0,1281.3057
2017-03-06 04:00:00,1287.0,1293.8678
2017-03-06 05:00:00,1358.0,1370.4465
2017-03-06 06:00:00,1492.0,1488.4961
2017-03-06 07:00:00,1538.0,1577.8036
2017-03-06 08:00:00,1573.0,1590.839
2017-03-06 09:00:00,1603.0,1610.7896
2017-03-06 10:00:00,1603.0,1634.4403
2017-03-06 11:00:00,1583.0,1614.841
2017-03-06 12:00:00,1574.0,1585.718
2017-03-06 13:00:00,1573.0,1576.9381
2017-03-06 14:00:00,1560.0,1573.0077
2017-03-06 15:00:00,1545.0,1562.1633
2017-03-06 16:00:00,1553.0,1558.1636
2017-03-06 17:00:00,1565.0,1564.1105
2017-03-06 18:00:00,1600.0,1570.4553
2017-03-06 19:00:00,1583.0,1619.9667
2017-03-06 20:00:00,1536.0,1603.5365
2017-03-06 21:00:00,1471.0,1515.9955
2017-03-06 22:00:00,1385.0,1388.5348
2017-03-06 23:00:00,1293.0,1316.0717
2017-03-07 00:00:00,1246.0,1242.318
2017-03-07 01:00:00,1208.0,1216.9272
2017-03-07 02:00:00,1186.0,1198.5391
2017-03-07 03:00:00,1186.0,1195.3461
2017-03-07 04:00:00,1203.0,1221.3456
2017-03-07 05:00:00,1267.0,1275.432
2017-03-07 06:00:00,1397.0,1393.4021
2017-03-07 07:00:00,1484.0,1494.2496
2017-03-07 08:00:00,1515.0,1553.886
2017-03-07 09:00:00,1547.0,1575.188
2017-03-07 10:00:00,1559.0,1579.7954
2017-03-07 11:00:00,1568.0,1572.0153
2017-03-07 12:00:00,1574.0,1568.3394
2017-03-07 13:00:00,1579.0,1572.111
2017-03-07 14:00:00,1565.0,1576.792
2017-03-07 15:00:00,1552.0,1561.0739
2017-03-07 16:00:00,1544.0,1555.2736
2017-03-07 17:00:00,1564.0,1550.2534
2017-03-07 18:00:00,1603.0,1564.7727
2017-03-07 19:00:00,1580.0,1622.1683
2017-03-07 20:00:00,1550.0,1610.7734
2017-03-07 21:00:00,1479.0,1523.327
2017-03-07 22:00:00,1403.0,1399.7648
2017-03-07 23:00:00,1310.0,1332.0533
2017-03-08 00:00:00,1250.0,1253.9135
2017-03-08 01:00:00,1226.0,1220.2694
2017-03-08 02:00:00,1222.0,1212.8795
2017-03-08 03:00:00,1228.0,1224.5575
2017-03-08 04:00:00,1241.0,1257.4072
2017-03-08 05:00:00,1335.0,1321.4237
2017-03-08 06:00:00,1459.0,1468.8486
2017-03-08 07:00:00,1525.0,1555.9067
2017-03-08 08:00:00,1518.0,1588.6224
2017-03-08 09:00:00,1529.0,1567.6287
2017-03-08 10:00:00,1523.0,1556.1162
2017-03-08 11:00:00,1523.0,1546.9681
2017-03-08 12:00:00,1525.0,1531.8827
2017-03-08 13:00:00,1510.0,1531.6237
2017-03-08 14:00:00,1489.0,1513.2852
2017-03-08 15:00:00,1472.0,1494.029
2017-03-08 16:00:00,1456.0,1484.2593
2017-03-08 17:00:00,1481.0,1479.7128
2017-03-08 18:00:00,1541.0,1500.4236
2017-03-08 19:00:00,1572.0,1572.5779
2017-03-08 20:00:00,1539.0,1602.7487
2017-03-08 21:00:00,1482.0,1517.7147
2017-03-08 22:00:00,1413.0,1401.9854
2017-03-08 23:00:00,1325.0,1338.1323
2017-03-09 00:00:00,1265.0,1264.2815
2017-03-09 01:00:00,1226.0,1237.8918
2017-03-09 02:00:00,1225.0,1219.619
2017-03-09 03:00:00,1219.0,1224.8915
2017-03-09 04:00:00,1246.0,1250.8271
2017-03-09 05:00:00,1338.0,1324.279
2017-03-09 06:00:00,1457.0,1471.9679
2017-03-09 07:00:00,1535.0,1545.6249
2017-03-09 08:00:00,1562.0,1588.3007
2017-03-09 09:00:00,1567.0,1598.1036
2017-03-09 10:00:00,1559.0,1587.4147
2017-03-09 11:00:00,1567.0,1570.6466
2017-03-09 12:00:00,1553.0,1562.9641
2017-03-09 13:00:00,1550.0,1552.2758
2017-03-09 14:00:00,1529.0,1544.6544
2017-03-09 15:00:00,1504.0,1530.8145
2017-03-09 16:00:00,1488.0,1526.7191
2017-03-09 17:00:00,1509.0,1501.9437
2017-03-09 18:00:00,1550.0,1528.8862
2017-03-09 19:00:00,1564.0,1581.5972
2017-03-09 20:00:00,1539.0,1595.5039
2017-03-09 21:00:00,1476.0,1507.4955
2017-03-09 22:00:00,1405.0,1397.4331
2017-03-09 23:00:00,1324.0,1326.4124
2017-03-10 00:00:00,1295.0,1263.4357
2017-03-10 01:00:00,1281.0,1258.7361
2017-03-10 02:00:00,1269.0,1265.759
2017-03-10 03:00:00,1272.0,1276.8918
2017-03-10 04:00:00,1307.0,1305.227
2017-03-10 05:00:00,1398.0,1386.4756
2017-03-10 06:00:00,1528.0,1529.1478
2017-03-10 07:00:00,1585.0,1602.406
2017-03-10 08:00:00,1640.0,1615.4445
2017-03-10 09:00:00,1661.0,1664.5598
2017-03-10 10:00:00,1671.0,1678.6248
2017-03-10 11:00:00,1658.0,1674.2352
2017-03-10 12:00:00,1664.0,1650.8209
2017-03-10 13:00:00,1666.0,1657.7642
2017-03-10 14:00:00,1659.0,1645.2891
2017-03-10 15:00:00,1630.0,1631.5238
2017-03-10 16:00:00,1633.0,1612.2163
2017-03-10 17:00:00,1653.0,1618.1876
2017-03-10 18:00:00,1701.0,1648.1547
2017-03-10 19:00:00,1719.0,1705.2576
2017-03-10 20:00:00,1698.0,1712.4083
2017-03-10 21:00:00,1653.0,1652.7496
2017-03-10 22:00:00,1567.0,1567.8303
2017-03-10 23:00:00,1511.0,1475.497
2017-03-11 00:00:00,1452.0,1443.841
2017-03-11 01:00:00,1433.0,1407.7762
2017-03-11 02:00:00,1416.0,1416.0564
2017-03-11 03:00:00,1408.0,1414.7173
2017-03-11 04:00:00,1440.0,1425.3541
2017-03-11 05:00:00,1484.0,1475.1915
2017-03-11 06:00:00,1519.0,1540.8243
2017-03-11 07:00:00,1560.0,1549.9662
2017-03-11 08:00:00,1619.0,1592.13
2017-03-11 09:00:00,1657.0,1650.543
2017-03-11 10:00:00,1670.0,1669.5513
2017-03-11 11:00:00,1660.0,1675.8622
2017-03-11 12:00:00,1637.0,1656.8811
2017-03-11 13:00:00,1612.0,1621.86
2017-03-11 14:00:00,1595.0,1593.563
2017-03-11 15:00:00,1578.0,1581.8717
2017-03-11 16:00:00,1562.0,1575.1831
2017-03-11 17:00:00,1579.0,1570.273
2017-03-11 18:00:00,1653.0,1598.6575
2017-03-11 19:00:00,1692.0,1685.7915
2017-03-11 20:00:00,1677.0,1697.6759
2017-03-11 21:00:00,1650.0,1638.0853
2017-03-11 22:00:00,1595.0,1578.7415
2017-03-11 23:00:00,1537.0,1516.0724
2017-03-12 00:00:00,1482.0,1474.4016
2017-03-12 01:00:00,1464.0,1441.1912
2017-03-12 02:00:00,1444.0,1438.3595
2017-03-12 04:00:00,1445.0,1444.8491
2017-03-12 05:00:00,1462.0,1466.6256
2017-03-12 06:00:00,1478.0,1499.8871
2017-03-12 07:00:00,1521.0,1506.5697
2017-03-12 08:00:00,1546.0,1551.929
2017-03-12 09:00:00,1584.0,1578.8173
2017-03-12 10:00:00,1608.0,1599.0745
2017-03-12 11:00:00,1610.0,1615.4071
2017-03-12 12:00:00,1614.0,1600.2518
2017-03-12 13:00:00,1616.0,1603.0767
2017-03-12 14:00:00,1594.0,1601.4797
2017-03-12 15:00:00,1585.0,1585.2256
2017-03-12 16:00:00,1570.0,1583.3682
2017-03-12 17:00:00,1568.0,1576.4694
2017-03-12 18:00:00,1596.0,1583.9955
2017-03-12 19:00:00,1665.0,1634.6116
2017-03-12 20:00:00,1705.0,1694.7155
2017-03-12 21:00:00,1680.0,1667.658
2017-03-12 22:00:00,1617.0,1617.4065
2017-03-12 23:00:00,1553.0,1531.3927
2017-03-13 00:00:00,1498.0,1484.6575
2017-03-13 01:00:00,1466.0,1462.3889
2017-03-13 02:00:00,1463.0,1453.4489
2017-03-13 03:00:00,1478.0,1465.0032
2017-03-13 04:00:00,1490.0,1514.8915
2017-03-13 05:00:00,1559.0,1563.5776
2017-03-13 06:00:00,1701.0,1668.5415
2017-03-13 07:00:00,1796.0,1769.3333
2017-03-13 08:00:00,1804.0,1832.6826
2017-03-13 09:00:00,1796.0,1830.9178
2017-03-13 10:00:00,1790.0,1802.1926
2017-03-13 11:00:00,1775.0,1779.989
2017-03-13 12:00:00,1750.0,1764.0107
2017-03-13 13:00:00,1714.0,1742.2329
2017-03-13 14:00:00,1670.0,1704.3804
2017-03-13 15:00:00,1642.0,1657.1206
2017-03-13 16:00:00,1634.0,1637.6766
2017-03-13 17:00:00,1633.0,1631.9552
2017-03-13 18:00:00,1641.0,1656.7954
2017-03-13 19:00:00,1707.0,1688.8228
2017-03-13 20:00:00,1690.0,1737.6256
2017-03-13 21:00:00,1645.0,1649.265
2017-03-13 22:00:00,1557.0,1548.2871
2017-03-13 23:00:00,1459.0,1456.8807
2017-03-14 00:00:00,1375.0,1404.6588
2017-03-14 01:00:00,1341.0,1347.881
2017-03-14 02:00:00,1337.0,1325.4323
2017-03-14 03:00:00,1327.0,1334.9928
2017-03-14 04:00:00,1357.0,1354.419
2017-03-14 05:00:00,1433.0,1426.6202
2017-03-14 06:00:00,1558.0,1570.3665
2017-03-14 07:00:00,1674.0,1643.3248
2017-03-14 08:00:00,1708.0,1697.2844
2017-03-14 09:00:00,1751.0,1719.3904
2017-03-14 10:00:00,1788.0,1767.8959
2017-03-14 11:00:00,1810.0,1789.2434
2017-03-14 12:00:00,1814.0,1809.754
2017-03-14 13:00:00,1799.0,1810.7621
2017-03-14 14:00:00,1777.0,1786.9406
2017-03-14 15:00:00,1778.0,1759.0648
2017-03-14 16:00:00,1789.0,1777.3165
2017-03-14 17:00:00,1801.0,1792.8384
2017-03-14 18:00:00,1810.0,1812.9758
2017-03-14 19:00:00,1863.0,1824.4895
2017-03-14 20:00:00,1880.0,1858.5468
2017-03-14 21:00:00,1808.0,1826.0852
2017-03-14 22:00:00,1713.0,1705.608
2017-03-14 23:00:00,1650.0,1609.959
2017-03-15 00:00:00,1580.0,1573.3533
2017-03-15 01:00:00,1560.0,1538.8644
2017-03-15 02:00:00,1543.0,1549.035
2017-03-15 03:00:00,1527.0,1535.3237
2017-03-15 04:00:00,1568.0,1552.5321
2017-03-15 05:00:00,1637.0,1645.995
2017-03-15 06:00:00,1757.0,1763.8445
2017-03-15 07:00:00,1873.0,1832.4504
2017-03-15 08:00:00,1903.0,1901.0182
2017-03-15 09:00:00,1914.0,1918.2617
2017-03-15 10:00:00,1918.0,1918.6069
2017-03-15 11:00:00,1915.0,1906.1523
2017-03-15 12:00:00,1898.0,1897.9354
2017-03-15 13:00:00,1893.0,1881.4302
2017-03-15 14:00:00,1866.0,1875.9196
2017-03-15 15:00:00,1824.0,1850.2289
2017-03-15 16:00:00,1813.0,1825.9388
2017-03-15 17:00:00,1792.0,1816.5006
2017-03-15 18:00:00,1781.0,1822.2021
2017-03-15 19:00:00,1834.0,1805.4019
2017-03-15 20:00:00,1867.0,1844.6765
2017-03-15 21:00:00,1796.0,1818.7836
2017-03-15 22:00:00,1700.0,1696.1791
2017-03-15 23:00:00,1622.0,1601.7021
2017-03-16 00:00:00,1564.0,1552.5162
2017-03-16 01:00:00,1513.0,1525.5573
2017-03-16 02:00:00,1494.0,1495.9181
2017-03-16 03:00:00,1474.0,1495.4609
2017-03-16 04:00:00,1509.0,1493.5874
2017-03-16 05:00:00,1594.0,1591.0715
2017-03-16 06:00:00,1719.0,1739.1775
2017-03-16 07:00:00,1808.0,1794.1062
2017-03-16 08:00:00,1822.0,1826.305
2017-03-16 09:00:00,1824.0,1830.9667
2017-03-16 10:00:00,1827.0,1828.1852
2017-03-16 11:00:00,1818.0,1817.6451
2017-03-16 12:00:00,1787.0,1807.0781
2017-03-16 13:00:00,1770.0,1771.8253
2017-03-16 14:00:00,1747.0,1751.0978
2017-03-16 15:00:00,1696.0,1730.2186
2017-03-16 16:00:00,1660.0,1695.1125
2017-03-16 17:00:00,1634.0,1667.8191
2017-03-16 18:00:00,1649.0,1657.0237
2017-03-16 19:00:00,1716.0,1695.6841
2017-03-16 20:00:00,1739.0,1744.1443
2017-03-16 21:00:00,1700.0,1687.3801
2017-03-16 22:00:00,1611.0,1608.8566
2017-03-16 23:00:00,1537.0,1524.9166
2017-03-17 00:00:00,1479.0,1473.3685
2017-03-17 01:00:00,1448.0,1439.5073
2017-03-17 02:00:00,1456.0,1430.9142
2017-03-17 03:00:00,1448.0,1454.7524
2017-03-17 04:00:00,1487.0,1475.0951
2017-03-17 05:00:00,1568.0,1558.9515
2017-03-17 06:00:00,1685.0,1691.7974
2017-03-17 07:00:00,1770.0,1759.884
2017-03-17 08:00:00,1782.0,1785.4634
2017-03-17 09:00:00,1767.0,1780.3553
2017-03-17 10:00:00,1742.0,1760.4991
2017-03-17 11:00:00,1726.0,1725.1744
2017-03-17 12:00:00,1685.0,1703.9321
2017-03-17 13:00:00,1686.0,1669.9672
2017-03-17 14:00:00,1694.0,1661.4142
2017-03-17 15:00:00,1669.0,1679.9983
2017-03-17 16:00:00,1675.0,1664.5873
2017-03-17 17:00:00,1672.0,1670.1228
2017-03-17 18:00:00,1656.0,1675.6892
2017-03-17 19:00:00,1669.0,1676.8624
2017-03-17 20:00:00,1667.0,1689.4785
2017-03-17 21:00:00,1619.0,1624.2659
2017-03-17 22:00:00,1548.0,1545.8033
2017-03-17 23:00:00,1476.0,1474.9045
2017-03-18 00:00:00,1412.0,1410.715
2017-03-18 01:00:00,1372.0,1373.3584
2017-03-18 02:00:00,1348.0,1354.5792
2017-03-18 03:00:00,1332.0,1334.2671
2017-03-18 04:00:00,1351.0,1334.4093
2017-03-18 05:00:00,1369.0,1373.7299
2017-03-18 06:00:00,1403.0,1410.0026
2017-03-18 07:00:00,1460.0,1435.4098
2017-03-18 08:00:00,1501.0,1500.0762
2017-03-18 09:00:00,1540.0,1533.8331
2017-03-18 10:00:00,1580.0,1558.5922
2017-03-18 11:00:00,1570.0,1584.1177
2017-03-18 12:00:00,1549.0,1559.761
2017-03-18 13:00:00,1537.0,1533.8538
2017-03-18 14:00:00,1515.0,1520.9939
2017-03-18 15:00:00,1489.0,1501.7802
2017-03-18 16:00:00,1480.0,1493.1969
2017-03-18 17:00:00,1492.0,1488.922
2017-03-18 18:00:00,1526.0,1512.4552
2017-03-18 19:00:00,1559.0,1573.1271
2017-03-18 20:00:00,1552.0,1591.4652
2017-03-18 21:00:00,1525.0,1529.2106
2017-03-18 22:00:00,1462.0,1472.7305
2017-03-18 23:00:00,1404.0,1389.4938
2017-03-19 00:00:00,1361.0,1344.7053
2017-03-19 01:00:00,1320.0,1316.6757
2017-03-19 02:00:00,1298.0,1295.4376
2017-03-19 03:00:00,1299.0,1287.6589
2017-03-19 04:00:00,1294.0,1311.8096
2017-03-19 05:00:00,1307.0,1315.9656
2017-03-19 06:00:00,1351.0,1348.3529
2017-03-19 07:00:00,1371.0,1383.2711
2017-03-19 08:00:00,1415.0,1413.1958
2017-03-19 09:00:00,1471.0,1444.8024
2017-03-19 10:00:00,1486.0,1496.6177
2017-03-19 11:00:00,1493.0,1485.214
2017-03-19 12:00:00,1498.0,1489.6399
2017-03-19 13:00:00,1487.0,1491.1641
2017-03-19 14:00:00,1474.0,1478.7888
2017-03-19 15:00:00,1449.0,1464.6946
2017-03-19 16:00:00,1454.0,1447.4058
2017-03-19 17:00:00,1469.0,1467.3009
2017-03-19 18:00:00,1491.0,1489.4998
2017-03-19 19:00:00,1536.0,1535.5867
2017-03-19 20:00:00,1533.0,1583.7302
2017-03-19 21:00:00,1504.0,1517.656
2017-03-19 22:00:00,1437.0,1441.357
2017-03-19 23:00:00,1359.0,1353.034
2017-03-20 00:00:00,1301.0,1298.8512
2017-03-20 01:00:00,1280.0,1270.8591
2017-03-20 02:00:00,1263.0,1267.9114
2017-03-20 03:00:00,1264.0,1272.185
2017-03-20 04:00:00,1298.0,1293.8353
2017-03-20 05:00:00,1373.0,1384.2664
2017-03-20 06:00:00,1517.0,1514.1947
2017-03-20 07:00:00,1589.0,1607.9486
2017-03-20 08:00:00,1614.0,1644.5948
2017-03-20 09:00:00,1610.0,1656.5118
2017-03-20 10:00:00,1589.0,1639.3923
2017-03-20 11:00:00,1588.0,1599.7561
2017-03-20 12:00:00,1587.0,1591.6493
2017-03-20 13:00:00,1568.0,1590.709
2017-03-20 14:00:00,1514.0,1566.9874
2017-03-20 15:00:00,1503.0,1517.4954
2017-03-20 16:00:00,1504.0,1532.9678
2017-03-20 17:00:00,1513.0,1532.305
2017-03-20 18:00:00,1501.0,1535.0665
2017-03-20 19:00:00,1531.0,1552.2986
2017-03-20 20:00:00,1529.0,1579.4835
2017-03-20 21:00:00,1485.0,1515.57
2017-03-20 22:00:00,1387.0,1414.9935
2017-03-20 23:00:00,1296.0,1316.1826
2017-03-21 00:00:00,1236.0,1246.7637
2017-03-21 01:00:00,1199.0,1206.5433
2017-03-21 02:00:00,1189.0,1186.3774
2017-03-21 03:00:00,1188.0,1195.4929
2017-03-21 04:00:00,1223.0,1221.08
2017-03-21 05:00:00,1306.0,1297.9363
2017-03-21 06:00:00,1425.0,1441.6486
2017-03-21 07:00:00,1509.0,1514.5928
2017-03-21 08:00:00,1537.0,1580.2822
2017-03-21 09:00:00,1548.0,1595.1973
2017-03-21 10:00:00,1539.0,1582.6229
2017-03-21 11:00:00,1537.0,1565.6727
2017-03-21 12:00:00,1512.0,1552.0115
2017-03-21 13:00:00,1499.0,1528.7301
2017-03-21 14:00:00,1502.0,1514.5232
2017-03-21 15:00:00,1505.0,1523.4966
2017-03-21 16:00:00,1491.0,1530.07
2017-03-21 17:00:00,1477.0,1518.9138
2017-03-21 18:00:00,1462.0,1510.6334
2017-03-21 19:00:00,1498.0,1519.3545
2017-03-21 20:00:00,1531.0,1553.2291
2017-03-21 21:00:00,1482.0,1520.8402
2017-03-21 22:00:00,1405.0,1423.7241
2017-03-21 23:00:00,1332.0,1330.2079
2017-03-22 00:00:00,1294.0,1271.1241
2017-03-22 01:00:00,1278.0,1259.8381
2017-03-22 02:00:00,1265.0,1264.6256
2017-03-22 03:00:00,1276.0,1280.2544
2017-03-22 04:00:00,1320.0,1313.4358
2017-03-22 05:00:00,1404.0,1407.7203
2017-03-22 06:00:00,1555.0,1543.219
2017-03-22 07:00:00,1645.0,1639.2635
2017-03-22 08:00:00,1659.0,1668.213
2017-03-22 09:00:00,1668.0,1675.0985
2017-03-22 10:00:00,1651.0,1688.644
2017-03-22 11:00:00,1653.0,1655.6587
2017-03-22 12:00:00,1634.0,1650.8328
2017-03-22 13:00:00,1612.0,1630.8846
2017-03-22 14:00:00,1603.0,1608.6635
2017-03-22 15:00:00,1580.0,1597.7909
2017-03-22 16:00:00,1550.0,1584.571
2017-03-22 17:00:00,1553.0,1553.7347
2017-03-22 18:00:00,1553.0,1562.4813
2017-03-22 19:00:00,1601.0,1587.4316
2017-03-22 20:00:00,1665.0,1637.2832
2017-03-22 21:00:00,1604.0,1620.5452
2017-03-22 22:00:00,1523.0,1508.9207
2017-03-22 23:00:00,1455.0,1424.6995
2017-03-23 00:00:00,1405.0,1391.3313
2017-03-23 01:00:00,1385.0,1370.462
2017-03-23 02:00:00,1374.0,1371.3398
2017-03-23 03:00:00,1382.0,1375.2175
2017-03-23 04:00:00,1414.0,1411.7085
2017-03-23 05:00:00,1505.0,1481.9824
2017-03-23 06:00:00,1641.0,1634.0419
2017-03-23 07:00:00,1729.0,1702.3785
2017-03-23 08:00:00,1734.0,1756.3888
2017-03-23 09:00:00,1709.0,1744.2213
2017-03-23 10:00:00,1705.0,1716.8107
2017-03-23 11:00:00,1675.0,1699.6794
2017-03-23 12:00:00,1660.0,1668.7253
2017-03-23 13:00:00,1623.0,1660.3076
2017-03-23 14:00:00,1598.0,1611.0199
2017-03-23 15:00:00,1568.0,1582.7551
2017-03-23 16:00:00,1545.0,1568.8933
2017-03-23 17:00:00,1515.0,1549.7294
2017-03-23 18:00:00,1496.0,1530.1864
2017-03-23 19:00:00,1542.0,1543.5004
2017-03-23 20:00:00,1583.0,1598.985
2017-03-23 21:00:00,1542.0,1567.0787
2017-03-23 22:00:00,1450.0,1467.0199
2017-03-23 23:00:00,1370.0,1372.9229
2017-03-24 00:00:00,1324.0,1314.4375
2017-03-24 01:00:00,1286.0,1291.4099
2017-03-24 02:00:00,1282.0,1272.8488
2017-03-24 03:00:00,1285.0,1280.0381
2017-03-24 04:00:00,1289.0,1305.124
2017-03-24 05:00:00,1362.0,1364.8423
2017-03-24 06:00:00,1485.0,1496.0791
2017-03-24 07:00:00,1570.0,1560.2297
2017-03-24 08:00:00,1590.0,1589.7262
2017-03-24 09:00:00,1596.0,1606.8442
2017-03-24 10:00:00,1600.0,1614.9336
2017-03-24 11:00:00,1599.0,1600.4758
2017-03-24 12:00:00,1576.0,1587.2074
2017-03-24 13:00:00,1573.0,1563.6376
2017-03-24 14:00:00,1542.0,1562.3921
2017-03-24 15:00:00,1527.0,1527.5117
2017-03-24 16:00:00,1501.0,1522.1106
2017-03-24 17:00:00,1473.0,1507.2728
2017-03-24 18:00:00,1453.0,1481.4824
2017-03-24 19:00:00,1458.0,1495.656
2017-03-24 20:00:00,1477.0,1505.3033
2017-03-24 21:00:00,1434.0,1467.8129
2017-03-24 22:00:00,1354.0,1374.9546
2017-03-24 23:00:00,1288.0,1302.4731
2017-03-25 00:00:00,1220.0,1230.08
2017-03-25 01:00:00,1176.0,1186.8584
2017-03-25 02:00:00,1145.0,1162.0115
2017-03-25 03:00:00,1130.0,1153.3174
2017-03-25 04:00:00,1136.0,1137.7736
2017-03-25 05:00:00,1154.0,1154.1357
2017-03-25 06:00:00,1203.0,1205.7454
2017-03-25 07:00:00,1247.0,1239.894
2017-03-25 08:00:00,1298.0,1296.3876
2017-03-25 09:00:00,1352.0,1352.0234
2017-03-25 10:00:00,1395.0,1384.8357
2017-03-25 11:00:00,1406.0,1407.9646
2017-03-25 12:00:00,1410.0,1403.6685
2017-03-25 13:00:00,1385.0,1394.6553
2017-03-25 14:00:00,1393.0,1368.3027
2017-03-25 15:00:00,1376.0,1381.9646
2017-03-25 16:00:00,1364.0,1366.4589
2017-03-25 17:00:00,1372.0,1350.9851
2017-03-25 18:00:00,1366.0,1363.128
2017-03-25 19:00:00,1397.0,1389.1042
2017-03-25 20:00:00,1416.0,1448.2151
2017-03-25 21:00:00,1380.0,1418.2719
2017-03-25 22:00:00,1308.0,1325.6172
2017-03-25 23:00:00,1238.0,1262.4803
2017-03-26 00:00:00,1177.0,1172.111
2017-03-26 01:00:00,1137.0,1136.1461
2017-03-26 02:00:00,1117.0,1110.6158
2017-03-26 03:00:00,1092.0,1099.4949
2017-03-26 04:00:00,1083.0,1089.9644
2017-03-26 05:00:00,1093.0,1116.856
2017-03-26 06:00:00,1119.0,1134.9685
2017-03-26 07:00:00,1138.0,1136.2633
2017-03-26 08:00:00,1202.0,1194.7511
2017-03-26 09:00:00,1253.0,1263.8115
2017-03-26 10:00:00,1288.0,1299.0631
2017-03-26 11:00:00,1313.0,1316.7595
2017-03-26 12:00:00,1333.0,1329.0625
2017-03-26 13:00:00,1326.0,1333.7533
2017-03-26 14:00:00,1325.0,1335.5442
2017-03-26 15:00:00,1304.0,1327.8127
2017-03-26 16:00:00,1304.0,1306.9512
2017-03-26 17:00:00,1309.0,1299.0664
2017-03-26 18:00:00,1324.0,1303.5846
2017-03-26 19:00:00,1383.0,1344.9316
2017-03-26 20:00:00,1376.0,1450.3127
2017-03-26 21:00:00,1338.0,1398.4249
2017-03-26 22:00:00,1268.0,1294.283
2017-03-26 23:00:00,1185.0,1275.6785
2017-03-27 00:00:00,1135.0,1180.3297
2017-03-27 01:00:00,1105.0,1117.7036
2017-03-27 02:00:00,1092.0,1114.4116
2017-03-27 03:00:00,1093.0,1115.2314
2017-03-27 04:00:00,1110.0,1140.1217
2017-03-27 05:00:00,1189.0,1207.3206
2017-03-27 06:00:00,1320.0,1312.3876
2017-03-27 07:00:00,1410.0,1440.1665
2017-03-27 08:00:00,1434.0,1501.2211
2017-03-27 09:00:00,1473.0,1518.2225
2017-03-27 10:00:00,1490.0,1529.0403
2017-03-27 11:00:00,1498.0,1508.3491
2017-03-27 12:00:00,1513.0,1508.9933
2017-03-27 13:00:00,1515.0,1514.3284
2017-03-27 14:00:00,1512.0,1511.0983
2017-03-27 15:00:00,1513.0,1512.6663
2017-03-27 16:00:00,1494.0,1522.0779
2017-03-27 17:00:00,1455.0,1508.923
2017-03-27 18:00:00,1443.0,1470.1073
2017-03-27 19:00:00,1456.0,1471.0653
2017-03-27 20:00:00,1482.0,1518.6046
2017-03-27 21:00:00,1418.0,1480.581
2017-03-27 22:00:00,1319.0,1344.0059
2017-03-27 23:00:00,1236.0,1302.753
2017-03-28 00:00:00,1156.0,1188.8474
2017-03-28 01:00:00,1136.0,1138.5875
2017-03-28 02:00:00,1108.0,1123.1016
2017-03-28 03:00:00,1104.0,1113.5416
2017-03-28 04:00:00,1125.0,1142.8755
2017-03-28 05:00:00,1198.0,1198.0725
2017-03-28 06:00:00,1328.0,1317.9457
2017-03-28 07:00:00,1416.0,1440.7828
2017-03-28 08:00:00,1469.0,1517.2218
2017-03-28 09:00:00,1487.0,1546.7191
2017-03-28 10:00:00,1514.0,1537.0825
2017-03-28 11:00:00,1531.0,1535.1221
2017-03-28 12:00:00,1533.0,1537.6637
2017-03-28 13:00:00,1526.0,1532.6788
2017-03-28 14:00:00,1518.0,1529.9274
2017-03-28 15:00:00,1496.0,1527.4987
2017-03-28 16:00:00,1506.0,1522.8099
2017-03-28 17:00:00,1487.0,1522.8983
2017-03-28 18:00:00,1450.0,1498.7067
2017-03-28 19:00:00,1491.0,1495.6682
2017-03-28 20:00:00,1502.0,1546.5299
2017-03-28 21:00:00,1451.0,1500.35
2017-03-28 22:00:00,1367.0,1389.4915
2017-03-28 23:00:00,1286.0,1286.9287
2017-03-29 00:00:00,1207.0,1234.4165
2017-03-29 01:00:00,1184.0,1178.2333
2017-03-29 02:00:00,1170.0,1172.3959
2017-03-29 03:00:00,1162.0,1176.5115
2017-03-29 04:00:00,1189.0,1181.9741
2017-03-29 05:00:00,1271.0,1268.8445
2017-03-29 06:00:00,1400.0,1417.3065
2017-03-29 07:00:00,1466.0,1494.5553
2017-03-29 08:00:00,1498.0,1542.6423
2017-03-29 09:00:00,1505.0,1561.4105
2017-03-29 10:00:00,1499.0,1551.38
2017-03-29 11:00:00,1493.0,1524.2794
2017-03-29 12:00:00,1497.0,1513.499
2017-03-29 13:00:00,1490.0,1515.2167
2017-03-29 14:00:00,1472.0,1501.7552
2017-03-29 15:00:00,1472.0,1479.6917
2017-03-29 16:00:00,1459.0,1485.069
2017-03-29 17:00:00,1439.0,1476.5837
2017-03-29 18:00:00,1411.0,1446.8898
2017-03-29 19:00:00,1411.0,1443.6095
2017-03-29 20:00:00,1462.0,1476.6127
2017-03-29 21:00:00,1421.0,1476.2673
2017-03-29 22:00:00,1321.0,1349.8833
2017-03-29 23:00:00,1239.0,1318.3015
2017-03-30 00:00:00,1189.0,1196.537
2017-03-30 01:00:00,1153.0,1163.6533
2017-03-30 02:00:00,1145.0,1159.2816
2017-03-30 03:00:00,1140.0,1160.5365
2017-03-30 04:00:00,1170.0,1147.9348
2017-03-30 05:00:00,1249.0,1257.8921
2017-03-30 06:00:00,1385.0,1397.3035
2017-03-30 07:00:00,1464.0,1473.1006
2017-03-30 08:00:00,1493.0,1536.762
2017-03-30 09:00:00,1505.0,1549.0521
2017-03-30 10:00:00,1527.0,1541.4802
2017-03-30 11:00:00,1536.0,1530.0917
2017-03-30 12:00:00,1518.0,1538.4586
2017-03-30 13:00:00,1514.0,1519.0664
2017-03-30 14:00:00,1529.0,1519.1997
2017-03-30 15:00:00,1494.0,1524.1488
2017-03-30 16:00:00,1466.0,1512.8594
2017-03-30 17:00:00,1454.0,1470.6582
2017-03-30 18:00:00,1460.0,1471.0701
2017-03-30 19:00:00,1489.0,1493.065
2017-03-30 20:00:00,1515.0,1535.5247
2017-03-30 21:00:00,1457.0,1501.2516
2017-03-30 22:00:00,1356.0,1393.8502
2017-03-30 23:00:00,1282.0,1293.349
2017-03-31 00:00:00,1216.0,1223.0504
2017-03-31 01:00:00,1165.0,1179.6749
2017-03-31 02:00:00,1180.0,1152.2886
2017-03-31 03:00:00,1161.0,1172.0043
2017-03-31 04:00:00,1174.0,1178.1403
2017-03-31 05:00:00,1248.0,1248.6752
2017-03-31 06:00:00,1376.0,1386.2351
2017-03-31 07:00:00,1456.0,1465.4116
2017-03-31 08:00:00,1501.0,1541.1338
2017-03-31 09:00:00,1535.0,1563.2329
2017-03-31 10:00:00,1566.0,1576.0525
2017-03-31 11:00:00,1563.0,1580.3813
2017-03-31 12:00:00,1542.0,1559.2404
2017-03-31 13:00:00,1524.0,1535.6049
2017-03-31 14:00:00,1509.0,1517.9904
2017-03-31 15:00:00,1493.0,1509.8773
2017-03-31 16:00:00,1480.0,1509.8828
2017-03-31 17:00:00,1465.0,1492.1831
2017-03-31 18:00:00,1436.0,1475.2843
2017-03-31 19:00:00,1451.0,1479.4619
2017-03-31 20:00:00,1467.0,1502.7122
2017-03-31 21:00:00,1408.0,1460.6746
2017-03-31 22:00:00,1361.0,1328.5001
2017-03-31 23:00:00,1276.0,1288.2334
2017-04-01 00:00:00,1212.0,1214.015
2017-04-01 01:00:00,1185.0,1169.1407
2017-04-01 02:00:00,1164.0,1159.8783
2017-04-01 03:00:00,1164.0,1144.0845
2017-04-01 04:00:00,1173.0,1156.3323
2017-04-01 05:00:00,1194.0,1193.8254
2017-04-01 06:00:00,1247.0,1232.3987
2017-04-01 07:00:00,1305.0,1280.8018
2017-04-01 08:00:00,1335.0,1349.837
2017-04-01 09:00:00,1400.0,1373.0393
2017-04-01 10:00:00,1424.0,1423.6426
2017-04-01 11:00:00,1444.0,1428.8383
2017-04-01 12:00:00,1440.0,1436.292
2017-04-01 13:00:00,1424.0,1429.0107
2017-04-01 14:00:00,1418.0,1419.0603
2017-04-01 15:00:00,1417.0,1405.3887
2017-04-01 16:00:00,1424.0,1417.6403
2017-04-01 17:00:00,1435.0,1423.5746
2017-04-01 18:00:00,1417.0,1427.7515
2017-04-01 19:00:00,1446.0,1441.636
2017-04-01 20:00:00,1457.0,1511.5227
2017-04-01 21:00:00,1425.0,1455.9193
2017-04-01 22:00:00,1371.0,1363.9607
2017-04-01 23:00:00,1306.0,1290.493
2017-04-02 00:00:00,1263.0,1242.885
2017-04-02 01:00:00,1229.0,1213.8616
2017-04-02 02:00:00,1215.0,1196.6619
2017-04-02 03:00:00,1206.0,1190.2548
2017-04-02 04:00:00,1208.0,1199.9938
2017-04-02 05:00:00,1240.0,1230.4846
2017-04-02 06:00:00,1265.0,1275.2673
2017-04-02 07:00:00,1255.0,1284.3434
2017-04-02 08:00:00,1299.0,1305.7554
2017-04-02 09:00:00,1312.0,1339.1678
2017-04-02 10:00:00,1309.0,1338.9238
2017-04-02 11:00:00,1308.0,1326.3871
2017-04-02 12:00:00,1303.0,1303.5975
2017-04-02 13:00:00,1292.0,1296.648
2017-04-02 14:00:00,1273.0,1290.0055
2017-04-02 15:00:00,1267.0,1274.5306
2017-04-02 16:00:00,1272.0,1265.4607
2017-04-02 17:00:00,1275.0,1265.9069
2017-04-02 18:00:00,1278.0,1263.2096
2017-04-02 19:00:00,1328.0,1281.8257
2017-04-02 20:00:00,1384.0,1391.0863
2017-04-02 21:00:00,1354.0,1412.883
2017-04-02 22:00:00,1279.0,1309.6476
2017-04-02 23:00:00,1199.0,1284.3226
2017-04-03 00:00:00,1151.0,1189.2141
2017-04-03 01:00:00,1146.0,1148.3972
2017-04-03 02:00:00,1141.0,1153.2981
2017-04-03 03:00:00,1138.0,1132.5891
2017-04-03 04:00:00,1150.0,1149.2311
2017-04-03 05:00:00,1242.0,1238.6592
2017-04-03 06:00:00,1375.0,1386.9409
2017-04-03 07:00:00,1434.0,1470.1571
2017-04-03 08:00:00,1431.0,1507.9036
2017-04-03 09:00:00,1439.0,1506.5989
2017-04-03 10:00:00,1451.0,1484.7611
2017-04-03 11:00:00,1462.0,1467.2213
2017-04-03 12:00:00,1468.0,1462.0325
2017-04-03 13:00:00,1486.0,1464.0609
2017-04-03 14:00:00,1462.0,1489.7891
2017-04-03 15:00:00,1451.0,1472.4285
2017-04-03 16:00:00,1458.0,1454.6034
2017-04-03 17:00:00,1455.0,1461.675
2017-04-03 18:00:00,1460.0,1456.2595
2017-04-03 19:00:00,1473.0,1487.0033
2017-04-03 20:00:00,1478.0,1531.5787
2017-04-03 21:00:00,1431.0,1481.3555
2017-04-03 22:00:00,1339.0,1372.7474
2017-04-03 23:00:00,1241.0,1304.8009
2017-04-04 00:00:00,1171.0,1192.4948
2017-04-04 01:00:00,1143.0,1153.1378
2017-04-04 02:00:00,1125.0,1129.4242
2017-04-04 03:00:00,1125.0,1124.3156
2017-04-04 04:00:00,1157.0,1147.7385
2017-04-04 05:00:00,1219.0,1235.2861
2017-04-04 06:00:00,1335.0,1346.7264
2017-04-04 07:00:00,1420.0,1424.4784
2017-04-04 08:00:00,1442.0,1497.583
2017-04-04 09:00:00,1488.0,1516.8651
2017-04-04 10:00:00,1502.0,1534.3774
2017-04-04 11:00:00,1521.0,1526.179
2017-04-04 12:00:00,1514.0,1522.6826
2017-04-04 13:00:00,1503.0,1523.5303
2017-04-04 14:00:00,1495.0,1513.2235
2017-04-04 15:00:00,1463.0,1503.1884
2017-04-04 16:00:00,1464.0,1478.8593
2017-04-04 17:00:00,1442.0,1475.6998
2017-04-04 18:00:00,1440.0,1451.2585
2017-04-04 19:00:00,1473.0,1464.7086
2017-04-04 20:00:00,1493.0,1527.0422
2017-04-04 21:00:00,1442.0,1491.6671
2017-04-04 22:00:00,1362.0,1374.3674
2017-04-04 23:00:00,1251.0,1288.9052
2017-04-05 00:00:00,1184.0,1203.2382
2017-04-05 01:00:00,1162.0,1161.5911
2017-04-05 02:00:00,1138.0,1150.0155
2017-04-05 03:00:00,1139.0,1130.8125
2017-04-05 04:00:00,1159.0,1144.9402
2017-04-05 05:00:00,1234.0,1229.3285
2017-04-05 06:00:00,1360.0,1374.8585
2017-04-05 07:00:00,1441.0,1464.7095
2017-04-05 08:00:00,1474.0,1529.3905
2017-04-05 09:00:00,1503.0,1539.6047
2017-04-05 10:00:00,1509.0,1550.5867
2017-04-05 11:00:00,1487.0,1524.4735
2017-04-05 12:00:00,1489.0,1505.3993
2017-04-05 13:00:00,1475.0,1494.1376
2017-04-05 14:00:00,1469.0,1479.2996
2017-04-05 15:00:00,1474.0,1480.8698
2017-04-05 16:00:00,1460.0,1491.3743
2017-04-05 17:00:00,1461.0,1474.2269
2017-04-05 18:00:00,1458.0,1463.7545
2017-04-05 19:00:00,1451.0,1487.4918
2017-04-05 20:00:00,1481.0,1510.908
2017-04-05 21:00:00,1431.0,1481.063
2017-04-05 22:00:00,1335.0,1371.8204
2017-04-05 23:00:00,1248.0,1318.7355
2017-04-06 00:00:00,1162.0,1197.5001
2017-04-06 01:00:00,1148.0,1141.5176
2017-04-06 02:00:00,1132.0,1145.4591
2017-04-06 03:00:00,1124.0,1124.7045
2017-04-06 04:00:00,1141.0,1149.2639
2017-04-06 05:00:00,1210.0,1186.7703
2017-04-06 06:00:00,1340.0,1336.272
2017-04-06 07:00:00,1426.0,1441.63
2017-04-06 08:00:00,1476.0,1510.0907
2017-04-06 09:00:00,1509.0,1538.521
2017-04-06 10:00:00,1519.0,1547.6812
2017-04-06 11:00:00,1516.0,1532.8036
2017-04-06 12:00:00,1533.0,1516.5072
2017-04-06 13:00:00,1510.0,1527.3737
2017-04-06 14:00:00,1493.0,1509.6178
2017-04-06 15:00:00,1492.0,1498.3472
2017-04-06 16:00:00,1495.0,1507.7722
2017-04-06 17:00:00,1512.0,1506.8344
2017-04-06 18:00:00,1501.0,1518.192
2017-04-06 19:00:00,1510.0,1528.3151
2017-04-06 20:00:00,1539.0,1558.0851
2017-04-06 21:00:00,1501.0,1517.3236
2017-04-06 22:00:00,1419.0,1403.4884
2017-04-06 23:00:00,1351.0,1324.5929
2017-04-07 00:00:00,1298.0,1277.8845
2017-04-07 01:00:00,1259.0,1249.6284
2017-04-07 02:00:00,1249.0,1245.4597
2017-04-07 03:00:00,1258.0,1247.0624
2017-04-07 04:00:00,1292.0,1288.6882
2017-04-07 05:00:00,1354.0,1367.9443
2017-04-07 06:00:00,1497.0,1486.0765
2017-04-07 07:00:00,1555.0,1564.6454
2017-04-07 08:00:00,1610.0,1597.7703
2017-04-07 09:00:00,1647.0,1645.6423
2017-04-07 10:00:00,1664.0,1672.3727
2017-04-07 11:00:00,1677.0,1671.8696
2017-04-07 12:00:00,1674.0,1672.3845
2017-04-07 13:00:00,1681.0,1666.9542
2017-04-07 14:00:00,1646.0,1658.6813
2017-04-07 15:00:00,1627.0,1627.7687
2017-04-07 16:00:00,1612.0,1607.4462
2017-04-07 17:00:00,1584.0,1589.5131
2017-04-07 18:00:00,1544.0,1559.6112
2017-04-07 19:00:00,1547.0,1539.6444
2017-04-07 20:00:00,1574.0,1583.3826
2017-04-07 21:00:00,1532.0,1548.545
2017-04-07 22:00:00,1452.0,1436.2643
2017-04-07 23:00:00,1390.0,1363.3235
2017-04-08 00:00:00,1344.0,1308.6876
2017-04-08 01:00:00,1324.0,1284.3561
2017-04-08 02:00:00,1295.0,1292.3558
2017-04-08 03:00:00,1289.0,1282.212
2017-04-08 04:00:00,1302.0,1300.1095
2017-04-08 05:00:00,1324.0,1331.865
2017-04-08 06:00:00,1373.0,1366.6982
2017-04-08 07:00:00,1398.0,1406.1862
2017-04-08 08:00:00,1434.0,1444.1362
2017-04-08 09:00:00,1444.0,1471.0958
2017-04-08 10:00:00,1437.0,1469.7847
2017-04-08 11:00:00,1424.0,1446.6393
2017-04-08 12:00:00,1401.0,1426.3331
2017-04-08 13:00:00,1368.0,1392.8682
2017-04-08 14:00:00,1323.0,1363.7338
2017-04-08 15:00:00,1325.0,1319.483
2017-04-08 16:00:00,1316.0,1330.202
2017-04-08 17:00:00,1312.0,1323.0338
2017-04-08 18:00:00,1319.0,1315.4
2017-04-08 19:00:00,1330.0,1330.3429
2017-04-08 20:00:00,1387.0,1397.9166
2017-04-08 21:00:00,1371.0,1400.9799
2017-04-08 22:00:00,1317.0,1312.2577
2017-04-08 23:00:00,1258.0,1278.0988
2017-04-09 00:00:00,1209.0,1213.6393
2017-04-09 01:00:00,1182.0,1183.3893
2017-04-09 02:00:00,1164.0,1166.4021
2017-04-09 03:00:00,1167.0,1157.5126
2017-04-09 04:00:00,1183.0,1175.0293
2017-04-09 05:00:00,1205.0,1194.6726
2017-04-09 06:00:00,1227.0,1227.2064
2017-04-09 07:00:00,1219.0,1246.1112
2017-04-09 08:00:00,1249.0,1272.923
2017-04-09 09:00:00,1269.0,1293.9602
2017-04-09 10:00:00,1291.0,1299.3296
2017-04-09 11:00:00,1288.0,1300.6283
2017-04-09 12:00:00,1290.0,1286.3455
2017-04-09 13:00:00,1276.0,1278.2062
2017-04-09 14:00:00,1274.0,1274.4321
2017-04-09 15:00:00,1264.0,1279.6951
2017-04-09 16:00:00,1273.0,1272.7865
2017-04-09 17:00:00,1290.0,1280.4497
2017-04-09 18:00:00,1282.0,1285.151
2017-04-09 19:00:00,1295.0,1296.732
2017-04-09 20:00:00,1366.0,1355.4668
2017-04-09 21:00:00,1348.0,1399.168
2017-04-09 22:00:00,1271.0,1300.6794
2017-04-09 23:00:00,1184.0,1276.5907
2017-04-10 00:00:00,1123.0,1188.7317
2017-04-10 01:00:00,1091.0,1128.117
2017-04-10 02:00:00,1082.0,1118.332
2017-04-10 03:00:00,1087.0,1117.9554
2017-04-10 04:00:00,1115.0,1147.5804
2017-04-10 05:00:00,1208.0,1203.8513
2017-04-10 06:00:00,1341.0,1337.9958
2017-04-10 07:00:00,1410.0,1440.6146
2017-04-10 08:00:00,1448.0,1489.111
2017-04-10 09:00:00,1494.0,1521.1675
2017-04-10 10:00:00,1529.0,1544.8582
2017-04-10 11:00:00,1545.0,1545.3247
2017-04-10 12:00:00,1554.0,1547.9681
2017-04-10 13:00:00,1565.0,1552.7933
2017-04-10 14:00:00,1568.0,1557.8035
2017-04-10 15:00:00,1563.0,1562.0859
2017-04-10 16:00:00,1558.0,1563.9423
2017-04-10 17:00:00,1547.0,1547.6925
2017-04-10 18:00:00,1506.0,1531.5852
2017-04-10 19:00:00,1510.0,1524.9459
2017-04-10 20:00:00,1530.0,1564.3833
2017-04-10 21:00:00,1482.0,1503.0331
2017-04-10 22:00:00,1373.0,1382.4939
2017-04-10 23:00:00,1278.0,1283.6985
2017-04-11 00:00:00,1190.0,1220.3842
2017-04-11 01:00:00,1162.0,1165.977
2017-04-11 02:00:00,1142.0,1142.5057
2017-04-11 03:00:00,1111.0,1130.2048
2017-04-11 04:00:00,1142.0,1143.7526
2017-04-11 05:00:00,1217.0,1190.0839
2017-04-11 06:00:00,1336.0,1348.6025
2017-04-11 07:00:00,1393.0,1439.297
2017-04-11 08:00:00,1447.0,1489.2004
2017-04-11 09:00:00,1503.0,1536.137
2017-04-11 10:00:00,1528.0,1555.4652
2017-04-11 11:00:00,1532.0,1543.5126
2017-04-11 12:00:00,1520.0,1532.6582
2017-04-11 13:00:00,1527.0,1523.2744
2017-04-11 14:00:00,1539.0,1529.5624
2017-04-11 15:00:00,1537.0,1542.9192
2017-04-11 16:00:00,1528.0,1546.8058
2017-04-11 17:00:00,1521.0,1523.7653
2017-04-11 18:00:00,1516.0,1514.4004
2017-04-11 19:00:00,1527.0,1533.689
2017-04-11 20:00:00,1521.0,1579.1484
2017-04-11 21:00:00,1448.0,1495.0765
2017-04-11 22:00:00,1345.0,1370.9142
2017-04-11 23:00:00,1260.0,1295.9237
2017-04-12 00:00:00,1199.0,1211.6873
2017-04-12 01:00:00,1152.0,1168.139
2017-04-12 02:00:00,1127.0,1148.2749
2017-04-12 03:00:00,1131.0,1129.6783
2017-04-12 04:00:00,1145.0,1141.9763
2017-04-12 05:00:00,1204.0,1238.5408
2017-04-12 06:00:00,1331.0,1309.2704
2017-04-12 07:00:00,1395.0,1429.2312
2017-04-12 08:00:00,1443.0,1489.7114
2017-04-12 09:00:00,1463.0,1532.822
2017-04-12 10:00:00,1490.0,1522.4348
2017-04-12 11:00:00,1512.0,1519.0339
2017-04-12 12:00:00,1502.0,1524.5615
2017-04-12 13:00:00,1497.0,1514.457
2017-04-12 14:00:00,1488.0,1499.6385
2017-04-12 15:00:00,1489.0,1491.7437
2017-04-12 16:00:00,1465.0,1491.7205
2017-04-12 17:00:00,1438.0,1470.6862
2017-04-12 18:00:00,1418.0,1447.6858
2017-04-12 19:00:00,1422.0,1436.7084
2017-04-12 20:00:00,1463.0,1487.2172
2017-04-12 21:00:00,1410.0,1470.4713
2017-04-12 22:00:00,1326.0,1340.7732
2017-04-12 23:00:00,1238.0,1317.9291
2017-04-13 00:00:00,1162.0,1182.0151
2017-04-13 01:00:00,1147.0,1138.2294
2017-04-13 02:00:00,1131.0,1147.1244
2017-04-13 03:00:00,1123.0,1121.6031
2017-04-13 04:00:00,1153.0,1149.6952
2017-04-13 05:00:00,1234.0,1237.4797
2017-04-13 06:00:00,1328.0,1370.4635
2017-04-13 07:00:00,1389.0,1437.6982
2017-04-13 08:00:00,1424.0,1483.6227
2017-04-13 09:00:00,1460.0,1516.7131
2017-04-13 10:00:00,1474.0,1522.5765
2017-04-13 11:00:00,1482.0,1492.1656
2017-04-13 12:00:00,1494.0,1490.2439
2017-04-13 13:00:00,1506.0,1504.8793
2017-04-13 14:00:00,1485.0,1512.1803
2017-04-13 15:00:00,1457.0,1489.3984
2017-04-13 16:00:00,1448.0,1470.462
2017-04-13 17:00:00,1431.0,1445.2234
2017-04-13 18:00:00,1411.0,1435.354
2017-04-13 19:00:00,1421.0,1436.7876
2017-04-13 20:00:00,1467.0,1494.7168
2017-04-13 21:00:00,1419.0,1481.3826
2017-04-13 22:00:00,1346.0,1352.5425
2017-04-13 23:00:00,1253.0,1296.4325
2017-04-14 00:00:00,1185.0,1209.3789
2017-04-14 01:00:00,1154.0,1164.6664
2017-04-14 02:00:00,1127.0,1149.1206
2017-04-14 03:00:00,1121.0,1129.948
2017-04-14 04:00:00,1151.0,1143.6859
2017-04-14 05:00:00,1192.0,1228.8766
2017-04-14 06:00:00,1264.0,1292.4121
2017-04-14 07:00:00,1308.0,1372.2472
2017-04-14 08:00:00,1363.0,1399.7094
2017-04-14 09:00:00,1392.0,1443.5656
2017-04-14 10:00:00,1421.0,1458.3259
2017-04-14 11:00:00,1427.0,1447.9027
2017-04-14 12:00:00,1438.0,1448.7172
2017-04-14 13:00:00,1432.0,1444.6687
2017-04-14 14:00:00,1440.0,1424.738
2017-04-14 15:00:00,1448.0,1430.0839
2017-04-14 16:00:00,1449.0,1438.8119
2017-04-14 17:00:00,1441.0,1441.736
2017-04-14 18:00:00,1408.0,1435.7866
2017-04-14 19:00:00,1404.0,1427.5574
2017-04-14 20:00:00,1434.0,1473.7377
2017-04-14 21:00:00,1391.0,1453.3759
2017-04-14 22:00:00,1315.0,1314.4873
2017-04-14 23:00:00,1227.0,1305.2518
2017-04-15 00:00:00,1151.0,1181.4015
2017-04-15 01:00:00,1113.0,1131.3069
2017-04-15 02:00:00,1072.0,1111.4297
2017-04-15 03:00:00,1062.0,1092.0017
2017-04-15 04:00:00,1068.0,1114.9187
2017-04-15 05:00:00,1099.0,1138.9702
2017-04-15 06:00:00,1127.0,1156.9991
2017-04-15 07:00:00,1146.0,1159.42
2017-04-15 08:00:00,1222.0,1216.3494
2017-04-15 09:00:00,1270.0,1276.7397
2017-04-15 10:00:00,1315.0,1322.4962
2017-04-15 11:00:00,1351.0,1337.264
2017-04-15 12:00:00,1385.0,1364.8181
2017-04-15 13:00:00,1414.0,1389.4889
2017-04-15 14:00:00,1418.0,1416.3318
2017-04-15 15:00:00,1425.0,1423.8047
2017-04-15 16:00:00,1411.0,1428.8925
2017-04-15 17:00:00,1396.0,1405.9601
2017-04-15 18:00:00,1385.0,1389.3428
2017-04-15 19:00:00,1388.0,1387.9648
2017-04-15 20:00:00,1433.0,1447.6621
2017-04-15 21:00:00,1394.0,1448.12
2017-04-15 22:00:00,1334.0,1331.8314
2017-04-15 23:00:00,1261.0,1267.8566
2017-04-16 00:00:00,1189.0,1194.3007
2017-04-16 01:00:00,1140.0,1144.6505
2017-04-16 02:00:00,1108.0,1107.8108
2017-04-16 03:00:00,1086.0,1093.5466
2017-04-16 04:00:00,1081.0,1082.439
2017-04-16 05:00:00,1092.0,1108.6797
2017-04-16 06:00:00,1115.0,1121.7277
2017-04-16 07:00:00,1144.0,1120.7727
2017-04-16 08:00:00,1214.0,1200.7842
2017-04-16 09:00:00,1279.0,1263.3398
2017-04-16 10:00:00,1327.0,1316.6846
2017-04-16 11:00:00,1354.0,1350.0261
2017-04-16 12:00:00,1363.0,1365.7212
2017-04-16 13:00:00,1379.0,1359.7637
2017-04-16 14:00:00,1342.0,1376.5807
2017-04-16 15:00:00,1331.0,1345.9379
2017-04-16 16:00:00,1327.0,1342.6853
2017-04-16 17:00:00,1309.0,1333.4375
2017-04-16 18:00:00,1291.0,1302.5951
2017-04-16 19:00:00,1292.0,1294.0369
2017-04-16 20:00:00,1351.0,1348.3945
2017-04-16 21:00:00,1356.0,1373.2319
2017-04-16 22:00:00,1300.0,1313.8909
2017-04-16 23:00:00,1209.0,1271.088
2017-04-17 00:00:00,1161.0,1174.6477
2017-04-17 01:00:00,1119.0,1136.3047
2017-04-17 02:00:00,1089.0,1114.2722
2017-04-17 03:00:00,1090.0,1109.2805
2017-04-17 04:00:00,1120.0,1143.7393
2017-04-17 05:00:00,1178.0,1218.1199
2017-04-17 06:00:00,1270.0,1297.2509
2017-04-17 07:00:00,1332.0,1397.9985
2017-04-17 08:00:00,1389.0,1440.0345
2017-04-17 09:00:00,1445.0,1482.7135
2017-04-17 10:00:00,1486.0,1511.8577
2017-04-17 11:00:00,1505.0,1509.0166
2017-04-17 12:00:00,1509.0,1513.5226
2017-04-17 13:00:00,1535.0,1501.2625
2017-04-17 14:00:00,1528.0,1538.552
2017-04-17 15:00:00,1521.0,1520.4482
2017-04-17 16:00:00,1505.0,1516.6266
2017-04-17 17:00:00,1465.0,1511.4341
2017-04-17 18:00:00,1432.0,1462.6118
2017-04-17 19:00:00,1423.0,1460.669
2017-04-17 20:00:00,1457.0,1488.4757
2017-04-17 21:00:00,1418.0,1468.6401
2017-04-17 22:00:00,1317.0,1335.8822
2017-04-17 23:00:00,1212.0,1303.4353
2017-04-18 00:00:00,1151.0,1175.2354
2017-04-18 01:00:00,1108.0,1139.4381
2017-04-18 02:00:00,1084.0,1120.3354
2017-04-18 03:00:00,1076.0,1117.0537
2017-04-18 04:00:00,1122.0,1145.6595
2017-04-18 05:00:00,1183.0,1201.3037
2017-04-18 06:00:00,1290.0,1276.1741
2017-04-18 07:00:00,1351.0,1399.0913
2017-04-18 08:00:00,1407.0,1455.2003
2017-04-18 09:00:00,1431.0,1513.8754
2017-04-18 10:00:00,1458.0,1511.5283
2017-04-18 11:00:00,1501.0,1490.9343
2017-04-18 12:00:00,1508.0,1510.1359
2017-04-18 13:00:00,1508.0,1513.2383
2017-04-18 14:00:00,1530.0,1507.783
2017-04-18 15:00:00,1548.0,1524.7406
2017-04-18 16:00:00,1539.0,1553.4242
2017-04-18 17:00:00,1524.0,1529.2771
2017-04-18 18:00:00,1500.0,1516.2611
2017-04-18 19:00:00,1489.0,1522.7983
2017-04-18 20:00:00,1517.0,1550.2416
2017-04-18 21:00:00,1461.0,1506.2872
2017-04-18 22:00:00,1357.0,1383.7462
2017-04-18 23:00:00,1254.0,1289.9008
2017-04-19 00:00:00,1174.0,1203.8341
2017-04-19 01:00:00,1128.0,1151.9392
2017-04-19 02:00:00,1119.0,1125.2238
2017-04-19 03:00:00,1122.0,1121.4552
2017-04-19 04:00:00,1129.0,1142.8357
2017-04-19 05:00:00,1206.0,1198.6716
2017-04-19 06:00:00,1330.0,1307.0804
2017-04-19 07:00:00,1396.0,1429.8265
2017-04-19 08:00:00,1455.0,1496.0282
2017-04-19 09:00:00,1485.0,1541.0076
2017-04-19 10:00:00,1538.0,1546.8551
2017-04-19 11:00:00,1558.0,1567.6698
2017-04-19 12:00:00,1565.0,1565.4312
2017-04-19 13:00:00,1578.0,1563.0072
2017-04-19 14:00:00,1584.0,1565.3162
2017-04-19 15:00:00,1566.0,1577.3334
2017-04-19 16:00:00,1563.0,1563.5281
2017-04-19 17:00:00,1550.0,1556.8369
2017-04-19 18:00:00,1524.0,1530.7046
2017-04-19 19:00:00,1505.0,1539.3839
2017-04-19 20:00:00,1540.0,1563.4573
2017-04-19 21:00:00,1495.0,1517.2554
2017-04-19 22:00:00,1410.0,1402.206
2017-04-19 23:00:00,1285.0,1315.1449
2017-04-20 00:00:00,1209.0,1218.4285
2017-04-20 01:00:00,1184.0,1174.2399
2017-04-20 02:00:00,1152.0,1168.5543
2017-04-20 03:00:00,1146.0,1157.584
2017-04-20 04:00:00,1164.0,1179.7909
2017-04-20 05:00:00,1242.0,1234.8822
2017-04-20 06:00:00,1350.0,1379.1796
2017-04-20 07:00:00,1425.0,1458.351
2017-04-20 08:00:00,1486.0,1521.4976
2017-04-20 09:00:00,1551.0,1557.1232
2017-04-20 10:00:00,1593.0,1592.7366
2017-04-20 11:00:00,1655.0,1610.1805
2017-04-20 12:00:00,1704.0,1660.5284
2017-04-20 13:00:00,1743.0,1717.3458
2017-04-20 14:00:00,1705.0,1744.6526
2017-04-20 15:00:00,1707.0,1698.4575
2017-04-20 16:00:00,1694.0,1690.9579
2017-04-20 17:00:00,1676.0,1670.4575
2017-04-20 18:00:00,1669.0,1646.2278
2017-04-20 19:00:00,1632.0,1664.0979
2017-04-20 20:00:00,1645.0,1660.3296
2017-04-20 21:00:00,1583.0,1610.4664
2017-04-20 22:00:00,1480.0,1473.4114
2017-04-20 23:00:00,1368.0,1363.4615
2017-04-21 00:00:00,1285.0,1282.9572
2017-04-21 01:00:00,1240.0,1223.9282
2017-04-21 02:00:00,1207.0,1216.9011
2017-04-21 03:00:00,1204.0,1203.0088
2017-04-21 04:00:00,1221.0,1218.6223
2017-04-21 05:00:00,1292.0,1285.763
2017-04-21 06:00:00,1399.0,1412.7279
2017-04-21 07:00:00,1482.0,1497.5522
2017-04-21 08:00:00,1530.0,1559.6143
2017-04-21 09:00:00,1545.0,1592.101
2017-04-21 10:00:00,1564.0,1582.4225
2017-04-21 11:00:00,1581.0,1580.2592
2017-04-21 12:00:00,1564.0,1579.5378
2017-04-21 13:00:00,1579.0,1560.5894
2017-04-21 14:00:00,1582.0,1567.587
2017-04-21 15:00:00,1580.0,1568.0947
2017-04-21 16:00:00,1547.0,1568.2798
2017-04-21 17:00:00,1520.0,1526.8865
2017-04-21 18:00:00,1475.0,1494.3744
2017-04-21 19:00:00,1442.0,1474.2173
2017-04-21 20:00:00,1454.0,1485.4059
2017-04-21 21:00:00,1424.0,1452.9293
2017-04-21 22:00:00,1339.0,1348.2324
2017-04-21 23:00:00,1236.0,1307.4672
2017-04-22 00:00:00,1175.0,1177.2443
2017-04-22 01:00:00,1133.0,1140.781
2017-04-22 02:00:00,1099.0,1121.6665
2017-04-22 03:00:00,1086.0,1111.8668
2017-04-22 04:00:00,1098.0,1116.3297
2017-04-22 05:00:00,1112.0,1140.9377
2017-04-22 06:00:00,1147.0,1158.3329
2017-04-22 07:00:00,1180.0,1196.0002
2017-04-22 08:00:00,1244.0,1248.1884
2017-04-22 09:00:00,1290.0,1310.3655
2017-04-22 10:00:00,1311.0,1336.3118
2017-04-22 11:00:00,1309.0,1351.1487
2017-04-22 12:00:00,1322.0,1333.2812
2017-04-22 13:00:00,1316.0,1325.5084
2017-04-22 14:00:00,1305.0,1318.6466
2017-04-22 15:00:00,1286.0,1299.9093
2017-04-22 16:00:00,1290.0,1287.8444
2017-04-22 17:00:00,1282.0,1283.3853
2017-04-22 18:00:00,1280.0,1277.9208
2017-04-22 19:00:00,1298.0,1293.6459
2017-04-22 20:00:00,1345.0,1355.9357
2017-04-22 21:00:00,1322.0,1370.1298
2017-04-22 22:00:00,1276.0,1308.8511
2017-04-22 23:00:00,1200.0,1295.3177
2017-04-23 00:00:00,1141.0,1172.4481
2017-04-23 01:00:00,1117.0,1117.2019
2017-04-23 02:00:00,1093.0,1104.0513
2017-04-23 03:00:00,1088.0,1089.5221
2017-04-23 04:00:00,1093.0,1097.3245
2017-04-23 05:00:00,1113.0,1122.3553
2017-04-23 06:00:00,1131.0,1135.7974
2017-04-23 07:00:00,1157.0,1133.685
2017-04-23 08:00:00,1212.0,1203.0564
2017-04-23 09:00:00,1251.0,1268.1879
2017-04-23 10:00:00,1270.0,1295.1589
2017-04-23 11:00:00,1286.0,1305.2554
2017-04-23 12:00:00,1292.0,1300.8425
2017-04-23 13:00:00,1277.0,1292.4896
2017-04-23 14:00:00,1278.0,1287.4214
2017-04-23 15:00:00,1289.0,1282.8901
2017-04-23 16:00:00,1315.0,1284.3516
2017-04-23 17:00:00,1322.0,1311.0906
2017-04-23 18:00:00,1315.0,1318.2277
2017-04-23 19:00:00,1329.0,1324.4092
2017-04-23 20:00:00,1378.0,1403.1189
2017-04-23 21:00:00,1365.0,1419.1089
2017-04-23 22:00:00,1280.0,1309.3013
2017-04-23 23:00:00,1199.0,1276.8744
2017-04-24 00:00:00,1127.0,1184.128
2017-04-24 01:00:00,1088.0,1123.0061
2017-04-24 02:00:00,1086.0,1113.7522
2017-04-24 03:00:00,1082.0,1112.3083
2017-04-24 04:00:00,1123.0,1143.7059
2017-04-24 05:00:00,1201.0,1216.4447
2017-04-24 06:00:00,1287.0,1331.7657
2017-04-24 07:00:00,1338.0,1409.7207
2017-04-24 08:00:00,1368.0,1444.4
2017-04-24 09:00:00,1403.0,1468.6626
2017-04-24 10:00:00,1454.0,1464.2627
2017-04-24 11:00:00,1466.0,1501.5294
2017-04-24 12:00:00,1462.0,1477.5815
2017-04-24 13:00:00,1475.0,1475.1708
2017-04-24 14:00:00,1462.0,1473.7649
2017-04-24 15:00:00,1437.0,1474.2957
2017-04-24 16:00:00,1422.0,1446.1439
2017-04-24 17:00:00,1412.0,1429.9626
2017-04-24 18:00:00,1380.0,1413.1946
2017-04-24 19:00:00,1396.0,1407.5231
2017-04-24 20:00:00,1435.0,1471.7054
2017-04-24 21:00:00,1377.0,1475.3282
2017-04-24 22:00:00,1309.0,1308.643
2017-04-24 23:00:00,1214.0,1305.1707
2017-04-25 00:00:00,1141.0,1178.4286
2017-04-25 01:00:00,1093.0,1124.5199
2017-04-25 02:00:00,1084.0,1120.0322
2017-04-25 03:00:00,1090.0,1119.1874
2017-04-25 04:00:00,1116.0,1151.5283
2017-04-25 05:00:00,1165.0,1204.7123
2017-04-25 06:00:00,1292.0,1253.0881
2017-04-25 07:00:00,1348.0,1407.046
2017-04-25 08:00:00,1404.0,1459.4175
2017-04-25 09:00:00,1436.0,1506.8896
2017-04-25 10:00:00,1474.0,1517.4825
2017-04-25 11:00:00,1492.0,1501.3615
2017-04-25 12:00:00,1510.0,1504.993
2017-04-25 13:00:00,1511.0,1519.1449
2017-04-25 14:00:00,1470.0,1510.6062
2017-04-25 15:00:00,1461.0,1485.8447
2017-04-25 16:00:00,1442.0,1475.1028
2017-04-25 17:00:00,1434.0,1451.8203
2017-04-25 18:00:00,1434.0,1438.9675
2017-04-25 19:00:00,1426.0,1459.8826
2017-04-25 20:00:00,1459.0,1490.7688
2017-04-25 21:00:00,1422.0,1467.6833
2017-04-25 22:00:00,1319.0,1352.5426
2017-04-25 23:00:00,1247.0,1314.8239
2017-04-26 00:00:00,1168.0,1194.2285
2017-04-26 01:00:00,1145.0,1148.2174
2017-04-26 02:00:00,1118.0,1145.2319
2017-04-26 03:00:00,1116.0,1122.9038
2017-04-26 04:00:00,1148.0,1141.5242
2017-04-26 05:00:00,1217.0,1234.2343
2017-04-26 06:00:00,1315.0,1342.8685
2017-04-26 07:00:00,1383.0,1412.6329
2017-04-26 08:00:00,1418.0,1485.6611
2017-04-26 09:00:00,1471.0,1512.4146
2017-04-26 10:00:00,1508.0,1540.7255
2017-04-26 11:00:00,1545.0,1543.447
2017-04-26 12:00:00,1579.0,1560.9878
2017-04-26 13:00:00,1588.0,1585.3198
2017-04-26 14:00:00,1601.0,1582.6794
2017-04-26 15:00:00,1630.0,1599.3348
2017-04-26 16:00:00,1645.0,1629.9766
2017-04-26 17:00:00,1656.0,1636.992
2017-04-26 18:00:00,1613.0,1638.5688
2017-04-26 19:00:00,1595.0,1613.6946
2017-04-26 20:00:00,1607.0,1633.61
2017-04-26 21:00:00,1579.0,1584.6534
2017-04-26 22:00:00,1434.0,1480.4225
2017-04-26 23:00:00,1322.0,1345.9921
2017-04-27 00:00:00,1242.0,1235.1261
2017-04-27 01:00:00,1196.0,1193.3959
2017-04-27 02:00:00,1170.0,1182.8456
2017-04-27 03:00:00,1142.0,1174.3615
2017-04-27 04:00:00,1170.0,1149.1405
2017-04-27 05:00:00,1229.0,1248.4336
2017-04-27 06:00:00,1322.0,1344.0172
2017-04-27 07:00:00,1408.0,1424.2014
2017-04-27 08:00:00,1490.0,1509.4812
2017-04-27 09:00:00,1572.0,1570.5267
2017-04-27 10:00:00,1614.0,1611.4407
2017-04-27 11:00:00,1667.0,1641.9535
2017-04-27 12:00:00,1705.0,1683.6807
2017-04-27 13:00:00,1727.0,1713.2651
2017-04-27 14:00:00,1733.0,1729.1396
2017-04-27 15:00:00,1736.0,1725.2235
2017-04-27 16:00:00,1722.0,1725.8842
2017-04-27 17:00:00,1690.0,1690.3221
2017-04-27 18:00:00,1656.0,1655.7546
2017-04-27 19:00:00,1629.0,1643.0706
2017-04-27 20:00:00,1626.0,1649.1981
2017-04-27 21:00:00,1561.0,1603.1195
2017-04-27 22:00:00,1450.0,1455.9235
2017-04-27 23:00:00,1330.0,1347.0748
2017-04-28 00:00:00,1257.0,1265.2991
2017-04-28 01:00:00,1195.0,1214.4817
2017-04-28 02:00:00,1158.0,1178.1278
2017-04-28 03:00:00,1146.0,1154.4592
2017-04-28 04:00:00,1154.0,1171.6711
2017-04-28 05:00:00,1201.0,1219.2297
2017-04-28 06:00:00,1300.0,1294.1907
2017-04-28 07:00:00,1375.0,1404.4974
2017-04-28 08:00:00,1437.0,1476.6139
2017-04-28 09:00:00,1484.0,1525.7152
2017-04-28 10:00:00,1533.0,1544.1837
2017-04-28 11:00:00,1567.0,1549.5061
2017-04-28 12:00:00,1577.0,1562.1787
2017-04-28 13:00:00,1585.0,1575.5417
2017-04-28 14:00:00,1589.0,1572.9766
2017-04-28 15:00:00,1587.0,1578.081
2017-04-28 16:00:00,1562.0,1574.5696
2017-04-28 17:00:00,1527.0,1540.6473
2017-04-28 18:00:00,1489.0,1499.4186
2017-04-28 19:00:00,1483.0,1486.476
2017-04-28 20:00:00,1500.0,1521.0057
2017-04-28 21:00:00,1446.0,1483.9646
2017-04-28 22:00:00,1368.0,1372.1642
2017-04-28 23:00:00,1276.0,1282.2828
2017-04-29 00:00:00,1199.0,1211.0256
2017-04-29 01:00:00,1146.0,1163.5591
2017-04-29 02:00:00,1117.0,1133.5345
2017-04-29 03:00:00,1111.0,1114.259
2017-04-29 04:00:00,1095.0,1111.5623
2017-04-29 05:00:00,1132.0,1136.2888
2017-04-29 06:00:00,1172.0,1146.9032
2017-04-29 07:00:00,1223.0,1205.3379
2017-04-29 08:00:00,1298.0,1281.9323
2017-04-29 09:00:00,1360.0,1365.2974
2017-04-29 10:00:00,1423.0,1396.4539
2017-04-29 11:00:00,1446.0,1442.0878
2017-04-29 12:00:00,1466.0,1447.7864
2017-04-29 13:00:00,1468.0,1461.3926
2017-04-29 14:00:00,1451.0,1461.9597
2017-04-29 15:00:00,1449.0,1444.3636
2017-04-29 16:00:00,1483.0,1445.7654
2017-04-29 17:00:00,1506.0,1477.5358
2017-04-29 18:00:00,1498.0,1496.1995
2017-04-29 19:00:00,1474.0,1494.8867
2017-04-29 20:00:00,1478.0,1502.8141
2017-04-29 21:00:00,1450.0,1457.8269
2017-04-29 22:00:00,1376.0,1375.6122
2017-04-29 23:00:00,1290.0,1287.9779
2017-04-30 00:00:00,1229.0,1219.6692
2017-04-30 01:00:00,1170.0,1171.7189
2017-04-30 02:00:00,1134.0,1144.0897
2017-04-30 03:00:00,1096.0,1107.3583
2017-04-30 04:00:00,1093.0,1099.1866
2017-04-30 05:00:00,1100.0,1112.9222
2017-04-30 06:00:00,1105.0,1124.9203
2017-04-30 07:00:00,1132.0,1130.4843
2017-04-30 08:00:00,1201.0,1174.5103
2017-04-30 09:00:00,1277.0,1265.8627
2017-04-30 10:00:00,1359.0,1316.2023
2017-04-30 11:00:00,1450.0,1384.4215
2017-04-30 12:00:00,1521.0,1473.1862
2017-04-30 13:00:00,1562.0,1547.6989
2017-04-30 14:00:00,1595.0,1582.3638
2017-04-30 15:00:00,1640.0,1614.6919
2017-04-30 16:00:00,1695.0,1656.2491
2017-04-30 17:00:00,1733.0,1709.6422
2017-04-30 18:00:00,1719.0,1742.5829
2017-04-30 19:00:00,1692.0,1711.1365
2017-04-30 20:00:00,1719.0,1718.1046
2017-04-30 21:00:00,1696.0,1704.9403
2017-04-30 22:00:00,1584.0,1608.5973
2017-04-30 23:00:00,1456.0,1470.9778
2017-05-01 00:00:00,1377.0,1378.101
2017-05-01 01:00:00,1319.0,1316.7753
2017-05-01 02:00:00,1291.0,1282.847
2017-05-01 03:00:00,1277.0,1275.2207
2017-05-01 04:00:00,1279.0,1290.6582
2017-05-01 05:00:00,1331.0,1340.8057
2017-05-01 06:00:00,1464.0,1429.2502
2017-05-01 07:00:00,1538.0,1550.8247
2017-05-01 08:00:00,1611.0,1637.6672
2017-05-01 09:00:00,1654.0,1696.0707
2017-05-01 10:00:00,1679.0,1704.1337
2017-05-01 11:00:00,1705.0,1719.9685
2017-05-01 12:00:00,1718.0,1713.1318
2017-05-01 13:00:00,1800.0,1731.4213
2017-05-01 14:00:00,1771.0,1818.8323
2017-05-01 15:00:00,1673.0,1778.6488
2017-05-01 16:00:00,1632.0,1665.4065
2017-05-01 17:00:00,1609.0,1611.9482
2017-05-01 18:00:00,1595.0,1592.3577
2017-05-01 19:00:00,1580.0,1595.2877
2017-05-01 20:00:00,1567.0,1616.5242
2017-05-01 21:00:00,1514.0,1555.2717
2017-05-01 22:00:00,1385.0,1411.2115
2017-05-01 23:00:00,1266.0,1302.0195
2017-05-02 00:00:00,1179.0,1211.4287
2017-05-02 01:00:00,1138.0,1163.275
2017-05-02 02:00:00,1106.0,1132.214
2017-05-02 03:00:00,1105.0,1141.7227
2017-05-02 04:00:00,1122.0,1154.6589
2017-05-02 05:00:00,1179.0,1200.141
2017-05-02 06:00:00,1273.0,1260.1581
2017-05-02 07:00:00,1346.0,1383.506
2017-05-02 08:00:00,1392.0,1450.3599
2017-05-02 09:00:00,1415.0,1472.8444
2017-05-02 10:00:00,1432.0,1463.2126
2017-05-02 11:00:00,1449.0,1467.5691
2017-05-02 12:00:00,1442.0,1471.2339
2017-05-02 13:00:00,1467.0,1441.5442
2017-05-02 14:00:00,1457.0,1448.5532
2017-05-02 15:00:00,1422.0,1459.1326
2017-05-02 16:00:00,1407.0,1409.0023
2017-05-02 17:00:00,1410.0,1386.4226
2017-05-02 18:00:00,1395.0,1397.3557
2017-05-02 19:00:00,1396.0,1403.7301
2017-05-02 20:00:00,1424.0,1446.3889
2017-05-02 21:00:00,1382.0,1454.4567
2017-05-02 22:00:00,1289.0,1310.526
2017-05-02 23:00:00,1191.0,1318.5385
2017-05-03 00:00:00,1129.0,1199.8551
2017-05-03 01:00:00,1087.0,1127.427
2017-05-03 02:00:00,1090.0,1124.854
2017-05-03 03:00:00,1085.0,1120.349
2017-05-03 04:00:00,1107.0,1149.2094
2017-05-03 05:00:00,1186.0,1187.8478
2017-05-03 06:00:00,1301.0,1288.0833
2017-05-03 07:00:00,1366.0,1399.9875
2017-05-03 08:00:00,1414.0,1457.4736
2017-05-03 09:00:00,1434.0,1497.3351
2017-05-03 10:00:00,1454.0,1503.7174
2017-05-03 11:00:00,1454.0,1489.1627
2017-05-03 12:00:00,1448.0,1468.184
2017-05-03 13:00:00,1445.0,1450.63
2017-05-03 14:00:00,1427.0,1442.6274
2017-05-03 15:00:00,1407.0,1430.339
2017-05-03 16:00:00,1398.0,1404.6895
2017-05-03 17:00:00,1389.0,1400.0859
2017-05-03 18:00:00,1367.0,1385.4387
2017-05-03 19:00:00,1352.0,1393.9198
2017-05-03 20:00:00,1389.0,1421.1031
2017-05-03 21:00:00,1364.0,1434.527
2017-05-03 22:00:00,1272.0,1308.7229
2017-05-03 23:00:00,1188.0,1315.7479
2017-05-04 00:00:00,1129.0,1187.7288
2017-05-04 01:00:00,1098.0,1120.6318
2017-05-04 02:00:00,1081.0,1117.2203
2017-05-04 03:00:00,1072.0,1118.0778
2017-05-04 04:00:00,1106.0,1140.2788
2017-05-04 05:00:00,1171.0,1191.1198
2017-05-04 06:00:00,1278.0,1251.2137
2017-05-04 07:00:00,1372.0,1388.7489
2017-05-04 08:00:00,1417.0,1457.2157
2017-05-04 09:00:00,1446.0,1500.325
2017-05-04 10:00:00,1457.0,1512.704
2017-05-04 11:00:00,1476.0,1476.7849
2017-05-04 12:00:00,1486.0,1465.5535
2017-05-04 13:00:00,1483.0,1480.6201
2017-05-04 14:00:00,1470.0,1481.6486
2017-05-04 15:00:00,1460.0,1475.413
2017-05-04 16:00:00,1427.0,1468.5717
2017-05-04 17:00:00,1427.0,1423.3285
2017-05-04 18:00:00,1411.0,1417.818
2017-05-04 19:00:00,1402.0,1418.938
2017-05-04 20:00:00,1430.0,1456.4066
2017-05-04 21:00:00,1379.0,1459.5195
2017-05-04 22:00:00,1288.0,1302.5919
2017-05-04 23:00:00,1191.0,1305.2537
2017-05-05 00:00:00,1139.0,1196.199
2017-05-05 01:00:00,1103.0,1115.8698
2017-05-05 02:00:00,1070.0,1113.3654
2017-05-05 03:00:00,1058.0,1116.1367
2017-05-05 04:00:00,1094.0,1139.9758
2017-05-05 05:00:00,1165.0,1189.2708
2017-05-05 06:00:00,1272.0,1226.4448
2017-05-05 07:00:00,1360.0,1384.5358
2017-05-05 08:00:00,1408.0,1454.9695
2017-05-05 09:00:00,1444.0,1502.865
2017-05-05 10:00:00,1475.0,1519.2758
2017-05-05 11:00:00,1479.0,1499.3394
2017-05-05 12:00:00,1513.0,1487.4559
2017-05-05 13:00:00,1553.0,1514.1622
2017-05-05 14:00:00,1552.0,1549.6893
2017-05-05 15:00:00,1536.0,1548.4377
2017-05-05 16:00:00,1523.0,1527.5798
2017-05-05 17:00:00,1471.0,1515.8557
2017-05-05 18:00:00,1432.0,1462.7747
2017-05-05 19:00:00,1413.0,1445.7408
2017-05-05 20:00:00,1407.0,1453.3766
2017-05-05 21:00:00,1361.0,1423.85
2017-05-05 22:00:00,1273.0,1278.264
2017-05-05 23:00:00,1196.0,1291.9811
2017-05-06 00:00:00,1133.0,1158.4492
2017-05-06 01:00:00,1087.0,1099.7894
2017-05-06 02:00:00,1069.0,1091.5459
2017-05-06 03:00:00,1049.0,1090.0634
2017-05-06 04:00:00,1062.0,1106.0996
2017-05-06 05:00:00,1092.0,1142.4232
2017-05-06 06:00:00,1129.0,1133.1327
2017-05-06 07:00:00,1172.0,1156.278
2017-05-06 08:00:00,1226.0,1238.0571
2017-05-06 09:00:00,1291.0,1292.894
2017-05-06 10:00:00,1328.0,1335.1288
2017-05-06 11:00:00,1339.0,1352.7029
2017-05-06 12:00:00,1325.0,1360.9558
2017-05-06 13:00:00,1329.0,1327.8802
2017-05-06 14:00:00,1304.0,1329.6959
2017-05-06 15:00:00,1298.0,1304.9894
2017-05-06 16:00:00,1292.0,1288.976
2017-05-06 17:00:00,1295.0,1286.8208
2017-05-06 18:00:00,1298.0,1279.6538
2017-05-06 19:00:00,1314.0,1301.6051
2017-05-06 20:00:00,1354.0,1359.878
2017-05-06 21:00:00,1341.0,1377.8916
2017-05-06 22:00:00,1293.0,1303.124
2017-05-06 23:00:00,1224.0,1269.3185
2017-05-07 00:00:00,1163.0,1152.2407
2017-05-07 01:00:00,1124.0,1123.472
2017-05-07 02:00:00,1103.0,1097.5919
2017-05-07 03:00:00,1090.0,1085.1976
2017-05-07 04:00:00,1092.0,1089.1803
2017-05-07 05:00:00,1117.0,1130.2133
2017-05-07 06:00:00,1129.0,1119.9873
2017-05-07 07:00:00,1146.0,1128.5576
2017-05-07 08:00:00,1183.0,1207.202
2017-05-07 09:00:00,1214.0,1230.0331
2017-05-07 10:00:00,1237.0,1264.0226
2017-05-07 11:00:00,1250.0,1276.0375
2017-05-07 12:00:00,1252.0,1283.0763
2017-05-07 13:00:00,1243.0,1274.97
2017-05-07 14:00:00,1232.0,1270.2573
2017-05-07 15:00:00,1231.0,1260.4371
2017-05-07 16:00:00,1238.0,1261.4183
2017-05-07 17:00:00,1250.0,1262.001
2017-05-07 18:00:00,1245.0,1268.9729
2017-05-07 19:00:00,1256.0,1264.4766
2017-05-07 20:00:00,1306.0,1342.37
2017-05-07 21:00:00,1316.0,1333.3895
2017-05-07 22:00:00,1249.0,1312.4048
2017-05-07 23:00:00,1176.0,1275.6588
2017-05-08 00:00:00,1121.0,1185.821
2017-05-08 01:00:00,1105.0,1116.3403
2017-05-08 02:00:00,1105.0,1106.4991
2017-05-08 03:00:00,1102.0,1117.7443
2017-05-08 04:00:00,1130.0,1144.5332
2017-05-08 05:00:00,1207.0,1208.6826
2017-05-08 06:00:00,1311.0,1330.7156
2017-05-08 07:00:00,1401.0,1424.5391
2017-05-08 08:00:00,1420.0,1492.8956
2017-05-08 09:00:00,1452.0,1502.4026
2017-05-08 10:00:00,1468.0,1513.3384
2017-05-08 11:00:00,1468.0,1474.3577
2017-05-08 12:00:00,1464.0,1472.7014
2017-05-08 13:00:00,1450.0,1468.1993
2017-05-08 14:00:00,1441.0,1452.3456
2017-05-08 15:00:00,1420.0,1432.2623
2017-05-08 16:00:00,1409.0,1419.4138
2017-05-08 17:00:00,1389.0,1401.5308
2017-05-08 18:00:00,1365.0,1384.7634
2017-05-08 19:00:00,1363.0,1375.9575
2017-05-08 20:00:00,1383.0,1437.1383
2017-05-08 21:00:00,1395.0,1428.9124
2017-05-08 22:00:00,1308.0,1332.8914
2017-05-08 23:00:00,1202.0,1311.7815
2017-05-09 00:00:00,1147.0,1182.5931
2017-05-09 01:00:00,1132.0,1137.2709
2017-05-09 02:00:00,1120.0,1121.6538
2017-05-09 03:00:00,1129.0,1119.384
2017-05-09 04:00:00,1165.0,1143.9207
2017-05-09 05:00:00,1257.0,1240.8661
2017-05-09 06:00:00,1345.0,1399.2467
2017-05-09 07:00:00,1414.0,1454.4368
2017-05-09 08:00:00,1458.0,1505.7764
2017-05-09 09:00:00,1479.0,1535.8344
2017-05-09 10:00:00,1490.0,1532.0984
2017-05-09 11:00:00,1492.0,1520.1937
2017-05-09 12:00:00,1513.0,1513.5366
2017-05-09 13:00:00,1518.0,1526.1539
2017-05-09 14:00:00,1495.0,1521.7365
2017-05-09 15:00:00,1484.0,1510.6002
2017-05-09 16:00:00,1472.0,1501.0845
2017-05-09 17:00:00,1457.0,1481.6752
2017-05-09 18:00:00,1418.0,1468.1428
2017-05-09 19:00:00,1410.0,1433.2418
2017-05-09 20:00:00,1430.0,1463.9003
2017-05-09 21:00:00,1424.0,1456.2115
2017-05-09 22:00:00,1332.0,1356.019
2017-05-09 23:00:00,1237.0,1310.0969
2017-05-10 00:00:00,1159.0,1185.0597
2017-05-10 01:00:00,1128.0,1134.8662
2017-05-10 02:00:00,1110.0,1118.4401
2017-05-10 03:00:00,1107.0,1111.2609
2017-05-10 04:00:00,1128.0,1138.8527
2017-05-10 05:00:00,1207.0,1190.1947
2017-05-10 06:00:00,1303.0,1317.1392
2017-05-10 07:00:00,1371.0,1403.4784
2017-05-10 08:00:00,1426.0,1463.7745
2017-05-10 09:00:00,1456.0,1519.1616
2017-05-10 10:00:00,1491.0,1525.2643
2017-05-10 11:00:00,1516.0,1518.2295
2017-05-10 12:00:00,1514.0,1533.5183
2017-05-10 13:00:00,1538.0,1520.2098
2017-05-10 14:00:00,1551.0,1550.856
2017-05-10 15:00:00,1553.0,1554.8887
2017-05-10 16:00:00,1547.0,1551.2745
2017-05-10 17:00:00,1530.0,1539.8531
2017-05-10 18:00:00,1497.0,1516.279
2017-05-10 19:00:00,1478.0,1514.9064
2017-05-10 20:00:00,1481.0,1527.0182
2017-05-10 21:00:00,1446.0,1497.1948
2017-05-10 22:00:00,1355.0,1379.1377
2017-05-10 23:00:00,1247.0,1282.5216
2017-05-11 00:00:00,1177.0,1190.5394
2017-05-11 01:00:00,1131.0,1140.8278
2017-05-11 02:00:00,1113.0,1117.5878
2017-05-11 03:00:00,1116.0,1115.4596
2017-05-11 04:00:00,1137.0,1139.2129
2017-05-11 05:00:00,1198.0,1176.519
2017-05-11 06:00:00,1295.0,1290.1329
2017-05-11 07:00:00,1381.0,1396.1864
2017-05-11 08:00:00,1454.0,1476.7297
2017-05-11 09:00:00,1476.0,1541.0342
2017-05-11 10:00:00,1494.0,1536.9442
2017-05-11 11:00:00,1498.0,1529.6158
2017-05-11 12:00:00,1502.0,1516.4963
2017-05-11 13:00:00,1507.0,1516.8726
2017-05-11 14:00:00,1507.0,1505.0729
2017-05-11 15:00:00,1476.0,1504.8016
2017-05-11 16:00:00,1473.0,1482.4373
2017-05-11 17:00:00,1474.0,1473.4575
2017-05-11 18:00:00,1435.0,1470.1255
2017-05-11 19:00:00,1435.0,1463.3383
2017-05-11 20:00:00,1471.0,1482.5566
2017-05-11 21:00:00,1424.0,1477.9614
2017-05-11 22:00:00,1328.0,1360.0955
2017-05-11 23:00:00,1231.0,1311.4408
2017-05-12 00:00:00,1187.0,1178.22
2017-05-12 01:00:00,1150.0,1152.44
2017-05-12 02:00:00,1123.0,1143.0126
2017-05-12 03:00:00,1115.0,1123.9318
2017-05-12 04:00:00,1129.0,1137.9926
2017-05-12 05:00:00,1210.0,1189.51
2017-05-12 06:00:00,1296.0,1313.6635
2017-05-12 07:00:00,1386.0,1393.1244
2017-05-12 08:00:00,1424.0,1477.2095
2017-05-12 09:00:00,1453.0,1515.4484
2017-05-12 10:00:00,1488.0,1520.963
2017-05-12 11:00:00,1492.0,1504.6641
2017-05-12 12:00:00,1491.0,1503.6904
2017-05-12 13:00:00,1484.0,1501.6399
2017-05-12 14:00:00,1480.0,1484.7216
2017-05-12 15:00:00,1451.0,1480.7247
2017-05-12 16:00:00,1443.0,1465.436
2017-05-12 17:00:00,1430.0,1439.1969
2017-05-12 18:00:00,1411.0,1427.461
2017-05-12 19:00:00,1376.0,1427.5505
2017-05-12 20:00:00,1413.0,1443.5702
2017-05-12 21:00:00,1400.0,1447.204
2017-05-12 22:00:00,1310.0,1339.3684
2017-05-12 23:00:00,1233.0,1299.857
2017-05-13 00:00:00,1168.0,1173.829
2017-05-13 01:00:00,1149.0,1130.9097
2017-05-13 02:00:00,1131.0,1132.1993
2017-05-13 03:00:00,1107.0,1102.9111
2017-05-13 04:00:00,1117.0,1110.0288
2017-05-13 05:00:00,1127.0,1147.5282
2017-05-13 06:00:00,1148.0,1146.162
2017-05-13 07:00:00,1210.0,1195.9905
2017-05-13 08:00:00,1266.0,1275.9183
2017-05-13 09:00:00,1311.0,1334.0587
2017-05-13 10:00:00,1332.0,1348.4415
2017-05-13 11:00:00,1343.0,1355.001
2017-05-13 12:00:00,1336.0,1358.8325
2017-05-13 13:00:00,1330.0,1338.7607
2017-05-13 14:00:00,1320.0,1333.3837
2017-05-13 15:00:00,1314.0,1318.5771
2017-05-13 16:00:00,1321.0,1308.6521
2017-05-13 17:00:00,1308.0,1312.4939
2017-05-13 18:00:00,1305.0,1298.2448
2017-05-13 19:00:00,1315.0,1290.4415
2017-05-13 20:00:00,1336.0,1352.4415
2017-05-13 21:00:00,1332.0,1368.5656
2017-05-13 22:00:00,1282.0,1306.0486
2017-05-13 23:00:00,1205.0,1275.3525
2017-05-14 00:00:00,1146.0,1172.1044
2017-05-14 01:00:00,1114.0,1133.7222
2017-05-14 02:00:00,1083.0,1111.1434
2017-05-14 03:00:00,1067.0,1088.4814
2017-05-14 04:00:00,1079.0,1092.4939
2017-05-14 05:00:00,1087.0,1131.9092
2017-05-14 06:00:00,1092.0,1120.8416
2017-05-14 07:00:00,1131.0,1134.1458
2017-05-14 08:00:00,1188.0,1175.5096
2017-05-14 09:00:00,1234.0,1253.6313
2017-05-14 10:00:00,1272.0,1282.438
2017-05-14 11:00:00,1278.0,1308.0083
2017-05-14 12:00:00,1286.0,1286.857
2017-05-14 13:00:00,1290.0,1281.5496
2017-05-14 14:00:00,1283.0,1278.7245
2017-05-14 15:00:00,1289.0,1278.8959
2017-05-14 16:00:00,1291.0,1272.1807
2017-05-14 17:00:00,1294.0,1271.1659
2017-05-14 18:00:00,1289.0,1273.2263
2017-05-14 19:00:00,1277.0,1283.512
2017-05-14 20:00:00,1321.0,1341.041
2017-05-14 21:00:00,1326.0,1348.1128
2017-05-14 22:00:00,1264.0,1310.3129
2017-05-14 23:00:00,1178.0,1272.9801
2017-05-15 00:00:00,1128.0,1187.6941
2017-05-15 01:00:00,1111.0,1118.2719
2017-05-15 02:00:00,1092.0,1118.3529
2017-05-15 03:00:00,1086.0,1118.838
2017-05-15 04:00:00,1120.0,1146.7352
2017-05-15 05:00:00,1187.0,1213.7047
2017-05-15 06:00:00,1291.0,1309.0961
2017-05-15 07:00:00,1391.0,1415.7583
2017-05-15 08:00:00,1429.0,1487.0585
2017-05-15 09:00:00,1459.0,1507.8595
2017-05-15 10:00:00,1498.0,1520.708
2017-05-15 11:00:00,1510.0,1519.83
2017-05-15 12:00:00,1533.0,1523.2472
2017-05-15 13:00:00,1558.0,1536.3395
2017-05-15 14:00:00,1551.0,1551.3588
2017-05-15 15:00:00,1542.0,1550.1615
2017-05-15 16:00:00,1551.0,1546.0292
2017-05-15 17:00:00,1530.0,1549.9951
2017-05-15 18:00:00,1501.0,1520.6763
2017-05-15 19:00:00,1485.0,1511.3746
2017-05-15 20:00:00,1463.0,1527.473
2017-05-15 21:00:00,1471.0,1478.2842
2017-05-15 22:00:00,1374.0,1385.9204
2017-05-15 23:00:00,1266.0,1277.9177
2017-05-16 00:00:00,1192.0,1216.3011
2017-05-16 01:00:00,1144.0,1162.1528
2017-05-16 02:00:00,1121.0,1142.2762
2017-05-16 03:00:00,1126.0,1128.304
2017-05-16 04:00:00,1141.0,1142.5446
2017-05-16 05:00:00,1221.0,1195.0944
2017-05-16 06:00:00,1277.0,1327.8988
2017-05-16 07:00:00,1342.0,1383.8383
2017-05-16 08:00:00,1413.0,1447.7504
2017-05-16 09:00:00,1466.0,1507.1251
2017-05-16 10:00:00,1533.0,1541.2051
2017-05-16 11:00:00,1568.0,1559.1035
2017-05-16 12:00:00,1598.0,1569.6324
2017-05-16 13:00:00,1638.0,1602.7133
2017-05-16 14:00:00,1663.0,1643.5093
2017-05-16 15:00:00,1701.0,1664.1318
2017-05-16 16:00:00,1735.0,1700.9423
2017-05-16 17:00:00,1764.0,1729.9053
2017-05-16 18:00:00,1763.0,1739.7263
2017-05-16 19:00:00,1752.0,1731.8961
2017-05-16 20:00:00,1752.0,1744.7858
2017-05-16 21:00:00,1732.0,1735.1188
2017-05-16 22:00:00,1617.0,1601.681
2017-05-16 23:00:00,1492.0,1475.2882
2017-05-17 00:00:00,1373.0,1405.794
2017-05-17 01:00:00,1300.0,1325.0453
2017-05-17 02:00:00,1259.0,1277.2748
2017-05-17 03:00:00,1246.0,1248.0961
2017-05-17 04:00:00,1267.0,1264.222
2017-05-17 05:00:00,1326.0,1341.8258
2017-05-17 06:00:00,1422.0,1444.623
2017-05-17 07:00:00,1548.0,1522.0735
2017-05-17 08:00:00,1649.0,1622.7455
2017-05-17 09:00:00,1742.0,1711.2753
2017-05-17 10:00:00,1868.0,1819.123
2017-05-17 11:00:00,1933.0,1929.6385
2017-05-17 12:00:00,1973.0,2015.3632
2017-05-17 13:00:00,2058.0,2037.1014
2017-05-17 14:00:00,2100.0,2069.594
2017-05-17 15:00:00,2099.0,2098.812
2017-05-17 16:00:00,2136.0,2077.3647
2017-05-17 17:00:00,2114.0,2095.1592
2017-05-17 18:00:00,2049.0,2037.8828
2017-05-17 19:00:00,1987.0,1985.7963
2017-05-17 20:00:00,1979.0,1955.0286
2017-05-17 21:00:00,1920.0,1939.0399
2017-05-17 22:00:00,1787.0,1781.4181
2017-05-17 23:00:00,1625.0,1638.5114
2017-05-18 00:00:00,1497.0,1502.3313
2017-05-18 01:00:00,1429.0,1437.1553
2017-05-18 02:00:00,1360.0,1384.236
2017-05-18 03:00:00,1323.0,1334.0789
2017-05-18 04:00:00,1332.0,1328.3956
2017-05-18 05:00:00,1381.0,1398.7177
2017-05-18 06:00:00,1473.0,1488.6306
2017-05-18 07:00:00,1586.0,1587.6232
2017-05-18 08:00:00,1668.0,1680.8394
2017-05-18 09:00:00,1772.0,1758.1127
2017-05-18 10:00:00,1895.0,1840.3718
2017-05-18 11:00:00,2005.0,1962.7599
2017-05-18 12:00:00,2073.0,2063.2512
2017-05-18 13:00:00,2115.0,2117.3232
2017-05-18 14:00:00,2177.0,2115.602
2017-05-18 15:00:00,2204.0,2187.5405
2017-05-18 16:00:00,2157.0,2198.6948
2017-05-18 17:00:00,2071.0,2128.1643
2017-05-18 18:00:00,2038.0,2011.7413
2017-05-18 19:00:00,2012.0,1969.2574
2017-05-18 20:00:00,1982.0,1967.858
2017-05-18 21:00:00,1907.0,1922.5132
2017-05-18 22:00:00,1802.0,1763.773
2017-05-18 23:00:00,1659.0,1650.1957
2017-05-19 00:00:00,1529.0,1547.0303
2017-05-19 01:00:00,1448.0,1449.732
2017-05-19 02:00:00,1402.0,1407.4027
2017-05-19 03:00:00,1377.0,1378.6539
2017-05-19 04:00:00,1387.0,1384.8066
2017-05-19 05:00:00,1452.0,1446.911
2017-05-19 06:00:00,1554.0,1563.8873
2017-05-19 07:00:00,1677.0,1663.3163
2017-05-19 08:00:00,1772.0,1781.4353
2017-05-19 09:00:00,1887.0,1864.4814
2017-05-19 10:00:00,1969.0,1970.662
2017-05-19 11:00:00,2037.0,2023.1451
2017-05-19 12:00:00,2052.0,2072.403
2017-05-19 13:00:00,2116.0,2081.3005
2017-05-19 14:00:00,2150.0,2112.7444
2017-05-19 15:00:00,2175.0,2101.271
2017-05-19 16:00:00,2196.0,2137.6636
2017-05-19 17:00:00,2090.0,2152.1597
2017-05-19 18:00:00,1980.0,1971.5492
2017-05-19 19:00:00,1888.0,1892.1577
2017-05-19 20:00:00,1835.0,1851.9288
2017-05-19 21:00:00,1765.0,1803.4386
2017-05-19 22:00:00,1652.0,1641.5831
2017-05-19 23:00:00,1511.0,1513.1735
2017-05-20 00:00:00,1389.0,1409.459
2017-05-20 01:00:00,1284.0,1324.0679
2017-05-20 02:00:00,1247.0,1251.1296
2017-05-20 03:00:00,1230.0,1221.7549
2017-05-20 04:00:00,1218.0,1216.2924
2017-05-20 05:00:00,1222.0,1225.3772
2017-05-20 06:00:00,1230.0,1233.8699
2017-05-20 07:00:00,1291.0,1274.6367
2017-05-20 08:00:00,1340.0,1402.2432
2017-05-20 09:00:00,1407.0,1443.3362
2017-05-20 10:00:00,1441.0,1486.3248
2017-05-20 11:00:00,1459.0,1489.9275
2017-05-20 12:00:00,1474.0,1491.6116
2017-05-20 13:00:00,1482.0,1503.1245
2017-05-20 14:00:00,1513.0,1509.5657
2017-05-20 15:00:00,1554.0,1548.0245
2017-05-20 16:00:00,1595.0,1580.9406
2017-05-20 17:00:00,1628.0,1596.85
2017-05-20 18:00:00,1608.0,1618.5006
2017-05-20 19:00:00,1567.0,1589.3689
2017-05-20 20:00:00,1548.0,1573.2393
2017-05-20 21:00:00,1523.0,1526.7052
2017-05-20 22:00:00,1436.0,1443.6854
2017-05-20 23:00:00,1342.0,1346.5513
2017-05-21 00:00:00,1247.0,1270.2701
2017-05-21 01:00:00,1206.0,1200.8259
2017-05-21 02:00:00,1167.0,1161.8733
2017-05-21 03:00:00,1154.0,1148.2357
2017-05-21 04:00:00,1153.0,1147.0626
2017-05-21 05:00:00,1162.0,1169.9242
2017-05-21 06:00:00,1152.0,1166.9067
2017-05-21 07:00:00,1203.0,1184.9467
2017-05-21 08:00:00,1297.0,1269.3575
2017-05-21 09:00:00,1381.0,1355.096
2017-05-21 10:00:00,1469.0,1434.7505
2017-05-21 11:00:00,1528.0,1511.7805
2017-05-21 12:00:00,1541.0,1576.4811
2017-05-21 13:00:00,1583.0,1565.8335
2017-05-21 14:00:00,1580.0,1595.8467
2017-05-21 15:00:00,1561.0,1586.4285
2017-05-21 16:00:00,1578.0,1577.972
2017-05-21 17:00:00,1576.0,1587.4695
2017-05-21 18:00:00,1567.0,1572.3936
2017-05-21 19:00:00,1552.0,1568.4425
2017-05-21 20:00:00,1558.0,1579.864
2017-05-21 21:00:00,1567.0,1548.313
2017-05-21 22:00:00,1480.0,1488.444
2017-05-21 23:00:00,1378.0,1374.085
2017-05-22 00:00:00,1293.0,1308.7339
2017-05-22 01:00:00,1243.0,1247.4738
2017-05-22 02:00:00,1207.0,1214.4229
2017-05-22 03:00:00,1221.0,1197.0979
2017-05-22 04:00:00,1254.0,1226.2838
2017-05-22 05:00:00,1330.0,1315.5519
2017-05-22 06:00:00,1421.0,1440.5607
2017-05-22 07:00:00,1488.0,1516.0801
2017-05-22 08:00:00,1539.0,1580.3219
2017-05-22 09:00:00,1585.0,1622.103
2017-05-22 10:00:00,1624.0,1639.5209
2017-05-22 11:00:00,1627.0,1655.4296
2017-05-22 12:00:00,1627.0,1639.8296
2017-05-22 13:00:00,1639.0,1634.6318
2017-05-22 14:00:00,1653.0,1639.7773
2017-05-22 15:00:00,1631.0,1650.1709
2017-05-22 16:00:00,1641.0,1628.5719
2017-05-22 17:00:00,1606.0,1642.8766
2017-05-22 18:00:00,1542.0,1594.2705
2017-05-22 19:00:00,1522.0,1539.4884
2017-05-22 20:00:00,1493.0,1561.2795
2017-05-22 21:00:00,1488.0,1506.0262
2017-05-22 22:00:00,1387.0,1411.8516
2017-05-22 23:00:00,1271.0,1309.3534
2017-05-23 00:00:00,1181.0,1216.3279
2017-05-23 01:00:00,1148.0,1160.6074
2017-05-23 02:00:00,1120.0,1144.44
2017-05-23 03:00:00,1110.0,1130.6241
2017-05-23 04:00:00,1128.0,1150.0128
2017-05-23 05:00:00,1182.0,1183.9786
2017-05-23 06:00:00,1266.0,1248.1348
2017-05-23 07:00:00,1346.0,1366.0232
2017-05-23 08:00:00,1410.0,1439.888
2017-05-23 09:00:00,1477.0,1504.9366
2017-05-23 10:00:00,1523.0,1560.9431
2017-05-23 11:00:00,1551.0,1570.5552
2017-05-23 12:00:00,1583.0,1572.5007
2017-05-23 13:00:00,1612.0,1597.0139
2017-05-23 14:00:00,1613.0,1627.077
2017-05-23 15:00:00,1627.0,1622.0264
2017-05-23 16:00:00,1618.0,1632.6954
2017-05-23 17:00:00,1613.0,1615.0958
2017-05-23 18:00:00,1582.0,1591.4313
2017-05-23 19:00:00,1556.0,1580.6061
2017-05-23 20:00:00,1581.0,1588.3679
2017-05-23 21:00:00,1562.0,1579.5596
2017-05-23 22:00:00,1465.0,1467.7549
2017-05-23 23:00:00,1351.0,1370.9729
2017-05-24 00:00:00,1256.0,1283.6566
2017-05-24 01:00:00,1209.0,1220.5055
2017-05-24 02:00:00,1187.0,1192.342
2017-05-24 03:00:00,1175.0,1181.4187
2017-05-24 04:00:00,1191.0,1192.9199
2017-05-24 05:00:00,1269.0,1259.2092
2017-05-24 06:00:00,1353.0,1370.0045
2017-05-24 07:00:00,1437.0,1461.7128
2017-05-24 08:00:00,1506.0,1528.7885
2017-05-24 09:00:00,1545.0,1590.3826
2017-05-24 10:00:00,1569.0,1605.9191
2017-05-24 11:00:00,1581.0,1602.5171
2017-05-24 12:00:00,1592.0,1592.0115
2017-05-24 13:00:00,1586.0,1606.3958
2017-05-24 14:00:00,1580.0,1589.8252
2017-05-24 15:00:00,1576.0,1586.0383
2017-05-24 16:00:00,1607.0,1585.0359
2017-05-24 17:00:00,1573.0,1610.3486
2017-05-24 18:00:00,1549.0,1561.8096
2017-05-24 19:00:00,1512.0,1549.5607
2017-05-24 20:00:00,1538.0,1551.241
2017-05-24 21:00:00,1504.0,1544.8635
2017-05-24 22:00:00,1375.0,1419.1809
2017-05-24 23:00:00,1274.0,1300.0458
2017-05-25 00:00:00,1214.0,1216.2524
2017-05-25 01:00:00,1194.0,1179.2311
2017-05-25 02:00:00,1174.0,1167.9514
2017-05-25 03:00:00,1171.0,1178.0563
2017-05-25 04:00:00,1175.0,1196.4341
2017-05-25 05:00:00,1224.0,1244.1598
2017-05-25 06:00:00,1330.0,1304.0919
2017-05-25 07:00:00,1431.0,1419.8302
2017-05-25 08:00:00,1490.0,1520.6058
2017-05-25 09:00:00,1503.0,1562.49
2017-05-25 10:00:00,1545.0,1560.363
2017-05-25 11:00:00,1560.0,1569.697
2017-05-25 12:00:00,1584.0,1570.4132
2017-05-25 13:00:00,1584.0,1594.2894
2017-05-25 14:00:00,1588.0,1586.518
2017-05-25 15:00:00,1579.0,1591.7018
2017-05-25 16:00:00,1579.0,1587.845
2017-05-25 17:00:00,1568.0,1580.0288
2017-05-25 18:00:00,1532.0,1555.9572
2017-05-25 19:00:00,1516.0,1532.2151
2017-05-25 20:00:00,1507.0,1554.4908
2017-05-25 21:00:00,1477.0,1510.3903
2017-05-25 22:00:00,1407.0,1407.9218
2017-05-25 23:00:00,1304.0,1330.1575
2017-05-26 00:00:00,1241.0,1242.2285
2017-05-26 01:00:00,1201.0,1204.5155
2017-05-26 02:00:00,1157.0,1177.5193
2017-05-26 03:00:00,1167.0,1154.8224
2017-05-26 04:00:00,1185.0,1185.9612
2017-05-26 05:00:00,1232.0,1257.2773
2017-05-26 06:00:00,1334.0,1319.5824
2017-05-26 07:00:00,1421.0,1430.0165
2017-05-26 08:00:00,1463.0,1505.8936
2017-05-26 09:00:00,1508.0,1541.4302
2017-05-26 10:00:00,1548.0,1551.7913
2017-05-26 11:00:00,1539.0,1561.4001
2017-05-26 12:00:00,1543.0,1540.4154
2017-05-26 13:00:00,1540.0,1541.7653
2017-05-26 14:00:00,1536.0,1529.7991
2017-05-26 15:00:00,1497.0,1530.3574
2017-05-26 16:00:00,1501.0,1497.4081
2017-05-26 17:00:00,1493.0,1495.5247
2017-05-26 18:00:00,1461.0,1484.0933
2017-05-26 19:00:00,1415.0,1467.5651
2017-05-26 20:00:00,1397.0,1443.5674
2017-05-26 21:00:00,1410.0,1414.3871
2017-05-26 22:00:00,1340.0,1332.3726
2017-05-26 23:00:00,1256.0,1285.6534
2017-05-27 00:00:00,1187.0,1194.4678
2017-05-27 01:00:00,1133.0,1154.096
2017-05-27 02:00:00,1108.0,1115.5731
2017-05-27 03:00:00,1106.0,1103.9489
2017-05-27 04:00:00,1091.0,1103.7404
2017-05-27 05:00:00,1116.0,1129.5972
2017-05-27 06:00:00,1152.0,1146.6592
2017-05-27 07:00:00,1175.0,1197.9484
2017-05-27 08:00:00,1215.0,1250.0161
2017-05-27 09:00:00,1291.0,1283.5706
2017-05-27 10:00:00,1334.0,1338.3757
2017-05-27 11:00:00,1368.0,1357.8145
2017-05-27 12:00:00,1386.0,1383.4489
2017-05-27 13:00:00,1379.0,1384.9807
2017-05-27 14:00:00,1390.0,1375.0731
2017-05-27 15:00:00,1382.0,1380.5233
2017-05-27 16:00:00,1395.0,1378.66
2017-05-27 17:00:00,1412.0,1385.6621
2017-05-27 18:00:00,1417.0,1401.4702
2017-05-27 19:00:00,1399.0,1426.7378
2017-05-27 20:00:00,1419.0,1433.8237
2017-05-27 21:00:00,1426.0,1427.2129
2017-05-27 22:00:00,1347.0,1358.6534
2017-05-27 23:00:00,1280.0,1258.2773
2017-05-28 00:00:00,1189.0,1201.1836
2017-05-28 01:00:00,1161.0,1144.6162
2017-05-28 02:00:00,1130.0,1127.0958
2017-05-28 03:00:00,1113.0,1101.9188
2017-05-28 04:00:00,1105.0,1088.9287
2017-05-28 05:00:00,1115.0,1114.1305
2017-05-28 06:00:00,1107.0,1118.3893
2017-05-28 07:00:00,1137.0,1133.1224
2017-05-28 08:00:00,1210.0,1168.8368
2017-05-28 09:00:00,1294.0,1275.418
2017-05-28 10:00:00,1362.0,1333.3802
2017-05-28 11:00:00,1405.0,1382.8451
2017-05-28 12:00:00,1454.0,1410.4807
2017-05-28 13:00:00,1471.0,1449.392
2017-05-28 14:00:00,1488.0,1465.408
2017-05-28 15:00:00,1532.0,1472.9729
2017-05-28 16:00:00,1573.0,1534.1865
2017-05-28 17:00:00,1593.0,1570.4155
2017-05-28 18:00:00,1591.0,1578.6641
2017-05-28 19:00:00,1564.0,1580.8575
2017-05-28 20:00:00,1553.0,1588.2137
2017-05-28 21:00:00,1555.0,1536.5791
2017-05-28 22:00:00,1486.0,1467.7714
2017-05-28 23:00:00,1395.0,1373.9247
2017-05-29 00:00:00,1318.0,1317.907
2017-05-29 01:00:00,1243.0,1266.2761
2017-05-29 02:00:00,1198.0,1216.3553
2017-05-29 03:00:00,1170.0,1183.0613
2017-05-29 04:00:00,1159.0,1181.4714
2017-05-29 05:00:00,1167.0,1210.8116
2017-05-29 06:00:00,1160.0,1234.2166
2017-05-29 07:00:00,1199.0,1220.4948
2017-05-29 08:00:00,1271.0,1298.8434
2017-05-29 09:00:00,1367.0,1385.282
2017-05-29 10:00:00,1443.0,1449.8824
2017-05-29 11:00:00,1503.0,1496.5884
2017-05-29 12:00:00,1542.0,1532.7668
2017-05-29 13:00:00,1574.0,1564.3455
2017-05-29 14:00:00,1597.0,1580.5046
2017-05-29 15:00:00,1611.0,1603.3497
2017-05-29 16:00:00,1652.0,1615.3191
2017-05-29 17:00:00,1674.0,1647.6459
2017-05-29 18:00:00,1653.0,1653.5438
2017-05-29 19:00:00,1599.0,1638.2762
2017-05-29 20:00:00,1585.0,1617.3336
2017-05-29 21:00:00,1554.0,1578.6633
2017-05-29 22:00:00,1465.0,1458.5146
2017-05-29 23:00:00,1356.0,1357.3467
2017-05-30 00:00:00,1259.0,1277.607
2017-05-30 01:00:00,1205.0,1222.9791
2017-05-30 02:00:00,1187.0,1179.1112
2017-05-30 03:00:00,1181.0,1168.3192
2017-05-30 04:00:00,1187.0,1186.9382
2017-05-30 05:00:00,1248.0,1251.5944
2017-05-30 06:00:00,1327.0,1341.3086
2017-05-30 07:00:00,1452.0,1439.6792
2017-05-30 08:00:00,1564.0,1548.2013
2017-05-30 09:00:00,1649.0,1639.346
2017-05-30 10:00:00,1735.0,1712.5164
2017-05-30 11:00:00,1786.0,1787.8057
2017-05-30 12:00:00,1827.0,1829.967
2017-05-30 13:00:00,1860.0,1860.5244
2017-05-30 14:00:00,1867.0,1877.7179
2017-05-30 15:00:00,1867.0,1864.68
2017-05-30 16:00:00,1893.0,1858.4445
2017-05-30 17:00:00,1888.0,1868.6123
2017-05-30 18:00:00,1842.0,1842.4913
2017-05-30 19:00:00,1758.0,1794.218
2017-05-30 20:00:00,1718.0,1741.0349
2017-05-30 21:00:00,1685.0,1711.5377
2017-05-30 22:00:00,1576.0,1551.5625
2017-05-30 23:00:00,1432.0,1429.6915
2017-05-31 00:00:00,1309.0,1360.6741
2017-05-31 01:00:00,1256.0,1282.5864
2017-05-31 02:00:00,1223.0,1236.6132
2017-05-31 03:00:00,1214.0,1214.1365
2017-05-31 04:00:00,1218.0,1233.6675
2017-05-31 05:00:00,1278.0,1295.1246
2017-05-31 06:00:00,1355.0,1387.2722
2017-05-31 07:00:00,1473.0,1463.5637
2017-05-31 08:00:00,1559.0,1579.357
2017-05-31 09:00:00,1626.0,1636.5531
2017-05-31 10:00:00,1678.0,1682.9585
2017-05-31 11:00:00,1715.0,1710.6516
2017-05-31 12:00:00,1771.0,1739.264
2017-05-31 13:00:00,1813.0,1797.106
2017-05-31 14:00:00,1806.0,1829.3925
2017-05-31 15:00:00,1793.0,1815.542
2017-05-31 16:00:00,1707.0,1784.72
2017-05-31 17:00:00,1636.0,1673.9779
2017-05-31 18:00:00,1622.0,1592.5398
2017-05-31 19:00:00,1590.0,1589.909
2017-05-31 20:00:00,1548.0,1610.2872
2017-05-31 21:00:00,1535.0,1540.5776
2017-05-31 22:00:00,1438.0,1438.3948
2017-05-31 23:00:00,1340.0,1340.3481
2017-06-01 00:00:00,1247.0,1267.6106
2017-06-01 01:00:00,1190.0,1207.9841
2017-06-01 02:00:00,1166.0,1173.5887
2017-06-01 03:00:00,1125.0,1156.8214
2017-06-01 04:00:00,1139.0,1149.8948
2017-06-01 05:00:00,1204.0,1185.2725
2017-06-01 06:00:00,1269.0,1291.469
2017-06-01 07:00:00,1362.0,1385.2509
2017-06-01 08:00:00,1450.0,1464.0984
2017-06-01 09:00:00,1511.0,1542.1947
2017-06-01 10:00:00,1553.0,1560.1127
2017-06-01 11:00:00,1559.0,1579.7108
2017-06-01 12:00:00,1573.0,1560.1774
2017-06-01 13:00:00,1668.0,1566.5808
2017-06-01 14:00:00,1680.0,1674.1393
2017-06-01 15:00:00,1709.0,1671.356
2017-06-01 16:00:00,1717.0,1699.5039
2017-06-01 17:00:00,1712.0,1697.5464
2017-06-01 18:00:00,1685.0,1673.0531
2017-06-01 19:00:00,1631.0,1661.2693
2017-06-01 20:00:00,1583.0,1627.7491
2017-06-01 21:00:00,1570.0,1579.2328
2017-06-01 22:00:00,1457.0,1462.4625
2017-06-01 23:00:00,1330.0,1356.1062
2017-06-02 00:00:00,1237.0,1258.7684
2017-06-02 01:00:00,1180.0,1197.1517
2017-06-02 02:00:00,1149.0,1159.4855
2017-06-02 03:00:00,1136.0,1153.878
2017-06-02 04:00:00,1145.0,1145.2979
2017-06-02 05:00:00,1209.0,1221.4717
2017-06-02 06:00:00,1281.0,1309.818
2017-06-02 07:00:00,1397.0,1386.082
2017-06-02 08:00:00,1485.0,1491.3123
2017-06-02 09:00:00,1555.0,1564.7897
2017-06-02 10:00:00,1599.0,1596.1661
2017-06-02 11:00:00,1621.0,1626.0417
2017-06-02 12:00:00,1647.0,1631.783
2017-06-02 13:00:00,1665.0,1658.2373
2017-06-02 14:00:00,1682.0,1667.5854
2017-06-02 15:00:00,1695.0,1674.4124
2017-06-02 16:00:00,1696.0,1684.0295
2017-06-02 17:00:00,1701.0,1665.2284
2017-06-02 18:00:00,1666.0,1663.6241
2017-06-02 19:00:00,1606.0,1637.6321
2017-06-02 20:00:00,1555.0,1604.6543
2017-06-02 21:00:00,1521.0,1541.0071
2017-06-02 22:00:00,1444.0,1433.8055
2017-06-02 23:00:00,1327.0,1356.3864
2017-06-03 00:00:00,1245.0,1254.3419
2017-06-03 01:00:00,1188.0,1196.2866
2017-06-03 02:00:00,1157.0,1157.0789
2017-06-03 03:00:00,1143.0,1141.4254
2017-06-03 04:00:00,1146.0,1122.5128
2017-06-03 05:00:00,1159.0,1183.9308
2017-06-03 06:00:00,1161.0,1182.0621
2017-06-03 07:00:00,1210.0,1203.3866
2017-06-03 08:00:00,1296.0,1292.4585
2017-06-03 09:00:00,1384.0,1367.7799
2017-06-03 10:00:00,1453.0,1440.6946
2017-06-03 11:00:00,1510.0,1482.7661
2017-06-03 12:00:00,1540.0,1533.3076
2017-06-03 13:00:00,1565.0,1557.2596
2017-06-03 14:00:00,1597.0,1570.6312
2017-06-03 15:00:00,1651.0,1602.6581
2017-06-03 16:00:00,1692.0,1666.1497
2017-06-03 17:00:00,1718.0,1691.3215
2017-06-03 18:00:00,1704.0,1702.0844
2017-06-03 19:00:00,1665.0,1677.8308
2017-06-03 20:00:00,1615.0,1665.1116
2017-06-03 21:00:00,1584.0,1608.0723
2017-06-03 22:00:00,1495.0,1493.8933
2017-06-03 23:00:00,1375.0,1391.0955
2017-06-04 00:00:00,1277.0,1290.394
2017-06-04 01:00:00,1220.0,1218.6929
2017-06-04 02:00:00,1185.0,1174.5284
2017-06-04 03:00:00,1155.0,1155.0457
2017-06-04 04:00:00,1146.0,1143.3976
2017-06-04 05:00:00,1156.0,1162.0631
2017-06-04 06:00:00,1157.0,1159.4717
2017-06-04 07:00:00,1195.0,1185.2253
2017-06-04 08:00:00,1245.0,1264.5304
2017-06-04 09:00:00,1331.0,1315.9208
2017-06-04 10:00:00,1394.0,1395.3784
2017-06-04 11:00:00,1475.0,1443.05
2017-06-04 12:00:00,1546.0,1518.402
2017-06-04 13:00:00,1587.0,1579.1493
2017-06-04 14:00:00,1572.0,1610.0848
2017-06-04 15:00:00,1537.0,1587.1003
2017-06-04 16:00:00,1529.0,1548.193
2017-06-04 17:00:00,1523.0,1525.2892
2017-06-04 18:00:00,1507.0,1512.2245
2017-06-04 19:00:00,1503.0,1502.324
2017-06-04 20:00:00,1518.0,1513.5992
2017-06-04 21:00:00,1514.0,1501.2759
2017-06-04 22:00:00,1424.0,1418.1077
2017-06-04 23:00:00,1321.0,1341.0569
2017-06-05 00:00:00,1247.0,1254.3015
2017-06-05 01:00:00,1203.0,1210.276
2017-06-05 02:00:00,1184.0,1178.6476
2017-06-05 03:00:00,1182.0,1173.5358
2017-06-05 04:00:00,1205.0,1187.5906
2017-06-05 05:00:00,1285.0,1264.4325
2017-06-05 06:00:00,1358.0,1385.6256
2017-06-05 07:00:00,1473.0,1461.3906
2017-06-05 08:00:00,1548.0,1562.688
2017-06-05 09:00:00,1580.0,1616.5488
2017-06-05 10:00:00,1639.0,1636.0162
2017-06-05 11:00:00,1686.0,1676.4263
2017-06-05 12:00:00,1733.0,1701.9847
2017-06-05 13:00:00,1796.0,1760.5062
2017-06-05 14:00:00,1829.0,1820.814
2017-06-05 15:00:00,1809.0,1842.3264
2017-06-05 16:00:00,1780.0,1820.9354
2017-06-05 17:00:00,1781.0,1750.5175
2017-06-05 18:00:00,1755.0,1740.3337
2017-06-05 19:00:00,1686.0,1728.6744
2017-06-05 20:00:00,1619.0,1680.0935
2017-06-05 21:00:00,1602.0,1618.2974
2017-06-05 22:00:00,1475.0,1483.2952
2017-06-05 23:00:00,1347.0,1358.2367
2017-06-06 00:00:00,1259.0,1272.2699
2017-06-06 01:00:00,1203.0,1226.4163
2017-06-06 02:00:00,1169.0,1187.4891
2017-06-06 03:00:00,1144.0,1173.6552
2017-06-06 04:00:00,1164.0,1181.2344
2017-06-06 05:00:00,1232.0,1223.8137
2017-06-06 06:00:00,1305.0,1340.5159
2017-06-06 07:00:00,1391.0,1419.1364
2017-06-06 08:00:00,1455.0,1497.4142
2017-06-06 09:00:00,1493.0,1544.6254
2017-06-06 10:00:00,1547.0,1563.7715
2017-06-06 11:00:00,1558.0,1580.188
2017-06-06 12:00:00,1561.0,1575.7509
2017-06-06 13:00:00,1562.0,1572.9854
2017-06-06 14:00:00,1551.0,1563.9032
2017-06-06 15:00:00,1541.0,1544.0714
2017-06-06 16:00:00,1528.0,1534.2904
2017-06-06 17:00:00,1515.0,1529.0342
2017-06-06 18:00:00,1492.0,1511.1641
2017-06-06 19:00:00,1469.0,1498.4576
2017-06-06 20:00:00,1457.0,1494.6008
2017-06-06 21:00:00,1464.0,1470.593
2017-06-06 22:00:00,1385.0,1389.5319
2017-06-06 23:00:00,1272.0,1297.6017
2017-06-07 00:00:00,1198.0,1217.9177
2017-06-07 01:00:00,1168.0,1173.0295
2017-06-07 02:00:00,1152.0,1156.545
2017-06-07 03:00:00,1142.0,1157.3447
2017-06-07 04:00:00,1147.0,1145.3927
2017-06-07 05:00:00,1214.0,1220.7906
2017-06-07 06:00:00,1288.0,1316.1322
2017-06-07 07:00:00,1371.0,1376.5881
2017-06-07 08:00:00,1431.0,1464.2122
2017-06-07 09:00:00,1464.0,1525.056
2017-06-07 10:00:00,1499.0,1528.9506
2017-06-07 11:00:00,1521.0,1528.99
2017-06-07 12:00:00,1534.0,1526.7775
2017-06-07 13:00:00,1527.0,1535.1838
2017-06-07 14:00:00,1513.0,1523.5931
2017-06-07 15:00:00,1523.0,1517.4426
2017-06-07 16:00:00,1521.0,1529.8726
2017-06-07 17:00:00,1507.0,1517.4188
2017-06-07 18:00:00,1478.0,1503.5298
2017-06-07 19:00:00,1467.0,1500.0696
2017-06-07 20:00:00,1482.0,1503.2675
2017-06-07 21:00:00,1451.0,1494.577
2017-06-07 22:00:00,1375.0,1398.3169
2017-06-07 23:00:00,1275.0,1296.154
2017-06-08 00:00:00,1215.0,1216.1621
2017-06-08 01:00:00,1176.0,1176.8368
2017-06-08 02:00:00,1139.0,1158.7535
2017-06-08 03:00:00,1119.0,1134.3544
2017-06-08 04:00:00,1148.0,1142.3347
2017-06-08 05:00:00,1218.0,1220.2579
2017-06-08 06:00:00,1282.0,1324.5419
2017-06-08 07:00:00,1347.0,1392.663
2017-06-08 08:00:00,1441.0,1449.4337
2017-06-08 09:00:00,1485.0,1541.4651
2017-06-08 10:00:00,1515.0,1547.2902
2017-06-08 11:00:00,1567.0,1541.292
2017-06-08 12:00:00,1579.0,1571.2554
2017-06-08 13:00:00,1578.0,1586.4062
2017-06-08 14:00:00,1585.0,1573.9341
2017-06-08 15:00:00,1564.0,1583.4165
2017-06-08 16:00:00,1555.0,1565.6556
2017-06-08 17:00:00,1544.0,1551.3602
2017-06-08 18:00:00,1519.0,1531.4268
2017-06-08 19:00:00,1506.0,1527.545
2017-06-08 20:00:00,1501.0,1542.4803
2017-06-08 21:00:00,1479.0,1502.2644
2017-06-08 22:00:00,1412.0,1397.6504
2017-06-08 23:00:00,1305.0,1321.5146
2017-06-09 00:00:00,1232.0,1242.9586
2017-06-09 01:00:00,1173.0,1193.0186
2017-06-09 02:00:00,1154.0,1153.073
2017-06-09 03:00:00,1154.0,1154.4556
2017-06-09 04:00:00,1166.0,1168.282
2017-06-09 05:00:00,1209.0,1219.1405
2017-06-09 06:00:00,1285.0,1303.3729
2017-06-09 07:00:00,1375.0,1386.6829
2017-06-09 08:00:00,1446.0,1468.0663
2017-06-09 09:00:00,1525.0,1545.2467
2017-06-09 10:00:00,1587.0,1574.0433
2017-06-09 11:00:00,1633.0,1613.87
2017-06-09 12:00:00,1661.0,1646.0144
2017-06-09 13:00:00,1692.0,1676.0459
2017-06-09 14:00:00,1718.0,1689.1808
2017-06-09 15:00:00,1729.0,1712.4166
2017-06-09 16:00:00,1692.0,1723.2241
2017-06-09 17:00:00,1658.0,1668.7517
2017-06-09 18:00:00,1613.0,1611.8407
2017-06-09 19:00:00,1579.0,1592.7606
2017-06-09 20:00:00,1560.0,1583.5719
2017-06-09 21:00:00,1562.0,1552.1906
2017-06-09 22:00:00,1490.0,1458.4498
2017-06-09 23:00:00,1387.0,1382.8848
2017-06-10 00:00:00,1308.0,1301.6959
2017-06-10 01:00:00,1257.0,1248.9991
2017-06-10 02:00:00,1211.0,1215.2793
2017-06-10 03:00:00,1185.0,1192.4625
2017-06-10 04:00:00,1184.0,1185.0969
2017-06-10 05:00:00,1197.0,1208.2439
2017-06-10 06:00:00,1206.0,1222.5109
2017-06-10 07:00:00,1285.0,1242.0785
2017-06-10 08:00:00,1350.0,1362.2268
2017-06-10 09:00:00,1435.0,1427.3582
2017-06-10 10:00:00,1507.0,1488.1453
2017-06-10 11:00:00,1576.0,1538.0616
2017-06-10 12:00:00,1615.0,1593.0104
2017-06-10 13:00:00,1677.0,1630.2134
2017-06-10 14:00:00,1746.0,1685.4147
2017-06-10 15:00:00,1801.0,1755.8575
2017-06-10 16:00:00,1859.0,1819.3347
2017-06-10 17:00:00,1889.0,1847.6152
2017-06-10 18:00:00,1875.0,1862.0431
2017-06-10 19:00:00,1861.0,1835.3539
2017-06-10 20:00:00,1800.0,1834.8033
2017-06-10 21:00:00,1767.0,1784.7673
2017-06-10 22:00:00,1669.0,1653.379
2017-06-10 23:00:00,1555.0,1528.2753
2017-06-11 00:00:00,1446.0,1444.5383
2017-06-11 01:00:00,1372.0,1376.6841
2017-06-11 02:00:00,1307.0,1328.9835
2017-06-11 03:00:00,1266.0,1276.2446
2017-06-11 04:00:00,1236.0,1237.007
2017-06-11 05:00:00,1225.0,1230.679
2017-06-11 06:00:00,1213.0,1227.4122
2017-06-11 07:00:00,1297.0,1248.3297
2017-06-11 08:00:00,1423.0,1387.8881
2017-06-11 09:00:00,1564.0,1524.0316
2017-06-11 10:00:00,1687.0,1638.063
2017-06-11 11:00:00,1769.0,1783.8894
2017-06-11 12:00:00,1834.0,1840.5067
2017-06-11 13:00:00,1906.0,1900.2151
2017-06-11 14:00:00,1960.0,1966.1832
2017-06-11 15:00:00,2025.0,2011.7543
2017-06-11 16:00:00,2085.0,2046.0181
2017-06-11 17:00:00,2122.0,2071.0303
2017-06-11 18:00:00,2110.0,2073.579
2017-06-11 19:00:00,2073.0,2053.8965
2017-06-11 20:00:00,2010.0,2023.9917
2017-06-11 21:00:00,1976.0,2002.2246
2017-06-11 22:00:00,1849.0,1864.522
2017-06-11 23:00:00,1709.0,1707.5461
2017-06-12 00:00:00,1587.0,1583.4568
2017-06-12 01:00:00,1486.0,1495.039
2017-06-12 02:00:00,1436.0,1440.9702
2017-06-12 03:00:00,1407.0,1406.1669
2017-06-12 04:00:00,1417.0,1402.1196
2017-06-12 05:00:00,1463.0,1477.0032
2017-06-12 06:00:00,1527.0,1546.81
2017-06-12 07:00:00,1639.0,1647.6813
2017-06-12 08:00:00,1772.0,1750.4095
2017-06-12 09:00:00,1905.0,1888.1223
2017-06-12 10:00:00,2055.0,2033.9406
2017-06-12 11:00:00,2163.0,2147.5898
2017-06-12 12:00:00,2243.0,2248.8684
2017-06-12 13:00:00,2328.0,2289.4548
2017-06-12 14:00:00,2367.0,2351.224
2017-06-12 15:00:00,2398.0,2379.8074
2017-06-12 16:00:00,2429.0,2403.3765
2017-06-12 17:00:00,2446.0,2399.3591
2017-06-12 18:00:00,2412.0,2350.084
2017-06-12 19:00:00,2361.0,2313.2754
2017-06-12 20:00:00,2263.0,2299.161
2017-06-12 21:00:00,2224.0,2251.736
2017-06-12 22:00:00,2092.0,2052.831
2017-06-12 23:00:00,1902.0,1907.2638
2017-06-13 00:00:00,1754.0,1771.0138
2017-06-13 01:00:00,1655.0,1640.2891
2017-06-13 02:00:00,1581.0,1592.8972
2017-06-13 03:00:00,1534.0,1541.3834
2017-06-13 04:00:00,1532.0,1532.365
2017-06-13 05:00:00,1583.0,1588.8268
2017-06-13 06:00:00,1650.0,1676.4896
2017-06-13 07:00:00,1778.0,1774.1499
2017-06-13 08:00:00,1945.0,1898.7021
2017-06-13 09:00:00,2108.0,2065.3774
2017-06-13 10:00:00,2243.0,2219.4778
2017-06-13 11:00:00,2374.0,2355.0435
2017-06-13 12:00:00,2486.0,2430.9753
2017-06-13 13:00:00,2535.0,2545.9854
2017-06-13 14:00:00,2562.0,2582.4058
2017-06-13 15:00:00,2525.0,2571.7512
2017-06-13 16:00:00,2377.0,2513.0144
2017-06-13 17:00:00,2159.0,2305.1687
2017-06-13 18:00:00,2094.0,2084.6655
2017-06-13 19:00:00,2050.0,2006.2313
2017-06-13 20:00:00,2010.0,1988.9424
2017-06-13 21:00:00,1996.0,1973.5887
2017-06-13 22:00:00,1887.0,1845.6296
2017-06-13 23:00:00,1754.0,1731.3339
2017-06-14 00:00:00,1633.0,1618.8861
2017-06-14 01:00:00,1538.0,1550.7977
2017-06-14 02:00:00,1488.0,1492.8479
2017-06-14 03:00:00,1466.0,1449.6902
2017-06-14 04:00:00,1453.0,1468.6023
2017-06-14 05:00:00,1511.0,1526.3767
2017-06-14 06:00:00,1595.0,1609.7307
2017-06-14 07:00:00,1709.0,1716.1047
2017-06-14 08:00:00,1837.0,1812.6399
2017-06-14 09:00:00,1965.0,1934.5789
2017-06-14 10:00:00,2078.0,2063.926
2017-06-14 11:00:00,2204.0,2141.228
2017-06-14 12:00:00,2299.0,2269.9607
2017-06-14 13:00:00,2371.0,2346.77
2017-06-14 14:00:00,2416.0,2412.9648
2017-06-14 15:00:00,2440.0,2483.8562
2017-06-14 16:00:00,2390.0,2450.8174
2017-06-14 17:00:00,2242.0,2377.7158
2017-06-14 18:00:00,2153.0,2169.9543
2017-06-14 19:00:00,2093.0,2063.344
2017-06-14 20:00:00,2045.0,2033.4282
2017-06-14 21:00:00,2009.0,2000.484
2017-06-14 22:00:00,1873.0,1858.8572
2017-06-14 23:00:00,1732.0,1697.1362
2017-06-15 00:00:00,1611.0,1608.3185
2017-06-15 01:00:00,1552.0,1532.862
2017-06-15 02:00:00,1503.0,1494.8116
2017-06-15 03:00:00,1472.0,1469.5945
2017-06-15 04:00:00,1481.0,1472.8032
2017-06-15 05:00:00,1540.0,1541.1322
2017-06-15 06:00:00,1613.0,1642.473
2017-06-15 07:00:00,1744.0,1720.2332
2017-06-15 08:00:00,1899.0,1851.2736
2017-06-15 09:00:00,2028.0,2001.5465
2017-06-15 10:00:00,2173.0,2119.9504
2017-06-15 11:00:00,2276.0,2241.211
2017-06-15 12:00:00,2362.0,2334.2612
2017-06-15 13:00:00,2422.0,2432.7124
2017-06-15 14:00:00,2469.0,2483.9458
2017-06-15 15:00:00,2413.0,2502.327
2017-06-15 16:00:00,2221.0,2410.5637
2017-06-15 17:00:00,2172.0,2201.22
2017-06-15 18:00:00,2148.0,2094.6487
2017-06-15 19:00:00,2081.0,2068.9858
2017-06-15 20:00:00,2023.0,2024.7909
2017-06-15 21:00:00,1945.0,1991.5419
2017-06-15 22:00:00,1843.0,1807.3853
2017-06-15 23:00:00,1702.0,1691.1868
2017-06-16 00:00:00,1574.0,1578.203
2017-06-16 01:00:00,1499.0,1488.6548
2017-06-16 02:00:00,1463.0,1442.5579
2017-06-16 03:00:00,1439.0,1441.378
2017-06-16 04:00:00,1447.0,1441.0203
2017-06-16 05:00:00,1503.0,1514.2693
2017-06-16 06:00:00,1580.0,1596.7987
2017-06-16 07:00:00,1689.0,1691.9845
2017-06-16 08:00:00,1807.0,1801.5668
2017-06-16 09:00:00,1915.0,1906.3381
2017-06-16 10:00:00,2047.0,2005.9563
2017-06-16 11:00:00,2136.0,2128.8306
2017-06-16 12:00:00,2243.0,2193.8425
2017-06-16 13:00:00,2291.0,2311.5422
2017-06-16 14:00:00,2179.0,2321.5698
2017-06-16 15:00:00,2072.0,2176.2473
2017-06-16 16:00:00,2024.0,2042.2391
2017-06-16 17:00:00,2041.0,1987.6497
2017-06-16 18:00:00,2017.0,1990.2812
2017-06-16 19:00:00,1956.0,1942.5883
2017-06-16 20:00:00,1873.0,1903.495
2017-06-16 21:00:00,1842.0,1836.5563
2017-06-16 22:00:00,1734.0,1721.4047
2017-06-16 23:00:00,1611.0,1592.0923
2017-06-17 00:00:00,1490.0,1505.7748
2017-06-17 01:00:00,1398.0,1416.3365
2017-06-17 02:00:00,1344.0,1345.3986
2017-06-17 03:00:00,1312.0,1304.6888
2017-06-17 04:00:00,1298.0,1297.7313
2017-06-17 05:00:00,1312.0,1306.0806
2017-06-17 06:00:00,1320.0,1332.2296
2017-06-17 07:00:00,1414.0,1370.0122
2017-06-17 08:00:00,1525.0,1514.2336
2017-06-17 09:00:00,1686.0,1641.4255
2017-06-17 10:00:00,1803.0,1788.6466
2017-06-17 11:00:00,1918.0,1884.0553
2017-06-17 12:00:00,2012.0,1984.169
2017-06-17 13:00:00,2104.0,2082.0103
2017-06-17 14:00:00,2168.0,2174.8083
2017-06-17 15:00:00,2223.0,2212.6484
2017-06-17 16:00:00,2265.0,2262.2385
2017-06-17 17:00:00,2296.0,2281.7668
2017-06-17 18:00:00,2260.0,2251.8489
2017-06-17 19:00:00,2212.0,2194.3577
2017-06-17 20:00:00,2139.0,2162.3442
2017-06-17 21:00:00,2092.0,2119.5205
2017-06-17 22:00:00,1984.0,1991.5913
2017-06-17 23:00:00,1849.0,1857.431
2017-06-18 00:00:00,1721.0,1714.1761
2017-06-18 01:00:00,1621.0,1625.7965
2017-06-18 02:00:00,1555.0,1549.962
2017-06-18 03:00:00,1503.0,1494.6061
2017-06-18 04:00:00,1476.0,1476.7817
2017-06-18 05:00:00,1462.0,1463.6124
2017-06-18 06:00:00,1469.0,1461.0776
2017-06-18 07:00:00,1552.0,1528.4088
2017-06-18 08:00:00,1706.0,1687.2942
2017-06-18 09:00:00,1852.0,1857.37
2017-06-18 10:00:00,1997.0,2004.5726
2017-06-18 11:00:00,2096.0,2125.7173
2017-06-18 12:00:00,2192.0,2192.4526
2017-06-18 13:00:00,2258.0,2250.6396
2017-06-18 14:00:00,2296.0,2305.518
2017-06-18 15:00:00,2321.0,2314.8784
2017-06-18 16:00:00,2308.0,2336.145
2017-06-18 17:00:00,2150.0,2302.3083
2017-06-18 18:00:00,2031.0,2096.8809
2017-06-18 19:00:00,1978.0,1995.3807
2017-06-18 20:00:00,1958.0,1959.3951
2017-06-18 21:00:00,1926.0,1953.7361
2017-06-18 22:00:00,1827.0,1824.3213
2017-06-18 23:00:00,1696.0,1697.2054
2017-06-19 00:00:00,1602.0,1570.9226
2017-06-19 01:00:00,1518.0,1518.4331
2017-06-19 02:00:00,1476.0,1471.4391
2017-06-19 03:00:00,1451.0,1444.1799
2017-06-19 04:00:00,1465.0,1450.4113
2017-06-19 05:00:00,1540.0,1517.4344
2017-06-19 06:00:00,1611.0,1638.9064
2017-06-19 07:00:00,1647.0,1713.5154
2017-06-19 08:00:00,1690.0,1746.6829
2017-06-19 09:00:00,1734.0,1779.4929
2017-06-19 10:00:00,1796.0,1816.1909
2017-06-19 11:00:00,1846.0,1855.798
2017-06-19 12:00:00,1894.0,1873.9532
2017-06-19 13:00:00,1983.0,1940.3506
2017-06-19 14:00:00,2043.0,2024.071
2017-06-19 15:00:00,2063.0,2083.2048
2017-06-19 16:00:00,2097.0,2100.1992
2017-06-19 17:00:00,2100.0,2092.1
2017-06-19 18:00:00,2039.0,2056.2002
2017-06-19 19:00:00,1898.0,1975.892
2017-06-19 20:00:00,1795.0,1861.8182
2017-06-19 21:00:00,1737.0,1773.7007
2017-06-19 22:00:00,1618.0,1610.1919
2017-06-19 23:00:00,1500.0,1485.0435
2017-06-20 00:00:00,1387.0,1388.1986
2017-06-20 01:00:00,1309.0,1334.6726
2017-06-20 02:00:00,1248.0,1273.8153
2017-06-20 03:00:00,1223.0,1241.4419
2017-06-20 04:00:00,1239.0,1237.3617
2017-06-20 05:00:00,1289.0,1296.9283
2017-06-20 06:00:00,1360.0,1369.0071
2017-06-20 07:00:00,1469.0,1448.654
2017-06-20 08:00:00,1567.0,1560.5359
2017-06-20 09:00:00,1643.0,1650.4673
2017-06-20 10:00:00,1733.0,1720.9695
2017-06-20 11:00:00,1789.0,1802.1951
2017-06-20 12:00:00,1807.0,1831.2615
2017-06-20 13:00:00,1864.0,1825.8987
2017-06-20 14:00:00,1892.0,1888.4137
2017-06-20 15:00:00,1908.0,1915.3274
2017-06-20 16:00:00,1917.0,1918.3644
2017-06-20 17:00:00,1938.0,1893.3903
2017-06-20 18:00:00,1908.0,1884.4216
2017-06-20 19:00:00,1842.0,1842.4717
2017-06-20 20:00:00,1781.0,1805.9814
2017-06-20 21:00:00,1748.0,1762.1699
2017-06-20 22:00:00,1633.0,1629.5717
2017-06-20 23:00:00,1518.0,1496.5604
2017-06-21 00:00:00,1407.0,1418.6245
2017-06-21 01:00:00,1340.0,1356.014
2017-06-21 02:00:00,1298.0,1310.4415
2017-06-21 03:00:00,1271.0,1282.039
2017-06-21 04:00:00,1281.0,1277.4462
2017-06-21 05:00:00,1346.0,1338.0801
2017-06-21 06:00:00,1427.0,1430.5101
2017-06-21 07:00:00,1527.0,1526.9901
2017-06-21 08:00:00,1616.0,1622.164
2017-06-21 09:00:00,1715.0,1696.6879
2017-06-21 10:00:00,1818.0,1804.4993
2017-06-21 11:00:00,1897.0,1891.6283
2017-06-21 12:00:00,1966.0,1961.2605
2017-06-21 13:00:00,1976.0,2021.1061
2017-06-21 14:00:00,1979.0,2010.4745
2017-06-21 15:00:00,2037.0,1988.6102
2017-06-21 16:00:00,2085.0,2044.3767
2017-06-21 17:00:00,2088.0,2090.4954
2017-06-21 18:00:00,2077.0,2052.0132
2017-06-21 19:00:00,2009.0,2003.2041
2017-06-21 20:00:00,1924.0,1972.4786
2017-06-21 21:00:00,1879.0,1903.1448
2017-06-21 22:00:00,1782.0,1748.537
2017-06-21 23:00:00,1620.0,1633.0641
2017-06-22 00:00:00,1483.0,1513.3289
2017-06-22 01:00:00,1404.0,1420.9539
2017-06-22 02:00:00,1367.0,1368.1196
2017-06-22 03:00:00,1332.0,1346.8159
2017-06-22 04:00:00,1336.0,1340.4619
2017-06-22 05:00:00,1388.0,1391.5197
2017-06-22 06:00:00,1469.0,1470.7618
2017-06-22 07:00:00,1591.0,1566.9795
2017-06-22 08:00:00,1748.0,1689.5511
2017-06-22 09:00:00,1883.0,1847.2224
2017-06-22 10:00:00,2026.0,1991.7437
2017-06-22 11:00:00,2164.0,2122.8384
2017-06-22 12:00:00,2244.0,2260.1343
2017-06-22 13:00:00,2341.0,2347.7737
2017-06-22 14:00:00,2367.0,2414.9133
2017-06-22 15:00:00,2370.0,2412.3142
2017-06-22 16:00:00,2392.0,2387.085
2017-06-22 17:00:00,2427.0,2384.5764
2017-06-22 18:00:00,2335.0,2373.2063
2017-06-22 19:00:00,2246.0,2275.3757
2017-06-22 20:00:00,2183.0,2195.8416
2017-06-22 21:00:00,2139.0,2139.9094
2017-06-22 22:00:00,2014.0,1998.229
2017-06-22 23:00:00,1869.0,1855.6791
2017-06-23 00:00:00,1753.0,1748.9596
2017-06-23 01:00:00,1666.0,1657.0771
2017-06-23 02:00:00,1582.0,1606.1409
2017-06-23 03:00:00,1541.0,1548.7246
2017-06-23 04:00:00,1524.0,1530.5254
2017-06-23 05:00:00,1576.0,1574.1869
2017-06-23 06:00:00,1642.0,1664.1183
2017-06-23 07:00:00,1730.0,1762.6274
2017-06-23 08:00:00,1792.0,1841.3623
2017-06-23 09:00:00,1864.0,1899.1818
2017-06-23 10:00:00,1960.0,1937.3569
2017-06-23 11:00:00,1989.0,2032.5486
2017-06-23 12:00:00,2014.0,2032.7373
2017-06-23 13:00:00,2054.0,2053.0981
2017-06-23 14:00:00,2021.0,2079.607
2017-06-23 15:00:00,1970.0,2027.6876
2017-06-23 16:00:00,1969.0,1963.47
2017-06-23 17:00:00,1906.0,1927.1696
2017-06-23 18:00:00,1818.0,1849.9169
2017-06-23 19:00:00,1769.0,1782.2783
2017-06-23 20:00:00,1732.0,1734.9656
2017-06-23 21:00:00,1716.0,1723.3035
2017-06-23 22:00:00,1639.0,1622.325
2017-06-23 23:00:00,1529.0,1531.1884
2017-06-24 00:00:00,1452.0,1434.6273
2017-06-24 01:00:00,1392.0,1382.0756
2017-06-24 02:00:00,1360.0,1343.886
2017-06-24 03:00:00,1325.0,1329.1172
2017-06-24 04:00:00,1315.0,1317.5522
2017-06-24 05:00:00,1328.0,1324.987
2017-06-24 06:00:00,1341.0,1352.6162
2017-06-24 07:00:00,1421.0,1395.4625
2017-06-24 08:00:00,1531.0,1512.1086
2017-06-24 09:00:00,1623.0,1626.7677
2017-06-24 10:00:00,1705.0,1701.0302
2017-06-24 11:00:00,1757.0,1754.0519
2017-06-24 12:00:00,1800.0,1792.256
2017-06-24 13:00:00,1840.0,1818.7644
2017-06-24 14:00:00,1867.0,1851.5944
2017-06-24 15:00:00,1885.0,1883.9835
2017-06-24 16:00:00,1905.0,1898.6808
2017-06-24 17:00:00,1912.0,1900.9176
2017-06-24 18:00:00,1881.0,1887.9646
2017-06-24 19:00:00,1811.0,1830.9465
2017-06-24 20:00:00,1722.0,1790.4012
2017-06-24 21:00:00,1668.0,1728.3744
2017-06-24 22:00:00,1583.0,1566.318
2017-06-24 23:00:00,1482.0,1467.0892
2017-06-25 00:00:00,1381.0,1388.5671
2017-06-25 01:00:00,1295.0,1324.5956
2017-06-25 02:00:00,1249.0,1256.8712
2017-06-25 03:00:00,1218.0,1227.1572
2017-06-25 04:00:00,1207.0,1215.3242
2017-06-25 05:00:00,1205.0,1229.4006
2017-06-25 06:00:00,1213.0,1216.4357
2017-06-25 07:00:00,1264.0,1251.7587
2017-06-25 08:00:00,1351.0,1359.873
2017-06-25 09:00:00,1444.0,1446.5303
2017-06-25 10:00:00,1519.0,1525.994
2017-06-25 11:00:00,1570.0,1594.3032
2017-06-25 12:00:00,1600.0,1607.7277
2017-06-25 13:00:00,1612.0,1634.4457
2017-06-25 14:00:00,1636.0,1637.2386
2017-06-25 15:00:00,1662.0,1661.0553
2017-06-25 16:00:00,1671.0,1703.989
2017-06-25 17:00:00,1656.0,1687.1085
2017-06-25 18:00:00,1636.0,1632.4546
2017-06-25 19:00:00,1609.0,1614.9669
2017-06-25 20:00:00,1565.0,1608.3412
2017-06-25 21:00:00,1567.0,1575.7445
2017-06-25 22:00:00,1475.0,1495.3146
2017-06-25 23:00:00,1360.0,1379.3016
2017-06-26 00:00:00,1271.0,1290.6268
2017-06-26 01:00:00,1222.0,1230.1322
2017-06-26 02:00:00,1194.0,1198.2474
2017-06-26 03:00:00,1189.0,1177.3336
2017-06-26 04:00:00,1191.0,1201.7605
2017-06-26 05:00:00,1237.0,1248.536
2017-06-26 06:00:00,1303.0,1295.7069
2017-06-26 07:00:00,1399.0,1393.2568
2017-06-26 08:00:00,1484.0,1500.4764
2017-06-26 09:00:00,1564.0,1575.5583
2017-06-26 10:00:00,1640.0,1628.7344
2017-06-26 11:00:00,1670.0,1687.8622
2017-06-26 12:00:00,1685.0,1698.3013
2017-06-26 13:00:00,1714.0,1704.8689
2017-06-26 14:00:00,1731.0,1720.7496
2017-06-26 15:00:00,1735.0,1737.8002
2017-06-26 16:00:00,1716.0,1729.6217
2017-06-26 17:00:00,1677.0,1696.8206
2017-06-26 18:00:00,1644.0,1648.509
2017-06-26 19:00:00,1592.0,1622.9116
2017-06-26 20:00:00,1563.0,1592.7207
2017-06-26 21:00:00,1529.0,1562.0854
2017-06-26 22:00:00,1450.0,1438.4812
2017-06-26 23:00:00,1355.0,1354.7228
2017-06-27 00:00:00,1229.0,1280.2833
2017-06-27 01:00:00,1190.0,1215.1526
2017-06-27 02:00:00,1160.0,1168.9854
2017-06-27 03:00:00,1139.0,1151.7288
2017-06-27 04:00:00,1158.0,1141.0657
2017-06-27 05:00:00,1213.0,1212.5724
2017-06-27 06:00:00,1272.0,1301.4915
2017-06-27 07:00:00,1368.0,1360.6637
2017-06-27 08:00:00,1443.0,1472.1182
2017-06-27 09:00:00,1493.0,1549.1825
2017-06-27 10:00:00,1541.0,1566.6617
2017-06-27 11:00:00,1572.0,1578.9994
2017-06-27 12:00:00,1582.0,1591.9418
2017-06-27 13:00:00,1598.0,1596.9788
2017-06-27 14:00:00,1600.0,1609.707
2017-06-27 15:00:00,1620.0,1609.3601
2017-06-27 16:00:00,1628.0,1628.5374
2017-06-27 17:00:00,1616.0,1628.11
2017-06-27 18:00:00,1594.0,1597.4563
2017-06-27 19:00:00,1551.0,1591.1714
2017-06-27 20:00:00,1520.0,1568.234
2017-06-27 21:00:00,1510.0,1520.1495
2017-06-27 22:00:00,1419.0,1436.8608
2017-06-27 23:00:00,1316.0,1342.1088
2017-06-28 00:00:00,1232.0,1247.3391
2017-06-28 01:00:00,1170.0,1197.0889
2017-06-28 02:00:00,1150.0,1155.6382
2017-06-28 03:00:00,1147.0,1155.3177
2017-06-28 04:00:00,1160.0,1167.8489
2017-06-28 05:00:00,1219.0,1214.795
2017-06-28 06:00:00,1285.0,1304.3713
2017-06-28 07:00:00,1362.0,1376.6107
2017-06-28 08:00:00,1459.0,1462.8154
2017-06-28 09:00:00,1516.0,1558.0731
2017-06-28 10:00:00,1579.0,1573.3159
2017-06-28 11:00:00,1632.0,1627.9469
2017-06-28 12:00:00,1672.0,1662.685
2017-06-28 13:00:00,1710.0,1701.5266
2017-06-28 14:00:00,1733.0,1724.8168
2017-06-28 15:00:00,1739.0,1744.7761
2017-06-28 16:00:00,1750.0,1739.801
2017-06-28 17:00:00,1755.0,1730.4756
2017-06-28 18:00:00,1717.0,1726.0962
2017-06-28 19:00:00,1681.0,1692.971
2017-06-28 20:00:00,1644.0,1670.5983
2017-06-28 21:00:00,1623.0,1641.3323
2017-06-28 22:00:00,1513.0,1507.619
2017-06-28 23:00:00,1410.0,1402.934
2017-06-29 00:00:00,1322.0,1331.3224
2017-06-29 01:00:00,1269.0,1275.7499
2017-06-29 02:00:00,1226.0,1238.234
2017-06-29 03:00:00,1199.0,1217.019
2017-06-29 04:00:00,1217.0,1211.9543
2017-06-29 05:00:00,1262.0,1281.5135
2017-06-29 06:00:00,1331.0,1355.7847
2017-06-29 07:00:00,1454.0,1441.0428
2017-06-29 08:00:00,1557.0,1550.006
2017-06-29 09:00:00,1650.0,1632.7842
2017-06-29 10:00:00,1752.0,1712.4158
2017-06-29 11:00:00,1845.0,1818.0803
2017-06-29 12:00:00,1943.0,1896.0945
2017-06-29 13:00:00,2021.0,2017.4692
2017-06-29 14:00:00,2092.0,2083.8057
2017-06-29 15:00:00,2164.0,2129.5007
2017-06-29 16:00:00,2209.0,2201.3303
2017-06-29 17:00:00,2238.0,2203.4314
2017-06-29 18:00:00,2206.0,2201.6753
2017-06-29 19:00:00,2136.0,2146.4275
2017-06-29 20:00:00,2090.0,2083.2158
2017-06-29 21:00:00,2070.0,2052.631
2017-06-29 22:00:00,1959.0,1927.9888
2017-06-29 23:00:00,1802.0,1803.5725
2017-06-30 00:00:00,1629.0,1678.9409
2017-06-30 01:00:00,1508.0,1545.8546
2017-06-30 02:00:00,1455.0,1458.7117
2017-06-30 03:00:00,1411.0,1424.0713
2017-06-30 04:00:00,1406.0,1408.0043
2017-06-30 05:00:00,1432.0,1460.1053
2017-06-30 06:00:00,1504.0,1521.4231
2017-06-30 07:00:00,1673.0,1611.2246
2017-06-30 08:00:00,1784.0,1768.9221
2017-06-30 09:00:00,1896.0,1892.6438
2017-06-30 10:00:00,1982.0,2015.0392
2017-06-30 11:00:00,2055.0,2053.5188
2017-06-30 12:00:00,2144.0,2119.4343
2017-06-30 13:00:00,2222.0,2207.4895
2017-06-30 14:00:00,2287.0,2273.214
2017-06-30 15:00:00,2296.0,2311.3154
2017-06-30 16:00:00,2348.0,2254.2048
2017-06-30 17:00:00,2308.0,2295.3809
2017-06-30 18:00:00,2257.0,2246.3152
2017-06-30 19:00:00,2179.0,2177.477
2017-06-30 20:00:00,2077.0,2115.7783
2017-06-30 21:00:00,2034.0,2040.8307
2017-06-30 22:00:00,1911.0,1911.3005
2017-06-30 23:00:00,1788.0,1756.0098
2017-07-01 00:00:00,1677.0,1668.8025
2017-07-01 01:00:00,1602.0,1585.1388
2017-07-01 02:00:00,1521.0,1540.646
2017-07-01 03:00:00,1475.0,1471.7894
2017-07-01 04:00:00,1463.0,1451.4509
2017-07-01 05:00:00,1471.0,1462.4731
2017-07-01 06:00:00,1489.0,1486.9822
2017-07-01 07:00:00,1569.0,1534.1969
2017-07-01 08:00:00,1673.0,1679.4375
2017-07-01 09:00:00,1791.0,1785.7668
2017-07-01 10:00:00,1825.0,1879.3022
2017-07-01 11:00:00,1873.0,1897.1016
2017-07-01 12:00:00,1927.0,1929.4558
2017-07-01 13:00:00,1997.0,1957.4171
2017-07-01 14:00:00,2054.0,2036.5052
2017-07-01 15:00:00,2095.0,2087.2456
2017-07-01 16:00:00,2114.0,2133.617
2017-07-01 17:00:00,2096.0,2106.0183
2017-07-01 18:00:00,2098.0,2040.1316
2017-07-01 19:00:00,2039.0,2034.137
2017-07-01 20:00:00,1957.0,1979.4072
2017-07-01 21:00:00,1921.0,1924.8347
2017-07-01 22:00:00,1827.0,1824.0247
2017-07-01 23:00:00,1717.0,1699.0806
2017-07-02 00:00:00,1579.0,1607.2935
2017-07-02 01:00:00,1491.0,1500.2301
2017-07-02 02:00:00,1416.0,1429.7936
2017-07-02 03:00:00,1352.0,1372.1705
2017-07-02 04:00:00,1350.0,1328.2064
2017-07-02 05:00:00,1350.0,1347.4635
2017-07-02 06:00:00,1338.0,1357.0614
2017-07-02 07:00:00,1420.0,1384.9717
2017-07-02 08:00:00,1540.0,1528.0327
2017-07-02 09:00:00,1687.0,1664.8892
2017-07-02 10:00:00,1794.0,1819.1483
2017-07-02 11:00:00,1873.0,1888.5051
2017-07-02 12:00:00,1950.0,1938.3705
2017-07-02 13:00:00,1997.0,2004.1593
2017-07-02 14:00:00,2037.0,2043.7383
2017-07-02 15:00:00,2079.0,2055.3516
2017-07-02 16:00:00,2127.0,2080.1792
2017-07-02 17:00:00,2143.0,2127.5066
2017-07-02 18:00:00,2130.0,2106.9185
2017-07-02 19:00:00,2070.0,2061.7
2017-07-02 20:00:00,1985.0,2039.6481
2017-07-02 21:00:00,1936.0,1994.5624
2017-07-02 22:00:00,1835.0,1847.358
2017-07-02 23:00:00,1650.0,1703.389
2017-07-03 00:00:00,1544.0,1537.1482
2017-07-03 01:00:00,1449.0,1453.7152
2017-07-03 02:00:00,1373.0,1402.2711
2017-07-03 03:00:00,1341.0,1347.5887
2017-07-03 04:00:00,1333.0,1347.4542
2017-07-03 05:00:00,1358.0,1380.2499
2017-07-03 06:00:00,1407.0,1427.798
2017-07-03 07:00:00,1504.0,1503.8419
2017-07-03 08:00:00,1628.0,1612.184
2017-07-03 09:00:00,1733.0,1724.6375
2017-07-03 10:00:00,1869.0,1839.5386
2017-07-03 11:00:00,1972.0,1964.1372
2017-07-03 12:00:00,2062.0,2043.0964
2017-07-03 13:00:00,2154.0,2143.4087
2017-07-03 14:00:00,2215.0,2202.2427
2017-07-03 15:00:00,2256.0,2267.1233
2017-07-03 16:00:00,2270.0,2298.6492
2017-07-03 17:00:00,2170.0,2259.1519
2017-07-03 18:00:00,2050.0,2109.5618
2017-07-03 19:00:00,1971.0,1997.7374
2017-07-03 20:00:00,1906.0,1934.2565
2017-07-03 21:00:00,1874.0,1884.8334
2017-07-03 22:00:00,1782.0,1743.359
2017-07-03 23:00:00,1671.0,1624.7045
2017-07-04 00:00:00,1572.0,1552.0493
2017-07-04 01:00:00,1483.0,1481.9283
2017-07-04 02:00:00,1415.0,1434.2158
2017-07-04 03:00:00,1373.0,1391.6927
2017-07-04 04:00:00,1363.0,1378.1113
2017-07-04 05:00:00,1383.0,1422.5597
2017-07-04 06:00:00,1386.0,1459.0482
2017-07-04 07:00:00,1444.0,1484.5687
2017-07-04 08:00:00,1555.0,1560.5016
2017-07-04 09:00:00,1687.0,1658.4557
2017-07-04 10:00:00,1828.0,1791.3466
2017-07-04 11:00:00,1936.0,1914.8163
2017-07-04 12:00:00,2001.0,2010.9564
2017-07-04 13:00:00,2060.0,2067.5146
2017-07-04 14:00:00,2103.0,2115.259
2017-07-04 15:00:00,2151.0,2127.5154
2017-07-04 16:00:00,2186.0,2163.5762
2017-07-04 17:00:00,2184.0,2184.5798
2017-07-04 18:00:00,2153.0,2126.1704
2017-07-04 19:00:00,2058.0,2076.8923
2017-07-04 20:00:00,1961.0,2020.867
2017-07-04 21:00:00,1878.0,1947.2296
2017-07-04 22:00:00,1771.0,1748.6498
2017-07-04 23:00:00,1663.0,1621.1642
2017-07-05 00:00:00,1549.0,1550.4219
2017-07-05 01:00:00,1455.0,1469.0354
2017-07-05 02:00:00,1398.0,1409.7462
2017-07-05 03:00:00,1356.0,1374.647
2017-07-05 04:00:00,1349.0,1364.8312
2017-07-05 05:00:00,1393.0,1409.0208
2017-07-05 06:00:00,1485.0,1479.9677
2017-07-05 07:00:00,1596.0,1597.913
2017-07-05 08:00:00,1748.0,1702.3544
2017-07-05 09:00:00,1897.0,1855.3993
2017-07-05 10:00:00,2056.0,2020.5366
2017-07-05 11:00:00,2176.0,2153.4094
2017-07-05 12:00:00,2281.0,2279.687
2017-07-05 13:00:00,2352.0,2356.652
2017-07-05 14:00:00,2441.0,2413.8723
2017-07-05 15:00:00,2467.0,2470.0173
2017-07-05 16:00:00,2489.0,2481.111
2017-07-05 17:00:00,2455.0,2438.889
2017-07-05 18:00:00,2393.0,2398.5588
2017-07-05 19:00:00,2328.0,2326.7937
2017-07-05 20:00:00,2257.0,2269.3198
2017-07-05 21:00:00,2213.0,2226.273
2017-07-05 22:00:00,2066.0,2044.3217
2017-07-05 23:00:00,1896.0,1902.1476
2017-07-06 00:00:00,1756.0,1771.5707
2017-07-06 01:00:00,1653.0,1651.6521
2017-07-06 02:00:00,1580.0,1597.7711
2017-07-06 03:00:00,1534.0,1541.7556
2017-07-06 04:00:00,1526.0,1521.6027
2017-07-06 05:00:00,1582.0,1575.1487
2017-07-06 06:00:00,1637.0,1675.4899
2017-07-06 07:00:00,1754.0,1762.1437
2017-07-06 08:00:00,1872.0,1878.142
2017-07-06 09:00:00,1973.0,1990.6119
2017-07-06 10:00:00,2077.0,2077.0515
2017-07-06 11:00:00,2210.0,2178.2786
2017-07-06 12:00:00,2297.0,2295.2805
2017-07-06 13:00:00,2334.0,2362.3743
2017-07-06 14:00:00,2310.0,2388.7302
2017-07-06 15:00:00,2218.0,2328.3667
2017-07-06 16:00:00,2126.0,2210.977
2017-07-06 17:00:00,2028.0,2101.8896
2017-07-06 18:00:00,1955.0,1964.5417
2017-07-06 19:00:00,1923.0,1892.544
2017-07-06 20:00:00,1914.0,1878.3878
2017-07-06 21:00:00,1856.0,1875.4614
2017-07-06 22:00:00,1766.0,1735.5311
2017-07-06 23:00:00,1641.0,1628.6793
2017-07-07 00:00:00,1535.0,1525.9664
2017-07-07 01:00:00,1465.0,1457.994
2017-07-07 02:00:00,1427.0,1423.8479
2017-07-07 03:00:00,1408.0,1396.1776
2017-07-07 04:00:00,1423.0,1409.2524
2017-07-07 05:00:00,1485.0,1485.09
2017-07-07 06:00:00,1561.0,1580.5774
2017-07-07 07:00:00,1643.0,1665.3826
2017-07-07 08:00:00,1769.0,1746.538
2017-07-07 09:00:00,1883.0,1867.32
2017-07-07 10:00:00,1919.0,1957.6342
2017-07-07 11:00:00,2000.0,1963.7954
2017-07-07 12:00:00,2106.0,2042.6418
2017-07-07 13:00:00,2189.0,2150.9585
2017-07-07 14:00:00,2232.0,2236.3296
2017-07-07 15:00:00,2242.0,2258.341
2017-07-07 16:00:00,2190.0,2251.755
2017-07-07 17:00:00,2112.0,2137.295
2017-07-07 18:00:00,2030.0,2038.5029
2017-07-07 19:00:00,1968.0,1962.7875
2017-07-07 20:00:00,1857.0,1905.2976
2017-07-07 21:00:00,1827.0,1830.9196
2017-07-07 22:00:00,1721.0,1705.592
2017-07-07 23:00:00,1596.0,1581.9768
2017-07-08 00:00:00,1484.0,1490.3181
2017-07-08 01:00:00,1401.0,1414.1946
2017-07-08 02:00:00,1350.0,1347.9824
2017-07-08 03:00:00,1329.0,1313.7703
2017-07-08 04:00:00,1328.0,1314.6661
2017-07-08 05:00:00,1346.0,1341.4667
2017-07-08 06:00:00,1359.0,1365.8235
2017-07-08 07:00:00,1408.0,1412.9536
2017-07-08 08:00:00,1477.0,1508.9279
2017-07-08 09:00:00,1527.0,1574.8646
2017-07-08 10:00:00,1599.0,1607.1399
2017-07-08 11:00:00,1686.0,1669.6892
2017-07-08 12:00:00,1757.0,1735.1018
2017-07-08 13:00:00,1769.0,1803.9567
2017-07-08 14:00:00,1735.0,1787.7126
2017-07-08 15:00:00,1759.0,1732.5574
2017-07-08 16:00:00,1809.0,1773.1913
2017-07-08 17:00:00,1790.0,1807.5062
2017-07-08 18:00:00,1783.0,1760.4913
2017-07-08 19:00:00,1746.0,1746.4965
2017-07-08 20:00:00,1677.0,1716.5962
2017-07-08 21:00:00,1648.0,1678.5001
2017-07-08 22:00:00,1568.0,1558.194
2017-07-08 23:00:00,1455.0,1474.2748
2017-07-09 00:00:00,1349.0,1371.0343
2017-07-09 01:00:00,1271.0,1290.6919
2017-07-09 02:00:00,1231.0,1231.6478
2017-07-09 03:00:00,1197.0,1203.0547
2017-07-09 04:00:00,1169.0,1191.3679
2017-07-09 05:00:00,1176.0,1191.9783
2017-07-09 06:00:00,1185.0,1181.4225
2017-07-09 07:00:00,1215.0,1233.1594
2017-07-09 08:00:00,1309.0,1311.5148
2017-07-09 09:00:00,1409.0,1393.1621
2017-07-09 10:00:00,1481.0,1483.2859
2017-07-09 11:00:00,1548.0,1549.1677
2017-07-09 12:00:00,1605.0,1614.0542
2017-07-09 13:00:00,1661.0,1647.2665
2017-07-09 14:00:00,1712.0,1708.5228
2017-07-09 15:00:00,1743.0,1754.6641
2017-07-09 16:00:00,1805.0,1784.1649
2017-07-09 17:00:00,1831.0,1824.8455
2017-07-09 18:00:00,1828.0,1821.6248
2017-07-09 19:00:00,1791.0,1805.8096
2017-07-09 20:00:00,1714.0,1773.0813
2017-07-09 21:00:00,1702.0,1736.7488
2017-07-09 22:00:00,1591.0,1608.3846
2017-07-09 23:00:00,1475.0,1474.7069
2017-07-10 00:00:00,1376.0,1381.3181
2017-07-10 01:00:00,1297.0,1325.1171
2017-07-10 02:00:00,1256.0,1276.7175
2017-07-10 03:00:00,1245.0,1242.4149
2017-07-10 04:00:00,1261.0,1256.4218
2017-07-10 05:00:00,1301.0,1321.718
2017-07-10 06:00:00,1374.0,1380.5562
2017-07-10 07:00:00,1479.0,1469.3989
2017-07-10 08:00:00,1577.0,1582.7919
2017-07-10 09:00:00,1644.0,1666.893
2017-07-10 10:00:00,1749.0,1728.5875
2017-07-10 11:00:00,1831.0,1826.7203
2017-07-10 12:00:00,1835.0,1892.3102
2017-07-10 13:00:00,1842.0,1875.2701
2017-07-10 14:00:00,1884.0,1848.9987
2017-07-10 15:00:00,1974.0,1900.9246
2017-07-10 16:00:00,1909.0,1998.26
2017-07-10 17:00:00,1832.0,1907.9224
2017-07-10 18:00:00,1811.0,1783.9923
2017-07-10 19:00:00,1740.0,1768.3965
2017-07-10 20:00:00,1695.0,1721.6587
2017-07-10 21:00:00,1673.0,1699.2932
2017-07-10 22:00:00,1573.0,1559.947
2017-07-10 23:00:00,1456.0,1437.5243
2017-07-11 00:00:00,1382.0,1368.0841
2017-07-11 01:00:00,1337.0,1328.2297
2017-07-11 02:00:00,1291.0,1303.1434
2017-07-11 03:00:00,1289.0,1282.5239
2017-07-11 04:00:00,1301.0,1296.383
2017-07-11 05:00:00,1391.0,1363.3673
2017-07-11 06:00:00,1483.0,1482.9196
2017-07-11 07:00:00,1572.0,1581.7537
2017-07-11 08:00:00,1662.0,1666.4905
2017-07-11 09:00:00,1755.0,1745.7706
2017-07-11 10:00:00,1892.0,1837.7051
2017-07-11 11:00:00,1999.0,1975.6625
2017-07-11 12:00:00,2084.0,2072.0732
2017-07-11 13:00:00,2140.0,2171.094
2017-07-11 14:00:00,2200.0,2205.3037
2017-07-11 15:00:00,2275.0,2241.304
2017-07-11 16:00:00,2262.0,2286.1748
2017-07-11 17:00:00,2220.0,2257.7
2017-07-11 18:00:00,2037.0,2171.7112
2017-07-11 19:00:00,1952.0,1976.8804
2017-07-11 20:00:00,1895.0,1910.2552
2017-07-11 21:00:00,1869.0,1875.5806
2017-07-11 22:00:00,1774.0,1739.2795
2017-07-11 23:00:00,1646.0,1626.6614
2017-07-12 00:00:00,1539.0,1531.7025
2017-07-12 01:00:00,1463.0,1470.0354
2017-07-12 02:00:00,1440.0,1430.4218
2017-07-12 03:00:00,1415.0,1413.8274
2017-07-12 04:00:00,1415.0,1419.6029
2017-07-12 05:00:00,1495.0,1478.1975
2017-07-12 06:00:00,1608.0,1600.8982
2017-07-12 07:00:00,1707.0,1712.4275
2017-07-12 08:00:00,1787.0,1809.1643
2017-07-12 09:00:00,1850.0,1894.2806
2017-07-12 10:00:00,1937.0,1944.3635
2017-07-12 11:00:00,2047.0,2009.3043
2017-07-12 12:00:00,2100.0,2104.9885
2017-07-12 13:00:00,2232.0,2174.1133
2017-07-12 14:00:00,2340.0,2283.1133
2017-07-12 15:00:00,2362.0,2406.676
2017-07-12 16:00:00,2408.0,2418.8413
2017-07-12 17:00:00,2410.0,2403.961
2017-07-12 18:00:00,2377.0,2357.1287
2017-07-12 19:00:00,2297.0,2317.078
2017-07-12 20:00:00,2259.0,2246.7275
2017-07-12 21:00:00,2209.0,2257.568
2017-07-12 22:00:00,2060.0,2079.5789
2017-07-12 23:00:00,1911.0,1907.3234
2017-07-13 00:00:00,1792.0,1781.4448
2017-07-13 01:00:00,1699.0,1694.7678
2017-07-13 02:00:00,1629.0,1637.9978
2017-07-13 03:00:00,1579.0,1579.5077
2017-07-13 04:00:00,1585.0,1574.9523
2017-07-13 05:00:00,1658.0,1636.9811
2017-07-13 06:00:00,1742.0,1763.5022
2017-07-13 07:00:00,1847.0,1853.1272
2017-07-13 08:00:00,1919.0,1955.0933
2017-07-13 09:00:00,1979.0,2015.3873
2017-07-13 10:00:00,2024.0,2059.427
2017-07-13 11:00:00,2054.0,2080.2605
2017-07-13 12:00:00,2069.0,2098.1353
2017-07-13 13:00:00,2137.0,2096.4429
2017-07-13 14:00:00,2146.0,2162.178
2017-07-13 15:00:00,2070.0,2169.6414
2017-07-13 16:00:00,2059.0,2063.9583
2017-07-13 17:00:00,2081.0,2032.0082
2017-07-13 18:00:00,2053.0,2038.2899
2017-07-13 19:00:00,2010.0,1993.8086
2017-07-13 20:00:00,1974.0,1961.7673
2017-07-13 21:00:00,1953.0,1940.1595
2017-07-13 22:00:00,1841.0,1827.7498
2017-07-13 23:00:00,1725.0,1708.3734
2017-07-14 00:00:00,1639.0,1608.4221
2017-07-14 01:00:00,1544.0,1563.367
2017-07-14 02:00:00,1507.0,1513.5375
2017-07-14 03:00:00,1490.0,1487.1332
2017-07-14 04:00:00,1509.0,1498.0594
2017-07-14 05:00:00,1572.0,1573.8574
2017-07-14 06:00:00,1676.0,1686.1014
2017-07-14 07:00:00,1781.0,1776.6464
2017-07-14 08:00:00,1870.0,1870.4175
2017-07-14 09:00:00,1944.0,1957.6842
2017-07-14 10:00:00,2017.0,2006.17
2017-07-14 11:00:00,2093.0,2047.427
2017-07-14 12:00:00,2176.0,2115.7827
2017-07-14 13:00:00,2239.0,2252.1213
2017-07-14 14:00:00,2299.0,2291.8367
2017-07-14 15:00:00,2340.0,2318.782
2017-07-14 16:00:00,2370.0,2351.592
2017-07-14 17:00:00,2374.0,2342.3247
2017-07-14 18:00:00,2317.0,2298.881
2017-07-14 19:00:00,2244.0,2241.9473
2017-07-14 20:00:00,2135.0,2179.4849
2017-07-14 21:00:00,2069.0,2070.825
2017-07-14 22:00:00,1956.0,1938.4636
2017-07-14 23:00:00,1815.0,1796.7672
2017-07-15 00:00:00,1676.0,1678.8611
2017-07-15 01:00:00,1576.0,1587.3616
2017-07-15 02:00:00,1510.0,1506.2997
2017-07-15 03:00:00,1444.0,1453.055
2017-07-15 04:00:00,1400.0,1426.7653
2017-07-15 05:00:00,1405.0,1398.7906
2017-07-15 06:00:00,1400.0,1407.573
2017-07-15 07:00:00,1467.0,1444.1626
2017-07-15 08:00:00,1572.0,1576.6835
2017-07-15 09:00:00,1666.0,1692.0682
2017-07-15 10:00:00,1771.0,1776.7379
2017-07-15 11:00:00,1827.0,1849.1624
2017-07-15 12:00:00,1850.0,1885.8859
2017-07-15 13:00:00,1883.0,1895.9873
2017-07-15 14:00:00,1918.0,1915.7638
2017-07-15 15:00:00,1936.0,1931.9846
2017-07-15 16:00:00,1971.0,1949.0616
2017-07-15 17:00:00,2004.0,1981.3217
2017-07-15 18:00:00,1977.0,1996.2588
2017-07-15 19:00:00,1916.0,1917.8962
2017-07-15 20:00:00,1837.0,1873.804
2017-07-15 21:00:00,1796.0,1824.245
2017-07-15 22:00:00,1686.0,1703.4996
2017-07-15 23:00:00,1590.0,1559.3732
2017-07-16 00:00:00,1463.0,1470.6434
2017-07-16 01:00:00,1379.0,1397.1573
2017-07-16 02:00:00,1328.0,1334.6122
2017-07-16 03:00:00,1293.0,1290.7738
2017-07-16 04:00:00,1261.0,1273.3136
2017-07-16 05:00:00,1270.0,1260.2087
2017-07-16 06:00:00,1265.0,1269.4923
2017-07-16 07:00:00,1309.0,1298.9397
2017-07-16 08:00:00,1408.0,1390.8756
2017-07-16 09:00:00,1525.0,1511.5472
2017-07-16 10:00:00,1625.0,1623.6298
2017-07-16 11:00:00,1731.0,1715.8468
2017-07-16 12:00:00,1819.0,1816.4901
2017-07-16 13:00:00,1870.0,1876.9688
2017-07-16 14:00:00,1947.0,1921.3904
2017-07-16 15:00:00,1984.0,2004.8942
2017-07-16 16:00:00,2082.0,2029.4915
2017-07-16 17:00:00,2134.0,2110.3516
2017-07-16 18:00:00,2124.0,2111.845
2017-07-16 19:00:00,2081.0,2082.5723
2017-07-16 20:00:00,2015.0,2038.3314
2017-07-16 21:00:00,1965.0,2010.7643
2017-07-16 22:00:00,1851.0,1867.6982
2017-07-16 23:00:00,1708.0,1718.2732
2017-07-17 00:00:00,1581.0,1594.2848
2017-07-17 01:00:00,1482.0,1499.2742
2017-07-17 02:00:00,1440.0,1441.2507
2017-07-17 03:00:00,1419.0,1413.6
2017-07-17 04:00:00,1440.0,1417.886
2017-07-17 05:00:00,1497.0,1499.314
2017-07-17 06:00:00,1559.0,1593.2236
2017-07-17 07:00:00,1656.0,1670.873
2017-07-17 08:00:00,1789.0,1778.2107
2017-07-17 09:00:00,1928.0,1911.4789
2017-07-17 10:00:00,2046.0,2036.2262
2017-07-17 11:00:00,2167.0,2150.152
2017-07-17 12:00:00,2263.0,2259.4082
2017-07-17 13:00:00,2336.0,2357.6394
2017-07-17 14:00:00,2396.0,2407.8506
2017-07-17 15:00:00,2435.0,2441.12
2017-07-17 16:00:00,2480.0,2448.0852
2017-07-17 17:00:00,2478.0,2458.919
2017-07-17 18:00:00,2459.0,2407.7393
2017-07-17 19:00:00,2377.0,2386.042
2017-07-17 20:00:00,2273.0,2315.0369
2017-07-17 21:00:00,2204.0,2246.8386
2017-07-17 22:00:00,2049.0,2043.076
2017-07-17 23:00:00,1824.0,1886.3083
2017-07-18 00:00:00,1699.0,1756.2975
2017-07-18 01:00:00,1590.0,1611.8358
2017-07-18 02:00:00,1508.0,1529.897
2017-07-18 03:00:00,1470.0,1471.3079
2017-07-18 04:00:00,1470.0,1466.9528
2017-07-18 05:00:00,1500.0,1534.522
2017-07-18 06:00:00,1587.0,1585.6167
2017-07-18 07:00:00,1685.0,1709.7822
2017-07-18 08:00:00,1806.0,1808.2019
2017-07-18 09:00:00,1941.0,1922.2931
2017-07-18 10:00:00,2076.0,2060.7068
2017-07-18 11:00:00,2214.0,2174.7375
2017-07-18 12:00:00,2313.0,2293.993
2017-07-18 13:00:00,2396.0,2389.7258
2017-07-18 14:00:00,2493.0,2457.9153
2017-07-18 15:00:00,2552.0,2548.568
2017-07-18 16:00:00,2556.0,2593.4348
2017-07-18 17:00:00,2552.0,2552.757
2017-07-18 18:00:00,2541.0,2502.6377
2017-07-18 19:00:00,2496.0,2468.9531
2017-07-18 20:00:00,2383.0,2435.077
2017-07-18 21:00:00,2321.0,2304.59
2017-07-18 22:00:00,2168.0,2158.6814
2017-07-18 23:00:00,1998.0,1971.4784
2017-07-19 00:00:00,1853.0,1854.878
2017-07-19 01:00:00,1749.0,1746.7582
2017-07-19 02:00:00,1662.0,1680.4891
2017-07-19 03:00:00,1616.0,1625.9897
2017-07-19 04:00:00,1604.0,1608.7603
2017-07-19 05:00:00,1645.0,1652.9761
2017-07-19 06:00:00,1714.0,1734.6487
2017-07-19 07:00:00,1836.0,1816.9684
2017-07-19 08:00:00,1978.0,1948.0111
2017-07-19 09:00:00,2137.0,2087.8728
2017-07-19 10:00:00,2271.0,2250.426
2017-07-19 11:00:00,2400.0,2372.858
2017-07-19 12:00:00,2496.0,2474.1323
2017-07-19 13:00:00,2600.0,2594.993
2017-07-19 14:00:00,2661.0,2685.6843
2017-07-19 15:00:00,2682.0,2731.7437
2017-07-19 16:00:00,2668.0,2726.3591
2017-07-19 17:00:00,2669.0,2665.6133
2017-07-19 18:00:00,2641.0,2618.8245
2017-07-19 19:00:00,2587.0,2524.776
2017-07-19 20:00:00,2485.0,2500.0784
2017-07-19 21:00:00,2418.0,2415.9946
2017-07-19 22:00:00,2257.0,2265.3176
2017-07-19 23:00:00,2099.0,2077.498
2017-07-20 00:00:00,1952.0,1955.1515
2017-07-20 01:00:00,1853.0,1846.6951
2017-07-20 02:00:00,1777.0,1780.5919
2017-07-20 03:00:00,1704.0,1727.6859
2017-07-20 04:00:00,1699.0,1696.0847
2017-07-20 05:00:00,1729.0,1753.2474
2017-07-20 06:00:00,1769.0,1816.2345
2017-07-20 07:00:00,1892.0,1869.2762
2017-07-20 08:00:00,2033.0,1995.5529
2017-07-20 09:00:00,2200.0,2156.6587
2017-07-20 10:00:00,2352.0,2344.9507
2017-07-20 11:00:00,2467.0,2496.04
2017-07-20 12:00:00,2547.0,2579.3113
2017-07-20 13:00:00,2595.0,2654.7102
2017-07-20 14:00:00,2611.0,2693.0403
2017-07-20 15:00:00,2614.0,2654.3662
2017-07-20 16:00:00,2629.0,2634.0864
2017-07-20 17:00:00,2544.0,2603.6978
2017-07-20 18:00:00,2440.0,2504.6357
2017-07-20 19:00:00,2372.0,2358.3076
2017-07-20 20:00:00,2306.0,2310.9414
2017-07-20 21:00:00,2270.0,2268.6064
2017-07-20 22:00:00,2136.0,2128.8936
2017-07-20 23:00:00,1980.0,1963.1405
2017-07-21 00:00:00,1835.0,1832.5079
2017-07-21 01:00:00,1746.0,1725.601
2017-07-21 02:00:00,1681.0,1681.8927
2017-07-21 03:00:00,1637.0,1640.0883
2017-07-21 04:00:00,1634.0,1633.6077
2017-07-21 05:00:00,1668.0,1686.6547
2017-07-21 06:00:00,1735.0,1752.9612
2017-07-21 07:00:00,1859.0,1840.4862
2017-07-21 08:00:00,2004.0,1955.0723
2017-07-21 09:00:00,2123.0,2124.5898
2017-07-21 10:00:00,2241.0,2239.9453
2017-07-21 11:00:00,2352.0,2346.454
2017-07-21 12:00:00,2449.0,2435.1985
2017-07-21 13:00:00,2511.0,2510.6592
2017-07-21 14:00:00,2541.0,2561.5486
2017-07-21 15:00:00,2497.0,2587.4102
2017-07-21 16:00:00,2537.0,2523.8347
2017-07-21 17:00:00,2563.0,2484.9592
2017-07-21 18:00:00,2561.0,2448.721
2017-07-21 19:00:00,2473.0,2469.8298
2017-07-21 20:00:00,2395.0,2395.1272
2017-07-21 21:00:00,2360.0,2342.491
2017-07-21 22:00:00,2214.0,2222.6316
2017-07-21 23:00:00,2068.0,2042.9238
2017-07-22 00:00:00,1933.0,1921.513
2017-07-22 01:00:00,1823.0,1820.9612
2017-07-22 02:00:00,1733.0,1747.2339
2017-07-22 03:00:00,1675.0,1681.6323
2017-07-22 04:00:00,1656.0,1650.4657
2017-07-22 05:00:00,1678.0,1669.0243
2017-07-22 06:00:00,1688.0,1716.3396
2017-07-22 07:00:00,1739.0,1743.1047
2017-07-22 08:00:00,1831.0,1840.4978
2017-07-22 09:00:00,1955.0,1948.912
2017-07-22 10:00:00,1985.0,2053.2612
2017-07-22 11:00:00,1964.0,2062.7595
2017-07-22 12:00:00,1970.0,1993.6119
2017-07-22 13:00:00,1948.0,1983.5623
2017-07-22 14:00:00,1984.0,1959.6218
2017-07-22 15:00:00,1950.0,1991.7258
2017-07-22 16:00:00,1998.0,1965.0511
2017-07-22 17:00:00,1993.0,2033.0992
2017-07-22 18:00:00,1931.0,1978.8306
2017-07-22 19:00:00,1884.0,1894.94
2017-07-22 20:00:00,1879.0,1854.0176
2017-07-22 21:00:00,1873.0,1850.9912
2017-07-22 22:00:00,1804.0,1791.3937
2017-07-22 23:00:00,1703.0,1698.2163
2017-07-23 00:00:00,1620.0,1589.6185
2017-07-23 01:00:00,1562.0,1538.1493
2017-07-23 02:00:00,1514.0,1507.7065
2017-07-23 03:00:00,1490.0,1473.6226
2017-07-23 04:00:00,1484.0,1469.5386
2017-07-23 05:00:00,1484.0,1488.1082
2017-07-23 06:00:00,1499.0,1495.8524
2017-07-23 07:00:00,1542.0,1526.3693
2017-07-23 08:00:00,1616.0,1604.8414
2017-07-23 09:00:00,1726.0,1677.7859
2017-07-23 10:00:00,1825.0,1807.2372
2017-07-23 11:00:00,1943.0,1870.3645
2017-07-23 12:00:00,2053.0,1991.7804
2017-07-23 13:00:00,2084.0,2112.3354
2017-07-23 14:00:00,2019.0,2134.349
2017-07-23 15:00:00,2011.0,2024.1058
2017-07-23 16:00:00,2033.0,2011.441
2017-07-23 17:00:00,2070.0,2028.0212
2017-07-23 18:00:00,2056.0,2060.5977
2017-07-23 19:00:00,2016.0,2004.5004
2017-07-23 20:00:00,2014.0,1985.9668
2017-07-23 21:00:00,1955.0,1999.373
2017-07-23 22:00:00,1830.0,1856.9109
2017-07-23 23:00:00,1678.0,1703.3466
2017-07-24 00:00:00,1577.0,1572.0748
2017-07-24 01:00:00,1514.0,1499.1552
2017-07-24 02:00:00,1467.0,1459.2734
2017-07-24 03:00:00,1438.0,1442.9486
2017-07-24 04:00:00,1461.0,1432.8678
2017-07-24 05:00:00,1523.0,1516.6554
2017-07-24 06:00:00,1610.0,1610.4857
2017-07-24 07:00:00,1672.0,1705.8811
2017-07-24 08:00:00,1748.0,1778.886
2017-07-24 09:00:00,1815.0,1864.9282
2017-07-24 10:00:00,1876.0,1909.527
2017-07-24 11:00:00,1963.0,1930.7915
2017-07-24 12:00:00,2015.0,2008.8552
2017-07-24 13:00:00,2102.0,2047.1698
2017-07-24 14:00:00,2164.0,2142.2825
2017-07-24 15:00:00,2172.0,2212.593
2017-07-24 16:00:00,2181.0,2193.6926
2017-07-24 17:00:00,2139.0,2176.2375
2017-07-24 18:00:00,2055.0,2091.3403
2017-07-24 19:00:00,1959.0,2001.8557
2017-07-24 20:00:00,1841.0,1922.8555
2017-07-24 21:00:00,1788.0,1823.2195
2017-07-24 22:00:00,1691.0,1662.9937
2017-07-24 23:00:00,1541.0,1541.8932
2017-07-25 00:00:00,1427.0,1437.5444
2017-07-25 01:00:00,1363.0,1367.9691
2017-07-25 02:00:00,1303.0,1327.0491
2017-07-25 03:00:00,1287.0,1285.7882
2017-07-25 04:00:00,1296.0,1300.9126
2017-07-25 05:00:00,1357.0,1352.2559
2017-07-25 06:00:00,1428.0,1449.037
2017-07-25 07:00:00,1497.0,1522.5597
2017-07-25 08:00:00,1570.0,1594.3673
2017-07-25 09:00:00,1624.0,1664.1642
2017-07-25 10:00:00,1668.0,1707.5641
2017-07-25 11:00:00,1716.0,1721.3912
2017-07-25 12:00:00,1733.0,1755.6677
2017-07-25 13:00:00,1749.0,1750.3009
2017-07-25 14:00:00,1779.0,1747.1711
2017-07-25 15:00:00,1815.0,1781.078
2017-07-25 16:00:00,1881.0,1820.7396
2017-07-25 17:00:00,1908.0,1866.9274
2017-07-25 18:00:00,1892.0,1869.1525
2017-07-25 19:00:00,1839.0,1835.6375
2017-07-25 20:00:00,1780.0,1796.2875
2017-07-25 21:00:00,1762.0,1752.2527
2017-07-25 22:00:00,1657.0,1653.927
2017-07-25 23:00:00,1537.0,1524.4648
2017-07-26 00:00:00,1423.0,1435.1061
2017-07-26 01:00:00,1339.0,1363.3193
2017-07-26 02:00:00,1297.0,1303.0508
2017-07-26 03:00:00,1281.0,1282.937
2017-07-26 04:00:00,1286.0,1285.5695
2017-07-26 05:00:00,1339.0,1344.8237
2017-07-26 06:00:00,1412.0,1421.0396
2017-07-26 07:00:00,1495.0,1497.2032
2017-07-26 08:00:00,1596.0,1587.6946
2017-07-26 09:00:00,1698.0,1685.7603
2017-07-26 10:00:00,1801.0,1792.1865
2017-07-26 11:00:00,1855.0,1863.5961
2017-07-26 12:00:00,1943.0,1912.5865
2017-07-26 13:00:00,2034.0,2010.6063
2017-07-26 14:00:00,2093.0,2096.0867
2017-07-26 15:00:00,2152.0,2133.856
2017-07-26 16:00:00,2191.0,2193.1697
2017-07-26 17:00:00,2184.0,2193.4414
2017-07-26 18:00:00,2138.0,2133.8313
2017-07-26 19:00:00,2053.0,2077.0715
2017-07-26 20:00:00,1989.0,2017.1837
2017-07-26 21:00:00,1956.0,1964.575
2017-07-26 22:00:00,1823.0,1826.4718
2017-07-26 23:00:00,1670.0,1685.1029
2017-07-27 00:00:00,1548.0,1553.1425
2017-07-27 01:00:00,1450.0,1477.3885
2017-07-27 02:00:00,1414.0,1409.3899
2017-07-27 03:00:00,1389.0,1381.5067
2017-07-27 04:00:00,1399.0,1393.7831
2017-07-27 05:00:00,1459.0,1455.029
2017-07-27 06:00:00,1531.0,1553.8241
2017-07-27 07:00:00,1588.0,1635.6521
2017-07-27 08:00:00,1691.0,1700.1456
2017-07-27 09:00:00,1793.0,1801.339
2017-07-27 10:00:00,1867.0,1899.2375
2017-07-27 11:00:00,1986.0,1945.2039
2017-07-27 12:00:00,2100.0,2066.0798
2017-07-27 13:00:00,2180.0,2202.4167
2017-07-27 14:00:00,2231.0,2258.2786
2017-07-27 15:00:00,2279.0,2271.2021
2017-07-27 16:00:00,2337.0,2308.081
2017-07-27 17:00:00,2332.0,2323.017
2017-07-27 18:00:00,2292.0,2283.8196
2017-07-27 19:00:00,2235.0,2202.372
2017-07-27 20:00:00,2177.0,2161.9077
2017-07-27 21:00:00,2095.0,2138.6985
2017-07-27 22:00:00,1935.0,1973.2843
2017-07-27 23:00:00,1792.0,1772.4102
2017-07-28 00:00:00,1682.0,1662.0122
2017-07-28 01:00:00,1585.0,1589.5585
2017-07-28 02:00:00,1517.0,1536.0157
2017-07-28 03:00:00,1510.0,1472.4786
2017-07-28 04:00:00,1520.0,1507.3131
2017-07-28 05:00:00,1602.0,1572.2931
2017-07-28 06:00:00,1663.0,1717.8037
2017-07-28 07:00:00,1745.0,1773.5591
2017-07-28 08:00:00,1836.0,1855.7495
2017-07-28 09:00:00,1906.0,1951.2369
2017-07-28 10:00:00,1970.0,1998.1405
2017-07-28 11:00:00,2029.0,2047.6465
2017-07-28 12:00:00,2077.0,2068.377
2017-07-28 13:00:00,2143.0,2104.8274
2017-07-28 14:00:00,2178.0,2184.689
2017-07-28 15:00:00,2180.0,2220.4548
2017-07-28 16:00:00,2153.0,2180.6636
2017-07-28 17:00:00,2103.0,2105.5369
2017-07-28 18:00:00,2018.0,2024.8127
2017-07-28 19:00:00,1957.0,1925.9199
2017-07-28 20:00:00,1904.0,1897.239
2017-07-28 21:00:00,1818.0,1861.7445
2017-07-28 22:00:00,1703.0,1702.9341
2017-07-28 23:00:00,1565.0,1576.2666
2017-07-29 00:00:00,1455.0,1455.6038
2017-07-29 01:00:00,1385.0,1380.38
2017-07-29 02:00:00,1320.0,1340.2533
2017-07-29 03:00:00,1277.0,1291.354
2017-07-29 04:00:00,1250.0,1273.2988
2017-07-29 05:00:00,1256.0,1260.3447
2017-07-29 06:00:00,1277.0,1264.5691
2017-07-29 07:00:00,1290.0,1322.6875
2017-07-29 08:00:00,1336.0,1389.0211
2017-07-29 09:00:00,1392.0,1431.1589
2017-07-29 10:00:00,1445.0,1469.5293
2017-07-29 11:00:00,1468.0,1509.2588
2017-07-29 12:00:00,1494.0,1511.0879
2017-07-29 13:00:00,1543.0,1529.4586
2017-07-29 14:00:00,1575.0,1577.4236
2017-07-29 15:00:00,1625.0,1587.3253
2017-07-29 16:00:00,1662.0,1647.4918
2017-07-29 17:00:00,1704.0,1674.499
2017-07-29 18:00:00,1695.0,1690.3424
2017-07-29 19:00:00,1656.0,1668.4076
2017-07-29 20:00:00,1615.0,1637.9406
2017-07-29 21:00:00,1600.0,1601.5879
2017-07-29 22:00:00,1517.0,1517.5476
2017-07-29 23:00:00,1409.0,1424.0991
2017-07-30 00:00:00,1317.0,1325.1371
2017-07-30 01:00:00,1247.0,1266.832
2017-07-30 02:00:00,1212.0,1218.3458
2017-07-30 03:00:00,1189.0,1190.5352
2017-07-30 04:00:00,1179.0,1178.407
2017-07-30 05:00:00,1171.0,1188.9557
2017-07-30 06:00:00,1180.0,1181.7878
2017-07-30 07:00:00,1221.0,1202.7295
2017-07-30 08:00:00,1283.0,1311.0035
2017-07-30 09:00:00,1389.0,1363.0176
2017-07-30 10:00:00,1481.0,1447.1029
2017-07-30 11:00:00,1580.0,1547.7616
2017-07-30 12:00:00,1672.0,1656.2008
2017-07-30 13:00:00,1779.0,1750.7732
2017-07-30 14:00:00,1843.0,1856.7614
2017-07-30 15:00:00,1910.0,1906.4105
2017-07-30 16:00:00,1964.0,1972.9215
2017-07-30 17:00:00,2013.0,2004.0717
2017-07-30 18:00:00,1987.0,2006.4012
2017-07-30 19:00:00,1950.0,1947.0477
2017-07-30 20:00:00,1904.0,1929.1779
2017-07-30 21:00:00,1877.0,1893.5527
2017-07-30 22:00:00,1767.0,1782.6703
2017-07-30 23:00:00,1618.0,1639.5447
2017-07-31 00:00:00,1500.0,1518.6418
2017-07-31 01:00:00,1421.0,1433.674
2017-07-31 02:00:00,1368.0,1377.956
2017-07-31 03:00:00,1334.0,1340.6619
2017-07-31 04:00:00,1329.0,1332.6005
2017-07-31 05:00:00,1391.0,1380.1654
2017-07-31 06:00:00,1461.0,1461.7054
2017-07-31 07:00:00,1529.0,1555.2701
2017-07-31 08:00:00,1647.0,1639.5228
2017-07-31 09:00:00,1775.0,1754.5707
2017-07-31 10:00:00,1901.0,1907.3314
2017-07-31 11:00:00,2000.0,2004.7104
2017-07-31 12:00:00,2087.0,2091.2473
2017-07-31 13:00:00,2153.0,2183.1755
2017-07-31 14:00:00,2208.0,2199.9993
2017-07-31 15:00:00,2237.0,2238.7393
2017-07-31 16:00:00,2262.0,2257.274
2017-07-31 17:00:00,2284.0,2265.4153
2017-07-31 18:00:00,2266.0,2240.7485
2017-07-31 19:00:00,2174.0,2204.2087
2017-07-31 20:00:00,2070.0,2122.679
2017-07-31 21:00:00,1991.0,2050.7778
2017-07-31 22:00:00,1857.0,1863.5306
2017-07-31 23:00:00,1696.0,1700.5905
2017-08-01 00:00:00,1575.0,1569.221
2017-08-01 01:00:00,1479.0,1486.5762
2017-08-01 02:00:00,1417.0,1432.5581
2017-08-01 03:00:00,1382.0,1390.1807
2017-08-01 04:00:00,1377.0,1399.1068
2017-08-01 05:00:00,1422.0,1437.2645
2017-08-01 06:00:00,1479.0,1522.7167
2017-08-01 07:00:00,1586.0,1570.4044
2017-08-01 08:00:00,1716.0,1679.8911
2017-08-01 09:00:00,1846.0,1830.3132
2017-08-01 10:00:00,1956.0,1955.7633
2017-08-01 11:00:00,2055.0,2037.26
2017-08-01 12:00:00,2163.0,2128.9973
2017-08-01 13:00:00,2226.0,2264.3752
2017-08-01 14:00:00,2284.0,2296.4053
2017-08-01 15:00:00,2323.0,2329.3752
2017-08-01 16:00:00,2348.0,2343.583
2017-08-01 17:00:00,2292.0,2314.9065
2017-08-01 18:00:00,2213.0,2235.356
2017-08-01 19:00:00,2125.0,2141.2976
2017-08-01 20:00:00,2087.0,2093.8318
2017-08-01 21:00:00,2018.0,2029.4553
2017-08-01 22:00:00,1884.0,1856.6589
2017-08-01 23:00:00,1742.0,1720.1561
2017-08-02 00:00:00,1614.0,1617.4432
2017-08-02 01:00:00,1522.0,1535.0708
2017-08-02 02:00:00,1464.0,1472.4639
2017-08-02 03:00:00,1426.0,1436.1215
2017-08-02 04:00:00,1409.0,1425.3041
2017-08-02 05:00:00,1470.0,1462.5829
2017-08-02 06:00:00,1541.0,1560.4459
2017-08-02 07:00:00,1627.0,1633.7092
2017-08-02 08:00:00,1740.0,1723.1323
2017-08-02 09:00:00,1892.0,1848.2909
2017-08-02 10:00:00,2031.0,2002.4952
2017-08-02 11:00:00,2120.0,2137.305
2017-08-02 12:00:00,2213.0,2198.3477
2017-08-02 13:00:00,2288.0,2277.8208
2017-08-02 14:00:00,2353.0,2336.628
2017-08-02 15:00:00,2403.0,2406.973
2017-08-02 16:00:00,2430.0,2442.6995
2017-08-02 17:00:00,2389.0,2418.375
2017-08-02 18:00:00,2284.0,2339.6443
2017-08-02 19:00:00,2156.0,2211.294
2017-08-02 20:00:00,2070.0,2130.8877
2017-08-02 21:00:00,1995.0,2026.082
2017-08-02 22:00:00,1841.0,1831.0377
2017-08-02 23:00:00,1684.0,1689.0615
2017-08-03 00:00:00,1580.0,1560.8768
2017-08-03 01:00:00,1499.0,1500.218
2017-08-03 02:00:00,1438.0,1450.8507
2017-08-03 03:00:00,1407.0,1418.1864
2017-08-03 04:00:00,1429.0,1408.0823
2017-08-03 05:00:00,1493.0,1487.9952
2017-08-03 06:00:00,1554.0,1602.3915
2017-08-03 07:00:00,1633.0,1650.335
2017-08-03 08:00:00,1748.0,1741.9803
2017-08-03 09:00:00,1882.0,1853.2042
2017-08-03 10:00:00,1989.0,1977.5343
2017-08-03 11:00:00,2098.0,2067.9841
2017-08-03 12:00:00,2184.0,2174.6116
2017-08-03 13:00:00,2292.0,2255.507
2017-08-03 14:00:00,2383.0,2350.1858
2017-08-03 15:00:00,2424.0,2400.2175
2017-08-03 16:00:00,2450.0,2484.7458
2017-08-03 17:00:00,2461.0,2479.2354
2017-08-03 18:00:00,2416.0,2403.8657
2017-08-03 19:00:00,2317.0,2343.8562
2017-08-03 20:00:00,2227.0,2274.1047
2017-08-03 21:00:00,2162.0,2175.9062
2017-08-03 22:00:00,2023.0,1991.2885
2017-08-03 23:00:00,1853.0,1852.8014
2017-08-04 00:00:00,1722.0,1730.9098
2017-08-04 01:00:00,1633.0,1620.5165
2017-08-04 02:00:00,1551.0,1578.5621
2017-08-04 03:00:00,1522.0,1517.9095
2017-08-04 04:00:00,1516.0,1523.6615
2017-08-04 05:00:00,1565.0,1568.4275
2017-08-04 06:00:00,1641.0,1661.9893
2017-08-04 07:00:00,1713.0,1737.561
2017-08-04 08:00:00,1841.0,1805.9208
2017-08-04 09:00:00,1977.0,1948.452
2017-08-04 10:00:00,2131.0,2079.1248
2017-08-04 11:00:00,2247.0,2223.2905
2017-08-04 12:00:00,2334.0,2338.1875
2017-08-04 13:00:00,2389.0,2409.876
2017-08-04 14:00:00,2237.0,2441.5146
2017-08-04 15:00:00,2045.0,2223.8174
2017-08-04 16:00:00,2108.0,2014.4454
2017-08-04 17:00:00,2171.0,2070.0237
2017-08-04 18:00:00,2139.0,2118.0903
2017-08-04 19:00:00,2055.0,2082.8313
2017-08-04 20:00:00,1965.0,2005.9319
2017-08-04 21:00:00,1872.0,1918.7877
2017-08-04 22:00:00,1758.0,1729.9753
2017-08-04 23:00:00,1599.0,1620.6101
2017-08-05 00:00:00,1456.0,1489.4364
2017-08-05 01:00:00,1341.0,1393.4003
2017-08-05 02:00:00,1276.0,1305.2354
2017-08-05 03:00:00,1244.0,1250.78
2017-08-05 04:00:00,1224.0,1235.4894
2017-08-05 05:00:00,1244.0,1228.8969
2017-08-05 06:00:00,1255.0,1267.674
2017-08-05 07:00:00,1266.0,1289.8291
2017-08-05 08:00:00,1361.0,1364.9564
2017-08-05 09:00:00,1435.0,1444.866
2017-08-05 10:00:00,1484.0,1514.1058
2017-08-05 11:00:00,1519.0,1530.085
2017-08-05 12:00:00,1530.0,1565.4307
2017-08-05 13:00:00,1558.0,1540.5604
2017-08-05 14:00:00,1582.0,1571.5841
2017-08-05 15:00:00,1591.0,1589.0906
2017-08-05 16:00:00,1617.0,1609.0027
2017-08-05 17:00:00,1632.0,1618.5125
2017-08-05 18:00:00,1603.0,1620.1942
2017-08-05 19:00:00,1556.0,1576.6044
2017-08-05 20:00:00,1562.0,1558.0294
2017-08-05 21:00:00,1562.0,1531.2074
2017-08-05 22:00:00,1489.0,1471.2001
2017-08-05 23:00:00,1407.0,1394.992
2017-08-06 00:00:00,1321.0,1326.6608
2017-08-06 01:00:00,1266.0,1272.4304
2017-08-06 02:00:00,1232.0,1227.8668
2017-08-06 03:00:00,1205.0,1206.2983
2017-08-06 04:00:00,1187.0,1190.694
2017-08-06 05:00:00,1181.0,1201.3477
2017-08-06 06:00:00,1192.0,1193.0153
2017-08-06 07:00:00,1210.0,1208.0441
2017-08-06 08:00:00,1282.0,1286.1841
2017-08-06 09:00:00,1344.0,1352.0402
2017-08-06 10:00:00,1378.0,1392.5485
2017-08-06 11:00:00,1415.0,1432.8738
2017-08-06 12:00:00,1457.0,1456.0397
2017-08-06 13:00:00,1497.0,1485.5195
2017-08-06 14:00:00,1523.0,1534.6831
2017-08-06 15:00:00,1530.0,1547.9554
2017-08-06 16:00:00,1567.0,1551.3759
2017-08-06 17:00:00,1589.0,1593.561
2017-08-06 18:00:00,1575.0,1570.3137
2017-08-06 19:00:00,1563.0,1573.7194
2017-08-06 20:00:00,1574.0,1577.4481
2017-08-06 21:00:00,1569.0,1553.6534
2017-08-06 22:00:00,1485.0,1497.8214
2017-08-06 23:00:00,1390.0,1389.5481
2017-08-07 00:00:00,1304.0,1319.4648
2017-08-07 01:00:00,1268.0,1259.9595
2017-08-07 02:00:00,1240.0,1241.795
2017-08-07 03:00:00,1250.0,1240.5486
2017-08-07 04:00:00,1278.0,1263.4767
2017-08-07 05:00:00,1341.0,1337.7021
2017-08-07 06:00:00,1441.0,1452.1091
2017-08-07 07:00:00,1477.0,1545.665
2017-08-07 08:00:00,1538.0,1569.2009
2017-08-07 09:00:00,1580.0,1623.092
2017-08-07 10:00:00,1624.0,1633.2429
2017-08-07 11:00:00,1668.0,1671.4984
2017-08-07 12:00:00,1689.0,1699.6674
2017-08-07 13:00:00,1698.0,1702.5901
2017-08-07 14:00:00,1711.0,1699.8251
2017-08-07 15:00:00,1711.0,1707.2234
2017-08-07 16:00:00,1708.0,1707.9585
2017-08-07 17:00:00,1697.0,1696.1556
2017-08-07 18:00:00,1671.0,1684.2194
2017-08-07 19:00:00,1645.0,1669.9015
2017-08-07 20:00:00,1646.0,1659.229
2017-08-07 21:00:00,1614.0,1629.7631
2017-08-07 22:00:00,1514.0,1512.3881
2017-08-07 23:00:00,1411.0,1401.5895
2017-08-08 00:00:00,1328.0,1332.3083
2017-08-08 01:00:00,1264.0,1283.9105
2017-08-08 02:00:00,1235.0,1243.6487
2017-08-08 03:00:00,1211.0,1232.061
2017-08-08 04:00:00,1230.0,1225.6017
2017-08-08 05:00:00,1282.0,1293.226
2017-08-08 06:00:00,1355.0,1382.1201
2017-08-08 07:00:00,1434.0,1444.2917
2017-08-08 08:00:00,1520.0,1526.7888
2017-08-08 09:00:00,1607.0,1599.1843
2017-08-08 10:00:00,1657.0,1666.5979
2017-08-08 11:00:00,1695.0,1702.6798
2017-08-08 12:00:00,1734.0,1726.6968
2017-08-08 13:00:00,1770.0,1755.2946
2017-08-08 14:00:00,1807.0,1787.8312
2017-08-08 15:00:00,1829.0,1815.7268
2017-08-08 16:00:00,1862.0,1837.5109
2017-08-08 17:00:00,1871.0,1852.0334
2017-08-08 18:00:00,1835.0,1826.0695
2017-08-08 19:00:00,1759.0,1793.7158
2017-08-08 20:00:00,1690.0,1746.5123
2017-08-08 21:00:00,1645.0,1677.6969
2017-08-08 22:00:00,1536.0,1514.825
2017-08-08 23:00:00,1396.0,1418.1317
2017-08-09 00:00:00,1295.0,1323.124
2017-08-09 01:00:00,1236.0,1251.2416
2017-08-09 02:00:00,1196.0,1215.6272
2017-08-09 03:00:00,1186.0,1195.7241
2017-08-09 04:00:00,1204.0,1207.1282
2017-08-09 05:00:00,1261.0,1264.0948
2017-08-09 06:00:00,1335.0,1366.5243
2017-08-09 07:00:00,1388.0,1432.3367
2017-08-09 08:00:00,1485.0,1492.77
2017-08-09 09:00:00,1582.0,1578.4712
2017-08-09 10:00:00,1663.0,1638.882
2017-08-09 11:00:00,1721.0,1716.4589
2017-08-09 12:00:00,1790.0,1762.943
2017-08-09 13:00:00,1842.0,1833.7822
2017-08-09 14:00:00,1901.0,1879.8162
2017-08-09 15:00:00,1949.0,1934.7113
2017-08-09 16:00:00,2001.0,1968.2747
2017-08-09 17:00:00,2020.0,2015.9023
2017-08-09 18:00:00,2010.0,1997.8805
2017-08-09 19:00:00,1917.0,1951.6326
2017-08-09 20:00:00,1866.0,1884.4359
2017-08-09 21:00:00,1787.0,1825.0648
2017-08-09 22:00:00,1656.0,1648.7157
2017-08-09 23:00:00,1523.0,1518.6007
2017-08-10 00:00:00,1409.0,1428.4972
2017-08-10 01:00:00,1341.0,1357.1375
2017-08-10 02:00:00,1304.0,1309.9209
2017-08-10 03:00:00,1277.0,1282.6188
2017-08-10 04:00:00,1274.0,1285.7462
2017-08-10 05:00:00,1318.0,1341.2772
2017-08-10 06:00:00,1400.0,1416.3684
2017-08-10 07:00:00,1491.0,1497.9717
2017-08-10 08:00:00,1584.0,1589.4996
2017-08-10 09:00:00,1687.0,1678.8871
2017-08-10 10:00:00,1785.0,1775.7267
2017-08-10 11:00:00,1851.0,1850.6427
2017-08-10 12:00:00,1880.0,1920.2537
2017-08-10 13:00:00,1910.0,1926.5376
2017-08-10 14:00:00,1931.0,1933.9498
2017-08-10 15:00:00,1945.0,1954.607
2017-08-10 16:00:00,1960.0,1956.3433
2017-08-10 17:00:00,1932.0,1941.9679
2017-08-10 18:00:00,1886.0,1872.3723
2017-08-10 19:00:00,1835.0,1834.0951
2017-08-10 20:00:00,1834.0,1810.1326
2017-08-10 21:00:00,1769.0,1776.0312
2017-08-10 22:00:00,1658.0,1637.6515
2017-08-10 23:00:00,1543.0,1529.4728
2017-08-11 00:00:00,1453.0,1443.3633
2017-08-11 01:00:00,1381.0,1395.2352
2017-08-11 02:00:00,1354.0,1345.9889
2017-08-11 03:00:00,1346.0,1329.718
2017-08-11 04:00:00,1358.0,1357.0576
2017-08-11 05:00:00,1415.0,1426.1077
2017-08-11 06:00:00,1504.0,1536.6833
2017-08-11 07:00:00,1589.0,1598.7806
2017-08-11 08:00:00,1651.0,1687.9724
2017-08-11 09:00:00,1756.0,1731.4972
2017-08-11 10:00:00,1819.0,1831.2563
2017-08-11 11:00:00,1923.0,1879.0059
2017-08-11 12:00:00,2006.0,1978.8434
2017-08-11 13:00:00,2081.0,2069.459
2017-08-11 14:00:00,2137.0,2119.2805
2017-08-11 15:00:00,2150.0,2171.6064
2017-08-11 16:00:00,2120.0,2155.3633
2017-08-11 17:00:00,2067.0,2064.5166
2017-08-11 18:00:00,1962.0,1986.6472
2017-08-11 19:00:00,1876.0,1897.9572
2017-08-11 20:00:00,1859.0,1831.3901
2017-08-11 21:00:00,1781.0,1812.376
2017-08-11 22:00:00,1672.0,1658.648
2017-08-11 23:00:00,1539.0,1535.2749
2017-08-12 00:00:00,1450.0,1434.8433
2017-08-12 01:00:00,1396.0,1379.0386
2017-08-12 02:00:00,1340.0,1343.8762
2017-08-12 03:00:00,1302.0,1312.3799
2017-08-12 04:00:00,1293.0,1296.5385
2017-08-12 05:00:00,1320.0,1305.3735
2017-08-12 06:00:00,1330.0,1346.1821
2017-08-12 07:00:00,1386.0,1379.1869
2017-08-12 08:00:00,1460.0,1492.5186
2017-08-12 09:00:00,1543.0,1560.8972
2017-08-12 10:00:00,1620.0,1629.4618
2017-08-12 11:00:00,1702.0,1683.0101
2017-08-12 12:00:00,1751.0,1747.3251
2017-08-12 13:00:00,1797.0,1790.7859
2017-08-12 14:00:00,1838.0,1830.7512
2017-08-12 15:00:00,1886.0,1857.3566
2017-08-12 16:00:00,1915.0,1916.7556
2017-08-12 17:00:00,1902.0,1910.6028
2017-08-12 18:00:00,1853.0,1860.4113
2017-08-12 19:00:00,1749.0,1801.517
2017-08-12 20:00:00,1708.0,1737.0192
2017-08-12 21:00:00,1663.0,1691.1132
2017-08-12 22:00:00,1568.0,1564.7097
2017-08-12 23:00:00,1461.0,1458.7483
2017-08-13 00:00:00,1346.0,1373.9254
2017-08-13 01:00:00,1293.0,1294.356
2017-08-13 02:00:00,1254.0,1249.4591
2017-08-13 03:00:00,1214.0,1228.9971
2017-08-13 04:00:00,1186.0,1212.955
2017-08-13 05:00:00,1183.0,1204.1686
2017-08-13 06:00:00,1190.0,1194.3727
2017-08-13 07:00:00,1218.0,1215.7891
2017-08-13 08:00:00,1306.0,1300.9192
2017-08-13 09:00:00,1392.0,1393.6786
2017-08-13 10:00:00,1470.0,1463.9453
2017-08-13 11:00:00,1539.0,1541.0555
2017-08-13 12:00:00,1588.0,1600.2886
2017-08-13 13:00:00,1654.0,1626.6677
2017-08-13 14:00:00,1707.0,1695.4489
2017-08-13 15:00:00,1774.0,1745.6511
2017-08-13 16:00:00,1827.0,1816.6185
2017-08-13 17:00:00,1854.0,1859.4464
2017-08-13 18:00:00,1851.0,1841.6638
2017-08-13 19:00:00,1792.0,1805.6632
2017-08-13 20:00:00,1738.0,1785.638
2017-08-13 21:00:00,1699.0,1730.5658
2017-08-13 22:00:00,1589.0,1596.1056
2017-08-13 23:00:00,1469.0,1469.5825
2017-08-14 00:00:00,1361.0,1392.8168
2017-08-14 01:00:00,1308.0,1312.0181
2017-08-14 02:00:00,1275.0,1277.7534
2017-08-14 03:00:00,1278.0,1266.3339
2017-08-14 04:00:00,1285.0,1295.6726
2017-08-14 05:00:00,1338.0,1352.0554
2017-08-14 06:00:00,1431.0,1437.9099
2017-08-14 07:00:00,1492.0,1517.9697
2017-08-14 08:00:00,1582.0,1584.4979
2017-08-14 09:00:00,1639.0,1669.5123
2017-08-14 10:00:00,1685.0,1706.5583
2017-08-14 11:00:00,1735.0,1727.6158
2017-08-14 12:00:00,1811.0,1773.9313
2017-08-14 13:00:00,1869.0,1850.1154
2017-08-14 14:00:00,1920.0,1902.3467
2017-08-14 15:00:00,1984.0,1964.2296
2017-08-14 16:00:00,2033.0,2012.8672
2017-08-14 17:00:00,2070.0,2037.505
2017-08-14 18:00:00,2035.0,2049.7163
2017-08-14 19:00:00,1966.0,1976.7223
2017-08-14 20:00:00,1948.0,1948.2997
2017-08-14 21:00:00,1893.0,1893.376
2017-08-14 22:00:00,1765.0,1740.3805
2017-08-14 23:00:00,1596.0,1616.3258
2017-08-15 00:00:00,1462.0,1490.0409
2017-08-15 01:00:00,1386.0,1411.3099
2017-08-15 02:00:00,1336.0,1350.5902
2017-08-15 03:00:00,1326.0,1319.176
2017-08-15 04:00:00,1350.0,1338.637
2017-08-15 05:00:00,1412.0,1413.2047
2017-08-15 06:00:00,1494.0,1528.9055
2017-08-15 07:00:00,1559.0,1588.8972
2017-08-15 08:00:00,1664.0,1657.7201
2017-08-15 09:00:00,1799.0,1752.6791
2017-08-15 10:00:00,1910.0,1878.6948
2017-08-15 11:00:00,2006.0,1998.5999
2017-08-15 12:00:00,2103.0,2086.6013
2017-08-15 13:00:00,2187.0,2194.5654
2017-08-15 14:00:00,2278.0,2243.4268
2017-08-15 15:00:00,2338.0,2318.172
2017-08-15 16:00:00,2387.0,2355.46
2017-08-15 17:00:00,2394.0,2391.505
2017-08-15 18:00:00,2366.0,2325.029
2017-08-15 19:00:00,2264.0,2293.545
2017-08-15 20:00:00,2193.0,2247.378
2017-08-15 21:00:00,2101.0,2121.9082
2017-08-15 22:00:00,1959.0,1939.6984
2017-08-15 23:00:00,1805.0,1796.9535
2017-08-16 00:00:00,1676.0,1667.1127
2017-08-16 01:00:00,1581.0,1584.132
2017-08-16 02:00:00,1505.0,1533.649
2017-08-16 03:00:00,1464.0,1475.8293
2017-08-16 04:00:00,1460.0,1462.0751
2017-08-16 05:00:00,1526.0,1521.9448
2017-08-16 06:00:00,1613.0,1629.4436
2017-08-16 07:00:00,1696.0,1710.3844
2017-08-16 08:00:00,1787.0,1794.4263
2017-08-16 09:00:00,1903.0,1897.1118
2017-08-16 10:00:00,2024.0,2016.6237
2017-08-16 11:00:00,2124.0,2114.8184
2017-08-16 12:00:00,2212.0,2218.033
2017-08-16 13:00:00,2294.0,2274.1428
2017-08-16 14:00:00,2355.0,2333.3982
2017-08-16 15:00:00,2385.0,2400.9053
2017-08-16 16:00:00,2408.0,2434.085
2017-08-16 17:00:00,2403.0,2382.5396
2017-08-16 18:00:00,2359.0,2333.8496
2017-08-16 19:00:00,2261.0,2283.701
2017-08-16 20:00:00,2159.0,2225.5398
2017-08-16 21:00:00,2065.0,2101.315
2017-08-16 22:00:00,1895.0,1907.4635
2017-08-16 23:00:00,1736.0,1727.5753
2017-08-17 00:00:00,1595.0,1616.2356
2017-08-17 01:00:00,1509.0,1515.0555
2017-08-17 02:00:00,1456.0,1454.9431
2017-08-17 03:00:00,1420.0,1434.47
2017-08-17 04:00:00,1427.0,1424.6981
2017-08-17 05:00:00,1481.0,1492.9586
2017-08-17 06:00:00,1561.0,1586.3809
2017-08-17 07:00:00,1633.0,1660.0881
2017-08-17 08:00:00,1770.0,1753.8656
2017-08-17 09:00:00,1922.0,1886.9728
2017-08-17 10:00:00,2070.0,2039.9686
2017-08-17 11:00:00,2224.0,2184.5183
2017-08-17 12:00:00,2334.0,2314.7344
2017-08-17 13:00:00,2435.0,2431.023
2017-08-17 14:00:00,2524.0,2492.4036
2017-08-17 15:00:00,2534.0,2537.545
2017-08-17 16:00:00,2464.0,2548.502
2017-08-17 17:00:00,2447.0,2452.4329
2017-08-17 18:00:00,2354.0,2362.9358
2017-08-17 19:00:00,2253.0,2293.9546
2017-08-17 20:00:00,2246.0,2195.1763
2017-08-17 21:00:00,2176.0,2163.38
2017-08-17 22:00:00,2027.0,2012.7289
2017-08-17 23:00:00,1861.0,1858.4426
2017-08-18 00:00:00,1720.0,1742.4248
2017-08-18 01:00:00,1647.0,1627.5125
2017-08-18 02:00:00,1594.0,1586.795
2017-08-18 03:00:00,1564.0,1550.6183
2017-08-18 04:00:00,1582.0,1562.7264
2017-08-18 05:00:00,1652.0,1644.6783
2017-08-18 06:00:00,1751.0,1763.2957
2017-08-18 07:00:00,1832.0,1854.1636
2017-08-18 08:00:00,1912.0,1944.125
2017-08-18 09:00:00,1962.0,2019.9342
2017-08-18 10:00:00,2037.0,2042.3937
2017-08-18 11:00:00,2133.0,2089.661
2017-08-18 12:00:00,2228.0,2179.317
2017-08-18 13:00:00,2323.0,2281.4712
2017-08-18 14:00:00,2375.0,2363.9436
2017-08-18 15:00:00,2407.0,2384.4114
2017-08-18 16:00:00,2421.0,2412.2476
2017-08-18 17:00:00,2390.0,2398.561
2017-08-18 18:00:00,2316.0,2328.2388
2017-08-18 19:00:00,2175.0,2229.4968
2017-08-18 20:00:00,2079.0,2111.4998
2017-08-18 21:00:00,2001.0,2025.4614
2017-08-18 22:00:00,1868.0,1863.2765
2017-08-18 23:00:00,1723.0,1718.9513
2017-08-19 00:00:00,1599.0,1613.0094
2017-08-19 01:00:00,1505.0,1505.7977
2017-08-19 02:00:00,1446.0,1442.8562
2017-08-19 03:00:00,1401.0,1405.7927
2017-08-19 04:00:00,1380.0,1389.3181
2017-08-19 05:00:00,1393.0,1396.8467
2017-08-19 06:00:00,1411.0,1418.5106
2017-08-19 07:00:00,1449.0,1452.0186
2017-08-19 08:00:00,1557.0,1540.5237
2017-08-19 09:00:00,1678.0,1667.9177
2017-08-19 10:00:00,1766.0,1790.562
2017-08-19 11:00:00,1840.0,1854.6652
2017-08-19 12:00:00,1942.0,1894.6418
2017-08-19 13:00:00,2016.0,1991.1996
2017-08-19 14:00:00,2076.0,2053.8877
2017-08-19 15:00:00,2120.0,2112.119
2017-08-19 16:00:00,1940.0,2145.7473
2017-08-19 17:00:00,1776.0,1916.2509
2017-08-19 18:00:00,1745.0,1746.6067
2017-08-19 19:00:00,1700.0,1713.6577
2017-08-19 20:00:00,1700.0,1699.6426
2017-08-19 21:00:00,1657.0,1696.0969
2017-08-19 22:00:00,1558.0,1556.6505
2017-08-19 23:00:00,1477.0,1437.4954
2017-08-20 00:00:00,1389.0,1386.132
2017-08-20 01:00:00,1330.0,1327.6843
2017-08-20 02:00:00,1281.0,1281.8469
2017-08-20 03:00:00,1248.0,1253.6415
2017-08-20 04:00:00,1243.0,1239.5571
2017-08-20 05:00:00,1245.0,1251.319
2017-08-20 06:00:00,1249.0,1256.5402
2017-08-20 07:00:00,1268.0,1269.8802
2017-08-20 08:00:00,1335.0,1356.0374
2017-08-20 09:00:00,1424.0,1426.68
2017-08-20 10:00:00,1528.0,1510.5875
2017-08-20 11:00:00,1630.0,1604.4813
2017-08-20 12:00:00,1719.0,1695.7621
2017-08-20 13:00:00,1806.0,1777.1611
2017-08-20 14:00:00,1884.0,1850.4563
2017-08-20 15:00:00,1975.0,1933.1661
2017-08-20 16:00:00,2058.0,2023.2864
2017-08-20 17:00:00,2094.0,2103.44
2017-08-20 18:00:00,2066.0,2075.8362
2017-08-20 19:00:00,2005.0,2017.7513
2017-08-20 20:00:00,1977.0,2007.3436
2017-08-20 21:00:00,1911.0,1967.2146
2017-08-20 22:00:00,1786.0,1802.4978
2017-08-20 23:00:00,1649.0,1659.5886
2017-08-21 00:00:00,1520.0,1544.6399
2017-08-21 01:00:00,1443.0,1454.587
2017-08-21 02:00:00,1411.0,1404.8889
2017-08-21 03:00:00,1389.0,1383.7477
2017-08-21 04:00:00,1387.0,1396.3312
2017-08-21 05:00:00,1466.0,1433.7672
2017-08-21 06:00:00,1556.0,1542.5842
2017-08-21 07:00:00,1639.0,1648.203
2017-08-21 08:00:00,1754.0,1753.249
2017-08-21 09:00:00,1882.0,1878.0719
2017-08-21 10:00:00,1972.0,2006.2095
2017-08-21 11:00:00,2144.0,2053.3826
2017-08-21 12:00:00,2303.0,2246.268
2017-08-21 13:00:00,2388.0,2418.0234
2017-08-21 14:00:00,2353.0,2472.5295
2017-08-21 15:00:00,2357.0,2396.7056
2017-08-21 16:00:00,2432.0,2377.1377
2017-08-21 17:00:00,2433.0,2403.3013
2017-08-21 18:00:00,2379.0,2377.4521
2017-08-21 19:00:00,2341.0,2311.4944
2017-08-21 20:00:00,2304.0,2302.2998
2017-08-21 21:00:00,2225.0,2260.25
2017-08-21 22:00:00,2045.0,2051.3384
2017-08-21 23:00:00,1878.0,1877.3451
2017-08-22 00:00:00,1775.0,1745.5298
2017-08-22 01:00:00,1668.0,1681.5822
2017-08-22 02:00:00,1603.0,1616.2197
2017-08-22 03:00:00,1573.0,1561.7189
2017-08-22 04:00:00,1567.0,1566.4247
2017-08-22 05:00:00,1612.0,1637.6427
2017-08-22 06:00:00,1680.0,1715.0946
2017-08-22 07:00:00,1781.0,1789.0767
2017-08-22 08:00:00,1898.0,1890.9949
2017-08-22 09:00:00,2048.0,2009.8794
2017-08-22 10:00:00,2191.0,2158.2854
2017-08-22 11:00:00,2313.0,2309.4412
2017-08-22 12:00:00,2422.0,2395.4604
2017-08-22 13:00:00,2442.0,2526.8862
2017-08-22 14:00:00,2279.0,2493.2246
2017-08-22 15:00:00,2175.0,2240.1626
2017-08-22 16:00:00,2131.0,2142.514
2017-08-22 17:00:00,2090.0,2111.274
2017-08-22 18:00:00,2056.0,2029.3691
2017-08-22 19:00:00,2001.0,1994.3367
2017-08-22 20:00:00,1979.0,1979.0317
2017-08-22 21:00:00,1926.0,1923.0835
2017-08-22 22:00:00,1770.0,1790.6305
2017-08-22 23:00:00,1643.0,1630.3771
2017-08-23 00:00:00,1528.0,1524.3218
2017-08-23 01:00:00,1438.0,1450.0685
2017-08-23 02:00:00,1381.0,1395.9115
2017-08-23 03:00:00,1365.0,1357.9723
2017-08-23 04:00:00,1370.0,1368.9293
2017-08-23 05:00:00,1423.0,1436.4563
2017-08-23 06:00:00,1503.0,1519.3217
2017-08-23 07:00:00,1545.0,1582.8411
2017-08-23 08:00:00,1617.0,1631.4749
2017-08-23 09:00:00,1693.0,1695.5836
2017-08-23 10:00:00,1746.0,1757.5823
2017-08-23 11:00:00,1786.0,1798.9984
2017-08-23 12:00:00,1831.0,1808.7043
2017-08-23 13:00:00,1863.0,1850.9017
2017-08-23 14:00:00,1869.0,1887.8066
2017-08-23 15:00:00,1883.0,1885.9099
2017-08-23 16:00:00,1909.0,1893.8137
2017-08-23 17:00:00,1907.0,1891.6943
2017-08-23 18:00:00,1834.0,1873.1874
2017-08-23 19:00:00,1759.0,1782.7883
2017-08-23 20:00:00,1743.0,1743.079
2017-08-23 21:00:00,1673.0,1702.7139
2017-08-23 22:00:00,1550.0,1551.4388
2017-08-23 23:00:00,1431.0,1437.7721
2017-08-24 00:00:00,1330.0,1341.4277
2017-08-24 01:00:00,1260.0,1282.3297
2017-08-24 02:00:00,1225.0,1237.679
2017-08-24 03:00:00,1214.0,1224.182
2017-08-24 04:00:00,1207.0,1231.1864
2017-08-24 05:00:00,1278.0,1281.092
2017-08-24 06:00:00,1356.0,1370.4419
2017-08-24 07:00:00,1426.0,1439.4739
2017-08-24 08:00:00,1504.0,1518.8304
2017-08-24 09:00:00,1605.0,1590.5939
2017-08-24 10:00:00,1681.0,1660.8308
2017-08-24 11:00:00,1724.0,1729.544
2017-08-24 12:00:00,1759.0,1759.5687
2017-08-24 13:00:00,1791.0,1784.7971
2017-08-24 14:00:00,1791.0,1800.6093
2017-08-24 15:00:00,1808.0,1796.5588
2017-08-24 16:00:00,1806.0,1812.3018
2017-08-24 17:00:00,1744.0,1790.0216
2017-08-24 18:00:00,1699.0,1716.817
2017-08-24 19:00:00,1687.0,1673.5325
2017-08-24 20:00:00,1678.0,1687.1583
2017-08-24 21:00:00,1599.0,1662.0072
2017-08-24 22:00:00,1481.0,1481.0358
2017-08-24 23:00:00,1377.0,1366.6089
2017-08-25 00:00:00,1284.0,1298.6222
2017-08-25 01:00:00,1241.0,1243.4233
2017-08-25 02:00:00,1224.0,1219.174
2017-08-25 03:00:00,1206.0,1207.8763
2017-08-25 04:00:00,1209.0,1215.5836
2017-08-25 05:00:00,1284.0,1279.0931
2017-08-25 06:00:00,1365.0,1376.6306
2017-08-25 07:00:00,1429.0,1444.4889
2017-08-25 08:00:00,1500.0,1535.1632
2017-08-25 09:00:00,1562.0,1590.1449
2017-08-25 10:00:00,1618.0,1611.656
2017-08-25 11:00:00,1653.0,1656.5063
2017-08-25 12:00:00,1651.0,1673.728
2017-08-25 13:00:00,1675.0,1665.4082
2017-08-25 14:00:00,1693.0,1681.9117
2017-08-25 15:00:00,1677.0,1694.611
2017-08-25 16:00:00,1669.0,1665.6188
2017-08-25 17:00:00,1666.0,1649.4675
2017-08-25 18:00:00,1629.0,1633.7109
2017-08-25 19:00:00,1575.0,1609.3691
2017-08-25 20:00:00,1572.0,1567.0696
2017-08-25 21:00:00,1507.0,1557.662
2017-08-25 22:00:00,1430.0,1435.5948
2017-08-25 23:00:00,1324.0,1354.4393
2017-08-26 00:00:00,1245.0,1251.5056
2017-08-26 01:00:00,1196.0,1201.3165
2017-08-26 02:00:00,1160.0,1171.4865
2017-08-26 03:00:00,1136.0,1141.6556
2017-08-26 04:00:00,1135.0,1121.3951
2017-08-26 05:00:00,1161.0,1142.2101
2017-08-26 06:00:00,1184.0,1185.8307
2017-08-26 07:00:00,1228.0,1220.504
2017-08-26 08:00:00,1302.0,1297.2667
2017-08-26 09:00:00,1364.0,1375.657
2017-08-26 10:00:00,1420.0,1419.1742
2017-08-26 11:00:00,1449.0,1449.6147
2017-08-26 12:00:00,1483.0,1461.9954
2017-08-26 13:00:00,1507.0,1493.1873
2017-08-26 14:00:00,1531.0,1516.4154
2017-08-26 15:00:00,1541.0,1539.5813
2017-08-26 16:00:00,1567.0,1553.5099
2017-08-26 17:00:00,1595.0,1575.6938
2017-08-26 18:00:00,1569.0,1587.3152
2017-08-26 19:00:00,1525.0,1573.0972
2017-08-26 20:00:00,1534.0,1551.0195
2017-08-26 21:00:00,1489.0,1516.9653
2017-08-26 22:00:00,1416.0,1412.2224
2017-08-26 23:00:00,1328.0,1329.9884
2017-08-27 00:00:00,1258.0,1254.0358
2017-08-27 01:00:00,1220.0,1206.6122
2017-08-27 02:00:00,1177.0,1174.5586
2017-08-27 03:00:00,1140.0,1149.6073
2017-08-27 04:00:00,1148.0,1111.8386
2017-08-27 05:00:00,1152.0,1157.7174
2017-08-27 06:00:00,1177.0,1169.683
2017-08-27 07:00:00,1185.0,1190.8704
2017-08-27 08:00:00,1239.0,1258.7396
2017-08-27 09:00:00,1311.0,1301.9612
2017-08-27 10:00:00,1392.0,1368.6686
2017-08-27 11:00:00,1447.0,1436.0709
2017-08-27 12:00:00,1509.0,1492.9152
2017-08-27 13:00:00,1548.0,1546.1036
2017-08-27 14:00:00,1600.0,1577.3367
2017-08-27 15:00:00,1648.0,1627.2988
2017-08-27 16:00:00,1715.0,1675.5925
2017-08-27 17:00:00,1711.0,1741.8059
2017-08-27 18:00:00,1691.0,1701.641
2017-08-27 19:00:00,1660.0,1682.1027
2017-08-27 20:00:00,1669.0,1678.7074
2017-08-27 21:00:00,1629.0,1674.61
2017-08-27 22:00:00,1530.0,1544.3744
2017-08-27 23:00:00,1405.0,1419.8942
2017-08-28 00:00:00,1326.0,1332.1921
2017-08-28 01:00:00,1284.0,1282.1615
2017-08-28 02:00:00,1240.0,1254.7456
2017-08-28 03:00:00,1229.0,1233.4648
2017-08-28 04:00:00,1246.0,1239.7284
2017-08-28 05:00:00,1320.0,1310.8269
2017-08-28 06:00:00,1418.0,1428.4592
2017-08-28 07:00:00,1455.0,1505.0488
2017-08-28 08:00:00,1530.0,1549.199
2017-08-28 09:00:00,1590.0,1626.1846
2017-08-28 10:00:00,1638.0,1666.5198
2017-08-28 11:00:00,1671.0,1688.9391
2017-08-28 12:00:00,1723.0,1702.6558
2017-08-28 13:00:00,1772.0,1751.3492
2017-08-28 14:00:00,1808.0,1795.807
2017-08-28 15:00:00,1834.0,1817.0188
2017-08-28 16:00:00,1815.0,1841.7262
2017-08-28 17:00:00,1776.0,1804.1698
2017-08-28 18:00:00,1696.0,1740.26
2017-08-28 19:00:00,1652.0,1686.8098
2017-08-28 20:00:00,1671.0,1662.7252
2017-08-28 21:00:00,1612.0,1664.6191
2017-08-28 22:00:00,1494.0,1505.0382
2017-08-28 23:00:00,1380.0,1385.1598
2017-08-29 00:00:00,1288.0,1304.123
2017-08-29 01:00:00,1234.0,1253.3774
2017-08-29 02:00:00,1200.0,1215.3021
2017-08-29 03:00:00,1203.0,1193.4766
2017-08-29 04:00:00,1213.0,1217.3151
2017-08-29 05:00:00,1277.0,1289.5892
2017-08-29 06:00:00,1398.0,1381.9896
2017-08-29 07:00:00,1439.0,1481.4708
2017-08-29 08:00:00,1512.0,1536.0046
2017-08-29 09:00:00,1586.0,1596.3715
2017-08-29 10:00:00,1626.0,1639.7473
2017-08-29 11:00:00,1658.0,1661.5358
2017-08-29 12:00:00,1700.0,1685.8857
2017-08-29 13:00:00,1761.0,1725.5461
2017-08-29 14:00:00,1800.0,1776.1124
2017-08-29 15:00:00,1826.0,1819.8438
2017-08-29 16:00:00,1845.0,1837.5594
2017-08-29 17:00:00,1831.0,1814.6887
2017-08-29 18:00:00,1769.0,1778.9243
2017-08-29 19:00:00,1709.0,1743.0135
2017-08-29 20:00:00,1701.0,1707.7815
2017-08-29 21:00:00,1650.0,1681.085
2017-08-29 22:00:00,1517.0,1526.129
2017-08-29 23:00:00,1415.0,1399.4138
2017-08-30 00:00:00,1323.0,1336.1086
2017-08-30 01:00:00,1262.0,1283.0901
2017-08-30 02:00:00,1230.0,1240.3629
2017-08-30 03:00:00,1225.0,1221.5388
2017-08-30 04:00:00,1239.0,1245.7618
2017-08-30 05:00:00,1299.0,1312.0381
2017-08-30 06:00:00,1397.0,1425.5079
2017-08-30 07:00:00,1453.0,1499.685
2017-08-30 08:00:00,1556.0,1554.7501
2017-08-30 09:00:00,1634.0,1632.583
2017-08-30 10:00:00,1712.0,1688.07
2017-08-30 11:00:00,1773.0,1760.4418
2017-08-30 12:00:00,1806.0,1812.7474
2017-08-30 13:00:00,1847.0,1842.15
2017-08-30 14:00:00,1880.0,1867.2805
2017-08-30 15:00:00,1910.0,1893.9124
2017-08-30 16:00:00,1911.0,1921.9879
2017-08-30 17:00:00,1911.0,1890.2921
2017-08-30 18:00:00,1885.0,1865.7991
2017-08-30 19:00:00,1844.0,1836.8479
2017-08-30 20:00:00,1840.0,1827.8223
2017-08-30 21:00:00,1771.0,1780.798
2017-08-30 22:00:00,1657.0,1630.9437
2017-08-30 23:00:00,1524.0,1519.278
2017-08-31 00:00:00,1409.0,1428.5605
2017-08-31 01:00:00,1355.0,1357.9093
2017-08-31 02:00:00,1321.0,1324.7699
2017-08-31 03:00:00,1301.0,1310.077
2017-08-31 04:00:00,1310.0,1308.5948
2017-08-31 05:00:00,1363.0,1378.4655
2017-08-31 06:00:00,1476.0,1469.7418
2017-08-31 07:00:00,1542.0,1568.7656
2017-08-31 08:00:00,1587.0,1629.2542
2017-08-31 09:00:00,1686.0,1664.0496
2017-08-31 10:00:00,1772.0,1768.8341
2017-08-31 11:00:00,1831.0,1833.1323
2017-08-31 12:00:00,1875.0,1883.4922
2017-08-31 13:00:00,1888.0,1923.3368
2017-08-31 14:00:00,1893.0,1905.923
2017-08-31 15:00:00,1913.0,1901.3896
2017-08-31 16:00:00,1897.0,1922.2329
2017-08-31 17:00:00,1851.0,1875.5675
2017-08-31 18:00:00,1782.0,1804.6123
2017-08-31 19:00:00,1707.0,1748.8839
2017-08-31 20:00:00,1697.0,1696.4756
2017-08-31 21:00:00,1617.0,1662.9607
2017-08-31 22:00:00,1488.0,1493.4645
2017-08-31 23:00:00,1367.0,1375.5398
2017-09-01 00:00:00,1279.0,1298.8372
2017-09-01 01:00:00,1228.0,1238.0636
2017-09-01 02:00:00,1190.0,1207.474
2017-09-01 03:00:00,1177.0,1190.9764
2017-09-01 04:00:00,1179.0,1203.8185
2017-09-01 05:00:00,1250.0,1251.1881
2017-09-01 06:00:00,1344.0,1380.0961
2017-09-01 07:00:00,1385.0,1451.7571
2017-09-01 08:00:00,1443.0,1486.966
2017-09-01 09:00:00,1473.0,1544.8417
2017-09-01 10:00:00,1504.0,1539.2529
2017-09-01 11:00:00,1524.0,1537.3226
2017-09-01 12:00:00,1527.0,1522.888
2017-09-01 13:00:00,1531.0,1510.4156
2017-09-01 14:00:00,1509.0,1510.2616
2017-09-01 15:00:00,1491.0,1498.6508
2017-09-01 16:00:00,1459.0,1487.0366
2017-09-01 17:00:00,1450.0,1459.3882
2017-09-01 18:00:00,1420.0,1434.3011
2017-09-01 19:00:00,1418.0,1434.1697
2017-09-01 20:00:00,1429.0,1440.57
2017-09-01 21:00:00,1378.0,1442.9688
2017-09-01 22:00:00,1316.0,1308.1215
2017-09-01 23:00:00,1248.0,1313.1339
2017-09-02 00:00:00,1170.0,1191.9978
2017-09-02 01:00:00,1132.0,1147.0316
2017-09-02 02:00:00,1113.0,1122.6798
2017-09-02 03:00:00,1096.0,1108.3235
2017-09-02 04:00:00,1104.0,1113.068
2017-09-02 05:00:00,1114.0,1135.7976
2017-09-02 06:00:00,1143.0,1160.3052
2017-09-02 07:00:00,1177.0,1155.3579
2017-09-02 08:00:00,1231.0,1239.297
2017-09-02 09:00:00,1290.0,1295.4474
2017-09-02 10:00:00,1345.0,1349.6136
2017-09-02 11:00:00,1346.0,1374.6566
2017-09-02 12:00:00,1374.0,1374.8192
2017-09-02 13:00:00,1378.0,1387.4125
2017-09-02 14:00:00,1362.0,1385.7036
2017-09-02 15:00:00,1346.0,1363.668
2017-09-02 16:00:00,1338.0,1350.4211
2017-09-02 17:00:00,1341.0,1339.4097
2017-09-02 18:00:00,1332.0,1345.9348
2017-09-02 19:00:00,1358.0,1359.4424
2017-09-02 20:00:00,1377.0,1409.903
2017-09-02 21:00:00,1352.0,1393.2887
2017-09-02 22:00:00,1283.0,1304.0239
2017-09-02 23:00:00,1227.0,1283.695
2017-09-03 00:00:00,1171.0,1163.041
2017-09-03 01:00:00,1138.0,1139.7766
2017-09-03 02:00:00,1118.0,1115.1515
2017-09-03 03:00:00,1110.0,1101.5931
2017-09-03 04:00:00,1112.0,1096.5381
2017-09-03 05:00:00,1118.0,1122.6951
2017-09-03 06:00:00,1146.0,1136.8707
2017-09-03 07:00:00,1175.0,1168.9607
2017-09-03 08:00:00,1215.0,1230.0405
2017-09-03 09:00:00,1277.0,1271.5139
2017-09-03 10:00:00,1306.0,1319.7241
2017-09-03 11:00:00,1328.0,1328.4935
2017-09-03 12:00:00,1335.0,1344.1151
2017-09-03 13:00:00,1360.0,1341.5134
2017-09-03 14:00:00,1367.0,1359.014
2017-09-03 15:00:00,1383.0,1363.8069
2017-09-03 16:00:00,1397.0,1380.4391
2017-09-03 17:00:00,1398.0,1392.289
2017-09-03 18:00:00,1381.0,1393.9319
2017-09-03 19:00:00,1369.0,1400.6389
2017-09-03 20:00:00,1412.0,1418.023
2017-09-03 21:00:00,1359.0,1427.1415
2017-09-03 22:00:00,1307.0,1311.6617
2017-09-03 23:00:00,1233.0,1270.2136
2017-09-04 00:00:00,1182.0,1184.525
2017-09-04 01:00:00,1142.0,1144.2821
2017-09-04 02:00:00,1119.0,1121.2075
2017-09-04 03:00:00,1112.0,1112.724
2017-09-04 04:00:00,1124.0,1138.1223
2017-09-04 05:00:00,1145.0,1201.1182
2017-09-04 06:00:00,1166.0,1254.6194
2017-09-04 07:00:00,1159.0,1227.2554
2017-09-04 08:00:00,1218.0,1238.0679
2017-09-04 09:00:00,1294.0,1314.7883
2017-09-04 10:00:00,1369.0,1386.2902
2017-09-04 11:00:00,1436.0,1431.754
2017-09-04 12:00:00,1509.0,1461.2253
2017-09-04 13:00:00,1558.0,1516.0648
2017-09-04 14:00:00,1598.0,1557.9948
2017-09-04 15:00:00,1646.0,1603.383
2017-09-04 16:00:00,1701.0,1655.7748
2017-09-04 17:00:00,1722.0,1702.133
2017-09-04 18:00:00,1711.0,1712.8971
2017-09-04 19:00:00,1710.0,1718.9275
2017-09-04 20:00:00,1751.0,1705.8163
2017-09-04 21:00:00,1705.0,1695.5778
2017-09-04 22:00:00,1588.0,1583.8335
2017-09-04 23:00:00,1482.0,1455.2344
2017-09-05 00:00:00,1395.0,1399.763
2017-09-05 01:00:00,1356.0,1343.989
2017-09-05 02:00:00,1309.0,1327.6146
2017-09-05 03:00:00,1262.0,1297.8732
2017-09-05 04:00:00,1275.0,1286.1324
2017-09-05 05:00:00,1359.0,1344.1454
2017-09-05 06:00:00,1485.0,1493.0961
2017-09-05 07:00:00,1594.0,1576.7734
2017-09-05 08:00:00,1609.0,1682.8239
2017-09-05 09:00:00,1665.0,1685.3368
2017-09-05 10:00:00,1689.0,1716.1664
2017-09-05 11:00:00,1724.0,1722.4962
2017-09-05 12:00:00,1767.0,1748.4156
2017-09-05 13:00:00,1786.0,1792.3088
2017-09-05 14:00:00,1784.0,1792.2225
2017-09-05 15:00:00,1773.0,1784.2207
2017-09-05 16:00:00,1745.0,1775.6595
2017-09-05 17:00:00,1719.0,1727.7921
2017-09-05 18:00:00,1678.0,1700.4384
2017-09-05 19:00:00,1649.0,1698.5024
2017-09-05 20:00:00,1662.0,1661.1116
2017-09-05 21:00:00,1593.0,1610.1001
2017-09-05 22:00:00,1466.0,1491.1923
2017-09-05 23:00:00,1365.0,1361.1433
2017-09-06 00:00:00,1292.0,1289.2244
2017-09-06 01:00:00,1242.0,1245.5963
2017-09-06 02:00:00,1208.0,1224.1758
2017-09-06 03:00:00,1201.0,1211.1201
2017-09-06 04:00:00,1201.0,1226.048
2017-09-06 05:00:00,1271.0,1278.4183
2017-09-06 06:00:00,1390.0,1398.0427
2017-09-06 07:00:00,1447.0,1485.1854
2017-09-06 08:00:00,1485.0,1525.4
2017-09-06 09:00:00,1533.0,1538.465
2017-09-06 10:00:00,1574.0,1563.1964
2017-09-06 11:00:00,1591.0,1593.637
2017-09-06 12:00:00,1623.0,1605.0753
2017-09-06 13:00:00,1630.0,1638.924
2017-09-06 14:00:00,1625.0,1637.7789
2017-09-06 15:00:00,1608.0,1618.9056
2017-09-06 16:00:00,1611.0,1598.0553
2017-09-06 17:00:00,1605.0,1594.1088
2017-09-06 18:00:00,1577.0,1586.3267
2017-09-06 19:00:00,1561.0,1583.2605
2017-09-06 20:00:00,1575.0,1573.0471
2017-09-06 21:00:00,1496.0,1527.185
2017-09-06 22:00:00,1381.0,1400.1061
2017-09-06 23:00:00,1290.0,1305.4779
2017-09-07 00:00:00,1218.0,1232.5165
2017-09-07 01:00:00,1176.0,1185.5151
2017-09-07 02:00:00,1143.0,1159.6024
2017-09-07 03:00:00,1135.0,1141.031
2017-09-07 04:00:00,1148.0,1151.9318
2017-09-07 05:00:00,1224.0,1229.5881
2017-09-07 06:00:00,1326.0,1335.7959
2017-09-07 07:00:00,1364.0,1427.5173
2017-09-07 08:00:00,1434.0,1455.4583
2017-09-07 09:00:00,1489.0,1516.6499
2017-09-07 10:00:00,1512.0,1535.8473
2017-09-07 11:00:00,1559.0,1525.4385
2017-09-07 12:00:00,1531.0,1563.7355
2017-09-07 13:00:00,1548.0,1535.4327
2017-09-07 14:00:00,1536.0,1544.3892
2017-09-07 15:00:00,1522.0,1534.8828
2017-09-07 16:00:00,1533.0,1525.9692
2017-09-07 17:00:00,1511.0,1527.5123
2017-09-07 18:00:00,1490.0,1500.3784
2017-09-07 19:00:00,1494.0,1507.6067
2017-09-07 20:00:00,1502.0,1526.4197
2017-09-07 21:00:00,1437.0,1477.4081
2017-09-07 22:00:00,1346.0,1365.5966
2017-09-07 23:00:00,1255.0,1297.3215
2017-09-08 00:00:00,1207.0,1202.7911
2017-09-08 01:00:00,1154.0,1175.8292
2017-09-08 02:00:00,1131.0,1148.6149
2017-09-08 03:00:00,1131.0,1130.5592
2017-09-08 04:00:00,1155.0,1141.5085
2017-09-08 05:00:00,1203.0,1229.0391
2017-09-08 06:00:00,1338.0,1309.1473
2017-09-08 07:00:00,1414.0,1432.259
2017-09-08 08:00:00,1443.0,1504.9313
2017-09-08 09:00:00,1495.0,1530.0309
2017-09-08 10:00:00,1526.0,1547.9064
2017-09-08 11:00:00,1559.0,1537.0381
2017-09-08 12:00:00,1692.0,1551.9053
2017-09-08 13:00:00,1625.0,1709.416
2017-09-08 14:00:00,1584.0,1635.1266
2017-09-08 15:00:00,1530.0,1578.6855
2017-09-08 16:00:00,1518.0,1516.8915
2017-09-08 17:00:00,1507.0,1504.5947
2017-09-08 18:00:00,1473.0,1504.0562
2017-09-08 19:00:00,1446.0,1513.1871
2017-09-08 20:00:00,1463.0,1483.32
2017-09-08 21:00:00,1414.0,1452.6675
2017-09-08 22:00:00,1326.0,1334.1252
2017-09-08 23:00:00,1238.0,1304.3271
2017-09-09 00:00:00,1179.0,1172.3903
2017-09-09 01:00:00,1133.0,1137.374
2017-09-09 02:00:00,1094.0,1109.8785
2017-09-09 03:00:00,1093.0,1098.7759
2017-09-09 04:00:00,1091.0,1111.2418
2017-09-09 05:00:00,1121.0,1135.4891
2017-09-09 06:00:00,1166.0,1145.6177
2017-09-09 07:00:00,1194.0,1189.2059
2017-09-09 08:00:00,1240.0,1254.1532
2017-09-09 09:00:00,1292.0,1302.6246
2017-09-09 10:00:00,1355.0,1344.4987
2017-09-09 11:00:00,1366.0,1393.2805
2017-09-09 12:00:00,1376.0,1395.4808
2017-09-09 13:00:00,1378.0,1377.334
2017-09-09 14:00:00,1380.0,1380.9998
2017-09-09 15:00:00,1369.0,1381.3732
2017-09-09 16:00:00,1359.0,1374.0006
2017-09-09 17:00:00,1377.0,1355.0568
2017-09-09 18:00:00,1359.0,1376.9982
2017-09-09 19:00:00,1352.0,1389.3486
2017-09-09 20:00:00,1373.0,1402.8281
2017-09-09 21:00:00,1318.0,1396.5442
2017-09-09 22:00:00,1252.0,1283.5382
2017-09-09 23:00:00,1200.0,1262.5344
2017-09-10 00:00:00,1131.0,1164.7924
2017-09-10 01:00:00,1089.0,1108.9805
2017-09-10 02:00:00,1080.0,1093.8834
2017-09-10 03:00:00,1061.0,1079.9537
2017-09-10 04:00:00,1054.0,1085.1936
2017-09-10 05:00:00,1079.0,1113.4343
2017-09-10 06:00:00,1101.0,1124.2245
2017-09-10 07:00:00,1113.0,1130.3741
2017-09-10 08:00:00,1171.0,1168.4963
2017-09-10 09:00:00,1216.0,1240.7478
2017-09-10 10:00:00,1255.0,1274.5774
2017-09-10 11:00:00,1287.0,1299.5126
2017-09-10 12:00:00,1326.0,1310.1404
2017-09-10 13:00:00,1350.0,1337.5385
2017-09-10 14:00:00,1346.0,1363.4407
2017-09-10 15:00:00,1354.0,1356.6208
2017-09-10 16:00:00,1372.0,1363.6146
2017-09-10 17:00:00,1384.0,1382.4415
2017-09-10 18:00:00,1375.0,1388.5459
2017-09-10 19:00:00,1391.0,1403.5785
2017-09-10 20:00:00,1406.0,1439.1782
2017-09-10 21:00:00,1372.0,1418.8466
2017-09-10 22:00:00,1278.0,1317.3876
2017-09-10 23:00:00,1194.0,1261.6461
2017-09-11 00:00:00,1143.0,1179.885
2017-09-11 01:00:00,1118.0,1114.3374
2017-09-11 02:00:00,1093.0,1110.1196
2017-09-11 03:00:00,1094.0,1110.8132
2017-09-11 04:00:00,1128.0,1139.5519
2017-09-11 05:00:00,1186.0,1211.7332
2017-09-11 06:00:00,1288.0,1323.188
2017-09-11 07:00:00,1323.0,1411.4387
2017-09-11 08:00:00,1371.0,1447.9812
2017-09-11 09:00:00,1432.0,1480.9678
2017-09-11 10:00:00,1488.0,1511.3475
2017-09-11 11:00:00,1526.0,1531.4243
2017-09-11 12:00:00,1546.0,1539.456
2017-09-11 13:00:00,1554.0,1552.8037
2017-09-11 14:00:00,1548.0,1554.9536
2017-09-11 15:00:00,1532.0,1552.1465
2017-09-11 16:00:00,1520.0,1545.1569
2017-09-11 17:00:00,1510.0,1526.7074
2017-09-11 18:00:00,1483.0,1516.1055
2017-09-11 19:00:00,1489.0,1522.6433
2017-09-11 20:00:00,1487.0,1524.2285
2017-09-11 21:00:00,1411.0,1474.3853
2017-09-11 22:00:00,1313.0,1332.4299
2017-09-11 23:00:00,1223.0,1302.025
2017-09-12 00:00:00,1151.0,1176.2173
2017-09-12 01:00:00,1108.0,1137.7207
2017-09-12 02:00:00,1084.0,1120.0216
2017-09-12 03:00:00,1080.0,1119.374
2017-09-12 04:00:00,1094.0,1146.4778
2017-09-12 05:00:00,1162.0,1197.7417
2017-09-12 06:00:00,1296.0,1258.3212
2017-09-12 07:00:00,1381.0,1404.8342
2017-09-12 08:00:00,1431.0,1483.1527
2017-09-12 09:00:00,1473.0,1523.9581
2017-09-12 10:00:00,1500.0,1533.1088
2017-09-12 11:00:00,1520.0,1530.2627
2017-09-12 12:00:00,1548.0,1526.198
2017-09-12 13:00:00,1590.0,1562.148
2017-09-12 14:00:00,1578.0,1589.2834
2017-09-12 15:00:00,1574.0,1575.147
2017-09-12 16:00:00,1572.0,1572.2203
2017-09-12 17:00:00,1559.0,1571.768
2017-09-12 18:00:00,1521.0,1553.952
2017-09-12 19:00:00,1511.0,1554.649
2017-09-12 20:00:00,1542.0,1545.1466
2017-09-12 21:00:00,1494.0,1513.0493
2017-09-12 22:00:00,1392.0,1396.0029
2017-09-12 23:00:00,1288.0,1298.0466
2017-09-13 00:00:00,1218.0,1227.562
2017-09-13 01:00:00,1191.0,1175.8215
2017-09-13 02:00:00,1163.0,1162.1729
2017-09-13 03:00:00,1142.0,1156.9547
2017-09-13 04:00:00,1161.0,1147.8442
2017-09-13 05:00:00,1218.0,1238.0486
2017-09-13 06:00:00,1358.0,1342.6027
2017-09-13 07:00:00,1449.0,1461.7534
2017-09-13 08:00:00,1514.0,1538.5326
2017-09-13 09:00:00,1586.0,1579.8477
2017-09-13 10:00:00,1669.0,1637.3387
2017-09-13 11:00:00,1710.0,1698.1832
2017-09-13 12:00:00,1754.0,1729.5457
2017-09-13 13:00:00,1795.0,1775.7438
2017-09-13 14:00:00,1829.0,1810.435
2017-09-13 15:00:00,1847.0,1842.8384
2017-09-13 16:00:00,1883.0,1849.751
2017-09-13 17:00:00,1878.0,1859.8514
2017-09-13 18:00:00,1807.0,1839.2306
2017-09-13 19:00:00,1809.0,1792.306
2017-09-13 20:00:00,1783.0,1793.8685
2017-09-13 21:00:00,1698.0,1729.0299
2017-09-13 22:00:00,1569.0,1562.0513
2017-09-13 23:00:00,1452.0,1447.559
2017-09-14 00:00:00,1352.0,1372.0193
2017-09-14 01:00:00,1286.0,1305.0387
2017-09-14 02:00:00,1239.0,1250.6982
2017-09-14 03:00:00,1220.0,1220.0684
2017-09-14 04:00:00,1230.0,1233.9816
2017-09-14 05:00:00,1311.0,1294.188
2017-09-14 06:00:00,1419.0,1445.3905
2017-09-14 07:00:00,1505.0,1519.4099
2017-09-14 08:00:00,1556.0,1582.8597
2017-09-14 09:00:00,1596.0,1620.963
2017-09-14 10:00:00,1630.0,1653.5503
2017-09-14 11:00:00,1664.0,1658.9717
2017-09-14 12:00:00,1693.0,1693.123
2017-09-14 13:00:00,1705.0,1712.6747
2017-09-14 14:00:00,1679.0,1701.0382
2017-09-14 15:00:00,1680.0,1670.7834
2017-09-14 16:00:00,1667.0,1670.7714
2017-09-14 17:00:00,1653.0,1644.1228
2017-09-14 18:00:00,1631.0,1629.3171
2017-09-14 19:00:00,1624.0,1642.2397
2017-09-14 20:00:00,1639.0,1623.6882
2017-09-14 21:00:00,1572.0,1581.9071
2017-09-14 22:00:00,1436.0,1472.2124
2017-09-14 23:00:00,1334.0,1335.8431
2017-09-15 00:00:00,1256.0,1262.9255
2017-09-15 01:00:00,1210.0,1216.9147
2017-09-15 02:00:00,1188.0,1195.3945
2017-09-15 03:00:00,1182.0,1177.4021
2017-09-15 04:00:00,1205.0,1197.95
2017-09-15 05:00:00,1260.0,1273.6954
2017-09-15 06:00:00,1390.0,1383.3436
2017-09-15 07:00:00,1466.0,1487.3217
2017-09-15 08:00:00,1520.0,1538.9153
2017-09-15 09:00:00,1591.0,1580.0682
2017-09-15 10:00:00,1654.0,1640.4963
2017-09-15 11:00:00,1678.0,1682.333
2017-09-15 12:00:00,1685.0,1693.1277
2017-09-15 13:00:00,1698.0,1694.0189
2017-09-15 14:00:00,1715.0,1693.6459
2017-09-15 15:00:00,1710.0,1705.5823
2017-09-15 16:00:00,1693.0,1696.4108
2017-09-15 17:00:00,1648.0,1666.9639
2017-09-15 18:00:00,1628.0,1619.7943
2017-09-15 19:00:00,1602.0,1625.2554
2017-09-15 20:00:00,1611.0,1600.6996
2017-09-15 21:00:00,1559.0,1564.0035
2017-09-15 22:00:00,1472.0,1462.0465
2017-09-15 23:00:00,1369.0,1371.8173
2017-09-16 00:00:00,1283.0,1285.5969
2017-09-16 01:00:00,1220.0,1232.098
2017-09-16 02:00:00,1194.0,1184.511
2017-09-16 03:00:00,1162.0,1166.2797
2017-09-16 04:00:00,1168.0,1153.2195
2017-09-16 05:00:00,1205.0,1197.6398
2017-09-16 06:00:00,1237.0,1230.4796
2017-09-16 07:00:00,1270.0,1269.0659
2017-09-16 08:00:00,1339.0,1353.274
2017-09-16 09:00:00,1394.0,1405.4805
2017-09-16 10:00:00,1473.0,1443.9254
2017-09-16 11:00:00,1544.0,1491.1958
2017-09-16 12:00:00,1640.0,1552.2206
2017-09-16 13:00:00,1682.0,1670.475
2017-09-16 14:00:00,1714.0,1698.7513
2017-09-16 15:00:00,1726.0,1731.4196
2017-09-16 16:00:00,1725.0,1735.4017
2017-09-16 17:00:00,1719.0,1712.4196
2017-09-16 18:00:00,1676.0,1703.6262
2017-09-16 19:00:00,1670.0,1693.1287
2017-09-16 20:00:00,1668.0,1678.9913
2017-09-16 21:00:00,1614.0,1635.0804
2017-09-16 22:00:00,1526.0,1521.9071
2017-09-16 23:00:00,1428.0,1417.4188
2017-09-17 00:00:00,1329.0,1333.7931
2017-09-17 01:00:00,1262.0,1267.8778
2017-09-17 02:00:00,1229.0,1218.6742
2017-09-17 03:00:00,1196.0,1190.4098
2017-09-17 04:00:00,1184.0,1187.0797
2017-09-17 05:00:00,1198.0,1198.6174
2017-09-17 06:00:00,1219.0,1215.3892
2017-09-17 07:00:00,1246.0,1234.5311
2017-09-17 08:00:00,1317.0,1314.289
2017-09-17 09:00:00,1417.0,1385.833
2017-09-17 10:00:00,1513.0,1478.8668
2017-09-17 11:00:00,1609.0,1567.4474
2017-09-17 12:00:00,1706.0,1653.4591
2017-09-17 13:00:00,1749.0,1762.554
2017-09-17 14:00:00,1776.0,1786.4874
2017-09-17 15:00:00,1818.0,1805.0547
2017-09-17 16:00:00,1837.0,1852.0051
2017-09-17 17:00:00,1845.0,1831.9135
2017-09-17 18:00:00,1816.0,1806.9506
2017-09-17 19:00:00,1822.0,1811.543
2017-09-17 20:00:00,1800.0,1817.9482
2017-09-17 21:00:00,1712.0,1769.226
2017-09-17 22:00:00,1597.0,1603.3325
2017-09-17 23:00:00,1469.0,1471.2977
2017-09-18 00:00:00,1375.0,1389.8688
2017-09-18 01:00:00,1327.0,1325.9576
2017-09-18 02:00:00,1292.0,1298.8546
2017-09-18 03:00:00,1272.0,1281.2924
2017-09-18 04:00:00,1291.0,1285.021
2017-09-18 05:00:00,1354.0,1353.094
2017-09-18 06:00:00,1482.0,1491.3547
2017-09-18 07:00:00,1547.0,1568.8015
2017-09-18 08:00:00,1610.0,1629.3339
2017-09-18 09:00:00,1693.0,1679.5503
2017-09-18 10:00:00,1788.0,1758.3668
2017-09-18 11:00:00,1895.0,1842.1742
2017-09-18 12:00:00,1977.0,1957.9907
2017-09-18 13:00:00,2011.0,2036.7844
2017-09-18 14:00:00,2048.0,2050.9883
2017-09-18 15:00:00,2094.0,2053.7837
2017-09-18 16:00:00,2105.0,2084.6094
2017-09-18 17:00:00,2084.0,2052.1062
2017-09-18 18:00:00,2038.0,1999.9491
2017-09-18 19:00:00,2008.0,1990.6704
2017-09-18 20:00:00,1973.0,1985.6749
2017-09-18 21:00:00,1859.0,1916.952
2017-09-18 22:00:00,1710.0,1706.7695
2017-09-18 23:00:00,1532.0,1565.409
2017-09-19 00:00:00,1417.0,1435.3881
2017-09-19 01:00:00,1351.0,1365.2698
2017-09-19 02:00:00,1289.0,1316.6616
2017-09-19 03:00:00,1270.0,1277.6188
2017-09-19 04:00:00,1297.0,1280.3688
2017-09-19 05:00:00,1346.0,1374.3376
2017-09-19 06:00:00,1475.0,1489.8611
2017-09-19 07:00:00,1555.0,1568.3848
2017-09-19 08:00:00,1616.0,1639.3612
2017-09-19 09:00:00,1712.0,1702.1649
2017-09-19 10:00:00,1795.0,1795.1759
2017-09-19 11:00:00,1886.0,1859.0552
2017-09-19 12:00:00,1957.0,1941.8351
2017-09-19 13:00:00,2032.0,2005.653
2017-09-19 14:00:00,2106.0,2082.3728
2017-09-19 15:00:00,2133.0,2138.678
2017-09-19 16:00:00,2167.0,2156.7546
2017-09-19 17:00:00,2171.0,2151.0034
2017-09-19 18:00:00,2093.0,2112.1682
2017-09-19 19:00:00,2029.0,2046.7565
2017-09-19 20:00:00,1990.0,2002.6947
2017-09-19 21:00:00,1888.0,1938.4312
2017-09-19 22:00:00,1723.0,1741.8351
2017-09-19 23:00:00,1569.0,1587.4569
2017-09-20 00:00:00,1452.0,1463.768
2017-09-20 01:00:00,1387.0,1392.999
2017-09-20 02:00:00,1329.0,1351.1863
2017-09-20 03:00:00,1305.0,1310.0054
2017-09-20 04:00:00,1331.0,1315.2422
2017-09-20 05:00:00,1388.0,1398.9629
2017-09-20 06:00:00,1508.0,1525.154
2017-09-20 07:00:00,1577.0,1594.3353
2017-09-20 08:00:00,1643.0,1661.6561
2017-09-20 09:00:00,1719.0,1733.6046
2017-09-20 10:00:00,1813.0,1804.3643
2017-09-20 11:00:00,1889.0,1877.3303
2017-09-20 12:00:00,1997.0,1940.6638
2017-09-20 13:00:00,2062.0,2082.6182
2017-09-20 14:00:00,2060.0,2124.651
2017-09-20 15:00:00,2046.0,2099.5193
2017-09-20 16:00:00,2074.0,2027.6234
2017-09-20 17:00:00,2118.0,2035.9683
2017-09-20 18:00:00,2047.0,2065.1174
2017-09-20 19:00:00,2008.0,2004.6322
2017-09-20 20:00:00,1978.0,1972.5377
2017-09-20 21:00:00,1873.0,1908.588
2017-09-20 22:00:00,1708.0,1716.2495
2017-09-20 23:00:00,1582.0,1572.0403
2017-09-21 00:00:00,1465.0,1476.0322
2017-09-21 01:00:00,1390.0,1409.564
2017-09-21 02:00:00,1336.0,1350.1687
2017-09-21 03:00:00,1309.0,1317.7009
2017-09-21 04:00:00,1328.0,1324.9619
2017-09-21 05:00:00,1385.0,1397.0637
2017-09-21 06:00:00,1516.0,1510.653
2017-09-21 07:00:00,1565.0,1596.8988
2017-09-21 08:00:00,1631.0,1649.1016
2017-09-21 09:00:00,1707.0,1711.1688
2017-09-21 10:00:00,1803.0,1786.0454
2017-09-21 11:00:00,1917.0,1862.6102
2017-09-21 12:00:00,2007.0,1979.3602
2017-09-21 13:00:00,2086.0,2077.7063
2017-09-21 14:00:00,2185.0,2152.19
2017-09-21 15:00:00,2239.0,2226.8738
2017-09-21 16:00:00,2247.0,2265.5718
2017-09-21 17:00:00,2238.0,2244.9646
2017-09-21 18:00:00,2139.0,2177.227
2017-09-21 19:00:00,2101.0,2058.464
2017-09-21 20:00:00,2041.0,2063.977
2017-09-21 21:00:00,1906.0,1965.8108
2017-09-21 22:00:00,1751.0,1756.2963
2017-09-21 23:00:00,1585.0,1608.1997
2017-09-22 00:00:00,1455.0,1482.6373
2017-09-22 01:00:00,1391.0,1400.8893
2017-09-22 02:00:00,1320.0,1347.1093
2017-09-22 03:00:00,1298.0,1302.1179
2017-09-22 04:00:00,1318.0,1315.5533
2017-09-22 05:00:00,1377.0,1383.2128
2017-09-22 06:00:00,1499.0,1502.1235
2017-09-22 07:00:00,1557.0,1577.4833
2017-09-22 08:00:00,1610.0,1639.4178
2017-09-22 09:00:00,1657.0,1699.1766
2017-09-22 10:00:00,1735.0,1742.8604
2017-09-22 11:00:00,1824.0,1805.2438
2017-09-22 12:00:00,1928.0,1875.2056
2017-09-22 13:00:00,2037.0,1973.0785
2017-09-22 14:00:00,2133.0,2086.0627
2017-09-22 15:00:00,2169.0,2160.8318
2017-09-22 16:00:00,2189.0,2196.2183
2017-09-22 17:00:00,2145.0,2170.6096
2017-09-22 18:00:00,2027.0,2068.7324
2017-09-22 19:00:00,1954.0,1973.4912
2017-09-22 20:00:00,1887.0,1921.4733
2017-09-22 21:00:00,1780.0,1826.3296
2017-09-22 22:00:00,1643.0,1660.9604
2017-09-22 23:00:00,1517.0,1512.2637
2017-09-23 00:00:00,1416.0,1417.0692
2017-09-23 01:00:00,1338.0,1350.9932
2017-09-23 02:00:00,1275.0,1289.7699
2017-09-23 03:00:00,1238.0,1249.8722
2017-09-23 04:00:00,1233.0,1221.2104
2017-09-23 05:00:00,1241.0,1241.4966
2017-09-23 06:00:00,1283.0,1273.6362
2017-09-23 07:00:00,1300.0,1315.3132
2017-09-23 08:00:00,1381.0,1376.9556
2017-09-23 09:00:00,1461.0,1479.243
2017-09-23 10:00:00,1560.0,1535.1719
2017-09-23 11:00:00,1657.0,1632.1185
2017-09-23 12:00:00,1745.0,1711.7875
2017-09-23 13:00:00,1833.0,1793.2502
2017-09-23 14:00:00,1920.0,1874.5571
2017-09-23 15:00:00,1980.0,1975.9174
2017-09-23 16:00:00,2037.0,2029.0029
2017-09-23 17:00:00,2051.0,2040.5446
2017-09-23 18:00:00,1992.0,2025.0441
2017-09-23 19:00:00,1936.0,1962.7877
2017-09-23 20:00:00,1879.0,1904.8547
2017-09-23 21:00:00,1780.0,1816.1096
2017-09-23 22:00:00,1661.0,1663.3525
2017-09-23 23:00:00,1514.0,1528.6908
2017-09-24 00:00:00,1406.0,1415.5599
2017-09-24 01:00:00,1327.0,1339.5266
2017-09-24 02:00:00,1264.0,1278.5962
2017-09-24 03:00:00,1229.0,1238.1906
2017-09-24 04:00:00,1211.0,1213.9819
2017-09-24 05:00:00,1209.0,1220.8262
2017-09-24 06:00:00,1236.0,1232.9988
2017-09-24 07:00:00,1255.0,1254.1627
2017-09-24 08:00:00,1331.0,1337.4224
2017-09-24 09:00:00,1448.0,1421.5605
2017-09-24 10:00:00,1584.0,1536.9962
2017-09-24 11:00:00,1726.0,1653.2214
2017-09-24 12:00:00,1871.0,1818.046
2017-09-24 13:00:00,1997.0,1972.5028
2017-09-24 14:00:00,2082.0,2106.9185
2017-09-24 15:00:00,2160.0,2164.7202
2017-09-24 16:00:00,2217.0,2216.0247
2017-09-24 17:00:00,2226.0,2226.5103
2017-09-24 18:00:00,2156.0,2177.976
2017-09-24 19:00:00,2112.0,2114.8792
2017-09-24 20:00:00,2056.0,2074.824
2017-09-24 21:00:00,1941.0,2001.9542
2017-09-24 22:00:00,1792.0,1805.1926
2017-09-24 23:00:00,1639.0,1644.2539
2017-09-25 00:00:00,1526.0,1524.6707
2017-09-25 01:00:00,1435.0,1453.6772
2017-09-25 02:00:00,1388.0,1394.5897
2017-09-25 03:00:00,1372.0,1368.8258
2017-09-25 04:00:00,1378.0,1385.3649
2017-09-25 05:00:00,1441.0,1434.8173
2017-09-25 06:00:00,1572.0,1546.6848
2017-09-25 07:00:00,1641.0,1659.3099
2017-09-25 08:00:00,1708.0,1745.2714
2017-09-25 09:00:00,1811.0,1806.1509
2017-09-25 10:00:00,1954.0,1915.7455
2017-09-25 11:00:00,2054.0,2066.058
2017-09-25 12:00:00,2173.0,2146.5662
2017-09-25 13:00:00,2285.0,2261.3552
2017-09-25 14:00:00,2352.0,2359.885
2017-09-25 15:00:00,2402.0,2418.484
2017-09-25 16:00:00,2416.0,2440.7607
2017-09-25 17:00:00,2391.0,2414.5237
2017-09-25 18:00:00,2318.0,2339.672
2017-09-25 19:00:00,2273.0,2266.4048
2017-09-25 20:00:00,2192.0,2246.6855
2017-09-25 21:00:00,2041.0,2108.5986
2017-09-25 22:00:00,1869.0,1873.9646
2017-09-25 23:00:00,1719.0,1704.8994
2017-09-26 00:00:00,1596.0,1601.8546
2017-09-26 01:00:00,1524.0,1517.6997
2017-09-26 02:00:00,1455.0,1477.6537
2017-09-26 03:00:00,1432.0,1428.9514
2017-09-26 04:00:00,1424.0,1436.8003
2017-09-26 05:00:00,1493.0,1490.6575
2017-09-26 06:00:00,1610.0,1611.3323
2017-09-26 07:00:00,1683.0,1690.1422
2017-09-26 08:00:00,1745.0,1780.0066
2017-09-26 09:00:00,1834.0,1846.5544
2017-09-26 10:00:00,1985.0,1932.6204
2017-09-26 11:00:00,2111.0,2075.6165
2017-09-26 12:00:00,2239.0,2210.4001
2017-09-26 13:00:00,2317.0,2335.4346
2017-09-26 14:00:00,2391.0,2386.7954
2017-09-26 15:00:00,2443.0,2444.4102
2017-09-26 16:00:00,2462.0,2468.964
2017-09-26 17:00:00,2452.0,2458.2703
2017-09-26 18:00:00,2361.0,2399.1313
2017-09-26 19:00:00,2302.0,2301.8926
2017-09-26 20:00:00,2208.0,2276.1685
2017-09-26 21:00:00,2064.0,2128.4636
2017-09-26 22:00:00,1901.0,1894.669
2017-09-26 23:00:00,1737.0,1736.3135
2017-09-27 00:00:00,1607.0,1614.1036
2017-09-27 01:00:00,1516.0,1532.0591
2017-09-27 02:00:00,1466.0,1467.5001
2017-09-27 03:00:00,1423.0,1441.2728
2017-09-27 04:00:00,1422.0,1437.7017
2017-09-27 05:00:00,1481.0,1493.2396
2017-09-27 06:00:00,1607.0,1597.0853
2017-09-27 07:00:00,1664.0,1689.2821
2017-09-27 08:00:00,1730.0,1765.7001
2017-09-27 09:00:00,1831.0,1827.5685
2017-09-27 10:00:00,1968.0,1925.7169
2017-09-27 11:00:00,2103.0,2044.6265
2017-09-27 12:00:00,2225.0,2185.7273
2017-09-27 13:00:00,2311.0,2311.5947
2017-09-27 14:00:00,2396.0,2383.8352
2017-09-27 15:00:00,2451.0,2430.053
2017-09-27 16:00:00,2442.0,2497.1216
2017-09-27 17:00:00,2359.0,2409.9182
2017-09-27 18:00:00,2295.0,2298.4458
2017-09-27 19:00:00,2266.0,2211.5322
2017-09-27 20:00:00,2187.0,2239.063
2017-09-27 21:00:00,2069.0,2103.2102
2017-09-27 22:00:00,1897.0,1889.7881
2017-09-27 23:00:00,1720.0,1728.3728
2017-09-28 00:00:00,1594.0,1601.7192
2017-09-28 01:00:00,1482.0,1516.261
2017-09-28 02:00:00,1397.0,1443.6871
2017-09-28 03:00:00,1337.0,1378.2003
2017-09-28 04:00:00,1332.0,1338.9725
2017-09-28 05:00:00,1386.0,1388.6249
2017-09-28 06:00:00,1478.0,1485.2974
2017-09-28 07:00:00,1523.0,1562.7625
2017-09-28 08:00:00,1584.0,1605.1924
2017-09-28 09:00:00,1624.0,1684.9198
2017-09-28 10:00:00,1670.0,1706.6841
2017-09-28 11:00:00,1668.0,1720.7911
2017-09-28 12:00:00,1678.0,1698.2007
2017-09-28 13:00:00,1714.0,1702.2152
2017-09-28 14:00:00,1750.0,1730.1183
2017-09-28 15:00:00,1753.0,1760.3416
2017-09-28 16:00:00,1766.0,1761.2233
2017-09-28 17:00:00,1717.0,1765.0817
2017-09-28 18:00:00,1642.0,1692.1139
2017-09-28 19:00:00,1632.0,1617.1891
2017-09-28 20:00:00,1593.0,1612.8351
2017-09-28 21:00:00,1500.0,1537.8068
2017-09-28 22:00:00,1398.0,1391.0128
2017-09-28 23:00:00,1291.0,1319.5066
2017-09-29 00:00:00,1205.0,1231.8738
2017-09-29 01:00:00,1175.0,1165.9077
2017-09-29 02:00:00,1156.0,1164.5079
2017-09-29 03:00:00,1128.0,1155.9482
2017-09-29 04:00:00,1136.0,1148.6809
2017-09-29 05:00:00,1217.0,1184.0385
2017-09-29 06:00:00,1318.0,1318.0674
2017-09-29 07:00:00,1385.0,1400.2406
2017-09-29 08:00:00,1420.0,1471.6654
2017-09-29 09:00:00,1470.0,1498.5906
2017-09-29 10:00:00,1516.0,1538.06
2017-09-29 11:00:00,1546.0,1542.6093
2017-09-29 12:00:00,1548.0,1555.6052
2017-09-29 13:00:00,1561.0,1552.9844
2017-09-29 14:00:00,1564.0,1557.0907
2017-09-29 15:00:00,1563.0,1556.7063
2017-09-29 16:00:00,1553.0,1559.529
2017-09-29 17:00:00,1530.0,1536.9768
2017-09-29 18:00:00,1494.0,1506.4807
2017-09-29 19:00:00,1491.0,1512.5707
2017-09-29 20:00:00,1468.0,1512.8076
2017-09-29 21:00:00,1397.0,1477.7523
2017-09-29 22:00:00,1321.0,1341.2357
2017-09-29 23:00:00,1228.0,1320.7797
2017-09-30 00:00:00,1157.0,1173.0453
2017-09-30 01:00:00,1129.0,1129.1058
2017-09-30 02:00:00,1109.0,1105.125
2017-09-30 03:00:00,1079.0,1097.997
2017-09-30 04:00:00,1081.0,1113.2518
2017-09-30 05:00:00,1104.0,1130.3363
2017-09-30 06:00:00,1158.0,1147.1201
2017-09-30 07:00:00,1173.0,1187.0577
2017-09-30 08:00:00,1234.0,1240.7974
2017-09-30 09:00:00,1281.0,1315.131
2017-09-30 10:00:00,1309.0,1348.4747
2017-09-30 11:00:00,1317.0,1349.3275
2017-09-30 12:00:00,1329.0,1343.318
2017-09-30 13:00:00,1322.0,1343.8042
2017-09-30 14:00:00,1309.0,1333.0802
2017-09-30 15:00:00,1302.0,1312.7258
2017-09-30 16:00:00,1312.0,1304.4652
2017-09-30 17:00:00,1309.0,1314.1517
2017-09-30 18:00:00,1314.0,1311.411
2017-09-30 19:00:00,1349.0,1333.2245
2017-09-30 20:00:00,1339.0,1386.5204
2017-09-30 21:00:00,1293.0,1366.544
2017-09-30 22:00:00,1245.0,1300.0743
2017-09-30 23:00:00,1182.0,1265.5851
2017-10-01 00:00:00,1122.0,1170.8911
2017-10-01 01:00:00,1094.0,1113.0154
2017-10-01 02:00:00,1061.0,1108.2317
2017-10-01 03:00:00,1050.0,1103.702
2017-10-01 04:00:00,1054.0,1103.3589
2017-10-01 05:00:00,1061.0,1139.5988
2017-10-01 06:00:00,1099.0,1144.4375
2017-10-01 07:00:00,1126.0,1152.1542
2017-10-01 08:00:00,1172.0,1178.9563
2017-10-01 09:00:00,1223.0,1242.6774
2017-10-01 10:00:00,1251.0,1268.6177
2017-10-01 11:00:00,1273.0,1298.5708
2017-10-01 12:00:00,1287.0,1303.9307
2017-10-01 13:00:00,1294.0,1303.7793
2017-10-01 14:00:00,1309.0,1301.0514
2017-10-01 15:00:00,1312.0,1311.767
2017-10-01 16:00:00,1331.0,1322.4077
2017-10-01 17:00:00,1358.0,1340.7964
2017-10-01 18:00:00,1353.0,1379.6377
2017-10-01 19:00:00,1401.0,1401.6475
2017-10-01 20:00:00,1381.0,1445.2356
2017-10-01 21:00:00,1338.0,1397.1447
2017-10-01 22:00:00,1265.0,1296.2507
2017-10-01 23:00:00,1185.0,1270.4299
2017-10-02 00:00:00,1129.0,1187.9631
2017-10-02 01:00:00,1107.0,1114.6482
2017-10-02 02:00:00,1083.0,1120.9973
2017-10-02 03:00:00,1070.0,1124.9495
2017-10-02 04:00:00,1110.0,1143.5825
2017-10-02 05:00:00,1178.0,1201.9568
2017-10-02 06:00:00,1321.0,1285.646
2017-10-02 07:00:00,1370.0,1426.6306
2017-10-02 08:00:00,1402.0,1469.1487
2017-10-02 09:00:00,1441.0,1475.4508
2017-10-02 10:00:00,1479.0,1510.5607
2017-10-02 11:00:00,1518.0,1494.7001
2017-10-02 12:00:00,1533.0,1524.235
2017-10-02 13:00:00,1549.0,1529.8723
2017-10-02 14:00:00,1561.0,1548.18
2017-10-02 15:00:00,1567.0,1561.7345
2017-10-02 16:00:00,1572.0,1573.3082
2017-10-02 17:00:00,1561.0,1579.9526
2017-10-02 18:00:00,1545.0,1576.95
2017-10-02 19:00:00,1572.0,1585.6116
2017-10-02 20:00:00,1545.0,1584.5255
2017-10-02 21:00:00,1473.0,1508.2733
2017-10-02 22:00:00,1354.0,1374.1112
2017-10-02 23:00:00,1263.0,1293.6183
2017-10-03 00:00:00,1196.0,1210.1874
2017-10-03 01:00:00,1143.0,1170.0623
2017-10-03 02:00:00,1130.0,1127.6222
2017-10-03 03:00:00,1141.0,1125.9408
2017-10-03 04:00:00,1147.0,1134.8136
2017-10-03 05:00:00,1221.0,1233.7305
2017-10-03 06:00:00,1340.0,1343.3259
2017-10-03 07:00:00,1416.0,1437.3969
2017-10-03 08:00:00,1434.0,1504.777
2017-10-03 09:00:00,1486.0,1513.4396
2017-10-03 10:00:00,1533.0,1540.9813
2017-10-03 11:00:00,1590.0,1550.5791
2017-10-03 12:00:00,1624.0,1593.0096
2017-10-03 13:00:00,1644.0,1641.4077
2017-10-03 14:00:00,1654.0,1650.017
2017-10-03 15:00:00,1679.0,1651.9064
2017-10-03 16:00:00,1681.0,1681.722
2017-10-03 17:00:00,1677.0,1672.7764
2017-10-03 18:00:00,1640.0,1677.9429
2017-10-03 19:00:00,1651.0,1664.8868
2017-10-03 20:00:00,1598.0,1653.6666
2017-10-03 21:00:00,1507.0,1556.1339
2017-10-03 22:00:00,1397.0,1408.4529
2017-10-03 23:00:00,1290.0,1316.7555
2017-10-04 00:00:00,1231.0,1231.8896
2017-10-04 01:00:00,1178.0,1192.0857
2017-10-04 02:00:00,1146.0,1161.2483
2017-10-04 03:00:00,1139.0,1160.8185
2017-10-04 04:00:00,1159.0,1152.043
2017-10-04 05:00:00,1229.0,1235.1068
2017-10-04 06:00:00,1332.0,1362.0547
2017-10-04 07:00:00,1410.0,1435.1403
2017-10-04 08:00:00,1460.0,1491.1702
2017-10-04 09:00:00,1509.0,1532.1725
2017-10-04 10:00:00,1583.0,1549.2225
2017-10-04 11:00:00,1626.0,1604.3799
2017-10-04 12:00:00,1664.0,1637.5128
2017-10-04 13:00:00,1716.0,1688.2805
2017-10-04 14:00:00,1747.0,1721.894
2017-10-04 15:00:00,1772.0,1755.7299
2017-10-04 16:00:00,1793.0,1776.6543
2017-10-04 17:00:00,1786.0,1773.6246
2017-10-04 18:00:00,1743.0,1758.1456
2017-10-04 19:00:00,1764.0,1737.3738
2017-10-04 20:00:00,1729.0,1739.369
2017-10-04 21:00:00,1619.0,1669.6011
2017-10-04 22:00:00,1518.0,1494.7922
2017-10-04 23:00:00,1423.0,1402.3853
2017-10-05 00:00:00,1333.0,1346.782
2017-10-05 01:00:00,1284.0,1284.712
2017-10-05 02:00:00,1245.0,1254.6343
2017-10-05 03:00:00,1234.0,1235.6613
2017-10-05 04:00:00,1250.0,1247.4492
2017-10-05 05:00:00,1326.0,1319.4484
2017-10-05 06:00:00,1445.0,1471.4985
2017-10-05 07:00:00,1534.0,1549.0104
2017-10-05 08:00:00,1578.0,1586.7736
2017-10-05 09:00:00,1617.0,1620.7502
2017-10-05 10:00:00,1668.0,1657.5294
2017-10-05 11:00:00,1682.0,1696.7595
2017-10-05 12:00:00,1652.0,1698.3191
2017-10-05 13:00:00,1675.0,1667.2352
2017-10-05 14:00:00,1662.0,1682.1774
2017-10-05 15:00:00,1632.0,1662.4031
2017-10-05 16:00:00,1619.0,1625.9344
2017-10-05 17:00:00,1605.0,1609.0258
2017-10-05 18:00:00,1613.0,1604.9053
2017-10-05 19:00:00,1644.0,1635.6442
2017-10-05 20:00:00,1609.0,1630.9694
2017-10-05 21:00:00,1533.0,1550.4514
2017-10-05 22:00:00,1441.0,1434.2657
2017-10-05 23:00:00,1348.0,1344.9404
2017-10-06 00:00:00,1264.0,1276.5645
2017-10-06 01:00:00,1221.0,1222.6433
2017-10-06 02:00:00,1185.0,1200.9045
2017-10-06 03:00:00,1191.0,1181.0542
2017-10-06 04:00:00,1204.0,1214.6421
2017-10-06 05:00:00,1276.0,1274.6606
2017-10-06 06:00:00,1400.0,1404.0194
2017-10-06 07:00:00,1493.0,1505.6062
2017-10-06 08:00:00,1537.0,1547.1842
2017-10-06 09:00:00,1575.0,1578.968
2017-10-06 10:00:00,1615.0,1596.4546
2017-10-06 11:00:00,1649.0,1626.8439
2017-10-06 12:00:00,1664.0,1646.6683
2017-10-06 13:00:00,1665.0,1670.7216
2017-10-06 14:00:00,1669.0,1651.9935
2017-10-06 15:00:00,1648.0,1654.5897
2017-10-06 16:00:00,1602.0,1628.114
2017-10-06 17:00:00,1576.0,1584.355
2017-10-06 18:00:00,1578.0,1563.0117
2017-10-06 19:00:00,1579.0,1585.2137
2017-10-06 20:00:00,1569.0,1566.0162
2017-10-06 21:00:00,1515.0,1523.7961
2017-10-06 22:00:00,1438.0,1422.5385
2017-10-06 23:00:00,1348.0,1348.4197
2017-10-07 00:00:00,1268.0,1273.7148
2017-10-07 01:00:00,1225.0,1217.7892
2017-10-07 02:00:00,1167.0,1195.8347
2017-10-07 03:00:00,1161.0,1159.925
2017-10-07 04:00:00,1155.0,1162.1649
2017-10-07 05:00:00,1179.0,1187.3845
2017-10-07 06:00:00,1219.0,1218.2234
2017-10-07 07:00:00,1270.0,1263.4912
2017-10-07 08:00:00,1323.0,1345.0144
2017-10-07 09:00:00,1400.0,1375.669
2017-10-07 10:00:00,1466.0,1440.0774
2017-10-07 11:00:00,1502.0,1476.6907
2017-10-07 12:00:00,1538.0,1514.4446
2017-10-07 13:00:00,1619.0,1542.276
2017-10-07 14:00:00,1647.0,1627.5679
2017-10-07 15:00:00,1675.0,1657.807
2017-10-07 16:00:00,1726.0,1683.395
2017-10-07 17:00:00,1730.0,1737.486
2017-10-07 18:00:00,1681.0,1727.2014
2017-10-07 19:00:00,1691.0,1700.987
2017-10-07 20:00:00,1639.0,1679.677
2017-10-07 21:00:00,1566.0,1609.013
2017-10-07 22:00:00,1514.0,1473.9358
2017-10-07 23:00:00,1444.0,1402.291
2017-10-08 00:00:00,1363.0,1343.4102
2017-10-08 01:00:00,1312.0,1303.4615
2017-10-08 02:00:00,1267.0,1268.9105
2017-10-08 03:00:00,1227.0,1230.0696
2017-10-08 04:00:00,1223.0,1214.1781
2017-10-08 05:00:00,1249.0,1220.9594
2017-10-08 06:00:00,1264.0,1269.4744
2017-10-08 07:00:00,1315.0,1283.6061
2017-10-08 08:00:00,1353.0,1362.5327
2017-10-08 09:00:00,1416.0,1415.7726
2017-10-08 10:00:00,1476.0,1468.1006
2017-10-08 11:00:00,1510.0,1504.1843
2017-10-08 12:00:00,1563.0,1528.9822
2017-10-08 13:00:00,1588.0,1581.5972
2017-10-08 14:00:00,1587.0,1597.3586
2017-10-08 15:00:00,1570.0,1594.5353
2017-10-08 16:00:00,1578.0,1582.9073
2017-10-08 17:00:00,1592.0,1582.7744
2017-10-08 18:00:00,1598.0,1605.3768
2017-10-08 19:00:00,1631.0,1625.6783
2017-10-08 20:00:00,1611.0,1627.9296
2017-10-08 21:00:00,1514.0,1564.1826
2017-10-08 22:00:00,1452.0,1435.76
2017-10-08 23:00:00,1395.0,1359.997
2017-10-09 00:00:00,1327.0,1325.92
2017-10-09 01:00:00,1303.0,1289.8124
2017-10-09 02:00:00,1274.0,1286.6063
2017-10-09 03:00:00,1265.0,1270.4182
2017-10-09 04:00:00,1285.0,1285.5079
2017-10-09 05:00:00,1381.0,1358.2704
2017-10-09 06:00:00,1510.0,1511.387
2017-10-09 07:00:00,1576.0,1594.9984
2017-10-09 08:00:00,1630.0,1626.2185
2017-10-09 09:00:00,1695.0,1670.9916
2017-10-09 10:00:00,1751.0,1730.1433
2017-10-09 11:00:00,1778.0,1779.5111
2017-10-09 12:00:00,1793.0,1798.7449
2017-10-09 13:00:00,1809.0,1805.9468
2017-10-09 14:00:00,1806.0,1812.1361
2017-10-09 15:00:00,1819.0,1799.9414
2017-10-09 16:00:00,1815.0,1821.8853
2017-10-09 17:00:00,1833.0,1811.2968
2017-10-09 18:00:00,1835.0,1816.7859
2017-10-09 19:00:00,1857.0,1820.6487
2017-10-09 20:00:00,1816.0,1830.1913
2017-10-09 21:00:00,1723.0,1753.7839
2017-10-09 22:00:00,1594.0,1596.4615
2017-10-09 23:00:00,1474.0,1463.9701
2017-10-10 00:00:00,1381.0,1391.4019
2017-10-10 01:00:00,1327.0,1334.7069
2017-10-10 02:00:00,1287.0,1298.0233
2017-10-10 03:00:00,1263.0,1281.4114
2017-10-10 04:00:00,1284.0,1273.655
2017-10-10 05:00:00,1356.0,1353.4807
2017-10-10 06:00:00,1474.0,1499.2451
2017-10-10 07:00:00,1567.0,1575.1018
2017-10-10 08:00:00,1598.0,1622.1687
2017-10-10 09:00:00,1667.0,1661.754
2017-10-10 10:00:00,1708.0,1721.9514
2017-10-10 11:00:00,1780.0,1737.3281
2017-10-10 12:00:00,1838.0,1811.5114
2017-10-10 13:00:00,1892.0,1875.7661
2017-10-10 14:00:00,1926.0,1918.3495
2017-10-10 15:00:00,1960.0,1945.1332
2017-10-10 16:00:00,1968.0,1978.6884
2017-10-10 17:00:00,1909.0,1946.545
2017-10-10 18:00:00,1864.0,1871.2804
2017-10-10 19:00:00,1853.0,1841.042
2017-10-10 20:00:00,1801.0,1813.3132
2017-10-10 21:00:00,1694.0,1737.8429
2017-10-10 22:00:00,1580.0,1565.8921
2017-10-10 23:00:00,1448.0,1444.2928
2017-10-11 00:00:00,1360.0,1370.8322
2017-10-11 01:00:00,1301.0,1312.6771
2017-10-11 02:00:00,1247.0,1279.4675
2017-10-11 03:00:00,1233.0,1243.9805
2017-10-11 04:00:00,1245.0,1251.566
2017-10-11 05:00:00,1319.0,1317.03
2017-10-11 06:00:00,1442.0,1467.7946
2017-10-11 07:00:00,1552.0,1551.9667
2017-10-11 08:00:00,1578.0,1615.5444
2017-10-11 09:00:00,1615.0,1645.3705
2017-10-11 10:00:00,1647.0,1668.9572
2017-10-11 11:00:00,1685.0,1684.839
2017-10-11 12:00:00,1719.0,1711.608
2017-10-11 13:00:00,1750.0,1726.8712
2017-10-11 14:00:00,1759.0,1750.2701
2017-10-11 15:00:00,1827.0,1759.5646
2017-10-11 16:00:00,1844.0,1833.4779
2017-10-11 17:00:00,1822.0,1826.9536
2017-10-11 18:00:00,1827.0,1792.249
2017-10-11 19:00:00,1843.0,1804.2605
2017-10-11 20:00:00,1795.0,1797.0455
2017-10-11 21:00:00,1702.0,1719.3513
2017-10-11 22:00:00,1578.0,1575.1901
2017-10-11 23:00:00,1450.0,1453.8546
2017-10-12 00:00:00,1375.0,1380.2687
2017-10-12 01:00:00,1310.0,1322.7384
2017-10-12 02:00:00,1285.0,1288.3293
2017-10-12 03:00:00,1268.0,1269.7128
2017-10-12 04:00:00,1277.0,1281.6572
2017-10-12 05:00:00,1331.0,1349.1111
2017-10-12 06:00:00,1474.0,1466.0734
2017-10-12 07:00:00,1572.0,1573.5133
2017-10-12 08:00:00,1601.0,1623.3777
2017-10-12 09:00:00,1638.0,1645.0221
2017-10-12 10:00:00,1654.0,1684.0432
2017-10-12 11:00:00,1653.0,1679.8552
2017-10-12 12:00:00,1672.0,1669.06
2017-10-12 13:00:00,1662.0,1688.9968
2017-10-12 14:00:00,1664.0,1664.9633
2017-10-12 15:00:00,1664.0,1668.9229
2017-10-12 16:00:00,1656.0,1665.6875
2017-10-12 17:00:00,1623.0,1656.2076
2017-10-12 18:00:00,1594.0,1622.6935
2017-10-12 19:00:00,1613.0,1608.1862
2017-10-12 20:00:00,1578.0,1608.8729
2017-10-12 21:00:00,1502.0,1533.7233
2017-10-12 22:00:00,1392.0,1410.4155
2017-10-12 23:00:00,1306.0,1314.264
2017-10-13 00:00:00,1238.0,1247.5143
2017-10-13 01:00:00,1192.0,1202.4701
2017-10-13 02:00:00,1171.0,1176.3229
2017-10-13 03:00:00,1161.0,1175.5833
2017-10-13 04:00:00,1171.0,1181.0378
2017-10-13 05:00:00,1231.0,1242.0311
2017-10-13 06:00:00,1362.0,1339.2068
2017-10-13 07:00:00,1434.0,1457.0164
2017-10-13 08:00:00,1462.0,1509.1664
2017-10-13 09:00:00,1509.0,1524.5767
2017-10-13 10:00:00,1567.0,1542.321
2017-10-13 11:00:00,1582.0,1587.3558
2017-10-13 12:00:00,1603.0,1583.6421
2017-10-13 13:00:00,1621.0,1603.2094
2017-10-13 14:00:00,1634.0,1617.7565
2017-10-13 15:00:00,1650.0,1629.0172
2017-10-13 16:00:00,1637.0,1649.1403
2017-10-13 17:00:00,1627.0,1627.5146
2017-10-13 18:00:00,1594.0,1624.5939
2017-10-13 19:00:00,1590.0,1605.7837
2017-10-13 20:00:00,1534.0,1577.4846
2017-10-13 21:00:00,1476.0,1492.0704
2017-10-13 22:00:00,1391.0,1380.461
2017-10-13 23:00:00,1301.0,1316.9573
2017-10-14 00:00:00,1233.0,1230.6827
2017-10-14 01:00:00,1182.0,1190.619
2017-10-14 02:00:00,1146.0,1149.7844
2017-10-14 03:00:00,1125.0,1141.3685
2017-10-14 04:00:00,1132.0,1123.6877
2017-10-14 05:00:00,1155.0,1144.4478
2017-10-14 06:00:00,1194.0,1196.1953
2017-10-14 07:00:00,1224.0,1237.6328
2017-10-14 08:00:00,1253.0,1277.0255
2017-10-14 09:00:00,1332.0,1322.1415
2017-10-14 10:00:00,1401.0,1379.1592
2017-10-14 11:00:00,1441.0,1429.0834
2017-10-14 12:00:00,1493.0,1455.0895
2017-10-14 13:00:00,1514.0,1501.5942
2017-10-14 14:00:00,1541.0,1519.4095
2017-10-14 15:00:00,1568.0,1546.2247
2017-10-14 16:00:00,1594.0,1582.4486
2017-10-14 17:00:00,1590.0,1594.6327
2017-10-14 18:00:00,1566.0,1585.0109
2017-10-14 19:00:00,1580.0,1593.8844
2017-10-14 20:00:00,1546.0,1576.4935
2017-10-14 21:00:00,1485.0,1509.0562
2017-10-14 22:00:00,1413.0,1401.4113
2017-10-14 23:00:00,1333.0,1326.6683
2017-10-15 00:00:00,1252.0,1259.8329
2017-10-15 01:00:00,1211.0,1201.9861
2017-10-15 02:00:00,1172.0,1172.0612
2017-10-15 03:00:00,1158.0,1145.574
2017-10-15 04:00:00,1149.0,1144.0363
2017-10-15 05:00:00,1161.0,1165.5195
2017-10-15 06:00:00,1197.0,1186.6431
2017-10-15 07:00:00,1216.0,1228.7365
2017-10-15 08:00:00,1280.0,1267.9758
2017-10-15 09:00:00,1359.0,1328.0962
2017-10-15 10:00:00,1432.0,1394.9556
2017-10-15 11:00:00,1502.0,1467.9774
2017-10-15 12:00:00,1538.0,1547.1501
2017-10-15 13:00:00,1548.0,1563.8779
2017-10-15 14:00:00,1556.0,1563.9246
2017-10-15 15:00:00,1568.0,1559.1459
2017-10-15 16:00:00,1601.0,1579.1885
2017-10-15 17:00:00,1592.0,1614.2107
2017-10-15 18:00:00,1614.0,1598.136
2017-10-15 19:00:00,1564.0,1639.436
2017-10-15 20:00:00,1509.0,1569.0111
2017-10-15 21:00:00,1437.0,1481.6255
2017-10-15 22:00:00,1330.0,1363.0087
2017-10-15 23:00:00,1226.0,1271.8094
2017-10-16 00:00:00,1163.0,1190.2642
2017-10-16 01:00:00,1121.0,1146.4502
2017-10-16 02:00:00,1090.0,1125.6681
2017-10-16 03:00:00,1076.0,1126.8495
2017-10-16 04:00:00,1104.0,1139.0637
2017-10-16 05:00:00,1161.0,1183.7449
2017-10-16 06:00:00,1284.0,1247.519
2017-10-16 07:00:00,1367.0,1381.833
2017-10-16 08:00:00,1380.0,1463.03
2017-10-16 09:00:00,1421.0,1477.3108
2017-10-16 10:00:00,1454.0,1492.8114
2017-10-16 11:00:00,1457.0,1501.0555
2017-10-16 12:00:00,1469.0,1470.3656
2017-10-16 13:00:00,1470.0,1470.688
2017-10-16 14:00:00,1457.0,1475.9982
2017-10-16 15:00:00,1449.0,1463.1812
2017-10-16 16:00:00,1439.0,1450.0166
2017-10-16 17:00:00,1424.0,1441.1356
2017-10-16 18:00:00,1449.0,1438.4508
2017-10-16 19:00:00,1483.0,1478.8741
2017-10-16 20:00:00,1454.0,1489.5654
2017-10-16 21:00:00,1385.0,1458.5033
2017-10-16 22:00:00,1302.0,1308.4884
2017-10-16 23:00:00,1212.0,1304.8467
2017-10-17 00:00:00,1160.0,1176.4784
2017-10-17 01:00:00,1135.0,1144.4752
2017-10-17 02:00:00,1108.0,1128.303
2017-10-17 03:00:00,1104.0,1133.0013
2017-10-17 04:00:00,1130.0,1147.6688
2017-10-17 05:00:00,1201.0,1189.612
2017-10-17 06:00:00,1325.0,1320.3401
2017-10-17 07:00:00,1428.0,1427.3845
2017-10-17 08:00:00,1446.0,1510.0577
2017-10-17 09:00:00,1461.0,1512.1606
2017-10-17 10:00:00,1477.0,1500.9368
2017-10-17 11:00:00,1495.0,1489.0258
2017-10-17 12:00:00,1486.0,1506.9972
2017-10-17 13:00:00,1492.0,1497.2571
2017-10-17 14:00:00,1492.0,1499.548
2017-10-17 15:00:00,1489.0,1498.6676
2017-10-17 16:00:00,1479.0,1507.7472
2017-10-17 17:00:00,1471.0,1501.1875
2017-10-17 18:00:00,1478.0,1511.9298
2017-10-17 19:00:00,1510.0,1534.1564
2017-10-17 20:00:00,1496.0,1531.7827
2017-10-17 21:00:00,1447.0,1475.8324
2017-10-17 22:00:00,1345.0,1378.3958
2017-10-17 23:00:00,1256.0,1298.2858
2017-10-18 00:00:00,1205.0,1211.4368
2017-10-18 01:00:00,1177.0,1170.2367
2017-10-18 02:00:00,1148.0,1159.9282
2017-10-18 03:00:00,1140.0,1163.5557
2017-10-18 04:00:00,1168.0,1151.8192
2017-10-18 05:00:00,1246.0,1259.8909
2017-10-18 06:00:00,1364.0,1404.102
2017-10-18 07:00:00,1456.0,1476.5404
2017-10-18 08:00:00,1480.0,1530.3041
2017-10-18 09:00:00,1504.0,1536.8706
2017-10-18 10:00:00,1506.0,1545.0859
2017-10-18 11:00:00,1531.0,1521.2672
2017-10-18 12:00:00,1552.0,1535.0109
2017-10-18 13:00:00,1546.0,1559.0282
2017-10-18 14:00:00,1553.0,1546.6321
2017-10-18 15:00:00,1539.0,1548.2241
2017-10-18 16:00:00,1526.0,1552.7784
2017-10-18 17:00:00,1513.0,1542.3699
2017-10-18 18:00:00,1514.0,1551.8815
2017-10-18 19:00:00,1558.0,1568.2312
2017-10-18 20:00:00,1510.0,1569.4059
2017-10-18 21:00:00,1432.0,1476.8947
2017-10-18 22:00:00,1344.0,1357.1652
2017-10-18 23:00:00,1252.0,1300.3347
2017-10-19 00:00:00,1201.0,1200.7179
2017-10-19 01:00:00,1158.0,1165.7388
2017-10-19 02:00:00,1144.0,1148.7775
2017-10-19 03:00:00,1131.0,1156.8676
2017-10-19 04:00:00,1151.0,1148.2
2017-10-19 05:00:00,1226.0,1237.6382
2017-10-19 06:00:00,1341.0,1359.7249
2017-10-19 07:00:00,1421.0,1461.4307
2017-10-19 08:00:00,1446.0,1502.2502
2017-10-19 09:00:00,1478.0,1519.9583
2017-10-19 10:00:00,1505.0,1523.9609
2017-10-19 11:00:00,1535.0,1521.6675
2017-10-19 12:00:00,1536.0,1538.6483
2017-10-19 13:00:00,1568.0,1545.1632
2017-10-19 14:00:00,1551.0,1559.6874
2017-10-19 15:00:00,1537.0,1545.9102
2017-10-19 16:00:00,1536.0,1542.1925
2017-10-19 17:00:00,1525.0,1548.2279
2017-10-19 18:00:00,1531.0,1546.1125
2017-10-19 19:00:00,1533.0,1561.4211
2017-10-19 20:00:00,1502.0,1525.8923
2017-10-19 21:00:00,1426.0,1470.0802
2017-10-19 22:00:00,1361.0,1344.5276
2017-10-19 23:00:00,1271.0,1292.2511
2017-10-20 00:00:00,1204.0,1217.8918
2017-10-20 01:00:00,1177.0,1165.449
2017-10-20 02:00:00,1143.0,1155.4094
2017-10-20 03:00:00,1143.0,1138.9408
2017-10-20 04:00:00,1166.0,1146.1774
2017-10-20 05:00:00,1232.0,1229.3507
2017-10-20 06:00:00,1332.0,1381.4353
2017-10-20 07:00:00,1411.0,1455.6456
2017-10-20 08:00:00,1433.0,1499.8193
2017-10-20 09:00:00,1466.0,1517.0446
2017-10-20 10:00:00,1515.0,1518.4414
2017-10-20 11:00:00,1533.0,1532.4576
2017-10-20 12:00:00,1539.0,1523.4193
2017-10-20 13:00:00,1555.0,1533.7423
2017-10-20 14:00:00,1555.0,1542.9327
2017-10-20 15:00:00,1559.0,1541.5922
2017-10-20 16:00:00,1525.0,1549.9982
2017-10-20 17:00:00,1510.0,1527.3174
2017-10-20 18:00:00,1489.0,1529.7764
2017-10-20 19:00:00,1483.0,1530.9436
2017-10-20 20:00:00,1442.0,1493.7595
2017-10-20 21:00:00,1381.0,1450.8351
2017-10-20 22:00:00,1299.0,1306.3607
2017-10-20 23:00:00,1218.0,1304.3014
2017-10-21 00:00:00,1172.0,1167.2416
2017-10-21 01:00:00,1134.0,1142.2234
2017-10-21 02:00:00,1114.0,1118.541
2017-10-21 03:00:00,1098.0,1106.7584
2017-10-21 04:00:00,1114.0,1117.5518
2017-10-21 05:00:00,1134.0,1142.8936
2017-10-21 06:00:00,1176.0,1172.9498
2017-10-21 07:00:00,1205.0,1219.3298
2017-10-21 08:00:00,1255.0,1262.9519
2017-10-21 09:00:00,1302.0,1317.8605
2017-10-21 10:00:00,1324.0,1347.9033
2017-10-21 11:00:00,1359.0,1356.0708
2017-10-21 12:00:00,1382.0,1376.8077
2017-10-21 13:00:00,1389.0,1392.9448
2017-10-21 14:00:00,1380.0,1385.7098
2017-10-21 15:00:00,1378.0,1375.422
2017-10-21 16:00:00,1391.0,1374.9768
2017-10-21 17:00:00,1373.0,1393.0237
2017-10-21 18:00:00,1415.0,1387.9888
2017-10-21 19:00:00,1425.0,1467.6383
2017-10-21 20:00:00,1412.0,1438.4447
2017-10-21 21:00:00,1368.0,1416.7377
2017-10-21 22:00:00,1294.0,1310.1342
2017-10-21 23:00:00,1216.0,1267.9071
2017-10-22 00:00:00,1174.0,1162.5635
2017-10-22 01:00:00,1122.0,1139.8918
2017-10-22 02:00:00,1101.0,1112.7064
2017-10-22 03:00:00,1089.0,1100.2378
2017-10-22 04:00:00,1087.0,1099.46
2017-10-22 05:00:00,1108.0,1126.3219
2017-10-22 06:00:00,1121.0,1142.3115
2017-10-22 07:00:00,1145.0,1145.8425
2017-10-22 08:00:00,1177.0,1204.5682
2017-10-22 09:00:00,1224.0,1238.5334
2017-10-22 10:00:00,1270.0,1268.6779
2017-10-22 11:00:00,1311.0,1317.1366
2017-10-22 12:00:00,1341.0,1333.3798
2017-10-22 13:00:00,1369.0,1348.4132
2017-10-22 14:00:00,1385.0,1372.726
2017-10-22 15:00:00,1397.0,1377.3174
2017-10-22 16:00:00,1417.0,1400.1342
2017-10-22 17:00:00,1408.0,1435.4911
2017-10-22 18:00:00,1449.0,1433.2339
2017-10-22 19:00:00,1471.0,1499.6631
2017-10-22 20:00:00,1442.0,1477.584
2017-10-22 21:00:00,1375.0,1431.4402
2017-10-22 22:00:00,1287.0,1304.8914
2017-10-22 23:00:00,1214.0,1252.361
2017-10-23 00:00:00,1151.0,1166.807
2017-10-23 01:00:00,1111.0,1131.318
2017-10-23 02:00:00,1099.0,1117.0627
2017-10-23 03:00:00,1090.0,1112.9196
2017-10-23 04:00:00,1114.0,1142.9692
2017-10-23 05:00:00,1188.0,1214.2478
2017-10-23 06:00:00,1317.0,1328.5458
2017-10-23 07:00:00,1396.0,1447.7107
2017-10-23 08:00:00,1440.0,1507.9634
2017-10-23 09:00:00,1484.0,1533.4495
2017-10-23 10:00:00,1506.0,1542.935
2017-10-23 11:00:00,1527.0,1530.6218
2017-10-23 12:00:00,1548.0,1531.0255
2017-10-23 13:00:00,1557.0,1555.6157
2017-10-23 14:00:00,1545.0,1563.5004
2017-10-23 15:00:00,1530.0,1552.6625
2017-10-23 16:00:00,1531.0,1548.3229
2017-10-23 17:00:00,1520.0,1558.795
2017-10-23 18:00:00,1545.0,1548.3993
2017-10-23 19:00:00,1521.0,1599.3676
2017-10-23 20:00:00,1475.0,1536.9929
2017-10-23 21:00:00,1404.0,1464.769
2017-10-23 22:00:00,1316.0,1329.9901
2017-10-23 23:00:00,1229.0,1304.4628
2017-10-24 00:00:00,1154.0,1180.9574
2017-10-24 01:00:00,1121.0,1142.2737
2017-10-24 02:00:00,1109.0,1126.0787
2017-10-24 03:00:00,1102.0,1126.1904
2017-10-24 04:00:00,1105.0,1152.6619
2017-10-24 05:00:00,1187.0,1205.4664
2017-10-24 06:00:00,1301.0,1313.0126
2017-10-24 07:00:00,1413.0,1427.3514
2017-10-24 08:00:00,1422.0,1507.9034
2017-10-24 09:00:00,1448.0,1516.3829
2017-10-24 10:00:00,1458.0,1503.9535
2017-10-24 11:00:00,1458.0,1477.905
2017-10-24 12:00:00,1475.0,1462.9624
2017-10-24 13:00:00,1467.0,1473.6455
2017-10-24 14:00:00,1461.0,1471.6915
2017-10-24 15:00:00,1448.0,1466.7585
2017-10-24 16:00:00,1431.0,1460.7074
2017-10-24 17:00:00,1433.0,1452.3438
2017-10-24 18:00:00,1477.0,1469.6096
2017-10-24 19:00:00,1471.0,1526.0762
2017-10-24 20:00:00,1448.0,1493.2426
2017-10-24 21:00:00,1385.0,1460.4701
2017-10-24 22:00:00,1308.0,1307.7189
2017-10-24 23:00:00,1229.0,1305.5015
2017-10-25 00:00:00,1173.0,1182.8547
2017-10-25 01:00:00,1142.0,1152.9277
2017-10-25 02:00:00,1130.0,1132.542
2017-10-25 03:00:00,1125.0,1130.7153
2017-10-25 04:00:00,1160.0,1147.7568
2017-10-25 05:00:00,1235.0,1244.0958
2017-10-25 06:00:00,1340.0,1385.0615
2017-10-25 07:00:00,1451.0,1472.8115
2017-10-25 08:00:00,1479.0,1531.6132
2017-10-25 09:00:00,1505.0,1540.9155
2017-10-25 10:00:00,1522.0,1547.2916
2017-10-25 11:00:00,1523.0,1533.05
2017-10-25 12:00:00,1509.0,1529.414
2017-10-25 13:00:00,1519.0,1516.4641
2017-10-25 14:00:00,1499.0,1524.4923
2017-10-25 15:00:00,1495.0,1514.0914
2017-10-25 16:00:00,1493.0,1525.8464
2017-10-25 17:00:00,1501.0,1530.6133
2017-10-25 18:00:00,1536.0,1551.3204
2017-10-25 19:00:00,1562.0,1591.5315
2017-10-25 20:00:00,1551.0,1575.038
2017-10-25 21:00:00,1485.0,1513.6199
2017-10-25 22:00:00,1406.0,1392.3906
2017-10-25 23:00:00,1288.0,1322.8961
2017-10-26 00:00:00,1249.0,1229.4581
2017-10-26 01:00:00,1221.0,1205.1234
2017-10-26 02:00:00,1200.0,1197.9484
2017-10-26 03:00:00,1198.0,1195.1627
2017-10-26 04:00:00,1217.0,1217.9055
2017-10-26 05:00:00,1289.0,1289.748
2017-10-26 06:00:00,1413.0,1429.6039
2017-10-26 07:00:00,1511.0,1509.7756
2017-10-26 08:00:00,1519.0,1563.1309
2017-10-26 09:00:00,1528.0,1566.0
2017-10-26 10:00:00,1560.0,1547.9648
2017-10-26 11:00:00,1535.0,1576.0332
2017-10-26 12:00:00,1518.0,1538.2432
2017-10-26 13:00:00,1504.0,1520.4371
2017-10-26 14:00:00,1472.0,1510.8203
2017-10-26 15:00:00,1459.0,1478.8801
2017-10-26 16:00:00,1444.0,1483.4481
2017-10-26 17:00:00,1462.0,1466.5084
2017-10-26 18:00:00,1505.0,1500.1632
2017-10-26 19:00:00,1541.0,1555.2725
2017-10-26 20:00:00,1520.0,1546.3771
2017-10-26 21:00:00,1456.0,1488.6348
2017-10-26 22:00:00,1375.0,1382.8994
2017-10-26 23:00:00,1312.0,1311.4933
2017-10-27 00:00:00,1256.0,1249.189
2017-10-27 01:00:00,1231.0,1220.9585
2017-10-27 02:00:00,1225.0,1219.6272
2017-10-27 03:00:00,1208.0,1225.6091
2017-10-27 04:00:00,1243.0,1246.0354
2017-10-27 05:00:00,1322.0,1316.8025
2017-10-27 06:00:00,1435.0,1461.7618
2017-10-27 07:00:00,1515.0,1534.1798
2017-10-27 08:00:00,1540.0,1566.5945
2017-10-27 09:00:00,1534.0,1580.7034
2017-10-27 10:00:00,1542.0,1550.5116
2017-10-27 11:00:00,1524.0,1548.4343
2017-10-27 12:00:00,1515.0,1521.5165
2017-10-27 13:00:00,1496.0,1517.9883
2017-10-27 14:00:00,1490.0,1505.6703
2017-10-27 15:00:00,1493.0,1497.467
2017-10-27 16:00:00,1474.0,1519.6106
2017-10-27 17:00:00,1456.0,1507.8726
2017-10-27 18:00:00,1459.0,1511.0869
2017-10-27 19:00:00,1473.0,1511.05
2017-10-27 20:00:00,1427.0,1483.7866
2017-10-27 21:00:00,1375.0,1440.3859
2017-10-27 22:00:00,1311.0,1309.6719
2017-10-27 23:00:00,1233.0,1317.2036
2017-10-28 00:00:00,1177.0,1184.0997
2017-10-28 01:00:00,1157.0,1154.6208
2017-10-28 02:00:00,1132.0,1141.8141
2017-10-28 03:00:00,1099.0,1119.2839
2017-10-28 04:00:00,1122.0,1122.2164
2017-10-28 05:00:00,1137.0,1156.6823
2017-10-28 06:00:00,1187.0,1173.8158
2017-10-28 07:00:00,1232.0,1240.8792
2017-10-28 08:00:00,1282.0,1292.438
2017-10-28 09:00:00,1336.0,1342.201
2017-10-28 10:00:00,1383.0,1370.6772
2017-10-28 11:00:00,1367.0,1405.6558
2017-10-28 12:00:00,1381.0,1381.2565
2017-10-28 13:00:00,1380.0,1379.7689
2017-10-28 14:00:00,1370.0,1380.4103
2017-10-28 15:00:00,1363.0,1371.9196
2017-10-28 16:00:00,1393.0,1369.0746
2017-10-28 17:00:00,1402.0,1413.576
2017-10-28 18:00:00,1448.0,1436.9664
2017-10-28 19:00:00,1434.0,1507.0408
2017-10-28 20:00:00,1429.0,1453.1484
2017-10-28 21:00:00,1395.0,1431.8953
2017-10-28 22:00:00,1329.0,1336.6792
2017-10-28 23:00:00,1277.0,1267.5757
2017-10-29 00:00:00,1225.0,1204.0575
2017-10-29 01:00:00,1201.0,1181.1572
2017-10-29 02:00:00,1181.0,1171.504
2017-10-29 03:00:00,1168.0,1157.3141
2017-10-29 04:00:00,1162.0,1168.1366
2017-10-29 05:00:00,1187.0,1181.228
2017-10-29 06:00:00,1210.0,1223.4379
2017-10-29 07:00:00,1255.0,1244.8573
2017-10-29 08:00:00,1301.0,1305.61
2017-10-29 09:00:00,1349.0,1330.3602
2017-10-29 10:00:00,1383.0,1376.9122
2017-10-29 11:00:00,1405.0,1396.0245
2017-10-29 12:00:00,1416.0,1405.8746
2017-10-29 13:00:00,1428.0,1419.8328
2017-10-29 14:00:00,1424.0,1431.5314
2017-10-29 15:00:00,1436.0,1424.498
2017-10-29 16:00:00,1473.0,1448.269
2017-10-29 17:00:00,1483.0,1492.4701
2017-10-29 18:00:00,1507.0,1516.704
2017-10-29 19:00:00,1522.0,1561.5743
2017-10-29 20:00:00,1491.0,1522.7064
2017-10-29 21:00:00,1443.0,1473.0208
2017-10-29 22:00:00,1395.0,1378.182
2017-10-29 23:00:00,1331.0,1316.1534
2017-10-30 00:00:00,1267.0,1265.4408
2017-10-30 01:00:00,1236.0,1233.4648
2017-10-30 02:00:00,1222.0,1220.3605
2017-10-30 03:00:00,1217.0,1210.9274
2017-10-30 04:00:00,1247.0,1243.3286
2017-10-30 05:00:00,1316.0,1322.705
2017-10-30 06:00:00,1411.0,1467.1566
2017-10-30 07:00:00,1493.0,1521.2483
2017-10-30 08:00:00,1514.0,1573.7124
2017-10-30 09:00:00,1525.0,1582.9447
2017-10-30 10:00:00,1537.0,1556.0966
2017-10-30 11:00:00,1522.0,1559.2416
2017-10-30 12:00:00,1524.0,1533.8066
2017-10-30 13:00:00,1530.0,1533.4816
2017-10-30 14:00:00,1525.0,1533.1155
2017-10-30 15:00:00,1520.0,1531.8726
2017-10-30 16:00:00,1537.0,1543.6774
2017-10-30 17:00:00,1557.0,1573.619
2017-10-30 18:00:00,1601.0,1584.4296
2017-10-30 19:00:00,1606.0,1621.1301
2017-10-30 20:00:00,1571.0,1603.474
2017-10-30 21:00:00,1517.0,1530.458
2017-10-30 22:00:00,1436.0,1424.6772
2017-10-30 23:00:00,1345.0,1346.2378
2017-10-31 00:00:00,1297.0,1283.9485
2017-10-31 01:00:00,1258.0,1260.0082
2017-10-31 02:00:00,1256.0,1246.9814
2017-10-31 03:00:00,1259.0,1259.3433
2017-10-31 04:00:00,1284.0,1294.2322
2017-10-31 05:00:00,1349.0,1368.1185
2017-10-31 06:00:00,1474.0,1498.9349
2017-10-31 07:00:00,1567.0,1570.1598
2017-10-31 08:00:00,1581.0,1607.0452
2017-10-31 09:00:00,1595.0,1610.0865
2017-10-31 10:00:00,1592.0,1622.2136
2017-10-31 11:00:00,1605.0,1599.4927
2017-10-31 12:00:00,1599.0,1607.6403
2017-10-31 13:00:00,1587.0,1596.6204
2017-10-31 14:00:00,1554.0,1579.3778
2017-10-31 15:00:00,1500.0,1552.1681
2017-10-31 16:00:00,1494.0,1512.4149
2017-10-31 17:00:00,1475.0,1513.2427
2017-10-31 18:00:00,1513.0,1507.882
2017-10-31 19:00:00,1536.0,1563.7582
2017-10-31 20:00:00,1528.0,1550.8676
2017-10-31 21:00:00,1490.0,1497.0593
2017-10-31 22:00:00,1394.0,1416.5339
2017-10-31 23:00:00,1321.0,1318.3114
2017-11-01 00:00:00,1276.0,1255.5079
2017-11-01 01:00:00,1242.0,1242.0345
2017-11-01 02:00:00,1234.0,1234.1882
2017-11-01 03:00:00,1224.0,1231.3345
2017-11-01 04:00:00,1250.0,1248.4641
2017-11-01 05:00:00,1332.0,1325.3413
2017-11-01 06:00:00,1438.0,1473.5251
2017-11-01 07:00:00,1542.0,1521.1538
2017-11-01 08:00:00,1570.0,1581.5623
2017-11-01 09:00:00,1574.0,1590.7694
2017-11-01 10:00:00,1586.0,1585.9865
2017-11-01 11:00:00,1605.0,1585.4155
2017-11-01 12:00:00,1588.0,1599.7018
2017-11-01 13:00:00,1598.0,1578.6082
2017-11-01 14:00:00,1568.0,1587.3845
2017-11-01 15:00:00,1550.0,1556.2386
2017-11-01 16:00:00,1560.0,1561.002
2017-11-01 17:00:00,1580.0,1598.0306
2017-11-01 18:00:00,1598.0,1599.7285
2017-11-01 19:00:00,1583.0,1594.5072
2017-11-01 20:00:00,1543.0,1572.3619
2017-11-01 21:00:00,1482.0,1505.7224
2017-11-01 22:00:00,1390.0,1391.9766
2017-11-01 23:00:00,1299.0,1317.0996
2017-11-02 00:00:00,1234.0,1242.673
2017-11-02 01:00:00,1197.0,1202.6184
2017-11-02 02:00:00,1172.0,1185.771
2017-11-02 03:00:00,1165.0,1178.9546
2017-11-02 04:00:00,1180.0,1187.3916
2017-11-02 05:00:00,1250.0,1248.0983
2017-11-02 06:00:00,1377.0,1384.0938
2017-11-02 07:00:00,1476.0,1477.0431
2017-11-02 08:00:00,1473.0,1526.7513
2017-11-02 09:00:00,1495.0,1520.2792
2017-11-02 10:00:00,1516.0,1524.7594
2017-11-02 11:00:00,1526.0,1515.294
2017-11-02 12:00:00,1512.0,1514.6754
2017-11-02 13:00:00,1506.0,1505.0803
2017-11-02 14:00:00,1495.0,1498.9264
2017-11-02 15:00:00,1490.0,1495.2836
2017-11-02 16:00:00,1475.0,1520.1692
2017-11-02 17:00:00,1498.0,1536.9247
2017-11-02 18:00:00,1547.0,1546.2028
2017-11-02 19:00:00,1549.0,1565.5532
2017-11-02 20:00:00,1503.0,1541.3579
2017-11-02 21:00:00,1439.0,1477.7695
2017-11-02 22:00:00,1368.0,1367.3734
2017-11-02 23:00:00,1275.0,1297.611
2017-11-03 00:00:00,1201.0,1229.4076
2017-11-03 01:00:00,1186.0,1175.368
2017-11-03 02:00:00,1154.0,1175.5175
2017-11-03 03:00:00,1129.0,1163.7332
2017-11-03 04:00:00,1171.0,1158.6228
2017-11-03 05:00:00,1256.0,1245.3489
2017-11-03 06:00:00,1374.0,1399.3656
2017-11-03 07:00:00,1467.0,1473.8497
2017-11-03 08:00:00,1513.0,1525.8765
2017-11-03 09:00:00,1533.0,1565.7389
2017-11-03 10:00:00,1556.0,1555.3983
2017-11-03 11:00:00,1552.0,1560.202
2017-11-03 12:00:00,1533.0,1539.1
2017-11-03 13:00:00,1524.0,1516.7454
2017-11-03 14:00:00,1503.0,1511.4498
2017-11-03 15:00:00,1473.0,1506.3147
2017-11-03 16:00:00,1463.0,1501.2823
2017-11-03 17:00:00,1438.0,1537.524
2017-11-03 18:00:00,1460.0,1489.3506
2017-11-03 19:00:00,1481.0,1477.0999
2017-11-03 20:00:00,1454.0,1487.7579
2017-11-03 21:00:00,1404.0,1466.4822
2017-11-03 22:00:00,1345.0,1326.9419
2017-11-03 23:00:00,1284.0,1301.5681
2017-11-04 00:00:00,1233.0,1214.58
2017-11-04 01:00:00,1198.0,1191.8425
2017-11-04 02:00:00,1188.0,1175.0798
2017-11-04 03:00:00,1184.0,1172.4053
2017-11-04 04:00:00,1186.0,1190.7153
2017-11-04 05:00:00,1217.0,1221.8785
2017-11-04 06:00:00,1270.0,1264.1512
2017-11-04 07:00:00,1326.0,1317.3822
2017-11-04 08:00:00,1357.0,1368.1622
2017-11-04 09:00:00,1387.0,1394.7
2017-11-04 10:00:00,1385.0,1411.4664
2017-11-04 11:00:00,1384.0,1388.9889
2017-11-04 12:00:00,1372.0,1379.1191
2017-11-04 13:00:00,1370.0,1367.1472
2017-11-04 14:00:00,1367.0,1367.8442
2017-11-04 15:00:00,1344.0,1367.6163
2017-11-04 16:00:00,1354.0,1356.1577
2017-11-04 17:00:00,1378.0,1404.4016
2017-11-04 18:00:00,1415.0,1418.1818
2017-11-04 19:00:00,1408.0,1455.9355
2017-11-04 20:00:00,1395.0,1432.3018
2017-11-04 21:00:00,1356.0,1412.9386
2017-11-04 22:00:00,1288.0,1301.8213
2017-11-04 23:00:00,1213.0,1284.5925
2017-11-05 00:00:00,1163.0,1171.3864
2017-11-05 01:00:00,1105.0,1145.3951
2017-11-05 02:00:00,1131.0,1115.8204
2017-11-05 02:00:00,1083.0,1119.6693
2017-11-05 03:00:00,1083.0,1111.1198
2017-11-05 04:00:00,1084.0,1117.9869
2017-11-05 05:00:00,1107.0,1141.0062
2017-11-05 06:00:00,1148.0,1157.6731
2017-11-05 07:00:00,1173.0,1183.9247
2017-11-05 08:00:00,1232.0,1229.1848
2017-11-05 09:00:00,1283.0,1292.465
2017-11-05 10:00:00,1335.0,1318.3618
2017-11-05 11:00:00,1349.0,1347.9569
2017-11-05 12:00:00,1332.0,1361.9204
2017-11-05 13:00:00,1333.0,1339.616
2017-11-05 14:00:00,1330.0,1339.0706
2017-11-05 15:00:00,1354.0,1339.7916
2017-11-05 16:00:00,1377.0,1366.8118
2017-11-05 17:00:00,1447.0,1422.4999
2017-11-05 18:00:00,1456.0,1491.6415
2017-11-05 19:00:00,1432.0,1480.3884
2017-11-05 20:00:00,1390.0,1450.441
2017-11-05 21:00:00,1331.0,1394.3722
2017-11-05 22:00:00,1255.0,1278.79
2017-11-05 23:00:00,1192.0,1256.7065
2017-11-06 00:00:00,1137.0,1184.4717
2017-11-06 01:00:00,1111.0,1121.1567
2017-11-06 02:00:00,1094.0,1127.2158
2017-11-06 03:00:00,1097.0,1133.5027
2017-11-06 04:00:00,1145.0,1160.3718
2017-11-06 05:00:00,1225.0,1244.2975
2017-11-06 06:00:00,1344.0,1369.4684
2017-11-06 07:00:00,1415.0,1452.7882
2017-11-06 08:00:00,1442.0,1504.4595
2017-11-06 09:00:00,1470.0,1512.7432
2017-11-06 10:00:00,1503.0,1514.7183
2017-11-06 11:00:00,1505.0,1520.6971
2017-11-06 12:00:00,1506.0,1506.0536
2017-11-06 13:00:00,1515.0,1499.9658
2017-11-06 14:00:00,1504.0,1510.9049
2017-11-06 15:00:00,1461.0,1509.1138
2017-11-06 16:00:00,1485.0,1498.99
2017-11-06 17:00:00,1551.0,1546.0917
2017-11-06 18:00:00,1559.0,1578.0753
2017-11-06 19:00:00,1545.0,1560.4541
2017-11-06 20:00:00,1508.0,1544.4554
2017-11-06 21:00:00,1435.0,1485.8005
2017-11-06 22:00:00,1368.0,1349.1963
2017-11-06 23:00:00,1287.0,1285.6318
2017-11-07 00:00:00,1236.0,1230.8574
2017-11-07 01:00:00,1210.0,1194.1807
2017-11-07 02:00:00,1188.0,1188.309
2017-11-07 03:00:00,1195.0,1188.904
2017-11-07 04:00:00,1214.0,1212.4534
2017-11-07 05:00:00,1278.0,1287.9099
2017-11-07 06:00:00,1418.0,1417.0723
2017-11-07 07:00:00,1502.0,1498.1035
2017-11-07 08:00:00,1540.0,1548.5057
2017-11-07 09:00:00,1574.0,1583.9437
2017-11-07 10:00:00,1587.0,1598.3339
2017-11-07 11:00:00,1604.0,1596.7773
2017-11-07 12:00:00,1606.0,1601.983
2017-11-07 13:00:00,1608.0,1607.734
2017-11-07 14:00:00,1601.0,1605.7345
2017-11-07 15:00:00,1583.0,1597.371
2017-11-07 16:00:00,1609.0,1592.993
2017-11-07 17:00:00,1675.0,1655.1372
2017-11-07 18:00:00,1666.0,1691.0112
2017-11-07 19:00:00,1632.0,1649.4095
2017-11-07 20:00:00,1578.0,1610.2046
2017-11-07 21:00:00,1525.0,1526.3878
2017-11-07 22:00:00,1436.0,1435.9639
2017-11-07 23:00:00,1362.0,1341.2339
2017-11-08 00:00:00,1299.0,1296.3834
2017-11-08 01:00:00,1280.0,1260.9945
2017-11-08 02:00:00,1261.0,1260.8718
2017-11-08 03:00:00,1265.0,1268.3894
2017-11-08 04:00:00,1284.0,1296.8778
2017-11-08 05:00:00,1382.0,1364.778
2017-11-08 06:00:00,1514.0,1517.3801
2017-11-08 07:00:00,1579.0,1593.4015
2017-11-08 08:00:00,1599.0,1617.5388
2017-11-08 09:00:00,1586.0,1628.2502
2017-11-08 10:00:00,1587.0,1604.1332
2017-11-08 11:00:00,1580.0,1593.7823
2017-11-08 12:00:00,1558.0,1575.7655
2017-11-08 13:00:00,1543.0,1556.4017
2017-11-08 14:00:00,1523.0,1534.5956
2017-11-08 15:00:00,1510.0,1523.1597
2017-11-08 16:00:00,1514.0,1531.9342
2017-11-08 17:00:00,1605.0,1581.7554
2017-11-08 18:00:00,1624.0,1615.6663
2017-11-08 19:00:00,1601.0,1614.7976
2017-11-08 20:00:00,1581.0,1582.7683
2017-11-08 21:00:00,1523.0,1544.5631
2017-11-08 22:00:00,1438.0,1434.5592
2017-11-08 23:00:00,1359.0,1356.3367
2017-11-09 00:00:00,1314.0,1293.1942
2017-11-09 01:00:00,1283.0,1274.7612
2017-11-09 02:00:00,1270.0,1269.0018
2017-11-09 03:00:00,1283.0,1273.9493
2017-11-09 04:00:00,1312.0,1305.759
2017-11-09 05:00:00,1397.0,1393.0177
2017-11-09 06:00:00,1515.0,1534.0157
2017-11-09 07:00:00,1575.0,1581.1501
2017-11-09 08:00:00,1602.0,1597.3885
2017-11-09 09:00:00,1582.0,1624.1981
2017-11-09 10:00:00,1585.0,1597.0664
2017-11-09 11:00:00,1553.0,1585.099
2017-11-09 12:00:00,1551.0,1546.3596
2017-11-09 13:00:00,1566.0,1538.1405
2017-11-09 14:00:00,1526.0,1552.173
2017-11-09 15:00:00,1521.0,1519.0502
2017-11-09 16:00:00,1545.0,1540.1074
2017-11-09 17:00:00,1608.0,1609.4391
2017-11-09 18:00:00,1618.0,1615.9124
2017-11-09 19:00:00,1610.0,1603.177
2017-11-09 20:00:00,1578.0,1590.0765
2017-11-09 21:00:00,1507.0,1539.8644
2017-11-09 22:00:00,1425.0,1422.0647
2017-11-09 23:00:00,1357.0,1351.4442
2017-11-10 00:00:00,1284.0,1286.5674
2017-11-10 01:00:00,1274.0,1246.1185
2017-11-10 02:00:00,1279.0,1256.5392
2017-11-10 03:00:00,1281.0,1278.5911
2017-11-10 04:00:00,1317.0,1315.3439
2017-11-10 05:00:00,1392.0,1405.1942
2017-11-10 06:00:00,1513.0,1519.7722
2017-11-10 07:00:00,1599.0,1575.9496
2017-11-10 08:00:00,1642.0,1620.556
2017-11-10 09:00:00,1650.0,1657.7157
2017-11-10 10:00:00,1656.0,1659.0151
2017-11-10 11:00:00,1680.0,1648.7096
2017-11-10 12:00:00,1679.0,1674.298
2017-11-10 13:00:00,1673.0,1671.5182
2017-11-10 14:00:00,1666.0,1661.6904
2017-11-10 15:00:00,1652.0,1653.6182
2017-11-10 16:00:00,1641.0,1650.3201
2017-11-10 17:00:00,1725.0,1668.8743
2017-11-10 18:00:00,1730.0,1724.5367
2017-11-10 19:00:00,1709.0,1712.3475
2017-11-10 20:00:00,1680.0,1673.1246
2017-11-10 21:00:00,1648.0,1636.9406
2017-11-10 22:00:00,1584.0,1560.3411
2017-11-10 23:00:00,1510.0,1492.8168
2017-11-11 00:00:00,1473.0,1431.1521
2017-11-11 01:00:00,1443.0,1415.5757
2017-11-11 02:00:00,1424.0,1421.6117
2017-11-11 03:00:00,1413.0,1418.9349
2017-11-11 04:00:00,1429.0,1426.1382
2017-11-11 05:00:00,1462.0,1455.5392
2017-11-11 06:00:00,1515.0,1506.5332
2017-11-11 07:00:00,1548.0,1555.7704
2017-11-11 08:00:00,1544.0,1579.0464
2017-11-11 09:00:00,1575.0,1563.7761
2017-11-11 10:00:00,1579.0,1577.548
2017-11-11 11:00:00,1557.0,1583.1553
2017-11-11 12:00:00,1523.0,1552.5978
2017-11-11 13:00:00,1512.0,1511.2255
2017-11-11 14:00:00,1498.0,1501.873
2017-11-11 15:00:00,1481.0,1498.211
2017-11-11 16:00:00,1510.0,1512.6945
2017-11-11 17:00:00,1608.0,1610.1505
2017-11-11 18:00:00,1604.0,1625.4727
2017-11-11 19:00:00,1595.0,1594.5259
2017-11-11 20:00:00,1590.0,1578.9681
2017-11-11 21:00:00,1542.0,1557.0594
2017-11-11 22:00:00,1485.0,1469.1974
2017-11-11 23:00:00,1418.0,1402.925
2017-11-12 00:00:00,1385.0,1329.9246
2017-11-12 01:00:00,1352.0,1339.3932
2017-11-12 02:00:00,1314.0,1336.7383
2017-11-12 03:00:00,1307.0,1297.9712
2017-11-12 04:00:00,1310.0,1305.7048
2017-11-12 05:00:00,1335.0,1323.2444
2017-11-12 06:00:00,1387.0,1355.4277
2017-11-12 07:00:00,1403.0,1418.1132
2017-11-12 08:00:00,1432.0,1421.9349
2017-11-12 09:00:00,1457.0,1459.344
2017-11-12 10:00:00,1461.0,1472.4476
2017-11-12 11:00:00,1464.0,1459.8
2017-11-12 12:00:00,1456.0,1457.7311
2017-11-12 13:00:00,1456.0,1451.9132
2017-11-12 14:00:00,1442.0,1451.7601
2017-11-12 15:00:00,1443.0,1443.1128
2017-11-12 16:00:00,1481.0,1463.7461
2017-11-12 17:00:00,1562.0,1558.6157
2017-11-12 18:00:00,1575.0,1577.4208
2017-11-12 19:00:00,1561.0,1562.2532
2017-11-12 20:00:00,1535.0,1544.2548
2017-11-12 21:00:00,1490.0,1499.6198
2017-11-12 22:00:00,1395.0,1415.7336
2017-11-12 23:00:00,1340.0,1302.4126
2017-11-13 00:00:00,1286.0,1272.8661
2017-11-13 01:00:00,1261.0,1256.9409
2017-11-13 02:00:00,1263.0,1253.129
2017-11-13 03:00:00,1271.0,1268.8733
2017-11-13 04:00:00,1282.0,1302.5859
2017-11-13 05:00:00,1365.0,1363.2896
2017-11-13 06:00:00,1486.0,1496.8491
2017-11-13 07:00:00,1556.0,1568.7964
2017-11-13 08:00:00,1592.0,1607.8744
2017-11-13 09:00:00,1606.0,1634.9015
2017-11-13 10:00:00,1622.0,1630.9602
2017-11-13 11:00:00,1619.0,1634.3593
2017-11-13 12:00:00,1605.0,1620.5485
2017-11-13 13:00:00,1596.0,1607.5677
2017-11-13 14:00:00,1594.0,1592.9832
2017-11-13 15:00:00,1587.0,1595.5793
2017-11-13 16:00:00,1624.0,1600.8624
2017-11-13 17:00:00,1670.0,1671.0238
2017-11-13 18:00:00,1671.0,1680.2318
2017-11-13 19:00:00,1627.0,1656.4795
2017-11-13 20:00:00,1591.0,1608.5037
2017-11-13 21:00:00,1534.0,1552.6
2017-11-13 22:00:00,1437.0,1450.0385
2017-11-13 23:00:00,1356.0,1349.2421
2017-11-14 00:00:00,1292.0,1292.3607
2017-11-14 01:00:00,1266.0,1255.3334
2017-11-14 02:00:00,1259.0,1254.9957
2017-11-14 03:00:00,1281.0,1267.4667
2017-11-14 04:00:00,1291.0,1314.6742
2017-11-14 05:00:00,1370.0,1377.5067
2017-11-14 06:00:00,1493.0,1516.6124
2017-11-14 07:00:00,1560.0,1582.1691
2017-11-14 08:00:00,1581.0,1600.3405
2017-11-14 09:00:00,1585.0,1613.6506
2017-11-14 10:00:00,1602.0,1607.2972
2017-11-14 11:00:00,1592.0,1609.9299
2017-11-14 12:00:00,1578.0,1588.5039
2017-11-14 13:00:00,1583.0,1573.2896
2017-11-14 14:00:00,1580.0,1578.1038
2017-11-14 15:00:00,1577.0,1578.665
2017-11-14 16:00:00,1599.0,1592.1682
2017-11-14 17:00:00,1673.0,1645.4952
2017-11-14 18:00:00,1680.0,1684.7145
2017-11-14 19:00:00,1662.0,1660.068
2017-11-14 20:00:00,1626.0,1638.8677
2017-11-14 21:00:00,1573.0,1576.8833
2017-11-14 22:00:00,1485.0,1477.1454
2017-11-14 23:00:00,1401.0,1382.9381
2017-11-15 00:00:00,1371.0,1335.4622
2017-11-15 01:00:00,1349.0,1329.1727
2017-11-15 02:00:00,1321.0,1345.6456
2017-11-15 03:00:00,1333.0,1331.203
2017-11-15 04:00:00,1362.0,1354.2418
2017-11-15 05:00:00,1443.0,1450.0043
2017-11-15 06:00:00,1579.0,1581.2291
2017-11-15 07:00:00,1623.0,1648.184
2017-11-15 08:00:00,1626.0,1646.1206
2017-11-15 09:00:00,1623.0,1637.9124
2017-11-15 10:00:00,1635.0,1636.1436
2017-11-15 11:00:00,1633.0,1639.9208
2017-11-15 12:00:00,1622.0,1631.7302
2017-11-15 13:00:00,1613.0,1622.6285
2017-11-15 14:00:00,1595.0,1606.1354
2017-11-15 15:00:00,1596.0,1591.2203
2017-11-15 16:00:00,1627.0,1610.7429
2017-11-15 17:00:00,1682.0,1684.6888
2017-11-15 18:00:00,1656.0,1704.0488
2017-11-15 19:00:00,1636.0,1648.9252
2017-11-15 20:00:00,1608.0,1619.5162
2017-11-15 21:00:00,1538.0,1577.6316
2017-11-15 22:00:00,1457.0,1464.1191
2017-11-15 23:00:00,1377.0,1377.0626
2017-11-16 00:00:00,1311.0,1318.3416
2017-11-16 01:00:00,1292.0,1278.4792
2017-11-16 02:00:00,1261.0,1280.6459
2017-11-16 03:00:00,1251.0,1263.8593
2017-11-16 04:00:00,1274.0,1278.5228
2017-11-16 05:00:00,1355.0,1347.2035
2017-11-16 06:00:00,1460.0,1501.8843
2017-11-16 07:00:00,1553.0,1546.8333
2017-11-16 08:00:00,1575.0,1588.6588
2017-11-16 09:00:00,1598.0,1598.1074
2017-11-16 10:00:00,1629.0,1617.2537
2017-11-16 11:00:00,1646.0,1630.9706
2017-11-16 12:00:00,1661.0,1644.3713
2017-11-16 13:00:00,1667.0,1661.8722
2017-11-16 14:00:00,1613.0,1658.1887
2017-11-16 15:00:00,1653.0,1607.3617
2017-11-16 16:00:00,1660.0,1672.5614
2017-11-16 17:00:00,1704.0,1708.4039
2017-11-16 18:00:00,1690.0,1709.1567
2017-11-16 19:00:00,1674.0,1676.5902
2017-11-16 20:00:00,1617.0,1647.1655
2017-11-16 21:00:00,1575.0,1577.1178
2017-11-16 22:00:00,1502.0,1472.0022
2017-11-16 23:00:00,1407.0,1402.9564
2017-11-17 00:00:00,1363.0,1335.8358
2017-11-17 01:00:00,1321.0,1317.2535
2017-11-17 02:00:00,1297.0,1305.4845
2017-11-17 03:00:00,1287.0,1293.1385
2017-11-17 04:00:00,1320.0,1314.75
2017-11-17 05:00:00,1411.0,1386.6285
2017-11-17 06:00:00,1525.0,1539.8857
2017-11-17 07:00:00,1585.0,1606.5062
2017-11-17 08:00:00,1616.0,1611.1512
2017-11-17 09:00:00,1627.0,1638.7922
2017-11-17 10:00:00,1634.0,1640.5422
2017-11-17 11:00:00,1622.0,1639.1975
2017-11-17 12:00:00,1602.0,1621.7361
2017-11-17 13:00:00,1597.0,1594.7887
2017-11-17 14:00:00,1570.0,1586.5355
2017-11-17 15:00:00,1550.0,1563.5608
2017-11-17 16:00:00,1556.0,1555.7979
2017-11-17 17:00:00,1645.0,1600.8928
2017-11-17 18:00:00,1622.0,1648.4794
2017-11-17 19:00:00,1600.0,1611.6555
2017-11-17 20:00:00,1580.0,1572.9769
2017-11-17 21:00:00,1536.0,1546.5131
2017-11-17 22:00:00,1459.0,1464.5778
2017-11-17 23:00:00,1404.0,1385.1129
2017-11-18 00:00:00,1334.0,1340.6216
2017-11-18 01:00:00,1301.0,1291.9443
2017-11-18 02:00:00,1283.0,1276.7701
2017-11-18 03:00:00,1268.0,1268.8635
2017-11-18 04:00:00,1279.0,1277.4376
2017-11-18 05:00:00,1318.0,1303.4064
2017-11-18 06:00:00,1368.0,1359.4739
2017-11-18 07:00:00,1410.0,1401.9373
2017-11-18 08:00:00,1458.0,1443.9968
2017-11-18 09:00:00,1518.0,1487.2239
2017-11-18 10:00:00,1550.0,1535.6389
2017-11-18 11:00:00,1549.0,1553.7911
2017-11-18 12:00:00,1543.0,1537.554
2017-11-18 13:00:00,1531.0,1527.2959
2017-11-18 14:00:00,1500.0,1517.0858
2017-11-18 15:00:00,1486.0,1491.5271
2017-11-18 16:00:00,1507.0,1500.7195
2017-11-18 17:00:00,1558.0,1578.0801
2017-11-18 18:00:00,1513.0,1570.179
2017-11-18 19:00:00,1506.0,1523.9343
2017-11-18 20:00:00,1497.0,1511.6876
2017-11-18 21:00:00,1437.0,1474.4729
2017-11-18 22:00:00,1391.0,1375.2943
2017-11-18 23:00:00,1307.0,1321.7672
2017-11-19 00:00:00,1237.0,1250.1128
2017-11-19 01:00:00,1242.0,1198.5356
2017-11-19 02:00:00,1234.0,1214.5131
2017-11-19 03:00:00,1220.0,1220.9963
2017-11-19 04:00:00,1232.0,1226.1273
2017-11-19 05:00:00,1263.0,1257.0359
2017-11-19 06:00:00,1279.0,1292.4327
2017-11-19 07:00:00,1324.0,1304.4149
2017-11-19 08:00:00,1388.0,1359.743
2017-11-19 09:00:00,1436.0,1425.9176
2017-11-19 10:00:00,1464.0,1463.9008
2017-11-19 11:00:00,1482.0,1469.3352
2017-11-19 12:00:00,1491.0,1482.1654
2017-11-19 13:00:00,1502.0,1487.415
2017-11-19 14:00:00,1501.0,1502.096
2017-11-19 15:00:00,1501.0,1497.507
2017-11-19 16:00:00,1546.0,1531.7146
2017-11-19 17:00:00,1625.0,1625.4475
2017-11-19 18:00:00,1634.0,1638.1355
2017-11-19 19:00:00,1634.0,1630.9799
2017-11-19 20:00:00,1608.0,1625.8627
2017-11-19 21:00:00,1552.0,1564.6852
2017-11-19 22:00:00,1461.0,1478.9185
2017-11-19 23:00:00,1394.0,1374.9457
2017-11-20 00:00:00,1366.0,1328.6731
2017-11-20 01:00:00,1335.0,1330.5598
2017-11-20 02:00:00,1332.0,1330.9681
2017-11-20 03:00:00,1330.0,1332.3438
2017-11-20 04:00:00,1370.0,1356.6666
2017-11-20 05:00:00,1455.0,1444.8555
2017-11-20 06:00:00,1575.0,1590.8661
2017-11-20 07:00:00,1620.0,1656.5526
2017-11-20 08:00:00,1639.0,1661.1444
2017-11-20 09:00:00,1650.0,1659.2012
2017-11-20 10:00:00,1643.0,1662.2802
2017-11-20 11:00:00,1638.0,1648.0896
2017-11-20 12:00:00,1609.0,1634.9062
2017-11-20 13:00:00,1589.0,1608.2365
2017-11-20 14:00:00,1573.0,1584.3853
2017-11-20 15:00:00,1552.0,1576.3306
2017-11-20 16:00:00,1572.0,1576.8663
2017-11-20 17:00:00,1671.0,1628.1458
2017-11-20 18:00:00,1680.0,1689.263
2017-11-20 19:00:00,1659.0,1664.9526
2017-11-20 20:00:00,1631.0,1633.7158
2017-11-20 21:00:00,1566.0,1587.1825
2017-11-20 22:00:00,1485.0,1480.7792
2017-11-20 23:00:00,1394.0,1390.0643
2017-11-21 00:00:00,1338.0,1326.7444
2017-11-21 01:00:00,1300.0,1301.7136
2017-11-21 02:00:00,1280.0,1287.9454
2017-11-21 03:00:00,1300.0,1280.3282
2017-11-21 04:00:00,1324.0,1327.9608
2017-11-21 05:00:00,1393.0,1408.9933
2017-11-21 06:00:00,1526.0,1531.5066
2017-11-21 07:00:00,1582.0,1596.6843
2017-11-21 08:00:00,1593.0,1605.7346
2017-11-21 09:00:00,1586.0,1620.2023
2017-11-21 10:00:00,1556.0,1609.9733
2017-11-21 11:00:00,1522.0,1567.8589
2017-11-21 12:00:00,1522.0,1527.3739
2017-11-21 13:00:00,1509.0,1523.8634
2017-11-21 14:00:00,1492.0,1513.5393
2017-11-21 15:00:00,1480.0,1497.674
2017-11-21 16:00:00,1505.0,1511.4137
2017-11-21 17:00:00,1585.0,1587.9943
2017-11-21 18:00:00,1600.0,1600.4408
2017-11-21 19:00:00,1578.0,1593.84
2017-11-21 20:00:00,1541.0,1554.2919
2017-11-21 21:00:00,1485.0,1507.7024
2017-11-21 22:00:00,1395.0,1404.6019
2017-11-21 23:00:00,1321.0,1324.3647
2017-11-22 00:00:00,1262.0,1262.6409
2017-11-22 01:00:00,1228.0,1232.0906
2017-11-22 02:00:00,1205.0,1224.3367
2017-11-22 03:00:00,1214.0,1201.0865
2017-11-22 04:00:00,1245.0,1237.1962
2017-11-22 05:00:00,1333.0,1315.8549
2017-11-22 06:00:00,1438.0,1457.571
2017-11-22 07:00:00,1521.0,1498.0894
2017-11-22 08:00:00,1578.0,1565.3458
2017-11-22 09:00:00,1603.0,1602.9147
2017-11-22 10:00:00,1625.0,1627.5402
2017-11-22 11:00:00,1632.0,1630.2712
2017-11-22 12:00:00,1614.0,1628.8191
2017-11-22 13:00:00,1617.0,1614.7585
2017-11-22 14:00:00,1593.0,1616.429
2017-11-22 15:00:00,1586.0,1587.3623
2017-11-22 16:00:00,1636.0,1598.5282
2017-11-22 17:00:00,1689.0,1691.2437
2017-11-22 18:00:00,1675.0,1699.9779
2017-11-22 19:00:00,1657.0,1659.9303
2017-11-22 20:00:00,1632.0,1624.961
2017-11-22 21:00:00,1582.0,1582.6263
2017-11-22 22:00:00,1517.0,1483.822
2017-11-22 23:00:00,1434.0,1412.7827
2017-11-23 00:00:00,1374.0,1357.169
2017-11-23 01:00:00,1333.0,1337.4807
2017-11-23 02:00:00,1328.0,1315.7621
2017-11-23 03:00:00,1329.0,1324.4396
2017-11-23 04:00:00,1354.0,1346.1368
2017-11-23 05:00:00,1382.0,1426.3702
2017-11-23 06:00:00,1415.0,1499.1034
2017-11-23 07:00:00,1449.0,1504.4165
2017-11-23 08:00:00,1476.0,1515.2537
2017-11-23 09:00:00,1514.0,1522.6476
2017-11-23 10:00:00,1516.0,1535.7472
2017-11-23 11:00:00,1519.0,1519.5834
2017-11-23 12:00:00,1491.0,1507.8511
2017-11-23 13:00:00,1460.0,1491.9636
2017-11-23 14:00:00,1415.0,1449.4342
2017-11-23 15:00:00,1391.0,1406.8318
2017-11-23 16:00:00,1389.0,1404.0011
2017-11-23 17:00:00,1437.0,1436.4546
2017-11-23 18:00:00,1442.0,1464.2871
2017-11-23 19:00:00,1437.0,1454.7711
2017-11-23 20:00:00,1422.0,1442.8981
2017-11-23 21:00:00,1416.0,1426.4353
2017-11-23 22:00:00,1397.0,1359.2404
2017-11-23 23:00:00,1349.0,1339.0038
2017-11-24 00:00:00,1326.0,1307.4816
2017-11-24 01:00:00,1299.0,1297.6411
2017-11-24 02:00:00,1288.0,1285.444
2017-11-24 03:00:00,1299.0,1290.9695
2017-11-24 04:00:00,1313.0,1324.2628
2017-11-24 05:00:00,1370.0,1378.0021
2017-11-24 06:00:00,1441.0,1478.8788
2017-11-24 07:00:00,1472.0,1521.317
2017-11-24 08:00:00,1490.0,1512.4924
2017-11-24 09:00:00,1498.0,1524.8588
2017-11-24 10:00:00,1487.0,1517.0828
2017-11-24 11:00:00,1466.0,1492.0953
2017-11-24 12:00:00,1448.0,1466.2316
2017-11-24 13:00:00,1432.0,1448.9
2017-11-24 14:00:00,1412.0,1427.8344
2017-11-24 15:00:00,1404.0,1407.057
2017-11-24 16:00:00,1439.0,1424.2256
2017-11-24 17:00:00,1515.0,1524.321
2017-11-24 18:00:00,1527.0,1537.3232
2017-11-24 19:00:00,1515.0,1529.9161
2017-11-24 20:00:00,1478.0,1513.4872
2017-11-24 21:00:00,1457.0,1484.1696
2017-11-24 22:00:00,1406.0,1416.0009
2017-11-24 23:00:00,1345.0,1341.9441
2017-11-25 00:00:00,1288.0,1280.8651
2017-11-25 01:00:00,1247.0,1246.7756
2017-11-25 02:00:00,1241.0,1226.3198
2017-11-25 03:00:00,1225.0,1230.0585
2017-11-25 04:00:00,1234.0,1231.6555
2017-11-25 05:00:00,1259.0,1258.37
2017-11-25 06:00:00,1286.0,1296.5386
2017-11-25 07:00:00,1313.0,1321.7853
2017-11-25 08:00:00,1345.0,1347.9346
2017-11-25 09:00:00,1361.0,1375.8829
2017-11-25 10:00:00,1392.0,1380.1376
2017-11-25 11:00:00,1384.0,1398.1393
2017-11-25 12:00:00,1388.0,1381.0115
2017-11-25 13:00:00,1375.0,1377.5592
2017-11-25 14:00:00,1365.0,1373.009
2017-11-25 15:00:00,1357.0,1360.8186
2017-11-25 16:00:00,1396.0,1378.5858
2017-11-25 17:00:00,1485.0,1466.7686
2017-11-25 18:00:00,1486.0,1500.7014
2017-11-25 19:00:00,1480.0,1494.4629
2017-11-25 20:00:00,1469.0,1482.4429
2017-11-25 21:00:00,1427.0,1463.8182
2017-11-25 22:00:00,1368.0,1373.9578
2017-11-25 23:00:00,1304.0,1301.1641
2017-11-26 00:00:00,1255.0,1242.7916
2017-11-26 01:00:00,1217.0,1214.6497
2017-11-26 02:00:00,1189.0,1197.5272
2017-11-26 03:00:00,1203.0,1177.6958
2017-11-26 04:00:00,1219.0,1201.4055
2017-11-26 05:00:00,1239.0,1238.532
2017-11-26 06:00:00,1282.0,1265.6249
2017-11-26 07:00:00,1310.0,1297.4705
2017-11-26 08:00:00,1344.0,1324.9283
2017-11-26 09:00:00,1385.0,1363.2842
2017-11-26 10:00:00,1403.0,1403.7306
2017-11-26 11:00:00,1415.0,1405.7852
2017-11-26 12:00:00,1384.0,1420.889
2017-11-26 13:00:00,1407.0,1381.466
2017-11-26 14:00:00,1387.0,1402.5209
2017-11-26 15:00:00,1393.0,1384.7372
2017-11-26 16:00:00,1447.0,1414.2578
2017-11-26 17:00:00,1551.0,1529.0251
2017-11-26 18:00:00,1568.0,1579.4559
2017-11-26 19:00:00,1570.0,1565.3306
2017-11-26 20:00:00,1552.0,1550.9658
2017-11-26 21:00:00,1527.0,1511.2198
2017-11-26 22:00:00,1454.0,1453.3219
2017-11-26 23:00:00,1385.0,1373.855
2017-11-27 00:00:00,1341.0,1314.8119
2017-11-27 01:00:00,1306.0,1297.6158
2017-11-27 02:00:00,1280.0,1294.5359
2017-11-27 03:00:00,1281.0,1280.7783
2017-11-27 04:00:00,1306.0,1310.0261
2017-11-27 05:00:00,1394.0,1385.3756
2017-11-27 06:00:00,1491.0,1525.5593
2017-11-27 07:00:00,1527.0,1576.0255
2017-11-27 08:00:00,1552.0,1582.876
2017-11-27 09:00:00,1559.0,1589.8271
2017-11-27 10:00:00,1554.0,1584.9717
2017-11-27 11:00:00,1539.0,1570.173
2017-11-27 12:00:00,1522.0,1546.6892
2017-11-27 13:00:00,1517.0,1527.1825
2017-11-27 14:00:00,1507.0,1517.4164
2017-11-27 15:00:00,1489.0,1512.9513
2017-11-27 16:00:00,1523.0,1524.2018
2017-11-27 17:00:00,1624.0,1605.2299
2017-11-27 18:00:00,1626.0,1638.4352
2017-11-27 19:00:00,1613.0,1617.4916
2017-11-27 20:00:00,1579.0,1591.3424
2017-11-27 21:00:00,1530.0,1546.3777
2017-11-27 22:00:00,1436.0,1452.1948
2017-11-27 23:00:00,1345.0,1358.9447
2017-11-28 00:00:00,1289.0,1286.3701
2017-11-28 01:00:00,1268.0,1251.4795
2017-11-28 02:00:00,1248.0,1255.462
2017-11-28 03:00:00,1246.0,1254.0483
2017-11-28 04:00:00,1288.0,1275.4559
2017-11-28 05:00:00,1360.0,1368.1572
2017-11-28 06:00:00,1489.0,1496.6233
2017-11-28 07:00:00,1550.0,1561.57
2017-11-28 08:00:00,1558.0,1576.7872
2017-11-28 09:00:00,1566.0,1586.1044
2017-11-28 10:00:00,1575.0,1580.4717
2017-11-28 11:00:00,1531.0,1576.3011
2017-11-28 12:00:00,1528.0,1527.5886
2017-11-28 13:00:00,1530.0,1524.2289
2017-11-28 14:00:00,1500.0,1526.9902
2017-11-28 15:00:00,1506.0,1511.6956
2017-11-28 16:00:00,1525.0,1544.057
2017-11-28 17:00:00,1614.0,1596.7009
2017-11-28 18:00:00,1609.0,1618.4276
2017-11-28 19:00:00,1564.0,1601.5306
2017-11-28 20:00:00,1522.0,1547.7762
2017-11-28 21:00:00,1457.0,1494.0391
2017-11-28 22:00:00,1397.0,1389.8009
2017-11-28 23:00:00,1295.0,1336.5371
2017-11-29 00:00:00,1240.0,1247.8805
2017-11-29 01:00:00,1192.0,1210.7164
2017-11-29 02:00:00,1169.0,1179.7373
2017-11-29 03:00:00,1164.0,1179.9612
2017-11-29 04:00:00,1190.0,1184.0066
2017-11-29 05:00:00,1287.0,1264.7487
2017-11-29 06:00:00,1413.0,1416.677
2017-11-29 07:00:00,1481.0,1507.6874
2017-11-29 08:00:00,1503.0,1531.8546
2017-11-29 09:00:00,1506.0,1542.1268
2017-11-29 10:00:00,1511.0,1518.7013
2017-11-29 11:00:00,1488.0,1512.4
2017-11-29 12:00:00,1512.0,1495.4781
2017-11-29 13:00:00,1508.0,1512.6761
2017-11-29 14:00:00,1505.0,1512.9518
2017-11-29 15:00:00,1480.0,1509.829
2017-11-29 16:00:00,1519.0,1512.0286
2017-11-29 17:00:00,1628.0,1589.8658
2017-11-29 18:00:00,1650.0,1631.158
2017-11-29 19:00:00,1614.0,1638.7031
2017-11-29 20:00:00,1606.0,1596.0956
2017-11-29 21:00:00,1555.0,1563.3734
2017-11-29 22:00:00,1477.0,1473.5352
2017-11-29 23:00:00,1384.0,1382.6534
2017-11-30 00:00:00,1319.0,1318.0538
2017-11-30 01:00:00,1290.0,1278.9685
2017-11-30 02:00:00,1275.0,1272.8458
2017-11-30 03:00:00,1271.0,1273.3867
2017-11-30 04:00:00,1294.0,1294.9764
2017-11-30 05:00:00,1364.0,1368.2023
2017-11-30 06:00:00,1496.0,1499.1755
2017-11-30 07:00:00,1587.0,1571.7655
2017-11-30 08:00:00,1605.0,1623.5944
2017-11-30 09:00:00,1621.0,1639.838
2017-11-30 10:00:00,1592.0,1642.9221
2017-11-30 11:00:00,1584.0,1590.4509
2017-11-30 12:00:00,1575.0,1577.5889
2017-11-30 13:00:00,1565.0,1565.155
2017-11-30 14:00:00,1548.0,1558.9801
2017-11-30 15:00:00,1543.0,1545.4136
2017-11-30 16:00:00,1627.0,1566.8707
2017-11-30 17:00:00,1639.0,1673.6276
2017-11-30 18:00:00,1617.0,1646.0505
2017-11-30 19:00:00,1603.0,1610.511
2017-11-30 20:00:00,1564.0,1584.9795
2017-11-30 21:00:00,1512.0,1536.2903
2017-11-30 22:00:00,1437.0,1433.3358
2017-11-30 23:00:00,1342.0,1357.7651
2017-12-01 00:00:00,1288.0,1277.6942
2017-12-01 01:00:00,1258.0,1249.0529
2017-12-01 02:00:00,1255.0,1248.9266
2017-12-01 03:00:00,1245.0,1256.4032
2017-12-01 04:00:00,1265.0,1273.217
2017-12-01 05:00:00,1343.0,1342.8855
2017-12-01 06:00:00,1479.0,1476.6635
2017-12-01 07:00:00,1556.0,1557.0511
2017-12-01 08:00:00,1556.0,1585.2848
2017-12-01 09:00:00,1552.0,1579.6052
2017-12-01 10:00:00,1550.0,1564.5399
2017-12-01 11:00:00,1538.0,1549.2151
2017-12-01 12:00:00,1527.0,1527.0271
2017-12-01 13:00:00,1507.0,1515.7517
2017-12-01 14:00:00,1489.0,1503.5221
2017-12-01 15:00:00,1481.0,1490.018
2017-12-01 16:00:00,1511.0,1514.2502
2017-12-01 17:00:00,1603.0,1590.0872
2017-12-01 18:00:00,1614.0,1610.8951
2017-12-01 19:00:00,1605.0,1605.1393
2017-12-01 20:00:00,1586.0,1589.2637
2017-12-01 21:00:00,1553.0,1542.0164
2017-12-01 22:00:00,1480.0,1477.8015
2017-12-01 23:00:00,1394.0,1393.581
2017-12-02 00:00:00,1350.0,1315.2397
2017-12-02 01:00:00,1309.0,1297.7118
2017-12-02 02:00:00,1290.0,1287.6678
2017-12-02 03:00:00,1286.0,1283.2241
2017-12-02 04:00:00,1316.0,1304.9331
2017-12-02 05:00:00,1327.0,1351.1796
2017-12-02 06:00:00,1378.0,1380.6039
2017-12-02 07:00:00,1438.0,1421.3269
2017-12-02 08:00:00,1475.0,1456.6385
2017-12-02 09:00:00,1501.0,1488.4337
2017-12-02 10:00:00,1508.0,1510.0421
2017-12-02 11:00:00,1475.0,1499.779
2017-12-02 12:00:00,1428.0,1462.7157
2017-12-02 13:00:00,1418.0,1420.6027
2017-12-02 14:00:00,1406.0,1413.7273
2017-12-02 15:00:00,1421.0,1407.1107
2017-12-02 16:00:00,1463.0,1451.3137
2017-12-02 17:00:00,1574.0,1533.8412
2017-12-02 18:00:00,1591.0,1588.401
2017-12-02 19:00:00,1561.0,1583.5952
2017-12-02 20:00:00,1562.0,1545.1617
2017-12-02 21:00:00,1526.0,1523.8195
2017-12-02 22:00:00,1470.0,1458.2161
2017-12-02 23:00:00,1416.0,1385.8536
2017-12-03 00:00:00,1352.0,1326.889
2017-12-03 01:00:00,1312.0,1301.3245
2017-12-03 02:00:00,1297.0,1286.3333
2017-12-03 03:00:00,1290.0,1279.3499
2017-12-03 04:00:00,1293.0,1293.6156
2017-12-03 05:00:00,1306.0,1304.9468
2017-12-03 06:00:00,1353.0,1340.323
2017-12-03 07:00:00,1395.0,1378.706
2017-12-03 08:00:00,1424.0,1418.4142
2017-12-03 09:00:00,1454.0,1448.4294
2017-12-03 10:00:00,1443.0,1463.0387
2017-12-03 11:00:00,1415.0,1446.3201
2017-12-03 12:00:00,1398.0,1420.48
2017-12-03 13:00:00,1381.0,1401.5684
2017-12-03 14:00:00,1366.0,1384.4277
2017-12-03 15:00:00,1356.0,1372.705
2017-12-03 16:00:00,1417.0,1380.6768
2017-12-03 17:00:00,1552.0,1504.6019
2017-12-03 18:00:00,1583.0,1574.7233
2017-12-03 19:00:00,1579.0,1567.6028
2017-12-03 20:00:00,1552.0,1566.4375
2017-12-03 21:00:00,1511.0,1509.8829
2017-12-03 22:00:00,1440.0,1434.4412
2017-12-03 23:00:00,1362.0,1353.4614
2017-12-04 00:00:00,1302.0,1295.5651
2017-12-04 01:00:00,1279.0,1269.8632
2017-12-04 02:00:00,1280.0,1265.954
2017-12-04 03:00:00,1275.0,1279.9893
2017-12-04 04:00:00,1308.0,1303.5527
2017-12-04 05:00:00,1384.0,1387.0856
2017-12-04 06:00:00,1526.0,1516.979
2017-12-04 07:00:00,1611.0,1595.9075
2017-12-04 08:00:00,1623.0,1639.4513
2017-12-04 09:00:00,1623.0,1648.3328
2017-12-04 10:00:00,1611.0,1640.0
2017-12-04 11:00:00,1586.0,1618.1941
2017-12-04 12:00:00,1560.0,1584.7308
2017-12-04 13:00:00,1550.0,1565.8439
2017-12-04 14:00:00,1533.0,1547.1068
2017-12-04 15:00:00,1503.0,1534.849
2017-12-04 16:00:00,1546.0,1544.16
2017-12-04 17:00:00,1642.0,1641.1704
2017-12-04 18:00:00,1647.0,1663.5013
2017-12-04 19:00:00,1663.0,1637.2178
2017-12-04 20:00:00,1628.0,1644.3193
2017-12-04 21:00:00,1560.0,1581.4932
2017-12-04 22:00:00,1471.0,1465.0742
2017-12-04 23:00:00,1372.0,1382.4557
2017-12-05 00:00:00,1278.0,1298.612
2017-12-05 01:00:00,1228.0,1245.6884
2017-12-05 02:00:00,1203.0,1217.9523
2017-12-05 03:00:00,1212.0,1198.887
2017-12-05 04:00:00,1232.0,1237.6403
2017-12-05 05:00:00,1306.0,1314.3838
2017-12-05 06:00:00,1434.0,1449.575
2017-12-05 07:00:00,1515.0,1521.9412
2017-12-05 08:00:00,1549.0,1559.2808
2017-12-05 09:00:00,1574.0,1579.6036
2017-12-05 10:00:00,1594.0,1591.7115
2017-12-05 11:00:00,1594.0,1598.8394
2017-12-05 12:00:00,1591.0,1589.364
2017-12-05 13:00:00,1593.0,1583.1794
2017-12-05 14:00:00,1595.0,1582.1462
2017-12-05 15:00:00,1580.0,1589.5645
2017-12-05 16:00:00,1638.0,1594.9757
2017-12-05 17:00:00,1700.0,1707.6531
2017-12-05 18:00:00,1698.0,1710.5409
2017-12-05 19:00:00,1678.0,1679.1754
2017-12-05 20:00:00,1652.0,1653.8745
2017-12-05 21:00:00,1612.0,1599.3737
2017-12-05 22:00:00,1521.0,1508.4907
2017-12-05 23:00:00,1433.0,1414.5143
2017-12-06 00:00:00,1377.0,1350.1267
2017-12-06 01:00:00,1341.0,1333.8412
2017-12-06 02:00:00,1328.0,1329.6046
2017-12-06 03:00:00,1345.0,1329.9413
2017-12-06 04:00:00,1372.0,1366.7916
2017-12-06 05:00:00,1460.0,1453.6698
2017-12-06 06:00:00,1541.0,1587.5906
2017-12-06 07:00:00,1640.0,1630.2263
2017-12-06 08:00:00,1646.0,1670.3186
2017-12-06 09:00:00,1638.0,1667.5314
2017-12-06 10:00:00,1633.0,1658.6416
2017-12-06 11:00:00,1632.0,1635.2828
2017-12-06 12:00:00,1591.0,1633.5374
2017-12-06 13:00:00,1589.0,1588.1641
2017-12-06 14:00:00,1557.0,1585.6818
2017-12-06 15:00:00,1582.0,1560.5946
2017-12-06 16:00:00,1622.0,1609.6064
2017-12-06 17:00:00,1708.0,1703.0411
2017-12-06 18:00:00,1727.0,1724.8828
2017-12-06 19:00:00,1713.0,1717.6495
2017-12-06 20:00:00,1707.0,1688.7155
2017-12-06 21:00:00,1633.0,1664.2286
2017-12-06 22:00:00,1546.0,1552.8748
2017-12-06 23:00:00,1447.0,1459.047
2017-12-07 00:00:00,1388.0,1379.7162
2017-12-07 01:00:00,1359.0,1344.4119
2017-12-07 02:00:00,1352.0,1344.8351
2017-12-07 03:00:00,1338.0,1340.3522
2017-12-07 04:00:00,1366.0,1353.9261
2017-12-07 05:00:00,1421.0,1436.6364
2017-12-07 06:00:00,1538.0,1548.7793
2017-12-07 07:00:00,1619.0,1621.6776
2017-12-07 08:00:00,1638.0,1640.2535
2017-12-07 09:00:00,1646.0,1654.1366
2017-12-07 10:00:00,1674.0,1665.3842
2017-12-07 11:00:00,1690.0,1678.8893
2017-12-07 12:00:00,1675.0,1688.2783
2017-12-07 13:00:00,1679.0,1671.9342
2017-12-07 14:00:00,1668.0,1667.7578
2017-12-07 15:00:00,1665.0,1663.8798
2017-12-07 16:00:00,1682.0,1690.1565
2017-12-07 17:00:00,1784.0,1761.4186
2017-12-07 18:00:00,1801.0,1790.4994
2017-12-07 19:00:00,1775.0,1780.7396
2017-12-07 20:00:00,1746.0,1732.387
2017-12-07 21:00:00,1685.0,1679.9915
2017-12-07 22:00:00,1580.0,1585.2112
2017-12-07 23:00:00,1494.0,1486.5742
2017-12-08 00:00:00,1427.0,1412.6982
2017-12-08 01:00:00,1391.0,1383.3527
2017-12-08 02:00:00,1387.0,1373.2416
2017-12-08 03:00:00,1405.0,1376.5408
2017-12-08 04:00:00,1422.0,1432.1646
2017-12-08 05:00:00,1502.0,1517.4893
2017-12-08 06:00:00,1649.0,1642.5511
2017-12-08 07:00:00,1720.0,1718.7405
2017-12-08 08:00:00,1737.0,1745.0372
2017-12-08 09:00:00,1741.0,1747.8086
2017-12-08 10:00:00,1754.0,1740.4475
2017-12-08 11:00:00,1751.0,1747.534
2017-12-08 12:00:00,1742.0,1741.6616
2017-12-08 13:00:00,1738.0,1734.8394
2017-12-08 14:00:00,1716.0,1720.5448
2017-12-08 15:00:00,1697.0,1701.4819
2017-12-08 16:00:00,1728.0,1722.243
2017-12-08 17:00:00,1815.0,1827.5009
2017-12-08 18:00:00,1786.0,1828.9279
2017-12-08 19:00:00,1783.0,1765.5593
2017-12-08 20:00:00,1739.0,1742.3137
2017-12-08 21:00:00,1695.0,1686.0853
2017-12-08 22:00:00,1617.0,1606.2722
2017-12-08 23:00:00,1530.0,1525.6119
2017-12-09 00:00:00,1461.0,1448.303
2017-12-09 01:00:00,1429.0,1417.7069
2017-12-09 02:00:00,1404.0,1409.5565
2017-12-09 03:00:00,1394.0,1401.4633
2017-12-09 04:00:00,1402.0,1411.8994
2017-12-09 05:00:00,1430.0,1434.8971
2017-12-09 06:00:00,1479.0,1476.3364
2017-12-09 07:00:00,1527.0,1524.5374
2017-12-09 08:00:00,1569.0,1565.4545
2017-12-09 09:00:00,1596.0,1602.755
2017-12-09 10:00:00,1571.0,1621.7605
2017-12-09 11:00:00,1562.0,1572.469
2017-12-09 12:00:00,1536.0,1550.3065
2017-12-09 13:00:00,1507.0,1519.6719
2017-12-09 14:00:00,1508.0,1488.7722
2017-12-09 15:00:00,1505.0,1496.8062
2017-12-09 16:00:00,1568.0,1541.1716
2017-12-09 17:00:00,1679.0,1680.2836
2017-12-09 18:00:00,1684.0,1699.3506
2017-12-09 19:00:00,1675.0,1666.7115
2017-12-09 20:00:00,1660.0,1654.8684
2017-12-09 21:00:00,1618.0,1618.7335
2017-12-09 22:00:00,1560.0,1541.9672
2017-12-09 23:00:00,1461.0,1474.4856
2017-12-10 00:00:00,1405.0,1404.1809
2017-12-10 01:00:00,1367.0,1360.0405
2017-12-10 02:00:00,1340.0,1345.0349
2017-12-10 03:00:00,1335.0,1331.408
2017-12-10 04:00:00,1342.0,1330.9794
2017-12-10 05:00:00,1353.0,1363.1318
2017-12-10 06:00:00,1399.0,1389.8684
2017-12-10 07:00:00,1448.0,1428.8967
2017-12-10 08:00:00,1486.0,1484.8625
2017-12-10 09:00:00,1536.0,1506.1824
2017-12-10 10:00:00,1569.0,1550.9493
2017-12-10 11:00:00,1585.0,1572.3417
2017-12-10 12:00:00,1596.0,1574.1866
2017-12-10 13:00:00,1592.0,1589.1444
2017-12-10 14:00:00,1577.0,1582.7532
2017-12-10 15:00:00,1583.0,1572.9479
2017-12-10 16:00:00,1641.0,1616.0988
2017-12-10 17:00:00,1751.0,1735.9418
2017-12-10 18:00:00,1750.0,1767.7594
2017-12-10 19:00:00,1737.0,1742.0671
2017-12-10 20:00:00,1712.0,1717.7828
2017-12-10 21:00:00,1662.0,1658.9989
2017-12-10 22:00:00,1585.0,1576.1129
2017-12-10 23:00:00,1491.0,1482.5016
2017-12-11 00:00:00,1433.0,1413.7833
2017-12-11 01:00:00,1373.0,1389.3909
2017-12-11 02:00:00,1350.0,1361.1525
2017-12-11 03:00:00,1366.0,1351.8862
2017-12-11 04:00:00,1378.0,1393.8634
2017-12-11 05:00:00,1449.0,1456.713
2017-12-11 06:00:00,1600.0,1581.4797
2017-12-11 07:00:00,1680.0,1683.4646
2017-12-11 08:00:00,1689.0,1713.2894
2017-12-11 09:00:00,1723.0,1709.9674
2017-12-11 10:00:00,1702.0,1747.0988
2017-12-11 11:00:00,1676.0,1711.0541
2017-12-11 12:00:00,1686.0,1678.1702
2017-12-11 13:00:00,1689.0,1684.4073
2017-12-11 14:00:00,1655.0,1686.3411
2017-12-11 15:00:00,1657.0,1654.4486
2017-12-11 16:00:00,1698.0,1696.9188
2017-12-11 17:00:00,1796.0,1806.7485
2017-12-11 18:00:00,1784.0,1804.4673
2017-12-11 19:00:00,1763.0,1759.8882
2017-12-11 20:00:00,1734.0,1738.9791
2017-12-11 21:00:00,1671.0,1676.2498
2017-12-11 22:00:00,1543.0,1575.3175
2017-12-11 23:00:00,1453.0,1449.5459
2017-12-12 00:00:00,1373.0,1374.7261
2017-12-12 01:00:00,1337.0,1339.102
2017-12-12 02:00:00,1306.0,1323.6714
2017-12-12 03:00:00,1306.0,1310.4226
2017-12-12 04:00:00,1327.0,1329.8134
2017-12-12 05:00:00,1413.0,1411.6422
2017-12-12 06:00:00,1531.0,1552.5156
2017-12-12 07:00:00,1635.0,1626.4448
2017-12-12 08:00:00,1667.0,1669.078
2017-12-12 09:00:00,1716.0,1687.2338
2017-12-12 10:00:00,1728.0,1739.4625
2017-12-12 11:00:00,1731.0,1743.2368
2017-12-12 12:00:00,1754.0,1736.9884
2017-12-12 13:00:00,1762.0,1756.1567
2017-12-12 14:00:00,1758.0,1761.1282
2017-12-12 15:00:00,1781.0,1759.3108
2017-12-12 16:00:00,1838.0,1828.523
2017-12-12 17:00:00,1927.0,1944.3192
2017-12-12 18:00:00,1943.0,1927.2048
2017-12-12 19:00:00,1929.0,1908.6207
2017-12-12 20:00:00,1896.0,1882.2338
2017-12-12 21:00:00,1843.0,1835.4037
2017-12-12 22:00:00,1734.0,1731.3156
2017-12-12 23:00:00,1625.0,1604.6328
2017-12-13 00:00:00,1554.0,1533.9758
2017-12-13 01:00:00,1535.0,1494.7793
2017-12-13 02:00:00,1523.0,1521.5994
2017-12-13 03:00:00,1522.0,1521.6437
2017-12-13 04:00:00,1554.0,1548.1703
2017-12-13 05:00:00,1627.0,1646.5991
2017-12-13 06:00:00,1742.0,1759.4165
2017-12-13 07:00:00,1810.0,1828.0093
2017-12-13 08:00:00,1813.0,1831.8578
2017-12-13 09:00:00,1811.0,1828.5133
2017-12-13 10:00:00,1833.0,1814.4952
2017-12-13 11:00:00,1835.0,1831.532
2017-12-13 12:00:00,1805.0,1826.3425
2017-12-13 13:00:00,1815.0,1798.9602
2017-12-13 14:00:00,1807.0,1806.8259
2017-12-13 15:00:00,1790.0,1801.4425
2017-12-13 16:00:00,1841.0,1828.1438
2017-12-13 17:00:00,1946.0,1967.8663
2017-12-13 18:00:00,1949.0,1956.8369
2017-12-13 19:00:00,1928.0,1923.5533
2017-12-13 20:00:00,1891.0,1888.5302
2017-12-13 21:00:00,1828.0,1839.7954
2017-12-13 22:00:00,1714.0,1717.2325
2017-12-13 23:00:00,1606.0,1603.4291
2017-12-14 00:00:00,1527.0,1532.8228
2017-12-14 01:00:00,1478.0,1486.3857
2017-12-14 02:00:00,1447.0,1468.6974
2017-12-14 03:00:00,1436.0,1442.3976
2017-12-14 04:00:00,1456.0,1453.2854
2017-12-14 05:00:00,1531.0,1537.6047
2017-12-14 06:00:00,1642.0,1658.5198
2017-12-14 07:00:00,1736.0,1738.7725
2017-12-14 08:00:00,1783.0,1772.1256
2017-12-14 09:00:00,1796.0,1801.5929
2017-12-14 10:00:00,1792.0,1810.561
2017-12-14 11:00:00,1768.0,1790.1135
2017-12-14 12:00:00,1747.0,1757.3441
2017-12-14 13:00:00,1743.0,1738.3022
2017-12-14 14:00:00,1726.0,1734.3219
2017-12-14 15:00:00,1734.0,1722.4504
2017-12-14 16:00:00,1767.0,1777.5372
2017-12-14 17:00:00,1883.0,1881.3296
2017-12-14 18:00:00,1905.0,1894.8948
2017-12-14 19:00:00,1882.0,1877.6447
2017-12-14 20:00:00,1859.0,1849.8893
2017-12-14 21:00:00,1819.0,1796.7405
2017-12-14 22:00:00,1724.0,1705.9994
2017-12-14 23:00:00,1613.0,1611.6942
2017-12-15 00:00:00,1551.0,1532.4458
2017-12-15 01:00:00,1525.0,1503.5819
2017-12-15 02:00:00,1499.0,1503.7949
2017-12-15 03:00:00,1493.0,1503.9188
2017-12-15 04:00:00,1525.0,1515.438
2017-12-15 05:00:00,1583.0,1602.0963
2017-12-15 06:00:00,1712.0,1718.4379
2017-12-15 07:00:00,1815.0,1789.6592
2017-12-15 08:00:00,1835.0,1829.2391
2017-12-15 09:00:00,1855.0,1835.7739
2017-12-15 10:00:00,1840.0,1855.4904
2017-12-15 11:00:00,1819.0,1826.0474
2017-12-15 12:00:00,1809.0,1802.4084
2017-12-15 13:00:00,1775.0,1795.1283
2017-12-15 14:00:00,1763.0,1764.8633
2017-12-15 15:00:00,1768.0,1755.0394
2017-12-15 16:00:00,1811.0,1804.1892
2017-12-15 17:00:00,1900.0,1926.131
2017-12-15 18:00:00,1887.0,1914.0159
2017-12-15 19:00:00,1838.0,1857.5057
2017-12-15 20:00:00,1793.0,1804.9697
2017-12-15 21:00:00,1763.0,1736.8146
2017-12-15 22:00:00,1693.0,1674.1871
2017-12-15 23:00:00,1600.0,1592.4377
2017-12-16 00:00:00,1520.0,1521.1462
2017-12-16 01:00:00,1471.0,1473.1465
2017-12-16 02:00:00,1451.0,1451.5255
2017-12-16 03:00:00,1447.0,1435.1985
2017-12-16 04:00:00,1423.0,1452.2999
2017-12-16 05:00:00,1431.0,1455.0177
2017-12-16 06:00:00,1476.0,1471.8419
2017-12-16 07:00:00,1537.0,1517.2887
2017-12-16 08:00:00,1570.0,1583.4093
2017-12-16 09:00:00,1609.0,1604.3595
2017-12-16 10:00:00,1639.0,1630.2007
2017-12-16 11:00:00,1624.0,1644.0571
2017-12-16 12:00:00,1604.0,1611.8336
2017-12-16 13:00:00,1589.0,1587.9824
2017-12-16 14:00:00,1534.0,1577.0013
2017-12-16 15:00:00,1493.0,1524.9082
2017-12-16 16:00:00,1545.0,1535.5609
2017-12-16 17:00:00,1661.0,1671.2344
2017-12-16 18:00:00,1681.0,1695.4272
2017-12-16 19:00:00,1671.0,1662.7169
2017-12-16 20:00:00,1653.0,1656.382
2017-12-16 21:00:00,1606.0,1618.7454
2017-12-16 22:00:00,1576.0,1541.32
2017-12-16 23:00:00,1506.0,1497.5471
2017-12-17 00:00:00,1441.0,1445.2515
2017-12-17 01:00:00,1403.0,1393.1127
2017-12-17 02:00:00,1372.0,1378.0945
2017-12-17 03:00:00,1359.0,1359.5789
2017-12-17 04:00:00,1373.0,1358.421
2017-12-17 05:00:00,1379.0,1392.2759
2017-12-17 06:00:00,1433.0,1412.078
2017-12-17 07:00:00,1465.0,1466.8994
2017-12-17 08:00:00,1491.0,1497.0106
2017-12-17 09:00:00,1534.0,1518.0538
2017-12-17 10:00:00,1563.0,1547.901
2017-12-17 11:00:00,1571.0,1574.8086
2017-12-17 12:00:00,1547.0,1563.7616
2017-12-17 13:00:00,1544.0,1543.3142
2017-12-17 14:00:00,1561.0,1533.4188
2017-12-17 15:00:00,1574.0,1558.0387
2017-12-17 16:00:00,1619.0,1614.9653
2017-12-17 17:00:00,1707.0,1711.4346
2017-12-17 18:00:00,1700.0,1734.3423
2017-12-17 19:00:00,1698.0,1691.7191
2017-12-17 20:00:00,1673.0,1687.928
2017-12-17 21:00:00,1628.0,1631.291
2017-12-17 22:00:00,1547.0,1556.1193
2017-12-17 23:00:00,1441.0,1454.901
2017-12-18 00:00:00,1380.0,1374.9414
2017-12-18 01:00:00,1352.0,1344.0281
2017-12-18 02:00:00,1330.0,1336.8849
2017-12-18 03:00:00,1338.0,1329.8351
2017-12-18 04:00:00,1369.0,1357.0409
2017-12-18 05:00:00,1434.0,1443.3433
2017-12-18 06:00:00,1571.0,1564.637
2017-12-18 07:00:00,1656.0,1655.1859
2017-12-18 08:00:00,1663.0,1694.6415
2017-12-18 09:00:00,1684.0,1691.0087
2017-12-18 10:00:00,1693.0,1702.5297
2017-12-18 11:00:00,1703.0,1702.3778
2017-12-18 12:00:00,1687.0,1697.5188
2017-12-18 13:00:00,1702.0,1682.2727
2017-12-18 14:00:00,1698.0,1700.7537
2017-12-18 15:00:00,1687.0,1699.1904
2017-12-18 16:00:00,1716.0,1712.6787
2017-12-18 17:00:00,1777.0,1810.3663
2017-12-18 18:00:00,1773.0,1785.8108
2017-12-18 19:00:00,1749.0,1754.8007
2017-12-18 20:00:00,1715.0,1726.6045
2017-12-18 21:00:00,1649.0,1662.1957
2017-12-18 22:00:00,1536.0,1543.5345
2017-12-18 23:00:00,1427.0,1430.7834
2017-12-19 00:00:00,1341.0,1353.7273
2017-12-19 01:00:00,1289.0,1308.579
2017-12-19 02:00:00,1269.0,1282.2786
2017-12-19 03:00:00,1267.0,1266.2211
2017-12-19 04:00:00,1285.0,1292.565
2017-12-19 05:00:00,1358.0,1368.6979
2017-12-19 06:00:00,1500.0,1509.8319
2017-12-19 07:00:00,1591.0,1587.1481
2017-12-19 08:00:00,1595.0,1630.7543
2017-12-19 09:00:00,1587.0,1635.5819
2017-12-19 10:00:00,1590.0,1617.5619
2017-12-19 11:00:00,1564.0,1602.5697
2017-12-19 12:00:00,1554.0,1569.3403
2017-12-19 13:00:00,1558.0,1557.7345
2017-12-19 14:00:00,1519.0,1558.175
2017-12-19 15:00:00,1511.0,1521.2684
2017-12-19 16:00:00,1570.0,1547.697
2017-12-19 17:00:00,1687.0,1662.9425
2017-12-19 18:00:00,1692.0,1695.6982
2017-12-19 19:00:00,1674.0,1675.9272
2017-12-19 20:00:00,1653.0,1661.9484
2017-12-19 21:00:00,1621.0,1611.222
2017-12-19 22:00:00,1514.0,1534.3389
2017-12-19 23:00:00,1408.0,1423.6407
2017-12-20 00:00:00,1339.0,1334.7169
2017-12-20 01:00:00,1296.0,1294.1603
2017-12-20 02:00:00,1278.0,1276.16
2017-12-20 03:00:00,1286.0,1274.2756
2017-12-20 04:00:00,1319.0,1313.2426
2017-12-20 05:00:00,1399.0,1395.6272
2017-12-20 06:00:00,1527.0,1523.054
2017-12-20 07:00:00,1621.0,1608.9906
2017-12-20 08:00:00,1644.0,1643.6146
2017-12-20 09:00:00,1657.0,1666.8485
2017-12-20 10:00:00,1642.0,1672.0006
2017-12-20 11:00:00,1635.0,1652.2932
2017-12-20 12:00:00,1617.0,1634.7214
2017-12-20 13:00:00,1598.0,1616.7257
2017-12-20 14:00:00,1570.0,1591.8541
2017-12-20 15:00:00,1564.0,1570.5763
2017-12-20 16:00:00,1602.0,1594.8394
2017-12-20 17:00:00,1734.0,1662.3071
2017-12-20 18:00:00,1760.0,1741.4468
2017-12-20 19:00:00,1760.0,1742.112
2017-12-20 20:00:00,1723.0,1732.3188
2017-12-20 21:00:00,1695.0,1666.3265
2017-12-20 22:00:00,1612.0,1590.3898
2017-12-20 23:00:00,1517.0,1501.8308
2017-12-21 00:00:00,1440.0,1438.8783
2017-12-21 01:00:00,1394.0,1396.0535
2017-12-21 02:00:00,1381.0,1374.0034
2017-12-21 03:00:00,1395.0,1369.4583
2017-12-21 04:00:00,1426.0,1415.1749
2017-12-21 05:00:00,1496.0,1511.465
2017-12-21 06:00:00,1614.0,1633.6782
2017-12-21 07:00:00,1712.0,1688.284
2017-12-21 08:00:00,1715.0,1739.2106
2017-12-21 09:00:00,1708.0,1737.0586
2017-12-21 10:00:00,1698.0,1722.7236
2017-12-21 11:00:00,1679.0,1706.6885
2017-12-21 12:00:00,1646.0,1680.5767
2017-12-21 13:00:00,1634.0,1647.3528
2017-12-21 14:00:00,1626.0,1634.2089
2017-12-21 15:00:00,1606.0,1629.0164
2017-12-21 16:00:00,1635.0,1648.1953
2017-12-21 17:00:00,1753.0,1749.2175
2017-12-21 18:00:00,1754.0,1760.7235
2017-12-21 19:00:00,1725.0,1743.4692
2017-12-21 20:00:00,1691.0,1702.122
2017-12-21 21:00:00,1645.0,1649.4652
2017-12-21 22:00:00,1542.0,1562.0288
2017-12-21 23:00:00,1443.0,1454.8127
2017-12-22 00:00:00,1356.0,1364.4781
2017-12-22 01:00:00,1315.0,1317.3134
2017-12-22 02:00:00,1286.0,1294.9417
2017-12-22 03:00:00,1268.0,1282.044
2017-12-22 04:00:00,1283.0,1283.9891
2017-12-22 05:00:00,1343.0,1356.1599
2017-12-22 06:00:00,1435.0,1442.0698
2017-12-22 07:00:00,1532.0,1506.7854
2017-12-22 08:00:00,1529.0,1579.9546
2017-12-22 09:00:00,1560.0,1558.8021
2017-12-22 10:00:00,1581.0,1580.6216
2017-12-22 11:00:00,1578.0,1583.3872
2017-12-22 12:00:00,1554.0,1566.7614
2017-12-22 13:00:00,1528.0,1551.2467
2017-12-22 14:00:00,1521.0,1518.5153
2017-12-22 15:00:00,1514.0,1509.407
2017-12-22 16:00:00,1571.0,1539.5143
2017-12-22 17:00:00,1625.0,1661.0745
2017-12-22 18:00:00,1599.0,1631.1813
2017-12-22 19:00:00,1576.0,1588.3046
2017-12-22 20:00:00,1539.0,1557.4387
2017-12-22 21:00:00,1498.0,1515.5153
2017-12-22 22:00:00,1414.0,1441.6348
2017-12-22 23:00:00,1321.0,1328.6604
2017-12-23 00:00:00,1252.0,1251.5024
2017-12-23 01:00:00,1201.0,1215.0385
2017-12-23 02:00:00,1174.0,1181.3701
2017-12-23 03:00:00,1178.0,1164.8268
2017-12-23 04:00:00,1169.0,1178.746
2017-12-23 05:00:00,1188.0,1196.9949
2017-12-23 06:00:00,1233.0,1225.7345
2017-12-23 07:00:00,1285.0,1268.7699
2017-12-23 08:00:00,1333.0,1331.8953
2017-12-23 09:00:00,1375.0,1372.8015
2017-12-23 10:00:00,1421.0,1396.614
2017-12-23 11:00:00,1452.0,1429.1167
2017-12-23 12:00:00,1465.0,1455.9279
2017-12-23 13:00:00,1472.0,1462.8503
2017-12-23 14:00:00,1472.0,1470.6318
2017-12-23 15:00:00,1500.0,1472.2373
2017-12-23 16:00:00,1536.0,1542.4885
2017-12-23 17:00:00,1614.0,1627.3553
2017-12-23 18:00:00,1625.0,1610.2495
2017-12-23 19:00:00,1618.0,1611.2478
2017-12-23 20:00:00,1597.0,1600.6327
2017-12-23 21:00:00,1569.0,1555.8777
2017-12-23 22:00:00,1507.0,1500.3176
2017-12-23 23:00:00,1427.0,1422.4862
2017-12-24 00:00:00,1355.0,1343.7478
2017-12-24 01:00:00,1304.0,1303.8911
2017-12-24 02:00:00,1281.0,1265.0276
2017-12-24 03:00:00,1261.0,1258.4269
2017-12-24 04:00:00,1268.0,1258.0809
2017-12-24 05:00:00,1287.0,1280.8494
2017-12-24 06:00:00,1316.0,1313.5038
2017-12-24 07:00:00,1362.0,1338.64
2017-12-24 08:00:00,1405.0,1400.0496
2017-12-24 09:00:00,1457.0,1437.8125
2017-12-24 10:00:00,1483.0,1481.97
2017-12-24 11:00:00,1488.0,1497.3658
2017-12-24 12:00:00,1467.0,1492.3962
2017-12-24 13:00:00,1466.0,1466.7588
2017-12-24 14:00:00,1449.0,1465.2596
2017-12-24 15:00:00,1422.0,1451.9285
2017-12-24 16:00:00,1456.0,1458.9445
2017-12-24 17:00:00,1542.0,1550.0745
2017-12-24 18:00:00,1525.0,1571.2572
2017-12-24 19:00:00,1501.0,1531.0891
2017-12-24 20:00:00,1493.0,1502.6953
2017-12-24 21:00:00,1480.0,1486.9089
2017-12-24 22:00:00,1427.0,1423.0426
2017-12-24 23:00:00,1373.0,1360.711
2017-12-25 00:00:00,1322.0,1300.6693
2017-12-25 01:00:00,1292.0,1291.8169
2017-12-25 02:00:00,1281.0,1279.5671
2017-12-25 03:00:00,1287.0,1275.052
2017-12-25 04:00:00,1302.0,1306.9302
2017-12-25 05:00:00,1343.0,1365.6199
2017-12-25 06:00:00,1387.0,1455.0297
2017-12-25 07:00:00,1431.0,1477.9912
2017-12-25 08:00:00,1468.0,1495.6625
2017-12-25 09:00:00,1508.0,1524.517
2017-12-25 10:00:00,1532.0,1546.004
2017-12-25 11:00:00,1541.0,1535.2577
2017-12-25 12:00:00,1527.0,1539.1658
2017-12-25 13:00:00,1505.0,1523.5905
2017-12-25 14:00:00,1504.0,1514.6401
2017-12-25 15:00:00,1505.0,1509.1973
2017-12-25 16:00:00,1529.0,1543.559
2017-12-25 17:00:00,1606.0,1610.0857
2017-12-25 18:00:00,1611.0,1623.7374
2017-12-25 19:00:00,1610.0,1611.1255
2017-12-25 20:00:00,1618.0,1598.8468
2017-12-25 21:00:00,1608.0,1580.6298
2017-12-25 22:00:00,1571.0,1538.5474
2017-12-25 23:00:00,1505.0,1486.4777
2017-12-26 00:00:00,1449.0,1428.8807
2017-12-26 01:00:00,1416.0,1393.344
2017-12-26 02:00:00,1401.0,1396.4987
2017-12-26 03:00:00,1405.0,1397.8911
2017-12-26 04:00:00,1430.0,1427.6144
2017-12-26 05:00:00,1490.0,1506.1442
2017-12-26 06:00:00,1576.0,1604.7866
2017-12-26 07:00:00,1647.0,1656.2198
2017-12-26 08:00:00,1689.0,1679.3337
2017-12-26 09:00:00,1721.0,1713.7024
2017-12-26 10:00:00,1735.0,1734.8846
2017-12-26 11:00:00,1737.0,1738.8588
2017-12-26 12:00:00,1738.0,1731.8088
2017-12-26 13:00:00,1742.0,1729.8553
2017-12-26 14:00:00,1726.0,1732.3811
2017-12-26 15:00:00,1730.0,1716.945
2017-12-26 16:00:00,1770.0,1757.7045
2017-12-26 17:00:00,1875.0,1886.2578
2017-12-26 18:00:00,1887.0,1889.4148
2017-12-26 19:00:00,1869.0,1872.8121
2017-12-26 20:00:00,1832.0,1834.0399
2017-12-26 21:00:00,1790.0,1780.7495
2017-12-26 22:00:00,1702.0,1690.1401
2017-12-26 23:00:00,1615.0,1600.3877
2017-12-27 00:00:00,1557.0,1533.8785
2017-12-27 01:00:00,1520.0,1505.2002
2017-12-27 02:00:00,1509.0,1496.5675
2017-12-27 03:00:00,1502.0,1501.3235
2017-12-27 04:00:00,1527.0,1520.4717
2017-12-27 05:00:00,1580.0,1588.7607
2017-12-27 06:00:00,1683.0,1701.9141
2017-12-27 07:00:00,1776.0,1770.0171
2017-12-27 08:00:00,1801.0,1805.4137
2017-12-27 09:00:00,1834.0,1812.7524
2017-12-27 10:00:00,1834.0,1840.3015
2017-12-27 11:00:00,1823.0,1825.0817
2017-12-27 12:00:00,1833.0,1810.6252
2017-12-27 13:00:00,1822.0,1817.719
2017-12-27 14:00:00,1802.0,1804.6179
2017-12-27 15:00:00,1794.0,1789.2239
2017-12-27 16:00:00,1854.0,1825.9697
2017-12-27 17:00:00,1973.0,1973.2297
2017-12-27 18:00:00,1984.0,1984.0706
2017-12-27 19:00:00,1973.0,1968.6605
2017-12-27 20:00:00,1950.0,1929.8391
2017-12-27 21:00:00,1888.0,1894.8014
2017-12-27 22:00:00,1828.0,1779.0303
2017-12-27 23:00:00,1734.0,1709.5825
2017-12-28 00:00:00,1677.0,1635.0671
2017-12-28 01:00:00,1655.0,1613.3539
2017-12-28 02:00:00,1628.0,1632.9814
2017-12-28 03:00:00,1619.0,1611.6287
2017-12-28 04:00:00,1647.0,1636.4866
2017-12-28 05:00:00,1704.0,1716.8048
2017-12-28 06:00:00,1788.0,1789.7887
2017-12-28 07:00:00,1855.0,1876.9849
2017-12-28 08:00:00,1892.0,1871.8229
2017-12-28 09:00:00,1912.0,1892.6415
2017-12-28 10:00:00,1911.0,1913.2782
2017-12-28 11:00:00,1902.0,1901.6953
2017-12-28 12:00:00,1904.0,1885.1317
2017-12-28 13:00:00,1889.0,1890.6674
2017-12-28 14:00:00,1877.0,1876.2039
2017-12-28 15:00:00,1850.0,1862.2188
2017-12-28 16:00:00,1874.0,1881.0469
2017-12-28 17:00:00,1976.0,1997.3448
2017-12-28 18:00:00,2002.0,1995.9841
2017-12-28 19:00:00,1973.0,1977.7068
2017-12-28 20:00:00,1953.0,1929.5852
2017-12-28 21:00:00,1907.0,1899.6896
2017-12-28 22:00:00,1818.0,1796.5424
2017-12-28 23:00:00,1721.0,1708.5822
2017-12-29 00:00:00,1653.0,1617.8954
2017-12-29 01:00:00,1606.0,1594.3231
2017-12-29 02:00:00,1568.0,1575.2478
2017-12-29 03:00:00,1569.0,1557.25
2017-12-29 04:00:00,1588.0,1575.8752
2017-12-29 05:00:00,1647.0,1659.8842
2017-12-29 06:00:00,1720.0,1759.3364
2017-12-29 07:00:00,1805.0,1803.7764
2017-12-29 08:00:00,1837.0,1836.6958
2017-12-29 09:00:00,1881.0,1849.4995
2017-12-29 10:00:00,1893.0,1883.147
2017-12-29 11:00:00,1878.0,1885.6771
2017-12-29 12:00:00,1881.0,1868.5537
2017-12-29 13:00:00,1867.0,1864.3148
2017-12-29 14:00:00,1847.0,1850.4661
2017-12-29 15:00:00,1817.0,1832.6693
2017-12-29 16:00:00,1850.0,1845.0856
2017-12-29 17:00:00,1941.0,1956.3326
2017-12-29 18:00:00,1933.0,1950.9847
2017-12-29 19:00:00,1916.0,1895.288
2017-12-29 20:00:00,1877.0,1882.6969
2017-12-29 21:00:00,1819.0,1816.633
2017-12-29 22:00:00,1749.0,1734.4067
2017-12-29 23:00:00,1666.0,1650.576
2017-12-30 00:00:00,1593.0,1583.4991
2017-12-30 01:00:00,1552.0,1535.6661
2017-12-30 02:00:00,1529.0,1513.9497
2017-12-30 03:00:00,1517.0,1500.406
2017-12-30 04:00:00,1516.0,1510.5231
2017-12-30 05:00:00,1532.0,1536.2832
2017-12-30 06:00:00,1552.0,1565.9785
2017-12-30 07:00:00,1603.0,1592.7328
2017-12-30 08:00:00,1638.0,1639.4644
2017-12-30 09:00:00,1706.0,1667.3136
2017-12-30 10:00:00,1752.0,1732.0325
2017-12-30 11:00:00,1771.0,1753.158
2017-12-30 12:00:00,1763.0,1760.6865
2017-12-30 13:00:00,1749.0,1757.51
2017-12-30 14:00:00,1746.0,1733.2897
2017-12-30 15:00:00,1727.0,1730.11
2017-12-30 16:00:00,1774.0,1759.6272
2017-12-30 17:00:00,1878.0,1894.5356
2017-12-30 18:00:00,1909.0,1895.4144
2017-12-30 19:00:00,1906.0,1882.7141
2017-12-30 20:00:00,1892.0,1878.544
2017-12-30 21:00:00,1849.0,1860.3099
2017-12-30 22:00:00,1789.0,1784.2933
2017-12-30 23:00:00,1719.0,1698.8743
2017-12-31 00:00:00,1656.0,1631.5233
2017-12-31 01:00:00,1619.0,1586.102
2017-12-31 02:00:00,1600.0,1575.316
2017-12-31 03:00:00,1587.0,1576.568
2017-12-31 04:00:00,1597.0,1585.5112
2017-12-31 05:00:00,1615.0,1624.8756
2017-12-31 06:00:00,1649.0,1651.623
2017-12-31 07:00:00,1683.0,1680.3099
2017-12-31 08:00:00,1717.0,1715.2507
2017-12-31 09:00:00,1749.0,1751.6047
2017-12-31 10:00:00,1781.0,1774.8265
2017-12-31 11:00:00,1815.0,1792.8096
2017-12-31 12:00:00,1810.0,1824.3625
2017-12-31 13:00:00,1776.0,1803.0747
2017-12-31 14:00:00,1754.0,1767.0385
2017-12-31 15:00:00,1763.0,1741.6278
2017-12-31 16:00:00,1807.0,1818.0106
2017-12-31 17:00:00,1920.0,1930.9922
2017-12-31 18:00:00,1938.0,1950.4648
2017-12-31 19:00:00,1907.0,1915.2195
2017-12-31 20:00:00,1869.0,1881.2653
2017-12-31 21:00:00,1834.0,1828.0616
2017-12-31 22:00:00,1795.0,1752.4564
2017-12-31 23:00:00,1749.0,1701.1687
2018-01-01 00:00:00,1704.0,1696.5126
2018-01-01 01:00:00,1663.0,1677.7139
2018-01-01 02:00:00,1633.0,1653.9395
2018-01-01 03:00:00,1619.0,1631.1937
2018-01-01 04:00:00,1623.0,1629.0266
2018-01-01 05:00:00,1649.0,1672.4365
2018-01-01 06:00:00,1675.0,1732.9543
2018-01-01 07:00:00,1682.0,1735.8314
2018-01-01 08:00:00,1698.0,1730.2365
2018-01-01 09:00:00,1731.0,1748.3066
2018-01-01 10:00:00,1743.0,1777.3481
2018-01-01 11:00:00,1764.0,1762.7095
2018-01-01 12:00:00,1784.0,1781.1868
2018-01-01 13:00:00,1803.0,1796.4703
2018-01-01 14:00:00,1811.0,1808.7107
2018-01-01 15:00:00,1828.0,1810.382
2018-01-01 16:00:00,1858.0,1861.0033
2018-01-01 17:00:00,1960.0,1957.1575
2018-01-01 18:00:00,1968.0,1992.6359
2018-01-01 19:00:00,1962.0,1940.0896
2018-01-01 20:00:00,1940.0,1928.1527
2018-01-01 21:00:00,1891.0,1883.7885
2018-01-01 22:00:00,1820.0,1789.5214
2018-01-01 23:00:00,1721.0,1718.6622
2018-01-02 00:00:00,1664.0,1651.9579
2018-01-02 01:00:00,1628.0,1625.0022
2018-01-02 02:00:00,1602.0,1603.103
2018-01-02 03:00:00,1604.0,1598.1569
2018-01-02 04:00:00,1632.0,1627.3724
2018-01-02 05:00:00,1702.0,1711.04
2018-01-02 06:00:00,1804.0,1829.0967
2018-01-02 07:00:00,1898.0,1889.3795
2018-01-02 08:00:00,1937.0,1935.6708
2018-01-02 09:00:00,1978.0,1962.9379
2018-01-02 10:00:00,1985.0,1998.4595
2018-01-02 11:00:00,2009.0,1985.4535
2018-01-02 12:00:00,1997.0,1993.4957
2018-01-02 13:00:00,1954.0,1996.0874
2018-01-02 14:00:00,1931.0,1941.4108
2018-01-02 15:00:00,1917.0,1924.3179
2018-01-02 16:00:00,1949.0,1941.027
2018-01-02 17:00:00,2062.0,2045.1823
2018-01-02 18:00:00,2096.0,2107.7944
2018-01-02 19:00:00,2070.0,2078.0322
2018-01-02 20:00:00,2048.0,2037.842
2018-01-02 21:00:00,1988.0,1986.4061
2018-01-02 22:00:00,1889.0,1878.0256
2018-01-02 23:00:00,1781.0,1786.6722
2018-01-03 00:00:00,1710.0,1720.8296
2018-01-03 01:00:00,1681.0,1674.0753
2018-01-03 02:00:00,1684.0,1662.7078
2018-01-03 03:00:00,1686.0,1694.5431
2018-01-03 04:00:00,1716.0,1726.4944
2018-01-03 05:00:00,1782.0,1806.0535
2018-01-03 06:00:00,1894.0,1933.5619
2018-01-03 07:00:00,1987.0,1989.5345
2018-01-03 08:00:00,2009.0,2024.4133
2018-01-03 09:00:00,1992.0,2021.6925
2018-01-03 10:00:00,1966.0,1989.2229
2018-01-03 11:00:00,1942.0,1953.3518
2018-01-03 12:00:00,1934.0,1930.7119
2018-01-03 13:00:00,1893.0,1923.172
2018-01-03 14:00:00,1857.0,1885.7291
2018-01-03 15:00:00,1844.0,1852.065
2018-01-03 16:00:00,1874.0,1866.5858
2018-01-03 17:00:00,1969.0,1986.5718
2018-01-03 18:00:00,2000.0,2008.47
2018-01-03 19:00:00,1999.0,1983.9182
2018-01-03 20:00:00,1968.0,1970.7408
2018-01-03 21:00:00,1904.0,1914.0145
2018-01-03 22:00:00,1805.0,1804.9124
2018-01-03 23:00:00,1722.0,1694.6643
2018-01-04 00:00:00,1634.0,1650.9371
2018-01-04 01:00:00,1604.0,1606.114
2018-01-04 02:00:00,1587.0,1587.2148
2018-01-04 03:00:00,1580.0,1581.6163
2018-01-04 04:00:00,1613.0,1598.1565
2018-01-04 05:00:00,1680.0,1689.0602
2018-01-04 06:00:00,1791.0,1799.8429
2018-01-04 07:00:00,1884.0,1883.3928
2018-01-04 08:00:00,1903.0,1910.4249
2018-01-04 09:00:00,1920.0,1907.4209
2018-01-04 10:00:00,1945.0,1931.7922
2018-01-04 11:00:00,1957.0,1938.6869
2018-01-04 12:00:00,1966.0,1942.1086
2018-01-04 13:00:00,1957.0,1961.4537
2018-01-04 14:00:00,1961.0,1937.4718
2018-01-04 15:00:00,1970.0,1952.8811
2018-01-04 16:00:00,1989.0,1995.7458
2018-01-04 17:00:00,2094.0,2069.8206
2018-01-04 18:00:00,2134.0,2114.3076
2018-01-04 19:00:00,2140.0,2101.5386
2018-01-04 20:00:00,2086.0,2108.696
2018-01-04 21:00:00,2025.0,2034.9302
2018-01-04 22:00:00,1951.0,1915.5211
2018-01-04 23:00:00,1841.0,1840.1176
2018-01-05 00:00:00,1778.0,1791.7588
2018-01-05 01:00:00,1774.0,1729.574
2018-01-05 02:00:00,1753.0,1746.9711
2018-01-05 03:00:00,1742.0,1751.4609
2018-01-05 04:00:00,1772.0,1770.7809
2018-01-05 05:00:00,1843.0,1852.9396
2018-01-05 06:00:00,1934.0,1964.1476
2018-01-05 07:00:00,2012.0,2020.4717
2018-01-05 08:00:00,2055.0,2034.9718
2018-01-05 09:00:00,2074.0,2069.958
2018-01-05 10:00:00,2098.0,2082.0305
2018-01-05 11:00:00,2082.0,2099.4766
2018-01-05 12:00:00,2070.0,2067.7974
2018-01-05 13:00:00,2055.0,2055.648
2018-01-05 14:00:00,2041.0,2030.8151
2018-01-05 15:00:00,2036.0,2022.164
2018-01-05 16:00:00,2055.0,2040.6877
2018-01-05 17:00:00,2159.0,2122.9507
2018-01-05 18:00:00,2176.0,2201.1062
2018-01-05 19:00:00,2140.0,2155.4243
2018-01-05 20:00:00,2127.0,2092.2256
2018-01-05 21:00:00,2079.0,2071.2422
2018-01-05 22:00:00,1976.0,1975.811
2018-01-05 23:00:00,1894.0,1887.5518
2018-01-06 00:00:00,1836.0,1829.6749
2018-01-06 01:00:00,1805.0,1801.223
2018-01-06 02:00:00,1780.0,1769.9142
2018-01-06 03:00:00,1758.0,1774.1146
2018-01-06 04:00:00,1770.0,1779.1492
2018-01-06 05:00:00,1787.0,1804.899
2018-01-06 06:00:00,1840.0,1837.822
2018-01-06 07:00:00,1885.0,1909.4735
2018-01-06 08:00:00,1931.0,1924.2699
2018-01-06 09:00:00,1965.0,1983.1732
2018-01-06 10:00:00,1976.0,1982.5045
2018-01-06 11:00:00,1983.0,1971.0273
2018-01-06 12:00:00,1961.0,1966.3081
2018-01-06 13:00:00,1960.0,1948.0828
2018-01-06 14:00:00,1950.0,1950.7657
2018-01-06 15:00:00,1950.0,1943.0906
2018-01-06 16:00:00,1962.0,1966.3062
2018-01-06 17:00:00,2062.0,2047.319
2018-01-06 18:00:00,2070.0,2094.8564
2018-01-06 19:00:00,2059.0,2054.0261
2018-01-06 20:00:00,2042.0,2019.4535
2018-01-06 21:00:00,2000.0,1990.7667
2018-01-06 22:00:00,1915.0,1897.5975
2018-01-06 23:00:00,1862.0,1828.9528
2018-01-07 00:00:00,1815.0,1804.7548
2018-01-07 01:00:00,1774.0,1753.6083
2018-01-07 02:00:00,1739.0,1743.3774
2018-01-07 03:00:00,1737.0,1725.014
2018-01-07 04:00:00,1757.0,1753.7091
2018-01-07 05:00:00,1780.0,1812.1862
2018-01-07 06:00:00,1805.0,1840.1787
2018-01-07 07:00:00,1841.0,1855.1349
2018-01-07 08:00:00,1871.0,1871.8221
2018-01-07 09:00:00,1911.0,1899.8169
2018-01-07 10:00:00,1907.0,1933.7172
2018-01-07 11:00:00,1891.0,1908.6038
2018-01-07 12:00:00,1886.0,1886.5012
2018-01-07 13:00:00,1854.0,1887.0157
2018-01-07 14:00:00,1847.0,1850.6176
2018-01-07 15:00:00,1829.0,1837.3921
2018-01-07 16:00:00,1863.0,1857.4607
2018-01-07 17:00:00,1980.0,1964.1133
2018-01-07 18:00:00,1988.0,2006.1256
2018-01-07 19:00:00,1942.0,1963.789
2018-01-07 20:00:00,1905.0,1911.3923
2018-01-07 21:00:00,1841.0,1868.121
2018-01-07 22:00:00,1748.0,1766.1252
2018-01-07 23:00:00,1674.0,1667.8138
2018-01-08 00:00:00,1607.0,1598.1892
2018-01-08 01:00:00,1548.0,1561.7898
2018-01-08 02:00:00,1533.0,1525.0605
2018-01-08 03:00:00,1528.0,1519.598
2018-01-08 04:00:00,1535.0,1541.2346
2018-01-08 05:00:00,1596.0,1601.9338
2018-01-08 06:00:00,1719.0,1706.505
2018-01-08 07:00:00,1801.0,1809.202
2018-01-08 08:00:00,1816.0,1847.5986
2018-01-08 09:00:00,1875.0,1832.9939
2018-01-08 10:00:00,1895.0,1885.5637
2018-01-08 11:00:00,1886.0,1891.8977
2018-01-08 12:00:00,1895.0,1880.4452
2018-01-08 13:00:00,1890.0,1881.9512
2018-01-08 14:00:00,1871.0,1877.8546
2018-01-08 15:00:00,1846.0,1851.8367
2018-01-08 16:00:00,1862.0,1862.1141
2018-01-08 17:00:00,1904.0,1950.9485
2018-01-08 18:00:00,1902.0,1934.1978
2018-01-08 19:00:00,1854.0,1880.0575
2018-01-08 20:00:00,1840.0,1825.0033
2018-01-08 21:00:00,1773.0,1773.7562
2018-01-08 22:00:00,1664.0,1668.0525
2018-01-08 23:00:00,1556.0,1568.6176
2018-01-09 00:00:00,1488.0,1483.732
2018-01-09 01:00:00,1435.0,1442.9298
2018-01-09 02:00:00,1414.0,1416.2408
2018-01-09 03:00:00,1428.0,1406.4713
2018-01-09 04:00:00,1467.0,1429.724
2018-01-09 05:00:00,1522.0,1551.1414
2018-01-09 06:00:00,1632.0,1653.9146
2018-01-09 07:00:00,1741.0,1733.5292
2018-01-09 08:00:00,1742.0,1792.8113
2018-01-09 09:00:00,1745.0,1775.0127
2018-01-09 10:00:00,1761.0,1766.7559
2018-01-09 11:00:00,1747.0,1766.5353
2018-01-09 12:00:00,1721.0,1743.1743
2018-01-09 13:00:00,1691.0,1715.7461
2018-01-09 14:00:00,1668.0,1683.1846
2018-01-09 15:00:00,1661.0,1665.7886
2018-01-09 16:00:00,1679.0,1686.9067
2018-01-09 17:00:00,1781.0,1756.3496
2018-01-09 18:00:00,1820.0,1820.8793
2018-01-09 19:00:00,1808.0,1797.8174
2018-01-09 20:00:00,1769.0,1771.6051
2018-01-09 21:00:00,1713.0,1712.9117
2018-01-09 22:00:00,1644.0,1624.3322
2018-01-09 23:00:00,1565.0,1541.3822
2018-01-10 00:00:00,1506.0,1490.0444
2018-01-10 01:00:00,1478.0,1472.1376
2018-01-10 02:00:00,1471.0,1475.4147
2018-01-10 03:00:00,1459.0,1482.3082
2018-01-10 04:00:00,1489.0,1497.458
2018-01-10 05:00:00,1565.0,1563.6515
2018-01-10 06:00:00,1681.0,1709.9082
2018-01-10 07:00:00,1791.0,1786.651
2018-01-10 08:00:00,1810.0,1814.5146
2018-01-10 09:00:00,1813.0,1828.2456
2018-01-10 10:00:00,1825.0,1823.594
2018-01-10 11:00:00,1803.0,1824.9409
2018-01-10 12:00:00,1767.0,1796.4066
2018-01-10 13:00:00,1749.0,1767.2
2018-01-10 14:00:00,1727.0,1736.1119
2018-01-10 15:00:00,1705.0,1725.0608
2018-01-10 16:00:00,1694.0,1727.1973
2018-01-10 17:00:00,1785.0,1764.5256
2018-01-10 18:00:00,1768.0,1839.8243
2018-01-10 19:00:00,1734.0,1756.5957
2018-01-10 20:00:00,1684.0,1728.4507
2018-01-10 21:00:00,1621.0,1658.3507
2018-01-10 22:00:00,1542.0,1526.5555
2018-01-10 23:00:00,1441.0,1449.2861
2018-01-11 00:00:00,1375.0,1371.1573
2018-01-11 01:00:00,1336.0,1345.1814
2018-01-11 02:00:00,1313.0,1317.57
2018-01-11 03:00:00,1331.0,1307.2545
2018-01-11 04:00:00,1342.0,1345.8022
2018-01-11 05:00:00,1422.0,1417.7108
2018-01-11 06:00:00,1545.0,1558.0359
2018-01-11 07:00:00,1626.0,1644.2826
2018-01-11 08:00:00,1624.0,1666.959
2018-01-11 09:00:00,1641.0,1644.4241
2018-01-11 10:00:00,1632.0,1661.5084
2018-01-11 11:00:00,1600.0,1630.6377
2018-01-11 12:00:00,1581.0,1595.899
2018-01-11 13:00:00,1581.0,1572.0265
2018-01-11 14:00:00,1558.0,1569.9294
2018-01-11 15:00:00,1546.0,1556.0979
2018-01-11 16:00:00,1565.0,1571.287
2018-01-11 17:00:00,1615.0,1619.7782
2018-01-11 18:00:00,1612.0,1645.4824
2018-01-11 19:00:00,1585.0,1610.6279
2018-01-11 20:00:00,1561.0,1576.0328
2018-01-11 21:00:00,1510.0,1545.4454
2018-01-11 22:00:00,1428.0,1450.7726
2018-01-11 23:00:00,1330.0,1368.4456
2018-01-12 00:00:00,1285.0,1275.1202
2018-01-12 01:00:00,1243.0,1247.5067
2018-01-12 02:00:00,1223.0,1232.3484
2018-01-12 03:00:00,1224.0,1215.2931
2018-01-12 04:00:00,1226.0,1237.7147
2018-01-12 05:00:00,1302.0,1298.2806
2018-01-12 06:00:00,1435.0,1418.6957
2018-01-12 07:00:00,1528.0,1510.3743
2018-01-12 08:00:00,1542.0,1588.2778
2018-01-12 09:00:00,1564.0,1587.4159
2018-01-12 10:00:00,1577.0,1585.873
2018-01-12 11:00:00,1576.0,1590.3196
2018-01-12 12:00:00,1560.0,1578.0912
2018-01-12 13:00:00,1586.0,1567.2709
2018-01-12 14:00:00,1576.0,1580.4902
2018-01-12 15:00:00,1592.0,1569.871
2018-01-12 16:00:00,1640.0,1605.746
2018-01-12 17:00:00,1699.0,1693.0999
2018-01-12 18:00:00,1714.0,1727.0702
2018-01-12 19:00:00,1686.0,1696.2783
2018-01-12 20:00:00,1648.0,1661.071
2018-01-12 21:00:00,1605.0,1610.1533
2018-01-12 22:00:00,1567.0,1529.7891
2018-01-12 23:00:00,1506.0,1487.145
2018-01-13 00:00:00,1445.0,1441.6687
2018-01-13 01:00:00,1437.0,1403.6377
2018-01-13 02:00:00,1439.0,1423.02
2018-01-13 03:00:00,1456.0,1429.8435
2018-01-13 04:00:00,1475.0,1471.3601
2018-01-13 05:00:00,1502.0,1516.7048
2018-01-13 06:00:00,1536.0,1561.4618
2018-01-13 07:00:00,1577.0,1580.8033
2018-01-13 08:00:00,1609.0,1607.2512
2018-01-13 09:00:00,1677.0,1647.2616
2018-01-13 10:00:00,1705.0,1705.1389
2018-01-13 11:00:00,1712.0,1710.4861
2018-01-13 12:00:00,1709.0,1712.4802
2018-01-13 13:00:00,1710.0,1702.5308
2018-01-13 14:00:00,1716.0,1697.281
2018-01-13 15:00:00,1732.0,1710.1202
2018-01-13 16:00:00,1768.0,1759.545
2018-01-13 17:00:00,1856.0,1839.6111
2018-01-13 18:00:00,1888.0,1882.1003
2018-01-13 19:00:00,1864.0,1876.2301
2018-01-13 20:00:00,1847.0,1846.3584
2018-01-13 21:00:00,1809.0,1806.6506
2018-01-13 22:00:00,1743.0,1741.6014
2018-01-13 23:00:00,1689.0,1671.4287
2018-01-14 00:00:00,1645.0,1618.4448
2018-01-14 01:00:00,1614.0,1602.0599
2018-01-14 02:00:00,1598.0,1600.3248
2018-01-14 03:00:00,1591.0,1582.2406
2018-01-14 04:00:00,1613.0,1596.7635
2018-01-14 05:00:00,1640.0,1652.3053
2018-01-14 06:00:00,1681.0,1686.6088
2018-01-14 07:00:00,1718.0,1721.7494
2018-01-14 08:00:00,1748.0,1749.5497
2018-01-14 09:00:00,1774.0,1773.8002
2018-01-14 10:00:00,1765.0,1788.5662
2018-01-14 11:00:00,1761.0,1773.219
2018-01-14 12:00:00,1761.0,1760.2314
2018-01-14 13:00:00,1742.0,1767.4487
2018-01-14 14:00:00,1717.0,1745.2952
2018-01-14 15:00:00,1698.0,1718.2004
2018-01-14 16:00:00,1737.0,1732.2003
2018-01-14 17:00:00,1858.0,1839.5135
2018-01-14 18:00:00,1894.0,1906.821
2018-01-14 19:00:00,1887.0,1887.5035
2018-01-14 20:00:00,1854.0,1869.4808
2018-01-14 21:00:00,1821.0,1818.7073
2018-01-14 22:00:00,1761.0,1744.6062
2018-01-14 23:00:00,1681.0,1682.6177
2018-01-15 00:00:00,1635.0,1613.6497
2018-01-15 01:00:00,1620.0,1593.7671
2018-01-15 02:00:00,1612.0,1611.2418
2018-01-15 03:00:00,1636.0,1616.0223
2018-01-15 04:00:00,1648.0,1656.4347
2018-01-15 05:00:00,1693.0,1720.6473
2018-01-15 06:00:00,1776.0,1787.9164
2018-01-15 07:00:00,1846.0,1841.4097
2018-01-15 08:00:00,1883.0,1877.2925
2018-01-15 09:00:00,1908.0,1895.2446
2018-01-15 10:00:00,1914.0,1902.4136
2018-01-15 11:00:00,1909.0,1901.44
2018-01-15 12:00:00,1878.0,1888.4688
2018-01-15 13:00:00,1850.0,1861.0972
2018-01-15 14:00:00,1847.0,1830.6315
2018-01-15 15:00:00,1841.0,1826.833
2018-01-15 16:00:00,1849.0,1860.8579
2018-01-15 17:00:00,1906.0,1918.9558
2018-01-15 18:00:00,1913.0,1939.0675
2018-01-15 19:00:00,1900.0,1886.8152
2018-01-15 20:00:00,1860.0,1866.51
2018-01-15 21:00:00,1774.0,1793.2832
2018-01-15 22:00:00,1689.0,1668.8204
2018-01-15 23:00:00,1592.0,1583.0415
2018-01-16 00:00:00,1544.0,1528.097
2018-01-16 01:00:00,1506.0,1502.2987
2018-01-16 02:00:00,1495.0,1493.8218
2018-01-16 03:00:00,1502.0,1492.0321
2018-01-16 04:00:00,1518.0,1521.3379
2018-01-16 05:00:00,1579.0,1591.7301
2018-01-16 06:00:00,1681.0,1712.4015
2018-01-16 07:00:00,1774.0,1774.7731
2018-01-16 08:00:00,1784.0,1802.7823
2018-01-16 09:00:00,1787.0,1791.9797
2018-01-16 10:00:00,1800.0,1795.6536
2018-01-16 11:00:00,1806.0,1798.3896
2018-01-16 12:00:00,1822.0,1795.0468
2018-01-16 13:00:00,1820.0,1820.3146
2018-01-16 14:00:00,1827.0,1811.6718
2018-01-16 15:00:00,1842.0,1815.4618
2018-01-16 16:00:00,1871.0,1857.6873
2018-01-16 17:00:00,1935.0,1938.179
2018-01-16 18:00:00,1974.0,1957.4321
2018-01-16 19:00:00,1978.0,1948.0979
2018-01-16 20:00:00,1934.0,1937.3068
2018-01-16 21:00:00,1883.0,1873.6564
2018-01-16 22:00:00,1818.0,1778.2355
2018-01-16 23:00:00,1743.0,1718.2844
2018-01-17 00:00:00,1679.0,1672.1571
2018-01-17 01:00:00,1650.0,1637.5444
2018-01-17 02:00:00,1650.0,1634.4758
2018-01-17 03:00:00,1664.0,1649.0424
2018-01-17 04:00:00,1659.0,1696.7728
2018-01-17 05:00:00,1752.0,1718.9243
2018-01-17 06:00:00,1873.0,1874.7817
2018-01-17 07:00:00,1969.0,1947.3308
2018-01-17 08:00:00,1998.0,1986.6086
2018-01-17 09:00:00,2008.0,2022.8691
2018-01-17 10:00:00,1988.0,2014.6844
2018-01-17 11:00:00,1960.0,1968.7051
2018-01-17 12:00:00,1937.0,1943.2975
2018-01-17 13:00:00,1919.0,1921.843
2018-01-17 14:00:00,1902.0,1898.1735
2018-01-17 15:00:00,1876.0,1886.0994
2018-01-17 16:00:00,1897.0,1895.118
2018-01-17 17:00:00,2000.0,1965.1738
2018-01-17 18:00:00,2041.0,2046.6499
2018-01-17 19:00:00,2036.0,2023.4746
2018-01-17 20:00:00,2001.0,2007.1676
2018-01-17 21:00:00,1947.0,1950.6766
2018-01-17 22:00:00,1860.0,1837.4875
2018-01-17 23:00:00,1772.0,1749.5856
2018-01-18 00:00:00,1726.0,1697.8433
2018-01-18 01:00:00,1690.0,1694.4565
2018-01-18 02:00:00,1678.0,1672.2953
2018-01-18 03:00:00,1669.0,1683.1577
2018-01-18 04:00:00,1692.0,1697.9653
2018-01-18 05:00:00,1768.0,1766.2657
2018-01-18 06:00:00,1880.0,1898.452
2018-01-18 07:00:00,1951.0,1945.9021
2018-01-18 08:00:00,1956.0,1966.6583
2018-01-18 09:00:00,1950.0,1964.1321
2018-01-18 10:00:00,1937.0,1949.4585
2018-01-18 11:00:00,1918.0,1925.0966
2018-01-18 12:00:00,1894.0,1909.0525
2018-01-18 13:00:00,1872.0,1889.368
2018-01-18 14:00:00,1820.0,1861.1332
2018-01-18 15:00:00,1798.0,1812.0159
2018-01-18 16:00:00,1811.0,1824.9376
2018-01-18 17:00:00,1885.0,1890.9408
2018-01-18 18:00:00,1905.0,1940.4808
2018-01-18 19:00:00,1899.0,1902.0442
2018-01-18 20:00:00,1870.0,1885.5597
2018-01-18 21:00:00,1816.0,1818.6707
2018-01-18 22:00:00,1723.0,1718.5376
2018-01-18 23:00:00,1643.0,1632.7118
2018-01-19 00:00:00,1589.0,1568.8225
2018-01-19 01:00:00,1563.0,1551.0591
2018-01-19 02:00:00,1553.0,1547.7161
2018-01-19 03:00:00,1549.0,1538.1846
2018-01-19 04:00:00,1557.0,1559.3099
2018-01-19 05:00:00,1637.0,1626.7896
2018-01-19 06:00:00,1743.0,1749.7274
2018-01-19 07:00:00,1828.0,1828.6201
2018-01-19 08:00:00,1851.0,1855.6729
2018-01-19 09:00:00,1842.0,1861.2242
2018-01-19 10:00:00,1822.0,1841.6609
2018-01-19 11:00:00,1788.0,1813.6218
2018-01-19 12:00:00,1761.0,1773.6182
2018-01-19 13:00:00,1747.0,1747.7733
2018-01-19 14:00:00,1720.0,1729.338
2018-01-19 15:00:00,1678.0,1711.6473
2018-01-19 16:00:00,1684.0,1696.5624
2018-01-19 17:00:00,1732.0,1736.8629
2018-01-19 18:00:00,1761.0,1784.6727
2018-01-19 19:00:00,1722.0,1755.4503
2018-01-19 20:00:00,1701.0,1720.8224
2018-01-19 21:00:00,1671.0,1667.4045
2018-01-19 22:00:00,1586.0,1601.7996
2018-01-19 23:00:00,1510.0,1510.0466
2018-01-20 00:00:00,1453.0,1442.3058
2018-01-20 01:00:00,1423.0,1418.7668
2018-01-20 02:00:00,1404.0,1408.686
2018-01-20 03:00:00,1380.0,1397.6282
2018-01-20 04:00:00,1388.0,1393.8191
2018-01-20 05:00:00,1422.0,1410.9667
2018-01-20 06:00:00,1465.0,1470.5667
2018-01-20 07:00:00,1513.0,1496.848
2018-01-20 08:00:00,1543.0,1565.0197
2018-01-20 09:00:00,1537.0,1578.2794
2018-01-20 10:00:00,1557.0,1541.6809
2018-01-20 11:00:00,1538.0,1552.9875
2018-01-20 12:00:00,1509.0,1525.6534
2018-01-20 13:00:00,1486.0,1498.0502
2018-01-20 14:00:00,1474.0,1477.5952
2018-01-20 15:00:00,1455.0,1476.3248
2018-01-20 16:00:00,1481.0,1476.7186
2018-01-20 17:00:00,1555.0,1559.5985
2018-01-20 18:00:00,1595.0,1615.1887
2018-01-20 19:00:00,1588.0,1596.4094
2018-01-20 20:00:00,1564.0,1570.2542
2018-01-20 21:00:00,1544.0,1538.782
2018-01-20 22:00:00,1484.0,1484.3206
2018-01-20 23:00:00,1409.0,1413.1538
2018-01-21 00:00:00,1364.0,1343.9934
2018-01-21 01:00:00,1322.0,1318.7881
2018-01-21 02:00:00,1296.0,1301.349
2018-01-21 03:00:00,1290.0,1280.5388
2018-01-21 04:00:00,1291.0,1296.291
2018-01-21 05:00:00,1305.0,1315.1007
2018-01-21 06:00:00,1331.0,1348.4943
2018-01-21 07:00:00,1381.0,1367.9877
2018-01-21 08:00:00,1411.0,1418.5217
2018-01-21 09:00:00,1450.0,1438.5652
2018-01-21 10:00:00,1464.0,1480.8572
2018-01-21 11:00:00,1493.0,1470.154
2018-01-21 12:00:00,1483.0,1504.2354
2018-01-21 13:00:00,1465.0,1485.529
2018-01-21 14:00:00,1451.0,1463.9164
2018-01-21 15:00:00,1482.0,1452.5668
2018-01-21 16:00:00,1514.0,1506.4062
2018-01-21 17:00:00,1572.0,1585.2904
2018-01-21 18:00:00,1584.0,1626.4287
2018-01-21 19:00:00,1562.0,1594.1718
2018-01-21 20:00:00,1538.0,1568.9026
2018-01-21 21:00:00,1499.0,1520.9025
2018-01-21 22:00:00,1425.0,1442.2823
2018-01-21 23:00:00,1341.0,1343.5671
2018-01-22 00:00:00,1283.0,1283.0468
2018-01-22 01:00:00,1269.0,1254.0652
2018-01-22 02:00:00,1259.0,1252.5156
2018-01-22 03:00:00,1259.0,1266.7306
2018-01-22 04:00:00,1284.0,1292.5377
2018-01-22 05:00:00,1359.0,1363.096
2018-01-22 06:00:00,1458.0,1499.9219
2018-01-22 07:00:00,1539.0,1563.3137
2018-01-22 08:00:00,1549.0,1614.161
2018-01-22 09:00:00,1569.0,1605.0253
2018-01-22 10:00:00,1567.0,1600.2997
2018-01-22 11:00:00,1579.0,1588.4102
2018-01-22 12:00:00,1567.0,1583.9175
2018-01-22 13:00:00,1559.0,1572.9376
2018-01-22 14:00:00,1539.0,1559.6199
2018-01-22 15:00:00,1519.0,1554.454
2018-01-22 16:00:00,1530.0,1558.7379
2018-01-22 17:00:00,1591.0,1593.6903
2018-01-22 18:00:00,1594.0,1639.5533
2018-01-22 19:00:00,1576.0,1602.3147
2018-01-22 20:00:00,1547.0,1573.7667
2018-01-22 21:00:00,1493.0,1524.5858
2018-01-22 22:00:00,1388.0,1425.7162
2018-01-22 23:00:00,1318.0,1326.195
2018-01-23 00:00:00,1256.0,1257.6631
2018-01-23 01:00:00,1223.0,1228.3364
2018-01-23 02:00:00,1198.0,1211.2715
2018-01-23 03:00:00,1189.0,1198.3217
2018-01-23 04:00:00,1224.0,1216.0543
2018-01-23 05:00:00,1284.0,1292.6266
2018-01-23 06:00:00,1394.0,1416.072
2018-01-23 07:00:00,1486.0,1505.4813
2018-01-23 08:00:00,1510.0,1563.2638
2018-01-23 09:00:00,1536.0,1575.0736
2018-01-23 10:00:00,1550.0,1591.8832
2018-01-23 11:00:00,1576.0,1580.0746
2018-01-23 12:00:00,1614.0,1576.9382
2018-01-23 13:00:00,1613.0,1624.6619
2018-01-23 14:00:00,1635.0,1622.885
2018-01-23 15:00:00,1619.0,1644.8112
2018-01-23 16:00:00,1660.0,1642.3204
2018-01-23 17:00:00,1732.0,1727.941
2018-01-23 18:00:00,1724.0,1764.2402
2018-01-23 19:00:00,1704.0,1714.6136
2018-01-23 20:00:00,1663.0,1691.5568
2018-01-23 21:00:00,1613.0,1624.7185
2018-01-23 22:00:00,1532.0,1517.1558
2018-01-23 23:00:00,1454.0,1436.8099
2018-01-24 00:00:00,1398.0,1382.5708
2018-01-24 01:00:00,1358.0,1364.92
2018-01-24 02:00:00,1352.0,1346.902
2018-01-24 03:00:00,1352.0,1344.6863
2018-01-24 04:00:00,1388.0,1369.7943
2018-01-24 05:00:00,1454.0,1476.5668
2018-01-24 06:00:00,1597.0,1590.2063
2018-01-24 07:00:00,1696.0,1691.1014
2018-01-24 08:00:00,1703.0,1733.2914
2018-01-24 09:00:00,1745.0,1734.1953
2018-01-24 10:00:00,1759.0,1769.1942
2018-01-24 11:00:00,1777.0,1763.5164
2018-01-24 12:00:00,1763.0,1776.5995
2018-01-24 13:00:00,1759.0,1760.6356
2018-01-24 14:00:00,1761.0,1746.1893
2018-01-24 15:00:00,1758.0,1748.721
2018-01-24 16:00:00,1772.0,1768.9799
2018-01-24 17:00:00,1811.0,1823.7974
2018-01-24 18:00:00,1829.0,1839.1246
2018-01-24 19:00:00,1799.0,1812.8158
2018-01-24 20:00:00,1770.0,1775.6797
2018-01-24 21:00:00,1711.0,1725.9833
2018-01-24 22:00:00,1615.0,1623.8944
2018-01-24 23:00:00,1538.0,1511.3906
2018-01-25 00:00:00,1471.0,1460.3451
2018-01-25 01:00:00,1452.0,1433.5625
2018-01-25 02:00:00,1429.0,1430.5576
2018-01-25 03:00:00,1435.0,1430.0414
2018-01-25 04:00:00,1474.0,1456.2751
2018-01-25 05:00:00,1549.0,1556.9298
2018-01-25 06:00:00,1669.0,1700.2476
2018-01-25 07:00:00,1745.0,1763.7833
2018-01-25 08:00:00,1760.0,1776.0621
2018-01-25 09:00:00,1774.0,1774.9723
2018-01-25 10:00:00,1774.0,1785.2625
2018-01-25 11:00:00,1768.0,1771.413
2018-01-25 12:00:00,1774.0,1758.0089
2018-01-25 13:00:00,1765.0,1768.7704
2018-01-25 14:00:00,1739.0,1754.698
2018-01-25 15:00:00,1729.0,1727.2665
2018-01-25 16:00:00,1720.0,1744.92
2018-01-25 17:00:00,1757.0,1777.6022
2018-01-25 18:00:00,1787.0,1801.2142
2018-01-25 19:00:00,1763.0,1778.054
2018-01-25 20:00:00,1740.0,1754.1298
2018-01-25 21:00:00,1674.0,1682.7402
2018-01-25 22:00:00,1599.0,1576.369
2018-01-25 23:00:00,1517.0,1509.6782
2018-01-26 00:00:00,1460.0,1440.8893
2018-01-26 01:00:00,1436.0,1421.2535
2018-01-26 02:00:00,1427.0,1426.7532
2018-01-26 03:00:00,1430.0,1429.403
2018-01-26 04:00:00,1459.0,1455.2308
2018-01-26 05:00:00,1527.0,1538.628
2018-01-26 06:00:00,1644.0,1661.1538
2018-01-26 07:00:00,1726.0,1726.4148
2018-01-26 08:00:00,1718.0,1749.3732
2018-01-26 09:00:00,1696.0,1730.941
2018-01-26 10:00:00,1671.0,1708.7186
2018-01-26 11:00:00,1636.0,1671.2603
2018-01-26 12:00:00,1600.0,1623.6636
2018-01-26 13:00:00,1575.0,1586.0964
2018-01-26 14:00:00,1539.0,1566.108
2018-01-26 15:00:00,1500.0,1534.226
2018-01-26 16:00:00,1495.0,1521.7482
2018-01-26 17:00:00,1538.0,1555.9819
2018-01-26 18:00:00,1578.0,1593.4058
2018-01-26 19:00:00,1557.0,1580.2224
2018-01-26 20:00:00,1533.0,1565.6134
2018-01-26 21:00:00,1495.0,1503.3375
2018-01-26 22:00:00,1435.0,1435.1155
2018-01-26 23:00:00,1363.0,1361.891
2018-01-27 00:00:00,1318.0,1297.282
2018-01-27 01:00:00,1284.0,1276.235
2018-01-27 02:00:00,1263.0,1258.6951
2018-01-27 03:00:00,1251.0,1254.9849
2018-01-27 04:00:00,1261.0,1253.0632
2018-01-27 05:00:00,1291.0,1287.5934
2018-01-27 06:00:00,1336.0,1332.1178
2018-01-27 07:00:00,1376.0,1376.4247
2018-01-27 08:00:00,1413.0,1401.1046
2018-01-27 09:00:00,1448.0,1431.648
2018-01-27 10:00:00,1470.0,1464.3763
2018-01-27 11:00:00,1483.0,1471.359
2018-01-27 12:00:00,1479.0,1472.2991
2018-01-27 13:00:00,1468.0,1471.2527
2018-01-27 14:00:00,1455.0,1455.3177
2018-01-27 15:00:00,1448.0,1446.1588
2018-01-27 16:00:00,1466.0,1455.2676
2018-01-27 17:00:00,1507.0,1515.0879
2018-01-27 18:00:00,1509.0,1552.2847
2018-01-27 19:00:00,1489.0,1518.5623
2018-01-27 20:00:00,1465.0,1507.1298
2018-01-27 21:00:00,1413.0,1457.6677
2018-01-27 22:00:00,1364.0,1354.1615
2018-01-27 23:00:00,1287.0,1295.9077
2018-01-28 00:00:00,1232.0,1231.1699
2018-01-28 01:00:00,1196.0,1196.6404
2018-01-28 02:00:00,1175.0,1172.2456
2018-01-28 03:00:00,1173.0,1160.1797
2018-01-28 04:00:00,1178.0,1173.36
2018-01-28 05:00:00,1204.0,1191.394
2018-01-28 06:00:00,1243.0,1222.6647
2018-01-28 07:00:00,1296.0,1261.0453
2018-01-28 08:00:00,1329.0,1329.5596
2018-01-28 09:00:00,1370.0,1370.7262
2018-01-28 10:00:00,1385.0,1394.3105
2018-01-28 11:00:00,1380.0,1400.9254
2018-01-28 12:00:00,1368.0,1383.4071
2018-01-28 13:00:00,1357.0,1367.7545
2018-01-28 14:00:00,1344.0,1356.1863
2018-01-28 15:00:00,1343.0,1350.9469
2018-01-28 16:00:00,1367.0,1367.2971
2018-01-28 17:00:00,1447.0,1405.761
2018-01-28 18:00:00,1513.0,1477.3643
2018-01-28 19:00:00,1515.0,1526.4597
2018-01-28 20:00:00,1498.0,1519.817
2018-01-28 21:00:00,1456.0,1471.638
2018-01-28 22:00:00,1393.0,1390.0306
2018-01-28 23:00:00,1339.0,1318.7529
2018-01-29 00:00:00,1309.0,1260.6495
2018-01-29 01:00:00,1291.0,1273.993
2018-01-29 02:00:00,1293.0,1279.9512
2018-01-29 03:00:00,1296.0,1302.5056
2018-01-29 04:00:00,1324.0,1329.3171
2018-01-29 05:00:00,1409.0,1410.984
2018-01-29 06:00:00,1534.0,1541.9652
2018-01-29 07:00:00,1628.0,1625.6769
2018-01-29 08:00:00,1648.0,1661.6681
2018-01-29 09:00:00,1667.0,1672.4347
2018-01-29 10:00:00,1670.0,1679.8442
2018-01-29 11:00:00,1649.0,1672.9053
2018-01-29 12:00:00,1624.0,1646.8694
2018-01-29 13:00:00,1604.0,1624.8055
2018-01-29 14:00:00,1589.0,1597.8875
2018-01-29 15:00:00,1567.0,1589.847
2018-01-29 16:00:00,1569.0,1586.1963
2018-01-29 17:00:00,1626.0,1609.363
2018-01-29 18:00:00,1663.0,1648.1156
2018-01-29 19:00:00,1630.0,1665.2288
2018-01-29 20:00:00,1616.0,1638.0282
2018-01-29 21:00:00,1567.0,1577.1196
2018-01-29 22:00:00,1488.0,1494.5868
2018-01-29 23:00:00,1438.0,1393.3246
2018-01-30 00:00:00,1401.0,1357.5043
2018-01-30 01:00:00,1365.0,1368.6646
2018-01-30 02:00:00,1368.0,1362.229
2018-01-30 03:00:00,1374.0,1362.4745
2018-01-30 04:00:00,1416.0,1405.5132
2018-01-30 05:00:00,1508.0,1495.4557
2018-01-30 06:00:00,1640.0,1647.5326
2018-01-30 07:00:00,1735.0,1712.5302
2018-01-30 08:00:00,1758.0,1764.1472
2018-01-30 09:00:00,1799.0,1776.6162
2018-01-30 10:00:00,1813.0,1807.7479
2018-01-30 11:00:00,1817.0,1804.8405
2018-01-30 12:00:00,1805.0,1810.1177
2018-01-30 13:00:00,1806.0,1795.1615
2018-01-30 14:00:00,1798.0,1787.2451
2018-01-30 15:00:00,1791.0,1785.5453
2018-01-30 16:00:00,1817.0,1798.1248
2018-01-30 17:00:00,1860.0,1875.664
2018-01-30 18:00:00,1907.0,1887.9631
2018-01-30 19:00:00,1888.0,1887.1523
2018-01-30 20:00:00,1845.0,1867.5892
2018-01-30 21:00:00,1794.0,1791.3159
2018-01-30 22:00:00,1706.0,1694.4003
2018-01-30 23:00:00,1635.0,1614.9697
2018-01-31 00:00:00,1570.0,1559.9049
2018-01-31 01:00:00,1542.0,1527.6505
2018-01-31 02:00:00,1542.0,1524.2913
2018-01-31 03:00:00,1536.0,1540.7383
2018-01-31 04:00:00,1561.0,1573.5973
2018-01-31 05:00:00,1642.0,1649.8607
2018-01-31 06:00:00,1753.0,1776.0092
2018-01-31 07:00:00,1841.0,1829.7479
2018-01-31 08:00:00,1845.0,1862.6605
2018-01-31 09:00:00,1852.0,1849.1625
2018-01-31 10:00:00,1859.0,1850.5474
2018-01-31 11:00:00,1809.0,1849.2784
2018-01-31 12:00:00,1774.0,1795.1183
2018-01-31 13:00:00,1729.0,1756.5771
2018-01-31 14:00:00,1684.0,1717.3628
2018-01-31 15:00:00,1661.0,1669.4591
2018-01-31 16:00:00,1653.0,1679.6703
2018-01-31 17:00:00,1701.0,1719.9629
2018-01-31 18:00:00,1728.0,1768.8861
2018-01-31 19:00:00,1701.0,1747.026
2018-01-31 20:00:00,1664.0,1715.1731
2018-01-31 21:00:00,1600.0,1619.088
2018-01-31 22:00:00,1510.0,1505.01
2018-01-31 23:00:00,1423.0,1421.1537
2018-02-01 00:00:00,1357.0,1354.8524
2018-02-01 01:00:00,1334.0,1311.0826
2018-02-01 02:00:00,1309.0,1293.9695
2018-02-01 03:00:00,1309.0,1286.5255
2018-02-01 04:00:00,1331.0,1322.743
2018-02-01 05:00:00,1394.0,1392.0681
2018-02-01 06:00:00,1508.0,1503.6943
2018-02-01 07:00:00,1597.0,1591.0286
2018-02-01 08:00:00,1608.0,1631.4448
2018-02-01 09:00:00,1622.0,1624.8566
2018-02-01 10:00:00,1628.0,1635.0746
2018-02-01 11:00:00,1625.0,1624.2465
2018-02-01 12:00:00,1635.0,1608.7443
2018-02-01 13:00:00,1633.0,1625.1199
2018-02-01 14:00:00,1588.0,1620.1501
2018-02-01 15:00:00,1584.0,1575.4138
2018-02-01 16:00:00,1602.0,1585.0728
2018-02-01 17:00:00,1654.0,1623.6738
2018-02-01 18:00:00,1673.0,1688.6265
2018-02-01 19:00:00,1666.0,1661.0537
2018-02-01 20:00:00,1641.0,1644.8853
2018-02-01 21:00:00,1597.0,1598.7576
2018-02-01 22:00:00,1520.0,1508.2805
2018-02-01 23:00:00,1458.0,1422.7115
2018-02-02 00:00:00,1415.0,1390.4443
2018-02-02 01:00:00,1388.0,1384.2269
2018-02-02 02:00:00,1401.0,1370.7135
2018-02-02 03:00:00,1414.0,1399.0896
2018-02-02 04:00:00,1451.0,1437.3295
2018-02-02 05:00:00,1539.0,1535.7798
2018-02-02 06:00:00,1670.0,1654.7166
2018-02-02 07:00:00,1773.0,1725.7428
2018-02-02 08:00:00,1809.0,1785.5879
2018-02-02 09:00:00,1830.0,1821.997
2018-02-02 10:00:00,1853.0,1838.9292
2018-02-02 11:00:00,1858.0,1844.1489
2018-02-02 12:00:00,1852.0,1845.6208
2018-02-02 13:00:00,1845.0,1832.1866
2018-02-02 14:00:00,1831.0,1818.6448
2018-02-02 15:00:00,1808.0,1813.0233
2018-02-02 16:00:00,1814.0,1808.3102
2018-02-02 17:00:00,1852.0,1838.5938
2018-02-02 18:00:00,1883.0,1877.3547
2018-02-02 19:00:00,1856.0,1867.2568
2018-02-02 20:00:00,1835.0,1842.256
2018-02-02 21:00:00,1780.0,1785.4508
2018-02-02 22:00:00,1695.0,1696.7617
2018-02-02 23:00:00,1633.0,1611.1396
2018-02-03 00:00:00,1593.0,1566.1208
2018-02-03 01:00:00,1570.0,1561.9917
2018-02-03 02:00:00,1542.0,1559.641
2018-02-03 03:00:00,1544.0,1531.4315
2018-02-03 04:00:00,1553.0,1542.7784
2018-02-03 05:00:00,1579.0,1595.5562
2018-02-03 06:00:00,1618.0,1644.255
2018-02-03 07:00:00,1639.0,1656.9658
2018-02-03 08:00:00,1688.0,1662.0299
2018-02-03 09:00:00,1717.0,1706.9369
2018-02-03 10:00:00,1735.0,1731.9067
2018-02-03 11:00:00,1736.0,1730.3575
2018-02-03 12:00:00,1741.0,1720.6058
2018-02-03 13:00:00,1732.0,1714.5977
2018-02-03 14:00:00,1688.0,1710.3008
2018-02-03 15:00:00,1656.0,1667.6322
2018-02-03 16:00:00,1660.0,1659.555
2018-02-03 17:00:00,1715.0,1708.7518
2018-02-03 18:00:00,1745.0,1782.3898
2018-02-03 19:00:00,1724.0,1761.5125
2018-02-03 20:00:00,1703.0,1729.1392
2018-02-03 21:00:00,1654.0,1669.1636
2018-02-03 22:00:00,1590.0,1592.2773
2018-02-03 23:00:00,1512.0,1521.4381
2018-02-04 00:00:00,1451.0,1446.7676
2018-02-04 01:00:00,1396.0,1411.9298
2018-02-04 02:00:00,1371.0,1368.0599
2018-02-04 03:00:00,1347.0,1357.2544
2018-02-04 04:00:00,1359.0,1348.3788
2018-02-04 05:00:00,1373.0,1379.717
2018-02-04 06:00:00,1408.0,1415.4822
2018-02-04 07:00:00,1449.0,1438.1063
2018-02-04 08:00:00,1487.0,1488.7211
2018-02-04 09:00:00,1520.0,1521.8921
2018-02-04 10:00:00,1543.0,1542.4845
2018-02-04 11:00:00,1569.0,1550.1395
2018-02-04 12:00:00,1585.0,1560.0964
2018-02-04 13:00:00,1590.0,1575.8699
2018-02-04 14:00:00,1586.0,1576.8031
2018-02-04 15:00:00,1606.0,1575.655
2018-02-04 16:00:00,1629.0,1630.0754
2018-02-04 17:00:00,1686.0,1667.546
2018-02-04 18:00:00,1671.0,1734.7229
2018-02-04 19:00:00,1627.0,1667.1652
2018-02-04 20:00:00,1604.0,1623.363
2018-02-04 21:00:00,1573.0,1584.344
2018-02-04 22:00:00,1533.0,1520.7681
2018-02-04 23:00:00,1491.0,1464.3423
2018-02-05 00:00:00,1451.0,1434.5215
2018-02-05 01:00:00,1445.0,1412.037
2018-02-05 02:00:00,1461.0,1428.05
2018-02-05 03:00:00,1452.0,1473.3014
2018-02-05 04:00:00,1489.0,1491.9022
2018-02-05 05:00:00,1574.0,1557.6201
2018-02-05 06:00:00,1689.0,1697.8097
2018-02-05 07:00:00,1755.0,1770.9155
2018-02-05 08:00:00,1782.0,1792.6649
2018-02-05 09:00:00,1786.0,1801.731
2018-02-05 10:00:00,1784.0,1801.2812
2018-02-05 11:00:00,1790.0,1778.7662
2018-02-05 12:00:00,1770.0,1781.5887
2018-02-05 13:00:00,1754.0,1760.534
2018-02-05 14:00:00,1720.0,1739.6444
2018-02-05 15:00:00,1689.0,1715.6642
2018-02-05 16:00:00,1714.0,1694.3579
2018-02-05 17:00:00,1781.0,1757.2239
2018-02-05 18:00:00,1829.0,1848.7211
2018-02-05 19:00:00,1824.0,1829.8062
2018-02-05 20:00:00,1789.0,1808.5848
2018-02-05 21:00:00,1721.0,1739.9402
2018-02-05 22:00:00,1629.0,1631.2975
2018-02-05 23:00:00,1549.0,1527.8037
2018-02-06 00:00:00,1493.0,1476.3625
2018-02-06 01:00:00,1447.0,1456.5677
2018-02-06 02:00:00,1447.0,1431.9606
2018-02-06 03:00:00,1457.0,1440.1057
2018-02-06 04:00:00,1470.0,1493.671
2018-02-06 05:00:00,1554.0,1555.2355
2018-02-06 06:00:00,1674.0,1694.4291
2018-02-06 07:00:00,1760.0,1758.0536
2018-02-06 08:00:00,1773.0,1788.3887
2018-02-06 09:00:00,1767.0,1777.3983
2018-02-06 10:00:00,1776.0,1768.2787
2018-02-06 11:00:00,1791.0,1772.2882
2018-02-06 12:00:00,1788.0,1776.5964
2018-02-06 13:00:00,1779.0,1774.2018
2018-02-06 14:00:00,1757.0,1759.047
2018-02-06 15:00:00,1749.0,1743.7828
2018-02-06 16:00:00,1751.0,1754.2412
2018-02-06 17:00:00,1791.0,1786.5206
2018-02-06 18:00:00,1831.0,1841.3649
2018-02-06 19:00:00,1800.0,1820.3339
2018-02-06 20:00:00,1767.0,1778.2513
2018-02-06 21:00:00,1724.0,1717.4073
2018-02-06 22:00:00,1624.0,1633.362
2018-02-06 23:00:00,1540.0,1528.528
2018-02-07 00:00:00,1492.0,1470.4067
2018-02-07 01:00:00,1468.0,1449.554
2018-02-07 02:00:00,1455.0,1452.5034
2018-02-07 03:00:00,1456.0,1458.073
2018-02-07 04:00:00,1480.0,1496.1428
2018-02-07 05:00:00,1531.0,1564.528
2018-02-07 06:00:00,1633.0,1654.7264
2018-02-07 07:00:00,1707.0,1732.4873
2018-02-07 08:00:00,1741.0,1752.9358
2018-02-07 09:00:00,1769.0,1763.5872
2018-02-07 10:00:00,1784.0,1779.9042
2018-02-07 11:00:00,1814.0,1785.6566
2018-02-07 12:00:00,1826.0,1807.8843
2018-02-07 13:00:00,1817.0,1820.977
2018-02-07 14:00:00,1792.0,1802.3765
2018-02-07 15:00:00,1767.0,1775.9991
2018-02-07 16:00:00,1794.0,1771.4108
2018-02-07 17:00:00,1834.0,1829.6986
2018-02-07 18:00:00,1855.0,1887.8889
2018-02-07 19:00:00,1852.0,1840.2466
2018-02-07 20:00:00,1833.0,1827.7167
2018-02-07 21:00:00,1765.0,1772.1456
2018-02-07 22:00:00,1669.0,1664.0977
2018-02-07 23:00:00,1591.0,1580.6837
2018-02-08 00:00:00,1540.0,1528.671
2018-02-08 01:00:00,1503.0,1501.0586
2018-02-08 02:00:00,1500.0,1496.6423
2018-02-08 03:00:00,1485.0,1501.1613
2018-02-08 04:00:00,1531.0,1511.9506
2018-02-08 05:00:00,1590.0,1611.6847
2018-02-08 06:00:00,1710.0,1726.7478
2018-02-08 07:00:00,1774.0,1798.256
2018-02-08 08:00:00,1804.0,1804.4235
2018-02-08 09:00:00,1820.0,1816.9337
2018-02-08 10:00:00,1834.0,1827.0616
2018-02-08 11:00:00,1828.0,1828.6448
2018-02-08 12:00:00,1818.0,1816.7356
2018-02-08 13:00:00,1821.0,1805.5287
2018-02-08 14:00:00,1800.0,1805.1614
2018-02-08 15:00:00,1768.0,1784.2272
2018-02-08 16:00:00,1779.0,1771.3643
2018-02-08 17:00:00,1806.0,1816.9719
2018-02-08 18:00:00,1861.0,1858.0955
2018-02-08 19:00:00,1851.0,1857.0394
2018-02-08 20:00:00,1838.0,1824.2621
2018-02-08 21:00:00,1772.0,1778.2675
2018-02-08 22:00:00,1699.0,1679.8141
2018-02-08 23:00:00,1633.0,1607.1433
2018-02-09 00:00:00,1567.0,1566.2798
2018-02-09 01:00:00,1539.0,1535.0437
2018-02-09 02:00:00,1517.0,1522.1011
2018-02-09 03:00:00,1513.0,1513.9738
2018-02-09 04:00:00,1545.0,1535.1903
2018-02-09 05:00:00,1621.0,1631.6353
2018-02-09 06:00:00,1720.0,1755.9261
2018-02-09 07:00:00,1801.0,1798.4363
2018-02-09 08:00:00,1825.0,1826.6906
2018-02-09 09:00:00,1848.0,1835.5413
2018-02-09 10:00:00,1831.0,1850.022
2018-02-09 11:00:00,1806.0,1820.3965
2018-02-09 12:00:00,1785.0,1786.8119
2018-02-09 13:00:00,1744.0,1765.8843
2018-02-09 14:00:00,1702.0,1721.4576
2018-02-09 15:00:00,1662.0,1687.0156
2018-02-09 16:00:00,1651.0,1666.1074
2018-02-09 17:00:00,1674.0,1679.0348
2018-02-09 18:00:00,1704.0,1737.0354
2018-02-09 19:00:00,1701.0,1720.9946
2018-02-09 20:00:00,1671.0,1694.1401
2018-02-09 21:00:00,1614.0,1630.524
2018-02-09 22:00:00,1534.0,1545.3278
2018-02-09 23:00:00,1462.0,1459.1732
2018-02-10 00:00:00,1407.0,1401.7946
2018-02-10 01:00:00,1364.0,1375.7196
2018-02-10 02:00:00,1346.0,1344.346
2018-02-10 03:00:00,1334.0,1333.5789
2018-02-10 04:00:00,1342.0,1331.9526
2018-02-10 05:00:00,1369.0,1373.4827
2018-02-10 06:00:00,1405.0,1417.3395
2018-02-10 07:00:00,1449.0,1449.0027
2018-02-10 08:00:00,1496.0,1493.6791
2018-02-10 09:00:00,1520.0,1533.2262
2018-02-10 10:00:00,1534.0,1526.537
2018-02-10 11:00:00,1519.0,1526.7782
2018-02-10 12:00:00,1512.0,1492.5378
2018-02-10 13:00:00,1497.0,1497.8905
2018-02-10 14:00:00,1474.0,1485.0588
2018-02-10 15:00:00,1468.0,1462.8282
2018-02-10 16:00:00,1475.0,1469.5304
2018-02-10 17:00:00,1551.0,1514.8811
2018-02-10 18:00:00,1569.0,1614.3923
2018-02-10 19:00:00,1551.0,1571.2458
2018-02-10 20:00:00,1523.0,1548.4634
2018-02-10 21:00:00,1478.0,1503.958
2018-02-10 22:00:00,1428.0,1418.9377
2018-02-10 23:00:00,1367.0,1360.1431
2018-02-11 00:00:00,1333.0,1305.6978
2018-02-11 01:00:00,1306.0,1291.8485
2018-02-11 02:00:00,1277.0,1288.8672
2018-02-11 03:00:00,1267.0,1271.5603
2018-02-11 04:00:00,1265.0,1274.0796
2018-02-11 05:00:00,1276.0,1285.1528
2018-02-11 06:00:00,1311.0,1310.7552
2018-02-11 07:00:00,1362.0,1339.7491
2018-02-11 08:00:00,1421.0,1403.5599
2018-02-11 09:00:00,1475.0,1450.7
2018-02-11 10:00:00,1484.0,1502.4547
2018-02-11 11:00:00,1514.0,1489.0519
2018-02-11 12:00:00,1520.0,1516.9122
2018-02-11 13:00:00,1500.0,1514.5983
2018-02-11 14:00:00,1483.0,1499.1432
2018-02-11 15:00:00,1491.0,1481.54
2018-02-11 16:00:00,1490.0,1505.613
2018-02-11 17:00:00,1526.0,1537.0295
2018-02-11 18:00:00,1581.0,1584.3785
2018-02-11 19:00:00,1571.0,1606.9535
2018-02-11 20:00:00,1574.0,1577.4607
2018-02-11 21:00:00,1537.0,1544.4894
2018-02-11 22:00:00,1467.0,1473.143
2018-02-11 23:00:00,1405.0,1392.6356
2018-02-12 00:00:00,1357.0,1341.4448
2018-02-12 01:00:00,1357.0,1325.1405
2018-02-12 02:00:00,1369.0,1345.0581
2018-02-12 03:00:00,1374.0,1374.5134
2018-02-12 04:00:00,1405.0,1415.2722
2018-02-12 05:00:00,1484.0,1485.9088
2018-02-12 06:00:00,1607.0,1628.6068
2018-02-12 07:00:00,1670.0,1701.7151
2018-02-12 08:00:00,1679.0,1719.8173
2018-02-12 09:00:00,1684.0,1705.5011
2018-02-12 10:00:00,1689.0,1699.7697
2018-02-12 11:00:00,1657.0,1690.8817
2018-02-12 12:00:00,1649.0,1651.2761
2018-02-12 13:00:00,1635.0,1645.1545
2018-02-12 14:00:00,1616.0,1633.9781
2018-02-12 15:00:00,1596.0,1611.0653
2018-02-12 16:00:00,1619.0,1605.8754
2018-02-12 17:00:00,1667.0,1652.5872
2018-02-12 18:00:00,1731.0,1728.7078
2018-02-12 19:00:00,1746.0,1745.5198
2018-02-12 20:00:00,1703.0,1739.1571
2018-02-12 21:00:00,1662.0,1662.4363
2018-02-12 22:00:00,1591.0,1570.6089
2018-02-12 23:00:00,1498.0,1494.3823
2018-02-13 00:00:00,1476.0,1439.629
2018-02-13 01:00:00,1459.0,1426.2812
2018-02-13 02:00:00,1459.0,1459.1
2018-02-13 03:00:00,1459.0,1474.2928
2018-02-13 04:00:00,1497.0,1504.9921
2018-02-13 05:00:00,1573.0,1590.7153
2018-02-13 06:00:00,1707.0,1701.8978
2018-02-13 07:00:00,1773.0,1775.9263
2018-02-13 08:00:00,1787.0,1797.9569
2018-02-13 09:00:00,1783.0,1790.6385
2018-02-13 10:00:00,1760.0,1785.9204
2018-02-13 11:00:00,1743.0,1759.0804
2018-02-13 12:00:00,1706.0,1731.9172
2018-02-13 13:00:00,1673.0,1703.783
2018-02-13 14:00:00,1630.0,1670.9678
2018-02-13 15:00:00,1633.0,1628.7666
2018-02-13 16:00:00,1662.0,1654.5464
2018-02-13 17:00:00,1698.0,1720.3053
2018-02-13 18:00:00,1729.0,1758.7087
2018-02-13 19:00:00,1706.0,1749.3667
2018-02-13 20:00:00,1677.0,1714.0358
2018-02-13 21:00:00,1648.0,1641.5294
2018-02-13 22:00:00,1550.0,1562.6372
2018-02-13 23:00:00,1455.0,1469.9294
2018-02-14 00:00:00,1392.0,1406.2021
2018-02-14 01:00:00,1379.0,1351.0527
2018-02-14 02:00:00,1354.0,1365.5106
2018-02-14 03:00:00,1329.0,1359.3508
2018-02-14 04:00:00,1368.0,1362.9354
2018-02-14 05:00:00,1428.0,1434.227
2018-02-14 06:00:00,1535.0,1567.9749
2018-02-14 07:00:00,1625.0,1635.6727
2018-02-14 08:00:00,1624.0,1657.3429
2018-02-14 09:00:00,1644.0,1638.9819
2018-02-14 10:00:00,1649.0,1658.7205
2018-02-14 11:00:00,1635.0,1651.9464
2018-02-14 12:00:00,1639.0,1634.1272
2018-02-14 13:00:00,1625.0,1634.1833
2018-02-14 14:00:00,1615.0,1612.9023
2018-02-14 15:00:00,1603.0,1609.7787
2018-02-14 16:00:00,1599.0,1613.3234
2018-02-14 17:00:00,1657.0,1626.4606
2018-02-14 18:00:00,1671.0,1707.168
2018-02-14 19:00:00,1640.0,1679.0885
2018-02-14 20:00:00,1601.0,1635.9032
2018-02-14 21:00:00,1535.0,1572.9812
2018-02-14 22:00:00,1444.0,1467.208
2018-02-14 23:00:00,1363.0,1374.219
2018-02-15 00:00:00,1317.0,1309.0074
2018-02-15 01:00:00,1276.0,1286.2244
2018-02-15 02:00:00,1246.0,1265.8308
2018-02-15 03:00:00,1241.0,1253.9315
2018-02-15 04:00:00,1255.0,1262.6786
2018-02-15 05:00:00,1332.0,1333.6394
2018-02-15 06:00:00,1458.0,1470.3473
2018-02-15 07:00:00,1512.0,1547.8611
2018-02-15 08:00:00,1547.0,1571.3828
2018-02-15 09:00:00,1534.0,1596.2506
2018-02-15 10:00:00,1551.0,1559.3464
2018-02-15 11:00:00,1564.0,1566.8594
2018-02-15 12:00:00,1550.0,1559.7463
2018-02-15 13:00:00,1558.0,1547.3383
2018-02-15 14:00:00,1548.0,1554.3293
2018-02-15 15:00:00,1557.0,1547.3468
2018-02-15 16:00:00,1551.0,1567.2002
2018-02-15 17:00:00,1602.0,1579.855
2018-02-15 18:00:00,1621.0,1628.7578
2018-02-15 19:00:00,1604.0,1617.1749
2018-02-15 20:00:00,1570.0,1599.4542
2018-02-15 21:00:00,1508.0,1539.934
2018-02-15 22:00:00,1412.0,1432.4952
2018-02-15 23:00:00,1347.0,1345.4452
2018-02-16 00:00:00,1282.0,1287.2252
2018-02-16 01:00:00,1234.0,1251.635
2018-02-16 02:00:00,1209.0,1224.8632
2018-02-16 03:00:00,1209.0,1209.8693
2018-02-16 04:00:00,1220.0,1241.829
2018-02-16 05:00:00,1294.0,1292.402
2018-02-16 06:00:00,1398.0,1416.182
2018-02-16 07:00:00,1492.0,1494.5164
2018-02-16 08:00:00,1548.0,1560.1895
2018-02-16 09:00:00,1582.0,1596.8623
2018-02-16 10:00:00,1613.0,1612.1388
2018-02-16 11:00:00,1620.0,1626.673
2018-02-16 12:00:00,1625.0,1621.095
2018-02-16 13:00:00,1650.0,1624.2043
2018-02-16 14:00:00,1634.0,1638.7034
2018-02-16 15:00:00,1625.0,1622.3976
2018-02-16 16:00:00,1622.0,1619.3335
2018-02-16 17:00:00,1628.0,1630.4181
2018-02-16 18:00:00,1676.0,1639.5348
2018-02-16 19:00:00,1653.0,1668.8517
2018-02-16 20:00:00,1637.0,1641.6896
2018-02-16 21:00:00,1584.0,1590.2319
2018-02-16 22:00:00,1526.0,1496.6334
2018-02-16 23:00:00,1438.0,1434.4598
2018-02-17 00:00:00,1393.0,1370.5635
2018-02-17 01:00:00,1338.0,1352.4727
2018-02-17 02:00:00,1326.0,1316.3346
2018-02-17 03:00:00,1326.0,1315.509
2018-02-17 04:00:00,1322.0,1331.7706
2018-02-17 05:00:00,1342.0,1348.3325
2018-02-17 06:00:00,1410.0,1391.0682
2018-02-17 07:00:00,1467.0,1446.6685
2018-02-17 08:00:00,1513.0,1500.4618
2018-02-17 09:00:00,1541.0,1556.7777
2018-02-17 10:00:00,1544.0,1561.884
2018-02-17 11:00:00,1566.0,1541.5034
2018-02-17 12:00:00,1597.0,1551.7892
2018-02-17 13:00:00,1588.0,1588.0557
2018-02-17 14:00:00,1584.0,1574.0558
2018-02-17 15:00:00,1587.0,1573.0001
2018-02-17 16:00:00,1597.0,1593.9125
2018-02-17 17:00:00,1623.0,1619.7993
2018-02-17 18:00:00,1656.0,1649.8864
2018-02-17 19:00:00,1641.0,1655.3595
2018-02-17 20:00:00,1617.0,1639.5022
2018-02-17 21:00:00,1569.0,1586.1655
2018-02-17 22:00:00,1506.0,1513.1864
2018-02-17 23:00:00,1432.0,1435.7603
2018-02-18 00:00:00,1388.0,1365.7556
2018-02-18 01:00:00,1356.0,1339.893
2018-02-18 02:00:00,1335.0,1336.5854
2018-02-18 03:00:00,1303.0,1325.5431
2018-02-18 04:00:00,1304.0,1305.8131
2018-02-18 05:00:00,1338.0,1325.6283
2018-02-18 06:00:00,1363.0,1382.4171
2018-02-18 07:00:00,1392.0,1398.1738
2018-02-18 08:00:00,1418.0,1440.8939
2018-02-18 09:00:00,1459.0,1457.1868
2018-02-18 10:00:00,1462.0,1493.026
2018-02-18 11:00:00,1473.0,1471.2446
2018-02-18 12:00:00,1481.0,1479.1671
2018-02-18 13:00:00,1462.0,1478.4934
2018-02-18 14:00:00,1469.0,1453.5103
2018-02-18 15:00:00,1461.0,1467.2274
2018-02-18 16:00:00,1470.0,1471.6896
2018-02-18 17:00:00,1495.0,1511.2651
2018-02-18 18:00:00,1573.0,1544.2694
2018-02-18 19:00:00,1585.0,1591.4552
2018-02-18 20:00:00,1580.0,1590.5511
2018-02-18 21:00:00,1538.0,1549.6837
2018-02-18 22:00:00,1466.0,1474.8187
2018-02-18 23:00:00,1403.0,1395.689
2018-02-19 00:00:00,1365.0,1338.1586
2018-02-19 01:00:00,1350.0,1323.8112
2018-02-19 02:00:00,1340.0,1339.6371
2018-02-19 03:00:00,1344.0,1349.2367
2018-02-19 04:00:00,1352.0,1382.3583
2018-02-19 05:00:00,1414.0,1428.4167
2018-02-19 06:00:00,1501.0,1543.3984
2018-02-19 07:00:00,1523.0,1603.8424
2018-02-19 08:00:00,1550.0,1589.3008
2018-02-19 09:00:00,1584.0,1600.338
2018-02-19 10:00:00,1594.0,1616.0332
2018-02-19 11:00:00,1611.0,1607.5829
2018-02-19 12:00:00,1597.0,1609.4241
2018-02-19 13:00:00,1580.0,1600.0463
2018-02-19 14:00:00,1545.0,1573.0679
2018-02-19 15:00:00,1531.0,1545.6455
2018-02-19 16:00:00,1530.0,1548.1515
2018-02-19 17:00:00,1540.0,1562.285
2018-02-19 18:00:00,1581.0,1587.0725
2018-02-19 19:00:00,1566.0,1598.0359
2018-02-19 20:00:00,1519.0,1579.533
2018-02-19 21:00:00,1460.0,1499.2064
2018-02-19 22:00:00,1368.0,1399.8129
2018-02-19 23:00:00,1297.0,1305.7485
2018-02-20 00:00:00,1234.0,1244.3672
2018-02-20 01:00:00,1175.0,1204.7599
2018-02-20 02:00:00,1163.0,1171.8276
2018-02-20 03:00:00,1159.0,1167.3385
2018-02-20 04:00:00,1185.0,1186.1267
2018-02-20 05:00:00,1246.0,1275.2612
2018-02-20 06:00:00,1355.0,1377.8019
2018-02-20 07:00:00,1424.0,1459.7284
2018-02-20 08:00:00,1437.0,1521.4404
2018-02-20 09:00:00,1463.0,1517.6364
2018-02-20 10:00:00,1492.0,1522.9769
2018-02-20 11:00:00,1515.0,1522.2577
2018-02-20 12:00:00,1513.0,1535.2764
2018-02-20 13:00:00,1519.0,1524.2969
2018-02-20 14:00:00,1507.0,1524.9462
2018-02-20 15:00:00,1501.0,1518.5695
2018-02-20 16:00:00,1495.0,1527.8477
2018-02-20 17:00:00,1495.0,1538.8793
2018-02-20 18:00:00,1540.0,1547.5535
2018-02-20 19:00:00,1517.0,1567.4751
2018-02-20 20:00:00,1466.0,1558.9208
2018-02-20 21:00:00,1405.0,1472.4481
2018-02-20 22:00:00,1318.0,1356.0798
2018-02-20 23:00:00,1241.0,1321.0187
2018-02-21 00:00:00,1178.0,1194.0515
2018-02-21 01:00:00,1140.0,1155.0385
2018-02-21 02:00:00,1124.0,1132.7382
2018-02-21 03:00:00,1123.0,1129.7466
2018-02-21 04:00:00,1133.0,1146.8738
2018-02-21 05:00:00,1218.0,1185.5033
2018-02-21 06:00:00,1353.0,1344.0338
2018-02-21 07:00:00,1418.0,1452.5262
2018-02-21 08:00:00,1449.0,1517.8389
2018-02-21 09:00:00,1510.0,1531.9742
2018-02-21 10:00:00,1544.0,1554.4246
2018-02-21 11:00:00,1541.0,1567.186
2018-02-21 12:00:00,1537.0,1550.1089
2018-02-21 13:00:00,1523.0,1545.2152
2018-02-21 14:00:00,1512.0,1527.1642
2018-02-21 15:00:00,1473.0,1521.7227
2018-02-21 16:00:00,1481.0,1497.5201
2018-02-21 17:00:00,1515.0,1517.0312
2018-02-21 18:00:00,1558.0,1565.561
2018-02-21 19:00:00,1548.0,1570.5524
2018-02-21 20:00:00,1494.0,1571.4203
2018-02-21 21:00:00,1450.0,1480.527
2018-02-21 22:00:00,1368.0,1377.8041
2018-02-21 23:00:00,1307.0,1295.7239
2018-02-22 00:00:00,1243.0,1245.4823
2018-02-22 01:00:00,1209.0,1205.8276
2018-02-22 02:00:00,1198.0,1190.3446
2018-02-22 03:00:00,1187.0,1193.3726
2018-02-22 04:00:00,1227.0,1211.8245
2018-02-22 05:00:00,1314.0,1295.761
2018-02-22 06:00:00,1432.0,1445.9564
2018-02-22 07:00:00,1522.0,1519.2944
2018-02-22 08:00:00,1570.0,1588.2906
2018-02-22 09:00:00,1602.0,1610.253
2018-02-22 10:00:00,1622.0,1630.0498
2018-02-22 11:00:00,1627.0,1627.2832
2018-02-22 12:00:00,1634.0,1620.8402
2018-02-22 13:00:00,1613.0,1627.8611
2018-02-22 14:00:00,1593.0,1605.8666
2018-02-22 15:00:00,1573.0,1581.8003
2018-02-22 16:00:00,1588.0,1571.8435
2018-02-22 17:00:00,1619.0,1603.1593
2018-02-22 18:00:00,1643.0,1644.9878
2018-02-22 19:00:00,1618.0,1639.7784
2018-02-22 20:00:00,1590.0,1622.6167
2018-02-22 21:00:00,1529.0,1557.7898
2018-02-22 22:00:00,1440.0,1439.5905
2018-02-22 23:00:00,1351.0,1355.19
2018-02-23 00:00:00,1307.0,1291.529
2018-02-23 01:00:00,1279.0,1265.1049
2018-02-23 02:00:00,1254.0,1258.5239
2018-02-23 03:00:00,1256.0,1252.3375
2018-02-23 04:00:00,1277.0,1279.2029
2018-02-23 05:00:00,1333.0,1346.1014
2018-02-23 06:00:00,1450.0,1462.9462
2018-02-23 07:00:00,1517.0,1542.0997
2018-02-23 08:00:00,1556.0,1570.1332
2018-02-23 09:00:00,1573.0,1595.0817
2018-02-23 10:00:00,1594.0,1584.6738
2018-02-23 11:00:00,1600.0,1599.8524
2018-02-23 12:00:00,1600.0,1592.8151
2018-02-23 13:00:00,1580.0,1593.2919
2018-02-23 14:00:00,1550.0,1567.4468
2018-02-23 15:00:00,1531.0,1537.1301
2018-02-23 16:00:00,1516.0,1526.0433
2018-02-23 17:00:00,1516.0,1531.1516
2018-02-23 18:00:00,1540.0,1537.9448
2018-02-23 19:00:00,1519.0,1542.7335
2018-02-23 20:00:00,1478.0,1534.1697
2018-02-23 21:00:00,1437.0,1477.67
2018-02-23 22:00:00,1354.0,1375.3229
2018-02-23 23:00:00,1284.0,1304.0413
2018-02-24 00:00:00,1233.0,1226.1486
2018-02-24 01:00:00,1182.0,1201.3539
2018-02-24 02:00:00,1146.0,1162.1466
2018-02-24 03:00:00,1141.0,1152.899
2018-02-24 04:00:00,1156.0,1140.1991
2018-02-24 05:00:00,1171.0,1189.4185
2018-02-24 06:00:00,1229.0,1223.3872
2018-02-24 07:00:00,1284.0,1262.028
2018-02-24 08:00:00,1328.0,1336.0033
2018-02-24 09:00:00,1379.0,1368.1777
2018-02-24 10:00:00,1390.0,1412.5817
2018-02-24 11:00:00,1425.0,1401.8959
2018-02-24 12:00:00,1428.0,1428.5944
2018-02-24 13:00:00,1401.0,1413.1365
2018-02-24 14:00:00,1385.0,1389.1761
2018-02-24 15:00:00,1365.0,1369.563
2018-02-24 16:00:00,1380.0,1351.2135
2018-02-24 17:00:00,1398.0,1389.0646
2018-02-24 18:00:00,1460.0,1416.8143
2018-02-24 19:00:00,1457.0,1461.6565
2018-02-24 20:00:00,1433.0,1474.953
2018-02-24 21:00:00,1393.0,1431.1667
2018-02-24 22:00:00,1342.0,1336.6306
2018-02-24 23:00:00,1289.0,1266.5046
2018-02-25 00:00:00,1231.0,1230.3926
2018-02-25 01:00:00,1193.0,1187.6896
2018-02-25 02:00:00,1177.0,1160.1593
2018-02-25 03:00:00,1157.0,1162.2175
2018-02-25 04:00:00,1146.0,1154.6572
2018-02-25 05:00:00,1170.0,1172.8376
2018-02-25 06:00:00,1195.0,1201.3878
2018-02-25 07:00:00,1216.0,1218.9049
2018-02-25 08:00:00,1258.0,1272.172
2018-02-25 09:00:00,1314.0,1318.9222
2018-02-25 10:00:00,1334.0,1335.5201
2018-02-25 11:00:00,1343.0,1353.2843
2018-02-25 12:00:00,1340.0,1355.928
2018-02-25 13:00:00,1335.0,1348.7562
2018-02-25 14:00:00,1333.0,1336.9415
2018-02-25 15:00:00,1340.0,1333.8763
2018-02-25 16:00:00,1356.0,1350.2007
2018-02-25 17:00:00,1395.0,1364.3816
2018-02-25 18:00:00,1463.0,1417.1335
2018-02-25 19:00:00,1471.0,1480.441
2018-02-25 20:00:00,1448.0,1494.8779
2018-02-25 21:00:00,1395.0,1444.4727
2018-02-25 22:00:00,1336.0,1329.8773
2018-02-25 23:00:00,1275.0,1272.8749
2018-02-26 00:00:00,1229.0,1216.4064
2018-02-26 01:00:00,1205.0,1199.7228
2018-02-26 02:00:00,1202.0,1182.7198
2018-02-26 03:00:00,1201.0,1198.4427
2018-02-26 04:00:00,1235.0,1220.3545
2018-02-26 05:00:00,1324.0,1308.6665
2018-02-26 06:00:00,1450.0,1457.1337
2018-02-26 07:00:00,1519.0,1541.5775
2018-02-26 08:00:00,1540.0,1577.0201
2018-02-26 09:00:00,1537.0,1598.8315
2018-02-26 10:00:00,1550.0,1576.1672
2018-02-26 11:00:00,1535.0,1568.9126
2018-02-26 12:00:00,1518.0,1550.1301
2018-02-26 13:00:00,1503.0,1529.1078
2018-02-26 14:00:00,1486.0,1515.9259
2018-02-26 15:00:00,1461.0,1493.2825
2018-02-26 16:00:00,1449.0,1478.3424
2018-02-26 17:00:00,1471.0,1472.1172
2018-02-26 18:00:00,1543.0,1509.4679
2018-02-26 19:00:00,1543.0,1571.2871
2018-02-26 20:00:00,1514.0,1575.9426
2018-02-26 21:00:00,1477.0,1505.9581
2018-02-26 22:00:00,1409.0,1402.7262
2018-02-26 23:00:00,1327.0,1331.6957
2018-02-27 00:00:00,1285.0,1265.4553
2018-02-27 01:00:00,1261.0,1249.9982
2018-02-27 02:00:00,1250.0,1252.6763
2018-02-27 03:00:00,1262.0,1256.0679
2018-02-27 04:00:00,1308.0,1291.5986
2018-02-27 05:00:00,1386.0,1400.2372
2018-02-27 06:00:00,1513.0,1527.6334
2018-02-27 07:00:00,1573.0,1596.4535
2018-02-27 08:00:00,1579.0,1612.3021
2018-02-27 09:00:00,1572.0,1614.3737
2018-02-27 10:00:00,1565.0,1582.9784
2018-02-27 11:00:00,1534.0,1573.6316
2018-02-27 12:00:00,1515.0,1529.1904
2018-02-27 13:00:00,1508.0,1521.6992
2018-02-27 14:00:00,1493.0,1517.8872
2018-02-27 15:00:00,1466.0,1509.7345
2018-02-27 16:00:00,1465.0,1489.6145
2018-02-27 17:00:00,1472.0,1503.6699
2018-02-27 18:00:00,1528.0,1517.7467
2018-02-27 19:00:00,1545.0,1553.1875
2018-02-27 20:00:00,1521.0,1574.0824
2018-02-27 21:00:00,1473.0,1502.4602
2018-02-27 22:00:00,1399.0,1402.7305
2018-02-27 23:00:00,1318.0,1328.5736
2018-02-28 00:00:00,1260.0,1257.017
2018-02-28 01:00:00,1234.0,1236.0647
2018-02-28 02:00:00,1235.0,1225.5823
2018-02-28 03:00:00,1236.0,1231.8158
2018-02-28 04:00:00,1264.0,1267.4645
2018-02-28 05:00:00,1339.0,1346.1537
2018-02-28 06:00:00,1435.0,1481.0038
2018-02-28 07:00:00,1484.0,1525.536
2018-02-28 08:00:00,1492.0,1543.9795
2018-02-28 09:00:00,1499.0,1538.0844
2018-02-28 10:00:00,1502.0,1532.8412
2018-02-28 11:00:00,1494.0,1517.7904
2018-02-28 12:00:00,1492.0,1505.5117
2018-02-28 13:00:00,1489.0,1500.4807
2018-02-28 14:00:00,1496.0,1493.9757
2018-02-28 15:00:00,1473.0,1508.886
2018-02-28 16:00:00,1474.0,1498.3707
2018-02-28 17:00:00,1485.0,1512.5139
2018-02-28 18:00:00,1514.0,1526.7023
2018-02-28 19:00:00,1513.0,1535.7036
2018-02-28 20:00:00,1485.0,1547.5966
2018-02-28 21:00:00,1425.0,1493.1554
2018-02-28 22:00:00,1345.0,1362.1792
2018-02-28 23:00:00,1239.0,1302.5483
2018-03-01 00:00:00,1181.0,1192.2196
2018-03-01 01:00:00,1149.0,1154.2333
2018-03-01 02:00:00,1133.0,1149.4697
2018-03-01 03:00:00,1122.0,1137.91
2018-03-01 04:00:00,1145.0,1152.5857
2018-03-01 05:00:00,1220.0,1228.2697
2018-03-01 06:00:00,1340.0,1331.0636
2018-03-01 07:00:00,1425.0,1440.6637
2018-03-01 08:00:00,1465.0,1499.6102
2018-03-01 09:00:00,1480.0,1528.1924
2018-03-01 10:00:00,1496.0,1531.01
2018-03-01 11:00:00,1499.0,1520.0394
2018-03-01 12:00:00,1501.0,1513.4456
2018-03-01 13:00:00,1505.0,1508.1223
2018-03-01 14:00:00,1493.0,1506.9656
2018-03-01 15:00:00,1491.0,1498.6226
2018-03-01 16:00:00,1512.0,1506.4835
2018-03-01 17:00:00,1536.0,1531.29
2018-03-01 18:00:00,1566.0,1555.6768
2018-03-01 19:00:00,1555.0,1593.0939
2018-03-01 20:00:00,1504.0,1587.9136
2018-03-01 21:00:00,1460.0,1488.5967
2018-03-01 22:00:00,1410.0,1385.2255
2018-03-01 23:00:00,1341.0,1324.5831
2018-03-02 00:00:00,1300.0,1271.7438
2018-03-02 01:00:00,1285.0,1255.7897
2018-03-02 02:00:00,1288.0,1267.4253
2018-03-02 03:00:00,1284.0,1291.4774
2018-03-02 04:00:00,1314.0,1318.1741
2018-03-02 05:00:00,1394.0,1387.4103
2018-03-02 06:00:00,1523.0,1521.016
2018-03-02 07:00:00,1607.0,1598.7181
2018-03-02 08:00:00,1636.0,1640.0446
2018-03-02 09:00:00,1648.0,1662.3352
2018-03-02 10:00:00,1647.0,1666.9592
2018-03-02 11:00:00,1631.0,1651.9598
2018-03-02 12:00:00,1606.0,1627.1356
2018-03-02 13:00:00,1597.0,1604.7935
2018-03-02 14:00:00,1570.0,1584.2144
2018-03-02 15:00:00,1546.0,1557.3572
2018-03-02 16:00:00,1519.0,1536.83
2018-03-02 17:00:00,1539.0,1512.8713
2018-03-02 18:00:00,1603.0,1541.9215
2018-03-02 19:00:00,1626.0,1609.8468
2018-03-02 20:00:00,1603.0,1640.8357
2018-03-02 21:00:00,1570.0,1565.1876
2018-03-02 22:00:00,1494.0,1490.261
2018-03-02 23:00:00,1433.0,1405.0502
2018-03-03 00:00:00,1380.0,1356.8868
2018-03-03 01:00:00,1345.0,1337.0322
2018-03-03 02:00:00,1341.0,1323.5237
2018-03-03 03:00:00,1337.0,1328.7766
2018-03-03 04:00:00,1347.0,1341.0731
2018-03-03 05:00:00,1388.0,1371.4286
2018-03-03 06:00:00,1417.0,1436.1394
2018-03-03 07:00:00,1426.0,1452.5663
2018-03-03 08:00:00,1459.0,1458.1132
2018-03-03 09:00:00,1482.0,1488.296
2018-03-03 10:00:00,1500.0,1499.8927
2018-03-03 11:00:00,1476.0,1501.9893
2018-03-03 12:00:00,1447.0,1464.6963
2018-03-03 13:00:00,1416.0,1429.2964
2018-03-03 14:00:00,1395.0,1404.2618
2018-03-03 15:00:00,1385.0,1391.4615
2018-03-03 16:00:00,1388.0,1377.0319
2018-03-03 17:00:00,1428.0,1387.9312
2018-03-03 18:00:00,1515.0,1439.5635
2018-03-03 19:00:00,1536.0,1544.4429
2018-03-03 20:00:00,1524.0,1566.0433
2018-03-03 21:00:00,1489.0,1493.7164
2018-03-03 22:00:00,1447.0,1414.5165
2018-03-03 23:00:00,1396.0,1365.3146
2018-03-04 00:00:00,1348.0,1326.6572
2018-03-04 01:00:00,1319.0,1299.3523
2018-03-04 02:00:00,1314.0,1291.2201
2018-03-04 03:00:00,1310.0,1298.1501
2018-03-04 04:00:00,1321.0,1308.8837
2018-03-04 05:00:00,1354.0,1338.3893
2018-03-04 06:00:00,1390.0,1391.2075
2018-03-04 07:00:00,1397.0,1416.6897
2018-03-04 08:00:00,1401.0,1417.5767
2018-03-04 09:00:00,1424.0,1416.0925
2018-03-04 10:00:00,1437.0,1443.3984
2018-03-04 11:00:00,1432.0,1434.7701
2018-03-04 12:00:00,1416.0,1432.2153
2018-03-04 13:00:00,1396.0,1418.7184
2018-03-04 14:00:00,1373.0,1395.7509
2018-03-04 15:00:00,1376.0,1365.5767
2018-03-04 16:00:00,1392.0,1374.457
2018-03-04 17:00:00,1433.0,1396.3604
2018-03-04 18:00:00,1522.0,1453.1697
2018-03-04 19:00:00,1565.0,1557.2828
2018-03-04 20:00:00,1559.0,1589.75
2018-03-04 21:00:00,1513.0,1521.448
2018-03-04 22:00:00,1462.0,1449.5089
2018-03-04 23:00:00,1417.0,1379.7838
2018-03-05 00:00:00,1378.0,1336.2343
2018-03-05 01:00:00,1338.0,1335.2731
2018-03-05 02:00:00,1339.0,1331.82
2018-03-05 03:00:00,1353.0,1341.135
2018-03-05 04:00:00,1380.0,1380.1346
2018-03-05 05:00:00,1462.0,1456.9882
2018-03-05 06:00:00,1590.0,1591.1938
2018-03-05 07:00:00,1625.0,1671.1637
2018-03-05 08:00:00,1631.0,1662.5151
2018-03-05 09:00:00,1625.0,1652.9093
2018-03-05 10:00:00,1617.0,1637.8058
2018-03-05 11:00:00,1595.0,1626.0051
2018-03-05 12:00:00,1566.0,1596.3331
2018-03-05 13:00:00,1560.0,1569.7472
2018-03-05 14:00:00,1537.0,1561.6405
2018-03-05 15:00:00,1507.0,1541.7913
2018-03-05 16:00:00,1506.0,1526.7462
2018-03-05 17:00:00,1528.0,1522.43
2018-03-05 18:00:00,1591.0,1546.3187
2018-03-05 19:00:00,1610.0,1619.0941
2018-03-05 20:00:00,1602.0,1635.6064
2018-03-05 21:00:00,1552.0,1565.0707
2018-03-05 22:00:00,1481.0,1465.5358
2018-03-05 23:00:00,1391.0,1390.9489
2018-03-06 00:00:00,1353.0,1318.5884
2018-03-06 01:00:00,1330.0,1311.0214
2018-03-06 02:00:00,1312.0,1319.4178
2018-03-06 03:00:00,1307.0,1317.8307
2018-03-06 04:00:00,1346.0,1337.5864
2018-03-06 05:00:00,1407.0,1430.0181
2018-03-06 06:00:00,1525.0,1544.7809
2018-03-06 07:00:00,1570.0,1601.1792
2018-03-06 08:00:00,1597.0,1597.824
2018-03-06 09:00:00,1601.0,1627.6073
2018-03-06 10:00:00,1605.0,1621.095
2018-03-06 11:00:00,1615.0,1613.4341
2018-03-06 12:00:00,1621.0,1609.5681
2018-03-06 13:00:00,1606.0,1617.1644
2018-03-06 14:00:00,1579.0,1596.2351
2018-03-06 15:00:00,1561.0,1569.2877
2018-03-06 16:00:00,1554.0,1563.4974
2018-03-06 17:00:00,1569.0,1558.8502
2018-03-06 18:00:00,1625.0,1573.887
2018-03-06 19:00:00,1626.0,1646.8878
2018-03-06 20:00:00,1594.0,1647.7782
2018-03-06 21:00:00,1530.0,1560.482
2018-03-06 22:00:00,1471.0,1443.1272
2018-03-06 23:00:00,1397.0,1385.4491
2018-03-07 00:00:00,1337.0,1323.8422
2018-03-07 01:00:00,1295.0,1298.8093
2018-03-07 02:00:00,1284.0,1281.5221
2018-03-07 03:00:00,1273.0,1282.5994
2018-03-07 04:00:00,1305.0,1297.2993
2018-03-07 05:00:00,1408.0,1380.0736
2018-03-07 06:00:00,1527.0,1533.7881
2018-03-07 07:00:00,1594.0,1599.3936
2018-03-07 08:00:00,1626.0,1629.9894
2018-03-07 09:00:00,1637.0,1652.0033
2018-03-07 10:00:00,1655.0,1652.6052
2018-03-07 11:00:00,1652.0,1659.4805
2018-03-07 12:00:00,1617.0,1647.616
2018-03-07 13:00:00,1613.0,1614.9523
2018-03-07 14:00:00,1594.0,1599.0419
2018-03-07 15:00:00,1580.0,1583.2535
2018-03-07 16:00:00,1594.0,1572.3582
2018-03-07 17:00:00,1610.0,1593.5149
2018-03-07 18:00:00,1668.0,1605.7443
2018-03-07 19:00:00,1677.0,1690.1428
2018-03-07 20:00:00,1664.0,1689.9293
2018-03-07 21:00:00,1616.0,1618.8071
2018-03-07 22:00:00,1532.0,1513.2151
2018-03-07 23:00:00,1447.0,1436.9117
2018-03-08 00:00:00,1394.0,1372.9719
2018-03-08 01:00:00,1383.0,1350.448
2018-03-08 02:00:00,1379.0,1362.0543
2018-03-08 03:00:00,1386.0,1374.8136
2018-03-08 04:00:00,1416.0,1416.4048
2018-03-08 05:00:00,1473.0,1494.3154
2018-03-08 06:00:00,1593.0,1610.1451
2018-03-08 07:00:00,1634.0,1665.8368
2018-03-08 08:00:00,1659.0,1664.4761
2018-03-08 09:00:00,1674.0,1675.1683
2018-03-08 10:00:00,1675.0,1689.9553
2018-03-08 11:00:00,1670.0,1673.9252
2018-03-08 12:00:00,1674.0,1665.6958
2018-03-08 13:00:00,1680.0,1666.7848
2018-03-08 14:00:00,1658.0,1657.0172
2018-03-08 15:00:00,1620.0,1637.7881
2018-03-08 16:00:00,1638.0,1611.9747
2018-03-08 17:00:00,1670.0,1636.5217
2018-03-08 18:00:00,1732.0,1684.2936
2018-03-08 19:00:00,1743.0,1756.4506
2018-03-08 20:00:00,1712.0,1747.9772
2018-03-08 21:00:00,1674.0,1664.2344
2018-03-08 22:00:00,1573.0,1578.0862
2018-03-08 23:00:00,1504.0,1488.3003
2018-03-09 00:00:00,1471.0,1434.0349
2018-03-09 01:00:00,1432.0,1425.15
2018-03-09 02:00:00,1418.0,1423.3231
2018-03-09 03:00:00,1422.0,1416.2483
2018-03-09 04:00:00,1451.0,1441.9918
2018-03-09 05:00:00,1520.0,1533.1431
2018-03-09 06:00:00,1605.0,1648.5531
2018-03-09 07:00:00,1679.0,1673.5797
2018-03-09 08:00:00,1730.0,1707.9951
2018-03-09 09:00:00,1742.0,1748.1083
2018-03-09 10:00:00,1742.0,1752.2438
2018-03-09 11:00:00,1744.0,1734.6394
2018-03-09 12:00:00,1725.0,1727.8811
2018-03-09 13:00:00,1729.0,1711.5227
2018-03-09 14:00:00,1709.0,1707.9368
2018-03-09 15:00:00,1688.0,1686.8336
2018-03-09 16:00:00,1683.0,1668.4756
2018-03-09 17:00:00,1681.0,1664.869
2018-03-09 18:00:00,1712.0,1686.0692
2018-03-09 19:00:00,1708.0,1724.0248
2018-03-09 20:00:00,1682.0,1708.7412
2018-03-09 21:00:00,1619.0,1641.0431
2018-03-09 22:00:00,1549.0,1541.7302
2018-03-09 23:00:00,1493.0,1468.1617
2018-03-10 00:00:00,1445.0,1421.607
2018-03-10 01:00:00,1410.0,1401.4916
2018-03-10 02:00:00,1404.0,1392.0023
2018-03-10 03:00:00,1386.0,1397.5311
2018-03-10 04:00:00,1387.0,1402.0735
2018-03-10 05:00:00,1423.0,1413.1204
2018-03-10 06:00:00,1470.0,1472.6044
2018-03-10 07:00:00,1509.0,1502.3666
2018-03-10 08:00:00,1532.0,1551.1852
2018-03-10 09:00:00,1534.0,1556.5356
2018-03-10 10:00:00,1526.0,1531.925
2018-03-10 11:00:00,1538.0,1520.5936
2018-03-10 12:00:00,1513.0,1520.6962
2018-03-10 13:00:00,1492.0,1496.473
2018-03-10 14:00:00,1460.0,1473.4138
2018-03-10 15:00:00,1419.0,1449.7062
2018-03-10 16:00:00,1414.0,1421.6063
2018-03-10 17:00:00,1438.0,1428.0234
2018-03-10 18:00:00,1517.0,1460.0374
2018-03-10 19:00:00,1547.0,1554.8641
2018-03-10 20:00:00,1544.0,1570.7495
2018-03-10 21:00:00,1515.0,1513.0979
2018-03-10 22:00:00,1478.0,1449.472
2018-03-10 23:00:00,1421.0,1405.8884
2018-03-11 00:00:00,1380.0,1354.4098
2018-03-11 01:00:00,1346.0,1342.2511
2018-03-11 02:00:00,1348.0,1326.8625
2018-03-11 04:00:00,1349.0,1348.264
2018-03-11 05:00:00,1372.0,1368.0656
2018-03-11 06:00:00,1404.0,1405.5696
2018-03-11 07:00:00,1437.0,1426.7521
2018-03-11 08:00:00,1462.0,1463.3792
2018-03-11 09:00:00,1471.0,1485.4929
2018-03-11 10:00:00,1467.0,1488.6578
2018-03-11 11:00:00,1462.0,1469.2623
2018-03-11 12:00:00,1445.0,1458.2886
2018-03-11 13:00:00,1444.0,1435.185
2018-03-11 14:00:00,1420.0,1439.5126
2018-03-11 15:00:00,1403.0,1419.2721
2018-03-11 16:00:00,1408.0,1408.0975
2018-03-11 17:00:00,1421.0,1422.8926
2018-03-11 18:00:00,1439.0,1437.1865
2018-03-11 19:00:00,1514.0,1491.5487
2018-03-11 20:00:00,1564.0,1562.4105
2018-03-11 21:00:00,1535.0,1545.4113
2018-03-11 22:00:00,1482.0,1465.7205
2018-03-11 23:00:00,1408.0,1396.5723
2018-03-12 00:00:00,1351.0,1341.2596
2018-03-12 01:00:00,1338.0,1318.0352
2018-03-12 02:00:00,1337.0,1323.419
2018-03-12 03:00:00,1329.0,1340.1614
2018-03-12 04:00:00,1359.0,1359.2347
2018-03-12 05:00:00,1426.0,1427.2167
2018-03-12 06:00:00,1559.0,1571.7622
2018-03-12 07:00:00,1664.0,1646.3193
2018-03-12 08:00:00,1683.0,1697.9698
2018-03-12 09:00:00,1702.0,1703.4337
2018-03-12 10:00:00,1693.0,1714.3883
2018-03-12 11:00:00,1668.0,1694.4668
2018-03-12 12:00:00,1633.0,1666.3163
2018-03-12 13:00:00,1594.0,1631.4838
2018-03-12 14:00:00,1567.0,1586.7181
2018-03-12 15:00:00,1542.0,1563.0005
2018-03-12 16:00:00,1526.0,1551.8562
2018-03-12 17:00:00,1553.0,1547.855
2018-03-12 18:00:00,1568.0,1578.2944
2018-03-12 19:00:00,1630.0,1603.1968
2018-03-12 20:00:00,1643.0,1666.3097
2018-03-12 21:00:00,1605.0,1602.7332
2018-03-12 22:00:00,1519.0,1514.2584
2018-03-12 23:00:00,1416.0,1414.735
2018-03-13 00:00:00,1353.0,1350.4167
2018-03-13 01:00:00,1330.0,1313.9869
2018-03-13 02:00:00,1322.0,1312.5043
2018-03-13 03:00:00,1329.0,1324.1785
2018-03-13 04:00:00,1354.0,1356.2946
2018-03-13 05:00:00,1415.0,1440.1079
2018-03-13 06:00:00,1536.0,1560.7267
2018-03-13 07:00:00,1633.0,1620.5648
2018-03-13 08:00:00,1653.0,1664.8104
2018-03-13 09:00:00,1643.0,1669.8124
2018-03-13 10:00:00,1646.0,1660.6089
2018-03-13 11:00:00,1647.0,1648.7985
2018-03-13 12:00:00,1633.0,1645.2601
2018-03-13 13:00:00,1636.0,1628.4778
2018-03-13 14:00:00,1615.0,1624.1049
2018-03-13 15:00:00,1615.0,1601.6469
2018-03-13 16:00:00,1605.0,1609.6776
2018-03-13 17:00:00,1623.0,1604.9747
2018-03-13 18:00:00,1622.0,1625.5852
2018-03-13 19:00:00,1673.0,1647.7352
2018-03-13 20:00:00,1701.0,1704.479
2018-03-13 21:00:00,1651.0,1659.8499
2018-03-13 22:00:00,1565.0,1558.177
2018-03-13 23:00:00,1482.0,1457.964
2018-03-14 00:00:00,1419.0,1417.9915
2018-03-14 01:00:00,1385.0,1377.9309
2018-03-14 02:00:00,1392.0,1369.6306
2018-03-14 03:00:00,1394.0,1385.0482
2018-03-14 04:00:00,1424.0,1427.029
2018-03-14 05:00:00,1494.0,1515.6095
2018-03-14 06:00:00,1618.0,1636.441
2018-03-14 07:00:00,1728.0,1690.0435
2018-03-14 08:00:00,1753.0,1760.1139
2018-03-14 09:00:00,1758.0,1766.7605
2018-03-14 10:00:00,1772.0,1771.044
2018-03-14 11:00:00,1779.0,1774.6923
2018-03-14 12:00:00,1766.0,1768.1329
2018-03-14 13:00:00,1752.0,1756.6896
2018-03-14 14:00:00,1744.0,1734.2812
2018-03-14 15:00:00,1742.0,1727.9434
2018-03-14 16:00:00,1722.0,1742.6683
2018-03-14 17:00:00,1718.0,1713.7528
2018-03-14 18:00:00,1724.0,1726.6736
2018-03-14 19:00:00,1747.0,1760.7341
2018-03-14 20:00:00,1748.0,1771.7618
2018-03-14 21:00:00,1689.0,1698.684
2018-03-14 22:00:00,1598.0,1596.5659
2018-03-14 23:00:00,1520.0,1496.284
2018-03-15 00:00:00,1463.0,1454.9371
2018-03-15 01:00:00,1420.0,1427.7855
2018-03-15 02:00:00,1390.0,1405.1351
2018-03-15 03:00:00,1380.0,1386.2332
2018-03-15 04:00:00,1406.0,1397.9613
2018-03-15 05:00:00,1467.0,1481.0687
2018-03-15 06:00:00,1596.0,1609.5503
2018-03-15 07:00:00,1690.0,1685.2441
2018-03-15 08:00:00,1699.0,1725.1787
2018-03-15 09:00:00,1688.0,1716.063
2018-03-15 10:00:00,1682.0,1711.0284
2018-03-15 11:00:00,1641.0,1686.1093
2018-03-15 12:00:00,1645.0,1637.5465
2018-03-15 13:00:00,1646.0,1631.1768
2018-03-15 14:00:00,1613.0,1630.584
2018-03-15 15:00:00,1585.0,1601.7565
2018-03-15 16:00:00,1578.0,1583.5
2018-03-15 17:00:00,1557.0,1581.0387
2018-03-15 18:00:00,1580.0,1574.3782
2018-03-15 19:00:00,1634.0,1613.6613
2018-03-15 20:00:00,1665.0,1670.4421
2018-03-15 21:00:00,1616.0,1620.388
2018-03-15 22:00:00,1537.0,1531.7186
2018-03-15 23:00:00,1444.0,1449.4474
2018-03-16 00:00:00,1387.0,1382.7687
2018-03-16 01:00:00,1379.0,1347.2715
2018-03-16 02:00:00,1368.0,1359.745
2018-03-16 03:00:00,1372.0,1359.3511
2018-03-16 04:00:00,1413.0,1397.6958
2018-03-16 05:00:00,1494.0,1478.1523
2018-03-16 06:00:00,1618.0,1630.8489
2018-03-16 07:00:00,1702.0,1680.5391
2018-03-16 08:00:00,1719.0,1712.4856
2018-03-16 09:00:00,1732.0,1728.6506
2018-03-16 10:00:00,1741.0,1736.8314
2018-03-16 11:00:00,1739.0,1727.7332
2018-03-16 12:00:00,1719.0,1726.2866
2018-03-16 13:00:00,1659.0,1706.4315
2018-03-16 14:00:00,1640.0,1631.603
2018-03-16 15:00:00,1600.0,1610.672
2018-03-16 16:00:00,1556.0,1587.1732
2018-03-16 17:00:00,1549.0,1550.9895
2018-03-16 18:00:00,1548.0,1555.8901
2018-03-16 19:00:00,1597.0,1579.9208
2018-03-16 20:00:00,1622.0,1630.8806
2018-03-16 21:00:00,1577.0,1587.5383
2018-03-16 22:00:00,1513.0,1496.2865
2018-03-16 23:00:00,1458.0,1428.3921
2018-03-17 00:00:00,1418.0,1389.5571
2018-03-17 01:00:00,1391.0,1375.5258
2018-03-17 02:00:00,1377.0,1366.5648
2018-03-17 03:00:00,1373.0,1365.2362
2018-03-17 04:00:00,1398.0,1384.5679
2018-03-17 05:00:00,1424.0,1434.626
2018-03-17 06:00:00,1467.0,1474.5253
2018-03-17 07:00:00,1508.0,1495.2212
2018-03-17 08:00:00,1544.0,1547.1013
2018-03-17 09:00:00,1586.0,1566.1263
2018-03-17 10:00:00,1619.0,1590.5946
2018-03-17 11:00:00,1610.0,1621.7399
2018-03-17 12:00:00,1598.0,1596.9012
2018-03-17 13:00:00,1568.0,1574.8633
2018-03-17 14:00:00,1516.0,1549.319
2018-03-17 15:00:00,1509.0,1497.6066
2018-03-17 16:00:00,1491.0,1509.3492
2018-03-17 17:00:00,1487.0,1504.459
2018-03-17 18:00:00,1485.0,1501.4144
2018-03-17 19:00:00,1519.0,1533.6116
2018-03-17 20:00:00,1563.0,1581.2294
2018-03-17 21:00:00,1546.0,1552.4138
2018-03-17 22:00:00,1486.0,1486.0222
2018-03-17 23:00:00,1430.0,1412.0073
2018-03-18 00:00:00,1386.0,1363.8707
2018-03-18 01:00:00,1361.0,1348.7396
2018-03-18 02:00:00,1347.0,1341.4105
2018-03-18 03:00:00,1342.0,1333.8203
2018-03-18 04:00:00,1351.0,1347.0792
2018-03-18 05:00:00,1379.0,1370.0116
2018-03-18 06:00:00,1413.0,1420.697
2018-03-18 07:00:00,1431.0,1435.2738
2018-03-18 08:00:00,1460.0,1455.0822
2018-03-18 09:00:00,1481.0,1486.1537
2018-03-18 10:00:00,1470.0,1496.7561
2018-03-18 11:00:00,1467.0,1470.1073
2018-03-18 12:00:00,1430.0,1455.7784
2018-03-18 13:00:00,1413.0,1427.0164
2018-03-18 14:00:00,1380.0,1405.4912
2018-03-18 15:00:00,1363.0,1386.6896
2018-03-18 16:00:00,1366.0,1374.7185
2018-03-18 17:00:00,1366.0,1378.7715
2018-03-18 18:00:00,1378.0,1387.6768
2018-03-18 19:00:00,1435.0,1424.2057
2018-03-18 20:00:00,1488.0,1499.5541
2018-03-18 21:00:00,1454.0,1483.8069
2018-03-18 22:00:00,1397.0,1406.652
2018-03-18 23:00:00,1312.0,1332.4205
2018-03-19 00:00:00,1300.0,1260.6947
2018-03-19 01:00:00,1277.0,1266.6359
2018-03-19 02:00:00,1284.0,1269.9752
2018-03-19 03:00:00,1294.0,1289.7877
2018-03-19 04:00:00,1321.0,1331.5432
2018-03-19 05:00:00,1401.0,1407.4781
2018-03-19 06:00:00,1527.0,1540.0999
2018-03-19 07:00:00,1592.0,1617.9833
2018-03-19 08:00:00,1601.0,1633.0183
2018-03-19 09:00:00,1596.0,1640.9341
2018-03-19 10:00:00,1584.0,1623.4589
2018-03-19 11:00:00,1562.0,1594.1038
2018-03-19 12:00:00,1539.0,1567.621
2018-03-19 13:00:00,1510.0,1550.7229
2018-03-19 14:00:00,1485.0,1525.8336
2018-03-19 15:00:00,1449.0,1493.0614
2018-03-19 16:00:00,1437.0,1467.4641
2018-03-19 17:00:00,1437.0,1454.2368
2018-03-19 18:00:00,1432.0,1454.9324
2018-03-19 19:00:00,1474.0,1486.3002
2018-03-19 20:00:00,1503.0,1531.6223
2018-03-19 21:00:00,1477.0,1503.2014
2018-03-19 22:00:00,1383.0,1416.5474
2018-03-19 23:00:00,1291.0,1314.5159
2018-03-20 00:00:00,1244.0,1245.1923
2018-03-20 01:00:00,1229.0,1215.5576
2018-03-20 02:00:00,1213.0,1218.4978
2018-03-20 03:00:00,1219.0,1220.5819
2018-03-20 04:00:00,1263.0,1250.1013
2018-03-20 05:00:00,1341.0,1338.0392
2018-03-20 06:00:00,1472.0,1481.9756
2018-03-20 07:00:00,1568.0,1563.1549
2018-03-20 08:00:00,1609.0,1606.5695
2018-03-20 09:00:00,1641.0,1640.4441
2018-03-20 10:00:00,1667.0,1668.6292
2018-03-20 11:00:00,1662.0,1671.2751
2018-03-20 12:00:00,1673.0,1661.1233
2018-03-20 13:00:00,1675.0,1674.3076
2018-03-20 14:00:00,1662.0,1667.0712
2018-03-20 15:00:00,1641.0,1651.1953
2018-03-20 16:00:00,1652.0,1634.9276
2018-03-20 17:00:00,1641.0,1637.4519
2018-03-20 18:00:00,1632.0,1628.2181
2018-03-20 19:00:00,1669.0,1640.9609
2018-03-20 20:00:00,1685.0,1697.3486
2018-03-20 21:00:00,1631.0,1640.4766
2018-03-20 22:00:00,1550.0,1526.2151
2018-03-20 23:00:00,1461.0,1446.5869
2018-03-21 00:00:00,1408.0,1400.3275
2018-03-21 01:00:00,1380.0,1371.7473
2018-03-21 02:00:00,1369.0,1370.6449
2018-03-21 03:00:00,1366.0,1367.0043
2018-03-21 04:00:00,1397.0,1397.049
2018-03-21 05:00:00,1489.0,1478.3564
2018-03-21 06:00:00,1596.0,1625.9254
2018-03-21 07:00:00,1680.0,1679.6492
2018-03-21 08:00:00,1717.0,1716.562
2018-03-21 09:00:00,1738.0,1739.9004
2018-03-21 10:00:00,1733.0,1754.2332
2018-03-21 11:00:00,1747.0,1732.8812
2018-03-21 12:00:00,1768.0,1739.7852
2018-03-21 13:00:00,1748.0,1761.9061
2018-03-21 14:00:00,1728.0,1727.936
2018-03-21 15:00:00,1704.0,1711.2368
2018-03-21 16:00:00,1693.0,1696.7155
2018-03-21 17:00:00,1686.0,1675.2057
2018-03-21 18:00:00,1683.0,1674.3678
2018-03-21 19:00:00,1702.0,1710.3954
2018-03-21 20:00:00,1718.0,1733.6632
2018-03-21 21:00:00,1661.0,1673.4146
2018-03-21 22:00:00,1588.0,1561.5232
2018-03-21 23:00:00,1495.0,1474.846
2018-03-22 00:00:00,1446.0,1428.7235
2018-03-22 01:00:00,1420.0,1409.5791
2018-03-22 02:00:00,1421.0,1393.8483
2018-03-22 03:00:00,1415.0,1422.5968
2018-03-22 04:00:00,1430.0,1436.0979
2018-03-22 05:00:00,1500.0,1506.2935
2018-03-22 06:00:00,1625.0,1636.8099
2018-03-22 07:00:00,1703.0,1699.7992
2018-03-22 08:00:00,1731.0,1731.1819
2018-03-22 09:00:00,1716.0,1749.8148
2018-03-22 10:00:00,1705.0,1725.5436
2018-03-22 11:00:00,1679.0,1702.7134
2018-03-22 12:00:00,1657.0,1670.7664
2018-03-22 13:00:00,1633.0,1641.1608
2018-03-22 14:00:00,1596.0,1616.2345
2018-03-22 15:00:00,1566.0,1582.2952
2018-03-22 16:00:00,1556.0,1570.0232
2018-03-22 17:00:00,1539.0,1564.2341
2018-03-22 18:00:00,1574.0,1558.5057
2018-03-22 19:00:00,1626.0,1608.293
2018-03-22 20:00:00,1654.0,1662.7904
2018-03-22 21:00:00,1622.0,1614.1005
2018-03-22 22:00:00,1537.0,1536.6044
2018-03-22 23:00:00,1463.0,1453.5748
2018-03-23 00:00:00,1416.0,1402.9279
2018-03-23 01:00:00,1396.0,1376.6023
2018-03-23 02:00:00,1385.0,1381.2423
2018-03-23 03:00:00,1381.0,1381.5714
2018-03-23 04:00:00,1417.0,1409.6611
2018-03-23 05:00:00,1491.0,1493.0789
2018-03-23 06:00:00,1610.0,1624.0032
2018-03-23 07:00:00,1685.0,1669.7621
2018-03-23 08:00:00,1703.0,1706.0398
2018-03-23 09:00:00,1687.0,1709.3242
2018-03-23 10:00:00,1695.0,1696.0096
2018-03-23 11:00:00,1657.0,1691.1707
2018-03-23 12:00:00,1631.0,1642.7991
2018-03-23 13:00:00,1626.0,1620.3186
2018-03-23 14:00:00,1611.0,1605.4515
2018-03-23 15:00:00,1559.0,1592.6917
2018-03-23 16:00:00,1537.0,1557.2506
2018-03-23 17:00:00,1523.0,1533.2726
2018-03-23 18:00:00,1507.0,1538.1655
2018-03-23 19:00:00,1540.0,1543.8119
2018-03-23 20:00:00,1567.0,1587.5211
2018-03-23 21:00:00,1550.0,1547.7375
2018-03-23 22:00:00,1489.0,1473.5713
2018-03-23 23:00:00,1424.0,1418.1552
2018-03-24 00:00:00,1378.0,1354.0226
2018-03-24 01:00:00,1349.0,1337.5532
2018-03-24 02:00:00,1334.0,1334.5267
2018-03-24 03:00:00,1341.0,1325.0284
2018-03-24 04:00:00,1353.0,1344.9276
2018-03-24 05:00:00,1400.0,1378.541
2018-03-24 06:00:00,1454.0,1450.0952
2018-03-24 07:00:00,1490.0,1482.2415
2018-03-24 08:00:00,1530.0,1516.1031
2018-03-24 09:00:00,1540.0,1546.8628
2018-03-24 10:00:00,1527.0,1545.1857
2018-03-24 11:00:00,1508.0,1521.096
2018-03-24 12:00:00,1483.0,1494.7037
2018-03-24 13:00:00,1429.0,1469.729
2018-03-24 14:00:00,1408.0,1417.5795
2018-03-24 15:00:00,1399.0,1397.787
2018-03-24 16:00:00,1393.0,1394.9663
2018-03-24 17:00:00,1397.0,1402.437
2018-03-24 18:00:00,1413.0,1408.5995
2018-03-24 19:00:00,1470.0,1456.0647
2018-03-24 20:00:00,1506.0,1521.7109
2018-03-24 21:00:00,1496.0,1491.4839
2018-03-24 22:00:00,1450.0,1429.5333
2018-03-24 23:00:00,1385.0,1369.9492
2018-03-25 00:00:00,1345.0,1322.4823
2018-03-25 01:00:00,1328.0,1299.9591
2018-03-25 02:00:00,1311.0,1305.7654
2018-03-25 03:00:00,1305.0,1302.9349
2018-03-25 04:00:00,1326.0,1309.1857
2018-03-25 05:00:00,1361.0,1350.4347
2018-03-25 06:00:00,1402.0,1396.273
2018-03-25 07:00:00,1434.0,1420.7284
2018-03-25 08:00:00,1457.0,1455.6766
2018-03-25 09:00:00,1477.0,1475.3483
2018-03-25 10:00:00,1494.0,1492.4991
2018-03-25 11:00:00,1490.0,1497.095
2018-03-25 12:00:00,1472.0,1486.2043
2018-03-25 13:00:00,1455.0,1463.02
2018-03-25 14:00:00,1429.0,1446.8339
2018-03-25 15:00:00,1429.0,1430.4364
2018-03-25 16:00:00,1422.0,1435.1648
2018-03-25 17:00:00,1430.0,1431.8969
2018-03-25 18:00:00,1445.0,1439.3262
2018-03-25 19:00:00,1495.0,1485.5873
2018-03-25 20:00:00,1561.0,1550.6532
2018-03-25 21:00:00,1544.0,1538.9142
2018-03-25 22:00:00,1485.0,1476.2587
2018-03-25 23:00:00,1415.0,1408.1754
2018-03-26 00:00:00,1364.0,1344.9346
2018-03-26 01:00:00,1337.0,1326.7704
2018-03-26 02:00:00,1327.0,1326.6438
2018-03-26 03:00:00,1318.0,1338.4928
2018-03-26 04:00:00,1347.0,1353.2573
2018-03-26 05:00:00,1420.0,1421.8354
2018-03-26 06:00:00,1549.0,1563.5978
2018-03-26 07:00:00,1618.0,1640.3442
2018-03-26 08:00:00,1644.0,1658.6411
2018-03-26 09:00:00,1640.0,1663.7507
2018-03-26 10:00:00,1602.0,1654.5758
2018-03-26 11:00:00,1592.0,1613.7567
2018-03-26 12:00:00,1598.0,1591.1935
2018-03-26 13:00:00,1574.0,1597.9906
2018-03-26 14:00:00,1552.0,1567.7963
2018-03-26 15:00:00,1522.0,1552.6359
2018-03-26 16:00:00,1502.0,1542.4198
2018-03-26 17:00:00,1487.0,1533.5885
2018-03-26 18:00:00,1490.0,1514.2576
2018-03-26 19:00:00,1529.0,1545.4387
2018-03-26 20:00:00,1565.0,1588.4324
2018-03-26 21:00:00,1529.0,1540.1156
2018-03-26 22:00:00,1436.0,1453.5845
2018-03-26 23:00:00,1346.0,1360.7766
2018-03-27 00:00:00,1285.0,1281.4897
2018-03-27 01:00:00,1246.0,1249.7009
2018-03-27 02:00:00,1251.0,1242.7238
2018-03-27 03:00:00,1245.0,1251.3945
2018-03-27 04:00:00,1263.0,1273.371
2018-03-27 05:00:00,1343.0,1345.0785
2018-03-27 06:00:00,1449.0,1479.4471
2018-03-27 07:00:00,1542.0,1543.3446
2018-03-27 08:00:00,1586.0,1592.8359
2018-03-27 09:00:00,1624.0,1615.1075
2018-03-27 10:00:00,1660.0,1648.3651
2018-03-27 11:00:00,1650.0,1671.3794
2018-03-27 12:00:00,1654.0,1647.8026
2018-03-27 13:00:00,1632.0,1650.8531
2018-03-27 14:00:00,1615.0,1621.7958
2018-03-27 15:00:00,1590.0,1604.732
2018-03-27 16:00:00,1585.0,1588.5575
2018-03-27 17:00:00,1587.0,1579.7449
2018-03-27 18:00:00,1586.0,1581.4202
2018-03-27 19:00:00,1588.0,1606.2096
2018-03-27 20:00:00,1574.0,1625.0723
2018-03-27 21:00:00,1536.0,1548.8889
2018-03-27 22:00:00,1451.0,1449.8065
2018-03-27 23:00:00,1357.0,1366.6539
2018-03-28 00:00:00,1286.0,1295.6731
2018-03-28 01:00:00,1249.0,1250.8097
2018-03-28 02:00:00,1224.0,1236.5499
2018-03-28 03:00:00,1238.0,1222.4569
2018-03-28 04:00:00,1252.0,1259.0989
2018-03-28 05:00:00,1308.0,1327.5688
2018-03-28 06:00:00,1414.0,1439.6136
2018-03-28 07:00:00,1493.0,1502.4924
2018-03-28 08:00:00,1527.0,1568.9159
2018-03-28 09:00:00,1555.0,1583.8363
2018-03-28 10:00:00,1553.0,1584.0417
2018-03-28 11:00:00,1569.0,1567.7054
2018-03-28 12:00:00,1566.0,1566.3597
2018-03-28 13:00:00,1569.0,1564.6891
2018-03-28 14:00:00,1545.0,1566.379
2018-03-28 15:00:00,1533.0,1546.6005
2018-03-28 16:00:00,1517.0,1537.7838
2018-03-28 17:00:00,1515.0,1525.3873
2018-03-28 18:00:00,1520.0,1526.6697
2018-03-28 19:00:00,1530.0,1556.2314
2018-03-28 20:00:00,1534.0,1578.2507
2018-03-28 21:00:00,1469.0,1509.4237
2018-03-28 22:00:00,1374.0,1401.3135
2018-03-28 23:00:00,1303.0,1306.1277
2018-03-29 00:00:00,1238.0,1251.1445
2018-03-29 01:00:00,1197.0,1205.6593
2018-03-29 02:00:00,1185.0,1190.7654
2018-03-29 03:00:00,1167.0,1194.4347
2018-03-29 04:00:00,1194.0,1201.301
2018-03-29 05:00:00,1278.0,1266.051
2018-03-29 06:00:00,1375.0,1408.4026
2018-03-29 07:00:00,1435.0,1474.8768
2018-03-29 08:00:00,1487.0,1516.2588
2018-03-29 09:00:00,1523.0,1554.7151
2018-03-29 10:00:00,1550.0,1559.5057
2018-03-29 11:00:00,1538.0,1567.361
2018-03-29 12:00:00,1533.0,1544.6237
2018-03-29 13:00:00,1534.0,1530.2286
2018-03-29 14:00:00,1518.0,1524.9213
2018-03-29 15:00:00,1488.0,1515.7058
2018-03-29 16:00:00,1481.0,1493.9648
2018-03-29 17:00:00,1492.0,1487.642
2018-03-29 18:00:00,1452.0,1499.8739
2018-03-29 19:00:00,1493.0,1487.4521
2018-03-29 20:00:00,1494.0,1545.2197
2018-03-29 21:00:00,1438.0,1486.5077
2018-03-29 22:00:00,1370.0,1380.8741
2018-03-29 23:00:00,1290.0,1299.3347
2018-03-30 00:00:00,1219.0,1236.317
2018-03-30 01:00:00,1178.0,1186.5835
2018-03-30 02:00:00,1166.0,1165.8176
2018-03-30 03:00:00,1161.0,1161.0121
2018-03-30 04:00:00,1176.0,1183.8185
2018-03-30 05:00:00,1242.0,1242.1366
2018-03-30 06:00:00,1335.0,1371.3915
2018-03-30 07:00:00,1396.0,1425.8865
2018-03-30 08:00:00,1449.0,1484.4017
2018-03-30 09:00:00,1490.0,1531.2343
2018-03-30 10:00:00,1538.0,1540.0723
2018-03-30 11:00:00,1547.0,1547.2898
2018-03-30 12:00:00,1549.0,1547.5118
2018-03-30 13:00:00,1538.0,1545.8302
2018-03-30 14:00:00,1508.0,1524.9579
2018-03-30 15:00:00,1495.0,1503.8263
2018-03-30 16:00:00,1486.0,1497.319
2018-03-30 17:00:00,1491.0,1489.158
2018-03-30 18:00:00,1474.0,1499.4014
2018-03-30 19:00:00,1482.0,1505.0034
2018-03-30 20:00:00,1512.0,1533.5841
2018-03-30 21:00:00,1495.0,1493.7821
2018-03-30 22:00:00,1443.0,1421.4912
2018-03-30 23:00:00,1365.0,1357.7166
2018-03-31 00:00:00,1314.0,1299.7002
2018-03-31 01:00:00,1274.0,1267.9816
2018-03-31 02:00:00,1266.0,1243.6476
2018-03-31 03:00:00,1248.0,1247.8019
2018-03-31 04:00:00,1259.0,1253.4141
2018-03-31 05:00:00,1308.0,1282.5111
2018-03-31 06:00:00,1345.0,1350.0791
2018-03-31 07:00:00,1378.0,1388.9193
2018-03-31 08:00:00,1422.0,1419.9138
2018-03-31 09:00:00,1437.0,1465.7189
2018-03-31 10:00:00,1418.0,1450.8423
2018-03-31 11:00:00,1401.0,1423.853
2018-03-31 12:00:00,1371.0,1399.2021
2018-03-31 13:00:00,1355.0,1363.397
2018-03-31 14:00:00,1336.0,1340.4043
2018-03-31 15:00:00,1322.0,1337.4723
2018-03-31 16:00:00,1314.0,1329.9071
2018-03-31 17:00:00,1315.0,1325.7358
2018-03-31 18:00:00,1328.0,1318.445
2018-03-31 19:00:00,1370.0,1356.2472
2018-03-31 20:00:00,1400.0,1440.2155
2018-03-31 21:00:00,1376.0,1417.4601
2018-03-31 22:00:00,1325.0,1324.3766
2018-03-31 23:00:00,1267.0,1272.4445
2018-04-01 00:00:00,1207.0,1218.1807
2018-04-01 01:00:00,1168.0,1183.095
2018-04-01 02:00:00,1139.0,1159.7983
2018-04-01 03:00:00,1129.0,1132.1759
2018-04-01 04:00:00,1140.0,1123.1046
2018-04-01 05:00:00,1164.0,1133.3473
2018-04-01 06:00:00,1206.0,1184.7106
2018-04-01 07:00:00,1248.0,1225.9885
2018-04-01 08:00:00,1304.0,1295.1138
2018-04-01 09:00:00,1361.0,1330.0673
2018-04-01 10:00:00,1357.0,1367.1155
2018-04-01 11:00:00,1330.0,1365.3325
2018-04-01 12:00:00,1333.0,1339.305
2018-04-01 13:00:00,1312.0,1334.0334
2018-04-01 14:00:00,1284.0,1311.7928
2018-04-01 15:00:00,1268.0,1284.805
2018-04-01 16:00:00,1247.0,1264.5068
2018-04-01 17:00:00,1243.0,1256.0404
2018-04-01 18:00:00,1252.0,1250.6179
2018-04-01 19:00:00,1317.0,1284.5117
2018-04-01 20:00:00,1371.0,1383.1797
2018-04-01 21:00:00,1371.0,1404.999
2018-04-01 22:00:00,1326.0,1318.1316
2018-04-01 23:00:00,1288.0,1273.2035
2018-04-02 00:00:00,1261.0,1233.4556
2018-04-02 01:00:00,1246.0,1229.9452
2018-04-02 02:00:00,1231.0,1230.0171
2018-04-02 03:00:00,1235.0,1225.2084
2018-04-02 04:00:00,1267.0,1253.4956
2018-04-02 05:00:00,1335.0,1337.2039
2018-04-02 06:00:00,1437.0,1455.7522
2018-04-02 07:00:00,1507.0,1506.9149
2018-04-02 08:00:00,1551.0,1562.0437
2018-04-02 09:00:00,1581.0,1597.5741
2018-04-02 10:00:00,1597.0,1608.1771
2018-04-02 11:00:00,1591.0,1608.6589
2018-04-02 12:00:00,1590.0,1586.848
2018-04-02 13:00:00,1587.0,1581.6592
2018-04-02 14:00:00,1571.0,1579.2174
2018-04-02 15:00:00,1533.0,1564.9462
2018-04-02 16:00:00,1505.0,1532.7253
2018-04-02 17:00:00,1507.0,1505.4553
2018-04-02 18:00:00,1491.0,1507.9666
2018-04-02 19:00:00,1518.0,1525.9374
2018-04-02 20:00:00,1549.0,1587.7987
2018-04-02 21:00:00,1518.0,1533.4851
2018-04-02 22:00:00,1447.0,1434.4487
2018-04-02 23:00:00,1372.0,1354.9799
2018-04-03 00:00:00,1302.0,1307.7653
2018-04-03 01:00:00,1262.0,1269.5903
2018-04-03 02:00:00,1248.0,1246.9305
2018-04-03 03:00:00,1246.0,1254.7944
2018-04-03 04:00:00,1276.0,1279.1093
2018-04-03 05:00:00,1347.0,1359.2361
2018-04-03 06:00:00,1465.0,1481.0725
2018-04-03 07:00:00,1528.0,1542.229
2018-04-03 08:00:00,1553.0,1575.7946
2018-04-03 09:00:00,1581.0,1589.4652
2018-04-03 10:00:00,1584.0,1605.3339
2018-04-03 11:00:00,1606.0,1592.3805
2018-04-03 12:00:00,1591.0,1602.9937
2018-04-03 13:00:00,1575.0,1587.0764
2018-04-03 14:00:00,1551.0,1559.9231
2018-04-03 15:00:00,1536.0,1540.6276
2018-04-03 16:00:00,1515.0,1540.0653
2018-04-03 17:00:00,1516.0,1519.1547
2018-04-03 18:00:00,1501.0,1514.7129
2018-04-03 19:00:00,1528.0,1532.8507
2018-04-03 20:00:00,1519.0,1574.1324
2018-04-03 21:00:00,1472.0,1498.0089
2018-04-03 22:00:00,1387.0,1391.3225
2018-04-03 23:00:00,1302.0,1306.9631
2018-04-04 00:00:00,1247.0,1248.4596
2018-04-04 01:00:00,1207.0,1218.598
2018-04-04 02:00:00,1194.0,1202.0834
2018-04-04 03:00:00,1181.0,1195.7383
2018-04-04 04:00:00,1194.0,1203.0845
2018-04-04 05:00:00,1266.0,1270.8353
2018-04-04 06:00:00,1400.0,1395.0547
2018-04-04 07:00:00,1492.0,1489.0833
2018-04-04 08:00:00,1530.0,1545.4429
2018-04-04 09:00:00,1570.0,1574.3073
2018-04-04 10:00:00,1594.0,1593.9735
2018-04-04 11:00:00,1582.0,1607.1847
2018-04-04 12:00:00,1586.0,1575.486
2018-04-04 13:00:00,1611.0,1580.9794
2018-04-04 14:00:00,1601.0,1607.2743
2018-04-04 15:00:00,1567.0,1590.5745
2018-04-04 16:00:00,1567.0,1559.681
2018-04-04 17:00:00,1587.0,1551.3636
2018-04-04 18:00:00,1597.0,1568.4883
2018-04-04 19:00:00,1639.0,1598.3671
2018-04-04 20:00:00,1666.0,1664.9967
2018-04-04 21:00:00,1614.0,1615.489
2018-04-04 22:00:00,1536.0,1504.7549
2018-04-04 23:00:00,1451.0,1422.0685
2018-04-05 00:00:00,1392.0,1375.0863
2018-04-05 01:00:00,1370.0,1336.3062
2018-04-05 02:00:00,1356.0,1334.102
2018-04-05 03:00:00,1344.0,1345.7877
2018-04-05 04:00:00,1357.0,1368.7223
2018-04-05 05:00:00,1433.0,1423.366
2018-04-05 06:00:00,1558.0,1558.0453
2018-04-05 07:00:00,1630.0,1628.6191
2018-04-05 08:00:00,1698.0,1668.1447
2018-04-05 09:00:00,1718.0,1725.1157
2018-04-05 10:00:00,1705.0,1744.3572
2018-04-05 11:00:00,1694.0,1706.1589
2018-04-05 12:00:00,1676.0,1689.8882
2018-04-05 13:00:00,1643.0,1675.2134
2018-04-05 14:00:00,1597.0,1625.9316
2018-04-05 15:00:00,1566.0,1579.3842
2018-04-05 16:00:00,1557.0,1563.231
2018-04-05 17:00:00,1549.0,1552.6665
2018-04-05 18:00:00,1544.0,1543.8612
2018-04-05 19:00:00,1533.0,1554.7804
2018-04-05 20:00:00,1583.0,1582.0792
2018-04-05 21:00:00,1566.0,1564.9869
2018-04-05 22:00:00,1482.0,1482.3865
2018-04-05 23:00:00,1388.0,1376.898
2018-04-06 00:00:00,1329.0,1313.6267
2018-04-06 01:00:00,1281.0,1290.061
2018-04-06 02:00:00,1290.0,1265.4293
2018-04-06 03:00:00,1281.0,1284.1705
2018-04-06 04:00:00,1301.0,1303.5173
2018-04-06 05:00:00,1364.0,1376.8203
2018-04-06 06:00:00,1492.0,1486.9264
2018-04-06 07:00:00,1543.0,1560.1649
2018-04-06 08:00:00,1581.0,1576.3412
2018-04-06 09:00:00,1593.0,1603.8386
2018-04-06 10:00:00,1607.0,1610.5653
2018-04-06 11:00:00,1603.0,1605.5731
2018-04-06 12:00:00,1578.0,1589.346
2018-04-06 13:00:00,1564.0,1564.1515
2018-04-06 14:00:00,1525.0,1545.9285
2018-04-06 15:00:00,1497.0,1507.9846
2018-04-06 16:00:00,1493.0,1494.8638
2018-04-06 17:00:00,1476.0,1489.1464
2018-04-06 18:00:00,1468.0,1466.0847
2018-04-06 19:00:00,1489.0,1482.8618
2018-04-06 20:00:00,1489.0,1532.3207
2018-04-06 21:00:00,1476.0,1473.9861
2018-04-06 22:00:00,1414.0,1399.8984
2018-04-06 23:00:00,1364.0,1336.9484
2018-04-07 00:00:00,1320.0,1291.2434
2018-04-07 01:00:00,1307.0,1277.8096
2018-04-07 02:00:00,1291.0,1284.9666
2018-04-07 03:00:00,1297.0,1288.3273
2018-04-07 04:00:00,1306.0,1315.9576
2018-04-07 05:00:00,1315.0,1342.1677
2018-04-07 06:00:00,1389.0,1355.3779
2018-04-07 07:00:00,1418.0,1415.6438
2018-04-07 08:00:00,1476.0,1437.2086
2018-04-07 09:00:00,1517.0,1489.7135
2018-04-07 10:00:00,1527.0,1525.3809
2018-04-07 11:00:00,1503.0,1524.4177
2018-04-07 12:00:00,1496.0,1486.6581
2018-04-07 13:00:00,1477.0,1472.5221
2018-04-07 14:00:00,1451.0,1462.7174
2018-04-07 15:00:00,1434.0,1436.7888
2018-04-07 16:00:00,1420.0,1427.4791
2018-04-07 17:00:00,1419.0,1414.1049
2018-04-07 18:00:00,1416.0,1414.2494
2018-04-07 19:00:00,1452.0,1438.9421
2018-04-07 20:00:00,1522.0,1507.4005
2018-04-07 21:00:00,1493.0,1502.8679
2018-04-07 22:00:00,1453.0,1415.1868
2018-04-07 23:00:00,1383.0,1374.5924
2018-04-08 00:00:00,1333.0,1310.953
2018-04-08 01:00:00,1308.0,1282.2493
2018-04-08 02:00:00,1295.0,1281.428
2018-04-08 03:00:00,1281.0,1276.3523
2018-04-08 04:00:00,1288.0,1287.9076
2018-04-08 05:00:00,1311.0,1301.6389
2018-04-08 06:00:00,1348.0,1337.6693
2018-04-08 07:00:00,1356.0,1368.7557
2018-04-08 08:00:00,1403.0,1389.6714
2018-04-08 09:00:00,1431.0,1419.7037
2018-04-08 10:00:00,1459.0,1436.9597
2018-04-08 11:00:00,1465.0,1457.8181
2018-04-08 12:00:00,1461.0,1459.5863
2018-04-08 13:00:00,1458.0,1455.11
2018-04-08 14:00:00,1443.0,1449.6926
2018-04-08 15:00:00,1429.0,1440.7628
2018-04-08 16:00:00,1420.0,1437.5818
2018-04-08 17:00:00,1440.0,1424.9274
2018-04-08 18:00:00,1444.0,1444.1204
2018-04-08 19:00:00,1478.0,1473.0897
2018-04-08 20:00:00,1559.0,1541.8578
2018-04-08 21:00:00,1534.0,1540.5239
2018-04-08 22:00:00,1473.0,1462.5779
2018-04-08 23:00:00,1408.0,1383.9694
2018-04-09 00:00:00,1352.0,1321.3151
2018-04-09 01:00:00,1329.0,1311.7853
2018-04-09 02:00:00,1319.0,1312.8693
2018-04-09 03:00:00,1297.0,1317.6616
2018-04-09 04:00:00,1325.0,1334.9159
2018-04-09 05:00:00,1398.0,1400.2537
2018-04-09 06:00:00,1527.0,1524.018
2018-04-09 07:00:00,1596.0,1598.8696
2018-04-09 08:00:00,1637.0,1647.0421
2018-04-09 09:00:00,1640.0,1662.114
2018-04-09 10:00:00,1641.0,1657.0732
2018-04-09 11:00:00,1639.0,1642.7098
2018-04-09 12:00:00,1639.0,1632.7653
2018-04-09 13:00:00,1642.0,1632.012
2018-04-09 14:00:00,1621.0,1627.622
2018-04-09 15:00:00,1611.0,1607.4825
2018-04-09 16:00:00,1609.0,1603.191
2018-04-09 17:00:00,1593.0,1596.7594
2018-04-09 18:00:00,1607.0,1573.7621
2018-04-09 19:00:00,1618.0,1619.3997
2018-04-09 20:00:00,1628.0,1653.3124
2018-04-09 21:00:00,1582.0,1591.2324
2018-04-09 22:00:00,1497.0,1482.5763
2018-04-09 23:00:00,1407.0,1391.628
2018-04-10 00:00:00,1363.0,1327.1213
2018-04-10 01:00:00,1324.0,1316.171
2018-04-10 02:00:00,1333.0,1305.1802
2018-04-10 03:00:00,1335.0,1328.1372
2018-04-10 04:00:00,1360.0,1351.5619
2018-04-10 05:00:00,1440.0,1431.794
2018-04-10 06:00:00,1564.0,1571.7946
2018-04-10 07:00:00,1621.0,1627.4459
2018-04-10 08:00:00,1639.0,1656.0917
2018-04-10 09:00:00,1643.0,1657.5306
2018-04-10 10:00:00,1628.0,1657.1115
2018-04-10 11:00:00,1638.0,1630.6123
2018-04-10 12:00:00,1598.0,1637.6229
2018-04-10 13:00:00,1588.0,1597.87
2018-04-10 14:00:00,1577.0,1580.7396
2018-04-10 15:00:00,1580.0,1568.1115
2018-04-10 16:00:00,1560.0,1581.3264
2018-04-10 17:00:00,1547.0,1561.3602
2018-04-10 18:00:00,1536.0,1537.4946
2018-04-10 19:00:00,1560.0,1557.1721
2018-04-10 20:00:00,1582.0,1612.9056
2018-04-10 21:00:00,1540.0,1561.693
2018-04-10 22:00:00,1485.0,1458.3226
2018-04-10 23:00:00,1407.0,1392.1279
2018-04-11 00:00:00,1350.0,1334.5073
2018-04-11 01:00:00,1320.0,1310.7908
2018-04-11 02:00:00,1301.0,1299.8947
2018-04-11 03:00:00,1318.0,1299.8434
2018-04-11 04:00:00,1337.0,1345.926
2018-04-11 05:00:00,1414.0,1416.6704
2018-04-11 06:00:00,1534.0,1532.9172
2018-04-11 07:00:00,1599.0,1600.2157
2018-04-11 08:00:00,1625.0,1632.1038
2018-04-11 09:00:00,1619.0,1648.3126
2018-04-11 10:00:00,1579.0,1637.6007
2018-04-11 11:00:00,1572.0,1583.174
2018-04-11 12:00:00,1568.0,1571.6711
2018-04-11 13:00:00,1552.0,1564.202
2018-04-11 14:00:00,1551.0,1545.4152
2018-04-11 15:00:00,1529.0,1542.2512
2018-04-11 16:00:00,1490.0,1531.98
2018-04-11 17:00:00,1498.0,1495.2316
2018-04-11 18:00:00,1477.0,1505.1011
2018-04-11 19:00:00,1486.0,1514.2213
2018-04-11 20:00:00,1540.0,1546.5715
2018-04-11 21:00:00,1493.0,1522.0388
2018-04-11 22:00:00,1407.0,1429.134
2018-04-11 23:00:00,1322.0,1327.3582
2018-04-12 00:00:00,1266.0,1264.0544
2018-04-12 01:00:00,1232.0,1236.5708
2018-04-12 02:00:00,1200.0,1223.2101
2018-04-12 03:00:00,1219.0,1201.6068
2018-04-12 04:00:00,1239.0,1242.1375
2018-04-12 05:00:00,1311.0,1306.9009
2018-04-12 06:00:00,1416.0,1437.5055
2018-04-12 07:00:00,1466.0,1487.1205
2018-04-12 08:00:00,1502.0,1525.9313
2018-04-12 09:00:00,1535.0,1543.6835
2018-04-12 10:00:00,1528.0,1554.9264
2018-04-12 11:00:00,1539.0,1537.2135
2018-04-12 12:00:00,1538.0,1535.4237
2018-04-12 13:00:00,1525.0,1534.3384
2018-04-12 14:00:00,1506.0,1518.283
2018-04-12 15:00:00,1497.0,1505.0471
2018-04-12 16:00:00,1480.0,1505.6473
2018-04-12 17:00:00,1468.0,1488.0465
2018-04-12 18:00:00,1439.0,1472.4117
2018-04-12 19:00:00,1442.0,1474.1953
2018-04-12 20:00:00,1468.0,1498.921
2018-04-12 21:00:00,1423.0,1459.9387
2018-04-12 22:00:00,1332.0,1365.1696
2018-04-12 23:00:00,1259.0,1319.6896
2018-04-13 00:00:00,1215.0,1213.7008
2018-04-13 01:00:00,1170.0,1184.775
2018-04-13 02:00:00,1133.0,1165.8298
2018-04-13 03:00:00,1124.0,1140.0406
2018-04-13 04:00:00,1154.0,1152.9341
2018-04-13 05:00:00,1221.0,1223.0667
2018-04-13 06:00:00,1332.0,1326.1471
2018-04-13 07:00:00,1421.0,1418.1353
2018-04-13 08:00:00,1477.0,1490.655
2018-04-13 09:00:00,1517.0,1543.666
2018-04-13 10:00:00,1547.0,1546.1805
2018-04-13 11:00:00,1576.0,1558.6979
2018-04-13 12:00:00,1571.0,1567.6642
2018-04-13 13:00:00,1585.0,1562.1102
2018-04-13 14:00:00,1588.0,1571.6348
2018-04-13 15:00:00,1596.0,1575.3204
2018-04-13 16:00:00,1581.0,1586.1605
2018-04-13 17:00:00,1585.0,1565.66
2018-04-13 18:00:00,1562.0,1567.1898
2018-04-13 19:00:00,1526.0,1567.441
2018-04-13 20:00:00,1555.0,1574.211
2018-04-13 21:00:00,1514.0,1539.8241
2018-04-13 22:00:00,1420.0,1432.1526
2018-04-13 23:00:00,1338.0,1330.8673
2018-04-14 00:00:00,1270.0,1260.806
2018-04-14 01:00:00,1200.0,1224.5729
2018-04-14 02:00:00,1167.0,1177.3396
2018-04-14 03:00:00,1135.0,1156.3687
2018-04-14 04:00:00,1141.0,1130.0801
2018-04-14 05:00:00,1138.0,1143.4384
2018-04-14 06:00:00,1187.0,1159.4778
2018-04-14 07:00:00,1220.0,1227.8164
2018-04-14 08:00:00,1297.0,1282.5826
2018-04-14 09:00:00,1366.0,1363.0161
2018-04-14 10:00:00,1416.0,1400.583
2018-04-14 11:00:00,1452.0,1431.2135
2018-04-14 12:00:00,1455.0,1458.4332
2018-04-14 13:00:00,1481.0,1450.2458
2018-04-14 14:00:00,1493.0,1473.4194
2018-04-14 15:00:00,1515.0,1487.9285
2018-04-14 16:00:00,1516.0,1516.9471
2018-04-14 17:00:00,1507.0,1508.9697
2018-04-14 18:00:00,1495.0,1489.4404
2018-04-14 19:00:00,1509.0,1496.3257
2018-04-14 20:00:00,1519.0,1545.6681
2018-04-14 21:00:00,1455.0,1488.6727
2018-04-14 22:00:00,1390.0,1376.4188
2018-04-14 23:00:00,1289.0,1302.7079
2018-04-15 00:00:00,1211.0,1228.5411
2018-04-15 01:00:00,1154.0,1167.7626
2018-04-15 02:00:00,1128.0,1130.9833
2018-04-15 03:00:00,1113.0,1100.3746
2018-04-15 04:00:00,1091.0,1086.1184
2018-04-15 05:00:00,1113.0,1106.2439
2018-04-15 06:00:00,1132.0,1117.57
2018-04-15 07:00:00,1139.0,1125.1112
2018-04-15 08:00:00,1188.0,1166.4617
2018-04-15 09:00:00,1253.0,1253.3367
2018-04-15 10:00:00,1298.0,1301.9822
2018-04-15 11:00:00,1327.0,1337.4324
2018-04-15 12:00:00,1335.0,1347.5619
2018-04-15 13:00:00,1368.0,1351.173
2018-04-15 14:00:00,1385.0,1373.4951
2018-04-15 15:00:00,1380.0,1383.9509
2018-04-15 16:00:00,1381.0,1378.2988
2018-04-15 17:00:00,1375.0,1370.7994
2018-04-15 18:00:00,1380.0,1363.1057
2018-04-15 19:00:00,1387.0,1389.5555
2018-04-15 20:00:00,1412.0,1442.0829
2018-04-15 21:00:00,1365.0,1413.1884
2018-04-15 22:00:00,1283.0,1315.0712
2018-04-15 23:00:00,1208.0,1260.697
2018-04-16 00:00:00,1156.0,1165.4103
2018-04-16 01:00:00,1126.0,1133.2893
2018-04-16 02:00:00,1125.0,1115.9115
2018-04-16 03:00:00,1133.0,1113.4631
2018-04-16 04:00:00,1148.0,1142.629
2018-04-16 05:00:00,1215.0,1250.2737
2018-04-16 06:00:00,1352.0,1347.764
2018-04-16 07:00:00,1447.0,1454.253
2018-04-16 08:00:00,1482.0,1530.0961
2018-04-16 09:00:00,1514.0,1529.5466
2018-04-16 10:00:00,1536.0,1552.5277
2018-04-16 11:00:00,1568.0,1559.3928
2018-04-16 12:00:00,1580.0,1573.8855
2018-04-16 13:00:00,1566.0,1579.4829
2018-04-16 14:00:00,1549.0,1563.8293
2018-04-16 15:00:00,1550.0,1543.0397
2018-04-16 16:00:00,1566.0,1551.644
2018-04-16 17:00:00,1556.0,1552.829
2018-04-16 18:00:00,1546.0,1535.7428
2018-04-16 19:00:00,1561.0,1549.0122
2018-04-16 20:00:00,1595.0,1600.7042
2018-04-16 21:00:00,1565.0,1568.0432
2018-04-16 22:00:00,1455.0,1450.2654
2018-04-16 23:00:00,1359.0,1351.7524
2018-04-17 00:00:00,1303.0,1292.5747
2018-04-17 01:00:00,1280.0,1257.8326
2018-04-17 02:00:00,1274.0,1256.3121
2018-04-17 03:00:00,1263.0,1271.3414
2018-04-17 04:00:00,1287.0,1289.5739
2018-04-17 05:00:00,1352.0,1372.3088
2018-04-17 06:00:00,1470.0,1491.4434
2018-04-17 07:00:00,1556.0,1556.6562
2018-04-17 08:00:00,1588.0,1601.9197
2018-04-17 09:00:00,1608.0,1623.3665
2018-04-17 10:00:00,1623.0,1633.7498
2018-04-17 11:00:00,1629.0,1629.3004
2018-04-17 12:00:00,1628.0,1623.4706
2018-04-17 13:00:00,1620.0,1619.3588
2018-04-17 14:00:00,1590.0,1608.9341
2018-04-17 15:00:00,1576.0,1574.5717
2018-04-17 16:00:00,1588.0,1565.5879
2018-04-17 17:00:00,1604.0,1570.2955
2018-04-17 18:00:00,1605.0,1577.6273
2018-04-17 19:00:00,1623.0,1605.017
2018-04-17 20:00:00,1648.0,1649.3556
2018-04-17 21:00:00,1605.0,1607.3275
2018-04-17 22:00:00,1502.0,1501.4813
2018-04-17 23:00:00,1411.0,1393.2592
2018-04-18 00:00:00,1336.0,1331.106
2018-04-18 01:00:00,1309.0,1291.9067
2018-04-18 02:00:00,1289.0,1290.6393
2018-04-18 03:00:00,1313.0,1287.6418
2018-04-18 04:00:00,1334.0,1340.9176
2018-04-18 05:00:00,1406.0,1411.6948
2018-04-18 06:00:00,1522.0,1532.5669
2018-04-18 07:00:00,1581.0,1600.6914
2018-04-18 08:00:00,1586.0,1619.6143
2018-04-18 09:00:00,1583.0,1619.4343
2018-04-18 10:00:00,1591.0,1604.6061
2018-04-18 11:00:00,1563.0,1599.2979
2018-04-18 12:00:00,1529.0,1562.148
2018-04-18 13:00:00,1517.0,1523.2126
2018-04-18 14:00:00,1485.0,1514.7141
2018-04-18 15:00:00,1447.0,1487.0372
2018-04-18 16:00:00,1432.0,1451.1935
2018-04-18 17:00:00,1428.0,1429.1455
2018-04-18 18:00:00,1441.0,1422.7588
2018-04-18 19:00:00,1474.0,1456.5199
2018-04-18 20:00:00,1497.0,1512.9451
2018-04-18 21:00:00,1457.0,1480.8094
2018-04-18 22:00:00,1378.0,1389.5216
2018-04-18 23:00:00,1293.0,1303.7577
2018-04-19 00:00:00,1233.0,1239.777
2018-04-19 01:00:00,1197.0,1207.9772
2018-04-19 02:00:00,1190.0,1189.4475
2018-04-19 03:00:00,1214.0,1197.971
2018-04-19 04:00:00,1229.0,1245.1572
2018-04-19 05:00:00,1313.0,1310.9747
2018-04-19 06:00:00,1439.0,1437.9116
2018-04-19 07:00:00,1506.0,1516.0808
2018-04-19 08:00:00,1567.0,1550.6235
2018-04-19 09:00:00,1583.0,1602.7076
2018-04-19 10:00:00,1600.0,1603.187
2018-04-19 11:00:00,1616.0,1601.2638
2018-04-19 12:00:00,1602.0,1605.3832
2018-04-19 13:00:00,1610.0,1597.027
2018-04-19 14:00:00,1605.0,1598.1471
2018-04-19 15:00:00,1583.0,1597.8834
2018-04-19 16:00:00,1568.0,1573.8824
2018-04-19 17:00:00,1547.0,1557.347
2018-04-19 18:00:00,1537.0,1530.8231
2018-04-19 19:00:00,1525.0,1553.1879
2018-04-19 20:00:00,1585.0,1578.7959
2018-04-19 21:00:00,1553.0,1555.437
2018-04-19 22:00:00,1476.0,1454.3201
2018-04-19 23:00:00,1402.0,1366.3533
2018-04-20 00:00:00,1340.0,1323.7994
2018-04-20 01:00:00,1311.0,1294.4686
2018-04-20 02:00:00,1318.0,1287.5648
2018-04-20 03:00:00,1326.0,1306.9203
2018-04-20 04:00:00,1346.0,1346.0408
2018-04-20 05:00:00,1421.0,1420.2732
2018-04-20 06:00:00,1528.0,1535.18
2018-04-20 07:00:00,1565.0,1603.0868
2018-04-20 08:00:00,1574.0,1600.6941
2018-04-20 09:00:00,1592.0,1599.5085
2018-04-20 10:00:00,1594.0,1613.6971
2018-04-20 11:00:00,1572.0,1599.389
2018-04-20 12:00:00,1533.0,1565.2544
2018-04-20 13:00:00,1527.0,1520.7268
2018-04-20 14:00:00,1495.0,1511.03
2018-04-20 15:00:00,1447.0,1484.9375
2018-04-20 16:00:00,1427.0,1442.7223
2018-04-20 17:00:00,1413.0,1414.9062
2018-04-20 18:00:00,1376.0,1406.2831
2018-04-20 19:00:00,1395.0,1399.3834
2018-04-20 20:00:00,1435.0,1468.4247
2018-04-20 21:00:00,1427.0,1461.9526
2018-04-20 22:00:00,1377.0,1363.3829
2018-04-20 23:00:00,1301.0,1307.3243
2018-04-21 00:00:00,1267.0,1251.594
2018-04-21 01:00:00,1249.0,1231.0454
2018-04-21 02:00:00,1233.0,1229.0798
2018-04-21 03:00:00,1227.0,1229.3193
2018-04-21 04:00:00,1252.0,1232.5405
2018-04-21 05:00:00,1283.0,1273.0667
2018-04-21 06:00:00,1310.0,1325.5645
2018-04-21 07:00:00,1338.0,1336.2391
2018-04-21 08:00:00,1368.0,1377.2711
2018-04-21 09:00:00,1380.0,1398.819
2018-04-21 10:00:00,1380.0,1392.5718
2018-04-21 11:00:00,1347.0,1382.1995
2018-04-21 12:00:00,1330.0,1347.3276
2018-04-21 13:00:00,1331.0,1329.4124
2018-04-21 14:00:00,1309.0,1328.357
2018-04-21 15:00:00,1300.0,1314.1274
2018-04-21 16:00:00,1301.0,1309.6156
2018-04-21 17:00:00,1309.0,1309.4382
2018-04-21 18:00:00,1300.0,1309.1011
2018-04-21 19:00:00,1314.0,1318.2058
2018-04-21 20:00:00,1369.0,1373.1309
2018-04-21 21:00:00,1354.0,1393.912
2018-04-21 22:00:00,1301.0,1311.6171
2018-04-21 23:00:00,1242.0,1276.7092
2018-04-22 00:00:00,1184.0,1193.7078
2018-04-22 01:00:00,1144.0,1159.0908
2018-04-22 02:00:00,1121.0,1145.8461
2018-04-22 03:00:00,1120.0,1131.9419
2018-04-22 04:00:00,1125.0,1109.6246
2018-04-22 05:00:00,1151.0,1142.2872
2018-04-22 06:00:00,1170.0,1179.5499
2018-04-22 07:00:00,1191.0,1202.5153
2018-04-22 08:00:00,1233.0,1252.4454
2018-04-22 09:00:00,1270.0,1284.239
2018-04-22 10:00:00,1275.0,1310.6228
2018-04-22 11:00:00,1277.0,1297.3732
2018-04-22 12:00:00,1284.0,1284.8783
2018-04-22 13:00:00,1291.0,1282.2146
2018-04-22 14:00:00,1292.0,1281.448
2018-04-22 15:00:00,1296.0,1282.878
2018-04-22 16:00:00,1310.0,1279.5033
2018-04-22 17:00:00,1321.0,1290.7194
2018-04-22 18:00:00,1323.0,1314.566
2018-04-22 19:00:00,1320.0,1339.2839
2018-04-22 20:00:00,1377.0,1378.7882
2018-04-22 21:00:00,1364.0,1388.8746
2018-04-22 22:00:00,1281.0,1314.3364
2018-04-22 23:00:00,1196.0,1266.3528
2018-04-23 00:00:00,1139.0,1180.663
2018-04-23 01:00:00,1132.0,1126.411
2018-04-23 02:00:00,1110.0,1118.2759
2018-04-23 03:00:00,1110.0,1117.6024
2018-04-23 04:00:00,1128.0,1150.6147
2018-04-23 05:00:00,1198.0,1204.4568
2018-04-23 06:00:00,1330.0,1329.7592
2018-04-23 07:00:00,1405.0,1435.1853
2018-04-23 08:00:00,1427.0,1489.5707
2018-04-23 09:00:00,1465.0,1509.4819
2018-04-23 10:00:00,1497.0,1520.9037
2018-04-23 11:00:00,1502.0,1524.7748
2018-04-23 12:00:00,1515.0,1518.4354
2018-04-23 13:00:00,1508.0,1513.229
2018-04-23 14:00:00,1515.0,1506.428
2018-04-23 15:00:00,1495.0,1509.7766
2018-04-23 16:00:00,1481.0,1513.7539
2018-04-23 17:00:00,1459.0,1490.1029
2018-04-23 18:00:00,1444.0,1467.7131
2018-04-23 19:00:00,1438.0,1469.4365
2018-04-23 20:00:00,1471.0,1504.0
2018-04-23 21:00:00,1433.0,1473.1316
2018-04-23 22:00:00,1302.0,1370.6184
2018-04-23 23:00:00,1205.0,1299.605
2018-04-24 00:00:00,1151.0,1188.6614
2018-04-24 01:00:00,1108.0,1141.2697
2018-04-24 02:00:00,1078.0,1129.2169
2018-04-24 03:00:00,1072.0,1124.2009
2018-04-24 04:00:00,1099.0,1147.235
2018-04-24 05:00:00,1164.0,1200.4481
2018-04-24 06:00:00,1270.0,1244.5636
2018-04-24 07:00:00,1354.0,1386.1946
2018-04-24 08:00:00,1406.0,1461.9691
2018-04-24 09:00:00,1431.0,1508.7631
2018-04-24 10:00:00,1464.0,1508.2515
2018-04-24 11:00:00,1465.0,1492.6173
2018-04-24 12:00:00,1469.0,1484.1642
2018-04-24 13:00:00,1469.0,1482.5481
2018-04-24 14:00:00,1447.0,1478.5623
2018-04-24 15:00:00,1431.0,1455.9111
2018-04-24 16:00:00,1432.0,1444.3748
2018-04-24 17:00:00,1437.0,1435.2452
2018-04-24 18:00:00,1452.0,1435.5978
2018-04-24 19:00:00,1458.0,1472.7664
2018-04-24 20:00:00,1457.0,1508.2928
2018-04-24 21:00:00,1413.0,1451.6957
2018-04-24 22:00:00,1344.0,1334.8218
2018-04-24 23:00:00,1243.0,1286.9586
2018-04-25 00:00:00,1205.0,1197.0559
2018-04-25 01:00:00,1170.0,1160.7539
2018-04-25 02:00:00,1136.0,1159.8347
2018-04-25 03:00:00,1148.0,1129.3455
2018-04-25 04:00:00,1159.0,1180.9073
2018-04-25 05:00:00,1190.0,1236.2451
2018-04-25 06:00:00,1303.0,1299.5977
2018-04-25 07:00:00,1376.0,1408.0883
2018-04-25 08:00:00,1405.0,1464.1606
2018-04-25 09:00:00,1423.0,1490.1519
2018-04-25 10:00:00,1448.0,1498.9683
2018-04-25 11:00:00,1455.0,1478.8525
2018-04-25 12:00:00,1434.0,1464.362
2018-04-25 13:00:00,1435.0,1444.2356
2018-04-25 14:00:00,1432.0,1444.3365
2018-04-25 15:00:00,1410.0,1442.009
2018-04-25 16:00:00,1390.0,1419.634
2018-04-25 17:00:00,1418.0,1406.4158
2018-04-25 18:00:00,1411.0,1433.897
2018-04-25 19:00:00,1398.0,1447.5885
2018-04-25 20:00:00,1421.0,1473.0809
2018-04-25 21:00:00,1383.0,1451.2184
2018-04-25 22:00:00,1313.0,1304.5917
2018-04-25 23:00:00,1216.0,1312.944
2018-04-26 00:00:00,1174.0,1172.8279
2018-04-26 01:00:00,1145.0,1157.8085
2018-04-26 02:00:00,1123.0,1150.2985
2018-04-26 03:00:00,1140.0,1131.3619
2018-04-26 04:00:00,1167.0,1147.3062
2018-04-26 05:00:00,1238.0,1263.6749
2018-04-26 06:00:00,1338.0,1369.3269
2018-04-26 07:00:00,1385.0,1441.702
2018-04-26 08:00:00,1410.0,1475.0251
2018-04-26 09:00:00,1419.0,1480.3729
2018-04-26 10:00:00,1420.0,1479.8075
2018-04-26 11:00:00,1418.0,1446.2268
2018-04-26 12:00:00,1407.0,1428.6434
2018-04-26 13:00:00,1407.0,1414.5929
2018-04-26 14:00:00,1417.0,1411.4452
2018-04-26 15:00:00,1417.0,1429.6198
2018-04-26 16:00:00,1407.0,1424.4331
2018-04-26 17:00:00,1408.0,1404.8418
2018-04-26 18:00:00,1404.0,1420.6581
2018-04-26 19:00:00,1399.0,1433.4341
2018-04-26 20:00:00,1443.0,1469.3342
2018-04-26 21:00:00,1401.0,1469.0566
2018-04-26 22:00:00,1309.0,1324.5232
2018-04-26 23:00:00,1235.0,1306.1423
2018-04-27 00:00:00,1174.0,1195.7655
2018-04-27 01:00:00,1142.0,1150.4799
2018-04-27 02:00:00,1132.0,1132.6149
2018-04-27 03:00:00,1129.0,1118.1431
2018-04-27 04:00:00,1143.0,1143.9836
2018-04-27 05:00:00,1205.0,1185.3657
2018-04-27 06:00:00,1306.0,1308.956
2018-04-27 07:00:00,1368.0,1401.661
2018-04-27 08:00:00,1417.0,1456.648
2018-04-27 09:00:00,1435.0,1499.5477
2018-04-27 10:00:00,1466.0,1497.2732
2018-04-27 11:00:00,1467.0,1485.6835
2018-04-27 12:00:00,1462.0,1477.582
2018-04-27 13:00:00,1458.0,1477.5741
2018-04-27 14:00:00,1442.0,1458.464
2018-04-27 15:00:00,1428.0,1447.2375
2018-04-27 16:00:00,1433.0,1437.664
2018-04-27 17:00:00,1421.0,1441.962
2018-04-27 18:00:00,1373.0,1423.635
2018-04-27 19:00:00,1358.0,1406.6353
2018-04-27 20:00:00,1376.0,1444.8201
2018-04-27 21:00:00,1346.0,1420.3368
2018-04-27 22:00:00,1279.0,1315.9713
2018-04-27 23:00:00,1178.0,1325.8047
2018-04-28 00:00:00,1146.0,1173.4943
2018-04-28 01:00:00,1124.0,1131.778
2018-04-28 02:00:00,1109.0,1112.2301
2018-04-28 03:00:00,1110.0,1099.6365
2018-04-28 04:00:00,1117.0,1113.1155
2018-04-28 05:00:00,1143.0,1135.2867
2018-04-28 06:00:00,1170.0,1155.8711
2018-04-28 07:00:00,1209.0,1211.4105
2018-04-28 08:00:00,1292.0,1275.2026
2018-04-28 09:00:00,1329.0,1349.6809
2018-04-28 10:00:00,1334.0,1362.376
2018-04-28 11:00:00,1332.0,1361.4318
2018-04-28 12:00:00,1305.0,1345.4924
2018-04-28 13:00:00,1281.0,1308.997
2018-04-28 14:00:00,1276.0,1289.5575
2018-04-28 15:00:00,1286.0,1280.3281
2018-04-28 16:00:00,1287.0,1288.0656
2018-04-28 17:00:00,1292.0,1287.7756
2018-04-28 18:00:00,1298.0,1287.2983
2018-04-28 19:00:00,1323.0,1315.4214
2018-04-28 20:00:00,1365.0,1387.2711
2018-04-28 21:00:00,1342.0,1386.509
2018-04-28 22:00:00,1296.0,1309.8069
2018-04-28 23:00:00,1240.0,1284.2134
2018-04-29 00:00:00,1188.0,1185.0554
2018-04-29 01:00:00,1184.0,1156.5912
2018-04-29 02:00:00,1170.0,1165.5293
2018-04-29 03:00:00,1158.0,1159.7999
2018-04-29 04:00:00,1148.0,1149.4851
2018-04-29 05:00:00,1177.0,1173.4667
2018-04-29 06:00:00,1234.0,1184.8629
2018-04-29 07:00:00,1259.0,1260.6771
2018-04-29 08:00:00,1318.0,1307.1083
2018-04-29 09:00:00,1365.0,1345.5856
2018-04-29 10:00:00,1402.0,1375.7498
2018-04-29 11:00:00,1424.0,1406.3212
2018-04-29 12:00:00,1417.0,1424.0845
2018-04-29 13:00:00,1413.0,1411.2528
2018-04-29 14:00:00,1382.0,1407.79
2018-04-29 15:00:00,1361.0,1374.3916
2018-04-29 16:00:00,1369.0,1347.609
2018-04-29 17:00:00,1347.0,1365.3058
2018-04-29 18:00:00,1347.0,1348.7482
2018-04-29 19:00:00,1345.0,1367.8528
2018-04-29 20:00:00,1423.0,1434.6565
2018-04-29 21:00:00,1422.0,1448.6368
2018-04-29 22:00:00,1369.0,1367.284
2018-04-29 23:00:00,1290.0,1293.8331
2018-04-30 00:00:00,1242.0,1241.2253
2018-04-30 01:00:00,1223.0,1210.2947
2018-04-30 02:00:00,1242.0,1199.1296
2018-04-30 03:00:00,1226.0,1238.871
2018-04-30 04:00:00,1260.0,1260.0182
2018-04-30 05:00:00,1357.0,1343.3137
2018-04-30 06:00:00,1435.0,1488.5564
2018-04-30 07:00:00,1494.0,1529.2784
2018-04-30 08:00:00,1515.0,1580.5371
2018-04-30 09:00:00,1524.0,1591.734
2018-04-30 10:00:00,1524.0,1558.7272
2018-04-30 11:00:00,1532.0,1542.7577
2018-04-30 12:00:00,1521.0,1541.2313
2018-04-30 13:00:00,1496.0,1523.9026
2018-04-30 14:00:00,1494.0,1503.1143
2018-04-30 15:00:00,1473.0,1505.3113
2018-04-30 16:00:00,1449.0,1490.7917
2018-04-30 17:00:00,1439.0,1460.129
2018-04-30 18:00:00,1422.0,1445.9741
2018-04-30 19:00:00,1410.0,1456.4417
2018-04-30 20:00:00,1443.0,1481.6039
2018-04-30 21:00:00,1428.0,1459.5756
2018-04-30 22:00:00,1350.0,1366.806
2018-04-30 23:00:00,1225.0,1303.2819
2018-05-01 00:00:00,1157.0,1204.5701
2018-05-01 01:00:00,1132.0,1144.7019
2018-05-01 02:00:00,1121.0,1126.6925
2018-05-01 03:00:00,1117.0,1125.5901
2018-05-01 04:00:00,1150.0,1146.5992
2018-05-01 05:00:00,1217.0,1224.7019
2018-05-01 06:00:00,1316.0,1321.6075
2018-05-01 07:00:00,1385.0,1419.9926
2018-05-01 08:00:00,1417.0,1473.9661
2018-05-01 09:00:00,1450.0,1499.0657
2018-05-01 10:00:00,1478.0,1524.834
2018-05-01 11:00:00,1490.0,1504.9269
2018-05-01 12:00:00,1491.0,1503.4086
2018-05-01 13:00:00,1504.0,1507.6117
2018-05-01 14:00:00,1518.0,1517.8329
2018-05-01 15:00:00,1545.0,1522.9806
2018-05-01 16:00:00,1550.0,1562.3542
2018-05-01 17:00:00,1552.0,1545.4409
2018-05-01 18:00:00,1530.0,1536.1438
2018-05-01 19:00:00,1505.0,1534.078
2018-05-01 20:00:00,1517.0,1554.2479
2018-05-01 21:00:00,1492.0,1507.6948
2018-05-01 22:00:00,1406.0,1407.3729
2018-05-01 23:00:00,1306.0,1308.419
2018-05-02 00:00:00,1219.0,1242.6754
2018-05-02 01:00:00,1170.0,1188.5586
2018-05-02 02:00:00,1143.0,1155.8014
2018-05-02 03:00:00,1107.0,1135.0271
2018-05-02 04:00:00,1129.0,1143.4683
2018-05-02 05:00:00,1215.0,1182.7429
2018-05-02 06:00:00,1301.0,1318.4069
2018-05-02 07:00:00,1384.0,1404.0309
2018-05-02 08:00:00,1439.0,1478.8486
2018-05-02 09:00:00,1502.0,1532.2831
2018-05-02 10:00:00,1564.0,1558.6799
2018-05-02 11:00:00,1604.0,1591.8732
2018-05-02 12:00:00,1648.0,1615.152
2018-05-02 13:00:00,1684.0,1667.6388
2018-05-02 14:00:00,1701.0,1692.6332
2018-05-02 15:00:00,1709.0,1708.787
2018-05-02 16:00:00,1717.0,1703.8345
2018-05-02 17:00:00,1738.0,1704.6975
2018-05-02 18:00:00,1716.0,1713.5188
2018-05-02 19:00:00,1687.0,1695.0657
2018-05-02 20:00:00,1686.0,1698.3982
2018-05-02 21:00:00,1663.0,1671.1522
2018-05-02 22:00:00,1573.0,1541.9917
2018-05-02 23:00:00,1445.0,1432.2793
2018-05-03 00:00:00,1357.0,1364.2996
2018-05-03 01:00:00,1306.0,1297.4127
2018-05-03 02:00:00,1280.0,1264.1655
2018-05-03 03:00:00,1257.0,1262.295
2018-05-03 04:00:00,1274.0,1273.0626
2018-05-03 05:00:00,1343.0,1342.1257
2018-05-03 06:00:00,1434.0,1450.785
2018-05-03 07:00:00,1519.0,1530.6558
2018-05-03 08:00:00,1574.0,1599.942
2018-05-03 09:00:00,1654.0,1637.416
2018-05-03 10:00:00,1718.0,1701.6288
2018-05-03 11:00:00,1760.0,1761.7054
2018-05-03 12:00:00,1816.0,1787.329
2018-05-03 13:00:00,1866.0,1851.9158
2018-05-03 14:00:00,1897.0,1889.7727
2018-05-03 15:00:00,1871.0,1914.7133
2018-05-03 16:00:00,1830.0,1872.4072
2018-05-03 17:00:00,1812.0,1803.4752
2018-05-03 18:00:00,1802.0,1766.3887
2018-05-03 19:00:00,1797.0,1781.0381
2018-05-03 20:00:00,1779.0,1798.7233
2018-05-03 21:00:00,1708.0,1758.7843
2018-05-03 22:00:00,1587.0,1581.0063
2018-05-03 23:00:00,1452.0,1458.2067
2018-05-04 00:00:00,1353.0,1366.6682
2018-05-04 01:00:00,1307.0,1300.0946
2018-05-04 02:00:00,1261.0,1275.7633
2018-05-04 03:00:00,1248.0,1252.6251
2018-05-04 04:00:00,1252.0,1259.7407
2018-05-04 05:00:00,1320.0,1319.7982
2018-05-04 06:00:00,1431.0,1421.6788
2018-05-04 07:00:00,1513.0,1528.7766
2018-05-04 08:00:00,1586.0,1606.8909
2018-05-04 09:00:00,1640.0,1667.8016
2018-05-04 10:00:00,1670.0,1694.9872
2018-05-04 11:00:00,1674.0,1705.0214
2018-05-04 12:00:00,1712.0,1691.1339
2018-05-04 13:00:00,1739.0,1719.6007
2018-05-04 14:00:00,1782.0,1723.0874
2018-05-04 15:00:00,1791.0,1771.6545
2018-05-04 16:00:00,1786.0,1785.2622
2018-05-04 17:00:00,1757.0,1746.5924
2018-05-04 18:00:00,1664.0,1708.3278
2018-05-04 19:00:00,1593.0,1627.8873
2018-05-04 20:00:00,1583.0,1586.557
2018-05-04 21:00:00,1506.0,1571.3761
2018-05-04 22:00:00,1399.0,1422.8555
2018-05-04 23:00:00,1296.0,1312.3182
2018-05-05 00:00:00,1234.0,1225.2532
2018-05-05 01:00:00,1171.0,1188.0334
2018-05-05 02:00:00,1139.0,1152.6805
2018-05-05 03:00:00,1110.0,1129.3464
2018-05-05 04:00:00,1118.0,1138.2823
2018-05-05 05:00:00,1127.0,1155.0555
2018-05-05 06:00:00,1138.0,1156.8895
2018-05-05 07:00:00,1182.0,1204.3717
2018-05-05 08:00:00,1247.0,1264.4912
2018-05-05 09:00:00,1307.0,1335.4386
2018-05-05 10:00:00,1360.0,1370.995
2018-05-05 11:00:00,1379.0,1403.6897
2018-05-05 12:00:00,1389.0,1410.3402
2018-05-05 13:00:00,1400.0,1390.7128
2018-05-05 14:00:00,1398.0,1398.0939
2018-05-05 15:00:00,1388.0,1395.4069
2018-05-05 16:00:00,1383.0,1387.5914
2018-05-05 17:00:00,1381.0,1377.6248
2018-05-05 18:00:00,1365.0,1369.1324
2018-05-05 19:00:00,1364.0,1358.3344
2018-05-05 20:00:00,1383.0,1412.3112
2018-05-05 21:00:00,1355.0,1402.4834
2018-05-05 22:00:00,1284.0,1299.4268
2018-05-05 23:00:00,1213.0,1281.8442
2018-05-06 00:00:00,1156.0,1156.2811
2018-05-06 01:00:00,1113.0,1129.0334
2018-05-06 02:00:00,1090.0,1105.6367
2018-05-06 03:00:00,1076.0,1085.4038
2018-05-06 04:00:00,1066.0,1084.0099
2018-05-06 05:00:00,1089.0,1112.8689
2018-05-06 06:00:00,1093.0,1119.4447
2018-05-06 07:00:00,1109.0,1125.59
2018-05-06 08:00:00,1159.0,1177.5327
2018-05-06 09:00:00,1223.0,1224.0493
2018-05-06 10:00:00,1255.0,1274.7727
2018-05-06 11:00:00,1274.0,1297.2578
2018-05-06 12:00:00,1288.0,1298.7815
2018-05-06 13:00:00,1300.0,1292.7963
2018-05-06 14:00:00,1294.0,1296.4758
2018-05-06 15:00:00,1285.0,1289.4653
2018-05-06 16:00:00,1297.0,1285.8127
2018-05-06 17:00:00,1309.0,1290.8857
2018-05-06 18:00:00,1309.0,1299.8121
2018-05-06 19:00:00,1308.0,1307.5287
2018-05-06 20:00:00,1362.0,1350.6371
2018-05-06 21:00:00,1369.0,1391.5947
2018-05-06 22:00:00,1273.0,1310.9156
2018-05-06 23:00:00,1196.0,1254.5177
2018-05-07 00:00:00,1153.0,1164.1942
2018-05-07 01:00:00,1112.0,1133.0042
2018-05-07 02:00:00,1094.0,1117.5632
2018-05-07 03:00:00,1108.0,1111.073
2018-05-07 04:00:00,1125.0,1139.1627
2018-05-07 05:00:00,1186.0,1209.3306
2018-05-07 06:00:00,1280.0,1300.0835
2018-05-07 07:00:00,1335.0,1393.0057
2018-05-07 08:00:00,1404.0,1434.2931
2018-05-07 09:00:00,1463.0,1487.987
2018-05-07 10:00:00,1503.0,1526.1765
2018-05-07 11:00:00,1502.0,1534.8687
2018-05-07 12:00:00,1520.0,1512.5028
2018-05-07 13:00:00,1546.0,1512.2483
2018-05-07 14:00:00,1546.0,1547.0387
2018-05-07 15:00:00,1541.0,1547.0415
2018-05-07 16:00:00,1532.0,1542.5287
2018-05-07 17:00:00,1515.0,1534.0905
2018-05-07 18:00:00,1492.0,1503.7295
2018-05-07 19:00:00,1472.0,1502.0784
2018-05-07 20:00:00,1470.0,1521.9893
2018-05-07 21:00:00,1451.0,1480.8412
2018-05-07 22:00:00,1348.0,1382.8214
2018-05-07 23:00:00,1220.0,1277.7676
2018-05-08 00:00:00,1159.0,1172.0168
2018-05-08 01:00:00,1120.0,1137.2314
2018-05-08 02:00:00,1102.0,1115.2137
2018-05-08 03:00:00,1109.0,1114.4025
2018-05-08 04:00:00,1107.0,1143.3861
2018-05-08 05:00:00,1183.0,1196.779
2018-05-08 06:00:00,1262.0,1259.3545
2018-05-08 07:00:00,1337.0,1385.848
2018-05-08 08:00:00,1404.0,1447.6204
2018-05-08 09:00:00,1466.0,1506.3904
2018-05-08 10:00:00,1497.0,1537.7162
2018-05-08 11:00:00,1579.0,1535.549
2018-05-08 12:00:00,1605.0,1593.3075
2018-05-08 13:00:00,1594.0,1619.1411
2018-05-08 14:00:00,1666.0,1603.0795
2018-05-08 15:00:00,1673.0,1668.6333
2018-05-08 16:00:00,1681.0,1666.3068
2018-05-08 17:00:00,1676.0,1665.1453
2018-05-08 18:00:00,1671.0,1644.5479
2018-05-08 19:00:00,1628.0,1654.6016
2018-05-08 20:00:00,1601.0,1645.9287
2018-05-08 21:00:00,1569.0,1576.2921
2018-05-08 22:00:00,1440.0,1463.2744
2018-05-08 23:00:00,1311.0,1338.7196
2018-05-09 00:00:00,1246.0,1253.3003
2018-05-09 01:00:00,1180.0,1206.6143
2018-05-09 02:00:00,1139.0,1164.7494
2018-05-09 03:00:00,1124.0,1133.9514
2018-05-09 04:00:00,1158.0,1144.7761
2018-05-09 05:00:00,1216.0,1233.4261
2018-05-09 06:00:00,1287.0,1315.51
2018-05-09 07:00:00,1391.0,1400.1052
2018-05-09 08:00:00,1475.0,1483.4747
2018-05-09 09:00:00,1545.0,1553.5938
2018-05-09 10:00:00,1598.0,1604.4186
2018-05-09 11:00:00,1660.0,1634.9174
2018-05-09 12:00:00,1703.0,1680.5507
2018-05-09 13:00:00,1746.0,1728.3177
2018-05-09 14:00:00,1766.0,1764.5592
2018-05-09 15:00:00,1783.0,1770.3839
2018-05-09 16:00:00,1811.0,1775.7837
2018-05-09 17:00:00,1817.0,1786.8014
2018-05-09 18:00:00,1766.0,1780.4688
2018-05-09 19:00:00,1719.0,1738.2313
2018-05-09 20:00:00,1697.0,1721.3744
2018-05-09 21:00:00,1655.0,1686.8456
2018-05-09 22:00:00,1520.0,1528.2795
2018-05-09 23:00:00,1413.0,1401.6251
2018-05-10 00:00:00,1341.0,1330.1188
2018-05-10 01:00:00,1280.0,1285.4393
2018-05-10 02:00:00,1225.0,1249.6603
2018-05-10 03:00:00,1200.0,1221.8969
2018-05-10 04:00:00,1235.0,1220.0447
2018-05-10 05:00:00,1286.0,1297.557
2018-05-10 06:00:00,1389.0,1401.0068
2018-05-10 07:00:00,1473.0,1486.1047
2018-05-10 08:00:00,1547.0,1561.9479
2018-05-10 09:00:00,1616.0,1615.7592
2018-05-10 10:00:00,1654.0,1665.2943
2018-05-10 11:00:00,1706.0,1688.9297
2018-05-10 12:00:00,1750.0,1734.5226
2018-05-10 13:00:00,1785.0,1776.3871
2018-05-10 14:00:00,1756.0,1794.0557
2018-05-10 15:00:00,1792.0,1759.6182
2018-05-10 16:00:00,1815.0,1779.288
2018-05-10 17:00:00,1757.0,1791.42
2018-05-10 18:00:00,1683.0,1718.0339
2018-05-10 19:00:00,1629.0,1652.9558
2018-05-10 20:00:00,1603.0,1633.3711
2018-05-10 21:00:00,1555.0,1587.2268
2018-05-10 22:00:00,1433.0,1450.6008
2018-05-10 23:00:00,1341.0,1336.6787
2018-05-11 00:00:00,1232.0,1268.5819
2018-05-11 01:00:00,1186.0,1199.176
2018-05-11 02:00:00,1144.0,1169.3939
2018-05-11 03:00:00,1144.0,1158.1915
2018-05-11 04:00:00,1158.0,1176.3512
2018-05-11 05:00:00,1223.0,1227.7925
2018-05-11 06:00:00,1317.0,1316.2307
2018-05-11 07:00:00,1410.0,1424.0709
2018-05-11 08:00:00,1450.0,1504.6785
2018-05-11 09:00:00,1484.0,1536.018
2018-05-11 10:00:00,1494.0,1534.7573
2018-05-11 11:00:00,1516.0,1514.73
2018-05-11 12:00:00,1526.0,1522.2269
2018-05-11 13:00:00,1521.0,1518.3389
2018-05-11 14:00:00,1508.0,1504.751
2018-05-11 15:00:00,1509.0,1499.7313
2018-05-11 16:00:00,1508.0,1499.0248
2018-05-11 17:00:00,1467.0,1476.2571
2018-05-11 18:00:00,1431.0,1450.9218
2018-05-11 19:00:00,1393.0,1441.6538
2018-05-11 20:00:00,1414.0,1432.7119
2018-05-11 21:00:00,1400.0,1420.9159
2018-05-11 22:00:00,1319.0,1320.2806
2018-05-11 23:00:00,1234.0,1317.6565
2018-05-12 00:00:00,1175.0,1173.7992
2018-05-12 01:00:00,1117.0,1138.691
2018-05-12 02:00:00,1088.0,1115.1406
2018-05-12 03:00:00,1085.0,1097.2039
2018-05-12 04:00:00,1088.0,1106.9883
2018-05-12 05:00:00,1108.0,1135.8164
2018-05-12 06:00:00,1118.0,1143.3391
2018-05-12 07:00:00,1156.0,1157.4957
2018-05-12 08:00:00,1243.0,1222.4684
2018-05-12 09:00:00,1322.0,1314.4415
2018-05-12 10:00:00,1393.0,1359.0233
2018-05-12 11:00:00,1457.0,1413.8646
2018-05-12 12:00:00,1518.0,1453.974
2018-05-12 13:00:00,1538.0,1514.3024
2018-05-12 14:00:00,1563.0,1535.1593
2018-05-12 15:00:00,1610.0,1561.6307
2018-05-12 16:00:00,1622.0,1608.2616
2018-05-12 17:00:00,1549.0,1612.1156
2018-05-12 18:00:00,1481.0,1529.9027
2018-05-12 19:00:00,1458.0,1469.4731
2018-05-12 20:00:00,1449.0,1470.6893
2018-05-12 21:00:00,1443.0,1444.2501
2018-05-12 22:00:00,1370.0,1366.719
2018-05-12 23:00:00,1291.0,1285.0809
2018-05-13 00:00:00,1227.0,1207.5437
2018-05-13 01:00:00,1166.0,1163.8871
2018-05-13 02:00:00,1130.0,1119.1594
2018-05-13 03:00:00,1114.0,1086.9283
2018-05-13 04:00:00,1107.0,1080.4276
2018-05-13 05:00:00,1110.0,1102.3992
2018-05-13 06:00:00,1126.0,1101.5387
2018-05-13 07:00:00,1172.0,1120.5593
2018-05-13 08:00:00,1238.0,1230.7914
2018-05-13 09:00:00,1283.0,1296.9156
2018-05-13 10:00:00,1313.0,1330.2174
2018-05-13 11:00:00,1343.0,1337.1569
2018-05-13 12:00:00,1388.0,1369.021
2018-05-13 13:00:00,1432.0,1404.317
2018-05-13 14:00:00,1453.0,1444.3256
2018-05-13 15:00:00,1482.0,1458.5232
2018-05-13 16:00:00,1496.0,1489.4484
2018-05-13 17:00:00,1496.0,1498.7136
2018-05-13 18:00:00,1503.0,1482.8251
2018-05-13 19:00:00,1487.0,1502.176
2018-05-13 20:00:00,1523.0,1510.357
2018-05-13 21:00:00,1519.0,1517.1567
2018-05-13 22:00:00,1435.0,1418.5796
2018-05-13 23:00:00,1346.0,1339.6544
2018-05-14 00:00:00,1286.0,1272.2805
2018-05-14 01:00:00,1244.0,1236.8522
2018-05-14 02:00:00,1197.0,1217.67
2018-05-14 03:00:00,1205.0,1185.4376
2018-05-14 04:00:00,1221.0,1210.3473
2018-05-14 05:00:00,1298.0,1287.181
2018-05-14 06:00:00,1397.0,1415.1272
2018-05-14 07:00:00,1518.0,1500.5472
2018-05-14 08:00:00,1604.0,1589.6743
2018-05-14 09:00:00,1688.0,1662.0845
2018-05-14 10:00:00,1738.0,1736.4066
2018-05-14 11:00:00,1824.0,1778.9122
2018-05-14 12:00:00,1861.0,1876.2653
2018-05-14 13:00:00,1836.0,1904.1495
2018-05-14 14:00:00,1797.0,1849.8828
2018-05-14 15:00:00,1732.0,1786.2614
2018-05-14 16:00:00,1695.0,1715.6514
2018-05-14 17:00:00,1653.0,1650.6525
2018-05-14 18:00:00,1619.0,1615.2455
2018-05-14 19:00:00,1597.0,1613.9968
2018-05-14 20:00:00,1580.0,1622.9775
2018-05-14 21:00:00,1563.0,1571.9
2018-05-14 22:00:00,1461.0,1454.1719
2018-05-14 23:00:00,1339.0,1346.9386
2018-05-15 00:00:00,1252.0,1261.6018
2018-05-15 01:00:00,1206.0,1206.8748
2018-05-15 02:00:00,1180.0,1176.6428
2018-05-15 03:00:00,1178.0,1169.4899
2018-05-15 04:00:00,1193.0,1198.4006
2018-05-15 05:00:00,1262.0,1265.259
2018-05-15 06:00:00,1363.0,1378.5127
2018-05-15 07:00:00,1464.0,1473.8671
2018-05-15 08:00:00,1568.0,1548.9779
2018-05-15 09:00:00,1679.0,1621.7928
2018-05-15 10:00:00,1782.0,1724.3488
2018-05-15 11:00:00,1879.0,1824.2699
2018-05-15 12:00:00,1929.0,1939.2166
2018-05-15 13:00:00,1913.0,1983.1445
2018-05-15 14:00:00,1922.0,1925.4625
2018-05-15 15:00:00,1965.0,1914.1451
2018-05-15 16:00:00,1995.0,1975.7123
2018-05-15 17:00:00,1996.0,1979.9839
2018-05-15 18:00:00,1959.0,1954.7405
2018-05-15 19:00:00,1886.0,1923.7334
2018-05-15 20:00:00,1855.0,1869.9365
2018-05-15 21:00:00,1806.0,1822.945
2018-05-15 22:00:00,1672.0,1671.0553
2018-05-15 23:00:00,1535.0,1520.0773
2018-05-16 00:00:00,1423.0,1441.4
2018-05-16 01:00:00,1335.0,1372.2103
2018-05-16 02:00:00,1294.0,1300.3687
2018-05-16 03:00:00,1275.0,1272.5135
2018-05-16 04:00:00,1273.0,1279.6211
2018-05-16 05:00:00,1330.0,1336.8192
2018-05-16 06:00:00,1431.0,1432.3936
2018-05-16 07:00:00,1526.0,1535.6764
2018-05-16 08:00:00,1605.0,1623.1669
2018-05-16 09:00:00,1671.0,1695.0557
2018-05-16 10:00:00,1736.0,1745.529
2018-05-16 11:00:00,1800.0,1793.4647
2018-05-16 12:00:00,1855.0,1839.3838
2018-05-16 13:00:00,1903.0,1889.0006
2018-05-16 14:00:00,1913.0,1924.798
2018-05-16 15:00:00,1898.0,1927.3855
2018-05-16 16:00:00,1922.0,1891.9541
2018-05-16 17:00:00,1871.0,1897.2794
2018-05-16 18:00:00,1816.0,1815.8522
2018-05-16 19:00:00,1786.0,1765.2609
2018-05-16 20:00:00,1783.0,1766.1449
2018-05-16 21:00:00,1717.0,1749.7754
2018-05-16 22:00:00,1596.0,1587.5505
2018-05-16 23:00:00,1475.0,1464.734
2018-05-17 00:00:00,1375.0,1383.1041
2018-05-17 01:00:00,1322.0,1325.6249
2018-05-17 02:00:00,1281.0,1291.1243
2018-05-17 03:00:00,1262.0,1269.8268
2018-05-17 04:00:00,1278.0,1274.1364
2018-05-17 05:00:00,1354.0,1343.9182
2018-05-17 06:00:00,1463.0,1466.7279
2018-05-17 07:00:00,1555.0,1562.4994
2018-05-17 08:00:00,1613.0,1638.1604
2018-05-17 09:00:00,1657.0,1688.8682
2018-05-17 10:00:00,1695.0,1715.6871
2018-05-17 11:00:00,1711.0,1733.113
2018-05-17 12:00:00,1770.0,1724.4463
2018-05-17 13:00:00,1847.0,1789.808
2018-05-17 14:00:00,1890.0,1876.9021
2018-05-17 15:00:00,1921.0,1919.9327
2018-05-17 16:00:00,1968.0,1942.043
2018-05-17 17:00:00,1983.0,1957.9402
2018-05-17 18:00:00,1943.0,1940.3512
2018-05-17 19:00:00,1900.0,1888.8431
2018-05-17 20:00:00,1870.0,1855.8833
2018-05-17 21:00:00,1834.0,1825.0646
2018-05-17 22:00:00,1688.0,1695.8684
2018-05-17 23:00:00,1546.0,1545.7179
2018-05-18 00:00:00,1443.0,1435.2035
2018-05-18 01:00:00,1370.0,1379.6804
2018-05-18 02:00:00,1317.0,1338.1461
2018-05-18 03:00:00,1297.0,1300.2817
2018-05-18 04:00:00,1310.0,1306.2246
2018-05-18 05:00:00,1362.0,1365.4956
2018-05-18 06:00:00,1427.0,1463.6252
2018-05-18 07:00:00,1538.0,1536.3276
2018-05-18 08:00:00,1597.0,1629.3263
2018-05-18 09:00:00,1633.0,1680.838
2018-05-18 10:00:00,1711.0,1702.5114
2018-05-18 11:00:00,1747.0,1763.3916
2018-05-18 12:00:00,1778.0,1782.0249
2018-05-18 13:00:00,1787.0,1801.1232
2018-05-18 14:00:00,1789.0,1786.923
2018-05-18 15:00:00,1779.0,1779.015
2018-05-18 16:00:00,1745.0,1757.3799
2018-05-18 17:00:00,1711.0,1703.1166
2018-05-18 18:00:00,1656.0,1665.1685
2018-05-18 19:00:00,1602.0,1613.1254
2018-05-18 20:00:00,1592.0,1590.4159
2018-05-18 21:00:00,1535.0,1569.3431
2018-05-18 22:00:00,1456.0,1436.6283
2018-05-18 23:00:00,1357.0,1361.1414
2018-05-19 00:00:00,1254.0,1283.4124
2018-05-19 01:00:00,1215.0,1215.6594
2018-05-19 02:00:00,1178.0,1180.2667
2018-05-19 03:00:00,1158.0,1157.9263
2018-05-19 04:00:00,1158.0,1158.6696
2018-05-19 05:00:00,1173.0,1186.0533
2018-05-19 06:00:00,1196.0,1197.0231
2018-05-19 07:00:00,1234.0,1243.6127
2018-05-19 08:00:00,1303.0,1307.0106
2018-05-19 09:00:00,1361.0,1391.3419
2018-05-19 10:00:00,1408.0,1420.422
2018-05-19 11:00:00,1468.0,1438.0891
2018-05-19 12:00:00,1525.0,1480.9836
2018-05-19 13:00:00,1583.0,1551.8933
2018-05-19 14:00:00,1602.0,1592.6415
2018-05-19 15:00:00,1617.0,1608.1527
2018-05-19 16:00:00,1675.0,1625.4479
2018-05-19 17:00:00,1690.0,1682.8011
2018-05-19 18:00:00,1690.0,1673.6732
2018-05-19 19:00:00,1668.0,1674.916
2018-05-19 20:00:00,1641.0,1669.8894
2018-05-19 21:00:00,1626.0,1647.7291
2018-05-19 22:00:00,1538.0,1542.331
2018-05-19 23:00:00,1432.0,1448.0302
2018-05-20 00:00:00,1342.0,1350.4402
2018-05-20 01:00:00,1284.0,1282.0746
2018-05-20 02:00:00,1241.0,1230.4014
2018-05-20 03:00:00,1217.0,1207.2555
2018-05-20 04:00:00,1219.0,1200.3967
2018-05-20 05:00:00,1239.0,1219.9683
2018-05-20 06:00:00,1248.0,1244.7186
2018-05-20 07:00:00,1277.0,1269.7405
2018-05-20 08:00:00,1350.0,1342.8413
2018-05-20 09:00:00,1438.0,1415.7123
2018-05-20 10:00:00,1497.0,1498.8478
2018-05-20 11:00:00,1540.0,1546.4551
2018-05-20 12:00:00,1566.0,1580.2534
2018-05-20 13:00:00,1614.0,1589.2245
2018-05-20 14:00:00,1636.0,1640.1753
2018-05-20 15:00:00,1677.0,1653.7792
2018-05-20 16:00:00,1710.0,1704.7205
2018-05-20 17:00:00,1724.0,1719.4131
2018-05-20 18:00:00,1711.0,1712.0746
2018-05-20 19:00:00,1661.0,1695.3447
2018-05-20 20:00:00,1629.0,1661.365
2018-05-20 21:00:00,1607.0,1621.3344
2018-05-20 22:00:00,1499.0,1523.7095
2018-05-20 23:00:00,1392.0,1406.6504
2018-05-21 00:00:00,1301.0,1314.3531
2018-05-21 01:00:00,1243.0,1256.9481
2018-05-21 02:00:00,1218.0,1222.3779
2018-05-21 03:00:00,1196.0,1207.494
2018-05-21 04:00:00,1209.0,1215.1193
2018-05-21 05:00:00,1281.0,1275.4423
2018-05-21 06:00:00,1372.0,1368.9768
2018-05-21 07:00:00,1456.0,1467.9828
2018-05-21 08:00:00,1541.0,1553.4724
2018-05-21 09:00:00,1624.0,1627.4163
2018-05-21 10:00:00,1685.0,1685.6528
2018-05-21 11:00:00,1736.0,1729.7262
2018-05-21 12:00:00,1806.0,1774.7422
2018-05-21 13:00:00,1876.0,1840.9636
2018-05-21 14:00:00,1934.0,1903.2983
2018-05-21 15:00:00,1987.0,1976.481
2018-05-21 16:00:00,2040.0,2021.1528
2018-05-21 17:00:00,2045.0,2059.373
2018-05-21 18:00:00,1988.0,2016.7616
2018-05-21 19:00:00,1931.0,1940.4146
2018-05-21 20:00:00,1891.0,1912.5017
2018-05-21 21:00:00,1857.0,1863.805
2018-05-21 22:00:00,1722.0,1724.1963
2018-05-21 23:00:00,1599.0,1575.0132
2018-05-22 00:00:00,1486.0,1479.3192
2018-05-22 01:00:00,1413.0,1417.1104
2018-05-22 02:00:00,1378.0,1372.2107
2018-05-22 03:00:00,1311.0,1366.44
2018-05-22 04:00:00,1331.0,1331.0903
2018-05-22 05:00:00,1403.0,1392.7946
2018-05-22 06:00:00,1507.0,1506.1884
2018-05-22 07:00:00,1591.0,1618.063
2018-05-22 08:00:00,1669.0,1697.2448
2018-05-22 09:00:00,1713.0,1747.7515
2018-05-22 10:00:00,1732.0,1785.8159
2018-05-22 11:00:00,1762.0,1782.4146
2018-05-22 12:00:00,1796.0,1780.3732
2018-05-22 13:00:00,1827.0,1821.4498
2018-05-22 14:00:00,1846.0,1840.9602
2018-05-22 15:00:00,1915.0,1853.6969
2018-05-22 16:00:00,1945.0,1923.9218
2018-05-22 17:00:00,1962.0,1937.0258
2018-05-22 18:00:00,1917.0,1931.8632
2018-05-22 19:00:00,1862.0,1867.2676
2018-05-22 20:00:00,1731.0,1827.9288
2018-05-22 21:00:00,1676.0,1716.7611
2018-05-22 22:00:00,1552.0,1551.6178
2018-05-22 23:00:00,1403.0,1429.7522
2018-05-23 00:00:00,1306.0,1329.1879
2018-05-23 01:00:00,1273.0,1267.3492
2018-05-23 02:00:00,1236.0,1247.139
2018-05-23 03:00:00,1210.0,1228.0912
2018-05-23 04:00:00,1221.0,1237.4515
2018-05-23 05:00:00,1298.0,1288.4229
2018-05-23 06:00:00,1379.0,1410.8171
2018-05-23 07:00:00,1469.0,1489.0927
2018-05-23 08:00:00,1535.0,1565.677
2018-05-23 09:00:00,1554.0,1620.7295
2018-05-23 10:00:00,1563.0,1609.0532
2018-05-23 11:00:00,1569.0,1592.6445
2018-05-23 12:00:00,1613.0,1572.4359
2018-05-23 13:00:00,1652.0,1622.2769
2018-05-23 14:00:00,1677.0,1661.3823
2018-05-23 15:00:00,1726.0,1687.3745
2018-05-23 16:00:00,1775.0,1728.2284
2018-05-23 17:00:00,1795.0,1767.1064
2018-05-23 18:00:00,1769.0,1765.3176
2018-05-23 19:00:00,1713.0,1731.8759
2018-05-23 20:00:00,1688.0,1691.0297
2018-05-23 21:00:00,1642.0,1661.2462
2018-05-23 22:00:00,1507.0,1528.6227
2018-05-23 23:00:00,1369.0,1404.6661
2018-05-24 00:00:00,1273.0,1300.612
2018-05-24 01:00:00,1205.0,1232.0912
2018-05-24 02:00:00,1175.0,1187.9897
2018-05-24 03:00:00,1169.0,1171.5497
2018-05-24 04:00:00,1176.0,1193.4552
2018-05-24 05:00:00,1214.0,1240.8871
2018-05-24 06:00:00,1273.0,1296.1262
2018-05-24 07:00:00,1379.0,1350.6002
2018-05-24 08:00:00,1485.0,1469.0258
2018-05-24 09:00:00,1557.0,1563.6869
2018-05-24 10:00:00,1626.0,1604.2504
2018-05-24 11:00:00,1696.0,1662.3918
2018-05-24 12:00:00,1755.0,1730.9437
2018-05-24 13:00:00,1806.0,1790.3977
2018-05-24 14:00:00,1845.0,1833.9008
2018-05-24 15:00:00,1913.0,1866.551
2018-05-24 16:00:00,1955.0,1927.9965
2018-05-24 17:00:00,1976.0,1948.6547
2018-05-24 18:00:00,1935.0,1947.5834
2018-05-24 19:00:00,1861.0,1877.8336
2018-05-24 20:00:00,1778.0,1827.1967
2018-05-24 21:00:00,1713.0,1755.9607
2018-05-24 22:00:00,1539.0,1583.1301
2018-05-24 23:00:00,1387.0,1427.0853
2018-05-25 00:00:00,1284.0,1332.2504
2018-05-25 01:00:00,1212.0,1241.9861
2018-05-25 02:00:00,1168.0,1193.6876
2018-05-25 03:00:00,1153.0,1168.9906
2018-05-25 04:00:00,1168.0,1173.4915
2018-05-25 05:00:00,1217.0,1235.7898
2018-05-25 06:00:00,1286.0,1303.0643
2018-05-25 07:00:00,1412.0,1396.2609
2018-05-25 08:00:00,1512.0,1510.6832
2018-05-25 09:00:00,1613.0,1609.0406
2018-05-25 10:00:00,1713.0,1675.2682
2018-05-25 11:00:00,1805.0,1765.7964
2018-05-25 12:00:00,1902.0,1859.5264
2018-05-25 13:00:00,1985.0,1969.0121
2018-05-25 14:00:00,2041.0,2054.595
2018-05-25 15:00:00,2084.0,2098.1265
2018-05-25 16:00:00,2147.0,2105.8933
2018-05-25 17:00:00,2146.0,2140.9187
2018-05-25 18:00:00,2094.0,2080.8438
2018-05-25 19:00:00,2024.0,2007.8948
2018-05-25 20:00:00,1932.0,1971.1122
2018-05-25 21:00:00,1876.0,1906.5283
2018-05-25 22:00:00,1736.0,1750.5144
2018-05-25 23:00:00,1582.0,1611.1312
2018-05-26 00:00:00,1467.0,1476.3442
2018-05-26 01:00:00,1388.0,1399.9706
2018-05-26 02:00:00,1354.0,1332.2943
2018-05-26 03:00:00,1312.0,1310.7887
2018-05-26 04:00:00,1288.0,1309.1694
2018-05-26 05:00:00,1298.0,1302.0985
2018-05-26 06:00:00,1292.0,1305.4325
2018-05-26 07:00:00,1380.0,1337.6737
2018-05-26 08:00:00,1511.0,1488.9067
2018-05-26 09:00:00,1647.0,1619.7236
2018-05-26 10:00:00,1766.0,1773.2478
2018-05-26 11:00:00,1857.0,1855.1979
2018-05-26 12:00:00,1937.0,1928.9741
2018-05-26 13:00:00,1990.0,2001.1815
2018-05-26 14:00:00,2007.0,2049.4888
2018-05-26 15:00:00,1959.0,2036.8125
2018-05-26 16:00:00,1937.0,1967.8962
2018-05-26 17:00:00,1908.0,1916.8015
2018-05-26 18:00:00,1888.0,1852.7828
2018-05-26 19:00:00,1850.0,1834.6982
2018-05-26 20:00:00,1825.0,1825.6833
2018-05-26 21:00:00,1766.0,1800.8551
2018-05-26 22:00:00,1686.0,1663.0116
2018-05-26 23:00:00,1572.0,1558.2294
2018-05-27 00:00:00,1447.0,1463.1621
2018-05-27 01:00:00,1382.0,1381.1433
2018-05-27 02:00:00,1344.0,1330.1362
2018-05-27 03:00:00,1312.0,1304.0267
2018-05-27 04:00:00,1282.0,1301.9541
2018-05-27 05:00:00,1267.0,1287.6505
2018-05-27 06:00:00,1259.0,1259.7358
2018-05-27 07:00:00,1304.0,1279.7588
2018-05-27 08:00:00,1392.0,1377.0651
2018-05-27 09:00:00,1470.0,1488.2177
2018-05-27 10:00:00,1536.0,1559.7805
2018-05-27 11:00:00,1596.0,1603.3776
2018-05-27 12:00:00,1661.0,1641.373
2018-05-27 13:00:00,1746.0,1692.9075
2018-05-27 14:00:00,1839.0,1788.4445
2018-05-27 15:00:00,1932.0,1894.777
2018-05-27 16:00:00,1978.0,1990.9508
2018-05-27 17:00:00,2025.0,2008.1677
2018-05-27 18:00:00,2018.0,1998.2997
2018-05-27 19:00:00,1964.0,1951.6061
2018-05-27 20:00:00,1905.0,1953.229
2018-05-27 21:00:00,1864.0,1895.6138
2018-05-27 22:00:00,1772.0,1745.686
2018-05-27 23:00:00,1641.0,1635.3228
2018-05-28 00:00:00,1523.0,1532.8494
2018-05-28 01:00:00,1434.0,1450.2281
2018-05-28 02:00:00,1369.0,1386.6073
2018-05-28 03:00:00,1312.0,1338.2463
2018-05-28 04:00:00,1300.0,1320.8378
2018-05-28 05:00:00,1307.0,1352.0146
2018-05-28 06:00:00,1335.0,1374.7748
2018-05-28 07:00:00,1391.0,1407.4031
2018-05-28 08:00:00,1533.0,1496.2557
2018-05-28 09:00:00,1690.0,1634.8982
2018-05-28 10:00:00,1834.0,1790.9044
2018-05-28 11:00:00,1956.0,1918.9412
2018-05-28 12:00:00,2058.0,2047.6744
2018-05-28 13:00:00,2129.0,2151.8687
2018-05-28 14:00:00,2180.0,2194.3728
2018-05-28 15:00:00,2236.0,2226.6
2018-05-28 16:00:00,2274.0,2260.6765
2018-05-28 17:00:00,2274.0,2255.4065
2018-05-28 18:00:00,2230.0,2192.9575
2018-05-28 19:00:00,2180.0,2138.5625
2018-05-28 20:00:00,2109.0,2121.7368
2018-05-28 21:00:00,2061.0,2059.1643
2018-05-28 22:00:00,1935.0,1907.6787
2018-05-28 23:00:00,1795.0,1769.049
2018-05-29 00:00:00,1673.0,1665.422
2018-05-29 01:00:00,1562.0,1579.9105
2018-05-29 02:00:00,1508.0,1503.8754
2018-05-29 03:00:00,1474.0,1474.3341
2018-05-29 04:00:00,1464.0,1473.2972
2018-05-29 05:00:00,1514.0,1518.8179
2018-05-29 06:00:00,1613.0,1608.5133
2018-05-29 07:00:00,1755.0,1727.9048
2018-05-29 08:00:00,1876.0,1874.6743
2018-05-29 09:00:00,2059.0,1988.1803
2018-05-29 10:00:00,2163.0,2184.858
2018-05-29 11:00:00,2302.0,2253.8718
2018-05-29 12:00:00,2405.0,2402.092
2018-05-29 13:00:00,2461.0,2481.2793
2018-05-29 14:00:00,2510.0,2535.8354
2018-05-29 15:00:00,2562.0,2557.3638
2018-05-29 16:00:00,2590.0,2573.6199
2018-05-29 17:00:00,2572.0,2550.3193
2018-05-29 18:00:00,2536.0,2499.0574
2018-05-29 19:00:00,2435.0,2416.1323
2018-05-29 20:00:00,2419.0,2358.4058
2018-05-29 21:00:00,2306.0,2373.1736
2018-05-29 22:00:00,2141.0,2148.6255
2018-05-29 23:00:00,1957.0,1934.2623
2018-05-30 00:00:00,1817.0,1814.6143
2018-05-30 01:00:00,1734.0,1709.2174
2018-05-30 02:00:00,1635.0,1663.6425
2018-05-30 03:00:00,1576.0,1602.5168
2018-05-30 04:00:00,1566.0,1555.3019
2018-05-30 05:00:00,1608.0,1619.5593
2018-05-30 06:00:00,1696.0,1693.9813
2018-05-30 07:00:00,1821.0,1807.0621
2018-05-30 08:00:00,1948.0,1944.8605
2018-05-30 09:00:00,2055.0,2072.2937
2018-05-30 10:00:00,2127.0,2155.6934
2018-05-30 11:00:00,2239.0,2217.0024
2018-05-30 12:00:00,2340.0,2304.9502
2018-05-30 13:00:00,2379.0,2399.4336
2018-05-30 14:00:00,2435.0,2417.4116
2018-05-30 15:00:00,2415.0,2452.0881
2018-05-30 16:00:00,2355.0,2380.3123
2018-05-30 17:00:00,2274.0,2330.2666
2018-05-30 18:00:00,2233.0,2170.687
2018-05-30 19:00:00,2186.0,2124.5156
2018-05-30 20:00:00,2127.0,2102.2263
2018-05-30 21:00:00,2089.0,2061.9722
2018-05-30 22:00:00,1975.0,1945.2329
2018-05-30 23:00:00,1827.0,1814.1208
2018-05-31 00:00:00,1725.0,1695.1038
2018-05-31 01:00:00,1644.0,1626.6345
2018-05-31 02:00:00,1584.0,1590.183
2018-05-31 03:00:00,1551.0,1547.7046
2018-05-31 04:00:00,1551.0,1544.8512
2018-05-31 05:00:00,1620.0,1609.18
2018-05-31 06:00:00,1721.0,1724.2545
2018-05-31 07:00:00,1826.0,1831.6113
2018-05-31 08:00:00,1941.0,1934.6001
2018-05-31 09:00:00,2009.0,2047.5363
2018-05-31 10:00:00,2052.0,2091.5227
2018-05-31 11:00:00,2083.0,2105.0813
2018-05-31 12:00:00,2096.0,2100.8857
2018-05-31 13:00:00,2149.0,2106.4895
2018-05-31 14:00:00,2211.0,2142.2305
2018-05-31 15:00:00,2239.0,2223.1091
2018-05-31 16:00:00,2320.0,2258.4087
2018-05-31 17:00:00,2377.0,2300.7214
2018-05-31 18:00:00,2321.0,2321.7124
2018-05-31 19:00:00,2258.0,2238.919
2018-05-31 20:00:00,2203.0,2201.329
2018-05-31 21:00:00,2154.0,2136.6602
2018-05-31 22:00:00,1993.0,2005.0057
2018-05-31 23:00:00,1799.0,1832.2219
2018-06-01 00:00:00,1669.0,1680.9065
2018-06-01 01:00:00,1550.0,1582.2317
2018-06-01 02:00:00,1472.0,1505.5387
2018-06-01 03:00:00,1414.0,1438.6826
2018-06-01 04:00:00,1400.0,1401.5402
2018-06-01 05:00:00,1450.0,1444.1924
2018-06-01 06:00:00,1537.0,1524.3947
2018-06-01 07:00:00,1635.0,1634.5004
2018-06-01 08:00:00,1710.0,1743.4407
2018-06-01 09:00:00,1768.0,1802.5034
2018-06-01 10:00:00,1806.0,1843.7194
2018-06-01 11:00:00,1832.0,1846.6881
2018-06-01 12:00:00,1878.0,1857.249
2018-06-01 13:00:00,1913.0,1913.8596
2018-06-01 14:00:00,1932.0,1930.4802
2018-06-01 15:00:00,1931.0,1944.1533
2018-06-01 16:00:00,1966.0,1935.2485
2018-06-01 17:00:00,2019.0,1945.002
2018-06-01 18:00:00,1989.0,2000.8428
2018-06-01 19:00:00,1920.0,1920.1697
2018-06-01 20:00:00,1890.0,1866.1248
2018-06-01 21:00:00,1830.0,1843.4604
2018-06-01 22:00:00,1715.0,1712.6387
2018-06-01 23:00:00,1604.0,1584.911
2018-06-02 00:00:00,1509.0,1495.3396
2018-06-02 01:00:00,1431.0,1437.8961
2018-06-02 02:00:00,1386.0,1383.5027
2018-06-02 03:00:00,1361.0,1351.161
2018-06-02 04:00:00,1349.0,1348.8184
2018-06-02 05:00:00,1369.0,1370.3718
2018-06-02 06:00:00,1388.0,1384.0648
2018-06-02 07:00:00,1428.0,1431.379
2018-06-02 08:00:00,1523.0,1514.472
2018-06-02 09:00:00,1599.0,1633.1996
2018-06-02 10:00:00,1641.0,1683.1554
2018-06-02 11:00:00,1689.0,1694.5477
2018-06-02 12:00:00,1761.0,1717.6643
2018-06-02 13:00:00,1846.0,1790.4879
2018-06-02 14:00:00,1908.0,1888.3401
2018-06-02 15:00:00,1939.0,1945.726
2018-06-02 16:00:00,1957.0,1964.7319
2018-06-02 17:00:00,1976.0,1962.8467
2018-06-02 18:00:00,1955.0,1942.8293
2018-06-02 19:00:00,1892.0,1895.4524
2018-06-02 20:00:00,1820.0,1858.466
2018-06-02 21:00:00,1796.0,1809.5426
2018-06-02 22:00:00,1702.0,1697.9133
2018-06-02 23:00:00,1579.0,1577.4633
2018-06-03 00:00:00,1472.0,1471.0988
2018-06-03 01:00:00,1403.0,1397.1344
2018-06-03 02:00:00,1340.0,1351.7131
2018-06-03 03:00:00,1285.0,1310.9072
2018-06-03 04:00:00,1269.0,1267.97
2018-06-03 05:00:00,1254.0,1251.734
2018-06-03 06:00:00,1250.0,1240.975
2018-06-03 07:00:00,1310.0,1281.0007
2018-06-03 08:00:00,1391.0,1395.6462
2018-06-03 09:00:00,1481.0,1490.2146
2018-06-03 10:00:00,1568.0,1583.213
2018-06-03 11:00:00,1667.0,1659.7714
2018-06-03 12:00:00,1748.0,1742.8915
2018-06-03 13:00:00,1840.0,1810.4678
2018-06-03 14:00:00,1920.0,1906.2549
2018-06-03 15:00:00,1992.0,1982.5363
2018-06-03 16:00:00,1979.0,2055.7114
2018-06-03 17:00:00,1922.0,1994.2491
2018-06-03 18:00:00,1909.0,1882.4395
2018-06-03 19:00:00,1846.0,1853.2295
2018-06-03 20:00:00,1764.0,1823.6207
2018-06-03 21:00:00,1749.0,1763.9834
2018-06-03 22:00:00,1633.0,1649.2369
2018-06-03 23:00:00,1514.0,1505.6782
2018-06-04 00:00:00,1417.0,1412.885
2018-06-04 01:00:00,1354.0,1359.7423
2018-06-04 02:00:00,1276.0,1318.5874
2018-06-04 03:00:00,1266.0,1268.9977
2018-06-04 04:00:00,1279.0,1271.3218
2018-06-04 05:00:00,1317.0,1326.8258
2018-06-04 06:00:00,1395.0,1389.7015
2018-06-04 07:00:00,1499.0,1486.827
2018-06-04 08:00:00,1582.0,1603.5565
2018-06-04 09:00:00,1630.0,1685.1586
2018-06-04 10:00:00,1668.0,1726.6539
2018-06-04 11:00:00,1668.0,1737.551
2018-06-04 12:00:00,1684.0,1699.5189
2018-06-04 13:00:00,1703.0,1700.6016
2018-06-04 14:00:00,1713.0,1713.7551
2018-06-04 15:00:00,1730.0,1708.8932
2018-06-04 16:00:00,1727.0,1728.841
2018-06-04 17:00:00,1735.0,1710.7732
2018-06-04 18:00:00,1694.0,1706.6024
2018-06-04 19:00:00,1657.0,1673.4854
2018-06-04 20:00:00,1595.0,1639.9197
2018-06-04 21:00:00,1581.0,1589.0298
2018-06-04 22:00:00,1477.0,1487.903
2018-06-04 23:00:00,1337.0,1375.7053
2018-06-05 00:00:00,1258.0,1275.4033
2018-06-05 01:00:00,1200.0,1221.7457
2018-06-05 02:00:00,1167.0,1187.7053
2018-06-05 03:00:00,1148.0,1173.7053
2018-06-05 04:00:00,1174.0,1177.5035
2018-06-05 05:00:00,1240.0,1230.4415
2018-06-05 06:00:00,1304.0,1337.5468
2018-06-05 07:00:00,1366.0,1389.6375
2018-06-05 08:00:00,1435.0,1461.1349
2018-06-05 09:00:00,1467.0,1525.118
2018-06-05 10:00:00,1525.0,1534.9962
2018-06-05 11:00:00,1557.0,1562.9352
2018-06-05 12:00:00,1576.0,1571.6163
2018-06-05 13:00:00,1582.0,1585.8046
2018-06-05 14:00:00,1602.0,1587.6711
2018-06-05 15:00:00,1611.0,1616.596
2018-06-05 16:00:00,1611.0,1627.5393
2018-06-05 17:00:00,1588.0,1608.4352
2018-06-05 18:00:00,1551.0,1563.8378
2018-06-05 19:00:00,1511.0,1540.8462
2018-06-05 20:00:00,1484.0,1530.825
2018-06-05 21:00:00,1452.0,1500.5491
2018-06-05 22:00:00,1365.0,1396.683
2018-06-05 23:00:00,1253.0,1299.5026
2018-06-06 00:00:00,1181.0,1198.3284
2018-06-06 01:00:00,1139.0,1160.1398
2018-06-06 02:00:00,1090.0,1126.4004
2018-06-06 03:00:00,1073.0,1122.7119
2018-06-06 04:00:00,1102.0,1142.8496
2018-06-06 05:00:00,1159.0,1178.2003
2018-06-06 06:00:00,1226.0,1205.6116
2018-06-06 07:00:00,1304.0,1280.1334
2018-06-06 08:00:00,1362.0,1394.4038
2018-06-06 09:00:00,1412.0,1464.2073
2018-06-06 10:00:00,1433.0,1494.9583
2018-06-06 11:00:00,1439.0,1482.0599
2018-06-06 12:00:00,1460.0,1462.2394
2018-06-06 13:00:00,1473.0,1464.9822
2018-06-06 14:00:00,1467.0,1472.2524
2018-06-06 15:00:00,1463.0,1470.4489
2018-06-06 16:00:00,1449.0,1469.7933
2018-06-06 17:00:00,1450.0,1452.6619
2018-06-06 18:00:00,1410.0,1448.8796
2018-06-06 19:00:00,1421.0,1415.0642
2018-06-06 20:00:00,1428.0,1458.3016
2018-06-06 21:00:00,1427.0,1450.7438
2018-06-06 22:00:00,1345.0,1370.2529
2018-06-06 23:00:00,1261.0,1302.3318
2018-06-07 00:00:00,1205.0,1210.8251
2018-06-07 01:00:00,1156.0,1173.0109
2018-06-07 02:00:00,1135.0,1143.6913
2018-06-07 03:00:00,1126.0,1129.0126
2018-06-07 04:00:00,1141.0,1139.0101
2018-06-07 05:00:00,1192.0,1184.1847
2018-06-07 06:00:00,1258.0,1283.9935
2018-06-07 07:00:00,1345.0,1357.3964
2018-06-07 08:00:00,1383.0,1442.9109
2018-06-07 09:00:00,1444.0,1484.4738
2018-06-07 10:00:00,1500.0,1523.2528
2018-06-07 11:00:00,1523.0,1541.2523
2018-06-07 12:00:00,1546.0,1545.1367
2018-06-07 13:00:00,1600.0,1563.1753
2018-06-07 14:00:00,1616.0,1604.4021
2018-06-07 15:00:00,1645.0,1625.7534
2018-06-07 16:00:00,1671.0,1654.8918
2018-06-07 17:00:00,1694.0,1678.7999
2018-06-07 18:00:00,1690.0,1687.0278
2018-06-07 19:00:00,1648.0,1680.5676
2018-06-07 20:00:00,1627.0,1652.3279
2018-06-07 21:00:00,1616.0,1631.5751
2018-06-07 22:00:00,1507.0,1512.7415
2018-06-07 23:00:00,1394.0,1398.8324
2018-06-08 00:00:00,1295.0,1318.6589
2018-06-08 01:00:00,1244.0,1243.9579
2018-06-08 02:00:00,1206.0,1215.4152
2018-06-08 03:00:00,1195.0,1189.2479
2018-06-08 04:00:00,1201.0,1204.537
2018-06-08 05:00:00,1258.0,1264.5311
2018-06-08 06:00:00,1337.0,1353.636
2018-06-08 07:00:00,1439.0,1449.9958
2018-06-08 08:00:00,1524.0,1537.7682
2018-06-08 09:00:00,1606.0,1605.4525
2018-06-08 10:00:00,1683.0,1663.3677
2018-06-08 11:00:00,1742.0,1724.9653
2018-06-08 12:00:00,1806.0,1780.7336
2018-06-08 13:00:00,1869.0,1840.6256
2018-06-08 14:00:00,1934.0,1893.7798
2018-06-08 15:00:00,1990.0,1974.1959
2018-06-08 16:00:00,1988.0,2012.7683
2018-06-08 17:00:00,1974.0,1966.4283
2018-06-08 18:00:00,1912.0,1896.8225
2018-06-08 19:00:00,1838.0,1843.407
2018-06-08 20:00:00,1806.0,1807.678
2018-06-08 21:00:00,1760.0,1792.4734
2018-06-08 22:00:00,1654.0,1648.86
2018-06-08 23:00:00,1539.0,1519.663
2018-06-09 00:00:00,1420.0,1439.0588
2018-06-09 01:00:00,1355.0,1355.191
2018-06-09 02:00:00,1310.0,1302.3447
2018-06-09 03:00:00,1274.0,1275.882
2018-06-09 04:00:00,1256.0,1260.2596
2018-06-09 05:00:00,1245.0,1267.1249
2018-06-09 06:00:00,1258.0,1255.6329
2018-06-09 07:00:00,1335.0,1302.3275
2018-06-09 08:00:00,1464.0,1422.7262
2018-06-09 09:00:00,1585.0,1551.1085
2018-06-09 10:00:00,1712.0,1662.3335
2018-06-09 11:00:00,1815.0,1781.1737
2018-06-09 12:00:00,1889.0,1882.513
2018-06-09 13:00:00,1905.0,1960.0884
2018-06-09 14:00:00,1863.0,1936.9081
2018-06-09 15:00:00,1834.0,1867.2314
2018-06-09 16:00:00,1845.0,1819.4359
2018-06-09 17:00:00,1841.0,1815.4729
2018-06-09 18:00:00,1805.0,1791.7754
2018-06-09 19:00:00,1769.0,1762.1978
2018-06-09 20:00:00,1735.0,1745.4916
2018-06-09 21:00:00,1718.0,1730.8256
2018-06-09 22:00:00,1637.0,1614.7764
2018-06-09 23:00:00,1523.0,1510.8251
2018-06-10 00:00:00,1410.0,1419.4934
2018-06-10 01:00:00,1348.0,1345.0568
2018-06-10 02:00:00,1301.0,1302.3732
2018-06-10 03:00:00,1269.0,1268.8403
2018-06-10 04:00:00,1249.0,1249.9098
2018-06-10 05:00:00,1252.0,1251.0804
2018-06-10 06:00:00,1249.0,1253.4138
2018-06-10 07:00:00,1260.0,1280.2291
2018-06-10 08:00:00,1308.0,1353.9542
2018-06-10 09:00:00,1381.0,1392.8486
2018-06-10 10:00:00,1458.0,1469.555
2018-06-10 11:00:00,1512.0,1512.5886
2018-06-10 12:00:00,1580.0,1558.2384
2018-06-10 13:00:00,1633.0,1604.8983
2018-06-10 14:00:00,1692.0,1668.3307
2018-06-10 15:00:00,1771.0,1727.3772
2018-06-10 16:00:00,1845.0,1802.8677
2018-06-10 17:00:00,1875.0,1870.727
2018-06-10 18:00:00,1775.0,1868.8837
2018-06-10 19:00:00,1687.0,1743.2585
2018-06-10 20:00:00,1635.0,1652.4906
2018-06-10 21:00:00,1589.0,1634.6406
2018-06-10 22:00:00,1497.0,1492.5039
2018-06-10 23:00:00,1413.0,1380.4667
2018-06-11 00:00:00,1322.0,1322.5262
2018-06-11 01:00:00,1272.0,1275.6428
2018-06-11 02:00:00,1238.0,1245.2001
2018-06-11 03:00:00,1212.0,1227.5785
2018-06-11 04:00:00,1220.0,1224.6112
2018-06-11 05:00:00,1276.0,1279.6432
2018-06-11 06:00:00,1335.0,1361.0459
2018-06-11 07:00:00,1394.0,1440.7787
2018-06-11 08:00:00,1452.0,1510.9229
2018-06-11 09:00:00,1506.0,1563.2678
2018-06-11 10:00:00,1563.0,1581.23
2018-06-11 11:00:00,1602.0,1605.4036
2018-06-11 12:00:00,1624.0,1617.4003
2018-06-11 13:00:00,1653.0,1643.7559
2018-06-11 14:00:00,1653.0,1665.5591
2018-06-11 15:00:00,1648.0,1658.5382
2018-06-11 16:00:00,1639.0,1641.0629
2018-06-11 17:00:00,1616.0,1616.3259
2018-06-11 18:00:00,1594.0,1580.1151
2018-06-11 19:00:00,1560.0,1573.4146
2018-06-11 20:00:00,1513.0,1573.1337
2018-06-11 21:00:00,1518.0,1511.9557
2018-06-11 22:00:00,1434.0,1432.6973
2018-06-11 23:00:00,1306.0,1347.4149
2018-06-12 00:00:00,1229.0,1249.1213
2018-06-12 01:00:00,1179.0,1196.9991
2018-06-12 02:00:00,1143.0,1160.1604
2018-06-12 03:00:00,1140.0,1142.406
2018-06-12 04:00:00,1157.0,1150.1793
2018-06-12 05:00:00,1194.0,1221.3164
2018-06-12 06:00:00,1270.0,1277.781
2018-06-12 07:00:00,1376.0,1370.0339
2018-06-12 08:00:00,1477.0,1470.5272
2018-06-12 09:00:00,1544.0,1569.2316
2018-06-12 10:00:00,1620.0,1607.4088
2018-06-12 11:00:00,1696.0,1667.0474
2018-06-12 12:00:00,1761.0,1731.0997
2018-06-12 13:00:00,1837.0,1798.4404
2018-06-12 14:00:00,1865.0,1872.9032
2018-06-12 15:00:00,1845.0,1893.9175
2018-06-12 16:00:00,1825.0,1836.3053
2018-06-12 17:00:00,1808.0,1788.6993
2018-06-12 18:00:00,1790.0,1756.1852
2018-06-12 19:00:00,1764.0,1758.2509
2018-06-12 20:00:00,1756.0,1763.464
2018-06-12 21:00:00,1746.0,1755.4728
2018-06-12 22:00:00,1650.0,1623.0869
2018-06-12 23:00:00,1509.0,1499.1882
2018-06-13 00:00:00,1400.0,1414.832
2018-06-13 01:00:00,1346.0,1348.5643
2018-06-13 02:00:00,1307.0,1321.9602
2018-06-13 03:00:00,1316.0,1287.3297
2018-06-13 04:00:00,1336.0,1325.6843
2018-06-13 05:00:00,1401.0,1405.7028
2018-06-13 06:00:00,1484.0,1512.4666
2018-06-13 07:00:00,1573.0,1596.9698
2018-06-13 08:00:00,1660.0,1657.4994
2018-06-13 09:00:00,1719.0,1729.997
2018-06-13 10:00:00,1752.0,1783.5845
2018-06-13 11:00:00,1767.0,1784.9542
2018-06-13 12:00:00,1787.0,1781.518
2018-06-13 13:00:00,1808.0,1799.88
2018-06-13 14:00:00,1834.0,1805.87
2018-06-13 15:00:00,1914.0,1832.8291
2018-06-13 16:00:00,1996.0,1926.7512
2018-06-13 17:00:00,2054.0,2001.2964
2018-06-13 18:00:00,1996.0,2051.2297
2018-06-13 19:00:00,1950.0,1953.3918
2018-06-13 20:00:00,1897.0,1923.571
2018-06-13 21:00:00,1858.0,1877.6853
2018-06-13 22:00:00,1742.0,1735.1395
2018-06-13 23:00:00,1600.0,1610.3739
2018-06-14 00:00:00,1443.0,1485.4244
2018-06-14 01:00:00,1332.0,1396.124
2018-06-14 02:00:00,1278.0,1297.9495
2018-06-14 03:00:00,1238.0,1257.5587
2018-06-14 04:00:00,1230.0,1245.2385
2018-06-14 05:00:00,1273.0,1288.6117
2018-06-14 06:00:00,1324.0,1370.1654
2018-06-14 07:00:00,1449.0,1433.6721
2018-06-14 08:00:00,1551.0,1549.6921
2018-06-14 09:00:00,1642.0,1642.7825
2018-06-14 10:00:00,1705.0,1721.306
2018-06-14 11:00:00,1758.0,1748.9263
2018-06-14 12:00:00,1810.0,1791.791
2018-06-14 13:00:00,1868.0,1848.0195
2018-06-14 14:00:00,1911.0,1903.2413
2018-06-14 15:00:00,1950.0,1948.0913
2018-06-14 16:00:00,1988.0,1963.8326
2018-06-14 17:00:00,2003.0,1991.5498
2018-06-14 18:00:00,1958.0,1964.6582
2018-06-14 19:00:00,1853.0,1903.2798
2018-06-14 20:00:00,1762.0,1813.5029
2018-06-14 21:00:00,1709.0,1749.8015
2018-06-14 22:00:00,1591.0,1586.1965
2018-06-14 23:00:00,1454.0,1457.0334
2018-06-15 00:00:00,1342.0,1368.8551
2018-06-15 01:00:00,1266.0,1295.6967
2018-06-15 02:00:00,1221.0,1241.6016
2018-06-15 03:00:00,1192.0,1209.918
2018-06-15 04:00:00,1192.0,1213.2018
2018-06-15 05:00:00,1229.0,1259.2053
2018-06-15 06:00:00,1299.0,1300.657
2018-06-15 07:00:00,1405.0,1405.998
2018-06-15 08:00:00,1521.0,1511.9513
2018-06-15 09:00:00,1600.0,1616.886
2018-06-15 10:00:00,1663.0,1676.1932
2018-06-15 11:00:00,1730.0,1709.3962
2018-06-15 12:00:00,1810.0,1763.1569
2018-06-15 13:00:00,1845.0,1855.9368
2018-06-15 14:00:00,1890.0,1868.5701
2018-06-15 15:00:00,1952.0,1916.5604
2018-06-15 16:00:00,1975.0,1966.999
2018-06-15 17:00:00,1950.0,1972.7006
2018-06-15 18:00:00,1877.0,1882.4183
2018-06-15 19:00:00,1773.0,1809.1853
2018-06-15 20:00:00,1698.0,1727.383
2018-06-15 21:00:00,1653.0,1685.8254
2018-06-15 22:00:00,1557.0,1540.0667
2018-06-15 23:00:00,1428.0,1438.2297
2018-06-16 00:00:00,1325.0,1336.2852
2018-06-16 01:00:00,1264.0,1269.9138
2018-06-16 02:00:00,1215.0,1229.9017
2018-06-16 03:00:00,1182.0,1189.5333
2018-06-16 04:00:00,1159.0,1176.9033
2018-06-16 05:00:00,1173.0,1185.713
2018-06-16 06:00:00,1192.0,1191.756
2018-06-16 07:00:00,1251.0,1240.1871
2018-06-16 08:00:00,1336.0,1338.6456
2018-06-16 09:00:00,1395.0,1428.1268
2018-06-16 10:00:00,1454.0,1467.8779
2018-06-16 11:00:00,1518.0,1508.3583
2018-06-16 12:00:00,1617.0,1562.9668
2018-06-16 13:00:00,1707.0,1650.3018
2018-06-16 14:00:00,1795.0,1736.2821
2018-06-16 15:00:00,1886.0,1842.7006
2018-06-16 16:00:00,1951.0,1947.3541
2018-06-16 17:00:00,1944.0,1986.6586
2018-06-16 18:00:00,1937.0,1918.5587
2018-06-16 19:00:00,1911.0,1885.426
2018-06-16 20:00:00,1880.0,1881.0002
2018-06-16 21:00:00,1866.0,1856.234
2018-06-16 22:00:00,1800.0,1772.54
2018-06-16 23:00:00,1692.0,1671.1548
2018-06-17 00:00:00,1584.0,1578.7416
2018-06-17 01:00:00,1498.0,1492.8081
2018-06-17 02:00:00,1439.0,1437.8298
2018-06-17 03:00:00,1399.0,1386.4008
2018-06-17 04:00:00,1366.0,1375.94
2018-06-17 05:00:00,1352.0,1366.5836
2018-06-17 06:00:00,1344.0,1355.5582
2018-06-17 07:00:00,1446.0,1374.2354
2018-06-17 08:00:00,1593.0,1539.7921
2018-06-17 09:00:00,1751.0,1711.8057
2018-06-17 10:00:00,1900.0,1883.817
2018-06-17 11:00:00,2030.0,2019.5283
2018-06-17 12:00:00,2112.0,2128.3245
2018-06-17 13:00:00,2190.0,2209.9688
2018-06-17 14:00:00,2251.0,2245.28
2018-06-17 15:00:00,2306.0,2287.794
2018-06-17 16:00:00,2349.0,2341.88
2018-06-17 17:00:00,2383.0,2336.2769
2018-06-17 18:00:00,2383.0,2319.2285
2018-06-17 19:00:00,2338.0,2303.0818
2018-06-17 20:00:00,2295.0,2294.2593
2018-06-17 21:00:00,2260.0,2283.0498
2018-06-17 22:00:00,2145.0,2139.7903
2018-06-17 23:00:00,2008.0,1981.3964
2018-06-18 00:00:00,1886.0,1876.6392
2018-06-18 01:00:00,1801.0,1787.5876
2018-06-18 02:00:00,1729.0,1723.6278
2018-06-18 03:00:00,1676.0,1685.1163
2018-06-18 04:00:00,1650.0,1667.2075
2018-06-18 05:00:00,1688.0,1696.0525
2018-06-18 06:00:00,1775.0,1764.4083
2018-06-18 07:00:00,1900.0,1903.4376
2018-06-18 08:00:00,2017.0,2018.0919
2018-06-18 09:00:00,2154.0,2146.5
2018-06-18 10:00:00,2315.0,2261.4766
2018-06-18 11:00:00,2464.0,2434.4438
2018-06-18 12:00:00,2564.0,2550.805
2018-06-18 13:00:00,2644.0,2631.6265
2018-06-18 14:00:00,2685.0,2672.5393
2018-06-18 15:00:00,2706.0,2721.3845
2018-06-18 16:00:00,2716.0,2718.919
2018-06-18 17:00:00,2710.0,2662.7363
2018-06-18 18:00:00,2689.0,2621.5515
2018-06-18 19:00:00,2606.0,2599.0232
2018-06-18 20:00:00,2542.0,2542.7068
2018-06-18 21:00:00,2507.0,2517.2788
2018-06-18 22:00:00,2341.0,2342.3237
2018-06-18 23:00:00,2142.0,2131.0647
2018-06-19 00:00:00,2014.0,1982.0018
2018-06-19 01:00:00,1920.0,1902.6826
2018-06-19 02:00:00,1843.0,1855.6847
2018-06-19 03:00:00,1764.0,1807.2452
2018-06-19 04:00:00,1736.0,1748.3114
2018-06-19 05:00:00,1780.0,1766.8074
2018-06-19 06:00:00,1857.0,1852.0338
2018-06-19 07:00:00,1945.0,1968.2197
2018-06-19 08:00:00,2031.0,2058.6443
2018-06-19 09:00:00,2094.0,2120.19
2018-06-19 10:00:00,2132.0,2160.2827
2018-06-19 11:00:00,2142.0,2200.7244
2018-06-19 12:00:00,2232.0,2183.1611
2018-06-19 13:00:00,2240.0,2277.9944
2018-06-19 14:00:00,2296.0,2302.5835
2018-06-19 15:00:00,2353.0,2299.8516
2018-06-19 16:00:00,2370.0,2383.0334
2018-06-19 17:00:00,2355.0,2370.6648
2018-06-19 18:00:00,2325.0,2306.4417
2018-06-19 19:00:00,2231.0,2234.3022
2018-06-19 20:00:00,2125.0,2179.958
2018-06-19 21:00:00,2081.0,2091.9705
2018-06-19 22:00:00,1936.0,1937.7808
2018-06-19 23:00:00,1782.0,1791.9861
2018-06-20 00:00:00,1642.0,1657.7036
2018-06-20 01:00:00,1547.0,1561.3242
2018-06-20 02:00:00,1481.0,1495.8455
2018-06-20 03:00:00,1440.0,1451.727
2018-06-20 04:00:00,1447.0,1442.0566
2018-06-20 05:00:00,1502.0,1498.9606
2018-06-20 06:00:00,1588.0,1587.2986
2018-06-20 07:00:00,1692.0,1706.1002
2018-06-20 08:00:00,1788.0,1784.7566
2018-06-20 09:00:00,1862.0,1874.7225
2018-06-20 10:00:00,1983.0,1938.418
2018-06-20 11:00:00,2105.0,2024.82
2018-06-20 12:00:00,2201.0,2178.4744
2018-06-20 13:00:00,2256.0,2282.2412
2018-06-20 14:00:00,2244.0,2312.1487
2018-06-20 15:00:00,2196.0,2268.8442
2018-06-20 16:00:00,2152.0,2195.1326
2018-06-20 17:00:00,2128.0,2122.9004
2018-06-20 18:00:00,2097.0,2070.7612
2018-06-20 19:00:00,2039.0,2029.643
2018-06-20 20:00:00,1962.0,1984.3948
2018-06-20 21:00:00,1902.0,1931.1556
2018-06-20 22:00:00,1778.0,1769.254
2018-06-20 23:00:00,1644.0,1628.4617
2018-06-21 00:00:00,1556.0,1526.179
2018-06-21 01:00:00,1487.0,1476.3815
2018-06-21 02:00:00,1415.0,1443.2289
2018-06-21 03:00:00,1393.0,1392.2905
2018-06-21 04:00:00,1384.0,1399.1564
2018-06-21 05:00:00,1455.0,1444.5167
2018-06-21 06:00:00,1542.0,1550.6619
2018-06-21 07:00:00,1622.0,1642.0355
2018-06-21 08:00:00,1690.0,1713.9967
2018-06-21 09:00:00,1740.0,1767.2631
2018-06-21 10:00:00,1828.0,1822.0873
2018-06-21 11:00:00,1853.0,1896.5176
2018-06-21 12:00:00,1894.0,1890.2483
2018-06-21 13:00:00,1960.0,1917.17
2018-06-21 14:00:00,1989.0,1982.8527
2018-06-21 15:00:00,2041.0,2015.4032
2018-06-21 16:00:00,2079.0,2064.98
2018-06-21 17:00:00,2055.0,2079.7317
2018-06-21 18:00:00,1986.0,1994.089
2018-06-21 19:00:00,1920.0,1921.3812
2018-06-21 20:00:00,1865.0,1880.2408
2018-06-21 21:00:00,1838.0,1840.3677
2018-06-21 22:00:00,1744.0,1717.9059
2018-06-21 23:00:00,1625.0,1603.9218
2018-06-22 00:00:00,1512.0,1508.4154
2018-06-22 01:00:00,1420.0,1441.8624
2018-06-22 02:00:00,1364.0,1376.7148
2018-06-22 03:00:00,1347.0,1336.0354
2018-06-22 04:00:00,1347.0,1350.1589
2018-06-22 05:00:00,1390.0,1401.8032
2018-06-22 06:00:00,1467.0,1483.7948
2018-06-22 07:00:00,1532.0,1566.7703
2018-06-22 08:00:00,1601.0,1625.6475
2018-06-22 09:00:00,1657.0,1697.2152
2018-06-22 10:00:00,1691.0,1739.1174
2018-06-22 11:00:00,1743.0,1734.3777
2018-06-22 12:00:00,1802.0,1769.0333
2018-06-22 13:00:00,1846.0,1824.4113
2018-06-22 14:00:00,1845.0,1866.6046
2018-06-22 15:00:00,1814.0,1849.8302
2018-06-22 16:00:00,1755.0,1800.2299
2018-06-22 17:00:00,1711.0,1733.1185
2018-06-22 18:00:00,1679.0,1658.056
2018-06-22 19:00:00,1642.0,1636.3481
2018-06-22 20:00:00,1595.0,1621.6571
2018-06-22 21:00:00,1584.0,1577.1573
2018-06-22 22:00:00,1531.0,1500.6732
2018-06-22 23:00:00,1431.0,1429.443
2018-06-23 00:00:00,1345.0,1345.1484
2018-06-23 01:00:00,1288.0,1298.3693
2018-06-23 02:00:00,1257.0,1254.6228
2018-06-23 03:00:00,1219.0,1233.0686
2018-06-23 04:00:00,1221.0,1215.533
2018-06-23 05:00:00,1238.0,1229.0546
2018-06-23 06:00:00,1253.0,1256.4553
2018-06-23 07:00:00,1312.0,1298.052
2018-06-23 08:00:00,1387.0,1394.0494
2018-06-23 09:00:00,1491.0,1475.9675
2018-06-23 10:00:00,1572.0,1555.0193
2018-06-23 11:00:00,1592.0,1623.3977
2018-06-23 12:00:00,1642.0,1617.6572
2018-06-23 13:00:00,1717.0,1656.822
2018-06-23 14:00:00,1751.0,1735.7072
2018-06-23 15:00:00,1795.0,1765.3569
2018-06-23 16:00:00,1788.0,1819.7345
2018-06-23 17:00:00,1787.0,1788.7322
2018-06-23 18:00:00,1746.0,1753.9775
2018-06-23 19:00:00,1720.0,1713.4542
2018-06-23 20:00:00,1671.0,1703.0779
2018-06-23 21:00:00,1661.0,1697.2162
2018-06-23 22:00:00,1595.0,1575.2931
2018-06-23 23:00:00,1499.0,1485.9318
2018-06-24 00:00:00,1416.0,1399.1891
2018-06-24 01:00:00,1349.0,1352.5245
2018-06-24 02:00:00,1290.0,1301.4779
2018-06-24 03:00:00,1239.0,1258.1074
2018-06-24 04:00:00,1240.0,1223.945
2018-06-24 05:00:00,1254.0,1234.4258
2018-06-24 06:00:00,1279.0,1255.0809
2018-06-24 07:00:00,1330.0,1298.8119
2018-06-24 08:00:00,1450.0,1413.6461
2018-06-24 09:00:00,1578.0,1545.9973
2018-06-24 10:00:00,1651.0,1673.0057
2018-06-24 11:00:00,1731.0,1736.0642
2018-06-24 12:00:00,1786.0,1804.2694
2018-06-24 13:00:00,1806.0,1843.3647
2018-06-24 14:00:00,1850.0,1840.0193
2018-06-24 15:00:00,1885.0,1872.0316
2018-06-24 16:00:00,1908.0,1915.2258
2018-06-24 17:00:00,1958.0,1910.3954
2018-06-24 18:00:00,1939.0,1959.4822
2018-06-24 19:00:00,1847.0,1905.2249
2018-06-24 20:00:00,1783.0,1842.4685
2018-06-24 21:00:00,1748.0,1788.1023
2018-06-24 22:00:00,1666.0,1648.4342
2018-06-24 23:00:00,1546.0,1537.7338
2018-06-25 00:00:00,1436.0,1444.6241
2018-06-25 01:00:00,1351.0,1378.5845
2018-06-25 02:00:00,1308.0,1317.1057
2018-06-25 03:00:00,1309.0,1295.6592
2018-06-25 04:00:00,1312.0,1307.548
2018-06-25 05:00:00,1333.0,1372.9752
2018-06-25 06:00:00,1390.0,1400.2803
2018-06-25 07:00:00,1533.0,1471.1367
2018-06-25 08:00:00,1635.0,1627.5032
2018-06-25 09:00:00,1718.0,1740.1176
2018-06-25 10:00:00,1804.0,1809.5234
2018-06-25 11:00:00,1858.0,1870.8065
2018-06-25 12:00:00,1921.0,1910.7814
2018-06-25 13:00:00,1968.0,1969.0702
2018-06-25 14:00:00,1997.0,1992.3286
2018-06-25 15:00:00,2022.0,2033.7775
2018-06-25 16:00:00,2042.0,2031.6001
2018-06-25 17:00:00,2041.0,2030.989
2018-06-25 18:00:00,1984.0,1984.7776
2018-06-25 19:00:00,1905.0,1922.8408
2018-06-25 20:00:00,1818.0,1864.1992
2018-06-25 21:00:00,1767.0,1809.2579
2018-06-25 22:00:00,1658.0,1637.952
2018-06-25 23:00:00,1495.0,1511.7014
2018-06-26 00:00:00,1380.0,1401.387
2018-06-26 01:00:00,1285.0,1331.1163
2018-06-26 02:00:00,1253.0,1262.9679
2018-06-26 03:00:00,1224.0,1247.9963
2018-06-26 04:00:00,1229.0,1232.3198
2018-06-26 05:00:00,1279.0,1282.81
2018-06-26 06:00:00,1345.0,1363.9645
2018-06-26 07:00:00,1433.0,1440.3684
2018-06-26 08:00:00,1512.0,1529.8892
2018-06-26 09:00:00,1598.0,1606.4225
2018-06-26 10:00:00,1693.0,1684.0813
2018-06-26 11:00:00,1761.0,1749.4922
2018-06-26 12:00:00,1830.0,1791.7136
2018-06-26 13:00:00,1870.0,1878.6913
2018-06-26 14:00:00,1895.0,1911.764
2018-06-26 15:00:00,1935.0,1912.1764
2018-06-26 16:00:00,1943.0,1954.2513
2018-06-26 17:00:00,1952.0,1935.8042
2018-06-26 18:00:00,1894.0,1904.4368
2018-06-26 19:00:00,1827.0,1836.0714
2018-06-26 20:00:00,1794.0,1792.2422
2018-06-26 21:00:00,1756.0,1764.5645
2018-06-26 22:00:00,1665.0,1635.5092
2018-06-26 23:00:00,1547.0,1526.826
2018-06-27 00:00:00,1449.0,1438.2235
2018-06-27 01:00:00,1394.0,1379.2185
2018-06-27 02:00:00,1344.0,1354.9563
2018-06-27 03:00:00,1338.0,1327.0364
2018-06-27 04:00:00,1346.0,1338.9404
2018-06-27 05:00:00,1379.0,1407.1542
2018-06-27 06:00:00,1483.0,1469.9402
2018-06-27 07:00:00,1588.0,1580.813
2018-06-27 08:00:00,1644.0,1687.2494
2018-06-27 09:00:00,1693.0,1726.4573
2018-06-27 10:00:00,1722.0,1761.85
2018-06-27 11:00:00,1758.0,1753.4819
2018-06-27 12:00:00,1826.0,1782.7318
2018-06-27 13:00:00,1875.0,1848.4437
2018-06-27 14:00:00,1927.0,1902.1533
2018-06-27 15:00:00,1961.0,1952.1218
2018-06-27 16:00:00,1950.0,1983.932
2018-06-27 17:00:00,1965.0,1937.8494
2018-06-27 18:00:00,1937.0,1924.0762
2018-06-27 19:00:00,1867.0,1873.3981
2018-06-27 20:00:00,1838.0,1830.3533
2018-06-27 21:00:00,1799.0,1822.9984
2018-06-27 22:00:00,1687.0,1684.0605
2018-06-27 23:00:00,1578.0,1549.0425
2018-06-28 00:00:00,1473.0,1461.0836
2018-06-28 01:00:00,1427.0,1408.5238
2018-06-28 02:00:00,1373.0,1390.4967
2018-06-28 03:00:00,1362.0,1355.9725
2018-06-28 04:00:00,1370.0,1373.5687
2018-06-28 05:00:00,1436.0,1435.891
2018-06-28 06:00:00,1502.0,1542.1934
2018-06-28 07:00:00,1599.0,1608.34
2018-06-28 08:00:00,1685.0,1689.6942
2018-06-28 09:00:00,1734.0,1769.7561
2018-06-28 10:00:00,1779.0,1795.8965
2018-06-28 11:00:00,1826.0,1817.2388
2018-06-28 12:00:00,1876.0,1857.3904
2018-06-28 13:00:00,1921.0,1900.4225
2018-06-28 14:00:00,1995.0,1947.9641
2018-06-28 15:00:00,2054.0,2018.3014
2018-06-28 16:00:00,2125.0,2082.1301
2018-06-28 17:00:00,2131.0,2152.8096
2018-06-28 18:00:00,2130.0,2090.9832
2018-06-28 19:00:00,2088.0,2063.8132
2018-06-28 20:00:00,1994.0,2019.4364
2018-06-28 21:00:00,1932.0,1972.8584
2018-06-28 22:00:00,1800.0,1809.6372
2018-06-28 23:00:00,1672.0,1658.4255
2018-06-29 00:00:00,1524.0,1551.0663
2018-06-29 01:00:00,1452.0,1454.9761
2018-06-29 02:00:00,1408.0,1404.9684
2018-06-29 03:00:00,1371.0,1386.74
2018-06-29 04:00:00,1351.0,1384.9952
2018-06-29 05:00:00,1422.0,1412.5634
2018-06-29 06:00:00,1481.0,1532.0543
2018-06-29 07:00:00,1572.0,1589.2156
2018-06-29 08:00:00,1705.0,1672.8646
2018-06-29 09:00:00,1845.0,1792.2649
2018-06-29 10:00:00,1972.0,1934.3645
2018-06-29 11:00:00,2091.0,2055.1528
2018-06-29 12:00:00,2193.0,2175.0774
2018-06-29 13:00:00,2273.0,2269.3152
2018-06-29 14:00:00,2347.0,2312.1973
2018-06-29 15:00:00,2376.0,2370.7498
2018-06-29 16:00:00,2438.0,2396.3137
2018-06-29 17:00:00,2463.0,2398.6846
2018-06-29 18:00:00,2420.0,2411.399
2018-06-29 19:00:00,2335.0,2344.416
2018-06-29 20:00:00,2229.0,2260.8462
2018-06-29 21:00:00,2157.0,2185.0134
2018-06-29 22:00:00,2031.0,2021.5455
2018-06-29 23:00:00,1888.0,1889.5958
2018-06-30 00:00:00,1729.0,1755.9899
2018-06-30 01:00:00,1642.0,1633.6926
2018-06-30 02:00:00,1563.0,1571.3646
2018-06-30 03:00:00,1484.0,1508.9012
2018-06-30 04:00:00,1446.0,1463.2294
2018-06-30 05:00:00,1430.0,1446.8215
2018-06-30 06:00:00,1428.0,1447.3684
2018-06-30 07:00:00,1516.0,1481.4685
2018-06-30 08:00:00,1697.0,1647.7244
2018-06-30 09:00:00,1864.0,1823.5322
2018-06-30 10:00:00,2022.0,2002.4473
2018-06-30 11:00:00,2147.0,2159.2686
2018-06-30 12:00:00,2253.0,2230.3293
2018-06-30 13:00:00,2336.0,2325.4858
2018-06-30 14:00:00,2401.0,2392.915
2018-06-30 15:00:00,2426.0,2440.5486
2018-06-30 16:00:00,2442.0,2471.662
2018-06-30 17:00:00,2464.0,2415.4448
2018-06-30 18:00:00,2440.0,2408.9902
2018-06-30 19:00:00,2384.0,2356.8428
2018-06-30 20:00:00,2294.0,2310.7473
2018-06-30 21:00:00,2209.0,2259.5085
2018-06-30 22:00:00,2082.0,2073.715
2018-06-30 23:00:00,1945.0,1949.3032
2018-07-01 00:00:00,1795.0,1806.469
2018-07-01 01:00:00,1687.0,1690.762
2018-07-01 02:00:00,1600.0,1606.5643
2018-07-01 03:00:00,1539.0,1535.0236
2018-07-01 04:00:00,1493.0,1504.4696
2018-07-01 05:00:00,1473.0,1487.4031
2018-07-01 06:00:00,1462.0,1460.254
2018-07-01 07:00:00,1536.0,1504.8201
2018-07-01 08:00:00,1697.0,1664.4147
2018-07-01 09:00:00,1888.0,1848.4543
2018-07-01 10:00:00,2048.0,2048.6265
2018-07-01 11:00:00,2198.0,2167.585
2018-07-01 12:00:00,2317.0,2288.722
2018-07-01 13:00:00,2417.0,2379.5479
2018-07-01 14:00:00,2487.0,2461.9565
2018-07-01 15:00:00,2523.0,2496.4905
2018-07-01 16:00:00,2569.0,2545.123
2018-07-01 17:00:00,2598.0,2552.1516
2018-07-01 18:00:00,2577.0,2575.2405
2018-07-01 19:00:00,2519.0,2506.7854
2018-07-01 20:00:00,2444.0,2447.599
2018-07-01 21:00:00,2385.0,2388.0012
2018-07-01 22:00:00,2249.0,2254.7598
2018-07-01 23:00:00,2110.0,2070.91
2018-07-02 00:00:00,1971.0,1931.0042
2018-07-02 01:00:00,1875.0,1855.8438
2018-07-02 02:00:00,1794.0,1783.1929
2018-07-02 03:00:00,1741.0,1734.687
2018-07-02 04:00:00,1716.0,1711.1262
2018-07-02 05:00:00,1754.0,1747.1305
2018-07-02 06:00:00,1849.0,1827.1997
2018-07-02 07:00:00,1958.0,1961.8147
2018-07-02 08:00:00,2107.0,2112.0486
2018-07-02 09:00:00,2169.0,2234.5518
2018-07-02 10:00:00,2272.0,2279.3984
2018-07-02 11:00:00,2372.0,2332.0386
2018-07-02 12:00:00,2464.0,2421.2664
2018-07-02 13:00:00,2512.0,2539.952
2018-07-02 14:00:00,2570.0,2575.089
2018-07-02 15:00:00,2631.0,2582.7847
2018-07-02 16:00:00,2673.0,2651.1575
2018-07-02 17:00:00,2643.0,2681.6035
2018-07-02 18:00:00,2562.0,2576.0742
2018-07-02 19:00:00,2347.0,2467.8782
2018-07-02 20:00:00,2244.0,2259.104
2018-07-02 21:00:00,2159.0,2195.1602
2018-07-02 22:00:00,2033.0,2010.2152
2018-07-02 23:00:00,1891.0,1867.7649
2018-07-03 00:00:00,1759.0,1748.156
2018-07-03 01:00:00,1675.0,1660.024
2018-07-03 02:00:00,1607.0,1602.4122
2018-07-03 03:00:00,1569.0,1564.7373
2018-07-03 04:00:00,1562.0,1552.0265
2018-07-03 05:00:00,1602.0,1627.7172
2018-07-03 06:00:00,1689.0,1688.5497
2018-07-03 07:00:00,1830.0,1792.107
2018-07-03 08:00:00,1949.0,1952.8394
2018-07-03 09:00:00,2088.0,2061.5034
2018-07-03 10:00:00,2226.0,2199.4094
2018-07-03 11:00:00,2359.0,2344.1223
2018-07-03 12:00:00,2464.0,2448.1248
2018-07-03 13:00:00,2541.0,2557.3037
2018-07-03 14:00:00,2600.0,2634.8208
2018-07-03 15:00:00,2627.0,2667.8801
2018-07-03 16:00:00,2670.0,2679.5012
2018-07-03 17:00:00,2683.0,2657.8284
2018-07-03 18:00:00,2673.0,2632.578
2018-07-03 19:00:00,2634.0,2603.3052
2018-07-03 20:00:00,2537.0,2539.28
2018-07-03 21:00:00,2454.0,2463.5366
2018-07-03 22:00:00,2326.0,2324.4707
2018-07-03 23:00:00,2157.0,2149.6626
2018-07-04 00:00:00,1998.0,2004.624
2018-07-04 01:00:00,1852.0,1885.84
2018-07-04 02:00:00,1757.0,1772.8539
2018-07-04 03:00:00,1688.0,1698.445
2018-07-04 04:00:00,1645.0,1669.281
2018-07-04 05:00:00,1626.0,1686.6758
2018-07-04 06:00:00,1629.0,1675.9204
2018-07-04 07:00:00,1720.0,1686.3152
2018-07-04 08:00:00,1882.0,1823.6552
2018-07-04 09:00:00,2075.0,2000.3445
2018-07-04 10:00:00,2243.0,2210.921
2018-07-04 11:00:00,2394.0,2371.4563
2018-07-04 12:00:00,2495.0,2490.5488
2018-07-04 13:00:00,2570.0,2587.8843
2018-07-04 14:00:00,2611.0,2631.016
2018-07-04 15:00:00,2649.0,2656.539
2018-07-04 16:00:00,2667.0,2659.5718
2018-07-04 17:00:00,2658.0,2659.7957
2018-07-04 18:00:00,2608.0,2568.364
2018-07-04 19:00:00,2464.0,2529.7815
2018-07-04 20:00:00,2255.0,2413.3704
2018-07-04 21:00:00,2199.0,2228.4568
2018-07-04 22:00:00,2107.0,2052.7554
2018-07-04 23:00:00,2007.0,1942.8933
2018-07-05 00:00:00,1902.0,1858.0563
2018-07-05 01:00:00,1824.0,1795.6481
2018-07-05 02:00:00,1746.0,1748.7471
2018-07-05 03:00:00,1709.0,1700.2803
2018-07-05 04:00:00,1689.0,1692.0275
2018-07-05 05:00:00,1735.0,1740.9154
2018-07-05 06:00:00,1791.0,1821.9352
2018-07-05 07:00:00,1877.0,1913.6008
2018-07-05 08:00:00,1953.0,1988.3179
2018-07-05 09:00:00,2017.0,2050.0073
2018-07-05 10:00:00,2092.0,2084.7666
2018-07-05 11:00:00,2196.0,2135.988
2018-07-05 12:00:00,2326.0,2265.787
2018-07-05 13:00:00,2415.0,2408.889
2018-07-05 14:00:00,2468.0,2438.8472
2018-07-05 15:00:00,2451.0,2504.9248
2018-07-05 16:00:00,2410.0,2492.5015
2018-07-05 17:00:00,2346.0,2361.7014
2018-07-05 18:00:00,2265.0,2267.1987
2018-07-05 19:00:00,2189.0,2180.2686
2018-07-05 20:00:00,2099.0,2110.1372
2018-07-05 21:00:00,2007.0,2056.8394
2018-07-05 22:00:00,1876.0,1876.6852
2018-07-05 23:00:00,1771.0,1723.5652
2018-07-06 00:00:00,1663.0,1644.4875
2018-07-06 01:00:00,1595.0,1578.1901
2018-07-06 02:00:00,1534.0,1541.1882
2018-07-06 03:00:00,1506.0,1494.1438
2018-07-06 04:00:00,1522.0,1501.7687
2018-07-06 05:00:00,1597.0,1568.823
2018-07-06 06:00:00,1678.0,1694.9647
2018-07-06 07:00:00,1770.0,1772.256
2018-07-06 08:00:00,1870.0,1860.0295
2018-07-06 09:00:00,1895.0,1955.1288
2018-07-06 10:00:00,1918.0,1950.1112
2018-07-06 11:00:00,1954.0,1943.967
2018-07-06 12:00:00,1991.0,1958.2758
2018-07-06 13:00:00,2057.0,2013.3561
2018-07-06 14:00:00,2120.0,2068.6216
2018-07-06 15:00:00,2157.0,2142.9253
2018-07-06 16:00:00,2179.0,2187.763
2018-07-06 17:00:00,2167.0,2160.4844
2018-07-06 18:00:00,2099.0,2096.7336
2018-07-06 19:00:00,1977.0,2023.8558
2018-07-06 20:00:00,1849.0,1901.2706
2018-07-06 21:00:00,1774.0,1824.917
2018-07-06 22:00:00,1654.0,1661.5469
2018-07-06 23:00:00,1527.0,1531.5563
2018-07-07 00:00:00,1419.0,1421.7129
2018-07-07 01:00:00,1332.0,1355.0408
2018-07-07 02:00:00,1278.0,1285.2677
2018-07-07 03:00:00,1240.0,1241.8263
2018-07-07 04:00:00,1220.0,1221.0432
2018-07-07 05:00:00,1225.0,1217.5011
2018-07-07 06:00:00,1227.0,1216.0278
2018-07-07 07:00:00,1263.0,1267.1351
2018-07-07 08:00:00,1362.0,1362.4797
2018-07-07 09:00:00,1457.0,1445.0024
2018-07-07 10:00:00,1512.0,1534.1445
2018-07-07 11:00:00,1551.0,1568.1455
2018-07-07 12:00:00,1588.0,1592.9205
2018-07-07 13:00:00,1626.0,1613.216
2018-07-07 14:00:00,1684.0,1646.2726
2018-07-07 15:00:00,1737.0,1715.9304
2018-07-07 16:00:00,1792.0,1770.4692
2018-07-07 17:00:00,1835.0,1809.0085
2018-07-07 18:00:00,1832.0,1814.7256
2018-07-07 19:00:00,1782.0,1795.4923
2018-07-07 20:00:00,1695.0,1749.2574
2018-07-07 21:00:00,1638.0,1704.5605
2018-07-07 22:00:00,1545.0,1556.456
2018-07-07 23:00:00,1428.0,1461.7533
2018-07-08 00:00:00,1346.0,1336.3137
2018-07-08 01:00:00,1268.0,1281.9132
2018-07-08 02:00:00,1220.0,1224.514
2018-07-08 03:00:00,1193.0,1192.9685
2018-07-08 04:00:00,1175.0,1181.9227
2018-07-08 05:00:00,1179.0,1186.8693
2018-07-08 06:00:00,1160.0,1180.2208
2018-07-08 07:00:00,1214.0,1195.4551
2018-07-08 08:00:00,1296.0,1327.7095
2018-07-08 09:00:00,1390.0,1385.4801
2018-07-08 10:00:00,1471.0,1472.6106
2018-07-08 11:00:00,1538.0,1537.0405
2018-07-08 12:00:00,1611.0,1616.9011
2018-07-08 13:00:00,1673.0,1668.7379
2018-07-08 14:00:00,1769.0,1733.1954
2018-07-08 15:00:00,1857.0,1834.3052
2018-07-08 16:00:00,1942.0,1934.883
2018-07-08 17:00:00,2007.0,2001.4226
2018-07-08 18:00:00,2031.0,2015.9869
2018-07-08 19:00:00,1973.0,1997.248
2018-07-08 20:00:00,1885.0,1954.917
2018-07-08 21:00:00,1840.0,1869.8516
2018-07-08 22:00:00,1727.0,1746.968
2018-07-08 23:00:00,1595.0,1603.7944
2018-07-09 00:00:00,1474.0,1490.7125
2018-07-09 01:00:00,1382.0,1409.0436
2018-07-09 02:00:00,1325.0,1349.1033
2018-07-09 03:00:00,1287.0,1304.6595
2018-07-09 04:00:00,1309.0,1299.9907
2018-07-09 05:00:00,1339.0,1356.9056
2018-07-09 06:00:00,1429.0,1421.8416
2018-07-09 07:00:00,1522.0,1530.3436
2018-07-09 08:00:00,1640.0,1641.5414
2018-07-09 09:00:00,1776.0,1740.7748
2018-07-09 10:00:00,1894.0,1914.9282
2018-07-09 11:00:00,1991.0,2004.0598
2018-07-09 12:00:00,2090.0,2083.1372
2018-07-09 13:00:00,2177.0,2182.4497
2018-07-09 14:00:00,2218.0,2249.7576
2018-07-09 15:00:00,2307.0,2272.3535
2018-07-09 16:00:00,2368.0,2352.755
2018-07-09 17:00:00,2391.0,2377.028
2018-07-09 18:00:00,2368.0,2350.8354
2018-07-09 19:00:00,2302.0,2312.6626
2018-07-09 20:00:00,2179.0,2269.2979
2018-07-09 21:00:00,2114.0,2156.4292
2018-07-09 22:00:00,1969.0,1982.2034
2018-07-09 23:00:00,1778.0,1810.3923
2018-07-10 00:00:00,1632.0,1640.6824
2018-07-10 01:00:00,1531.0,1548.8622
2018-07-10 02:00:00,1462.0,1484.8164
2018-07-10 03:00:00,1434.0,1433.623
2018-07-10 04:00:00,1426.0,1425.8154
2018-07-10 05:00:00,1474.0,1484.0785
2018-07-10 06:00:00,1562.0,1562.1306
2018-07-10 07:00:00,1689.0,1682.9357
2018-07-10 08:00:00,1840.0,1808.63
2018-07-10 09:00:00,1975.0,1961.2458
2018-07-10 10:00:00,2093.0,2092.6763
2018-07-10 11:00:00,2207.0,2182.32
2018-07-10 12:00:00,2319.0,2293.8755
2018-07-10 13:00:00,2412.0,2387.8394
2018-07-10 14:00:00,2489.0,2453.899
2018-07-10 15:00:00,2528.0,2506.1917
2018-07-10 16:00:00,2561.0,2530.3096
2018-07-10 17:00:00,2582.0,2546.51
2018-07-10 18:00:00,2537.0,2532.788
2018-07-10 19:00:00,2413.0,2431.3667
2018-07-10 20:00:00,2310.0,2314.6497
2018-07-10 21:00:00,2248.0,2278.1172
2018-07-10 22:00:00,2121.0,2086.8987
2018-07-10 23:00:00,1930.0,1919.4601
2018-07-11 00:00:00,1757.0,1794.5706
2018-07-11 01:00:00,1624.0,1664.3602
2018-07-11 02:00:00,1526.0,1573.822
2018-07-11 03:00:00,1472.0,1491.1158
2018-07-11 04:00:00,1455.0,1467.1892
2018-07-11 05:00:00,1472.0,1512.122
2018-07-11 06:00:00,1524.0,1533.9998
2018-07-11 07:00:00,1613.0,1620.2867
2018-07-11 08:00:00,1727.0,1721.765
2018-07-11 09:00:00,1807.0,1841.956
2018-07-11 10:00:00,1903.0,1898.4082
2018-07-11 11:00:00,2017.0,1967.9728
2018-07-11 12:00:00,2113.0,2090.691
2018-07-11 13:00:00,2174.0,2204.931
2018-07-11 14:00:00,2206.0,2222.1355
2018-07-11 15:00:00,2249.0,2246.3518
2018-07-11 16:00:00,2287.0,2260.3613
2018-07-11 17:00:00,2279.0,2280.7285
2018-07-11 18:00:00,2246.0,2242.221
2018-07-11 19:00:00,2138.0,2162.2153
2018-07-11 20:00:00,2030.0,2065.3506
2018-07-11 21:00:00,1951.0,1999.7933
2018-07-11 22:00:00,1794.0,1816.4714
2018-07-11 23:00:00,1627.0,1640.1484
2018-07-12 00:00:00,1512.0,1509.2018
2018-07-12 01:00:00,1424.0,1434.1144
2018-07-12 02:00:00,1361.0,1385.4645
2018-07-12 03:00:00,1324.0,1331.8297
2018-07-12 04:00:00,1332.0,1325.4059
2018-07-12 05:00:00,1367.0,1386.1755
2018-07-12 06:00:00,1431.0,1443.0398
2018-07-12 07:00:00,1530.0,1529.3894
2018-07-12 08:00:00,1637.0,1630.8232
2018-07-12 09:00:00,1735.0,1729.0895
2018-07-12 10:00:00,1812.0,1835.9003
2018-07-12 11:00:00,1892.0,1888.1678
2018-07-12 12:00:00,1959.0,1930.0403
2018-07-12 13:00:00,2030.0,2002.6587
2018-07-12 14:00:00,2094.0,2075.1611
2018-07-12 15:00:00,2150.0,2108.6096
2018-07-12 16:00:00,2199.0,2181.7764
2018-07-12 17:00:00,2195.0,2213.9038
2018-07-12 18:00:00,2151.0,2160.6943
2018-07-12 19:00:00,2086.0,2064.1873
2018-07-12 20:00:00,1991.0,2025.663
2018-07-12 21:00:00,1915.0,1971.6105
2018-07-12 22:00:00,1786.0,1784.2798
2018-07-12 23:00:00,1634.0,1639.9984
2018-07-13 00:00:00,1511.0,1520.5912
2018-07-13 01:00:00,1424.0,1444.1083
2018-07-13 02:00:00,1364.0,1382.9807
2018-07-13 03:00:00,1323.0,1337.087
2018-07-13 04:00:00,1332.0,1329.8213
2018-07-13 05:00:00,1384.0,1385.2708
2018-07-13 06:00:00,1457.0,1468.3351
2018-07-13 07:00:00,1535.0,1560.0944
2018-07-13 08:00:00,1651.0,1640.1167
2018-07-13 09:00:00,1790.0,1749.9159
2018-07-13 10:00:00,1905.0,1884.3092
2018-07-13 11:00:00,2020.0,1986.9897
2018-07-13 12:00:00,2137.0,2097.7876
2018-07-13 13:00:00,2237.0,2207.8337
2018-07-13 14:00:00,2329.0,2302.646
2018-07-13 15:00:00,2382.0,2397.3218
2018-07-13 16:00:00,2430.0,2399.597
2018-07-13 17:00:00,2436.0,2420.1694
2018-07-13 18:00:00,2404.0,2366.1836
2018-07-13 19:00:00,2339.0,2320.0068
2018-07-13 20:00:00,2246.0,2268.0142
2018-07-13 21:00:00,2179.0,2197.2188
2018-07-13 22:00:00,2045.0,2040.5994
2018-07-13 23:00:00,1888.0,1898.8094
2018-07-14 00:00:00,1756.0,1760.5176
2018-07-14 01:00:00,1649.0,1652.331
2018-07-14 02:00:00,1561.0,1583.1321
2018-07-14 03:00:00,1505.0,1505.6812
2018-07-14 04:00:00,1473.0,1479.0164
2018-07-14 05:00:00,1468.0,1469.0428
2018-07-14 06:00:00,1455.0,1473.1149
2018-07-14 07:00:00,1560.0,1511.3658
2018-07-14 08:00:00,1708.0,1691.4196
2018-07-14 09:00:00,1887.0,1851.9907
2018-07-14 10:00:00,2018.0,2038.7046
2018-07-14 11:00:00,2144.0,2131.7656
2018-07-14 12:00:00,2265.0,2223.1653
2018-07-14 13:00:00,2346.0,2350.2964
2018-07-14 14:00:00,2405.0,2395.7383
2018-07-14 15:00:00,2448.0,2444.4602
2018-07-14 16:00:00,2469.0,2444.4705
2018-07-14 17:00:00,2478.0,2459.5674
2018-07-14 18:00:00,2468.0,2413.7341
2018-07-14 19:00:00,2413.0,2398.3276
2018-07-14 20:00:00,2332.0,2345.6426
2018-07-14 21:00:00,2278.0,2304.9407
2018-07-14 22:00:00,2145.0,2163.3503
2018-07-14 23:00:00,2007.0,1992.2676
2018-07-15 00:00:00,1905.0,1873.5671
2018-07-15 01:00:00,1807.0,1792.0784
2018-07-15 02:00:00,1727.0,1717.0486
2018-07-15 03:00:00,1686.0,1665.6675
2018-07-15 04:00:00,1653.0,1650.8124
2018-07-15 05:00:00,1636.0,1659.8531
2018-07-15 06:00:00,1611.0,1627.762
2018-07-15 07:00:00,1633.0,1644.5135
2018-07-15 08:00:00,1719.0,1725.0016
2018-07-15 09:00:00,1881.0,1845.275
2018-07-15 10:00:00,2031.0,1988.0679
2018-07-15 11:00:00,2171.0,2162.8396
2018-07-15 12:00:00,2298.0,2272.5474
2018-07-15 13:00:00,2394.0,2372.949
2018-07-15 14:00:00,2463.0,2442.5847
2018-07-15 15:00:00,2482.0,2514.5813
2018-07-15 16:00:00,2425.0,2523.8945
2018-07-15 17:00:00,2317.0,2428.531
2018-07-15 18:00:00,2229.0,2276.906
2018-07-15 19:00:00,2160.0,2167.7483
2018-07-15 20:00:00,2109.0,2114.8474
2018-07-15 21:00:00,2105.0,2094.6902
2018-07-15 22:00:00,1992.0,1988.9058
2018-07-15 23:00:00,1854.0,1855.8431
2018-07-16 00:00:00,1722.0,1735.7925
2018-07-16 01:00:00,1634.0,1630.2585
2018-07-16 02:00:00,1580.0,1576.8108
2018-07-16 03:00:00,1536.0,1550.6023
2018-07-16 04:00:00,1531.0,1537.6675
2018-07-16 05:00:00,1591.0,1590.5725
2018-07-16 06:00:00,1663.0,1682.9756
2018-07-16 07:00:00,1778.0,1775.2533
2018-07-16 08:00:00,1904.0,1887.8837
2018-07-16 09:00:00,2038.0,2005.7113
2018-07-16 10:00:00,2209.0,2147.1921
2018-07-16 11:00:00,2381.0,2313.4707
2018-07-16 12:00:00,2495.0,2455.6975
2018-07-16 13:00:00,2575.0,2597.1982
2018-07-16 14:00:00,2620.0,2636.2231
2018-07-16 15:00:00,2673.0,2658.091
2018-07-16 16:00:00,2683.0,2723.3188
2018-07-16 17:00:00,2639.0,2683.2185
2018-07-16 18:00:00,2576.0,2546.699
2018-07-16 19:00:00,2534.0,2479.517
2018-07-16 20:00:00,2444.0,2434.2583
2018-07-16 21:00:00,2313.0,2391.9563
2018-07-16 22:00:00,2154.0,2162.4233
2018-07-16 23:00:00,1992.0,1955.6233
2018-07-17 00:00:00,1852.0,1856.0989
2018-07-17 01:00:00,1758.0,1752.9388
2018-07-17 02:00:00,1681.0,1693.0466
2018-07-17 03:00:00,1636.0,1641.581
2018-07-17 04:00:00,1631.0,1628.7467
2018-07-17 05:00:00,1689.0,1682.4645
2018-07-17 06:00:00,1778.0,1785.9868
2018-07-17 07:00:00,1876.0,1901.8966
2018-07-17 08:00:00,1959.0,1989.993
2018-07-17 09:00:00,2014.0,2054.9832
2018-07-17 10:00:00,2110.0,2099.7126
2018-07-17 11:00:00,2211.0,2192.4905
2018-07-17 12:00:00,2330.0,2275.0637
2018-07-17 13:00:00,2403.0,2423.8384
2018-07-17 14:00:00,2460.0,2474.604
2018-07-17 15:00:00,2450.0,2523.9321
2018-07-17 16:00:00,2452.0,2510.0688
2018-07-17 17:00:00,2412.0,2469.661
2018-07-17 18:00:00,2319.0,2350.185
2018-07-17 19:00:00,2169.0,2234.3008
2018-07-17 20:00:00,2029.0,2102.1973
2018-07-17 21:00:00,1939.0,1996.2191
2018-07-17 22:00:00,1813.0,1807.7529
2018-07-17 23:00:00,1668.0,1668.7223
2018-07-18 00:00:00,1541.0,1544.3219
2018-07-18 01:00:00,1433.0,1461.9775
2018-07-18 02:00:00,1373.0,1392.7068
2018-07-18 03:00:00,1349.0,1350.263
2018-07-18 04:00:00,1342.0,1346.2042
2018-07-18 05:00:00,1406.0,1394.1583
2018-07-18 06:00:00,1455.0,1481.2952
2018-07-18 07:00:00,1544.0,1541.355
2018-07-18 08:00:00,1646.0,1638.1177
2018-07-18 09:00:00,1731.0,1740.3809
2018-07-18 10:00:00,1791.0,1829.7697
2018-07-18 11:00:00,1856.0,1849.4249
2018-07-18 12:00:00,1905.0,1891.4404
2018-07-18 13:00:00,1939.0,1943.6545
2018-07-18 14:00:00,1987.0,1952.7407
2018-07-18 15:00:00,2026.0,2016.4607
2018-07-18 16:00:00,2089.0,2034.1803
2018-07-18 17:00:00,2097.0,2085.3564
2018-07-18 18:00:00,2076.0,2071.5237
2018-07-18 19:00:00,2004.0,2004.4515
2018-07-18 20:00:00,1909.0,1955.7955
2018-07-18 21:00:00,1851.0,1878.6547
2018-07-18 22:00:00,1714.0,1734.5338
2018-07-18 23:00:00,1584.0,1581.881
2018-07-19 00:00:00,1465.0,1475.1353
2018-07-19 01:00:00,1395.0,1402.8013
2018-07-19 02:00:00,1340.0,1355.8843
2018-07-19 03:00:00,1295.0,1325.9257
2018-07-19 04:00:00,1280.0,1302.6785
2018-07-19 05:00:00,1351.0,1334.5547
2018-07-19 06:00:00,1417.0,1431.7877
2018-07-19 07:00:00,1505.0,1525.1201
2018-07-19 08:00:00,1609.0,1602.2219
2018-07-19 09:00:00,1728.0,1691.5741
2018-07-19 10:00:00,1842.0,1813.4327
2018-07-19 11:00:00,1930.0,1911.1923
2018-07-19 12:00:00,1999.0,1998.3276
2018-07-19 13:00:00,2083.0,2069.7832
2018-07-19 14:00:00,2159.0,2145.4678
2018-07-19 15:00:00,2219.0,2212.9355
2018-07-19 16:00:00,2271.0,2245.8484
2018-07-19 17:00:00,2298.0,2276.5537
2018-07-19 18:00:00,2268.0,2246.8455
2018-07-19 19:00:00,2197.0,2191.681
2018-07-19 20:00:00,2096.0,2156.4116
2018-07-19 21:00:00,2017.0,2077.5974
2018-07-19 22:00:00,1888.0,1885.3573
2018-07-19 23:00:00,1746.0,1743.232
2018-07-20 00:00:00,1602.0,1627.4901
2018-07-20 01:00:00,1535.0,1526.6304
2018-07-20 02:00:00,1476.0,1482.5293
2018-07-20 03:00:00,1421.0,1448.8671
2018-07-20 04:00:00,1407.0,1412.9789
2018-07-20 05:00:00,1451.0,1455.1616
2018-07-20 06:00:00,1499.0,1540.9491
2018-07-20 07:00:00,1614.0,1609.8561
2018-07-20 08:00:00,1847.0,1720.7621
2018-07-20 09:00:00,1883.0,1953.0385
2018-07-20 10:00:00,2007.0,1991.5116
2018-07-20 11:00:00,2118.0,2089.2693
2018-07-20 12:00:00,2247.0,2197.1304
2018-07-20 13:00:00,2324.0,2332.0898
2018-07-20 14:00:00,2344.0,2381.3901
2018-07-20 15:00:00,2310.0,2377.1956
2018-07-20 16:00:00,2327.0,2328.602
2018-07-20 17:00:00,2328.0,2291.3608
2018-07-20 18:00:00,2197.0,2264.4873
2018-07-20 19:00:00,2091.0,2118.8408
2018-07-20 20:00:00,2021.0,2023.5565
2018-07-20 21:00:00,1969.0,1986.3636
2018-07-20 22:00:00,1844.0,1842.3926
2018-07-20 23:00:00,1707.0,1705.2513
2018-07-21 00:00:00,1598.0,1578.6196
2018-07-21 01:00:00,1520.0,1506.2656
2018-07-21 02:00:00,1448.0,1456.746
2018-07-21 03:00:00,1391.0,1408.6726
2018-07-21 04:00:00,1379.0,1369.8464
2018-07-21 05:00:00,1378.0,1386.9225
2018-07-21 06:00:00,1394.0,1392.3628
2018-07-21 07:00:00,1435.0,1451.6998
2018-07-21 08:00:00,1514.0,1535.2456
2018-07-21 09:00:00,1623.0,1628.7358
2018-07-21 10:00:00,1701.0,1730.76
2018-07-21 11:00:00,1737.0,1775.1085
2018-07-21 12:00:00,1746.0,1786.5643
2018-07-21 13:00:00,1801.0,1751.2468
2018-07-21 14:00:00,1853.0,1822.7064
2018-07-21 15:00:00,1872.0,1868.615
2018-07-21 16:00:00,1852.0,1896.3651
2018-07-21 17:00:00,1826.0,1840.4125
2018-07-21 18:00:00,1810.0,1782.304
2018-07-21 19:00:00,1757.0,1770.8076
2018-07-21 20:00:00,1693.0,1741.8306
2018-07-21 21:00:00,1681.0,1689.713
2018-07-21 22:00:00,1596.0,1585.1318
2018-07-21 23:00:00,1488.0,1487.76
2018-07-22 00:00:00,1389.0,1401.1934
2018-07-22 01:00:00,1334.0,1334.324
2018-07-22 02:00:00,1274.0,1287.7068
2018-07-22 03:00:00,1238.0,1250.1262
2018-07-22 04:00:00,1208.0,1224.5669
2018-07-22 05:00:00,1224.0,1225.7571
2018-07-22 06:00:00,1207.0,1233.5334
2018-07-22 07:00:00,1266.0,1265.6602
2018-07-22 08:00:00,1367.0,1367.3259
2018-07-22 09:00:00,1459.0,1456.4276
2018-07-22 10:00:00,1562.0,1549.9333
2018-07-22 11:00:00,1648.0,1641.742
2018-07-22 12:00:00,1731.0,1713.5009
2018-07-22 13:00:00,1821.0,1805.1499
2018-07-22 14:00:00,1895.0,1901.4696
2018-07-22 15:00:00,1932.0,1958.4172
2018-07-22 16:00:00,1921.0,1980.4669
2018-07-22 17:00:00,1902.0,1926.7198
2018-07-22 18:00:00,1829.0,1868.0605
2018-07-22 19:00:00,1789.0,1795.898
2018-07-22 20:00:00,1768.0,1766.8197
2018-07-22 21:00:00,1743.0,1769.7146
2018-07-22 22:00:00,1644.0,1646.9329
2018-07-22 23:00:00,1541.0,1517.791
2018-07-23 00:00:00,1457.0,1435.8705
2018-07-23 01:00:00,1408.0,1399.4075
2018-07-23 02:00:00,1353.0,1379.3352
2018-07-23 03:00:00,1339.0,1343.6448
2018-07-23 04:00:00,1355.0,1344.0177
2018-07-23 05:00:00,1428.0,1402.0782
2018-07-23 06:00:00,1505.0,1529.2266
2018-07-23 07:00:00,1591.0,1610.1859
2018-07-23 08:00:00,1658.0,1706.1283
2018-07-23 09:00:00,1747.0,1765.9526
2018-07-23 10:00:00,1826.0,1849.7422
2018-07-23 11:00:00,1897.0,1898.1649
2018-07-23 12:00:00,1960.0,1957.5094
2018-07-23 13:00:00,2023.0,2020.7124
2018-07-23 14:00:00,2106.0,2051.7627
2018-07-23 15:00:00,2175.0,2127.3123
2018-07-23 16:00:00,2213.0,2207.9214
2018-07-23 17:00:00,2198.0,2212.9446
2018-07-23 18:00:00,2140.0,2152.523
2018-07-23 19:00:00,2096.0,2078.3582
2018-07-23 20:00:00,2040.0,2062.8308
2018-07-23 21:00:00,1979.0,2023.3717
2018-07-23 22:00:00,1847.0,1854.3319
2018-07-23 23:00:00,1698.0,1700.7638
2018-07-24 00:00:00,1610.0,1571.973
2018-07-24 01:00:00,1526.0,1518.5808
2018-07-24 02:00:00,1450.0,1479.7394
2018-07-24 03:00:00,1423.0,1419.0968
2018-07-24 04:00:00,1427.0,1422.8192
2018-07-24 05:00:00,1502.0,1481.0405
2018-07-24 06:00:00,1594.0,1600.1929
2018-07-24 07:00:00,1697.0,1703.7561
2018-07-24 08:00:00,1826.0,1818.1763
2018-07-24 09:00:00,1961.0,1940.9391
2018-07-24 10:00:00,2088.0,2079.5732
2018-07-24 11:00:00,2196.0,2180.7617
2018-07-24 12:00:00,2270.0,2305.8335
2018-07-24 13:00:00,2338.0,2341.22
2018-07-24 14:00:00,2386.0,2394.4458
2018-07-24 15:00:00,2378.0,2448.792
2018-07-24 16:00:00,2324.0,2390.3955
2018-07-24 17:00:00,2303.0,2290.682
2018-07-24 18:00:00,2268.0,2243.4312
2018-07-24 19:00:00,2213.0,2185.747
2018-07-24 20:00:00,2146.0,2138.8235
2018-07-24 21:00:00,2096.0,2124.8054
2018-07-24 22:00:00,1972.0,1959.2588
2018-07-24 23:00:00,1827.0,1805.7817
2018-07-25 00:00:00,1703.0,1686.3348
2018-07-25 01:00:00,1615.0,1606.8458
2018-07-25 02:00:00,1538.0,1559.1841
2018-07-25 03:00:00,1507.0,1511.2975
2018-07-25 04:00:00,1518.0,1507.4197
2018-07-25 05:00:00,1578.0,1577.3829
2018-07-25 06:00:00,1669.0,1692.187
2018-07-25 07:00:00,1772.0,1779.023
2018-07-25 08:00:00,1831.0,1878.3895
2018-07-25 09:00:00,1900.0,1923.7069
2018-07-25 10:00:00,2001.0,1970.4883
2018-07-25 11:00:00,2066.0,2075.5144
2018-07-25 12:00:00,2160.0,2110.7847
2018-07-25 13:00:00,2241.0,2235.9043
2018-07-25 14:00:00,2297.0,2293.1243
2018-07-25 15:00:00,2317.0,2312.1602
2018-07-25 16:00:00,2284.0,2333.7075
2018-07-25 17:00:00,2234.0,2264.2708
2018-07-25 18:00:00,2177.0,2157.644
2018-07-25 19:00:00,2096.0,2104.7495
2018-07-25 20:00:00,2016.0,2049.215
2018-07-25 21:00:00,1979.0,1978.5077
2018-07-25 22:00:00,1847.0,1845.6564
2018-07-25 23:00:00,1696.0,1700.1392
2018-07-26 00:00:00,1562.0,1572.1642
2018-07-26 01:00:00,1490.0,1486.6636
2018-07-26 02:00:00,1445.0,1440.4524
2018-07-26 03:00:00,1411.0,1414.5831
2018-07-26 04:00:00,1410.0,1414.16
2018-07-26 05:00:00,1465.0,1469.1143
2018-07-26 06:00:00,1532.0,1550.1368
2018-07-26 07:00:00,1607.0,1630.0215
2018-07-26 08:00:00,1714.0,1704.7002
2018-07-26 09:00:00,1831.0,1816.7839
2018-07-26 10:00:00,1939.0,1924.7078
2018-07-26 11:00:00,2041.0,2013.1111
2018-07-26 12:00:00,2120.0,2106.5544
2018-07-26 13:00:00,2233.0,2189.5654
2018-07-26 14:00:00,2294.0,2277.638
2018-07-26 15:00:00,2351.0,2324.6482
2018-07-26 16:00:00,2388.0,2368.8975
2018-07-26 17:00:00,2399.0,2392.962
2018-07-26 18:00:00,2343.0,2342.8914
2018-07-26 19:00:00,2239.0,2262.3367
2018-07-26 20:00:00,2151.0,2191.4792
2018-07-26 21:00:00,2090.0,2106.452
2018-07-26 22:00:00,1973.0,1954.3743
2018-07-26 23:00:00,1846.0,1806.3881
2018-07-27 00:00:00,1730.0,1720.8763
2018-07-27 01:00:00,1630.0,1634.0042
2018-07-27 02:00:00,1526.0,1579.7477
2018-07-27 03:00:00,1476.0,1496.1603
2018-07-27 04:00:00,1463.0,1465.4471
2018-07-27 05:00:00,1497.0,1513.6935
2018-07-27 06:00:00,1589.0,1571.6017
2018-07-27 07:00:00,1674.0,1708.8075
2018-07-27 08:00:00,1742.0,1790.2667
2018-07-27 09:00:00,1808.0,1850.2571
2018-07-27 10:00:00,1858.0,1890.2493
2018-07-27 11:00:00,1950.0,1916.4553
2018-07-27 12:00:00,2006.0,2003.8438
2018-07-27 13:00:00,2077.0,2039.6785
2018-07-27 14:00:00,2125.0,2116.088
2018-07-27 15:00:00,2167.0,2157.9832
2018-07-27 16:00:00,2144.0,2192.178
2018-07-27 17:00:00,2167.0,2114.9692
2018-07-27 18:00:00,2149.0,2095.245
2018-07-27 19:00:00,2054.0,2053.2239
2018-07-27 20:00:00,1956.0,1996.5453
2018-07-27 21:00:00,1907.0,1916.1315
2018-07-27 22:00:00,1773.0,1787.3387
2018-07-27 23:00:00,1643.0,1641.9475
2018-07-28 00:00:00,1522.0,1529.2018
2018-07-28 01:00:00,1421.0,1445.8419
2018-07-28 02:00:00,1358.0,1371.105
2018-07-28 03:00:00,1319.0,1322.6898
2018-07-28 04:00:00,1281.0,1302.5707
2018-07-28 05:00:00,1289.0,1289.3148
2018-07-28 06:00:00,1301.0,1288.095
2018-07-28 07:00:00,1350.0,1347.3737
2018-07-28 08:00:00,1462.0,1463.396
2018-07-28 09:00:00,1580.0,1562.6412
2018-07-28 10:00:00,1657.0,1685.468
2018-07-28 11:00:00,1687.0,1740.3538
2018-07-28 12:00:00,1722.0,1726.8097
2018-07-28 13:00:00,1775.0,1746.8141
2018-07-28 14:00:00,1807.0,1801.8104
2018-07-28 15:00:00,1846.0,1821.5426
2018-07-28 16:00:00,1882.0,1866.92
2018-07-28 17:00:00,1889.0,1892.197
2018-07-28 18:00:00,1852.0,1854.7266
2018-07-28 19:00:00,1776.0,1797.0306
2018-07-28 20:00:00,1728.0,1744.6887
2018-07-28 21:00:00,1700.0,1733.4518
2018-07-28 22:00:00,1608.0,1594.5342
2018-07-28 23:00:00,1481.0,1498.0524
2018-07-29 00:00:00,1388.0,1388.6449
2018-07-29 01:00:00,1313.0,1326.858
2018-07-29 02:00:00,1256.0,1274.9026
2018-07-29 03:00:00,1232.0,1229.5862
2018-07-29 04:00:00,1212.0,1222.9891
2018-07-29 05:00:00,1214.0,1216.8998
2018-07-29 06:00:00,1219.0,1222.2164
2018-07-29 07:00:00,1257.0,1267.9749
2018-07-29 08:00:00,1344.0,1355.2144
2018-07-29 09:00:00,1456.0,1439.9031
2018-07-29 10:00:00,1561.0,1550.3096
2018-07-29 11:00:00,1640.0,1644.7787
2018-07-29 12:00:00,1724.0,1707.7874
2018-07-29 13:00:00,1783.0,1788.0348
2018-07-29 14:00:00,1824.0,1833.7712
2018-07-29 15:00:00,1862.0,1880.6449
2018-07-29 16:00:00,1922.0,1895.1967
2018-07-29 17:00:00,1943.0,1938.1726
2018-07-29 18:00:00,1907.0,1928.3584
2018-07-29 19:00:00,1866.0,1858.591
2018-07-29 20:00:00,1817.0,1847.3868
2018-07-29 21:00:00,1789.0,1815.7423
2018-07-29 22:00:00,1675.0,1683.885
2018-07-29 23:00:00,1557.0,1545.9299
2018-07-30 00:00:00,1453.0,1449.0992
2018-07-30 01:00:00,1376.0,1392.6514
2018-07-30 02:00:00,1332.0,1342.8425
2018-07-30 03:00:00,1312.0,1312.7769
2018-07-30 04:00:00,1330.0,1318.8508
2018-07-30 05:00:00,1375.0,1378.6342
2018-07-30 06:00:00,1477.0,1453.45
2018-07-30 07:00:00,1566.0,1582.2664
2018-07-30 08:00:00,1650.0,1665.5856
2018-07-30 09:00:00,1731.0,1756.1278
2018-07-30 10:00:00,1808.0,1831.5391
2018-07-30 11:00:00,1856.0,1866.7544
2018-07-30 12:00:00,1862.0,1904.1237
2018-07-30 13:00:00,1887.0,1893.6615
2018-07-30 14:00:00,1858.0,1905.8882
2018-07-30 15:00:00,1908.0,1860.3364
2018-07-30 16:00:00,1942.0,1920.5001
2018-07-30 17:00:00,1973.0,1947.1783
2018-07-30 18:00:00,1947.0,1948.5255
2018-07-30 19:00:00,1889.0,1891.6171
2018-07-30 20:00:00,1849.0,1853.3073
2018-07-30 21:00:00,1819.0,1827.9517
2018-07-30 22:00:00,1700.0,1700.5055
2018-07-30 23:00:00,1559.0,1564.4628
2018-07-31 00:00:00,1454.0,1440.5795
2018-07-31 01:00:00,1397.0,1390.3555
2018-07-31 02:00:00,1347.0,1357.7045
2018-07-31 03:00:00,1314.0,1329.5729
2018-07-31 04:00:00,1350.0,1320.1819
2018-07-31 05:00:00,1401.0,1402.24
2018-07-31 06:00:00,1483.0,1506.1576
2018-07-31 07:00:00,1570.0,1577.9926
2018-07-31 08:00:00,1676.0,1654.8542
2018-07-31 09:00:00,1765.0,1767.7019
2018-07-31 10:00:00,1874.0,1845.0399
2018-07-31 11:00:00,1971.0,1956.2803
2018-07-31 12:00:00,2092.0,2029.6661
2018-07-31 13:00:00,2143.0,2172.442
2018-07-31 14:00:00,2108.0,2206.9297
2018-07-31 15:00:00,2028.0,2122.6453
2018-07-31 16:00:00,1968.0,2006.3046
2018-07-31 17:00:00,1936.0,1935.4
2018-07-31 18:00:00,1898.0,1892.024
2018-07-31 19:00:00,1876.0,1853.4338
2018-07-31 20:00:00,1855.0,1834.822
2018-07-31 21:00:00,1830.0,1825.9131
2018-07-31 22:00:00,1740.0,1702.3834
2018-07-31 23:00:00,1603.0,1602.0532
2018-08-01 00:00:00,1510.0,1494.0697
2018-08-01 01:00:00,1432.0,1441.601
2018-08-01 02:00:00,1391.0,1390.5586
2018-08-01 03:00:00,1358.0,1368.9453
2018-08-01 04:00:00,1384.0,1373.8335
2018-08-01 05:00:00,1459.0,1449.4425
2018-08-01 06:00:00,1555.0,1567.5328
2018-08-01 07:00:00,1605.0,1645.2428
2018-08-01 08:00:00,1676.0,1698.7241
2018-08-01 09:00:00,1725.0,1763.5349
2018-08-01 10:00:00,1808.0,1801.212
2018-08-01 11:00:00,1888.0,1859.3187
2018-08-01 12:00:00,1947.0,1928.3938
2018-08-01 13:00:00,1990.0,1986.1248
2018-08-01 14:00:00,2052.0,2020.2908
2018-08-01 15:00:00,2082.0,2089.0408
2018-08-01 16:00:00,2073.0,2115.4133
2018-08-01 17:00:00,2017.0,2071.7993
2018-08-01 18:00:00,1953.0,1966.4054
2018-08-01 19:00:00,1907.0,1911.663
2018-08-01 20:00:00,1865.0,1884.0687
2018-08-01 21:00:00,1809.0,1828.8467
2018-08-01 22:00:00,1704.0,1679.4108
2018-08-01 23:00:00,1580.0,1563.5109
2018-08-02 00:00:00,1480.0,1475.1508
2018-08-02 01:00:00,1400.0,1421.0782
2018-08-02 02:00:00,1351.0,1364.0659
2018-08-02 03:00:00,1346.0,1335.4401
2018-08-02 04:00:00,1353.0,1357.6841
2018-08-02 05:00:00,1413.0,1417.337
2018-08-02 06:00:00,1503.0,1515.1378
2018-08-02 07:00:00,1592.0,1591.0894
2018-08-02 08:00:00,1674.0,1684.8073
2018-08-02 09:00:00,1735.0,1763.7856
2018-08-02 10:00:00,1792.0,1822.8425
2018-08-02 11:00:00,1865.0,1856.7004
2018-08-02 12:00:00,1931.0,1907.3693
2018-08-02 13:00:00,1952.0,1983.6665
2018-08-02 14:00:00,1983.0,1986.1726
2018-08-02 15:00:00,2029.0,2001.8009
2018-08-02 16:00:00,2039.0,2047.0883
2018-08-02 17:00:00,2050.0,2035.8053
2018-08-02 18:00:00,1999.0,2009.123
2018-08-02 19:00:00,1966.0,1951.1351
2018-08-02 20:00:00,1944.0,1937.047
2018-08-02 21:00:00,1901.0,1886.4985
2018-08-02 22:00:00,1789.0,1773.1895
2018-08-02 23:00:00,1656.0,1653.5461
