Datetime,Actual,Predicted
2017-10-24 17:00:00,1252.0,1255.9203
2017-10-24 18:00:00,1339.0,1292.8372
2017-10-24 19:00:00,1397.0,1394.6184
2017-10-24 20:00:00,1419.0,1400.9656
2017-10-24 21:00:00,1401.0,1342.0911
2017-10-24 22:00:00,1305.0,1285.7726
2017-10-24 23:00:00,1211.0,1204.1578
2017-10-25 00:00:00,1136.0,1138.2688
2017-10-25 01:00:00,1128.0,1102.2228
2017-10-25 02:00:00,1117.0,1115.3937
2017-10-25 03:00:00,1139.0,1132.7545
2017-10-25 04:00:00,1136.0,1196.0466
2017-10-25 05:00:00,1244.0,1216.7554
2017-10-25 06:00:00,1380.0,1413.7347
2017-10-25 07:00:00,1466.0,1447.7264
2017-10-25 08:00:00,1376.0,1467.5083
2017-10-25 09:00:00,1399.0,1320.6787
2017-10-25 10:00:00,1375.0,1373.1016
2017-10-25 11:00:00,1311.0,1334.5201
2017-10-25 12:00:00,1294.0,1277.552
2017-10-25 13:00:00,1267.0,1245.4067
2017-10-25 14:00:00,1259.0,1227.9208
2017-10-25 15:00:00,1219.0,1238.6925
2017-10-25 16:00:00,1276.0,1243.5133
2017-10-25 17:00:00,1338.0,1318.2317
2017-10-25 18:00:00,1362.0,1390.6584
2017-10-25 19:00:00,1498.0,1390.185
2017-10-25 20:00:00,1519.0,1485.0338
2017-10-25 21:00:00,1456.0,1458.5607
2017-10-25 22:00:00,1383.0,1369.4788
2017-10-25 23:00:00,1299.0,1276.6089
2017-10-26 00:00:00,1246.0,1245.4177
2017-10-26 01:00:00,1260.0,1217.5745
2017-10-26 02:00:00,1258.0,1246.6768
2017-10-26 03:00:00,1280.0,1279.4551
2017-10-26 04:00:00,1320.0,1322.1534
2017-10-26 05:00:00,1369.0,1382.0419
2017-10-26 06:00:00,1542.0,1513.3193
2017-10-26 07:00:00,1612.0,1579.993
2017-10-26 08:00:00,1552.0,1574.6277
2017-10-26 09:00:00,1445.0,1461.6049
2017-10-26 10:00:00,1344.0,1363.6687
2017-10-26 11:00:00,1218.0,1274.3036
2017-10-26 12:00:00,1167.0,1171.772
2017-10-26 13:00:00,1105.0,1135.5442
2017-10-26 14:00:00,1066.0,1085.4419
2017-10-26 15:00:00,1056.0,1071.8848
2017-10-26 16:00:00,1080.0,1085.8027
2017-10-26 17:00:00,1082.0,1132.8458
2017-10-26 18:00:00,1155.0,1129.8131
2017-10-26 19:00:00,1253.0,1226.6036
2017-10-26 20:00:00,1301.0,1306.216
2017-10-26 21:00:00,1241.0,1268.8282
2017-10-26 22:00:00,1174.0,1171.5054
2017-10-26 23:00:00,1073.0,1088.1584
2017-10-27 00:00:00,1024.0,1000.3652
2017-10-27 01:00:00,996.0,983.73895
2017-10-27 02:00:00,1068.0,980.3301
2017-10-27 03:00:00,1035.0,1084.7177
2017-10-27 04:00:00,1107.0,1091.71
2017-10-27 05:00:00,1139.0,1198.663
2017-10-27 06:00:00,1320.0,1264.5237
2017-10-27 07:00:00,1347.0,1342.9836
2017-10-27 08:00:00,1273.0,1294.9318
2017-10-27 09:00:00,1237.0,1244.8782
2017-10-27 10:00:00,1161.0,1202.3313
2017-10-27 11:00:00,1123.0,1131.6578
2017-10-27 12:00:00,1092.0,1099.8959
2017-10-27 13:00:00,1059.0,1100.4349
2017-10-27 14:00:00,1049.0,1065.9225
2017-10-27 15:00:00,1044.0,1056.1755
2017-10-27 16:00:00,1077.0,1067.9413
2017-10-27 17:00:00,1097.0,1131.4491
2017-10-27 18:00:00,1171.0,1137.1133
2017-10-27 19:00:00,1254.0,1225.0034
2017-10-27 20:00:00,1286.0,1269.3616
2017-10-27 21:00:00,1266.0,1238.2812
2017-10-27 22:00:00,1210.0,1209.1101
2017-10-27 23:00:00,1162.0,1095.1665
2017-10-28 00:00:00,1093.0,1115.3777
2017-10-28 01:00:00,1090.0,1069.1165
2017-10-28 02:00:00,1050.0,1078.8843
2017-10-28 03:00:00,1086.0,1050.0161
2017-10-28 04:00:00,1080.0,1092.456
2017-10-28 05:00:00,1129.0,1133.23
2017-10-28 06:00:00,1230.0,1190.8992
2017-10-28 07:00:00,1292.0,1299.6257
2017-10-28 08:00:00,1382.0,1323.2466
2017-10-28 09:00:00,1484.0,1393.4863
2017-10-28 10:00:00,1515.0,1445.3489
2017-10-28 11:00:00,1496.0,1498.454
2017-10-28 12:00:00,1496.0,1471.6415
2017-10-28 13:00:00,1497.0,1458.4274
2017-10-28 14:00:00,1421.0,1472.789
2017-10-28 15:00:00,1434.0,1406.2264
2017-10-28 16:00:00,1465.0,1428.9641
2017-10-28 17:00:00,1442.0,1492.1047
2017-10-28 18:00:00,1507.0,1452.7212
2017-10-28 19:00:00,1550.0,1533.1423
2017-10-28 20:00:00,1537.0,1562.3743
2017-10-28 21:00:00,1496.0,1532.7563
2017-10-28 22:00:00,1465.0,1448.8032
2017-10-28 23:00:00,1386.0,1411.7838
2017-10-29 00:00:00,1336.0,1353.7964
2017-10-29 01:00:00,1322.0,1317.0427
2017-10-29 02:00:00,1306.0,1321.0353
2017-10-29 03:00:00,1320.0,1313.9923
2017-10-29 04:00:00,1306.0,1346.2684
2017-10-29 05:00:00,1325.0,1346.4985
2017-10-29 06:00:00,1404.0,1376.1378
2017-10-29 07:00:00,1481.0,1475.6495
2017-10-29 08:00:00,1573.0,1560.1803
2017-10-29 09:00:00,1591.0,1594.8798
2017-10-29 10:00:00,1631.0,1546.1504
2017-10-29 11:00:00,1607.0,1602.6989
2017-10-29 12:00:00,1604.0,1586.1558
2017-10-29 13:00:00,1618.0,1551.2594
2017-10-29 14:00:00,1596.0,1601.3503
2017-10-29 15:00:00,1609.0,1597.0581
2017-10-29 16:00:00,1634.0,1635.3447
2017-10-29 17:00:00,1676.0,1671.4612
2017-10-29 18:00:00,1711.0,1694.0731
2017-10-29 19:00:00,1794.0,1708.7574
2017-10-29 20:00:00,1792.0,1772.3499
2017-10-29 21:00:00,1704.0,1763.251
2017-10-29 22:00:00,1634.0,1638.1024
2017-10-29 23:00:00,1572.0,1548.8016
2017-10-30 00:00:00,1497.0,1547.2651
2017-10-30 01:00:00,1541.0,1499.5417
2017-10-30 02:00:00,1571.0,1549.1996
2017-10-30 03:00:00,1588.0,1626.7561
2017-10-30 04:00:00,1653.0,1644.8802
2017-10-30 05:00:00,1745.0,1767.2186
2017-10-30 06:00:00,1925.0,1892.7454
2017-10-30 07:00:00,1952.0,1958.1693
2017-10-30 08:00:00,1883.0,1896.0812
2017-10-30 09:00:00,1784.0,1826.4578
2017-10-30 10:00:00,1661.0,1709.2012
2017-10-30 11:00:00,1617.0,1576.6152
2017-10-30 12:00:00,1538.0,1563.5327
2017-10-30 13:00:00,1427.0,1486.1254
2017-10-30 14:00:00,1345.0,1367.5961
2017-10-30 15:00:00,1319.0,1321.4099
2017-10-30 16:00:00,1339.0,1339.2869
2017-10-30 17:00:00,1339.0,1420.2328
2017-10-30 18:00:00,1438.0,1416.0701
2017-10-30 19:00:00,1531.0,1515.2244
2017-10-30 20:00:00,1546.0,1562.8448
2017-10-30 21:00:00,1492.0,1526.2656
2017-10-30 22:00:00,1416.0,1450.5981
2017-10-30 23:00:00,1337.0,1357.8875
2017-10-31 00:00:00,1260.0,1285.5435
2017-10-31 01:00:00,1283.0,1236.4015
2017-10-31 02:00:00,1267.0,1272.7769
2017-10-31 03:00:00,1279.0,1308.9403
2017-10-31 04:00:00,1346.0,1316.5779
2017-10-31 05:00:00,1447.0,1458.3976
2017-10-31 06:00:00,1624.0,1624.9176
2017-10-31 07:00:00,1671.0,1662.094
2017-10-31 08:00:00,1673.0,1617.8152
2017-10-31 09:00:00,1590.0,1630.0505
2017-10-31 10:00:00,1502.0,1515.9738
2017-10-31 11:00:00,1421.0,1432.6194
2017-10-31 12:00:00,1354.0,1364.8324
2017-10-31 13:00:00,1329.0,1306.8696
2017-10-31 14:00:00,1265.0,1280.4003
2017-10-31 15:00:00,1236.0,1247.0157
2017-10-31 16:00:00,1251.0,1250.0471
2017-10-31 17:00:00,1275.0,1281.8429
2017-10-31 18:00:00,1293.0,1343.0942
2017-10-31 19:00:00,1424.0,1360.8539
2017-10-31 20:00:00,1508.0,1450.3651
2017-10-31 21:00:00,1530.0,1457.2821
2017-10-31 22:00:00,1425.0,1448.4481
2017-10-31 23:00:00,1341.0,1324.0326
2017-11-01 00:00:00,1276.0,1285.5947
2017-11-01 01:00:00,1233.0,1252.7697
2017-11-01 02:00:00,1207.0,1216.1982
2017-11-01 03:00:00,1211.0,1181.336
2017-11-01 04:00:00,1195.0,1227.3427
2017-11-01 05:00:00,1288.0,1255.3599
2017-11-01 06:00:00,1451.0,1444.4097
2017-11-01 07:00:00,1477.0,1498.7704
2017-11-01 08:00:00,1414.0,1404.6555
2017-11-01 09:00:00,1416.0,1378.0989
2017-11-01 10:00:00,1392.0,1378.4666
2017-11-01 11:00:00,1386.0,1358.3884
2017-11-01 12:00:00,1351.0,1360.1432
2017-11-01 13:00:00,1299.0,1325.9531
2017-11-01 14:00:00,1262.0,1250.2808
2017-11-01 15:00:00,1231.0,1234.7466
2017-11-01 16:00:00,1277.0,1254.6279
2017-11-01 17:00:00,1279.0,1366.656
2017-11-01 18:00:00,1336.0,1363.4285
2017-11-01 19:00:00,1393.0,1383.1482
2017-11-01 20:00:00,1350.0,1411.0671
2017-11-01 21:00:00,1289.0,1302.4644
2017-11-01 22:00:00,1156.0,1200.3092
2017-11-01 23:00:00,1064.0,1069.7083
2017-11-02 00:00:00,992.0,988.5135
2017-11-02 01:00:00,941.0,977.5163
2017-11-02 02:00:00,935.0,963.7456
2017-11-02 03:00:00,919.0,951.1375
2017-11-02 04:00:00,943.0,946.5903
2017-11-02 05:00:00,1037.0,1010.8314
2017-11-02 06:00:00,1179.0,1187.6658
2017-11-02 07:00:00,1222.0,1204.2792
2017-11-02 08:00:00,1256.0,1195.0333
2017-11-02 09:00:00,1216.0,1269.3951
2017-11-02 10:00:00,1196.0,1212.572
2017-11-02 11:00:00,1206.0,1189.3507
2017-11-02 12:00:00,1176.0,1196.1809
2017-11-02 13:00:00,1172.0,1173.0032
2017-11-02 14:00:00,1182.0,1152.2742
2017-11-02 15:00:00,1183.0,1170.962
2017-11-02 16:00:00,1215.0,1228.3148
2017-11-02 17:00:00,1243.0,1290.3005
2017-11-02 18:00:00,1286.0,1321.275
2017-11-02 19:00:00,1368.0,1328.7697
2017-11-02 20:00:00,1385.0,1365.5653
2017-11-02 21:00:00,1319.0,1315.7402
2017-11-02 22:00:00,1199.0,1220.8542
2017-11-02 23:00:00,1097.0,1102.3745
2017-11-03 00:00:00,1047.0,1019.78735
2017-11-03 01:00:00,950.0,995.0795
2017-11-03 02:00:00,969.0,944.1805
2017-11-03 03:00:00,941.0,957.4023
2017-11-03 04:00:00,957.0,949.3897
2017-11-03 05:00:00,1025.0,1009.1363
2017-11-03 06:00:00,1179.0,1168.5204
2017-11-03 07:00:00,1246.0,1215.8467
2017-11-03 08:00:00,1222.0,1235.66
2017-11-03 09:00:00,1202.0,1223.6404
2017-11-03 10:00:00,1228.0,1195.7792
2017-11-03 11:00:00,1229.0,1228.8302
2017-11-03 12:00:00,1202.0,1234.6241
2017-11-03 13:00:00,1203.0,1193.0626
2017-11-03 14:00:00,1193.0,1183.897
2017-11-03 15:00:00,1193.0,1184.8064
2017-11-03 16:00:00,1172.0,1232.2739
2017-11-03 17:00:00,1209.0,1238.7179
2017-11-03 18:00:00,1260.0,1257.3302
2017-11-03 19:00:00,1294.0,1306.8441
2017-11-03 20:00:00,1288.0,1300.0576
2017-11-03 21:00:00,1244.0,1252.3794
2017-11-03 22:00:00,1198.0,1178.0737
2017-11-03 23:00:00,1112.0,1132.2987
2017-11-04 00:00:00,1049.0,1041.4456
2017-11-04 01:00:00,1000.0,997.4021
2017-11-04 02:00:00,977.0,974.0158
2017-11-04 03:00:00,954.0,966.81696
2017-11-04 04:00:00,937.0,949.8696
2017-11-04 05:00:00,989.0,951.418
2017-11-04 06:00:00,997.0,1010.6364
2017-11-04 07:00:00,1082.0,1071.7101
2017-11-04 08:00:00,1146.0,1155.1887
2017-11-04 09:00:00,1194.0,1200.9066
2017-11-04 10:00:00,1229.0,1211.2809
2017-11-04 11:00:00,1232.0,1232.2213
2017-11-04 12:00:00,1199.0,1234.4637
2017-11-04 13:00:00,1178.0,1187.2188
2017-11-04 14:00:00,1151.0,1163.666
2017-11-04 15:00:00,1170.0,1151.0675
2017-11-04 16:00:00,1146.0,1195.6056
2017-11-04 17:00:00,1183.0,1206.6979
2017-11-04 18:00:00,1207.0,1230.902
2017-11-04 19:00:00,1260.0,1230.4037
2017-11-04 20:00:00,1234.0,1282.1608
2017-11-04 21:00:00,1207.0,1200.5475
2017-11-04 22:00:00,1154.0,1150.089
2017-11-04 23:00:00,1024.0,1084.6298
2017-11-05 00:00:00,965.0,975.62006
2017-11-05 01:00:00,910.0,930.21436
2017-11-05 02:00:00,900.0,902.5192
2017-11-05 02:00:00,888.0,891.2061
2017-11-05 03:00:00,890.0,879.7122
2017-11-05 04:00:00,872.0,898.26294
2017-11-05 05:00:00,904.0,900.3768
2017-11-05 06:00:00,951.0,947.9708
2017-11-05 07:00:00,992.0,1003.33234
2017-11-05 08:00:00,1047.0,1090.55
2017-11-05 09:00:00,1149.0,1133.8252
2017-11-05 10:00:00,1167.0,1169.5016
2017-11-05 11:00:00,1149.0,1177.4702
2017-11-05 12:00:00,1207.0,1166.341
2017-11-05 13:00:00,1181.0,1213.2769
2017-11-05 14:00:00,1199.0,1185.9456
2017-11-05 15:00:00,1225.0,1199.7593
2017-11-05 16:00:00,1239.0,1257.5282
2017-11-05 17:00:00,1302.0,1308.5056
2017-11-05 18:00:00,1383.0,1347.8739
2017-11-05 19:00:00,1365.0,1390.5317
2017-11-05 20:00:00,1354.0,1350.7382
2017-11-05 21:00:00,1266.0,1300.447
2017-11-05 22:00:00,1145.0,1180.7142
2017-11-05 23:00:00,1074.0,1056.6385
2017-11-06 00:00:00,979.0,974.8766
2017-11-06 01:00:00,937.0,939.11615
2017-11-06 02:00:00,915.0,931.99286
2017-11-06 03:00:00,900.0,905.2904
2017-11-06 04:00:00,906.0,935.92395
2017-11-06 05:00:00,999.0,995.1442
2017-11-06 06:00:00,1135.0,1152.4143
2017-11-06 07:00:00,1194.0,1189.3202
2017-11-06 08:00:00,1179.0,1167.2211
2017-11-06 09:00:00,1204.0,1191.447
2017-11-06 10:00:00,1237.0,1213.241
2017-11-06 11:00:00,1208.0,1250.505
2017-11-06 12:00:00,1219.0,1217.9556
2017-11-06 13:00:00,1185.0,1208.7153
2017-11-06 14:00:00,1211.0,1179.372
2017-11-06 15:00:00,1207.0,1194.51
2017-11-06 16:00:00,1281.0,1250.4299
2017-11-06 17:00:00,1379.0,1368.3066
2017-11-06 18:00:00,1428.0,1433.341
2017-11-06 19:00:00,1454.0,1418.2443
2017-11-06 20:00:00,1396.0,1438.9106
2017-11-06 21:00:00,1327.0,1330.0253
2017-11-06 22:00:00,1244.0,1222.7753
2017-11-06 23:00:00,1130.0,1134.7277
2017-11-07 00:00:00,1087.0,1056.8002
2017-11-07 01:00:00,1061.0,1028.3644
2017-11-07 02:00:00,1042.0,1035.2362
2017-11-07 03:00:00,1051.0,1050.3486
2017-11-07 04:00:00,1053.0,1090.6262
2017-11-07 05:00:00,1155.0,1134.7645
2017-11-07 06:00:00,1334.0,1305.1658
2017-11-07 07:00:00,1374.0,1391.6283
2017-11-07 08:00:00,1298.0,1353.1768
2017-11-07 09:00:00,1336.0,1283.0757
2017-11-07 10:00:00,1353.0,1322.4131
2017-11-07 11:00:00,1361.0,1343.6853
2017-11-07 12:00:00,1355.0,1364.2627
2017-11-07 13:00:00,1366.0,1340.47
2017-11-07 14:00:00,1344.0,1342.3132
2017-11-07 15:00:00,1382.0,1335.5404
2017-11-07 16:00:00,1430.0,1435.8232
2017-11-07 17:00:00,1548.0,1521.5543
2017-11-07 18:00:00,1568.0,1603.6035
2017-11-07 19:00:00,1606.0,1559.1053
2017-11-07 20:00:00,1586.0,1596.7394
2017-11-07 21:00:00,1496.0,1521.7986
2017-11-07 22:00:00,1406.0,1399.3977
2017-11-07 23:00:00,1318.0,1308.6588
2017-11-08 00:00:00,1259.0,1257.3064
2017-11-08 01:00:00,1248.0,1241.4583
2017-11-08 02:00:00,1240.0,1227.1808
2017-11-08 03:00:00,1233.0,1263.896
2017-11-08 04:00:00,1270.0,1275.9042
2017-11-08 05:00:00,1331.0,1343.0322
2017-11-08 06:00:00,1487.0,1473.279
2017-11-08 07:00:00,1500.0,1545.7604
2017-11-08 08:00:00,1474.0,1476.5441
2017-11-08 09:00:00,1414.0,1440.8124
2017-11-08 10:00:00,1379.0,1385.1553
2017-11-08 11:00:00,1350.0,1331.8462
2017-11-08 12:00:00,1307.0,1309.1439
2017-11-08 13:00:00,1272.0,1281.3942
2017-11-08 14:00:00,1323.0,1232.5654
2017-11-08 15:00:00,1261.0,1328.6663
2017-11-08 16:00:00,1363.0,1325.1368
2017-11-08 17:00:00,1501.0,1440.6613
2017-11-08 18:00:00,1584.0,1573.5266
2017-11-08 19:00:00,1617.0,1603.873
2017-11-08 20:00:00,1590.0,1606.2004
2017-11-08 21:00:00,1534.0,1539.7332
2017-11-08 22:00:00,1442.0,1444.0117
2017-11-08 23:00:00,1341.0,1350.1477
2017-11-09 00:00:00,1350.0,1292.0785
2017-11-09 01:00:00,1312.0,1312.9226
2017-11-09 02:00:00,1336.0,1327.9553
2017-11-09 03:00:00,1351.0,1370.533
2017-11-09 04:00:00,1403.0,1410.7037
2017-11-09 05:00:00,1511.0,1510.0686
2017-11-09 06:00:00,1710.0,1697.3842
2017-11-09 07:00:00,1724.0,1745.2268
2017-11-09 08:00:00,1615.0,1663.3676
2017-11-09 09:00:00,1496.0,1521.3164
2017-11-09 10:00:00,1375.0,1405.2949
2017-11-09 11:00:00,1319.0,1296.6293
2017-11-09 12:00:00,1192.0,1265.0128
2017-11-09 13:00:00,1242.0,1153.4266
2017-11-09 14:00:00,1187.0,1215.4808
2017-11-09 15:00:00,1206.0,1200.1902
2017-11-09 16:00:00,1233.0,1257.8429
2017-11-09 17:00:00,1334.0,1350.517
2017-11-09 18:00:00,1471.0,1432.2913
2017-11-09 19:00:00,1525.0,1497.0054
2017-11-09 20:00:00,1527.0,1511.1244
2017-11-09 21:00:00,1509.0,1469.5682
2017-11-09 22:00:00,1448.0,1440.4119
2017-11-09 23:00:00,1404.0,1375.2688
2017-11-10 00:00:00,1371.0,1358.5778
2017-11-10 01:00:00,1344.0,1346.5956
2017-11-10 02:00:00,1392.0,1347.0181
2017-11-10 03:00:00,1335.0,1425.2026
2017-11-10 04:00:00,1418.0,1403.2155
2017-11-10 05:00:00,1513.0,1502.6483
2017-11-10 06:00:00,1776.0,1684.3163
2017-11-10 07:00:00,1739.0,1771.2922
2017-11-10 08:00:00,1728.0,1668.1084
2017-11-10 09:00:00,1696.0,1614.1619
2017-11-10 10:00:00,1558.0,1609.4989
2017-11-10 11:00:00,1485.0,1471.3163
2017-11-10 12:00:00,1412.0,1410.202
2017-11-10 13:00:00,1368.0,1355.6442
2017-11-10 14:00:00,1328.0,1323.12
2017-11-10 15:00:00,1331.0,1312.3574
2017-11-10 16:00:00,1405.0,1384.4331
2017-11-10 17:00:00,1621.0,1503.8884
2017-11-10 18:00:00,1741.0,1700.1543
2017-11-10 19:00:00,1769.0,1774.9457
2017-11-10 20:00:00,1817.0,1771.0184
2017-11-10 21:00:00,1801.0,1775.07
2017-11-10 22:00:00,1786.0,1747.4556
2017-11-10 23:00:00,1753.0,1722.7167
2017-11-11 00:00:00,1705.0,1711.6688
2017-11-11 01:00:00,1662.0,1679.2916
2017-11-11 02:00:00,1689.0,1658.1764
2017-11-11 03:00:00,1713.0,1684.6835
2017-11-11 04:00:00,1748.0,1764.4022
2017-11-11 05:00:00,1802.0,1800.8787
2017-11-11 06:00:00,1867.0,1869.1907
2017-11-11 07:00:00,1915.0,1931.777
2017-11-11 08:00:00,1932.0,1914.0961
2017-11-11 09:00:00,1826.0,1890.8965
2017-11-11 10:00:00,1688.0,1741.5955
2017-11-11 11:00:00,1592.0,1595.1063
2017-11-11 12:00:00,1483.0,1494.8904
2017-11-11 13:00:00,1416.0,1427.2274
2017-11-11 14:00:00,1329.0,1364.3441
2017-11-11 15:00:00,1315.0,1294.6223
2017-11-11 16:00:00,1329.0,1347.3285
2017-11-11 17:00:00,1456.0,1450.826
2017-11-11 18:00:00,1506.0,1575.3342
2017-11-11 19:00:00,1526.0,1548.1682
2017-11-11 20:00:00,1559.0,1566.383
2017-11-11 21:00:00,1487.0,1533.9219
2017-11-11 22:00:00,1469.0,1455.0211
2017-11-11 23:00:00,1395.0,1416.5863
2017-11-12 00:00:00,1357.0,1357.3014
2017-11-12 01:00:00,1336.0,1335.4514
2017-11-12 02:00:00,1318.0,1348.3784
2017-11-12 03:00:00,1315.0,1325.4686
2017-11-12 04:00:00,1297.0,1346.5142
2017-11-12 05:00:00,1345.0,1326.1359
2017-11-12 06:00:00,1368.0,1390.4619
2017-11-12 07:00:00,1428.0,1444.8048
2017-11-12 08:00:00,1487.0,1467.3707
2017-11-12 09:00:00,1480.0,1471.256
2017-11-12 10:00:00,1404.0,1424.3602
2017-11-12 11:00:00,1324.0,1346.5306
2017-11-12 12:00:00,1311.0,1281.186
2017-11-12 13:00:00,1307.0,1261.4897
2017-11-12 14:00:00,1280.0,1278.7322
2017-11-12 15:00:00,1284.0,1273.9114
2017-11-12 16:00:00,1305.0,1319.9509
2017-11-12 17:00:00,1382.0,1395.7064
2017-11-12 18:00:00,1492.0,1452.8295
2017-11-12 19:00:00,1454.0,1504.2675
2017-11-12 20:00:00,1440.0,1442.6478
2017-11-12 21:00:00,1381.0,1376.4296
2017-11-12 22:00:00,1297.0,1297.4011
2017-11-12 23:00:00,1195.0,1213.5642
2017-11-13 00:00:00,1209.0,1132.344
2017-11-13 01:00:00,1178.0,1148.3843
2017-11-13 02:00:00,1182.0,1175.0607
2017-11-13 03:00:00,1209.0,1190.0027
2017-11-13 04:00:00,1274.0,1252.6193
2017-11-13 05:00:00,1387.0,1387.5159
2017-11-13 06:00:00,1578.0,1551.0375
2017-11-13 07:00:00,1614.0,1654.2289
2017-11-13 08:00:00,1570.0,1563.3057
2017-11-13 09:00:00,1583.0,1484.8556
2017-11-13 10:00:00,1549.0,1499.4861
2017-11-13 11:00:00,1540.0,1487.1859
2017-11-13 12:00:00,1520.0,1499.1981
2017-11-13 13:00:00,1500.0,1483.9817
2017-11-13 14:00:00,1493.0,1446.1134
2017-11-13 15:00:00,1516.0,1479.4658
2017-11-13 16:00:00,1562.0,1563.8759
2017-11-13 17:00:00,1644.0,1658.1204
2017-11-13 18:00:00,1711.0,1713.1968
2017-11-13 19:00:00,1722.0,1725.3439
2017-11-13 20:00:00,1705.0,1701.9896
2017-11-13 21:00:00,1627.0,1674.2844
2017-11-13 22:00:00,1520.0,1539.9197
2017-11-13 23:00:00,1419.0,1425.7485
2017-11-14 00:00:00,1384.0,1374.241
2017-11-14 01:00:00,1324.0,1361.2495
2017-11-14 02:00:00,1323.0,1330.2883
2017-11-14 03:00:00,1345.0,1325.3788
2017-11-14 04:00:00,1383.0,1382.4417
2017-11-14 05:00:00,1514.0,1470.8453
2017-11-14 06:00:00,1688.0,1688.6952
2017-11-14 07:00:00,1687.0,1751.6105
2017-11-14 08:00:00,1608.0,1643.3441
2017-11-14 09:00:00,1564.0,1529.1483
2017-11-14 10:00:00,1520.0,1487.4032
2017-11-14 11:00:00,1469.0,1470.6066
2017-11-14 12:00:00,1394.0,1422.9589
2017-11-14 13:00:00,1344.0,1352.0051
2017-11-14 14:00:00,1278.0,1294.1483
2017-11-14 15:00:00,1282.0,1269.4014
2017-11-14 16:00:00,1248.0,1333.1459
2017-11-14 17:00:00,1377.0,1377.0531
2017-11-14 18:00:00,1519.0,1480.7838
2017-11-14 19:00:00,1605.0,1544.3965
2017-11-14 20:00:00,1702.0,1621.84
2017-11-14 21:00:00,1681.0,1708.1777
2017-11-14 22:00:00,1603.0,1619.5907
2017-11-14 23:00:00,1565.0,1497.4822
2017-11-15 00:00:00,1546.0,1511.6644
2017-11-15 01:00:00,1525.0,1535.1239
2017-11-15 02:00:00,1552.0,1542.3235
2017-11-15 03:00:00,1594.0,1562.1823
2017-11-15 04:00:00,1630.0,1636.8646
2017-11-15 05:00:00,1735.0,1722.4011
2017-11-15 06:00:00,1876.0,1874.4829
2017-11-15 07:00:00,1885.0,1917.9911
2017-11-15 08:00:00,1770.0,1823.0543
2017-11-15 09:00:00,1631.0,1703.6769
2017-11-15 10:00:00,1521.0,1504.939
2017-11-15 11:00:00,1468.0,1414.7211
2017-11-15 12:00:00,1416.0,1394.0107
2017-11-15 13:00:00,1418.0,1386.129
2017-11-15 14:00:00,1404.0,1399.6115
2017-11-15 15:00:00,1405.0,1414.6475
2017-11-15 16:00:00,1472.0,1478.3667
2017-11-15 17:00:00,1591.0,1615.6846
2017-11-15 18:00:00,1601.0,1700.4818
2017-11-15 19:00:00,1617.0,1627.0995
2017-11-15 20:00:00,1589.0,1600.6519
2017-11-15 21:00:00,1505.0,1555.4766
2017-11-15 22:00:00,1396.0,1440.0736
2017-11-15 23:00:00,1316.0,1307.9125
2017-11-16 00:00:00,1242.0,1224.9343
2017-11-16 01:00:00,1218.0,1217.9642
2017-11-16 02:00:00,1207.0,1219.2354
2017-11-16 03:00:00,1249.0,1206.9265
2017-11-16 04:00:00,1280.0,1293.2671
2017-11-16 05:00:00,1381.0,1392.8629
2017-11-16 06:00:00,1573.0,1539.4088
2017-11-16 07:00:00,1597.0,1602.9806
2017-11-16 08:00:00,1539.0,1533.9363
2017-11-16 09:00:00,1521.0,1472.7871
2017-11-16 10:00:00,1478.0,1461.4142
2017-11-16 11:00:00,1459.0,1435.355
2017-11-16 12:00:00,1431.0,1425.9949
2017-11-16 13:00:00,1427.0,1411.4596
2017-11-16 14:00:00,1411.0,1401.154
2017-11-16 15:00:00,1431.0,1417.6285
2017-11-16 16:00:00,1486.0,1503.7596
2017-11-16 17:00:00,1611.0,1573.4088
2017-11-16 18:00:00,1718.0,1682.8052
2017-11-16 19:00:00,1787.0,1752.1986
2017-11-16 20:00:00,1788.0,1800.3522
2017-11-16 21:00:00,1709.0,1755.639
2017-11-16 22:00:00,1647.0,1637.759
2017-11-16 23:00:00,1616.0,1561.3417
2017-11-17 00:00:00,1544.0,1587.9878
2017-11-17 01:00:00,1549.0,1524.162
2017-11-17 02:00:00,1527.0,1544.314
2017-11-17 03:00:00,1557.0,1561.8782
2017-11-17 04:00:00,1579.0,1588.8921
2017-11-17 05:00:00,1700.0,1656.8053
2017-11-17 06:00:00,1844.0,1844.5681
2017-11-17 07:00:00,1883.0,1893.1128
2017-11-17 08:00:00,1751.0,1842.5007
2017-11-17 09:00:00,1660.0,1674.5859
2017-11-17 10:00:00,1578.0,1570.8176
2017-11-17 11:00:00,1404.0,1496.1829
2017-11-17 12:00:00,1331.0,1346.7614
2017-11-17 13:00:00,1273.0,1277.2368
2017-11-17 14:00:00,1251.0,1235.5616
2017-11-17 15:00:00,1250.0,1235.7166
2017-11-17 16:00:00,1284.0,1296.1725
2017-11-17 17:00:00,1372.0,1400.559
2017-11-17 18:00:00,1496.0,1464.169
2017-11-17 19:00:00,1530.0,1526.0981
2017-11-17 20:00:00,1512.0,1526.2152
2017-11-17 21:00:00,1507.0,1484.3583
2017-11-17 22:00:00,1438.0,1454.1727
2017-11-17 23:00:00,1342.0,1364.4933
2017-11-18 00:00:00,1263.0,1268.8185
2017-11-18 01:00:00,1215.0,1254.7917
2017-11-18 02:00:00,1178.0,1203.0942
2017-11-18 03:00:00,1161.0,1170.7773
2017-11-18 04:00:00,1155.0,1177.7804
2017-11-18 05:00:00,1121.0,1172.5155
2017-11-18 06:00:00,1214.0,1162.184
2017-11-18 07:00:00,1247.0,1288.4005
2017-11-18 08:00:00,1319.0,1312.7781
2017-11-18 09:00:00,1344.0,1368.8093
2017-11-18 10:00:00,1326.0,1339.2662
2017-11-18 11:00:00,1331.0,1305.894
2017-11-18 12:00:00,1280.0,1329.6466
2017-11-18 13:00:00,1253.0,1256.7615
2017-11-18 14:00:00,1223.0,1216.902
2017-11-18 15:00:00,1223.0,1202.7622
2017-11-18 16:00:00,1266.0,1250.0623
2017-11-18 17:00:00,1320.0,1351.1509
2017-11-18 18:00:00,1330.0,1379.7914
2017-11-18 19:00:00,1318.0,1339.9755
2017-11-18 20:00:00,1308.0,1313.2067
2017-11-18 21:00:00,1314.0,1270.7065
2017-11-18 22:00:00,1290.0,1243.2803
2017-11-18 23:00:00,1276.0,1199.8944
2017-11-19 00:00:00,1243.0,1229.3618
2017-11-19 01:00:00,1237.0,1228.1553
2017-11-19 02:00:00,1236.0,1229.939
2017-11-19 03:00:00,1259.0,1244.4281
2017-11-19 04:00:00,1269.0,1308.3049
2017-11-19 05:00:00,1326.0,1329.1798
2017-11-19 06:00:00,1397.0,1397.3716
2017-11-19 07:00:00,1455.0,1520.3615
2017-11-19 08:00:00,1551.0,1551.0363
2017-11-19 09:00:00,1647.0,1581.0974
2017-11-19 10:00:00,1655.0,1627.0022
2017-11-19 11:00:00,1643.0,1621.608
2017-11-19 12:00:00,1639.0,1608.9044
2017-11-19 13:00:00,1636.0,1629.6337
2017-11-19 14:00:00,1603.0,1633.092
2017-11-19 15:00:00,1559.0,1613.7302
2017-11-19 16:00:00,1606.0,1609.4458
2017-11-19 17:00:00,1703.0,1690.3098
2017-11-19 18:00:00,1815.0,1797.6179
2017-11-19 19:00:00,1861.0,1838.3566
2017-11-19 20:00:00,1882.0,1882.4491
2017-11-19 21:00:00,1854.0,1865.4657
2017-11-19 22:00:00,1823.0,1800.981
2017-11-19 23:00:00,1769.0,1758.2689
2017-11-20 00:00:00,1735.0,1748.1783
2017-11-20 01:00:00,1763.0,1720.129
2017-11-20 02:00:00,1768.0,1769.1058
2017-11-20 03:00:00,1790.0,1814.7418
2017-11-20 04:00:00,1902.0,1848.6642
2017-11-20 05:00:00,1995.0,2025.5802
2017-11-20 06:00:00,2200.0,2088.5593
2017-11-20 07:00:00,2226.0,2219.7603
2017-11-20 08:00:00,2101.0,2114.937
2017-11-20 09:00:00,1920.0,1960.7443
2017-11-20 10:00:00,1713.0,1814.0038
2017-11-20 11:00:00,1617.0,1600.0583
2017-11-20 12:00:00,1517.0,1531.7166
2017-11-20 13:00:00,1451.0,1449.5684
2017-11-20 14:00:00,1375.0,1385.6552
2017-11-20 15:00:00,1388.0,1343.7402
2017-11-20 16:00:00,1442.0,1443.8684
2017-11-20 17:00:00,1602.0,1591.6207
2017-11-20 18:00:00,1716.0,1765.6124
2017-11-20 19:00:00,1773.0,1767.3182
2017-11-20 20:00:00,1830.0,1807.278
2017-11-20 21:00:00,1813.0,1795.7424
2017-11-20 22:00:00,1719.0,1742.7048
2017-11-20 23:00:00,1669.0,1626.1669
2017-11-21 00:00:00,1631.0,1613.5294
2017-11-21 01:00:00,1603.0,1597.4564
2017-11-21 02:00:00,1577.0,1604.7968
2017-11-21 03:00:00,1609.0,1574.9508
2017-11-21 04:00:00,1635.0,1623.9263
2017-11-21 05:00:00,1727.0,1721.5585
2017-11-21 06:00:00,1896.0,1854.5106
2017-11-21 07:00:00,1911.0,1932.8627
2017-11-21 08:00:00,1801.0,1846.4363
2017-11-21 09:00:00,1700.0,1714.5139
2017-11-21 10:00:00,1584.0,1622.3339
2017-11-21 11:00:00,1452.0,1501.1792
2017-11-21 12:00:00,1385.0,1371.9816
2017-11-21 13:00:00,1345.0,1325.0879
2017-11-21 14:00:00,1297.0,1283.6083
2017-11-21 15:00:00,1291.0,1281.0508
2017-11-21 16:00:00,1329.0,1338.6248
2017-11-21 17:00:00,1440.0,1465.496
2017-11-21 18:00:00,1549.0,1545.5356
2017-11-21 19:00:00,1563.0,1574.8878
2017-11-21 20:00:00,1554.0,1577.6831
2017-11-21 21:00:00,1522.0,1528.404
2017-11-21 22:00:00,1457.0,1451.0054
2017-11-21 23:00:00,1363.0,1355.6879
2017-11-22 00:00:00,1361.0,1298.2642
2017-11-22 01:00:00,1342.0,1325.674
2017-11-22 02:00:00,1368.0,1355.3123
2017-11-22 03:00:00,1405.0,1390.5121
2017-11-22 04:00:00,1486.0,1455.4
2017-11-22 05:00:00,1619.0,1593.1814
2017-11-22 06:00:00,1741.0,1778.0881
2017-11-22 07:00:00,1842.0,1767.5408
2017-11-22 08:00:00,1791.0,1791.9052
2017-11-22 09:00:00,1781.0,1738.025
2017-11-22 10:00:00,1690.0,1709.5338
2017-11-22 11:00:00,1606.0,1590.4272
2017-11-22 12:00:00,1539.0,1535.7196
2017-11-22 13:00:00,1448.0,1471.702
2017-11-22 14:00:00,1424.0,1392.6912
2017-11-22 15:00:00,1444.0,1402.5378
2017-11-22 16:00:00,1460.0,1505.2981
2017-11-22 17:00:00,1639.0,1586.9283
2017-11-22 18:00:00,1787.0,1730.4065
2017-11-22 19:00:00,1838.0,1827.4097
2017-11-22 20:00:00,1836.0,1837.7808
2017-11-22 21:00:00,1863.0,1797.6813
2017-11-22 22:00:00,1832.0,1822.3109
2017-11-22 23:00:00,1743.0,1760.2246
2017-11-23 00:00:00,1697.0,1724.1223
2017-11-23 01:00:00,1742.0,1691.6584
2017-11-23 02:00:00,1739.0,1762.956
2017-11-23 03:00:00,1768.0,1781.199
2017-11-23 04:00:00,1817.0,1827.341
2017-11-23 05:00:00,1870.0,1897.1827
2017-11-23 06:00:00,1968.0,1990.0325
2017-11-23 07:00:00,2035.0,1980.9714
2017-11-23 08:00:00,2097.0,2021.9318
2017-11-23 09:00:00,2037.0,2057.0403
2017-11-23 10:00:00,1909.0,1990.084
2017-11-23 11:00:00,1752.0,1825.0107
2017-11-23 12:00:00,1591.0,1644.5345
2017-11-23 13:00:00,1387.0,1498.7133
2017-11-23 14:00:00,1293.0,1340.583
2017-11-23 15:00:00,1236.0,1264.3333
2017-11-23 16:00:00,1223.0,1278.8451
2017-11-23 17:00:00,1292.0,1328.7778
2017-11-23 18:00:00,1442.0,1419.6559
2017-11-23 19:00:00,1480.0,1499.0303
2017-11-23 20:00:00,1518.0,1512.7245
2017-11-23 21:00:00,1580.0,1496.3401
2017-11-23 22:00:00,1576.0,1532.2899
2017-11-23 23:00:00,1566.0,1494.5393
2017-11-24 00:00:00,1564.0,1521.3645
2017-11-24 01:00:00,1553.0,1573.6653
2017-11-24 02:00:00,1590.0,1559.5543
2017-11-24 03:00:00,1624.0,1613.4362
2017-11-24 04:00:00,1651.0,1652.5731
2017-11-24 05:00:00,1686.0,1717.632
2017-11-24 06:00:00,1765.0,1779.5171
2017-11-24 07:00:00,1824.0,1834.0066
2017-11-24 08:00:00,1757.0,1842.1141
2017-11-24 09:00:00,1695.0,1692.0612
2017-11-24 10:00:00,1530.0,1608.6544
2017-11-24 11:00:00,1399.0,1444.8123
2017-11-24 12:00:00,1326.0,1331.8677
2017-11-24 13:00:00,1252.0,1271.2821
2017-11-24 14:00:00,1198.0,1206.875
2017-11-24 15:00:00,1192.0,1181.5776
2017-11-24 16:00:00,1231.0,1232.8157
2017-11-24 17:00:00,1344.0,1324.4495
2017-11-24 18:00:00,1430.0,1421.5862
2017-11-24 19:00:00,1367.0,1459.604
2017-11-24 20:00:00,1436.0,1393.0768
2017-11-24 21:00:00,1434.0,1402.9032
2017-11-24 22:00:00,1414.0,1369.3948
2017-11-24 23:00:00,1344.0,1348.177
2017-11-25 00:00:00,1279.0,1270.7714
2017-11-25 01:00:00,1270.0,1249.7255
2017-11-25 02:00:00,1259.0,1255.0751
2017-11-25 03:00:00,1231.0,1262.1853
2017-11-25 04:00:00,1231.0,1240.4553
2017-11-25 05:00:00,1246.0,1244.9602
2017-11-25 06:00:00,1302.0,1272.815
2017-11-25 07:00:00,1385.0,1360.5255
2017-11-25 08:00:00,1323.0,1429.8113
2017-11-25 09:00:00,1355.0,1332.1089
2017-11-25 10:00:00,1374.0,1300.7957
2017-11-25 11:00:00,1317.0,1341.7162
2017-11-25 12:00:00,1256.0,1295.3009
2017-11-25 13:00:00,1218.0,1217.8519
2017-11-25 14:00:00,1185.0,1167.6062
2017-11-25 15:00:00,1164.0,1149.101
2017-11-25 16:00:00,1182.0,1168.5139
2017-11-25 17:00:00,1278.0,1234.8291
2017-11-25 18:00:00,1384.0,1366.3918
2017-11-25 19:00:00,1359.0,1387.201
2017-11-25 20:00:00,1424.0,1359.2073
2017-11-25 21:00:00,1413.0,1362.1907
2017-11-25 22:00:00,1401.0,1338.4165
2017-11-25 23:00:00,1373.0,1306.7261
2017-11-26 00:00:00,1343.0,1315.8679
2017-11-26 01:00:00,1336.0,1320.5619
2017-11-26 02:00:00,1363.0,1320.6487
2017-11-26 03:00:00,1417.0,1361.0496
2017-11-26 04:00:00,1452.0,1501.9108
2017-11-26 05:00:00,1532.0,1508.8263
2017-11-26 06:00:00,1598.0,1634.3672
2017-11-26 07:00:00,1714.0,1673.667
2017-11-26 08:00:00,1784.0,1722.2249
2017-11-26 09:00:00,1664.0,1734.0417
2017-11-26 10:00:00,1531.0,1579.5237
2017-11-26 11:00:00,1401.0,1413.6422
2017-11-26 12:00:00,1345.0,1330.1177
2017-11-26 13:00:00,1301.0,1294.1638
2017-11-26 14:00:00,1254.0,1247.3881
2017-11-26 15:00:00,1242.0,1221.4401
2017-11-26 16:00:00,1292.0,1277.7341
2017-11-26 17:00:00,1463.0,1392.4087
2017-11-26 18:00:00,1594.0,1573.2771
2017-11-26 19:00:00,1653.0,1655.4971
2017-11-26 20:00:00,1701.0,1683.2255
2017-11-26 21:00:00,1665.0,1681.4473
2017-11-26 22:00:00,1644.0,1618.4899
2017-11-26 23:00:00,1587.0,1551.6735
2017-11-27 00:00:00,1538.0,1554.4392
2017-11-27 01:00:00,1555.0,1533.8258
2017-11-27 02:00:00,1591.0,1560.4672
2017-11-27 03:00:00,1597.0,1631.095
2017-11-27 04:00:00,1614.0,1637.3773
2017-11-27 05:00:00,1724.0,1675.2533
2017-11-27 06:00:00,1920.0,1825.3552
2017-11-27 07:00:00,1962.0,1937.2579
2017-11-27 08:00:00,1821.0,1874.306
2017-11-27 09:00:00,1649.0,1732.2024
2017-11-27 10:00:00,1499.0,1552.3002
2017-11-27 11:00:00,1341.0,1401.7826
2017-11-27 12:00:00,1263.0,1276.9038
2017-11-27 13:00:00,1197.0,1224.098
2017-11-27 14:00:00,1140.0,1181.5559
2017-11-27 15:00:00,1148.0,1162.661
2017-11-27 16:00:00,1180.0,1226.5186
2017-11-27 17:00:00,1303.0,1304.0483
2017-11-27 18:00:00,1442.0,1434.3103
2017-11-27 19:00:00,1480.0,1488.0854
2017-11-27 20:00:00,1511.0,1491.044
2017-11-27 21:00:00,1471.0,1451.5613
2017-11-27 22:00:00,1391.0,1392.3181
2017-11-27 23:00:00,1303.0,1286.2983
2017-11-28 00:00:00,1281.0,1241.6295
2017-11-28 01:00:00,1274.0,1241.283
2017-11-28 02:00:00,1302.0,1273.799
2017-11-28 03:00:00,1308.0,1321.7675
2017-11-28 04:00:00,1370.0,1358.1704
2017-11-28 05:00:00,1494.0,1461.9706
2017-11-28 06:00:00,1681.0,1613.5645
2017-11-28 07:00:00,1702.0,1715.4653
2017-11-28 08:00:00,1610.0,1624.3599
2017-11-28 09:00:00,1459.0,1538.6918
2017-11-28 10:00:00,1331.0,1378.7041
2017-11-28 11:00:00,1231.0,1267.028
2017-11-28 12:00:00,1180.0,1189.2037
2017-11-28 13:00:00,1125.0,1155.1543
2017-11-28 14:00:00,1104.0,1096.3589
2017-11-28 15:00:00,1091.0,1113.5833
2017-11-28 16:00:00,1136.0,1130.5974
2017-11-28 17:00:00,1245.0,1213.3102
2017-11-28 18:00:00,1394.0,1351.0627
2017-11-28 19:00:00,1431.0,1441.7087
2017-11-28 20:00:00,1449.0,1447.4978
2017-11-28 21:00:00,1421.0,1378.1403
2017-11-28 22:00:00,1335.0,1339.265
2017-11-28 23:00:00,1255.0,1250.898
2017-11-29 00:00:00,1219.0,1188.0585
2017-11-29 01:00:00,1218.0,1179.8425
2017-11-29 02:00:00,1219.0,1209.2673
2017-11-29 03:00:00,1252.0,1214.349
2017-11-29 04:00:00,1307.0,1296.2385
2017-11-29 05:00:00,1430.0,1408.4338
2017-11-29 06:00:00,1605.0,1588.6434
2017-11-29 07:00:00,1658.0,1640.5259
2017-11-29 08:00:00,1572.0,1584.3597
2017-11-29 09:00:00,1436.0,1505.6466
2017-11-29 10:00:00,1332.0,1354.2136
2017-11-29 11:00:00,1216.0,1274.3344
2017-11-29 12:00:00,1181.0,1179.2474
2017-11-29 13:00:00,1128.0,1154.0199
2017-11-29 14:00:00,1116.0,1103.5491
2017-11-29 15:00:00,1108.0,1119.1188
2017-11-29 16:00:00,1151.0,1149.1775
2017-11-29 17:00:00,1274.0,1235.7834
2017-11-29 18:00:00,1394.0,1373.6549
2017-11-29 19:00:00,1404.0,1415.3865
2017-11-29 20:00:00,1430.0,1410.985
2017-11-29 21:00:00,1371.0,1384.5028
2017-11-29 22:00:00,1319.0,1299.2812
2017-11-29 23:00:00,1220.0,1227.0367
2017-11-30 00:00:00,1202.0,1151.9631
2017-11-30 01:00:00,1192.0,1170.568
2017-11-30 02:00:00,1216.0,1191.6349
2017-11-30 03:00:00,1229.0,1249.2823
2017-11-30 04:00:00,1280.0,1293.0338
2017-11-30 05:00:00,1330.0,1375.884
2017-11-30 06:00:00,1580.0,1471.6652
2017-11-30 07:00:00,1608.0,1614.4487
2017-11-30 08:00:00,1534.0,1541.71
2017-11-30 09:00:00,1445.0,1445.4932
2017-11-30 10:00:00,1391.0,1363.757
2017-11-30 11:00:00,1318.0,1332.8817
2017-11-30 12:00:00,1279.0,1267.3438
2017-11-30 13:00:00,1276.0,1244.8334
2017-11-30 14:00:00,1220.0,1244.5604
2017-11-30 15:00:00,1239.0,1218.9357
2017-11-30 16:00:00,1272.0,1262.5566
2017-11-30 17:00:00,1379.0,1365.517
2017-11-30 18:00:00,1433.0,1485.6387
2017-11-30 19:00:00,1477.0,1453.9617
2017-11-30 20:00:00,1455.0,1477.9833
2017-11-30 21:00:00,1426.0,1415.4581
2017-11-30 22:00:00,1346.0,1365.9695
2017-11-30 23:00:00,1275.0,1251.7631
2017-12-01 00:00:00,1238.0,1215.7214
2017-12-01 01:00:00,1254.0,1217.6102
2017-12-01 02:00:00,1262.0,1250.371
2017-12-01 03:00:00,1313.0,1290.5299
2017-12-01 04:00:00,1392.0,1380.5349
2017-12-01 05:00:00,1505.0,1507.0546
2017-12-01 06:00:00,1724.0,1693.1614
2017-12-01 07:00:00,1788.0,1742.3156
2017-12-01 08:00:00,1704.0,1718.3976
2017-12-01 09:00:00,1611.0,1616.0149
2017-12-01 10:00:00,1457.0,1532.8862
2017-12-01 11:00:00,1325.0,1380.0597
2017-12-01 12:00:00,1245.0,1273.1398
2017-12-01 13:00:00,1207.0,1198.3679
2017-12-01 14:00:00,1138.0,1185.2122
2017-12-01 15:00:00,1122.0,1147.0338
2017-12-01 16:00:00,1175.0,1153.2473
2017-12-01 17:00:00,1313.0,1266.7677
2017-12-01 18:00:00,1429.0,1430.9093
2017-12-01 19:00:00,1488.0,1451.2297
2017-12-01 20:00:00,1517.0,1493.8856
2017-12-01 21:00:00,1532.0,1470.636
2017-12-01 22:00:00,1519.0,1476.9133
2017-12-01 23:00:00,1492.0,1439.1016
2017-12-02 00:00:00,1440.0,1443.8982
2017-12-02 01:00:00,1457.0,1419.0537
2017-12-02 02:00:00,1438.0,1435.2498
2017-12-02 03:00:00,1440.0,1460.7667
2017-12-02 04:00:00,1484.0,1459.7262
2017-12-02 05:00:00,1476.0,1529.966
2017-12-02 06:00:00,1505.0,1514.6521
2017-12-02 07:00:00,1569.0,1546.8534
2017-12-02 08:00:00,1616.0,1579.4786
2017-12-02 09:00:00,1599.0,1599.747
2017-12-02 10:00:00,1550.0,1543.6005
2017-12-02 11:00:00,1461.0,1472.0774
2017-12-02 12:00:00,1318.0,1401.4238
2017-12-02 13:00:00,1264.0,1257.1688
2017-12-02 14:00:00,1188.0,1211.0541
2017-12-02 15:00:00,1193.0,1179.9045
2017-12-02 16:00:00,1233.0,1226.8258
2017-12-02 17:00:00,1341.0,1349.5691
2017-12-02 18:00:00,1442.0,1446.8138
2017-12-02 19:00:00,1450.0,1479.2905
2017-12-02 20:00:00,1438.0,1461.1084
2017-12-02 21:00:00,1516.0,1403.0916
2017-12-02 22:00:00,1493.0,1464.3359
2017-12-02 23:00:00,1463.0,1443.4718
2017-12-03 00:00:00,1431.0,1408.7223
2017-12-03 01:00:00,1423.0,1407.104
2017-12-03 02:00:00,1429.0,1409.9744
2017-12-03 03:00:00,1475.0,1446.7181
2017-12-03 04:00:00,1486.0,1504.5814
2017-12-03 05:00:00,1549.0,1529.5712
2017-12-03 06:00:00,1641.0,1611.8506
2017-12-03 07:00:00,1706.0,1716.3379
2017-12-03 08:00:00,1816.0,1715.6431
2017-12-03 09:00:00,1713.0,1773.8263
2017-12-03 10:00:00,1571.0,1642.4988
2017-12-03 11:00:00,1381.0,1468.3846
2017-12-03 12:00:00,1313.0,1324.8469
2017-12-03 13:00:00,1285.0,1248.3044
2017-12-03 14:00:00,1246.0,1225.8188
2017-12-03 15:00:00,1231.0,1239.6564
2017-12-03 16:00:00,1256.0,1285.8196
2017-12-03 17:00:00,1434.0,1366.7799
2017-12-03 18:00:00,1543.0,1525.8607
2017-12-03 19:00:00,1600.0,1565.7625
2017-12-03 20:00:00,1638.0,1619.1127
2017-12-03 21:00:00,1581.0,1622.5853
2017-12-03 22:00:00,1542.0,1513.5018
2017-12-03 23:00:00,1473.0,1447.6215
2017-12-04 00:00:00,1430.0,1429.55
2017-12-04 01:00:00,1430.0,1416.2528
2017-12-04 02:00:00,1416.0,1422.5786
2017-12-04 03:00:00,1385.0,1446.1417
2017-12-04 04:00:00,1482.0,1398.6658
2017-12-04 05:00:00,1537.0,1577.0369
2017-12-04 06:00:00,1737.0,1678.5482
2017-12-04 07:00:00,1827.0,1784.7505
2017-12-04 08:00:00,1722.0,1800.8605
2017-12-04 09:00:00,1626.0,1651.8501
2017-12-04 10:00:00,1501.0,1529.6978
2017-12-04 11:00:00,1386.0,1428.3939
2017-12-04 12:00:00,1241.0,1329.1738
2017-12-04 13:00:00,1275.0,1216.5594
2017-12-04 14:00:00,1227.0,1217.0625
2017-12-04 15:00:00,1220.0,1247.5798
2017-12-04 16:00:00,1274.0,1274.4736
2017-12-04 17:00:00,1422.0,1394.7745
2017-12-04 18:00:00,1511.0,1525.7297
2017-12-04 19:00:00,1528.0,1531.7457
2017-12-04 20:00:00,1514.0,1519.2161
2017-12-04 21:00:00,1464.0,1480.0797
2017-12-04 22:00:00,1326.0,1404.8298
2017-12-04 23:00:00,1222.0,1242.6118
2017-12-05 00:00:00,1144.0,1149.8807
2017-12-05 01:00:00,1117.0,1119.2925
2017-12-05 02:00:00,1099.0,1104.8079
2017-12-05 03:00:00,1079.0,1087.8547
2017-12-05 04:00:00,1119.0,1113.5546
2017-12-05 05:00:00,1176.0,1172.232
2017-12-05 06:00:00,1324.0,1328.7582
2017-12-05 07:00:00,1387.0,1358.259
2017-12-05 08:00:00,1347.0,1369.3999
2017-12-05 09:00:00,1348.0,1349.7859
2017-12-05 10:00:00,1298.0,1313.0958
2017-12-05 11:00:00,1338.0,1265.2721
2017-12-05 12:00:00,1345.0,1335.363
2017-12-05 13:00:00,1384.0,1366.6863
2017-12-05 14:00:00,1412.0,1413.0857
2017-12-05 15:00:00,1446.0,1446.3737
2017-12-05 16:00:00,1541.0,1524.0948
2017-12-05 17:00:00,1679.0,1658.6167
2017-12-05 18:00:00,1776.0,1736.5422
2017-12-05 19:00:00,1814.0,1791.1525
2017-12-05 20:00:00,1834.0,1789.8218
2017-12-05 21:00:00,1801.0,1781.5007
2017-12-05 22:00:00,1670.0,1715.396
2017-12-05 23:00:00,1641.0,1567.882
2017-12-06 00:00:00,1612.0,1598.7134
2017-12-06 01:00:00,1614.0,1600.2474
2017-12-06 02:00:00,1631.0,1623.5007
2017-12-06 03:00:00,1660.0,1660.2247
2017-12-06 04:00:00,1714.0,1707.2683
2017-12-06 05:00:00,1827.0,1817.3286
2017-12-06 06:00:00,2005.0,1969.6658
2017-12-06 07:00:00,2101.0,2033.3782
2017-12-06 08:00:00,2026.0,2056.424
2017-12-06 09:00:00,1952.0,1956.6765
2017-12-06 10:00:00,1799.0,1884.7542
2017-12-06 11:00:00,1686.0,1714.9943
2017-12-06 12:00:00,1685.0,1628.0508
2017-12-06 13:00:00,1678.0,1633.5939
2017-12-06 14:00:00,1622.0,1669.9231
2017-12-06 15:00:00,1622.0,1629.8105
2017-12-06 16:00:00,1655.0,1674.3307
2017-12-06 17:00:00,1840.0,1773.6412
2017-12-06 18:00:00,1927.0,1946.9009
2017-12-06 19:00:00,1983.0,1954.1373
2017-12-06 20:00:00,1957.0,1971.0061
2017-12-06 21:00:00,1927.0,1921.8834
2017-12-06 22:00:00,1865.0,1839.9377
2017-12-06 23:00:00,1754.0,1790.895
2017-12-07 00:00:00,1726.0,1691.0083
2017-12-07 01:00:00,1732.0,1692.1666
2017-12-07 02:00:00,1716.0,1729.904
2017-12-07 03:00:00,1751.0,1738.047
2017-12-07 04:00:00,1802.0,1777.5983
2017-12-07 05:00:00,1903.0,1896.4832
2017-12-07 06:00:00,2086.0,2052.8696
2017-12-07 07:00:00,2108.0,2125.7017
2017-12-07 08:00:00,2036.0,2038.8451
2017-12-07 09:00:00,1913.0,1952.2878
2017-12-07 10:00:00,1835.0,1821.89
2017-12-07 11:00:00,1710.0,1749.1296
2017-12-07 12:00:00,1680.0,1675.1776
2017-12-07 13:00:00,1654.0,1632.8961
2017-12-07 14:00:00,1656.0,1618.7802
2017-12-07 15:00:00,1677.0,1669.0463
2017-12-07 16:00:00,1762.0,1757.4221
2017-12-07 17:00:00,1961.0,1915.6028
2017-12-07 18:00:00,2078.0,1993.726
2017-12-07 19:00:00,2112.0,2093.8987
2017-12-07 20:00:00,2139.0,2114.3384
2017-12-07 21:00:00,2100.0,2106.9675
2017-12-07 22:00:00,2044.0,2024.7831
2017-12-07 23:00:00,1963.0,1972.9169
2017-12-08 00:00:00,1907.0,1916.0621
2017-12-08 01:00:00,1874.0,1865.971
2017-12-08 02:00:00,1914.0,1864.7273
2017-12-08 03:00:00,1951.0,1939.43
2017-12-08 04:00:00,1975.0,1971.1819
2017-12-08 05:00:00,2051.0,2068.0933
2017-12-08 06:00:00,2231.0,2173.855
2017-12-08 07:00:00,2268.0,2267.3228
2017-12-08 08:00:00,2194.0,2201.3333
2017-12-08 09:00:00,2133.0,2090.2622
2017-12-08 10:00:00,2043.0,2042.7203
2017-12-08 11:00:00,1944.0,1960.9833
2017-12-08 12:00:00,1924.0,1880.1351
2017-12-08 13:00:00,1883.0,1865.9114
2017-12-08 14:00:00,1856.0,1860.6338
2017-12-08 15:00:00,1839.0,1846.0826
2017-12-08 16:00:00,1891.0,1894.2333
2017-12-08 17:00:00,2009.0,2005.0574
2017-12-08 18:00:00,2082.0,2073.5752
2017-12-08 19:00:00,2099.0,2127.8125
2017-12-08 20:00:00,2054.0,2098.8247
2017-12-08 21:00:00,2082.0,2028.2147
2017-12-08 22:00:00,2000.0,2022.4557
2017-12-08 23:00:00,2001.0,1959.8583
2017-12-09 00:00:00,1933.0,1979.7203
2017-12-09 01:00:00,1856.0,1925.2565
2017-12-09 02:00:00,1976.0,1839.2557
2017-12-09 03:00:00,1962.0,1969.164
2017-12-09 04:00:00,2055.0,2011.1425
2017-12-09 05:00:00,2110.0,2108.043
2017-12-09 06:00:00,2110.0,2174.055
2017-12-09 07:00:00,2160.0,2154.4434
2017-12-09 08:00:00,2277.0,2129.956
2017-12-09 09:00:00,2208.0,2246.8523
2017-12-09 10:00:00,2120.0,2163.874
2017-12-09 11:00:00,2074.0,1994.9977
2017-12-09 12:00:00,2020.0,2011.9363
2017-12-09 13:00:00,2002.0,1981.6437
2017-12-09 14:00:00,2014.0,1982.4148
2017-12-09 15:00:00,2057.0,2015.5961
2017-12-09 16:00:00,2047.0,2126.2097
2017-12-09 17:00:00,2140.0,2130.2754
2017-12-09 18:00:00,2146.0,2191.4656
2017-12-09 19:00:00,2163.0,2137.0535
2017-12-09 20:00:00,2107.0,2145.9114
2017-12-09 21:00:00,2126.0,2067.7485
2017-12-09 22:00:00,2058.0,2044.4595
2017-12-09 23:00:00,2014.0,1998.094
2017-12-10 00:00:00,1933.0,1958.8873
2017-12-10 01:00:00,1896.0,1913.2244
2017-12-10 02:00:00,1930.0,1886.0862
2017-12-10 03:00:00,1926.0,1937.5325
2017-12-10 04:00:00,1986.0,1969.0706
2017-12-10 05:00:00,2028.0,2021.536
2017-12-10 06:00:00,2104.0,2056.004
2017-12-10 07:00:00,2197.0,2188.6565
2017-12-10 08:00:00,2219.0,2223.0642
2017-12-10 09:00:00,2189.0,2184.9805
2017-12-10 10:00:00,2055.0,2099.1626
2017-12-10 11:00:00,1953.0,1971.7142
2017-12-10 12:00:00,1851.0,1854.9525
2017-12-10 13:00:00,1775.0,1765.215
2017-12-10 14:00:00,1743.0,1709.0303
2017-12-10 15:00:00,1728.0,1693.2495
2017-12-10 16:00:00,1799.0,1769.8649
2017-12-10 17:00:00,1916.0,1904.8009
2017-12-10 18:00:00,2003.0,2011.5236
2017-12-10 19:00:00,2048.0,1982.7554
2017-12-10 20:00:00,2058.0,2042.7087
2017-12-10 21:00:00,1982.0,2049.4019
2017-12-10 22:00:00,1904.0,1928.1278
2017-12-10 23:00:00,1812.0,1815.895
2017-12-11 00:00:00,1765.0,1763.8544
2017-12-11 01:00:00,1745.0,1741.1213
2017-12-11 02:00:00,1731.0,1732.5801
2017-12-11 03:00:00,1771.0,1723.1879
2017-12-11 04:00:00,1849.0,1798.5422
2017-12-11 05:00:00,1975.0,1942.2065
2017-12-11 06:00:00,2174.0,2070.6174
2017-12-11 07:00:00,2254.0,2220.0437
2017-12-11 08:00:00,2123.0,2196.2153
2017-12-11 09:00:00,1973.0,2003.5541
2017-12-11 10:00:00,1850.0,1852.9332
2017-12-11 11:00:00,1680.0,1734.9476
2017-12-11 12:00:00,1630.0,1588.3754
2017-12-11 13:00:00,1546.0,1559.8307
2017-12-11 14:00:00,1456.0,1500.3918
2017-12-11 15:00:00,1397.0,1438.4716
2017-12-11 16:00:00,1461.0,1476.868
2017-12-11 17:00:00,1680.0,1623.9756
2017-12-11 18:00:00,1772.0,1813.9104
2017-12-11 19:00:00,1797.0,1809.3971
2017-12-11 20:00:00,1716.0,1802.8021
2017-12-11 21:00:00,1666.0,1680.2223
2017-12-11 22:00:00,1572.0,1567.1298
2017-12-11 23:00:00,1498.0,1449.8683
2017-12-12 00:00:00,1463.0,1437.2128
2017-12-12 01:00:00,1458.0,1448.073
2017-12-12 02:00:00,1447.0,1464.8912
2017-12-12 03:00:00,1457.0,1490.03
2017-12-12 04:00:00,1503.0,1515.104
2017-12-12 05:00:00,1593.0,1622.1136
2017-12-12 06:00:00,1746.0,1715.5902
2017-12-12 07:00:00,1879.0,1822.7443
2017-12-12 08:00:00,1893.0,1836.6246
2017-12-12 09:00:00,1895.0,1836.2977
2017-12-12 10:00:00,1952.0,1852.8671
2017-12-12 11:00:00,1920.0,1910.0055
2017-12-12 12:00:00,1868.0,1908.7059
2017-12-12 13:00:00,1841.0,1826.9879
2017-12-12 14:00:00,1838.0,1802.6404
2017-12-12 15:00:00,1868.0,1823.2018
2017-12-12 16:00:00,1932.0,1930.4272
2017-12-12 17:00:00,2144.0,2040.251
2017-12-12 18:00:00,2283.0,2206.9546
2017-12-12 19:00:00,2310.0,2309.3008
2017-12-12 20:00:00,2324.0,2294.3853
2017-12-12 21:00:00,2282.0,2265.6396
2017-12-12 22:00:00,2179.0,2204.8154
2017-12-12 23:00:00,2117.0,2116.9363
2017-12-13 00:00:00,2081.0,2086.0515
2017-12-13 01:00:00,2088.0,2068.8281
2017-12-13 02:00:00,2094.0,2096.9897
2017-12-13 03:00:00,2128.0,2103.723
2017-12-13 04:00:00,2126.0,2187.2317
2017-12-13 05:00:00,2223.0,2208.7815
2017-12-13 06:00:00,2401.0,2401.8848
2017-12-13 07:00:00,2434.0,2475.0645
2017-12-13 08:00:00,2297.0,2375.901
2017-12-13 09:00:00,2128.0,2179.394
2017-12-13 10:00:00,1994.0,1998.3647
2017-12-13 11:00:00,1869.0,1869.6924
2017-12-13 12:00:00,1791.0,1738.2278
2017-12-13 13:00:00,1734.0,1717.9489
2017-12-13 14:00:00,1722.0,1705.9072
2017-12-13 15:00:00,1737.0,1716.3098
2017-12-13 16:00:00,1795.0,1797.5925
2017-12-13 17:00:00,1943.0,1937.1196
2017-12-13 18:00:00,1982.0,2010.9961
2017-12-13 19:00:00,1978.0,1962.8391
2017-12-13 20:00:00,1993.0,1963.3542
2017-12-13 21:00:00,1913.0,1962.1183
2017-12-13 22:00:00,1813.0,1842.4036
2017-12-13 23:00:00,1663.0,1710.9221
2017-12-14 00:00:00,1583.0,1597.9183
2017-12-14 01:00:00,1541.0,1546.2396
2017-12-14 02:00:00,1512.0,1528.4395
2017-12-14 03:00:00,1588.0,1524.8713
2017-12-14 04:00:00,1641.0,1662.0719
2017-12-14 05:00:00,1746.0,1740.3442
2017-12-14 06:00:00,1899.0,1901.2167
2017-12-14 07:00:00,1972.0,1946.1841
2017-12-14 08:00:00,1922.0,1896.9243
2017-12-14 09:00:00,1878.0,1857.5198
2017-12-14 10:00:00,1861.0,1810.1356
2017-12-14 11:00:00,1811.0,1778.9962
2017-12-14 12:00:00,1765.0,1762.0542
2017-12-14 13:00:00,1760.0,1746.747
2017-12-14 14:00:00,1742.0,1727.1416
2017-12-14 15:00:00,1746.0,1731.3778
2017-12-14 16:00:00,1807.0,1796.5046
2017-12-14 17:00:00,1957.0,1925.3893
2017-12-14 18:00:00,2054.0,2003.9866
2017-12-14 19:00:00,2094.0,2067.1506
2017-12-14 20:00:00,2080.0,2070.609
2017-12-14 21:00:00,2076.0,2034.0647
2017-12-14 22:00:00,1983.0,1973.0225
2017-12-14 23:00:00,1899.0,1897.8525
2017-12-15 00:00:00,1840.0,1825.7975
2017-12-15 01:00:00,1801.0,1813.5363
2017-12-15 02:00:00,1788.0,1778.2101
2017-12-15 03:00:00,1810.0,1787.9698
2017-12-15 04:00:00,1850.0,1850.5574
2017-12-15 05:00:00,1944.0,1949.0763
2017-12-15 06:00:00,2140.0,2037.6323
2017-12-15 07:00:00,2154.0,2179.6248
2017-12-15 08:00:00,2103.0,2097.403
2017-12-15 09:00:00,2074.0,2013.0804
2017-12-15 10:00:00,2068.0,2003.145
2017-12-15 11:00:00,2004.0,2023.6953
2017-12-15 12:00:00,1987.0,1980.4296
2017-12-15 13:00:00,1893.0,1952.9673
2017-12-15 14:00:00,1887.0,1839.1881
2017-12-15 15:00:00,1833.0,1874.6796
2017-12-15 16:00:00,1885.0,1849.8536
2017-12-15 17:00:00,2002.0,1938.4462
2017-12-15 18:00:00,2059.0,2043.5934
2017-12-15 19:00:00,2019.0,2074.164
2017-12-15 20:00:00,1980.0,1983.7938
2017-12-15 21:00:00,1959.0,1936.1564
2017-12-15 22:00:00,1894.0,1858.2603
2017-12-15 23:00:00,1810.0,1820.8741
2017-12-16 00:00:00,1751.0,1733.0885
2017-12-16 01:00:00,1709.0,1727.9337
2017-12-16 02:00:00,1678.0,1686.062
2017-12-16 03:00:00,1758.0,1670.4902
2017-12-16 04:00:00,1785.0,1783.7871
2017-12-16 05:00:00,1837.0,1840.1449
2017-12-16 06:00:00,1924.0,1898.2789
2017-12-16 07:00:00,2008.0,1983.7458
2017-12-16 08:00:00,1983.0,1993.7931
2017-12-16 09:00:00,1866.0,1936.1757
2017-12-16 10:00:00,1790.0,1787.0693
2017-12-16 11:00:00,1699.0,1694.0494
2017-12-16 12:00:00,1585.0,1648.8623
2017-12-16 13:00:00,1533.0,1522.1171
2017-12-16 14:00:00,1465.0,1471.3955
2017-12-16 15:00:00,1440.0,1425.3173
2017-12-16 16:00:00,1458.0,1485.0648
2017-12-16 17:00:00,1639.0,1573.0718
2017-12-16 18:00:00,1709.0,1727.0411
2017-12-16 19:00:00,1718.0,1724.1122
2017-12-16 20:00:00,1699.0,1702.0087
2017-12-16 21:00:00,1741.0,1679.1698
2017-12-16 22:00:00,1734.0,1661.252
2017-12-16 23:00:00,1677.0,1667.2072
2017-12-17 00:00:00,1613.0,1611.0243
2017-12-17 01:00:00,1592.0,1593.665
2017-12-17 02:00:00,1574.0,1579.4474
2017-12-17 03:00:00,1579.0,1582.0532
2017-12-17 04:00:00,1533.0,1573.2086
2017-12-17 05:00:00,1601.0,1547.6217
2017-12-17 06:00:00,1623.0,1633.2809
2017-12-17 07:00:00,1685.0,1658.4535
2017-12-17 08:00:00,1760.0,1691.3967
2017-12-17 09:00:00,1803.0,1762.9604
2017-12-17 10:00:00,1757.0,1784.3661
2017-12-17 11:00:00,1673.0,1700.3588
2017-12-17 12:00:00,1656.0,1628.7633
2017-12-17 13:00:00,1664.0,1600.8324
2017-12-17 14:00:00,1581.0,1647.2427
2017-12-17 15:00:00,1578.0,1571.8798
2017-12-17 16:00:00,1654.0,1583.9059
2017-12-17 17:00:00,1704.0,1735.4515
2017-12-17 18:00:00,1742.0,1758.7189
2017-12-17 19:00:00,1762.0,1736.8425
2017-12-17 20:00:00,1703.0,1738.2792
2017-12-17 21:00:00,1641.0,1660.0872
2017-12-17 22:00:00,1624.0,1550.9403
2017-12-17 23:00:00,1463.0,1525.4575
2017-12-18 00:00:00,1402.0,1385.4615
2017-12-18 01:00:00,1384.0,1368.0801
2017-12-18 02:00:00,1363.0,1360.2217
2017-12-18 03:00:00,1339.0,1366.2648
2017-12-18 04:00:00,1383.0,1354.9918
2017-12-18 05:00:00,1489.0,1456.6351
2017-12-18 06:00:00,1641.0,1640.85
2017-12-18 07:00:00,1662.0,1712.073
2017-12-18 08:00:00,1591.0,1645.3622
2017-12-18 09:00:00,1617.0,1549.9441
2017-12-18 10:00:00,1538.0,1581.6222
2017-12-18 11:00:00,1545.0,1499.0103
2017-12-18 12:00:00,1554.0,1505.5334
2017-12-18 13:00:00,1522.0,1547.5249
2017-12-18 14:00:00,1531.0,1508.6871
2017-12-18 15:00:00,1527.0,1523.5403
2017-12-18 16:00:00,1559.0,1579.3073
2017-12-18 17:00:00,1662.0,1671.0125
2017-12-18 18:00:00,1731.0,1725.6348
2017-12-18 19:00:00,1728.0,1744.1113
2017-12-18 20:00:00,1692.0,1704.1271
2017-12-18 21:00:00,1646.0,1641.3091
2017-12-18 22:00:00,1529.0,1529.9818
2017-12-18 23:00:00,1408.0,1411.6787
2017-12-19 00:00:00,1351.0,1324.7092
2017-12-19 01:00:00,1231.0,1309.4348
2017-12-19 02:00:00,1274.0,1215.399
2017-12-19 03:00:00,1296.0,1261.3357
2017-12-19 04:00:00,1365.0,1343.9933
2017-12-19 05:00:00,1460.0,1474.7305
2017-12-19 06:00:00,1575.0,1618.12
2017-12-19 07:00:00,1628.0,1650.5529
2017-12-19 08:00:00,1649.0,1601.1693
2017-12-19 09:00:00,1618.0,1645.5262
2017-12-19 10:00:00,1515.0,1601.6407
2017-12-19 11:00:00,1459.0,1474.9695
2017-12-19 12:00:00,1408.0,1401.6831
2017-12-19 13:00:00,1390.0,1350.4835
2017-12-19 14:00:00,1391.0,1362.6459
2017-12-19 15:00:00,1376.0,1392.1788
2017-12-19 16:00:00,1442.0,1426.8975
2017-12-19 17:00:00,1520.0,1551.5243
2017-12-19 18:00:00,1620.0,1585.9521
2017-12-19 19:00:00,1541.0,1629.9304
2017-12-19 20:00:00,1602.0,1512.5631
2017-12-19 21:00:00,1516.0,1529.6542
2017-12-19 22:00:00,1453.0,1433.9974
2017-12-19 23:00:00,1342.0,1340.971
2017-12-20 00:00:00,1297.0,1275.3973
2017-12-20 01:00:00,1253.0,1253.3369
2017-12-20 02:00:00,1245.0,1228.8113
2017-12-20 03:00:00,1249.0,1243.5706
2017-12-20 04:00:00,1280.0,1280.6443
2017-12-20 05:00:00,1389.0,1374.1586
2017-12-20 06:00:00,1494.0,1552.2899
2017-12-20 07:00:00,1538.0,1563.8198
2017-12-20 08:00:00,1568.0,1512.7303
2017-12-20 09:00:00,1563.0,1535.4652
2017-12-20 10:00:00,1571.0,1542.5297
2017-12-20 11:00:00,1516.0,1546.28
2017-12-20 12:00:00,1493.0,1477.6069
2017-12-20 13:00:00,1447.0,1445.4161
2017-12-20 14:00:00,1437.0,1417.9293
2017-12-20 15:00:00,1399.0,1434.784
2017-12-20 16:00:00,1432.0,1438.7219
2017-12-20 17:00:00,1573.0,1537.4355
2017-12-20 18:00:00,1704.0,1638.0266
2017-12-20 19:00:00,1731.0,1737.5734
2017-12-20 20:00:00,1733.0,1719.0316
2017-12-20 21:00:00,1752.0,1682.8448
2017-12-20 22:00:00,1678.0,1673.7972
2017-12-20 23:00:00,1612.0,1584.1462
2017-12-21 00:00:00,1568.0,1573.0892
2017-12-21 01:00:00,1582.0,1527.5865
2017-12-21 02:00:00,1569.0,1606.1674
2017-12-21 03:00:00,1590.0,1614.6104
2017-12-21 04:00:00,1649.0,1629.2748
2017-12-21 05:00:00,1673.0,1750.5586
2017-12-21 06:00:00,1772.0,1782.4154
2017-12-21 07:00:00,1874.0,1843.6083
2017-12-21 08:00:00,1829.0,1870.6826
2017-12-21 09:00:00,1721.0,1808.245
2017-12-21 10:00:00,1593.0,1682.5172
2017-12-21 11:00:00,1543.0,1506.6782
2017-12-21 12:00:00,1449.0,1492.891
2017-12-21 13:00:00,1430.0,1398.9093
2017-12-21 14:00:00,1348.0,1403.665
2017-12-21 15:00:00,1378.0,1322.8763
2017-12-21 16:00:00,1385.0,1443.5806
2017-12-21 17:00:00,1509.0,1506.7202
2017-12-21 18:00:00,1521.0,1636.1707
2017-12-21 19:00:00,1549.0,1536.6016
2017-12-21 20:00:00,1529.0,1550.5023
2017-12-21 21:00:00,1487.0,1523.2352
2017-12-21 22:00:00,1430.0,1439.1433
2017-12-21 23:00:00,1298.0,1354.6509
2017-12-22 00:00:00,1228.0,1210.3768
2017-12-22 01:00:00,1216.0,1202.7312
2017-12-22 02:00:00,1174.0,1199.6328
2017-12-22 03:00:00,1211.0,1188.2865
2017-12-22 04:00:00,1190.0,1234.8959
2017-12-22 05:00:00,1244.0,1288.7388
2017-12-22 06:00:00,1333.0,1369.0797
2017-12-22 07:00:00,1350.0,1385.5283
2017-12-22 08:00:00,1353.0,1368.3682
2017-12-22 09:00:00,1411.0,1368.0918
2017-12-22 10:00:00,1391.0,1426.7832
2017-12-22 11:00:00,1392.0,1391.9867
2017-12-22 12:00:00,1375.0,1374.9729
2017-12-22 13:00:00,1349.0,1351.9028
2017-12-22 14:00:00,1364.0,1315.1356
2017-12-22 15:00:00,1383.0,1355.1289
2017-12-22 16:00:00,1402.0,1441.2048
2017-12-22 17:00:00,1440.0,1477.6724
2017-12-22 18:00:00,1466.0,1474.7904
2017-12-22 19:00:00,1428.0,1449.6685
2017-12-22 20:00:00,1393.0,1418.446
2017-12-22 21:00:00,1384.0,1350.7445
2017-12-22 22:00:00,1321.0,1290.0723
2017-12-22 23:00:00,1190.0,1228.7032
2017-12-23 00:00:00,1134.0,1104.6455
2017-12-23 01:00:00,1053.0,1084.2521
2017-12-23 02:00:00,1021.0,1027.2974
2017-12-23 03:00:00,1035.0,1005.70856
2017-12-23 04:00:00,1040.0,1035.967
2017-12-23 05:00:00,1054.0,1078.4972
2017-12-23 06:00:00,1119.0,1120.5245
2017-12-23 07:00:00,1189.0,1201.2266
2017-12-23 08:00:00,1305.0,1267.1732
2017-12-23 09:00:00,1370.0,1365.0842
2017-12-23 10:00:00,1476.0,1383.3445
2017-12-23 11:00:00,1527.0,1505.0391
2017-12-23 12:00:00,1538.0,1558.5494
2017-12-23 13:00:00,1562.0,1551.4662
2017-12-23 14:00:00,1532.0,1565.9438
2017-12-23 15:00:00,1585.0,1533.4822
2017-12-23 16:00:00,1605.0,1626.7538
2017-12-23 17:00:00,1697.0,1696.2529
2017-12-23 18:00:00,1709.0,1710.5256
2017-12-23 19:00:00,1702.0,1686.3318
2017-12-23 20:00:00,1707.0,1672.3792
2017-12-23 21:00:00,1683.0,1672.0623
2017-12-23 22:00:00,1652.0,1608.9467
2017-12-23 23:00:00,1542.0,1552.1637
2017-12-24 00:00:00,1495.0,1480.1917
2017-12-24 01:00:00,1476.0,1443.62
2017-12-24 02:00:00,1461.0,1450.9475
2017-12-24 03:00:00,1411.0,1465.4927
2017-12-24 04:00:00,1470.0,1430.2705
2017-12-24 05:00:00,1508.0,1511.5536
2017-12-24 06:00:00,1547.0,1594.2568
2017-12-24 07:00:00,1656.0,1655.4221
2017-12-24 08:00:00,1772.0,1725.4722
2017-12-24 09:00:00,1823.0,1784.0875
2017-12-24 10:00:00,1776.0,1789.6891
2017-12-24 11:00:00,1706.0,1685.082
2017-12-24 12:00:00,1686.0,1653.1492
2017-12-24 13:00:00,1649.0,1631.1589
2017-12-24 14:00:00,1632.0,1607.6871
2017-12-24 15:00:00,1573.0,1628.9636
2017-12-24 16:00:00,1598.0,1595.8501
2017-12-24 17:00:00,1662.0,1652.7053
2017-12-24 18:00:00,1689.0,1717.2751
2017-12-24 19:00:00,1734.0,1672.8696
2017-12-24 20:00:00,1803.0,1704.7472
2017-12-24 21:00:00,1869.0,1786.2538
2017-12-24 22:00:00,1860.0,1841.9381
2017-12-24 23:00:00,1872.0,1824.0322
2017-12-25 00:00:00,1841.0,1832.1039
2017-12-25 01:00:00,1839.0,1842.945
2017-12-25 02:00:00,1842.0,1841.3041
2017-12-25 03:00:00,1847.0,1848.8463
2017-12-25 04:00:00,1875.0,1872.1074
2017-12-25 05:00:00,1908.0,1930.5468
2017-12-25 06:00:00,1961.0,2002.1913
2017-12-25 07:00:00,2015.0,1973.4171
2017-12-25 08:00:00,2087.0,1977.8739
2017-12-25 09:00:00,2053.0,2050.016
2017-12-25 10:00:00,1991.0,2023.8663
2017-12-25 11:00:00,1957.0,1944.9281
2017-12-25 12:00:00,1870.0,1887.7332
2017-12-25 13:00:00,1822.0,1817.01
2017-12-25 14:00:00,1753.0,1757.3906
2017-12-25 15:00:00,1759.0,1724.6696
2017-12-25 16:00:00,1810.0,1788.5444
2017-12-25 17:00:00,1871.0,1964.5441
2017-12-25 18:00:00,1978.0,1934.3037
2017-12-25 19:00:00,1974.0,1957.6425
2017-12-25 20:00:00,1992.0,1940.7968
2017-12-25 21:00:00,1974.0,1925.169
2017-12-25 22:00:00,1909.0,1887.0984
2017-12-25 23:00:00,1854.0,1811.8186
2017-12-26 00:00:00,1784.0,1779.7539
2017-12-26 01:00:00,1729.0,1752.9954
2017-12-26 02:00:00,1746.0,1699.2028
2017-12-26 03:00:00,1797.0,1740.4266
2017-12-26 04:00:00,1791.0,1845.5162
2017-12-26 05:00:00,1900.0,1861.5092
2017-12-26 06:00:00,1937.0,2007.6332
2017-12-26 07:00:00,2013.0,1993.0901
2017-12-26 08:00:00,2041.0,2003.8579
2017-12-26 09:00:00,2075.0,2028.7714
2017-12-26 10:00:00,2035.0,2050.4895
2017-12-26 11:00:00,1991.0,1992.5073
2017-12-26 12:00:00,1917.0,1958.1383
2017-12-26 13:00:00,1872.0,1857.4762
2017-12-26 14:00:00,1793.0,1831.5591
2017-12-26 15:00:00,1796.0,1763.595
2017-12-26 16:00:00,1856.0,1801.1353
2017-12-26 17:00:00,1939.0,1955.5017
2017-12-26 18:00:00,2076.0,2002.4343
2017-12-26 19:00:00,2054.0,2090.8538
2017-12-26 20:00:00,2043.0,2036.4222
2017-12-26 21:00:00,2064.0,2013.7866
2017-12-26 22:00:00,2019.0,2011.7839
2017-12-26 23:00:00,1932.0,1966.2777
2017-12-27 00:00:00,1909.0,1875.7443
2017-12-27 01:00:00,1899.0,1887.781
2017-12-27 02:00:00,1954.0,1898.3002
2017-12-27 03:00:00,1975.0,1970.3569
2017-12-27 04:00:00,2099.0,2042.8815
2017-12-27 05:00:00,2176.0,2223.8347
2017-12-27 06:00:00,2340.0,2321.6763
2017-12-27 07:00:00,2442.0,2392.4055
2017-12-27 08:00:00,2467.0,2365.838
2017-12-27 09:00:00,2449.0,2289.1445
2017-12-27 10:00:00,2362.0,2285.9092
2017-12-27 11:00:00,2284.0,2227.819
2017-12-27 12:00:00,2159.0,2143.0974
2017-12-27 13:00:00,2123.0,2053.815
2017-12-27 14:00:00,2061.0,2037.461
2017-12-27 15:00:00,2047.0,2049.7053
2017-12-27 16:00:00,2122.0,2068.9976
2017-12-27 17:00:00,2337.0,2217.9758
2017-12-27 18:00:00,2509.0,2403.0347
2017-12-27 19:00:00,2540.0,2475.0417
2017-12-27 20:00:00,2590.0,2436.9607
2017-12-27 21:00:00,2540.0,2507.0212
2017-12-27 22:00:00,2538.0,2385.563
2017-12-27 23:00:00,2489.0,2374.6814
2017-12-28 00:00:00,2480.0,2438.9883
2017-12-28 01:00:00,2485.0,2465.3826
2017-12-28 02:00:00,2479.0,2469.9429
2017-12-28 03:00:00,2522.0,2468.3875
2017-12-28 04:00:00,2533.0,2507.8806
2017-12-28 05:00:00,2609.0,2521.2236
2017-12-28 06:00:00,2731.0,2633.64
2017-12-28 07:00:00,2739.0,2743.1555
2017-12-28 08:00:00,2756.0,2682.9924
2017-12-28 09:00:00,2737.0,2613.48
2017-12-28 10:00:00,2568.0,2573.3533
2017-12-28 11:00:00,2465.0,2413.9856
2017-12-28 12:00:00,2302.0,2251.927
2017-12-28 13:00:00,2176.0,2129.9514
2017-12-28 14:00:00,2106.0,2090.316
2017-12-28 15:00:00,2028.0,2069.868
2017-12-28 16:00:00,2047.0,2045.2035
2017-12-28 17:00:00,2226.0,2149.6345
2017-12-28 18:00:00,2359.0,2360.3997
2017-12-28 19:00:00,2390.0,2395.7014
2017-12-28 20:00:00,2439.0,2389.693
2017-12-28 21:00:00,2404.0,2382.5706
2017-12-28 22:00:00,2353.0,2273.5623
2017-12-28 23:00:00,2291.0,2251.899
2017-12-29 00:00:00,2220.0,2237.415
2017-12-29 01:00:00,2189.0,2194.2026
2017-12-29 02:00:00,2186.0,2167.8643
2017-12-29 03:00:00,2174.0,2220.0776
2017-12-29 04:00:00,2190.0,2220.4717
2017-12-29 05:00:00,2206.0,2267.31
2017-12-29 06:00:00,2303.0,2325.3816
2017-12-29 07:00:00,2286.0,2363.2551
2017-12-29 08:00:00,2324.0,2275.2976
2017-12-29 09:00:00,2254.0,2242.578
2017-12-29 10:00:00,2139.0,2193.6008
2017-12-29 11:00:00,2005.0,2042.1195
2017-12-29 12:00:00,1955.0,1894.485
2017-12-29 13:00:00,1884.0,1883.1837
2017-12-29 14:00:00,1867.0,1826.0261
2017-12-29 15:00:00,1901.0,1843.3384
2017-12-29 16:00:00,1922.0,1945.6113
2017-12-29 17:00:00,1934.0,2060.9758
2017-12-29 18:00:00,2144.0,2052.7205
2017-12-29 19:00:00,2073.0,2174.6597
2017-12-29 20:00:00,2086.0,2083.8425
2017-12-29 21:00:00,2065.0,2037.2509
2017-12-29 22:00:00,2038.0,2017.2605
2017-12-29 23:00:00,1995.0,1964.0197
2017-12-30 00:00:00,1883.0,1940.0712
2017-12-30 01:00:00,1854.0,1842.8953
2017-12-30 02:00:00,1848.0,1796.8619
2017-12-30 03:00:00,1824.0,1818.9717
2017-12-30 04:00:00,1845.0,1832.8232
2017-12-30 05:00:00,1845.0,1851.746
2017-12-30 06:00:00,1912.0,1867.4078
2017-12-30 07:00:00,1945.0,1985.2379
2017-12-30 08:00:00,2015.0,1924.9158
2017-12-30 09:00:00,2051.0,1992.1123
2017-12-30 10:00:00,2096.0,2017.4137
2017-12-30 11:00:00,2048.0,2047.3226
2017-12-30 12:00:00,2085.0,2022.5956
2017-12-30 13:00:00,2096.0,2040.2081
2017-12-30 14:00:00,2097.0,2099.4556
2017-12-30 15:00:00,2114.0,2109.8567
2017-12-30 16:00:00,2185.0,2134.788
2017-12-30 17:00:00,2263.0,2264.507
2017-12-30 18:00:00,2339.0,2307.0674
2017-12-30 19:00:00,2334.0,2335.043
2017-12-30 20:00:00,2364.0,2343.8958
2017-12-30 21:00:00,2379.0,2313.44
2017-12-30 22:00:00,2405.0,2302.8464
2017-12-30 23:00:00,2355.0,2299.318
2017-12-31 00:00:00,2397.0,2301.6785
2017-12-31 01:00:00,2390.0,2353.2615
2017-12-31 02:00:00,2422.0,2359.2515
2017-12-31 03:00:00,2472.0,2423.7603
2017-12-31 04:00:00,2542.0,2531.666
2017-12-31 05:00:00,2554.0,2547.9219
2017-12-31 06:00:00,2622.0,2639.4797
2017-12-31 07:00:00,2697.0,2673.8633
2017-12-31 08:00:00,2759.0,2666.6301
2017-12-31 09:00:00,2757.0,2593.1858
2017-12-31 10:00:00,2625.0,2528.3499
2017-12-31 11:00:00,2507.0,2392.8286
2017-12-31 12:00:00,2435.0,2312.102
2017-12-31 13:00:00,2357.0,2236.8447
2017-12-31 14:00:00,2248.0,2212.9211
2017-12-31 15:00:00,2264.0,2183.1782
2017-12-31 16:00:00,2348.0,2243.8877
2017-12-31 17:00:00,2505.0,2387.16
2017-12-31 18:00:00,2614.0,2550.9446
2017-12-31 19:00:00,2633.0,2576.4998
2017-12-31 20:00:00,2632.0,2576.6428
2017-12-31 21:00:00,2648.0,2541.8528
2017-12-31 22:00:00,2617.0,2629.5256
2017-12-31 23:00:00,2605.0,2545.2087
2018-01-01 00:00:00,2660.0,2581.8037
2018-01-01 01:00:00,2697.0,2702.7368
2018-01-01 02:00:00,2591.0,2749.4626
2018-01-01 03:00:00,2670.0,2609.4275
2018-01-01 04:00:00,2715.0,2727.97
2018-01-01 05:00:00,2761.0,2783.3442
2018-01-01 06:00:00,2774.0,2803.0625
2018-01-01 07:00:00,2821.0,2764.9297
2018-01-01 08:00:00,2856.0,2723.6978
2018-01-01 09:00:00,2840.0,2838.265
2018-01-01 10:00:00,2745.0,2667.083
2018-01-01 11:00:00,2563.0,2617.5537
2018-01-01 12:00:00,2511.0,2474.8088
2018-01-01 13:00:00,2424.0,2381.8042
2018-01-01 14:00:00,2369.0,2336.9795
2018-01-01 15:00:00,2352.0,2367.785
2018-01-01 16:00:00,2408.0,2384.0151
2018-01-01 17:00:00,2594.0,2482.891
2018-01-01 18:00:00,2739.0,2662.5083
2018-01-01 19:00:00,2866.0,2737.9585
2018-01-01 20:00:00,2846.0,2905.8687
2018-01-01 21:00:00,2883.0,2734.0627
2018-01-01 22:00:00,2880.0,2841.8293
2018-01-01 23:00:00,2846.0,2983.5974
2018-01-02 00:00:00,2883.0,2765.8992
2018-01-02 01:00:00,2902.0,2946.9001
2018-01-02 02:00:00,2951.0,3034.6885
2018-01-02 03:00:00,3023.0,3015.4062
2018-01-02 04:00:00,3003.0,3090.1675
2018-01-02 05:00:00,3158.0,3139.8735
2018-01-02 06:00:00,3380.0,3182.642
2018-01-02 07:00:00,3431.0,3172.6348
2018-01-02 08:00:00,3360.0,3167.9246
2018-01-02 09:00:00,3207.0,2983.5635
2018-01-02 10:00:00,2949.0,2917.6033
2018-01-02 11:00:00,2716.0,2901.9731
2018-01-02 12:00:00,2592.0,2647.157
2018-01-02 13:00:00,2411.0,2476.4805
2018-01-02 14:00:00,2312.0,2328.3767
2018-01-02 15:00:00,2196.0,2250.3376
2018-01-02 16:00:00,2305.0,2186.3318
2018-01-02 17:00:00,2498.0,2362.7754
2018-01-02 18:00:00,2714.0,2584.002
2018-01-02 19:00:00,2838.0,2697.381
2018-01-02 20:00:00,2874.0,2744.7969
2018-01-02 21:00:00,2911.0,2903.793
2018-01-02 22:00:00,2898.0,2920.7205
2018-01-02 23:00:00,2821.0,2937.4358
2018-01-03 00:00:00,2868.0,2751.5757
2018-01-03 01:00:00,2865.0,2977.3525
2018-01-03 02:00:00,2861.0,3025.0652
2018-01-03 03:00:00,2875.0,2980.751
2018-01-03 04:00:00,2873.0,3158.3025
2018-01-03 05:00:00,2964.0,3232.6582
2018-01-03 06:00:00,3095.0,3258.0176
2018-01-03 07:00:00,3093.0,3238.5515
2018-01-03 08:00:00,2979.0,3148.8987
2018-01-03 09:00:00,2839.0,2959.5999
2018-01-03 10:00:00,2610.0,2625.5698
2018-01-03 11:00:00,2384.0,2411.8574
2018-01-03 12:00:00,2160.0,2259.8486
2018-01-03 13:00:00,2082.0,2107.6843
2018-01-03 14:00:00,1968.0,1983.4806
2018-01-03 15:00:00,2041.0,1909.2804
2018-01-03 16:00:00,2133.0,2046.3013
2018-01-03 17:00:00,2234.0,2283.6365
2018-01-03 18:00:00,2347.0,2362.7134
2018-01-03 19:00:00,2452.0,2360.863
2018-01-03 20:00:00,2403.0,2454.561
2018-01-03 21:00:00,2388.0,2381.8843
2018-01-03 22:00:00,2276.0,2347.0671
2018-01-03 23:00:00,2247.0,2260.0288
2018-01-04 00:00:00,2179.0,2154.64
2018-01-04 01:00:00,2223.0,2164.5457
2018-01-04 02:00:00,2265.0,2218.6914
2018-01-04 03:00:00,2317.0,2290.4956
2018-01-04 04:00:00,2409.0,2307.4417
2018-01-04 05:00:00,2466.0,2446.3762
2018-01-04 06:00:00,2658.0,2538.1865
2018-01-04 07:00:00,2747.0,2696.9536
2018-01-04 08:00:00,2727.0,2707.1838
2018-01-04 09:00:00,2682.0,2640.5261
2018-01-04 10:00:00,2577.0,2527.205
2018-01-04 11:00:00,2471.0,2326.8796
2018-01-04 12:00:00,2379.0,2319.2961
2018-01-04 13:00:00,2309.0,2260.3179
2018-01-04 14:00:00,2276.0,2225.0654
2018-01-04 15:00:00,2347.0,2241.9407
2018-01-04 16:00:00,2336.0,2378.7014
2018-01-04 17:00:00,2513.0,2460.3867
2018-01-04 18:00:00,2650.0,2594.313
2018-01-04 19:00:00,2710.0,2664.0286
2018-01-04 20:00:00,2669.0,2741.2275
2018-01-04 21:00:00,2672.0,2750.7378
2018-01-04 22:00:00,2652.0,2707.56
2018-01-04 23:00:00,2621.0,2720.888
2018-01-05 00:00:00,2613.0,2566.4932
2018-01-05 01:00:00,2602.0,2550.4475
2018-01-05 02:00:00,2655.0,2580.333
2018-01-05 03:00:00,2669.0,2743.6592
2018-01-05 04:00:00,2720.0,2793.3066
2018-01-05 05:00:00,2818.0,2815.8503
2018-01-05 06:00:00,2912.0,2804.5112
2018-01-05 07:00:00,2951.0,3003.4229
2018-01-05 08:00:00,2927.0,2983.3586
2018-01-05 09:00:00,2864.0,2938.1316
2018-01-05 10:00:00,2790.0,2950.5713
2018-01-05 11:00:00,2688.0,2632.535
2018-01-05 12:00:00,2565.0,2621.6987
2018-01-05 13:00:00,2484.0,2475.7917
2018-01-05 14:00:00,2434.0,2411.2222
2018-01-05 15:00:00,2337.0,2404.1548
2018-01-05 16:00:00,2419.0,2369.6135
2018-01-05 17:00:00,2560.0,2522.8086
2018-01-05 18:00:00,2670.0,2653.2222
2018-01-05 19:00:00,2776.0,2757.3574
2018-01-05 20:00:00,2775.0,2783.4385
2018-01-05 21:00:00,2823.0,2742.0857
2018-01-05 22:00:00,2844.0,2715.1172
2018-01-05 23:00:00,2841.0,2718.8987
2018-01-06 00:00:00,2851.0,2751.1382
2018-01-06 01:00:00,2883.0,2747.438
2018-01-06 02:00:00,2926.0,2905.338
2018-01-06 03:00:00,2963.0,2928.93
2018-01-06 04:00:00,3011.0,3000.3184
2018-01-06 05:00:00,3101.0,3160.3186
2018-01-06 06:00:00,3195.0,3179.3784
2018-01-06 07:00:00,3292.0,3188.8513
2018-01-06 08:00:00,3300.0,3128.351
2018-01-06 09:00:00,3120.0,3003.558
2018-01-06 10:00:00,2907.0,2942.1394
2018-01-06 11:00:00,2628.0,2831.633
2018-01-06 12:00:00,2504.0,2511.8164
2018-01-06 13:00:00,2361.0,2371.6577
2018-01-06 14:00:00,2274.0,2298.8135
2018-01-06 15:00:00,2172.0,2256.3906
2018-01-06 16:00:00,2239.0,2167.7988
2018-01-06 17:00:00,2406.0,2281.994
2018-01-06 18:00:00,2630.0,2438.405
2018-01-06 19:00:00,2670.0,2568.3013
2018-01-06 20:00:00,2744.0,2689.1575
2018-01-06 21:00:00,2725.0,2689.406
2018-01-06 22:00:00,2734.0,2676.7915
2018-01-06 23:00:00,2740.0,2654.947
2018-01-07 00:00:00,2766.0,2692.4492
2018-01-07 01:00:00,2691.0,2706.3606
2018-01-07 02:00:00,2783.0,2722.1829
2018-01-07 03:00:00,2734.0,2729.537
2018-01-07 04:00:00,2771.0,2756.157
2018-01-07 05:00:00,2799.0,2769.6418
2018-01-07 06:00:00,2834.0,2763.4463
2018-01-07 07:00:00,2843.0,2741.4175
2018-01-07 08:00:00,2832.0,2673.0408
2018-01-07 09:00:00,2751.0,2638.439
2018-01-07 10:00:00,2518.0,2572.9414
2018-01-07 11:00:00,2367.0,2350.1428
2018-01-07 12:00:00,2112.0,2274.8684
2018-01-07 13:00:00,1986.0,2059.44
2018-01-07 14:00:00,1871.0,1893.6868
2018-01-07 15:00:00,1802.0,1854.0492
2018-01-07 16:00:00,1851.0,1827.115
2018-01-07 17:00:00,1950.0,1947.3085
2018-01-07 18:00:00,2069.0,2060.773
2018-01-07 19:00:00,2057.0,2137.505
2018-01-07 20:00:00,2020.0,2084.3184
2018-01-07 21:00:00,2016.0,2018.676
2018-01-07 22:00:00,1940.0,1929.5491
2018-01-07 23:00:00,1848.0,1858.2731
2018-01-08 00:00:00,1793.0,1783.2693
2018-01-08 01:00:00,1759.0,1735.3464
2018-01-08 02:00:00,1729.0,1748.6702
2018-01-08 03:00:00,1744.0,1734.1403
2018-01-08 04:00:00,1754.0,1755.202
2018-01-08 05:00:00,1852.0,1800.4093
2018-01-08 06:00:00,1930.0,1982.5515
2018-01-08 07:00:00,1983.0,1977.7877
2018-01-08 08:00:00,2007.0,1942.6953
2018-01-08 09:00:00,1996.0,1973.1786
2018-01-08 10:00:00,2022.0,1951.8219
2018-01-08 11:00:00,2021.0,1980.3701
2018-01-08 12:00:00,1964.0,2003.6852
2018-01-08 13:00:00,1956.0,1926.3463
2018-01-08 14:00:00,1894.0,1925.2643
2018-01-08 15:00:00,1910.0,1899.8276
2018-01-08 16:00:00,1934.0,1935.8691
2018-01-08 17:00:00,1990.0,2042.3391
2018-01-08 18:00:00,2009.0,2074.4226
2018-01-08 19:00:00,1983.0,2019.8088
2018-01-08 20:00:00,1966.0,1958.0902
2018-01-08 21:00:00,1920.0,1902.0148
2018-01-08 22:00:00,1815.0,1837.5068
2018-01-08 23:00:00,1705.0,1726.8064
2018-01-09 00:00:00,1631.0,1658.7468
2018-01-09 01:00:00,1638.0,1614.578
2018-01-09 02:00:00,1600.0,1648.1698
2018-01-09 03:00:00,1588.0,1631.2933
2018-01-09 04:00:00,1621.0,1622.7867
2018-01-09 05:00:00,1736.0,1703.6302
2018-01-09 06:00:00,1876.0,1883.3013
2018-01-09 07:00:00,1920.0,1922.7529
2018-01-09 08:00:00,1875.0,1892.2151
2018-01-09 09:00:00,1833.0,1864.6145
2018-01-09 10:00:00,1795.0,1796.9385
2018-01-09 11:00:00,1744.0,1751.3776
2018-01-09 12:00:00,1642.0,1717.4756
2018-01-09 13:00:00,1633.0,1593.0046
2018-01-09 14:00:00,1562.0,1585.4034
2018-01-09 15:00:00,1546.0,1559.6699
2018-01-09 16:00:00,1590.0,1565.746
2018-01-09 17:00:00,1721.0,1672.0369
2018-01-09 18:00:00,1793.0,1848.7965
2018-01-09 19:00:00,1838.0,1831.0541
2018-01-09 20:00:00,1825.0,1824.734
2018-01-09 21:00:00,1755.0,1796.5577
2018-01-09 22:00:00,1680.0,1678.1676
2018-01-09 23:00:00,1569.0,1590.4783
2018-01-10 00:00:00,1432.0,1490.8702
2018-01-10 01:00:00,1462.0,1384.1895
2018-01-10 02:00:00,1429.0,1435.2214
2018-01-10 03:00:00,1447.0,1436.9044
2018-01-10 04:00:00,1470.0,1507.4401
2018-01-10 05:00:00,1545.0,1568.708
2018-01-10 06:00:00,1734.0,1685.2645
2018-01-10 07:00:00,1719.0,1803.9531
2018-01-10 08:00:00,1662.0,1701.772
2018-01-10 09:00:00,1591.0,1634.0334
2018-01-10 10:00:00,1509.0,1537.1868
2018-01-10 11:00:00,1337.0,1467.6564
2018-01-10 12:00:00,1308.0,1304.546
2018-01-10 13:00:00,1283.0,1276.2037
2018-01-10 14:00:00,1223.0,1257.367
2018-01-10 15:00:00,1250.0,1237.0425
2018-01-10 16:00:00,1285.0,1271.7467
2018-01-10 17:00:00,1394.0,1384.1665
2018-01-10 18:00:00,1516.0,1500.806
2018-01-10 19:00:00,1526.0,1538.6517
2018-01-10 20:00:00,1537.0,1513.1222
2018-01-10 21:00:00,1477.0,1478.117
2018-01-10 22:00:00,1396.0,1404.7969
2018-01-10 23:00:00,1289.0,1307.7822
2018-01-11 00:00:00,1231.0,1195.9656
2018-01-11 01:00:00,1155.0,1197.8391
2018-01-11 02:00:00,1174.0,1151.808
2018-01-11 03:00:00,1205.0,1163.9883
2018-01-11 04:00:00,1259.0,1249.4283
2018-01-11 05:00:00,1356.0,1374.1892
2018-01-11 06:00:00,1496.0,1497.565
2018-01-11 07:00:00,1575.0,1536.4463
2018-01-11 08:00:00,1480.0,1525.5641
2018-01-11 09:00:00,1469.0,1440.2936
2018-01-11 10:00:00,1409.0,1423.1818
2018-01-11 11:00:00,1346.0,1366.2845
2018-01-11 12:00:00,1296.0,1321.4573
2018-01-11 13:00:00,1332.0,1255.5728
2018-01-11 14:00:00,1311.0,1329.5911
2018-01-11 15:00:00,1277.0,1349.4865
2018-01-11 16:00:00,1305.0,1320.0071
2018-01-11 17:00:00,1397.0,1365.781
2018-01-11 18:00:00,1481.0,1480.2412
2018-01-11 19:00:00,1493.0,1522.0259
2018-01-11 20:00:00,1469.0,1474.9846
2018-01-11 21:00:00,1366.0,1418.9325
2018-01-11 22:00:00,1319.0,1273.7717
2018-01-11 23:00:00,1251.0,1215.5463
2018-01-12 00:00:00,1173.0,1184.9183
2018-01-12 01:00:00,1158.0,1154.2681
2018-01-12 02:00:00,1109.0,1140.0272
2018-01-12 03:00:00,1126.0,1104.9349
2018-01-12 04:00:00,1153.0,1156.2966
2018-01-12 05:00:00,1233.0,1234.4252
2018-01-12 06:00:00,1393.0,1389.9417
2018-01-12 07:00:00,1450.0,1433.1561
2018-01-12 08:00:00,1473.0,1433.6266
2018-01-12 09:00:00,1591.0,1472.0247
2018-01-12 10:00:00,1675.0,1619.329
2018-01-12 11:00:00,1736.0,1674.0875
2018-01-12 12:00:00,1809.0,1759.0675
2018-01-12 13:00:00,1826.0,1812.1357
2018-01-12 14:00:00,1875.0,1843.7954
2018-01-12 15:00:00,1909.0,1912.2518
2018-01-12 16:00:00,1965.0,1958.2572
2018-01-12 17:00:00,2084.0,1973.4022
2018-01-12 18:00:00,2139.0,2106.497
2018-01-12 19:00:00,2153.0,2110.197
2018-01-12 20:00:00,2183.0,2139.1682
2018-01-12 21:00:00,2159.0,2163.8582
2018-01-12 22:00:00,2172.0,2122.055
2018-01-12 23:00:00,2133.0,2126.95
2018-01-13 00:00:00,2131.0,2120.0928
2018-01-13 01:00:00,2117.0,2129.143
2018-01-13 02:00:00,2138.0,2094.6172
2018-01-13 03:00:00,2163.0,2147.67
2018-01-13 04:00:00,2201.0,2199.4004
2018-01-13 05:00:00,2265.0,2254.0784
2018-01-13 06:00:00,2332.0,2298.976
2018-01-13 07:00:00,2399.0,2408.7278
2018-01-13 08:00:00,2491.0,2369.7532
2018-01-13 09:00:00,2518.0,2421.6794
2018-01-13 10:00:00,2522.0,2431.986
2018-01-13 11:00:00,2513.0,2398.6938
2018-01-13 12:00:00,2450.0,2424.184
2018-01-13 13:00:00,2416.0,2369.4368
2018-01-13 14:00:00,2366.0,2377.882
2018-01-13 15:00:00,2361.0,2400.9233
2018-01-13 16:00:00,2314.0,2434.8499
2018-01-13 17:00:00,2491.0,2397.069
2018-01-13 18:00:00,2586.0,2561.8987
2018-01-13 19:00:00,2592.0,2585.0837
2018-01-13 20:00:00,2610.0,2601.4136
2018-01-13 21:00:00,2632.0,2564.3198
2018-01-13 22:00:00,2608.0,2535.1294
2018-01-13 23:00:00,2596.0,2530.87
2018-01-14 00:00:00,2581.0,2594.058
2018-01-14 01:00:00,2669.0,2608.1455
2018-01-14 02:00:00,2673.0,2714.043
2018-01-14 03:00:00,2714.0,2765.2976
2018-01-14 04:00:00,2788.0,2767.1682
2018-01-14 05:00:00,2834.0,2769.6406
2018-01-14 06:00:00,2920.0,2773.639
2018-01-14 07:00:00,3018.0,2908.5613
2018-01-14 08:00:00,3009.0,2866.2034
2018-01-14 09:00:00,2903.0,2747.1975
2018-01-14 10:00:00,2673.0,2760.907
2018-01-14 11:00:00,2502.0,2575.641
2018-01-14 12:00:00,2379.0,2418.062
2018-01-14 13:00:00,2246.0,2283.4912
2018-01-14 14:00:00,2174.0,2151.6248
2018-01-14 15:00:00,2168.0,2161.7363
2018-01-14 16:00:00,2218.0,2204.0317
2018-01-14 17:00:00,2324.0,2313.2336
2018-01-14 18:00:00,2505.0,2406.508
2018-01-14 19:00:00,2558.0,2533.7324
2018-01-14 20:00:00,2576.0,2584.5964
2018-01-14 21:00:00,2553.0,2597.4812
2018-01-14 22:00:00,2493.0,2546.0347
2018-01-14 23:00:00,2474.0,2452.6104
2018-01-15 00:00:00,2407.0,2473.591
2018-01-15 01:00:00,2380.0,2362.2964
2018-01-15 02:00:00,2331.0,2358.5625
2018-01-15 03:00:00,2335.0,2377.112
2018-01-15 04:00:00,2302.0,2371.6055
2018-01-15 05:00:00,2333.0,2366.336
2018-01-15 06:00:00,2425.0,2419.9883
2018-01-15 07:00:00,2435.0,2447.9084
2018-01-15 08:00:00,2412.0,2413.0488
2018-01-15 09:00:00,2364.0,2402.5344
2018-01-15 10:00:00,2243.0,2333.0928
2018-01-15 11:00:00,2160.0,2149.919
2018-01-15 12:00:00,2084.0,2061.988
2018-01-15 13:00:00,2007.0,2018.3798
2018-01-15 14:00:00,2002.0,1929.5248
2018-01-15 15:00:00,1973.0,1993.5204
2018-01-15 16:00:00,2019.0,2021.4902
2018-01-15 17:00:00,2089.0,2118.553
2018-01-15 18:00:00,2228.0,2214.2917
2018-01-15 19:00:00,2224.0,2271.0352
2018-01-15 20:00:00,2216.0,2247.087
2018-01-15 21:00:00,1955.0,2164.9531
2018-01-15 22:00:00,2266.0,1855.6519
2018-01-15 23:00:00,2060.0,2191.5535
2018-01-16 00:00:00,2052.0,2083.0945
2018-01-16 01:00:00,2055.0,2003.7906
2018-01-16 02:00:00,2031.0,2057.9026
2018-01-16 03:00:00,2170.0,2058.652
2018-01-16 04:00:00,2245.0,2210.4863
2018-01-16 05:00:00,2263.0,2338.526
2018-01-16 06:00:00,2498.0,2412.1484
2018-01-16 07:00:00,2588.0,2535.7844
2018-01-16 08:00:00,2663.0,2509.578
2018-01-16 09:00:00,2671.0,2599.9094
2018-01-16 10:00:00,2629.0,2614.8137
2018-01-16 11:00:00,2687.0,2405.2698
2018-01-16 12:00:00,2646.0,2577.98
2018-01-16 13:00:00,2591.0,2589.0327
2018-01-16 14:00:00,2541.0,2492.9275
2018-01-16 15:00:00,2525.0,2477.9062
2018-01-16 16:00:00,2560.0,2475.0864
2018-01-16 17:00:00,2725.0,2664.5542
2018-01-16 18:00:00,2905.0,2818.6245
2018-01-16 19:00:00,2950.0,2932.6785
2018-01-16 20:00:00,2965.0,2918.3103
2018-01-16 21:00:00,2935.0,2916.5195
2018-01-16 22:00:00,2885.0,2954.7893
2018-01-16 23:00:00,2827.0,2964.8633
2018-01-17 00:00:00,2824.0,2815.0364
2018-01-17 01:00:00,2807.0,2770.7505
2018-01-17 02:00:00,2809.0,2786.014
2018-01-17 03:00:00,2806.0,2798.9666
2018-01-17 04:00:00,2810.0,2807.8745
2018-01-17 05:00:00,2841.0,2830.2517
2018-01-17 06:00:00,2986.0,2837.5898
2018-01-17 07:00:00,2886.0,2955.5732
2018-01-17 08:00:00,2914.0,2927.5935
2018-01-17 09:00:00,2869.0,2837.937
2018-01-17 10:00:00,2799.0,2806.8508
2018-01-17 11:00:00,2684.0,2612.723
2018-01-17 12:00:00,2538.0,2610.5608
2018-01-17 13:00:00,2458.0,2413.9604
2018-01-17 14:00:00,2393.0,2341.1987
2018-01-17 15:00:00,2465.0,2378.67
2018-01-17 16:00:00,2462.0,2487.42
2018-01-17 17:00:00,2644.0,2557.928
2018-01-17 18:00:00,2812.0,2817.5706
2018-01-17 19:00:00,2866.0,2798.464
2018-01-17 20:00:00,2917.0,2907.6833
2018-01-17 21:00:00,2897.0,2918.525
2018-01-17 22:00:00,2846.0,2920.1372
2018-01-17 23:00:00,2822.0,2738.255
2018-01-18 00:00:00,2804.0,2794.6423
2018-01-18 01:00:00,2869.0,2798.4873
2018-01-18 02:00:00,2863.0,2957.8325
2018-01-18 03:00:00,2927.0,3005.9763
2018-01-18 04:00:00,2965.0,3050.715
2018-01-18 05:00:00,3020.0,3172.4
2018-01-18 06:00:00,3150.0,3191.118
2018-01-18 07:00:00,3181.0,3213.7188
2018-01-18 08:00:00,3026.0,3187.2993
2018-01-18 09:00:00,2830.0,3011.9277
2018-01-18 10:00:00,2645.0,2653.0078
2018-01-18 11:00:00,2482.0,2595.4426
2018-01-18 12:00:00,2277.0,2405.0981
2018-01-18 13:00:00,2181.0,2158.5747
2018-01-18 14:00:00,2100.0,2112.7192
2018-01-18 15:00:00,2039.0,2087.1887
2018-01-18 16:00:00,2072.0,2070.05
2018-01-18 17:00:00,2202.0,2147.3298
2018-01-18 18:00:00,2398.0,2321.1257
2018-01-18 19:00:00,2429.0,2367.633
2018-01-18 20:00:00,2407.0,2444.1172
2018-01-18 21:00:00,2407.0,2364.9473
2018-01-18 22:00:00,2361.0,2327.1782
2018-01-18 23:00:00,2272.0,2334.1707
2018-01-19 00:00:00,2295.0,2232.0745
2018-01-19 01:00:00,2317.0,2251.208
2018-01-19 02:00:00,2346.0,2267.8684
2018-01-19 03:00:00,2353.0,2328.819
2018-01-19 04:00:00,2424.0,2350.206
2018-01-19 05:00:00,2496.0,2456.987
2018-01-19 06:00:00,2632.0,2586.9336
2018-01-19 07:00:00,2700.0,2625.3342
2018-01-19 08:00:00,2610.0,2706.867
2018-01-19 09:00:00,2396.0,2526.0032
2018-01-19 10:00:00,2192.0,2295.1982
2018-01-19 11:00:00,2012.0,2079.4365
2018-01-19 12:00:00,1916.0,1893.1454
2018-01-19 13:00:00,1814.0,1815.871
2018-01-19 14:00:00,1755.0,1742.0985
2018-01-19 15:00:00,1672.0,1726.1816
2018-01-19 16:00:00,1703.0,1665.6029
2018-01-19 17:00:00,1778.0,1740.9508
2018-01-19 18:00:00,2018.0,1922.7445
2018-01-19 19:00:00,2010.0,2009.5647
2018-01-19 20:00:00,2060.0,1982.2433
2018-01-19 21:00:00,1959.0,2042.5101
2018-01-19 22:00:00,1986.0,1887.5914
2018-01-19 23:00:00,1899.0,1886.3501
2018-01-20 00:00:00,1847.0,1848.4457
2018-01-20 01:00:00,1798.0,1820.4457
2018-01-20 02:00:00,1762.0,1776.1989
2018-01-20 03:00:00,1732.0,1748.1677
2018-01-20 04:00:00,1717.0,1724.6268
2018-01-20 05:00:00,1738.0,1721.761
2018-01-20 06:00:00,1757.0,1735.2938
2018-01-20 07:00:00,1796.0,1752.8324
2018-01-20 08:00:00,1839.0,1811.0702
2018-01-20 09:00:00,1824.0,1846.2155
2018-01-20 10:00:00,1754.0,1799.6554
2018-01-20 11:00:00,1689.0,1707.135
2018-01-20 12:00:00,1613.0,1634.6638
2018-01-20 13:00:00,1549.0,1548.9495
2018-01-20 14:00:00,1485.0,1504.0295
2018-01-20 15:00:00,1492.0,1446.9553
2018-01-20 16:00:00,1504.0,1521.5754
2018-01-20 17:00:00,1564.0,1590.3633
2018-01-20 18:00:00,1659.0,1664.1964
2018-01-20 19:00:00,1648.0,1707.2739
2018-01-20 20:00:00,1614.0,1641.2628
2018-01-20 21:00:00,1602.0,1593.5531
2018-01-20 22:00:00,1548.0,1541.6902
2018-01-20 23:00:00,1506.0,1496.2418
2018-01-21 00:00:00,1429.0,1412.0037
2018-01-21 01:00:00,1399.0,1399.0986
2018-01-21 02:00:00,1344.0,1376.4049
2018-01-21 03:00:00,1367.0,1346.7095
2018-01-21 04:00:00,1363.0,1361.0283
2018-01-21 05:00:00,1400.0,1395.067
2018-01-21 06:00:00,1400.0,1457.8469
2018-01-21 07:00:00,1470.0,1465.5679
2018-01-21 08:00:00,1543.0,1524.4467
2018-01-21 09:00:00,1602.0,1580.907
2018-01-21 10:00:00,1526.0,1618.8328
2018-01-21 11:00:00,1470.0,1495.7883
2018-01-21 12:00:00,1443.0,1412.7533
2018-01-21 13:00:00,1422.0,1397.7153
2018-01-21 14:00:00,1348.0,1411.0095
2018-01-21 15:00:00,1353.0,1331.2866
2018-01-21 16:00:00,1333.0,1372.2839
2018-01-21 17:00:00,1397.0,1404.9323
2018-01-21 18:00:00,1509.0,1466.3125
2018-01-21 19:00:00,1552.0,1556.685
2018-01-21 20:00:00,1532.0,1545.8813
2018-01-21 21:00:00,1448.0,1491.7478
2018-01-21 22:00:00,1367.0,1369.675
2018-01-21 23:00:00,1257.0,1292.9578
2018-01-22 00:00:00,1213.0,1193.9384
2018-01-22 01:00:00,1181.0,1175.4352
2018-01-22 02:00:00,1163.0,1190.0264
2018-01-22 03:00:00,1185.0,1167.6847
2018-01-22 04:00:00,1209.0,1211.8699
2018-01-22 05:00:00,1319.0,1291.1663
2018-01-22 06:00:00,1507.0,1497.2031
2018-01-22 07:00:00,1557.0,1589.5107
2018-01-22 08:00:00,1493.0,1558.7501
2018-01-22 09:00:00,1472.0,1462.9144
2018-01-22 10:00:00,1438.0,1435.7858
2018-01-22 11:00:00,1414.0,1400.8179
2018-01-22 12:00:00,1404.0,1391.9265
2018-01-22 13:00:00,1403.0,1387.8116
2018-01-22 14:00:00,1374.0,1391.7046
2018-01-22 15:00:00,1387.0,1369.2155
2018-01-22 16:00:00,1416.0,1423.9023
2018-01-22 17:00:00,1469.0,1499.9801
2018-01-22 18:00:00,1540.0,1523.1897
2018-01-22 19:00:00,1563.0,1542.0736
2018-01-22 20:00:00,1535.0,1576.1185
2018-01-22 21:00:00,1457.0,1509.7972
2018-01-22 22:00:00,1368.0,1370.8298
2018-01-22 23:00:00,1299.0,1283.7843
2018-01-23 00:00:00,1230.0,1235.9705
2018-01-23 01:00:00,1255.0,1202.4371
2018-01-23 02:00:00,1257.0,1237.3029
2018-01-23 03:00:00,1298.0,1292.1345
2018-01-23 04:00:00,1352.0,1368.0022
2018-01-23 05:00:00,1474.0,1451.9119
2018-01-23 06:00:00,1675.0,1660.5703
2018-01-23 07:00:00,1732.0,1720.3914
2018-01-23 08:00:00,1715.0,1701.3485
2018-01-23 09:00:00,1680.0,1665.0663
2018-01-23 10:00:00,1714.0,1642.5122
2018-01-23 11:00:00,1629.0,1657.7593
2018-01-23 12:00:00,1641.0,1607.7261
2018-01-23 13:00:00,1659.0,1612.1093
2018-01-23 14:00:00,1660.0,1655.6141
2018-01-23 15:00:00,1688.0,1679.3438
2018-01-23 16:00:00,1754.0,1739.9664
2018-01-23 17:00:00,1802.0,1829.9431
2018-01-23 18:00:00,1931.0,1849.5283
2018-01-23 19:00:00,1951.0,1936.4159
2018-01-23 20:00:00,1948.0,1897.2246
2018-01-23 21:00:00,1916.0,1903.798
2018-01-23 22:00:00,1815.0,1827.2719
2018-01-23 23:00:00,1757.0,1728.3604
2018-01-24 00:00:00,1690.0,1697.3267
2018-01-24 01:00:00,1696.0,1666.5079
2018-01-24 02:00:00,1688.0,1688.3524
2018-01-24 03:00:00,1705.0,1714.5624
2018-01-24 04:00:00,1771.0,1740.942
2018-01-24 05:00:00,1844.0,1880.9261
2018-01-24 06:00:00,1998.0,1974.9049
2018-01-24 07:00:00,2010.0,1996.1062
2018-01-24 08:00:00,2030.0,1968.0287
2018-01-24 09:00:00,1961.0,2023.5726
2018-01-24 10:00:00,1974.0,1914.2322
2018-01-24 11:00:00,1962.0,1903.6348
2018-01-24 12:00:00,1940.0,1928.1404
2018-01-24 13:00:00,1910.0,1919.5878
2018-01-24 14:00:00,1863.0,1885.3994
2018-01-24 15:00:00,1839.0,1863.1904
2018-01-24 16:00:00,1884.0,1849.458
2018-01-24 17:00:00,1954.0,1950.2277
2018-01-24 18:00:00,2088.0,2016.1099
2018-01-24 19:00:00,2092.0,2101.7292
2018-01-24 20:00:00,2141.0,2053.034
2018-01-24 21:00:00,2116.0,2101.118
2018-01-24 22:00:00,2052.0,2043.3416
2018-01-24 23:00:00,1995.0,1968.9166
2018-01-25 00:00:00,1968.0,1959.5259
2018-01-25 01:00:00,1985.0,1952.0935
2018-01-25 02:00:00,1995.0,1989.4817
2018-01-25 03:00:00,2015.0,2006.7977
2018-01-25 04:00:00,2117.0,2045.3496
2018-01-25 05:00:00,2246.0,2217.717
2018-01-25 06:00:00,2457.0,2404.8643
2018-01-25 07:00:00,2487.0,2514.2056
2018-01-25 08:00:00,2415.0,2417.6843
2018-01-25 09:00:00,2201.0,2339.5017
2018-01-25 10:00:00,2009.0,2126.8386
2018-01-25 11:00:00,1823.0,1881.1581
2018-01-25 12:00:00,1711.0,1692.013
2018-01-25 13:00:00,1603.0,1630.7303
2018-01-25 14:00:00,1538.0,1525.3926
2018-01-25 15:00:00,1473.0,1517.2073
2018-01-25 16:00:00,1499.0,1491.991
2018-01-25 17:00:00,1607.0,1596.7369
2018-01-25 18:00:00,1799.0,1800.1245
2018-01-25 19:00:00,1895.0,1884.8392
2018-01-25 20:00:00,1936.0,1913.0934
2018-01-25 21:00:00,1907.0,1897.2993
2018-01-25 22:00:00,1851.0,1820.0873
2018-01-25 23:00:00,1765.0,1736.4865
2018-01-26 00:00:00,1746.0,1724.9696
2018-01-26 01:00:00,1659.0,1719.5376
2018-01-26 02:00:00,1747.0,1648.6646
2018-01-26 03:00:00,1763.0,1761.1527
2018-01-26 04:00:00,1806.0,1833.1086
2018-01-26 05:00:00,1910.0,1893.3666
2018-01-26 06:00:00,2053.0,2063.5544
2018-01-26 07:00:00,2161.0,2080.7256
2018-01-26 08:00:00,2023.0,2077.1626
2018-01-26 09:00:00,1933.0,1923.049
2018-01-26 10:00:00,1771.0,1780.0374
2018-01-26 11:00:00,1599.0,1667.3395
2018-01-26 12:00:00,1483.0,1509.5702
2018-01-26 13:00:00,1418.0,1404.1637
2018-01-26 14:00:00,1361.0,1363.3495
2018-01-26 15:00:00,1351.0,1334.8969
2018-01-26 16:00:00,1361.0,1372.9436
2018-01-26 17:00:00,1418.0,1458.8319
2018-01-26 18:00:00,1559.0,1551.7788
2018-01-26 19:00:00,1610.0,1602.0165
2018-01-26 20:00:00,1635.0,1650.237
2018-01-26 21:00:00,1654.0,1635.3306
2018-01-26 22:00:00,1604.0,1618.3713
2018-01-26 23:00:00,1538.0,1523.562
2018-01-27 00:00:00,1518.0,1495.5663
2018-01-27 01:00:00,1475.0,1498.7616
2018-01-27 02:00:00,1429.0,1471.8916
2018-01-27 03:00:00,1397.0,1422.269
2018-01-27 04:00:00,1351.0,1402.1481
2018-01-27 05:00:00,1341.0,1374.263
2018-01-27 06:00:00,1381.0,1370.0455
2018-01-27 07:00:00,1522.0,1425.0492
2018-01-27 08:00:00,1557.0,1581.5217
2018-01-27 09:00:00,1581.0,1559.9785
2018-01-27 10:00:00,1558.0,1557.3638
2018-01-27 11:00:00,1508.0,1528.4336
2018-01-27 12:00:00,1463.0,1476.2607
2018-01-27 13:00:00,1411.0,1419.3304
2018-01-27 14:00:00,1409.0,1362.8313
2018-01-27 15:00:00,1408.0,1389.477
2018-01-27 16:00:00,1415.0,1434.9331
2018-01-27 17:00:00,1462.0,1480.5325
2018-01-27 18:00:00,1515.0,1520.1595
2018-01-27 19:00:00,1421.0,1499.1671
2018-01-27 20:00:00,1367.0,1425.3599
2018-01-27 21:00:00,1387.0,1341.8146
2018-01-27 22:00:00,1362.0,1301.6798
2018-01-27 23:00:00,1289.0,1278.1929
2018-01-28 00:00:00,1230.0,1223.566
2018-01-28 01:00:00,1185.0,1193.8425
2018-01-28 02:00:00,1139.0,1166.9446
2018-01-28 03:00:00,1172.0,1131.6659
2018-01-28 04:00:00,1173.0,1177.3544
2018-01-28 05:00:00,1210.0,1198.7166
2018-01-28 06:00:00,1253.0,1273.2444
2018-01-28 07:00:00,1379.0,1347.9264
2018-01-28 08:00:00,1503.0,1457.8411
2018-01-28 09:00:00,1556.0,1583.2916
2018-01-28 10:00:00,1522.0,1574.5802
2018-01-28 11:00:00,1480.0,1471.9346
2018-01-28 12:00:00,1443.0,1446.2297
2018-01-28 13:00:00,1409.0,1386.8585
2018-01-28 14:00:00,1361.0,1361.1531
2018-01-28 15:00:00,1323.0,1335.4565
2018-01-28 16:00:00,1352.0,1337.3524
2018-01-28 17:00:00,1410.0,1408.316
2018-01-28 18:00:00,1585.0,1479.6667
2018-01-28 19:00:00,1664.0,1618.4552
2018-01-28 20:00:00,1721.0,1692.4651
2018-01-28 21:00:00,1675.0,1719.531
2018-01-28 22:00:00,1661.0,1627.5447
2018-01-28 23:00:00,1573.0,1600.002
2018-01-29 00:00:00,1578.0,1531.1406
2018-01-29 01:00:00,1583.0,1572.9991
2018-01-29 02:00:00,1643.0,1600.5579
2018-01-29 03:00:00,1687.0,1693.4152
2018-01-29 04:00:00,1742.0,1739.364
2018-01-29 05:00:00,1851.0,1837.5953
2018-01-29 06:00:00,1995.0,1996.8496
2018-01-29 07:00:00,2076.0,2029.7905
2018-01-29 08:00:00,2014.0,2075.456
2018-01-29 09:00:00,1928.0,1975.0392
2018-01-29 10:00:00,1765.0,1859.1388
2018-01-29 11:00:00,1655.0,1690.0981
2018-01-29 12:00:00,1588.0,1570.2214
2018-01-29 13:00:00,1551.0,1528.9587
2018-01-29 14:00:00,1569.0,1500.4756
2018-01-29 15:00:00,1626.0,1567.1405
2018-01-29 16:00:00,1778.0,1715.9572
2018-01-29 17:00:00,1915.0,1915.3396
2018-01-29 18:00:00,2027.0,2025.8262
2018-01-29 19:00:00,2094.0,2044.0782
2018-01-29 20:00:00,2134.0,2099.2058
2018-01-29 21:00:00,2082.0,2113.538
2018-01-29 22:00:00,1993.0,2005.0978
2018-01-29 23:00:00,1927.0,1915.7552
2018-01-30 00:00:00,1885.0,1878.9138
2018-01-30 01:00:00,1894.0,1861.3708
2018-01-30 02:00:00,1888.0,1888.2982
2018-01-30 03:00:00,1898.0,1909.579
2018-01-30 04:00:00,1954.0,1904.2137
2018-01-30 05:00:00,2051.0,2007.1708
2018-01-30 06:00:00,2155.0,2183.5857
2018-01-30 07:00:00,2286.0,2233.6353
2018-01-30 08:00:00,2195.0,2259.6086
2018-01-30 09:00:00,2168.0,2154.6638
2018-01-30 10:00:00,2056.0,2048.0444
2018-01-30 11:00:00,1939.0,1988.1643
2018-01-30 12:00:00,1858.0,1862.1273
2018-01-30 13:00:00,1799.0,1760.9791
2018-01-30 14:00:00,1710.0,1731.4392
2018-01-30 15:00:00,1652.0,1692.0742
2018-01-30 16:00:00,1674.0,1691.9607
2018-01-30 17:00:00,1850.0,1762.4668
2018-01-30 18:00:00,2051.0,1974.8601
2018-01-30 19:00:00,2152.0,2109.3372
2018-01-30 20:00:00,2224.0,2169.1577
2018-01-30 21:00:00,2177.0,2220.453
2018-01-30 22:00:00,2055.0,2151.6948
2018-01-30 23:00:00,1998.0,1980.704
2018-01-31 00:00:00,1964.0,1949.513
2018-01-31 01:00:00,2034.0,1956.224
2018-01-31 02:00:00,2006.0,2073.3079
2018-01-31 03:00:00,2034.0,2030.0176
2018-01-31 04:00:00,2041.0,2074.299
2018-01-31 05:00:00,2151.0,2137.6301
2018-01-31 06:00:00,2297.0,2287.7754
2018-01-31 07:00:00,2295.0,2349.6177
2018-01-31 08:00:00,2228.0,2267.981
2018-01-31 09:00:00,2106.0,2138.946
2018-01-31 10:00:00,1943.0,2003.3855
2018-01-31 11:00:00,1798.0,1822.2839
2018-01-31 12:00:00,1692.0,1680.5289
2018-01-31 13:00:00,1633.0,1605.769
2018-01-31 14:00:00,1533.0,1562.4243
2018-01-31 15:00:00,1482.0,1511.0875
2018-01-31 16:00:00,1495.0,1502.8011
2018-01-31 17:00:00,1548.0,1580.0865
2018-01-31 18:00:00,1732.0,1693.1089
2018-01-31 19:00:00,1783.0,1799.7004
2018-01-31 20:00:00,1797.0,1814.1222
2018-01-31 21:00:00,1732.0,1781.2434
2018-01-31 22:00:00,1663.0,1637.657
2018-01-31 23:00:00,1557.0,1535.2543
2018-02-01 00:00:00,1496.0,1491.6444
2018-02-01 01:00:00,1495.0,1446.8948
2018-02-01 02:00:00,1453.0,1460.9135
2018-02-01 03:00:00,1478.0,1465.5061
2018-02-01 04:00:00,1481.0,1507.9906
2018-02-01 05:00:00,1631.0,1558.5315
2018-02-01 06:00:00,1744.0,1779.4202
2018-02-01 07:00:00,1776.0,1800.8088
2018-02-01 08:00:00,1687.0,1786.7346
2018-02-01 09:00:00,1647.0,1641.0793
2018-02-01 10:00:00,1618.0,1583.248
2018-02-01 11:00:00,1623.0,1569.987
2018-02-01 12:00:00,1543.0,1577.4065
2018-02-01 13:00:00,1527.0,1526.7776
2018-02-01 14:00:00,1563.0,1487.4956
2018-02-01 15:00:00,1654.0,1572.2123
2018-02-01 16:00:00,1753.0,1738.4308
2018-02-01 17:00:00,1861.0,1863.6056
2018-02-01 18:00:00,2003.0,1954.6149
2018-02-01 19:00:00,2034.0,2025.914
2018-02-01 20:00:00,2076.0,2052.2559
2018-02-01 21:00:00,2043.0,2067.6328
2018-02-01 22:00:00,2002.0,1983.3414
2018-02-01 23:00:00,1955.0,1938.2189
2018-02-02 00:00:00,1983.0,1922.6987
2018-02-02 01:00:00,1987.0,1997.8832
2018-02-02 02:00:00,2032.0,2015.2256
2018-02-02 03:00:00,2119.0,2081.3684
2018-02-02 04:00:00,2161.0,2184.837
2018-02-02 05:00:00,2323.0,2281.9722
2018-02-02 06:00:00,2504.0,2436.9717
2018-02-02 07:00:00,2609.0,2539.66
2018-02-02 08:00:00,2527.0,2486.956
2018-02-02 09:00:00,2482.0,2412.1538
2018-02-02 10:00:00,2364.0,2410.239
2018-02-02 11:00:00,2288.0,2304.3022
2018-02-02 12:00:00,2200.0,2214.781
2018-02-02 13:00:00,2091.0,2134.6
2018-02-02 14:00:00,1971.0,2008.2406
2018-02-02 15:00:00,1928.0,1919.7054
2018-02-02 16:00:00,1941.0,1932.196
2018-02-02 17:00:00,2060.0,2022.8531
2018-02-02 18:00:00,2250.0,2178.8193
2018-02-02 19:00:00,2376.0,2343.2002
2018-02-02 20:00:00,2434.0,2388.5408
2018-02-02 21:00:00,2459.0,2436.1362
2018-02-02 22:00:00,2480.0,2410.926
2018-02-02 23:00:00,2418.0,2466.108
2018-02-03 00:00:00,2406.0,2433.682
2018-02-03 01:00:00,2364.0,2346.1077
2018-02-03 02:00:00,2374.0,2348.0803
2018-02-03 03:00:00,2414.0,2383.6287
2018-02-03 04:00:00,2377.0,2462.043
2018-02-03 05:00:00,2423.0,2419.8584
2018-02-03 06:00:00,2383.0,2461.6648
2018-02-03 07:00:00,2519.0,2427.774
2018-02-03 08:00:00,2535.0,2431.3198
2018-02-03 09:00:00,2431.0,2419.2073
2018-02-03 10:00:00,2297.0,2342.3867
2018-02-03 11:00:00,2168.0,2173.286
2018-02-03 12:00:00,2055.0,2038.0206
2018-02-03 13:00:00,1953.0,1947.9532
2018-02-03 14:00:00,1888.0,1874.7194
2018-02-03 15:00:00,1833.0,1856.7992
2018-02-03 16:00:00,1847.0,1838.975
2018-02-03 17:00:00,1897.0,1915.5515
2018-02-03 18:00:00,1883.0,2026.7587
2018-02-03 19:00:00,1995.0,1911.5044
2018-02-03 20:00:00,1933.0,1999.3984
2018-02-03 21:00:00,1917.0,1950.4113
2018-02-03 22:00:00,1833.0,1847.2551
2018-02-03 23:00:00,1765.0,1755.0767
2018-02-04 00:00:00,1674.0,1729.8314
2018-02-04 01:00:00,1627.0,1638.0044
2018-02-04 02:00:00,1659.0,1606.1049
2018-02-04 03:00:00,1633.0,1667.4564
2018-02-04 04:00:00,1694.0,1657.6833
2018-02-04 05:00:00,1712.0,1736.0498
2018-02-04 06:00:00,1782.0,1768.935
2018-02-04 07:00:00,1832.0,1866.886
2018-02-04 08:00:00,1909.0,1897.7509
2018-02-04 09:00:00,1981.0,1909.7491
2018-02-04 10:00:00,1976.0,1925.9519
2018-02-04 11:00:00,1915.0,1919.4822
2018-02-04 12:00:00,1888.0,1842.719
2018-02-04 13:00:00,1860.0,1850.9901
2018-02-04 14:00:00,1798.0,1822.6769
2018-02-04 15:00:00,1784.0,1774.4838
2018-02-04 16:00:00,1805.0,1779.0271
2018-02-04 17:00:00,1873.0,1858.9116
2018-02-04 18:00:00,1922.0,1938.0881
2018-02-04 19:00:00,1936.0,1948.6276
2018-02-04 20:00:00,1911.0,1949.817
2018-02-04 21:00:00,1976.0,1892.611
2018-02-04 22:00:00,1983.0,1932.0647
2018-02-04 23:00:00,1966.0,1943.5215
2018-02-05 00:00:00,1946.0,1957.6096
2018-02-05 01:00:00,1960.0,1968.1183
2018-02-05 02:00:00,2006.0,1996.0646
2018-02-05 03:00:00,2014.0,2063.6482
2018-02-05 04:00:00,2116.0,2094.8394
2018-02-05 05:00:00,2211.0,2244.7456
2018-02-05 06:00:00,2382.0,2407.2507
2018-02-05 07:00:00,2432.0,2474.2864
2018-02-05 08:00:00,2433.0,2423.3909
2018-02-05 09:00:00,2388.0,2409.1318
2018-02-05 10:00:00,2301.0,2325.189
2018-02-05 11:00:00,2089.0,2208.7322
2018-02-05 12:00:00,2057.0,1983.099
2018-02-05 13:00:00,1968.0,1963.6998
2018-02-05 14:00:00,1857.0,1923.6882
2018-02-05 15:00:00,1816.0,1806.282
2018-02-05 16:00:00,1802.0,1832.5796
2018-02-05 17:00:00,1941.0,1871.1974
2018-02-05 18:00:00,2154.0,2043.9825
2018-02-05 19:00:00,2190.0,2234.2007
2018-02-05 20:00:00,2159.0,2211.0781
2018-02-05 21:00:00,2208.0,2152.2114
2018-02-05 22:00:00,2059.0,2152.5342
2018-02-05 23:00:00,2026.0,1995.5284
2018-02-06 00:00:00,1997.0,1942.7521
2018-02-06 01:00:00,1931.0,1993.3162
2018-02-06 02:00:00,1901.0,1926.6062
2018-02-06 03:00:00,1890.0,1887.4807
2018-02-06 04:00:00,1874.0,1896.0941
2018-02-06 05:00:00,1982.0,1914.1444
2018-02-06 06:00:00,2148.0,2082.2468
2018-02-06 07:00:00,2156.0,2223.2446
2018-02-06 08:00:00,2102.0,2106.606
2018-02-06 09:00:00,2072.0,2024.2792
2018-02-06 10:00:00,2003.0,2008.3928
2018-02-06 11:00:00,1954.0,1962.6277
2018-02-06 12:00:00,1865.0,1912.8584
2018-02-06 13:00:00,1796.0,1814.5996
2018-02-06 14:00:00,1741.0,1732.2158
2018-02-06 15:00:00,1751.0,1717.4585
2018-02-06 16:00:00,1763.0,1760.8639
2018-02-06 17:00:00,1878.0,1865.6847
2018-02-06 18:00:00,2008.0,2017.6028
2018-02-06 19:00:00,2011.0,2065.1086
2018-02-06 20:00:00,2012.0,2011.8661
2018-02-06 21:00:00,1950.0,1972.1244
2018-02-06 22:00:00,1892.0,1848.8505
2018-02-06 23:00:00,1757.0,1828.2927
2018-02-07 00:00:00,1760.0,1678.3369
2018-02-07 01:00:00,1677.0,1722.9541
2018-02-07 02:00:00,1629.0,1659.8364
2018-02-07 03:00:00,1713.0,1621.43
2018-02-07 04:00:00,1681.0,1763.2151
2018-02-07 05:00:00,1727.0,1766.5856
2018-02-07 06:00:00,1832.0,1840.4872
2018-02-07 07:00:00,1904.0,1900.1008
2018-02-07 08:00:00,1853.0,1885.4852
2018-02-07 09:00:00,1893.0,1816.8566
2018-02-07 10:00:00,1902.0,1868.6473
2018-02-07 11:00:00,1900.0,1901.5842
2018-02-07 12:00:00,1938.0,1887.6738
2018-02-07 13:00:00,1921.0,1964.6344
2018-02-07 14:00:00,1952.0,1917.8658
2018-02-07 15:00:00,1983.0,1945.0951
2018-02-07 16:00:00,2019.0,2023.3184
2018-02-07 17:00:00,2108.0,2087.4597
2018-02-07 18:00:00,2235.0,2205.9988
2018-02-07 19:00:00,2175.0,2300.1543
2018-02-07 20:00:00,2248.0,2197.7764
2018-02-07 21:00:00,2180.0,2199.072
2018-02-07 22:00:00,2091.0,2128.4802
2018-02-07 23:00:00,1977.0,2012.5071
2018-02-08 00:00:00,1977.0,1897.0928
2018-02-08 01:00:00,1969.0,1943.8605
2018-02-08 02:00:00,1957.0,1984.8292
2018-02-08 03:00:00,1984.0,1966.2494
2018-02-08 04:00:00,2061.0,2007.3257
2018-02-08 05:00:00,2171.0,2164.8455
2018-02-08 06:00:00,2353.0,2314.993
2018-02-08 07:00:00,2355.0,2429.9712
2018-02-08 08:00:00,2300.0,2347.4258
2018-02-08 09:00:00,2131.0,2252.8284
2018-02-08 10:00:00,2029.0,2054.422
2018-02-08 11:00:00,1917.0,1908.0284
2018-02-08 12:00:00,1808.0,1835.4799
2018-02-08 13:00:00,1704.0,1720.676
2018-02-08 14:00:00,1629.0,1626.8259
2018-02-08 15:00:00,1589.0,1581.593
2018-02-08 16:00:00,1615.0,1606.1385
2018-02-08 17:00:00,1731.0,1693.847
2018-02-08 18:00:00,1946.0,1859.0908
2018-02-08 19:00:00,2043.0,1941.1957
2018-02-08 20:00:00,2073.0,2050.1736
2018-02-08 21:00:00,2029.0,2050.9653
2018-02-08 22:00:00,1945.0,1939.3477
2018-02-08 23:00:00,1896.0,1841.2585
2018-02-09 00:00:00,1926.0,1846.806
2018-02-09 01:00:00,1883.0,1924.1116
2018-02-09 02:00:00,1911.0,1898.3793
2018-02-09 03:00:00,1980.0,1934.0948
2018-02-09 04:00:00,2010.0,2002.902
2018-02-09 05:00:00,2135.0,2092.0989
2018-02-09 06:00:00,2275.0,2256.3196
2018-02-09 07:00:00,2292.0,2309.7869
2018-02-09 08:00:00,2208.0,2254.0085
2018-02-09 09:00:00,2055.0,2132.8745
2018-02-09 10:00:00,1856.0,1951.5605
2018-02-09 11:00:00,1730.0,1744.112
2018-02-09 12:00:00,1577.0,1654.0413
2018-02-09 13:00:00,1478.0,1508.2909
2018-02-09 14:00:00,1399.0,1409.5836
2018-02-09 15:00:00,1329.0,1364.6947
2018-02-09 16:00:00,1366.0,1358.5637
2018-02-09 17:00:00,1398.0,1441.1565
2018-02-09 18:00:00,1528.0,1523.6631
2018-02-09 19:00:00,1598.0,1581.4266
2018-02-09 20:00:00,1566.0,1671.6
2018-02-09 21:00:00,1569.0,1580.2513
2018-02-09 22:00:00,1506.0,1535.4803
2018-02-09 23:00:00,1450.0,1460.5071
2018-02-10 00:00:00,1388.0,1387.8114
2018-02-10 01:00:00,1365.0,1343.2632
2018-02-10 02:00:00,1335.0,1320.7437
2018-02-10 03:00:00,1335.0,1334.2352
2018-02-10 04:00:00,1327.0,1336.7507
2018-02-10 05:00:00,1354.0,1347.5099
2018-02-10 06:00:00,1394.0,1391.3036
2018-02-10 07:00:00,1420.0,1449.1561
2018-02-10 08:00:00,1496.0,1458.431
2018-02-10 09:00:00,1609.0,1492.8446
2018-02-10 10:00:00,1580.0,1592.3441
2018-02-10 11:00:00,1609.0,1558.5479
2018-02-10 12:00:00,1565.0,1579.072
2018-02-10 13:00:00,1523.0,1531.3319
2018-02-10 14:00:00,1568.0,1480.6232
2018-02-10 15:00:00,1477.0,1523.2435
2018-02-10 16:00:00,1470.0,1494.8245
2018-02-10 17:00:00,1547.0,1486.7933
2018-02-10 18:00:00,1547.0,1605.7584
2018-02-10 19:00:00,1578.0,1536.9807
2018-02-10 20:00:00,1551.0,1571.2595
2018-02-10 21:00:00,1522.0,1516.0481
2018-02-10 22:00:00,1459.0,1455.4795
2018-02-10 23:00:00,1416.0,1371.1577
2018-02-11 00:00:00,1348.0,1362.9404
2018-02-11 01:00:00,1298.0,1324.4423
2018-02-11 02:00:00,1270.0,1280.3522
2018-02-11 03:00:00,1268.0,1269.7113
2018-02-11 04:00:00,1257.0,1302.1167
2018-02-11 05:00:00,1284.0,1307.5437
2018-02-11 06:00:00,1311.0,1363.8164
2018-02-11 07:00:00,1379.0,1401.8186
2018-02-11 08:00:00,1473.0,1494.3237
2018-02-11 09:00:00,1498.0,1548.09
2018-02-11 10:00:00,1483.0,1494.4219
2018-02-11 11:00:00,1439.0,1465.6827
2018-02-11 12:00:00,1471.0,1422.266
2018-02-11 13:00:00,1480.0,1431.6677
2018-02-11 14:00:00,1451.0,1483.4004
2018-02-11 15:00:00,1456.0,1466.4297
2018-02-11 16:00:00,1451.0,1485.2311
2018-02-11 17:00:00,1634.0,1506.8749
2018-02-11 18:00:00,1732.0,1703.6688
2018-02-11 19:00:00,1793.0,1766.3046
2018-02-11 20:00:00,1815.0,1800.8007
2018-02-11 21:00:00,1773.0,1787.4103
2018-02-11 22:00:00,1716.0,1709.8616
2018-02-11 23:00:00,1618.0,1629.9971
2018-02-12 00:00:00,1606.0,1564.3684
2018-02-12 01:00:00,1632.0,1578.0529
2018-02-12 02:00:00,1663.0,1654.7074
2018-02-12 03:00:00,1694.0,1718.1205
2018-02-12 04:00:00,1783.0,1767.2286
2018-02-12 05:00:00,1864.0,1893.263
2018-02-12 06:00:00,2053.0,2014.9805
2018-02-12 07:00:00,2128.0,2090.2903
2018-02-12 08:00:00,2076.0,2104.8027
2018-02-12 09:00:00,2087.0,2016.6461
2018-02-12 10:00:00,2055.0,2024.3275
2018-02-12 11:00:00,1903.0,2046.5435
2018-02-12 12:00:00,1871.0,1875.7089
2018-02-12 13:00:00,1795.0,1831.179
2018-02-12 14:00:00,1771.0,1751.2952
2018-02-12 15:00:00,1703.0,1738.1802
2018-02-12 16:00:00,1703.0,1730.2153
2018-02-12 17:00:00,1785.0,1758.1835
2018-02-12 18:00:00,1927.0,1903.3376
2018-02-12 19:00:00,2015.0,1980.6555
2018-02-12 20:00:00,2044.0,1999.0696
2018-02-12 21:00:00,2023.0,2040.3976
2018-02-12 22:00:00,1910.0,1964.9412
2018-02-12 23:00:00,1874.0,1820.0823
2018-02-13 00:00:00,1862.0,1841.155
2018-02-13 01:00:00,1826.0,1851.4211
2018-02-13 02:00:00,1839.0,1823.1683
2018-02-13 03:00:00,1858.0,1855.2957
2018-02-13 04:00:00,1897.0,1898.8516
2018-02-13 05:00:00,1969.0,1991.513
2018-02-13 06:00:00,2106.0,2078.6582
2018-02-13 07:00:00,2130.0,2184.1724
2018-02-13 08:00:00,2050.0,2084.0337
2018-02-13 09:00:00,1984.0,1981.7717
2018-02-13 10:00:00,1921.0,1921.0908
2018-02-13 11:00:00,1787.0,1851.2545
2018-02-13 12:00:00,1715.0,1725.5168
2018-02-13 13:00:00,1588.0,1677.4144
2018-02-13 14:00:00,1526.0,1518.5734
2018-02-13 15:00:00,1486.0,1508.3527
2018-02-13 16:00:00,1501.0,1498.1471
2018-02-13 17:00:00,1463.0,1602.8661
2018-02-13 18:00:00,1598.0,1571.3043
2018-02-13 19:00:00,1723.0,1700.9292
2018-02-13 20:00:00,1782.0,1787.965
2018-02-13 21:00:00,1675.0,1804.6652
2018-02-13 22:00:00,1592.0,1608.0337
2018-02-13 23:00:00,1475.0,1485.5264
2018-02-14 00:00:00,1389.0,1411.0839
2018-02-14 01:00:00,1331.0,1355.1245
2018-02-14 02:00:00,1266.0,1307.3317
2018-02-14 03:00:00,1289.0,1264.2451
2018-02-14 04:00:00,1332.0,1292.5145
2018-02-14 05:00:00,1390.0,1420.0204
2018-02-14 06:00:00,1556.0,1518.0581
2018-02-14 07:00:00,1563.0,1582.0282
2018-02-14 08:00:00,1404.0,1544.624
2018-02-14 09:00:00,1459.0,1381.0312
2018-02-14 10:00:00,1444.0,1427.5162
2018-02-14 11:00:00,1395.0,1441.6793
2018-02-14 12:00:00,1392.0,1378.0137
2018-02-14 13:00:00,1392.0,1360.4742
2018-02-14 14:00:00,1310.0,1384.8965
2018-02-14 15:00:00,1321.0,1307.4685
2018-02-14 16:00:00,1350.0,1344.3363
2018-02-14 17:00:00,1404.0,1426.0542
2018-02-14 18:00:00,1469.0,1486.0406
2018-02-14 19:00:00,1468.0,1509.5392
2018-02-14 20:00:00,1475.0,1468.9569
2018-02-14 21:00:00,1399.0,1417.2374
2018-02-14 22:00:00,1313.0,1319.1589
2018-02-14 23:00:00,1200.0,1204.77
2018-02-15 00:00:00,1118.0,1129.6569
2018-02-15 01:00:00,1102.0,1088.8652
2018-02-15 02:00:00,1044.0,1087.7561
2018-02-15 03:00:00,1050.0,1061.4167
2018-02-15 04:00:00,1093.0,1086.3567
2018-02-15 05:00:00,1142.0,1190.9268
2018-02-15 06:00:00,1311.0,1317.6772
2018-02-15 07:00:00,1339.0,1379.2836
2018-02-15 08:00:00,1289.0,1297.4061
2018-02-15 09:00:00,1298.0,1282.7665
2018-02-15 10:00:00,1231.0,1283.6128
2018-02-15 11:00:00,1151.0,1229.6981
2018-02-15 12:00:00,1225.0,1143.3326
2018-02-15 13:00:00,1219.0,1217.8663
2018-02-15 14:00:00,1214.0,1227.661
2018-02-15 15:00:00,1210.0,1221.7489
2018-02-15 16:00:00,1207.0,1241.1095
2018-02-15 17:00:00,1249.0,1251.5369
2018-02-15 18:00:00,1326.0,1316.8209
2018-02-15 19:00:00,1416.0,1390.324
2018-02-15 20:00:00,1386.0,1427.8983
2018-02-15 21:00:00,1365.0,1338.822
2018-02-15 22:00:00,1255.0,1263.6707
2018-02-15 23:00:00,1161.0,1175.4807
2018-02-16 00:00:00,1052.0,1091.1628
2018-02-16 01:00:00,1000.0,1032.1514
2018-02-16 02:00:00,963.0,978.9981
2018-02-16 03:00:00,981.0,955.7997
2018-02-16 04:00:00,961.0,993.8411
2018-02-16 05:00:00,1058.0,1041.685
2018-02-16 06:00:00,1232.0,1228.5569
2018-02-16 07:00:00,1291.0,1286.3534
2018-02-16 08:00:00,1285.0,1268.0038
2018-02-16 09:00:00,1294.0,1307.6041
2018-02-16 10:00:00,1285.0,1294.8499
2018-02-16 11:00:00,1342.0,1282.218
2018-02-16 12:00:00,1361.0,1348.5546
2018-02-16 13:00:00,1378.0,1384.138
2018-02-16 14:00:00,1381.0,1379.1577
2018-02-16 15:00:00,1435.0,1384.0862
2018-02-16 16:00:00,1504.0,1471.7318
2018-02-16 17:00:00,1545.0,1581.2086
2018-02-16 18:00:00,1649.0,1621.1663
2018-02-16 19:00:00,1603.0,1686.2645
2018-02-16 20:00:00,1575.0,1616.9941
2018-02-16 21:00:00,1593.0,1556.2346
2018-02-16 22:00:00,1592.0,1517.7449
2018-02-16 23:00:00,1520.0,1511.5621
2018-02-17 00:00:00,1509.0,1487.9021
2018-02-17 01:00:00,1436.0,1484.4751
2018-02-17 02:00:00,1473.0,1415.7775
2018-02-17 03:00:00,1457.0,1452.0066
2018-02-17 04:00:00,1501.0,1480.2776
2018-02-17 05:00:00,1568.0,1565.4884
2018-02-17 06:00:00,1597.0,1645.594
2018-02-17 07:00:00,1688.0,1664.5728
2018-02-17 08:00:00,1702.0,1741.8004
2018-02-17 09:00:00,1771.0,1708.2632
2018-02-17 10:00:00,1766.0,1757.4047
2018-02-17 11:00:00,1774.0,1760.7604
2018-02-17 12:00:00,1804.0,1742.94
2018-02-17 13:00:00,1790.0,1788.3951
2018-02-17 14:00:00,1755.0,1771.8745
2018-02-17 15:00:00,1706.0,1738.7435
2018-02-17 16:00:00,1743.0,1694.7826
2018-02-17 17:00:00,1692.0,1775.5012
2018-02-17 18:00:00,1751.0,1703.0618
2018-02-17 19:00:00,1764.0,1711.2732
2018-02-17 20:00:00,1700.0,1770.1641
2018-02-17 21:00:00,1690.0,1675.3741
2018-02-17 22:00:00,1598.0,1639.2919
2018-02-17 23:00:00,1530.0,1526.9628
2018-02-18 00:00:00,1497.0,1474.638
2018-02-18 01:00:00,1453.0,1488.1329
2018-02-18 02:00:00,1477.0,1450.7317
2018-02-18 03:00:00,1493.0,1495.2522
2018-02-18 04:00:00,1536.0,1536.5627
2018-02-18 05:00:00,1565.0,1608.7775
2018-02-18 06:00:00,1705.0,1630.3927
2018-02-18 07:00:00,1819.0,1794.1394
2018-02-18 08:00:00,1859.0,1867.7592
2018-02-18 09:00:00,1722.0,1863.0553
2018-02-18 10:00:00,1630.0,1636.4397
2018-02-18 11:00:00,1504.0,1511.0629
2018-02-18 12:00:00,1427.0,1444.6693
2018-02-18 13:00:00,1344.0,1349.5227
2018-02-18 14:00:00,1305.0,1274.435
2018-02-18 15:00:00,1270.0,1258.5142
2018-02-18 16:00:00,1283.0,1292.2314
2018-02-18 17:00:00,1346.0,1331.4198
2018-02-18 18:00:00,1466.0,1445.2806
2018-02-18 19:00:00,1576.0,1525.0681
2018-02-18 20:00:00,1579.0,1617.0507
2018-02-18 21:00:00,1581.0,1564.3138
2018-02-18 22:00:00,1507.0,1504.4324
2018-02-18 23:00:00,1424.0,1427.4858
2018-02-19 00:00:00,1299.0,1365.8492
2018-02-19 01:00:00,1298.0,1277.6893
2018-02-19 02:00:00,1240.0,1265.8651
2018-02-19 03:00:00,1224.0,1249.8898
2018-02-19 04:00:00,1252.0,1240.0065
2018-02-19 05:00:00,1232.0,1326.8364
2018-02-19 06:00:00,1402.0,1351.9806
2018-02-19 07:00:00,1435.0,1443.2826
2018-02-19 08:00:00,1333.0,1420.5472
2018-02-19 09:00:00,1327.0,1309.2825
2018-02-19 10:00:00,1298.0,1285.5958
2018-02-19 11:00:00,1262.0,1270.883
2018-02-19 12:00:00,1247.0,1254.1821
2018-02-19 13:00:00,1239.0,1230.636
2018-02-19 14:00:00,1232.0,1229.4104
2018-02-19 15:00:00,1183.0,1248.9725
2018-02-19 16:00:00,1218.0,1225.164
2018-02-19 17:00:00,1244.0,1272.3248
2018-02-19 18:00:00,1357.0,1334.7335
2018-02-19 19:00:00,1424.0,1432.9839
2018-02-19 20:00:00,1390.0,1433.4019
2018-02-19 21:00:00,1331.0,1344.0087
2018-02-19 22:00:00,1227.0,1221.6119
2018-02-19 23:00:00,1147.0,1122.4648
2018-02-20 00:00:00,1038.0,1088.9612
2018-02-20 01:00:00,1016.0,1030.9669
2018-02-20 02:00:00,996.0,1024.9202
2018-02-20 03:00:00,968.0,1020.00543
2018-02-20 04:00:00,1028.0,1031.0587
2018-02-20 05:00:00,1078.0,1143.9635
2018-02-20 06:00:00,1288.0,1234.6421
2018-02-20 07:00:00,1274.0,1326.9504
2018-02-20 08:00:00,1220.0,1241.0806
2018-02-20 09:00:00,1198.0,1218.5608
2018-02-20 10:00:00,1213.0,1181.8508
2018-02-20 11:00:00,1179.0,1202.63
2018-02-20 12:00:00,1179.0,1187.4109
2018-02-20 13:00:00,1113.0,1177.7916
2018-02-20 14:00:00,1207.0,1134.7316
2018-02-20 15:00:00,1198.0,1227.3365
2018-02-20 16:00:00,1188.0,1245.8379
2018-02-20 17:00:00,1243.0,1243.9667
2018-02-20 18:00:00,1316.0,1319.613
2018-02-20 19:00:00,1411.0,1390.08
2018-02-20 20:00:00,1381.0,1439.5485
2018-02-20 21:00:00,1342.0,1356.9598
2018-02-20 22:00:00,1197.0,1249.2946
2018-02-20 23:00:00,1112.0,1094.9403
2018-02-21 00:00:00,1008.0,1028.5927
2018-02-21 01:00:00,937.0,964.6805
2018-02-21 02:00:00,935.0,925.1951
2018-02-21 03:00:00,943.0,927.1358
2018-02-21 04:00:00,939.0,969.3896
2018-02-21 05:00:00,1009.0,1041.9539
2018-02-21 06:00:00,1226.0,1171.3523
2018-02-21 07:00:00,1234.0,1258.3274
2018-02-21 08:00:00,1166.0,1205.5342
2018-02-21 09:00:00,1220.0,1158.4436
2018-02-21 10:00:00,1194.0,1221.4458
2018-02-21 11:00:00,1200.0,1208.6567
2018-02-21 12:00:00,1217.0,1198.9431
2018-02-21 13:00:00,1185.0,1215.1587
2018-02-21 14:00:00,1197.0,1176.1165
2018-02-21 15:00:00,1210.0,1185.9128
2018-02-21 16:00:00,1203.0,1241.3113
2018-02-21 17:00:00,1295.0,1260.892
2018-02-21 18:00:00,1394.0,1378.5782
2018-02-21 19:00:00,1407.0,1463.6671
2018-02-21 20:00:00,1408.0,1426.6061
2018-02-21 21:00:00,1376.0,1367.1746
2018-02-21 22:00:00,1255.0,1284.9917
2018-02-21 23:00:00,1165.0,1141.7183
2018-02-22 00:00:00,1080.0,1075.5629
2018-02-22 01:00:00,1008.0,1047.7048
2018-02-22 02:00:00,1031.0,981.76526
2018-02-22 03:00:00,1034.0,1012.466
2018-02-22 04:00:00,1101.0,1069.9462
2018-02-22 05:00:00,1158.0,1189.9326
2018-02-22 06:00:00,1339.0,1305.9354
2018-02-22 07:00:00,1361.0,1399.4685
2018-02-22 08:00:00,1339.0,1344.9851
2018-02-22 09:00:00,1301.0,1321.3948
2018-02-22 10:00:00,1283.0,1267.7579
2018-02-22 11:00:00,1261.0,1259.4786
2018-02-22 12:00:00,1253.0,1244.1357
2018-02-22 13:00:00,1249.0,1225.3525
2018-02-22 14:00:00,1219.0,1229.4413
2018-02-22 15:00:00,1298.0,1219.5864
2018-02-22 16:00:00,1277.0,1331.9288
2018-02-22 17:00:00,1379.0,1345.2289
2018-02-22 18:00:00,1409.0,1480.3037
2018-02-22 19:00:00,1501.0,1450.596
2018-02-22 20:00:00,1475.0,1538.0824
2018-02-22 21:00:00,1445.0,1446.1647
2018-02-22 22:00:00,1330.0,1365.283
2018-02-22 23:00:00,1268.0,1228.4816
2018-02-23 00:00:00,1177.0,1207.3575
2018-02-23 01:00:00,1099.0,1158.3075
2018-02-23 02:00:00,1128.0,1095.8634
2018-02-23 03:00:00,1116.0,1112.8949
2018-02-23 04:00:00,1127.0,1164.2474
2018-02-23 05:00:00,1231.0,1200.3175
2018-02-23 06:00:00,1365.0,1403.1484
2018-02-23 07:00:00,1367.0,1412.1973
2018-02-23 08:00:00,1304.0,1349.0399
2018-02-23 09:00:00,1252.0,1290.4487
2018-02-23 10:00:00,1200.0,1216.5211
2018-02-23 11:00:00,1165.0,1172.5505
2018-02-23 12:00:00,1139.0,1150.8552
2018-02-23 13:00:00,1212.0,1149.9061
2018-02-23 14:00:00,1118.0,1232.4607
2018-02-23 15:00:00,1168.0,1144.4363
2018-02-23 16:00:00,1163.0,1191.3563
2018-02-23 17:00:00,1188.0,1200.9984
2018-02-23 18:00:00,1263.0,1245.4149
2018-02-23 19:00:00,1280.0,1327.458
2018-02-23 20:00:00,1181.0,1327.429
2018-02-23 21:00:00,1191.0,1215.3494
2018-02-23 22:00:00,1110.0,1151.6346
2018-02-23 23:00:00,1076.0,1053.1847
2018-02-24 00:00:00,1007.0,1032.5006
2018-02-24 01:00:00,981.0,968.5647
2018-02-24 02:00:00,956.0,967.2963
2018-02-24 03:00:00,966.0,947.05347
2018-02-24 04:00:00,956.0,976.4638
2018-02-24 05:00:00,990.0,993.18445
2018-02-24 06:00:00,1028.0,1066.4625
2018-02-24 07:00:00,1122.0,1115.6207
2018-02-24 08:00:00,1171.0,1189.6194
2018-02-24 09:00:00,1287.0,1211.4785
2018-02-24 10:00:00,1286.0,1305.4598
2018-02-24 11:00:00,1326.0,1273.9744
2018-02-24 12:00:00,1304.0,1320.3878
2018-02-24 13:00:00,1272.0,1301.249
2018-02-24 14:00:00,1247.0,1245.0914
2018-02-24 15:00:00,1235.0,1227.2196
2018-02-24 16:00:00,1257.0,1249.6572
2018-02-24 17:00:00,1274.0,1292.4164
2018-02-24 18:00:00,1328.0,1306.1573
2018-02-24 19:00:00,1324.0,1356.1676
2018-02-24 20:00:00,1297.0,1345.1329
2018-02-24 21:00:00,1245.0,1299.9774
2018-02-24 22:00:00,1207.0,1194.3325
2018-02-24 23:00:00,1080.0,1125.2992
2018-02-25 00:00:00,1044.0,1028.1807
2018-02-25 01:00:00,993.0,988.2308
2018-02-25 02:00:00,968.0,967.09735
2018-02-25 03:00:00,949.0,954.19183
2018-02-25 04:00:00,935.0,949.35175
2018-02-25 05:00:00,981.0,962.8697
2018-02-25 06:00:00,1021.0,1020.04175
2018-02-25 07:00:00,1119.0,1116.7988
2018-02-25 08:00:00,1223.0,1218.3336
2018-02-25 09:00:00,1333.0,1301.7875
2018-02-25 10:00:00,1335.0,1348.9387
2018-02-25 11:00:00,1285.0,1334.9076
2018-02-25 12:00:00,1317.0,1285.0637
2018-02-25 13:00:00,1326.0,1294.4022
2018-02-25 14:00:00,1273.0,1311.2335
2018-02-25 15:00:00,1286.0,1259.6434
2018-02-25 16:00:00,1300.0,1296.3805
2018-02-25 17:00:00,1376.0,1334.6569
2018-02-25 18:00:00,1448.0,1440.17
2018-02-25 19:00:00,1516.0,1495.0323
2018-02-25 20:00:00,1522.0,1534.198
2018-02-25 21:00:00,1498.0,1499.335
2018-02-25 22:00:00,1402.0,1420.3531
2018-02-25 23:00:00,1285.0,1302.9928
2018-02-26 00:00:00,1272.0,1199.1565
2018-02-26 01:00:00,1276.0,1235.0946
2018-02-26 02:00:00,1250.0,1275.9913
2018-02-26 03:00:00,1261.0,1295.9698
2018-02-26 04:00:00,1323.0,1318.2454
2018-02-26 05:00:00,1427.0,1413.3936
2018-02-26 06:00:00,1570.0,1611.765
2018-02-26 07:00:00,1638.0,1659.1029
2018-02-26 08:00:00,1519.0,1623.4233
2018-02-26 09:00:00,1478.0,1466.9373
2018-02-26 10:00:00,1348.0,1412.9712
2018-02-26 11:00:00,1332.0,1286.5428
2018-02-26 12:00:00,1246.0,1284.2394
2018-02-26 13:00:00,1222.0,1218.9662
2018-02-26 14:00:00,1187.0,1182.3756
2018-02-26 15:00:00,1156.0,1177.9198
2018-02-26 16:00:00,1158.0,1181.0863
2018-02-26 17:00:00,1192.0,1210.8884
2018-02-26 18:00:00,1320.0,1259.2639
2018-02-26 19:00:00,1440.0,1414.3802
2018-02-26 20:00:00,1509.0,1475.2032
2018-02-26 21:00:00,1484.0,1468.82
2018-02-26 22:00:00,1395.0,1377.422
2018-02-26 23:00:00,1321.0,1311.4596
2018-02-27 00:00:00,1342.0,1272.8771
2018-02-27 01:00:00,1397.0,1317.5886
2018-02-27 02:00:00,1362.0,1473.9758
2018-02-27 03:00:00,1379.0,1428.5706
2018-02-27 04:00:00,1513.0,1431.7528
2018-02-27 05:00:00,1666.0,1641.5145
2018-02-27 06:00:00,1827.0,1809.2085
2018-02-27 07:00:00,1858.0,1859.6119
2018-02-27 08:00:00,1716.0,1791.1676
2018-02-27 09:00:00,1535.0,1620.3867
2018-02-27 10:00:00,1411.0,1442.1724
2018-02-27 11:00:00,1322.0,1327.8511
2018-02-27 12:00:00,1240.0,1269.2745
2018-02-27 13:00:00,1212.0,1201.9661
2018-02-27 14:00:00,1180.0,1181.4987
2018-02-27 15:00:00,1195.0,1181.9244
2018-02-27 16:00:00,1164.0,1223.3564
2018-02-27 17:00:00,1212.0,1225.4247
2018-02-27 18:00:00,1311.0,1279.6078
2018-02-27 19:00:00,1438.0,1420.7031
2018-02-27 20:00:00,1447.0,1496.67
2018-02-27 21:00:00,1421.0,1424.5422
2018-02-27 22:00:00,1301.0,1336.0305
2018-02-27 23:00:00,1226.0,1198.7717
2018-02-28 00:00:00,1154.0,1152.307
2018-02-28 01:00:00,1148.0,1119.6766
2018-02-28 02:00:00,1103.0,1125.6622
2018-02-28 03:00:00,1135.0,1099.9207
2018-02-28 04:00:00,1173.0,1157.079
2018-02-28 05:00:00,1270.0,1257.4681
2018-02-28 06:00:00,1419.0,1422.3812
2018-02-28 07:00:00,1434.0,1444.9852
2018-02-28 08:00:00,1394.0,1384.2073
2018-02-28 09:00:00,1417.0,1344.941
2018-02-28 10:00:00,1384.0,1401.0323
2018-02-28 11:00:00,1378.0,1349.2313
2018-02-28 12:00:00,1341.0,1361.171
2018-02-28 13:00:00,1334.0,1314.8206
2018-02-28 14:00:00,1288.0,1304.9221
2018-02-28 15:00:00,1283.0,1263.6659
2018-02-28 16:00:00,1337.0,1293.1509
2018-02-28 17:00:00,1382.0,1385.4296
2018-02-28 18:00:00,1439.0,1457.9247
2018-02-28 19:00:00,1480.0,1492.7856
2018-02-28 20:00:00,1425.0,1488.6754
2018-02-28 21:00:00,1401.0,1390.2107
2018-02-28 22:00:00,1308.0,1312.0986
2018-02-28 23:00:00,1197.0,1210.0746
2018-03-01 00:00:00,1145.0,1124.8676
2018-03-01 01:00:00,1091.0,1111.5044
2018-03-01 02:00:00,1087.0,1088.4175
2018-03-01 03:00:00,1067.0,1079.7937
2018-03-01 04:00:00,1087.0,1086.0475
2018-03-01 05:00:00,1187.0,1143.9902
2018-03-01 06:00:00,1346.0,1355.4333
2018-03-01 07:00:00,1369.0,1383.1843
2018-03-01 08:00:00,1320.0,1343.8727
2018-03-01 09:00:00,1320.0,1308.1243
2018-03-01 10:00:00,1294.0,1281.8256
2018-03-01 11:00:00,1268.0,1271.4846
2018-03-01 12:00:00,1271.0,1253.7897
2018-03-01 13:00:00,1254.0,1246.5165
2018-03-01 14:00:00,1238.0,1248.2656
2018-03-01 15:00:00,1194.0,1234.2485
2018-03-01 16:00:00,1291.0,1217.2837
2018-03-01 17:00:00,1358.0,1341.3853
2018-03-01 18:00:00,1465.0,1414.021
2018-03-01 19:00:00,1565.0,1485.3378
2018-03-01 20:00:00,1574.0,1580.7224
2018-03-01 21:00:00,1556.0,1551.5603
2018-03-01 22:00:00,1464.0,1453.3524
2018-03-01 23:00:00,1397.0,1366.6544
2018-03-02 00:00:00,1334.0,1338.815
2018-03-02 01:00:00,1367.0,1312.1897
2018-03-02 02:00:00,1324.0,1369.6688
2018-03-02 03:00:00,1427.0,1346.7451
2018-03-02 04:00:00,1457.0,1509.4065
2018-03-02 05:00:00,1593.0,1542.1696
2018-03-02 06:00:00,1810.0,1754.1714
2018-03-02 07:00:00,1814.0,1823.7852
2018-03-02 08:00:00,1682.0,1751.3346
2018-03-02 09:00:00,1581.0,1575.7196
2018-03-02 10:00:00,1474.0,1499.3202
2018-03-02 11:00:00,1415.0,1393.5582
2018-03-02 12:00:00,1354.0,1367.4988
2018-03-02 13:00:00,1310.0,1308.5691
2018-03-02 14:00:00,1268.0,1272.7886
2018-03-02 15:00:00,1240.0,1240.1766
2018-03-02 16:00:00,1271.0,1245.1288
2018-03-02 17:00:00,1329.0,1295.0153
2018-03-02 18:00:00,1420.0,1386.5586
2018-03-02 19:00:00,1568.0,1472.6122
2018-03-02 20:00:00,1616.0,1608.8663
2018-03-02 21:00:00,1631.0,1616.5367
2018-03-02 22:00:00,1607.0,1594.611
2018-03-02 23:00:00,1592.0,1571.5763
2018-03-03 00:00:00,1558.0,1550.619
2018-03-03 01:00:00,1544.0,1545.6487
2018-03-03 02:00:00,1553.0,1550.7269
2018-03-03 03:00:00,1607.0,1558.9749
2018-03-03 04:00:00,1661.0,1653.5269
2018-03-03 05:00:00,1700.0,1723.7957
2018-03-03 06:00:00,1805.0,1755.238
2018-03-03 07:00:00,1864.0,1834.1016
2018-03-03 08:00:00,1820.0,1856.6849
2018-03-03 09:00:00,1698.0,1751.2568
2018-03-03 10:00:00,1610.0,1631.4819
2018-03-03 11:00:00,1512.0,1502.6025
2018-03-03 12:00:00,1416.0,1445.9475
2018-03-03 13:00:00,1323.0,1363.9347
2018-03-03 14:00:00,1271.0,1265.0405
2018-03-03 15:00:00,1244.0,1228.7794
2018-03-03 16:00:00,1248.0,1250.0581
2018-03-03 17:00:00,1293.0,1282.9816
2018-03-03 18:00:00,1346.0,1376.7726
2018-03-03 19:00:00,1499.0,1433.8037
2018-03-03 20:00:00,1518.0,1570.0128
2018-03-03 21:00:00,1549.0,1515.7383
2018-03-03 22:00:00,1573.0,1511.9064
2018-03-03 23:00:00,1532.0,1524.9199
2018-03-04 00:00:00,1514.0,1505.2776
2018-03-04 01:00:00,1478.0,1514.704
2018-03-04 02:00:00,1542.0,1487.1381
2018-03-04 03:00:00,1552.0,1565.7328
2018-03-04 04:00:00,1610.0,1577.6165
2018-03-04 05:00:00,1669.0,1672.1638
2018-03-04 06:00:00,1758.0,1726.9789
2018-03-04 07:00:00,1823.0,1792.2516
2018-03-04 08:00:00,1817.0,1820.4192
2018-03-04 09:00:00,1746.0,1763.1393
2018-03-04 10:00:00,1584.0,1654.6362
2018-03-04 11:00:00,1467.0,1474.8214
2018-03-04 12:00:00,1387.0,1385.859
2018-03-04 13:00:00,1240.0,1317.0184
2018-03-04 14:00:00,1236.0,1195.0009
2018-03-04 15:00:00,1228.0,1191.6125
2018-03-04 16:00:00,1222.0,1265.7811
2018-03-04 17:00:00,1286.0,1284.2325
2018-03-04 18:00:00,1383.0,1372.6165
2018-03-04 19:00:00,1541.0,1476.3182
2018-03-04 20:00:00,1595.0,1600.8129
2018-03-04 21:00:00,1587.0,1582.7716
2018-03-04 22:00:00,1548.0,1528.5635
2018-03-04 23:00:00,1496.0,1469.1393
2018-03-05 00:00:00,1472.0,1451.0201
2018-03-05 01:00:00,1479.0,1463.8337
2018-03-05 02:00:00,1503.0,1478.4397
2018-03-05 03:00:00,1528.0,1541.2266
2018-03-05 04:00:00,1622.0,1596.1554
2018-03-05 05:00:00,1718.0,1741.1029
2018-03-05 06:00:00,1899.0,1866.5623
2018-03-05 07:00:00,1907.0,1936.0804
2018-03-05 08:00:00,1847.0,1852.92
2018-03-05 09:00:00,1777.0,1772.9366
2018-03-05 10:00:00,1708.0,1693.3066
2018-03-05 11:00:00,1580.0,1619.0498
2018-03-05 12:00:00,1487.0,1522.8833
2018-03-05 13:00:00,1436.0,1423.0609
2018-03-05 14:00:00,1402.0,1382.5396
2018-03-05 15:00:00,1376.0,1362.7544
2018-03-05 16:00:00,1366.0,1402.1317
2018-03-05 17:00:00,1471.0,1406.1952
2018-03-05 18:00:00,1563.0,1566.3542
2018-03-05 19:00:00,1584.0,1642.0948
2018-03-05 20:00:00,1610.0,1625.766
2018-03-05 21:00:00,1569.0,1581.8799
2018-03-05 22:00:00,1463.0,1499.2946
2018-03-05 23:00:00,1371.0,1372.8734
2018-03-06 00:00:00,1285.0,1284.6343
2018-03-06 01:00:00,1239.0,1262.4293
2018-03-06 02:00:00,1286.0,1218.6403
2018-03-06 03:00:00,1272.0,1306.5049
2018-03-06 04:00:00,1300.0,1326.6787
2018-03-06 05:00:00,1401.0,1375.8044
2018-03-06 06:00:00,1586.0,1536.1094
2018-03-06 07:00:00,1564.0,1620.9746
2018-03-06 08:00:00,1488.0,1501.7136
2018-03-06 09:00:00,1440.0,1432.1628
2018-03-06 10:00:00,1330.0,1385.394
2018-03-06 11:00:00,1307.0,1279.0924
2018-03-06 12:00:00,1265.0,1279.5535
2018-03-06 13:00:00,1203.0,1246.2628
2018-03-06 14:00:00,1183.0,1183.9612
2018-03-06 15:00:00,1178.0,1175.6738
2018-03-06 16:00:00,1204.0,1201.4187
2018-03-06 17:00:00,1287.0,1253.1655
2018-03-06 18:00:00,1367.0,1367.1432
2018-03-06 19:00:00,1499.0,1431.1665
2018-03-06 20:00:00,1536.0,1550.1964
2018-03-06 21:00:00,1503.0,1489.6741
2018-03-06 22:00:00,1425.0,1403.3795
2018-03-06 23:00:00,1373.0,1322.6165
2018-03-07 00:00:00,1341.0,1309.9636
2018-03-07 01:00:00,1356.0,1323.5504
2018-03-07 02:00:00,1381.0,1375.0947
2018-03-07 03:00:00,1445.0,1432.3672
2018-03-07 04:00:00,1534.0,1523.1276
2018-03-07 05:00:00,1585.0,1682.55
2018-03-07 06:00:00,1797.0,1717.0226
2018-03-07 07:00:00,1837.0,1794.5458
2018-03-07 08:00:00,1789.0,1760.0302
2018-03-07 09:00:00,1785.0,1698.9761
2018-03-07 10:00:00,1767.0,1716.1176
2018-03-07 11:00:00,1729.0,1717.5392
2018-03-07 12:00:00,1671.0,1701.9247
2018-03-07 13:00:00,1635.0,1652.0168
2018-03-07 14:00:00,1588.0,1615.5315
2018-03-07 15:00:00,1586.0,1587.6816
2018-03-07 16:00:00,1613.0,1634.8728
2018-03-07 17:00:00,1762.0,1681.1677
2018-03-07 18:00:00,1812.0,1867.983
2018-03-07 19:00:00,1900.0,1884.9313
2018-03-07 20:00:00,1826.0,1925.8225
2018-03-07 21:00:00,1848.0,1804.8636
2018-03-07 22:00:00,1765.0,1786.8287
2018-03-07 23:00:00,1682.0,1679.5922
2018-03-08 00:00:00,1619.0,1657.3972
2018-03-08 01:00:00,1626.0,1615.871
2018-03-08 02:00:00,1582.0,1630.7815
2018-03-08 03:00:00,1639.0,1599.4398
2018-03-08 04:00:00,1680.0,1671.2203
2018-03-08 05:00:00,1832.0,1767.5837
2018-03-08 06:00:00,1991.0,2002.1117
2018-03-08 07:00:00,2049.0,2000.3291
2018-03-08 08:00:00,2000.0,2032.2417
2018-03-08 09:00:00,1959.0,1940.0525
2018-03-08 10:00:00,1874.0,1878.2135
2018-03-08 11:00:00,1827.0,1788.6537
2018-03-08 12:00:00,1799.0,1772.7274
2018-03-08 13:00:00,1798.0,1759.6119
2018-03-08 14:00:00,1750.0,1770.2007
2018-03-08 15:00:00,1757.0,1739.0244
2018-03-08 16:00:00,1825.0,1769.0865
2018-03-08 17:00:00,1867.0,1949.4993
2018-03-08 18:00:00,2006.0,1943.2848
2018-03-08 19:00:00,2043.0,2022.2775
2018-03-08 20:00:00,2074.0,2050.0642
2018-03-08 21:00:00,2055.0,2065.6887
2018-03-08 22:00:00,1949.0,2011.2205
2018-03-08 23:00:00,1880.0,1862.3313
2018-03-09 00:00:00,1819.0,1805.9858
2018-03-09 01:00:00,1824.0,1803.6692
2018-03-09 02:00:00,1805.0,1825.6599
2018-03-09 03:00:00,1856.0,1826.1135
2018-03-09 04:00:00,1943.0,1894.9512
2018-03-09 05:00:00,2034.0,2012.2172
2018-03-09 06:00:00,2212.0,2191.4717
2018-03-09 07:00:00,2234.0,2257.9358
2018-03-09 08:00:00,2053.0,2175.167
2018-03-09 09:00:00,1886.0,1986.4169
2018-03-09 10:00:00,1746.0,1774.8875
2018-03-09 11:00:00,1615.0,1649.729
2018-03-09 12:00:00,1552.0,1526.5918
2018-03-09 13:00:00,1498.0,1468.1765
2018-03-09 14:00:00,1470.0,1424.1282
2018-03-09 15:00:00,1467.0,1449.907
2018-03-09 16:00:00,1466.0,1488.4531
2018-03-09 17:00:00,1534.0,1547.5331
2018-03-09 18:00:00,1652.0,1626.3209
2018-03-09 19:00:00,1676.0,1739.3441
2018-03-09 20:00:00,1669.0,1695.0599
2018-03-09 21:00:00,1650.0,1669.4513
2018-03-09 22:00:00,1617.0,1605.165
2018-03-09 23:00:00,1552.0,1557.668
2018-03-10 00:00:00,1530.0,1484.8701
2018-03-10 01:00:00,1485.0,1511.9713
2018-03-10 02:00:00,1496.0,1479.304
2018-03-10 03:00:00,1491.0,1508.4032
2018-03-10 04:00:00,1486.0,1520.8932
2018-03-10 05:00:00,1553.0,1518.7644
2018-03-10 06:00:00,1584.0,1598.104
2018-03-10 07:00:00,1646.0,1640.4473
2018-03-10 08:00:00,1709.0,1680.7386
2018-03-10 09:00:00,1723.0,1700.0464
2018-03-10 10:00:00,1690.0,1692.283
2018-03-10 11:00:00,1576.0,1626.0925
2018-03-10 12:00:00,1500.0,1509.5106
2018-03-10 13:00:00,1403.0,1434.727
2018-03-10 14:00:00,1378.0,1335.4775
2018-03-10 15:00:00,1339.0,1345.2798
2018-03-10 16:00:00,1349.0,1338.5616
2018-03-10 17:00:00,1370.0,1378.1123
2018-03-10 18:00:00,1425.0,1425.103
2018-03-10 19:00:00,1526.0,1448.0392
2018-03-10 20:00:00,1548.0,1539.1373
2018-03-10 21:00:00,1548.0,1509.3091
2018-03-10 22:00:00,1527.0,1482.374
2018-03-10 23:00:00,1461.0,1454.9321
2018-03-11 00:00:00,1391.0,1392.7849
2018-03-11 01:00:00,1404.0,1349.3914
2018-03-11 02:00:00,1449.0,1383.811
2018-03-11 04:00:00,1504.0,1498.618
2018-03-11 05:00:00,1529.0,1592.9723
2018-03-11 06:00:00,1565.0,1601.3909
2018-03-11 07:00:00,1653.0,1629.7012
2018-03-11 08:00:00,1724.0,1716.8175
2018-03-11 09:00:00,1757.0,1730.2944
2018-03-11 10:00:00,1685.0,1698.8278
2018-03-11 11:00:00,1552.0,1597.1592
2018-03-11 12:00:00,1514.0,1473.542
2018-03-11 13:00:00,1408.0,1449.3242
2018-03-11 14:00:00,1360.0,1331.0947
2018-03-11 15:00:00,1318.0,1321.7212
2018-03-11 16:00:00,1366.0,1321.1709
2018-03-11 17:00:00,1410.0,1400.2933
2018-03-11 18:00:00,1501.0,1467.1528
2018-03-11 19:00:00,1607.0,1561.3713
2018-03-11 20:00:00,1661.0,1677.757
2018-03-11 21:00:00,1672.0,1641.2244
2018-03-11 22:00:00,1661.0,1622.3328
2018-03-11 23:00:00,1580.0,1583.6696
2018-03-12 00:00:00,1606.0,1543.9011
2018-03-12 01:00:00,1571.0,1573.84
2018-03-12 02:00:00,1587.0,1600.054
2018-03-12 03:00:00,1586.0,1603.8851
2018-03-12 04:00:00,1636.0,1614.5173
2018-03-12 05:00:00,1740.0,1699.968
2018-03-12 06:00:00,1846.0,1885.4763
2018-03-12 07:00:00,1875.0,1902.3054
2018-03-12 08:00:00,1936.0,1848.3286
2018-03-12 09:00:00,1880.0,1919.3853
2018-03-12 10:00:00,1806.0,1825.1127
2018-03-12 11:00:00,1729.0,1732.5992
2018-03-12 12:00:00,1678.0,1673.697
2018-03-12 13:00:00,1629.0,1622.5388
2018-03-12 14:00:00,1570.0,1574.7308
2018-03-12 15:00:00,1580.0,1547.1464
2018-03-12 16:00:00,1597.0,1615.604
2018-03-12 17:00:00,1708.0,1668.9503
2018-03-12 18:00:00,1789.0,1800.7822
2018-03-12 19:00:00,1817.0,1862.8928
2018-03-12 20:00:00,1916.0,1819.3015
2018-03-12 21:00:00,1865.0,1915.4446
2018-03-12 22:00:00,1805.0,1824.2972
2018-03-12 23:00:00,1668.0,1713.8191
2018-03-13 00:00:00,1652.0,1604.0585
2018-03-13 01:00:00,1678.0,1624.4098
2018-03-13 02:00:00,1676.0,1698.7322
2018-03-13 03:00:00,1703.0,1709.2336
2018-03-13 04:00:00,1752.0,1759.8909
2018-03-13 05:00:00,1894.0,1859.7217
2018-03-13 06:00:00,2090.0,2039.2544
2018-03-13 07:00:00,2130.0,2118.2805
2018-03-13 08:00:00,2081.0,2100.1782
2018-03-13 09:00:00,2005.0,1982.6685
2018-03-13 10:00:00,1867.0,1932.0751
2018-03-13 11:00:00,1742.0,1779.508
2018-03-13 12:00:00,1676.0,1638.1654
2018-03-13 13:00:00,1659.0,1601.5923
2018-03-13 14:00:00,1670.0,1602.5732
2018-03-13 15:00:00,1655.0,1681.535
2018-03-13 16:00:00,1682.0,1698.5404
2018-03-13 17:00:00,1729.0,1763.5791
2018-03-13 18:00:00,1778.0,1803.4868
2018-03-13 19:00:00,1887.0,1810.3599
2018-03-13 20:00:00,1977.0,1927.6987
2018-03-13 21:00:00,1988.0,1948.6431
2018-03-13 22:00:00,1871.0,1926.8917
2018-03-13 23:00:00,1805.0,1784.4297
2018-03-14 00:00:00,1774.0,1748.5758
2018-03-14 01:00:00,1815.0,1759.818
2018-03-14 02:00:00,1806.0,1843.0458
2018-03-14 03:00:00,1869.0,1839.7329
2018-03-14 04:00:00,1906.0,1912.0321
2018-03-14 05:00:00,1978.0,2000.7291
2018-03-14 06:00:00,2109.0,2090.483
2018-03-14 07:00:00,2254.0,2169.365
2018-03-14 08:00:00,2201.0,2214.6821
2018-03-14 09:00:00,2111.0,2160.194
2018-03-14 10:00:00,2044.0,1998.3275
2018-03-14 11:00:00,1953.0,1955.7786
2018-03-14 12:00:00,1868.0,1886.0111
2018-03-14 13:00:00,1848.0,1797.1317
2018-03-14 14:00:00,1734.0,1793.7743
2018-03-14 15:00:00,1659.0,1708.586
2018-03-14 16:00:00,1658.0,1675.6089
2018-03-14 17:00:00,1645.0,1713.6135
2018-03-14 18:00:00,1682.0,1687.9604
2018-03-14 19:00:00,1790.0,1697.3025
2018-03-14 20:00:00,1957.0,1818.5685
2018-03-14 21:00:00,1959.0,1947.829
2018-03-14 22:00:00,1904.0,1870.7548
2018-03-14 23:00:00,1829.0,1825.8748
2018-03-15 00:00:00,1776.0,1797.8235
2018-03-15 01:00:00,1748.0,1756.4022
2018-03-15 02:00:00,1776.0,1750.2142
2018-03-15 03:00:00,1782.0,1803.8707
2018-03-15 04:00:00,1814.0,1844.8304
2018-03-15 05:00:00,1871.0,1890.6096
2018-03-15 06:00:00,1996.0,2004.4438
2018-03-15 07:00:00,2049.0,1992.8524
2018-03-15 08:00:00,1942.0,2017.3405
2018-03-15 09:00:00,1801.0,1869.3528
2018-03-15 10:00:00,1663.0,1700.709
2018-03-15 11:00:00,1580.0,1566.5913
2018-03-15 12:00:00,1483.0,1490.2972
2018-03-15 13:00:00,1400.0,1425.3907
2018-03-15 14:00:00,1347.0,1340.4318
2018-03-15 15:00:00,1298.0,1311.7812
2018-03-15 16:00:00,1312.0,1311.7856
2018-03-15 17:00:00,1282.0,1374.7372
2018-03-15 18:00:00,1321.0,1355.6908
2018-03-15 19:00:00,1403.0,1387.7222
2018-03-15 20:00:00,1488.0,1479.2664
2018-03-15 21:00:00,1531.0,1476.5142
2018-03-15 22:00:00,1447.0,1443.629
2018-03-15 23:00:00,1383.0,1353.2974
2018-03-16 00:00:00,1328.0,1321.0935
2018-03-16 01:00:00,1331.0,1284.7018
2018-03-16 02:00:00,1331.0,1333.1675
2018-03-16 03:00:00,1355.0,1352.3153
2018-03-16 04:00:00,1420.0,1397.6877
2018-03-16 05:00:00,1568.0,1528.4149
2018-03-16 06:00:00,1794.0,1694.3114
2018-03-16 07:00:00,1862.0,1812.3534
2018-03-16 08:00:00,1820.0,1779.2925
2018-03-16 09:00:00,1754.0,1731.6277
2018-03-16 10:00:00,1641.0,1687.5936
2018-03-16 11:00:00,1524.0,1538.6642
2018-03-16 12:00:00,1504.0,1450.7673
2018-03-16 13:00:00,1449.0,1444.3182
2018-03-16 14:00:00,1359.0,1413.6741
2018-03-16 15:00:00,1321.0,1338.1543
2018-03-16 16:00:00,1297.0,1326.382
2018-03-16 17:00:00,1297.0,1314.9166
2018-03-16 18:00:00,1304.0,1317.2142
2018-03-16 19:00:00,1437.0,1353.5709
2018-03-16 20:00:00,1500.0,1486.0748
2018-03-16 21:00:00,1560.0,1467.1243
2018-03-16 22:00:00,1499.0,1531.0819
2018-03-16 23:00:00,1403.0,1430.6471
2018-03-17 00:00:00,1411.0,1349.0726
2018-03-17 01:00:00,1371.0,1380.7654
2018-03-17 02:00:00,1357.0,1371.6615
2018-03-17 03:00:00,1362.0,1371.781
2018-03-17 04:00:00,1379.0,1366.289
2018-03-17 05:00:00,1424.0,1409.2491
2018-03-17 06:00:00,1426.0,1477.6746
2018-03-17 07:00:00,1500.0,1459.9706
2018-03-17 08:00:00,1558.0,1515.6008
2018-03-17 09:00:00,1536.0,1546.1102
2018-03-17 10:00:00,1517.0,1500.1697
2018-03-17 11:00:00,1458.0,1463.8666
2018-03-17 12:00:00,1387.0,1413.99
2018-03-17 13:00:00,1311.0,1336.7491
2018-03-17 14:00:00,1251.0,1250.9963
2018-03-17 15:00:00,1250.0,1189.7446
2018-03-17 16:00:00,1245.0,1233.1925
2018-03-17 17:00:00,1230.0,1288.0663
2018-03-17 18:00:00,1248.0,1269.8196
2018-03-17 19:00:00,1265.0,1299.3807
2018-03-17 20:00:00,1367.0,1338.092
2018-03-17 21:00:00,1326.0,1367.8108
2018-03-17 22:00:00,1290.0,1266.7903
2018-03-17 23:00:00,1191.0,1212.9412
2018-03-18 00:00:00,1146.0,1130.3185
2018-03-18 01:00:00,1119.0,1113.1531
2018-03-18 02:00:00,1095.0,1104.5112
2018-03-18 03:00:00,1129.0,1095.4557
2018-03-18 04:00:00,1141.0,1151.4594
2018-03-18 05:00:00,1230.0,1191.5852
2018-03-18 06:00:00,1293.0,1328.2305
2018-03-18 07:00:00,1372.0,1355.8254
2018-03-18 08:00:00,1474.0,1398.1964
2018-03-18 09:00:00,1536.0,1495.8398
2018-03-18 10:00:00,1439.0,1516.6637
2018-03-18 11:00:00,1300.0,1381.2568
2018-03-18 12:00:00,1284.0,1252.9031
2018-03-18 13:00:00,1232.0,1224.4275
2018-03-18 14:00:00,1184.0,1195.5889
2018-03-18 15:00:00,1152.0,1157.7241
2018-03-18 16:00:00,1160.0,1153.0674
2018-03-18 17:00:00,1169.0,1179.2415
2018-03-18 18:00:00,1214.0,1200.3071
2018-03-18 19:00:00,1258.0,1300.7678
2018-03-18 20:00:00,1423.0,1332.145
2018-03-18 21:00:00,1388.0,1370.4825
2018-03-18 22:00:00,1339.0,1315.5243
2018-03-18 23:00:00,1238.0,1246.0431
2018-03-19 00:00:00,1201.0,1171.5731
2018-03-19 01:00:00,1148.0,1168.6243
2018-03-19 02:00:00,1181.0,1144.0286
2018-03-19 03:00:00,1252.0,1192.7786
2018-03-19 04:00:00,1307.0,1320.7781
2018-03-19 05:00:00,1396.0,1427.1132
2018-03-19 06:00:00,1621.0,1589.0634
2018-03-19 07:00:00,1674.0,1690.7579
2018-03-19 08:00:00,1603.0,1616.8241
2018-03-19 09:00:00,1516.0,1532.5126
2018-03-19 10:00:00,1463.0,1442.0338
2018-03-19 11:00:00,1349.0,1390.6665
2018-03-19 12:00:00,1304.0,1298.1599
2018-03-19 13:00:00,1267.0,1264.7703
2018-03-19 14:00:00,1260.0,1228.0741
2018-03-19 15:00:00,1223.0,1245.1212
2018-03-19 16:00:00,1231.0,1254.1704
2018-03-19 17:00:00,1313.0,1271.6625
2018-03-19 18:00:00,1376.0,1379.3105
2018-03-19 19:00:00,1419.0,1468.3071
2018-03-19 20:00:00,1480.0,1503.279
2018-03-19 21:00:00,1451.0,1449.777
2018-03-19 22:00:00,1367.0,1375.8539
2018-03-19 23:00:00,1292.0,1278.8604
2018-03-20 00:00:00,1191.0,1233.9816
2018-03-20 01:00:00,1229.0,1160.0684
2018-03-20 02:00:00,1182.0,1210.8529
2018-03-20 03:00:00,1238.0,1201.0071
2018-03-20 04:00:00,1224.0,1282.2474
2018-03-20 05:00:00,1277.0,1321.4232
2018-03-20 06:00:00,1562.0,1439.662
2018-03-20 07:00:00,1647.0,1597.1855
2018-03-20 08:00:00,1641.0,1588.2148
2018-03-20 09:00:00,1641.0,1583.5387
2018-03-20 10:00:00,1665.0,1573.7373
2018-03-20 11:00:00,1653.0,1634.6655
2018-03-20 12:00:00,1626.0,1641.6355
2018-03-20 13:00:00,1671.0,1606.6991
2018-03-20 14:00:00,1632.0,1687.0742
2018-03-20 15:00:00,1617.0,1641.0304
2018-03-20 16:00:00,1727.0,1668.1625
2018-03-20 17:00:00,1762.0,1809.3585
2018-03-20 18:00:00,1866.0,1821.3737
2018-03-20 19:00:00,1879.0,1911.2544
2018-03-20 20:00:00,1994.0,1898.3435
2018-03-20 21:00:00,1920.0,1962.6097
2018-03-20 22:00:00,1802.0,1863.4418
2018-03-20 23:00:00,1733.0,1732.7316
2018-03-21 00:00:00,1700.0,1683.3267
2018-03-21 01:00:00,1683.0,1673.0083
2018-03-21 02:00:00,1694.0,1703.3362
2018-03-21 03:00:00,1711.0,1715.7988
2018-03-21 04:00:00,1772.0,1767.9061
2018-03-21 05:00:00,1816.0,1886.0464
2018-03-21 06:00:00,1887.0,1949.899
2018-03-21 07:00:00,1945.0,1951.2008
2018-03-21 08:00:00,1942.0,1898.4825
2018-03-21 09:00:00,1957.0,1908.3301
2018-03-21 10:00:00,1950.0,1910.556
2018-03-21 11:00:00,1936.0,1900.6504
2018-03-21 12:00:00,1934.0,1906.8925
2018-03-21 13:00:00,1929.0,1917.2401
2018-03-21 14:00:00,1958.0,1884.2518
2018-03-21 15:00:00,1991.0,1948.3619
2018-03-21 16:00:00,2006.0,2020.9781
2018-03-21 17:00:00,2033.0,2030.0635
2018-03-21 18:00:00,2004.0,2067.1226
2018-03-21 19:00:00,2003.0,1975.6908
2018-03-21 20:00:00,2077.0,1949.911
2018-03-21 21:00:00,2068.0,2053.3965
2018-03-21 22:00:00,1940.0,2039.7731
2018-03-21 23:00:00,1838.0,1857.1453
2018-03-22 00:00:00,1824.0,1758.343
2018-03-22 01:00:00,1824.0,1809.8684
2018-03-22 02:00:00,1860.0,1857.8024
2018-03-22 03:00:00,1905.0,1901.7714
2018-03-22 04:00:00,1943.0,1971.5005
2018-03-22 05:00:00,2066.0,2025.6598
2018-03-22 06:00:00,2231.0,2234.6372
2018-03-22 07:00:00,2261.0,2259.1116
2018-03-22 08:00:00,2181.0,2196.7832
2018-03-22 09:00:00,2009.0,2094.0076
2018-03-22 10:00:00,1836.0,1897.0092
2018-03-22 11:00:00,1734.0,1713.0879
2018-03-22 12:00:00,1619.0,1666.6891
2018-03-22 13:00:00,1610.0,1528.7764
2018-03-22 14:00:00,1508.0,1549.2766
2018-03-22 15:00:00,1491.0,1473.7183
2018-03-22 16:00:00,1440.0,1484.6312
2018-03-22 17:00:00,1456.0,1469.1051
2018-03-22 18:00:00,1479.0,1512.7792
2018-03-22 19:00:00,1595.0,1563.9434
2018-03-22 20:00:00,1772.0,1677.6
2018-03-22 21:00:00,1808.0,1812.0671
2018-03-22 22:00:00,1790.0,1770.1763
2018-03-22 23:00:00,1731.0,1710.9105
2018-03-23 00:00:00,1720.0,1702.5099
2018-03-23 01:00:00,1727.0,1706.8638
2018-03-23 02:00:00,1654.0,1739.2039
2018-03-23 03:00:00,1729.0,1668.2551
2018-03-23 04:00:00,1784.0,1751.5977
2018-03-23 05:00:00,1921.0,1877.9575
2018-03-23 06:00:00,2122.0,2064.3918
2018-03-23 07:00:00,2123.0,2145.0276
2018-03-23 08:00:00,1977.0,2050.6997
2018-03-23 09:00:00,1884.0,1850.8413
2018-03-23 10:00:00,1745.0,1755.8774
2018-03-23 11:00:00,1548.0,1629.7639
2018-03-23 12:00:00,1526.0,1456.7012
2018-03-23 13:00:00,1404.0,1440.4707
2018-03-23 14:00:00,1368.0,1329.1292
2018-03-23 15:00:00,1303.0,1337.6326
2018-03-23 16:00:00,1354.0,1295.6288
2018-03-23 17:00:00,1361.0,1388.6576
2018-03-23 18:00:00,1366.0,1420.7596
2018-03-23 19:00:00,1437.0,1436.1926
2018-03-23 20:00:00,1535.0,1517.946
2018-03-23 21:00:00,1547.0,1499.033
2018-03-23 22:00:00,1504.0,1500.0914
2018-03-23 23:00:00,1440.0,1422.4993
2018-03-24 00:00:00,1435.0,1394.9591
2018-03-24 01:00:00,1338.0,1395.8403
2018-03-24 02:00:00,1368.0,1303.6113
2018-03-24 03:00:00,1379.0,1332.9208
2018-03-24 04:00:00,1421.0,1400.3529
2018-03-24 05:00:00,1451.0,1451.6465
2018-03-24 06:00:00,1535.0,1486.4989
2018-03-24 07:00:00,1620.0,1596.6956
2018-03-24 08:00:00,1727.0,1619.4778
2018-03-24 09:00:00,1817.0,1722.6278
2018-03-24 10:00:00,1877.0,1788.38
2018-03-24 11:00:00,1920.0,1842.7322
2018-03-24 12:00:00,1916.0,1910.3734
2018-03-24 13:00:00,1822.0,1919.4856
2018-03-24 14:00:00,1871.0,1785.5354
2018-03-24 15:00:00,1859.0,1850.5757
2018-03-24 16:00:00,1852.0,1922.5188
2018-03-24 17:00:00,1882.0,1859.5332
2018-03-24 18:00:00,1844.0,1895.6818
2018-03-24 19:00:00,1898.0,1838.869
2018-03-24 20:00:00,1904.0,1870.7968
2018-03-24 21:00:00,1856.0,1900.1412
2018-03-24 22:00:00,1792.0,1803.0745
2018-03-24 23:00:00,1704.0,1728.3937
2018-03-25 00:00:00,1660.0,1645.9126
2018-03-25 01:00:00,1630.0,1643.655
2018-03-25 02:00:00,1613.0,1646.8588
2018-03-25 03:00:00,1584.0,1622.3358
2018-03-25 04:00:00,1574.0,1591.37
2018-03-25 05:00:00,1661.0,1594.6436
2018-03-25 06:00:00,1680.0,1737.9614
2018-03-25 07:00:00,1773.0,1757.753
2018-03-25 08:00:00,1827.0,1823.4176
2018-03-25 09:00:00,1830.0,1832.7241
2018-03-25 10:00:00,1775.0,1798.2147
2018-03-25 11:00:00,1649.0,1712.1443
2018-03-25 12:00:00,1557.0,1596.9581
2018-03-25 13:00:00,1497.0,1459.0043
2018-03-25 14:00:00,1395.0,1423.7311
2018-03-25 15:00:00,1360.0,1325.5056
2018-03-25 16:00:00,1383.0,1356.7292
2018-03-25 17:00:00,1404.0,1400.423
2018-03-25 18:00:00,1465.0,1435.9037
2018-03-25 19:00:00,1521.0,1534.0438
2018-03-25 20:00:00,1659.0,1546.63
2018-03-25 21:00:00,1659.0,1656.3188
2018-03-25 22:00:00,1588.0,1615.3158
2018-03-25 23:00:00,1472.0,1492.4513
2018-03-26 00:00:00,1414.0,1386.8792
2018-03-26 01:00:00,1369.0,1396.7712
2018-03-26 02:00:00,1353.0,1341.6659
2018-03-26 03:00:00,1368.0,1364.5211
2018-03-26 04:00:00,1326.0,1408.3503
2018-03-26 05:00:00,1460.0,1404.9015
2018-03-26 06:00:00,1667.0,1628.5685
2018-03-26 07:00:00,1721.0,1741.4884
2018-03-26 08:00:00,1649.0,1688.8976
2018-03-26 09:00:00,1589.0,1579.8346
2018-03-26 10:00:00,1572.0,1537.2728
2018-03-26 11:00:00,1491.0,1508.7358
2018-03-26 12:00:00,1411.0,1447.1819
2018-03-26 13:00:00,1387.0,1348.6207
2018-03-26 14:00:00,1325.0,1332.873
2018-03-26 15:00:00,1311.0,1300.6122
2018-03-26 16:00:00,1272.0,1330.9077
2018-03-26 17:00:00,1326.0,1296.9795
2018-03-26 18:00:00,1366.0,1355.6188
2018-03-26 19:00:00,1447.0,1428.0192
2018-03-26 20:00:00,1519.0,1488.1426
2018-03-26 21:00:00,1504.0,1468.9081
2018-03-26 22:00:00,1397.0,1411.8284
2018-03-26 23:00:00,1297.0,1309.8953
2018-03-27 00:00:00,1181.0,1209.0356
2018-03-27 01:00:00,1191.0,1130.3605
2018-03-27 02:00:00,1195.0,1162.8776
2018-03-27 03:00:00,1148.0,1210.6821
2018-03-27 04:00:00,1215.0,1209.6111
2018-03-27 05:00:00,1303.0,1298.8323
2018-03-27 06:00:00,1445.0,1465.8805
2018-03-27 07:00:00,1527.0,1484.8234
2018-03-27 08:00:00,1468.0,1486.7864
2018-03-27 09:00:00,1438.0,1446.306
2018-03-27 10:00:00,1423.0,1397.9271
2018-03-27 11:00:00,1440.0,1379.6686
2018-03-27 12:00:00,1347.0,1422.1378
2018-03-27 13:00:00,1331.0,1319.341
2018-03-27 14:00:00,1273.0,1272.3217
2018-03-27 15:00:00,1278.0,1239.4814
2018-03-27 16:00:00,1255.0,1272.7244
2018-03-27 17:00:00,1300.0,1292.8965
2018-03-27 18:00:00,1288.0,1333.3483
2018-03-27 19:00:00,1357.0,1337.6665
2018-03-27 20:00:00,1454.0,1403.8209
2018-03-27 21:00:00,1401.0,1417.2747
2018-03-27 22:00:00,1301.0,1312.2703
2018-03-27 23:00:00,1183.0,1213.8563
2018-03-28 00:00:00,1089.0,1107.3214
2018-03-28 01:00:00,1079.0,1055.4092
2018-03-28 02:00:00,1050.0,1063.2623
2018-03-28 03:00:00,1012.0,1033.5099
2018-03-28 04:00:00,1094.0,1046.3574
2018-03-28 05:00:00,1136.0,1180.7114
2018-03-28 06:00:00,1294.0,1269.6605
2018-03-28 07:00:00,1373.0,1348.8978
2018-03-28 08:00:00,1317.0,1342.3641
2018-03-28 09:00:00,1312.0,1306.8464
2018-03-28 10:00:00,1337.0,1291.213
2018-03-28 11:00:00,1270.0,1324.2963
2018-03-28 12:00:00,1281.0,1240.4645
2018-03-28 13:00:00,1257.0,1241.1473
2018-03-28 14:00:00,1258.0,1243.3231
2018-03-28 15:00:00,1273.0,1242.9565
2018-03-28 16:00:00,1280.0,1295.5052
2018-03-28 17:00:00,1304.0,1325.2478
2018-03-28 18:00:00,1338.0,1330.9275
2018-03-28 19:00:00,1372.0,1379.8802
2018-03-28 20:00:00,1421.0,1417.4745
2018-03-28 21:00:00,1390.0,1377.7563
2018-03-28 22:00:00,1253.0,1302.2186
2018-03-28 23:00:00,1126.0,1162.283
2018-03-29 00:00:00,1029.0,1049.5476
2018-03-29 01:00:00,976.0,993.6393
2018-03-29 02:00:00,996.0,954.13043
2018-03-29 03:00:00,1014.0,982.46
2018-03-29 04:00:00,1026.0,1083.5552
2018-03-29 05:00:00,1104.0,1144.525
2018-03-29 06:00:00,1291.0,1242.7269
2018-03-29 07:00:00,1316.0,1339.3549
2018-03-29 08:00:00,1293.0,1294.8029
2018-03-29 09:00:00,1287.0,1295.43
2018-03-29 10:00:00,1279.0,1286.1016
2018-03-29 11:00:00,1276.0,1268.1207
2018-03-29 12:00:00,1254.0,1284.1263
2018-03-29 13:00:00,1247.0,1250.8184
2018-03-29 14:00:00,1207.0,1226.0078
2018-03-29 15:00:00,1234.0,1197.7301
2018-03-29 16:00:00,1254.0,1260.0195
2018-03-29 17:00:00,1294.0,1298.7938
2018-03-29 18:00:00,1334.0,1350.0312
2018-03-29 19:00:00,1352.0,1382.2152
2018-03-29 20:00:00,1408.0,1383.0255
2018-03-29 21:00:00,1361.0,1368.8481
2018-03-29 22:00:00,1284.0,1263.7539
2018-03-29 23:00:00,1194.0,1190.9381
2018-03-30 00:00:00,1121.0,1131.7278
2018-03-30 01:00:00,1108.0,1087.6411
2018-03-30 02:00:00,1066.0,1105.5481
2018-03-30 03:00:00,1107.0,1083.4745
2018-03-30 04:00:00,1134.0,1151.2734
2018-03-30 05:00:00,1183.0,1226.4067
2018-03-30 06:00:00,1389.0,1370.2383
2018-03-30 07:00:00,1443.0,1448.8617
2018-03-30 08:00:00,1444.0,1450.2224
2018-03-30 09:00:00,1442.0,1426.7367
2018-03-30 10:00:00,1447.0,1413.5499
2018-03-30 11:00:00,1431.0,1421.5602
2018-03-30 12:00:00,1428.0,1413.404
2018-03-30 13:00:00,1369.0,1395.7579
2018-03-30 14:00:00,1354.0,1310.5331
2018-03-30 15:00:00,1301.0,1320.6925
2018-03-30 16:00:00,1298.0,1302.3231
2018-03-30 17:00:00,1295.0,1294.3376
2018-03-30 18:00:00,1306.0,1306.1234
2018-03-30 19:00:00,1320.0,1335.5082
2018-03-30 20:00:00,1459.0,1361.8177
2018-03-30 21:00:00,1469.0,1471.2123
2018-03-30 22:00:00,1449.0,1422.6946
2018-03-30 23:00:00,1432.0,1374.5127
2018-03-31 00:00:00,1389.0,1383.4956
2018-03-31 01:00:00,1370.0,1375.2279
2018-03-31 02:00:00,1396.0,1363.8713
2018-03-31 03:00:00,1426.0,1427.6985
2018-03-31 04:00:00,1448.0,1468.9926
2018-03-31 05:00:00,1536.0,1494.0931
2018-03-31 06:00:00,1595.0,1651.7051
2018-03-31 07:00:00,1688.0,1660.4756
2018-03-31 08:00:00,1730.0,1695.7397
2018-03-31 09:00:00,1617.0,1687.128
2018-03-31 10:00:00,1520.0,1509.6058
2018-03-31 11:00:00,1402.0,1420.227
2018-03-31 12:00:00,1301.0,1321.4366
2018-03-31 13:00:00,1255.0,1246.8464
2018-03-31 14:00:00,1180.0,1185.2583
2018-03-31 15:00:00,1034.0,1158.8656
2018-03-31 16:00:00,1118.0,1063.5065
2018-03-31 17:00:00,1159.0,1134.7676
2018-03-31 18:00:00,1152.0,1217.6929
2018-03-31 19:00:00,1210.0,1229.139
2018-03-31 20:00:00,1288.0,1322.2404
2018-03-31 21:00:00,1209.0,1313.3177
2018-03-31 22:00:00,1235.0,1172.6328
2018-03-31 23:00:00,1160.0,1156.0045
2018-04-01 00:00:00,1122.0,1108.3269
2018-04-01 01:00:00,1041.0,1070.8883
2018-04-01 02:00:00,1063.0,1012.7206
2018-04-01 03:00:00,1050.0,1062.9102
2018-04-01 04:00:00,1060.0,1057.2341
2018-04-01 05:00:00,1100.0,1087.4885
2018-04-01 06:00:00,1156.0,1158.8573
2018-04-01 07:00:00,1205.0,1216.2692
2018-04-01 08:00:00,1354.0,1275.6901
2018-04-01 09:00:00,1463.0,1377.1833
2018-04-01 10:00:00,1407.0,1458.1982
2018-04-01 11:00:00,1368.0,1355.1383
2018-04-01 12:00:00,1330.0,1314.1476
2018-04-01 13:00:00,1245.0,1297.6213
2018-04-01 14:00:00,1229.0,1199.4985
2018-04-01 15:00:00,1186.0,1183.937
2018-04-01 16:00:00,1177.0,1203.2025
2018-04-01 17:00:00,1206.0,1197.7261
2018-04-01 18:00:00,1252.0,1242.5731
2018-04-01 19:00:00,1348.0,1307.0582
2018-04-01 20:00:00,1400.0,1410.061
2018-04-01 21:00:00,1399.0,1381.8727
2018-04-01 22:00:00,1344.0,1320.5974
2018-04-01 23:00:00,1305.0,1256.3887
2018-04-02 00:00:00,1270.0,1241.3643
2018-04-02 01:00:00,1253.0,1242.7534
2018-04-02 02:00:00,1277.0,1251.0679
2018-04-02 03:00:00,1299.0,1294.8632
2018-04-02 04:00:00,1349.0,1355.5819
2018-04-02 05:00:00,1447.0,1447.4083
2018-04-02 06:00:00,1570.0,1655.9597
2018-04-02 07:00:00,1653.0,1676.8208
2018-04-02 08:00:00,1658.0,1633.119
2018-04-02 09:00:00,1699.0,1616.9812
2018-04-02 10:00:00,1704.0,1661.1772
2018-04-02 11:00:00,1685.0,1676.3011
2018-04-02 12:00:00,1649.0,1653.3843
2018-04-02 13:00:00,1578.0,1622.8563
2018-04-02 14:00:00,1524.0,1539.8693
2018-04-02 15:00:00,1488.0,1512.2709
2018-04-02 16:00:00,1419.0,1491.1755
2018-04-02 17:00:00,1460.0,1428.496
2018-04-02 18:00:00,1518.0,1483.3339
2018-04-02 19:00:00,1563.0,1547.7795
2018-04-02 20:00:00,1612.0,1604.3612
2018-04-02 21:00:00,1575.0,1593.1191
2018-04-02 22:00:00,1462.0,1501.2163
2018-04-02 23:00:00,1362.0,1362.7797
2018-04-03 00:00:00,1267.0,1275.7997
2018-04-03 01:00:00,1274.0,1244.4633
2018-04-03 02:00:00,1247.0,1252.083
2018-04-03 03:00:00,1247.0,1259.7834
2018-04-03 04:00:00,1256.0,1288.8276
2018-04-03 05:00:00,1338.0,1343.6471
2018-04-03 06:00:00,1400.0,1464.5189
2018-04-03 07:00:00,1416.0,1461.7961
2018-04-03 08:00:00,1344.0,1414.3505
2018-04-03 09:00:00,1363.0,1323.4099
2018-04-03 10:00:00,1326.0,1335.7219
2018-04-03 11:00:00,1273.0,1320.0736
2018-04-03 12:00:00,1246.0,1259.413
2018-04-03 13:00:00,1209.0,1211.79
2018-04-03 14:00:00,1201.0,1182.3075
2018-04-03 15:00:00,1186.0,1194.5529
2018-04-03 16:00:00,1190.0,1203.2767
2018-04-03 17:00:00,1239.0,1233.2966
2018-04-03 18:00:00,1247.0,1290.4692
2018-04-03 19:00:00,1289.0,1312.5299
2018-04-03 20:00:00,1332.0,1354.4938
2018-04-03 21:00:00,1298.0,1331.3918
2018-04-03 22:00:00,1203.0,1208.231
2018-04-03 23:00:00,1073.0,1098.126
2018-04-04 00:00:00,1020.0,1000.4236
2018-04-04 01:00:00,979.0,991.3661
2018-04-04 02:00:00,968.0,974.085
2018-04-04 03:00:00,993.0,973.95416
2018-04-04 04:00:00,1049.0,1019.519
2018-04-04 05:00:00,1166.0,1151.0017
2018-04-04 06:00:00,1289.0,1331.5831
2018-04-04 07:00:00,1431.0,1337.7252
2018-04-04 08:00:00,1470.0,1402.9883
2018-04-04 09:00:00,1517.0,1434.2252
2018-04-04 10:00:00,1553.0,1498.4504
2018-04-04 11:00:00,1505.0,1527.9957
2018-04-04 12:00:00,1489.0,1485.1233
2018-04-04 13:00:00,1429.0,1455.0651
2018-04-04 14:00:00,1466.0,1377.3193
2018-04-04 15:00:00,1406.0,1458.9355
2018-04-04 16:00:00,1420.0,1430.6542
2018-04-04 17:00:00,1382.0,1456.7676
2018-04-04 18:00:00,1511.0,1389.1124
2018-04-04 19:00:00,1555.0,1553.771
2018-04-04 20:00:00,1675.0,1602.8262
2018-04-04 21:00:00,1744.0,1679.0336
2018-04-04 22:00:00,1703.0,1687.2931
2018-04-04 23:00:00,1654.0,1649.3529
2018-04-05 00:00:00,1637.0,1629.1223
2018-04-05 01:00:00,1686.0,1632.877
2018-04-05 02:00:00,1731.0,1719.2323
2018-04-05 03:00:00,1777.0,1787.8561
2018-04-05 04:00:00,1758.0,1835.7345
2018-04-05 05:00:00,1906.0,1819.7231
2018-04-05 06:00:00,2012.0,2035.3757
2018-04-05 07:00:00,2068.0,2050.7732
2018-04-05 08:00:00,1928.0,2025.1028
2018-04-05 09:00:00,1811.0,1822.883
2018-04-05 10:00:00,1688.0,1695.5721
2018-04-05 11:00:00,1563.0,1598.9542
2018-04-05 12:00:00,1507.0,1473.9548
2018-04-05 13:00:00,1430.0,1443.1598
2018-04-05 14:00:00,1370.0,1372.1017
2018-04-05 15:00:00,1288.0,1319.1154
2018-04-05 16:00:00,1267.0,1296.2302
2018-04-05 17:00:00,1297.0,1306.7914
2018-04-05 18:00:00,1314.0,1357.8376
2018-04-05 19:00:00,1376.0,1398.5292
2018-04-05 20:00:00,1482.0,1493.0917
2018-04-05 21:00:00,1530.0,1526.5046
2018-04-05 22:00:00,1505.0,1492.134
2018-04-05 23:00:00,1449.0,1411.0311
2018-04-06 00:00:00,1406.0,1412.6127
2018-04-06 01:00:00,1418.0,1360.7871
2018-04-06 02:00:00,1427.0,1412.9348
2018-04-06 03:00:00,1458.0,1462.7225
2018-04-06 04:00:00,1439.0,1513.2197
2018-04-06 05:00:00,1540.0,1536.9683
2018-04-06 06:00:00,1678.0,1679.5394
2018-04-06 07:00:00,1724.0,1732.6825
2018-04-06 08:00:00,1652.0,1672.784
2018-04-06 09:00:00,1515.0,1566.9736
2018-04-06 10:00:00,1460.0,1437.3301
2018-04-06 11:00:00,1385.0,1377.7987
2018-04-06 12:00:00,1322.0,1332.6418
2018-04-06 13:00:00,1250.0,1270.7565
2018-04-06 14:00:00,1226.0,1203.8728
2018-04-06 15:00:00,1188.0,1184.4186
2018-04-06 16:00:00,1214.0,1215.4574
2018-04-06 17:00:00,1238.0,1255.8
2018-04-06 18:00:00,1283.0,1290.6187
2018-04-06 19:00:00,1300.0,1348.6757
2018-04-06 20:00:00,1393.0,1368.6328
2018-04-06 21:00:00,1401.0,1396.7919
2018-04-06 22:00:00,1365.0,1330.851
2018-04-06 23:00:00,1331.0,1277.5632
2018-04-07 00:00:00,1304.0,1262.9103
2018-04-07 01:00:00,1322.0,1277.9686
2018-04-07 02:00:00,1345.0,1318.9209
2018-04-07 03:00:00,1390.0,1385.1196
2018-04-07 04:00:00,1452.0,1447.7831
2018-04-07 05:00:00,1554.0,1499.2665
2018-04-07 06:00:00,1671.0,1656.8829
2018-04-07 07:00:00,1765.0,1732.66
2018-04-07 08:00:00,1858.0,1736.8635
2018-04-07 09:00:00,1934.0,1807.7484
2018-04-07 10:00:00,1963.0,1897.9835
2018-04-07 11:00:00,1961.0,1896.3599
2018-04-07 12:00:00,1927.0,1926.6897
2018-04-07 13:00:00,1864.0,1885.0464
2018-04-07 14:00:00,1802.0,1830.082
2018-04-07 15:00:00,1733.0,1767.5177
2018-04-07 16:00:00,1706.0,1749.7736
2018-04-07 17:00:00,1667.0,1724.3666
2018-04-07 18:00:00,1646.0,1696.0125
2018-04-07 19:00:00,1656.0,1649.5001
2018-04-07 20:00:00,1750.0,1653.3533
2018-04-07 21:00:00,1802.0,1769.5552
2018-04-07 22:00:00,1798.0,1803.8115
2018-04-07 23:00:00,1759.0,1761.4282
2018-04-08 00:00:00,1764.0,1743.3217
2018-04-08 01:00:00,1751.0,1779.9021
2018-04-08 02:00:00,1764.0,1776.1615
2018-04-08 03:00:00,1810.0,1800.2545
2018-04-08 04:00:00,1827.0,1889.7126
2018-04-08 05:00:00,1876.0,1906.6151
2018-04-08 06:00:00,1947.0,1919.9541
2018-04-08 07:00:00,2011.0,1966.6803
2018-04-08 08:00:00,1989.0,2018.4321
2018-04-08 09:00:00,1901.0,1946.8771
2018-04-08 10:00:00,1683.0,1769.3999
2018-04-08 11:00:00,1523.0,1559.0515
2018-04-08 12:00:00,1509.0,1427.5194
2018-04-08 13:00:00,1451.0,1424.708
2018-04-08 14:00:00,1385.0,1391.5928
2018-04-08 15:00:00,1371.0,1366.8605
2018-04-08 16:00:00,1385.0,1361.0399
2018-04-08 17:00:00,1422.0,1429.4761
2018-04-08 18:00:00,1503.0,1482.4156
2018-04-08 19:00:00,1569.0,1591.1761
2018-04-08 20:00:00,1651.0,1642.1655
2018-04-08 21:00:00,1640.0,1670.1326
2018-04-08 22:00:00,1582.0,1584.8121
2018-04-08 23:00:00,1500.0,1484.2976
2018-04-09 00:00:00,1438.0,1439.9708
2018-04-09 01:00:00,1428.0,1422.353
2018-04-09 02:00:00,1436.0,1395.7684
2018-04-09 03:00:00,1458.0,1479.5725
2018-04-09 04:00:00,1540.0,1523.8739
2018-04-09 05:00:00,1637.0,1661.5876
2018-04-09 06:00:00,1857.0,1804.3351
2018-04-09 07:00:00,1892.0,1889.8325
2018-04-09 08:00:00,1832.0,1818.6442
2018-04-09 09:00:00,1776.0,1751.1857
2018-04-09 10:00:00,1699.0,1698.7726
2018-04-09 11:00:00,1574.0,1627.4817
2018-04-09 12:00:00,1514.0,1516.9194
2018-04-09 13:00:00,1443.0,1450.4276
2018-04-09 14:00:00,1402.0,1384.2682
2018-04-09 15:00:00,1359.0,1360.5034
2018-04-09 16:00:00,1375.0,1384.2496
2018-04-09 17:00:00,1357.0,1408.1766
2018-04-09 18:00:00,1394.0,1402.5155
2018-04-09 19:00:00,1405.0,1450.5902
2018-04-09 20:00:00,1539.0,1455.9082
2018-04-09 21:00:00,1539.0,1531.7188
2018-04-09 22:00:00,1474.0,1469.2844
2018-04-09 23:00:00,1430.0,1382.5907
2018-04-10 00:00:00,1406.0,1369.1772
2018-04-10 01:00:00,1427.0,1362.6099
2018-04-10 02:00:00,1401.0,1446.8173
2018-04-10 03:00:00,1413.0,1433.5664
2018-04-10 04:00:00,1461.0,1441.395
2018-04-10 05:00:00,1577.0,1553.5674
2018-04-10 06:00:00,1748.0,1738.831
2018-04-10 07:00:00,1792.0,1784.2878
2018-04-10 08:00:00,1728.0,1735.8219
2018-04-10 09:00:00,1555.0,1642.4169
2018-04-10 10:00:00,1489.0,1451.8832
2018-04-10 11:00:00,1447.0,1392.4154
2018-04-10 12:00:00,1396.0,1399.7323
2018-04-10 13:00:00,1333.0,1361.3439
2018-04-10 14:00:00,1349.0,1306.6274
2018-04-10 15:00:00,1331.0,1320.6305
2018-04-10 16:00:00,1354.0,1385.053
2018-04-10 17:00:00,1378.0,1414.8374
2018-04-10 18:00:00,1436.0,1429.5825
2018-04-10 19:00:00,1495.0,1478.7286
2018-04-10 20:00:00,1581.0,1518.413
2018-04-10 21:00:00,1614.0,1565.1818
2018-04-10 22:00:00,1538.0,1558.0309
2018-04-10 23:00:00,1493.0,1432.7567
2018-04-11 00:00:00,1472.0,1442.925
2018-04-11 01:00:00,1493.0,1448.3535
2018-04-11 02:00:00,1513.0,1497.2188
2018-04-11 03:00:00,1561.0,1551.7676
2018-04-11 04:00:00,1604.0,1623.3561
2018-04-11 05:00:00,1741.0,1691.6748
2018-04-11 06:00:00,1952.0,1878.9286
2018-04-11 07:00:00,1989.0,1951.7393
2018-04-11 08:00:00,1850.0,1908.8832
2018-04-11 09:00:00,1613.0,1786.6736
2018-04-11 10:00:00,1484.0,1509.6504
2018-04-11 11:00:00,1385.0,1394.2727
2018-04-11 12:00:00,1310.0,1322.1848
2018-04-11 13:00:00,1264.0,1248.5317
2018-04-11 14:00:00,1214.0,1210.1641
2018-04-11 15:00:00,1193.0,1190.3413
2018-04-11 16:00:00,1198.0,1223.9991
2018-04-11 17:00:00,1212.0,1255.9972
2018-04-11 18:00:00,1233.0,1284.9843
2018-04-11 19:00:00,1257.0,1310.6873
2018-04-11 20:00:00,1382.0,1359.6975
2018-04-11 21:00:00,1416.0,1408.3564
2018-04-11 22:00:00,1344.0,1352.752
2018-04-11 23:00:00,1237.0,1255.4897
2018-04-12 00:00:00,1165.0,1163.9827
2018-04-12 01:00:00,1129.0,1118.4003
2018-04-12 02:00:00,1099.0,1101.3378
2018-04-12 03:00:00,1120.0,1089.165
2018-04-12 04:00:00,1129.0,1133.892
2018-04-12 05:00:00,1263.0,1185.2115
2018-04-12 06:00:00,1446.0,1401.4457
2018-04-12 07:00:00,1473.0,1444.6033
2018-04-12 08:00:00,1405.0,1392.252
2018-04-12 09:00:00,1305.0,1338.6334
2018-04-12 10:00:00,1297.0,1252.1442
2018-04-12 11:00:00,1223.0,1239.4249
2018-04-12 12:00:00,1214.0,1192.3954
2018-04-12 13:00:00,1200.0,1173.5559
2018-04-12 14:00:00,1200.0,1168.4407
2018-04-12 15:00:00,1197.0,1191.2993
2018-04-12 16:00:00,1224.0,1220.4193
2018-04-12 17:00:00,1237.0,1255.673
2018-04-12 18:00:00,1255.0,1273.3759
2018-04-12 19:00:00,1276.0,1296.0685
2018-04-12 20:00:00,1305.0,1338.7844
2018-04-12 21:00:00,1362.0,1307.0475
2018-04-12 22:00:00,1279.0,1265.6194
2018-04-12 23:00:00,1159.0,1170.8553
2018-04-13 00:00:00,1054.0,1078.1569
2018-04-13 01:00:00,990.0,1024.0707
2018-04-13 02:00:00,985.0,972.06793
2018-04-13 03:00:00,949.0,976.88666
2018-04-13 04:00:00,956.0,975.36957
2018-04-13 05:00:00,1052.0,1016.27136
2018-04-13 06:00:00,1192.0,1215.8107
2018-04-13 07:00:00,1226.0,1244.2506
2018-04-13 08:00:00,1170.0,1215.5004
2018-04-13 09:00:00,1172.0,1185.4232
2018-04-13 10:00:00,1193.0,1171.3562
2018-04-13 11:00:00,1209.0,1192.6718
2018-04-13 12:00:00,1187.0,1214.0885
2018-04-13 13:00:00,1213.0,1190.5074
2018-04-13 14:00:00,1211.0,1186.2534
2018-04-13 15:00:00,1213.0,1203.3138
2018-04-13 16:00:00,1250.0,1220.3524
2018-04-13 17:00:00,1265.0,1264.3254
2018-04-13 18:00:00,1279.0,1285.8439
2018-04-13 19:00:00,1243.0,1318.0864
2018-04-13 20:00:00,1276.0,1282.2042
2018-04-13 21:00:00,1297.0,1283.6348
2018-04-13 22:00:00,1244.0,1230.8385
2018-04-13 23:00:00,1134.0,1145.0897
2018-04-14 00:00:00,1034.0,1057.0687
2018-04-14 01:00:00,960.0,994.97003
2018-04-14 02:00:00,925.0,937.7515
2018-04-14 03:00:00,906.0,921.2217
2018-04-14 04:00:00,898.0,919.5017
2018-04-14 05:00:00,927.0,921.6881
2018-04-14 06:00:00,971.0,968.6414
2018-04-14 07:00:00,1025.0,1037.7452
2018-04-14 08:00:00,1114.0,1123.3854
2018-04-14 09:00:00,1181.0,1188.7745
2018-04-14 10:00:00,1192.0,1201.5295
2018-04-14 11:00:00,1213.0,1194.2875
2018-04-14 12:00:00,1220.0,1212.3113
2018-04-14 13:00:00,1237.0,1216.2931
2018-04-14 14:00:00,1209.0,1207.3434
2018-04-14 15:00:00,1175.0,1186.213
2018-04-14 16:00:00,1202.0,1194.6835
2018-04-14 17:00:00,1197.0,1219.6089
2018-04-14 18:00:00,1207.0,1212.5205
2018-04-14 19:00:00,1229.0,1221.672
2018-04-14 20:00:00,1260.0,1265.303
2018-04-14 21:00:00,1242.0,1271.0449
2018-04-14 22:00:00,1178.0,1161.0374
2018-04-14 23:00:00,1091.0,1110.6019
2018-04-15 00:00:00,1016.0,1008.10205
2018-04-15 01:00:00,956.0,972.7937
2018-04-15 02:00:00,920.0,931.7817
2018-04-15 03:00:00,909.0,895.82355
2018-04-15 04:00:00,882.0,915.1639
2018-04-15 05:00:00,921.0,902.9027
2018-04-15 06:00:00,958.0,942.58765
2018-04-15 07:00:00,1004.0,1006.5216
2018-04-15 08:00:00,1126.0,1104.8123
2018-04-15 09:00:00,1201.0,1185.2146
2018-04-15 10:00:00,1228.0,1208.3329
2018-04-15 11:00:00,1227.0,1214.8978
2018-04-15 12:00:00,1263.0,1242.274
2018-04-15 13:00:00,1266.0,1264.3558
2018-04-15 14:00:00,1286.0,1263.9082
2018-04-15 15:00:00,1291.0,1294.8304
2018-04-15 16:00:00,1320.0,1323.4854
2018-04-15 17:00:00,1377.0,1342.122
2018-04-15 18:00:00,1413.0,1396.2023
2018-04-15 19:00:00,1454.0,1417.0359
2018-04-15 20:00:00,1542.0,1487.1473
2018-04-15 21:00:00,1504.0,1513.0918
2018-04-15 22:00:00,1409.0,1418.7661
2018-04-15 23:00:00,1321.0,1286.9966
2018-04-16 00:00:00,1297.0,1214.1526
2018-04-16 01:00:00,1288.0,1216.633
2018-04-16 02:00:00,1296.0,1267.7849
2018-04-16 03:00:00,1323.0,1304.8845
2018-04-16 04:00:00,1364.0,1368.1318
2018-04-16 05:00:00,1507.0,1459.162
2018-04-16 06:00:00,1722.0,1724.3813
2018-04-16 07:00:00,1795.0,1762.153
2018-04-16 08:00:00,1750.0,1748.5919
2018-04-16 09:00:00,1753.0,1683.0001
2018-04-16 10:00:00,1789.0,1658.8287
2018-04-16 11:00:00,1831.0,1748.0118
2018-04-16 12:00:00,1846.0,1852.721
2018-04-16 13:00:00,1848.0,1862.2252
2018-04-16 14:00:00,1833.0,1855.9844
2018-04-16 15:00:00,1850.0,1837.3198
2018-04-16 16:00:00,1904.0,1874.7367
2018-04-16 17:00:00,1941.0,1970.9794
2018-04-16 18:00:00,1992.0,1966.3914
2018-04-16 19:00:00,2021.0,1969.3285
2018-04-16 20:00:00,2071.0,1998.2677
2018-04-16 21:00:00,1944.0,2053.5527
2018-04-16 22:00:00,1891.0,1864.0042
2018-04-16 23:00:00,1811.0,1787.9987
2018-04-17 00:00:00,1742.0,1744.224
2018-04-17 01:00:00,1710.0,1730.3906
2018-04-17 02:00:00,1707.0,1699.455
2018-04-17 03:00:00,1728.0,1700.728
2018-04-17 04:00:00,1748.0,1770.5569
2018-04-17 05:00:00,1887.0,1835.9073
2018-04-17 06:00:00,2000.0,2041.7345
2018-04-17 07:00:00,2065.0,2016.1276
2018-04-17 08:00:00,1924.0,2024.7936
2018-04-17 09:00:00,1778.0,1819.4171
2018-04-17 10:00:00,1664.0,1660.6078
2018-04-17 11:00:00,1569.0,1572.0347
2018-04-17 12:00:00,1489.0,1496.3118
2018-04-17 13:00:00,1392.0,1421.763
2018-04-17 14:00:00,1324.0,1332.4637
2018-04-17 15:00:00,1313.0,1302.7882
2018-04-17 16:00:00,1257.0,1338.5612
2018-04-17 17:00:00,1279.0,1340.0502
2018-04-17 18:00:00,1289.0,1328.1053
2018-04-17 19:00:00,1358.0,1382.9749
2018-04-17 20:00:00,1396.0,1448.8065
2018-04-17 21:00:00,1472.0,1406.0657
2018-04-17 22:00:00,1404.0,1410.6572
2018-04-17 23:00:00,1293.0,1287.5894
2018-04-18 00:00:00,1249.0,1205.593
2018-04-18 01:00:00,1220.0,1206.943
2018-04-18 02:00:00,1223.0,1211.6747
2018-04-18 03:00:00,1250.0,1229.4147
2018-04-18 04:00:00,1292.0,1281.6414
2018-04-18 05:00:00,1381.0,1389.9933
2018-04-18 06:00:00,1514.0,1526.0615
2018-04-18 07:00:00,1541.0,1525.3162
2018-04-18 08:00:00,1394.0,1480.797
2018-04-18 09:00:00,1296.0,1348.8882
2018-04-18 10:00:00,1193.0,1231.7719
2018-04-18 11:00:00,1141.0,1157.7155
2018-04-18 12:00:00,1089.0,1120.2947
2018-04-18 13:00:00,1085.0,1092.4329
2018-04-18 14:00:00,1141.0,1086.4001
2018-04-18 15:00:00,1092.0,1172.2384
2018-04-18 16:00:00,1178.0,1136.3931
2018-04-18 17:00:00,1200.0,1228.0311
2018-04-18 18:00:00,1227.0,1257.7391
2018-04-18 19:00:00,1252.0,1287.6217
2018-04-18 20:00:00,1346.0,1322.3019
2018-04-18 21:00:00,1367.0,1346.3727
2018-04-18 22:00:00,1283.0,1258.2435
2018-04-18 23:00:00,1133.0,1172.1616
2018-04-19 00:00:00,1050.0,1069.649
2018-04-19 01:00:00,1027.0,1008.27386
2018-04-19 02:00:00,1010.0,1014.2457
2018-04-19 03:00:00,1052.0,1016.43353
2018-04-19 04:00:00,1129.0,1108.9073
2018-04-19 05:00:00,1260.0,1237.2396
2018-04-19 06:00:00,1452.0,1447.9941
2018-04-19 07:00:00,1537.0,1484.7825
2018-04-19 08:00:00,1582.0,1473.818
2018-04-19 09:00:00,1579.0,1543.5405
2018-04-19 10:00:00,1575.0,1546.0284
2018-04-19 11:00:00,1563.0,1535.7828
2018-04-19 12:00:00,1538.0,1543.5509
2018-04-19 13:00:00,1493.0,1526.3447
2018-04-19 14:00:00,1452.0,1471.102
2018-04-19 15:00:00,1431.0,1425.6659
2018-04-19 16:00:00,1410.0,1436.9994
2018-04-19 17:00:00,1402.0,1427.5403
2018-04-19 18:00:00,1433.0,1427.4504
2018-04-19 19:00:00,1441.0,1479.0311
2018-04-19 20:00:00,1575.0,1488.6158
2018-04-19 21:00:00,1637.0,1595.0823
2018-04-19 22:00:00,1583.0,1581.4501
2018-04-19 23:00:00,1520.0,1507.9469
2018-04-20 00:00:00,1503.0,1476.5083
2018-04-20 01:00:00,1488.0,1496.9161
2018-04-20 02:00:00,1513.0,1475.8369
2018-04-20 03:00:00,1546.0,1532.5819
2018-04-20 04:00:00,1618.0,1620.627
2018-04-20 05:00:00,1727.0,1729.5026
2018-04-20 06:00:00,1916.0,1885.5317
2018-04-20 07:00:00,1916.0,1949.7216
2018-04-20 08:00:00,1732.0,1858.9772
2018-04-20 09:00:00,1504.0,1640.286
2018-04-20 10:00:00,1367.0,1417.677
2018-04-20 11:00:00,1289.0,1289.5919
2018-04-20 12:00:00,1207.0,1244.1168
2018-04-20 13:00:00,1191.0,1179.4684
2018-04-20 14:00:00,1206.0,1159.0018
2018-04-20 15:00:00,1185.0,1206.1813
2018-04-20 16:00:00,1183.0,1239.3438
2018-04-20 17:00:00,1173.0,1229.5243
2018-04-20 18:00:00,1185.0,1222.2722
2018-04-20 19:00:00,1204.0,1237.4579
2018-04-20 20:00:00,1302.0,1290.3147
2018-04-20 21:00:00,1372.0,1362.3591
2018-04-20 22:00:00,1341.0,1321.6946
2018-04-20 23:00:00,1297.0,1283.0077
2018-04-21 00:00:00,1258.0,1238.1355
2018-04-21 01:00:00,1255.0,1232.8477
2018-04-21 02:00:00,1277.0,1228.256
2018-04-21 03:00:00,1246.0,1294.2927
2018-04-21 04:00:00,1301.0,1283.7284
2018-04-21 05:00:00,1387.0,1322.2072
2018-04-21 06:00:00,1443.0,1463.1052
2018-04-21 07:00:00,1531.0,1479.2163
2018-04-21 08:00:00,1537.0,1521.868
2018-04-21 09:00:00,1425.0,1490.3048
2018-04-21 10:00:00,1264.0,1353.7288
2018-04-21 11:00:00,1217.0,1215.2596
2018-04-21 12:00:00,1213.0,1153.6628
2018-04-21 13:00:00,1170.0,1194.0559
2018-04-21 14:00:00,1142.0,1152.1001
2018-04-21 15:00:00,1127.0,1140.4891
2018-04-21 16:00:00,1147.0,1138.6199
2018-04-21 17:00:00,1145.0,1169.1534
2018-04-21 18:00:00,1158.0,1172.3049
2018-04-21 19:00:00,1179.0,1191.6865
2018-04-21 20:00:00,1220.0,1261.1106
2018-04-21 21:00:00,1227.0,1267.9674
2018-04-21 22:00:00,1185.0,1215.5671
2018-04-21 23:00:00,1101.0,1122.8688
2018-04-22 00:00:00,1029.0,1045.9526
2018-04-22 01:00:00,1016.0,991.18176
2018-04-22 02:00:00,1013.0,995.5449
2018-04-22 03:00:00,1021.0,1023.28235
2018-04-22 04:00:00,1019.0,1050.4147
2018-04-22 05:00:00,1067.0,1069.8552
2018-04-22 06:00:00,1138.0,1132.4702
2018-04-22 07:00:00,1195.0,1217.7114
2018-04-22 08:00:00,1271.0,1266.5828
2018-04-22 09:00:00,1299.0,1301.1615
2018-04-22 10:00:00,1242.0,1257.1167
2018-04-22 11:00:00,1164.0,1198.4624
2018-04-22 12:00:00,1177.0,1146.5103
2018-04-22 13:00:00,1165.0,1157.0804
2018-04-22 14:00:00,1115.0,1132.0098
2018-04-22 15:00:00,1137.0,1121.4741
2018-04-22 16:00:00,1156.0,1142.4885
2018-04-22 17:00:00,1184.0,1175.8188
2018-04-22 18:00:00,1213.0,1212.3684
2018-04-22 19:00:00,1248.0,1246.6976
2018-04-22 20:00:00,1315.0,1294.6597
2018-04-22 21:00:00,1317.0,1307.3584
2018-04-22 22:00:00,1199.0,1218.0142
2018-04-22 23:00:00,1072.0,1085.7643
2018-04-23 00:00:00,1014.0,996.46045
2018-04-23 01:00:00,973.0,974.98224
2018-04-23 02:00:00,960.0,963.6263
2018-04-23 03:00:00,973.0,966.54285
2018-04-23 04:00:00,1007.0,1012.61633
2018-04-23 05:00:00,1102.0,1107.6238
2018-04-23 06:00:00,1285.0,1263.5211
2018-04-23 07:00:00,1274.0,1357.2556
2018-04-23 08:00:00,1282.0,1243.3363
2018-04-23 09:00:00,1293.0,1272.0189
2018-04-23 10:00:00,1288.0,1288.6038
2018-04-23 11:00:00,1286.0,1277.1196
2018-04-23 12:00:00,1266.0,1284.3774
2018-04-23 13:00:00,1263.0,1258.6853
2018-04-23 14:00:00,1245.0,1242.632
2018-04-23 15:00:00,1244.0,1237.377
2018-04-23 16:00:00,1264.0,1270.6381
2018-04-23 17:00:00,1318.0,1301.4673
2018-04-23 18:00:00,1328.0,1354.4336
2018-04-23 19:00:00,1374.0,1348.8667
2018-04-23 20:00:00,1409.0,1399.5629
2018-04-23 21:00:00,1372.0,1383.3907
2018-04-23 22:00:00,1283.0,1280.9429
2018-04-23 23:00:00,1189.0,1192.105
2018-04-24 00:00:00,1097.0,1122.8124
2018-04-24 01:00:00,1064.0,1074.3124
2018-04-24 02:00:00,1044.0,1048.8986
2018-04-24 03:00:00,1055.0,1045.7617
2018-04-24 04:00:00,1079.0,1099.1681
2018-04-24 05:00:00,1163.0,1192.0327
2018-04-24 06:00:00,1339.0,1333.8994
2018-04-24 07:00:00,1358.0,1389.1449
2018-04-24 08:00:00,1338.0,1352.0234
2018-04-24 09:00:00,1314.0,1325.1305
2018-04-24 10:00:00,1310.0,1290.3976
2018-04-24 11:00:00,1259.0,1289.8655
2018-04-24 12:00:00,1296.0,1245.8236
2018-04-24 13:00:00,1259.0,1272.253
2018-04-24 14:00:00,1227.0,1258.3851
2018-04-24 15:00:00,1220.0,1194.5002
2018-04-24 16:00:00,1252.0,1231.9487
2018-04-24 17:00:00,1268.0,1290.03
2018-04-24 18:00:00,1305.0,1298.8843
2018-04-24 19:00:00,1322.0,1347.5183
2018-04-24 20:00:00,1380.0,1353.052
2018-04-24 21:00:00,1362.0,1370.2542
2018-04-24 22:00:00,1256.0,1248.0933
2018-04-24 23:00:00,1145.0,1158.1771
2018-04-25 00:00:00,1080.0,1074.2219
2018-04-25 01:00:00,1028.0,1054.4573
2018-04-25 02:00:00,1023.0,1009.9193
2018-04-25 03:00:00,1034.0,1028.8564
2018-04-25 04:00:00,1059.0,1067.9701
2018-04-25 05:00:00,1144.0,1156.6805
2018-04-25 06:00:00,1307.0,1308.7197
2018-04-25 07:00:00,1336.0,1373.4531
2018-04-25 08:00:00,1314.0,1318.1294
2018-04-25 09:00:00,1311.0,1306.4132
2018-04-25 10:00:00,1281.0,1298.0336
2018-04-25 11:00:00,1279.0,1256.6176
2018-04-25 12:00:00,1275.0,1255.3579
2018-04-25 13:00:00,1258.0,1251.5117
2018-04-25 14:00:00,1206.0,1246.0929
2018-04-25 15:00:00,1227.0,1177.3755
2018-04-25 16:00:00,1226.0,1226.9141
2018-04-25 17:00:00,1253.0,1259.3452
2018-04-25 18:00:00,1268.0,1280.5479
2018-04-25 19:00:00,1297.0,1310.1848
2018-04-25 20:00:00,1367.0,1344.2806
2018-04-25 21:00:00,1365.0,1358.026
2018-04-25 22:00:00,1284.0,1252.3322
2018-04-25 23:00:00,1186.0,1175.9409
2018-04-26 00:00:00,1115.0,1121.8481
2018-04-26 01:00:00,1027.0,1084.3699
2018-04-26 02:00:00,1062.0,1023.40454
2018-04-26 03:00:00,1084.0,1051.3158
2018-04-26 04:00:00,1125.0,1154.5579
2018-04-26 05:00:00,1238.0,1241.6122
2018-04-26 06:00:00,1390.0,1419.1007
2018-04-26 07:00:00,1390.0,1451.8889
2018-04-26 08:00:00,1378.0,1371.1012
2018-04-26 09:00:00,1303.0,1355.393
2018-04-26 10:00:00,1254.0,1279.0175
2018-04-26 11:00:00,1224.0,1214.1908
2018-04-26 12:00:00,1196.0,1197.9778
2018-04-26 13:00:00,1193.0,1185.0796
2018-04-26 14:00:00,1169.0,1172.864
2018-04-26 15:00:00,1141.0,1162.8032
2018-04-26 16:00:00,1218.0,1162.6107
2018-04-26 17:00:00,1238.0,1244.0217
2018-04-26 18:00:00,1223.0,1289.3416
2018-04-26 19:00:00,1294.0,1267.4336
2018-04-26 20:00:00,1372.0,1351.6997
2018-04-26 21:00:00,1377.0,1374.6681
2018-04-26 22:00:00,1292.0,1270.9128
2018-04-26 23:00:00,1169.0,1198.3569
2018-04-27 00:00:00,1093.0,1092.6469
2018-04-27 01:00:00,1061.0,1068.6385
2018-04-27 02:00:00,1061.0,1052.0089
2018-04-27 03:00:00,1047.0,1062.3898
2018-04-27 04:00:00,1106.0,1102.915
2018-04-27 05:00:00,1201.0,1205.3981
2018-04-27 06:00:00,1389.0,1380.6974
2018-04-27 07:00:00,1435.0,1421.897
2018-04-27 08:00:00,1351.0,1395.1654
2018-04-27 09:00:00,1264.0,1285.989
2018-04-27 10:00:00,1229.0,1232.0594
2018-04-27 11:00:00,1187.0,1188.0304
2018-04-27 12:00:00,1190.0,1174.5144
2018-04-27 13:00:00,1176.0,1178.2454
2018-04-27 14:00:00,1160.0,1165.0468
2018-04-27 15:00:00,1149.0,1147.3064
2018-04-27 16:00:00,1178.0,1160.4641
2018-04-27 17:00:00,1172.0,1190.8025
2018-04-27 18:00:00,1193.0,1187.8036
2018-04-27 19:00:00,1180.0,1211.5114
2018-04-27 20:00:00,1229.0,1238.2717
2018-04-27 21:00:00,1264.0,1255.7825
2018-04-27 22:00:00,1215.0,1207.6011
2018-04-27 23:00:00,1115.0,1124.1196
2018-04-28 00:00:00,1050.0,1052.1471
2018-04-28 01:00:00,1017.0,1000.1637
2018-04-28 02:00:00,995.0,999.40283
2018-04-28 03:00:00,1008.0,988.78235
2018-04-28 04:00:00,1056.0,1010.6819
2018-04-28 05:00:00,1078.0,1121.7378
2018-04-28 06:00:00,1165.0,1168.8188
2018-04-28 07:00:00,1222.0,1229.2507
2018-04-28 08:00:00,1268.0,1254.9719
2018-04-28 09:00:00,1252.0,1269.6333
2018-04-28 10:00:00,1232.0,1225.2966
2018-04-28 11:00:00,1204.0,1210.0743
2018-04-28 12:00:00,1188.0,1179.4615
2018-04-28 13:00:00,1149.0,1162.6439
2018-04-28 14:00:00,1140.0,1123.1112
2018-04-28 15:00:00,1101.0,1119.5127
2018-04-28 16:00:00,1148.0,1115.7451
2018-04-28 17:00:00,1166.0,1156.5607
2018-04-28 18:00:00,1158.0,1185.1141
2018-04-28 19:00:00,1140.0,1187.0435
2018-04-28 20:00:00,1233.0,1205.4994
2018-04-28 21:00:00,1279.0,1264.2644
2018-04-28 22:00:00,1225.0,1205.8977
2018-04-28 23:00:00,1173.0,1106.1335
2018-04-29 00:00:00,1138.0,1096.3525
2018-04-29 01:00:00,1128.0,1118.1028
2018-04-29 02:00:00,1122.0,1124.8999
2018-04-29 03:00:00,1155.0,1145.0623
2018-04-29 04:00:00,1196.0,1201.2327
2018-04-29 05:00:00,1264.0,1256.343
2018-04-29 06:00:00,1313.0,1348.6212
2018-04-29 07:00:00,1426.0,1379.6321
2018-04-29 08:00:00,1469.0,1459.6206
2018-04-29 09:00:00,1414.0,1458.2545
2018-04-29 10:00:00,1320.0,1363.7633
2018-04-29 11:00:00,1245.0,1233.3455
2018-04-29 12:00:00,1187.0,1198.5481
2018-04-29 13:00:00,1182.0,1162.3784
2018-04-29 14:00:00,1128.0,1144.8798
2018-04-29 15:00:00,1095.0,1113.1011
2018-04-29 16:00:00,1043.0,1125.6072
2018-04-29 17:00:00,1149.0,1059.9833
2018-04-29 18:00:00,1180.0,1181.0032
2018-04-29 19:00:00,1222.0,1230.6755
2018-04-29 20:00:00,1323.0,1291.6025
2018-04-29 21:00:00,1364.0,1351.3608
2018-04-29 22:00:00,1279.0,1283.7234
2018-04-29 23:00:00,1186.0,1172.9349
2018-04-30 00:00:00,1130.0,1124.3859
2018-04-30 01:00:00,1142.0,1106.528
2018-04-30 02:00:00,1160.0,1144.0043
2018-04-30 03:00:00,1189.0,1181.2006
2018-04-30 04:00:00,1269.0,1260.2815
2018-04-30 05:00:00,1382.0,1387.0864
2018-04-30 06:00:00,1640.0,1571.0665
2018-04-30 07:00:00,1653.0,1671.2766
2018-04-30 08:00:00,1499.0,1557.3312
2018-04-30 09:00:00,1346.0,1408.7495
2018-04-30 10:00:00,1282.0,1271.8635
2018-04-30 11:00:00,1228.0,1218.474
2018-04-30 12:00:00,1203.0,1203.205
2018-04-30 13:00:00,1185.0,1178.1688
2018-04-30 14:00:00,1182.0,1170.2463
2018-04-30 15:00:00,1161.0,1181.2212
2018-04-30 16:00:00,1183.0,1193.4623
2018-04-30 17:00:00,1235.0,1218.6729
2018-04-30 18:00:00,1258.0,1282.3717
2018-04-30 19:00:00,1285.0,1326.3633
2018-04-30 20:00:00,1366.0,1358.4252
2018-04-30 21:00:00,1378.0,1400.8885
2018-04-30 22:00:00,1260.0,1272.2964
2018-04-30 23:00:00,1116.0,1170.9011
2018-05-01 00:00:00,1031.0,1024.7924
2018-05-01 01:00:00,984.0,976.0638
2018-05-01 02:00:00,999.0,971.8221
2018-05-01 03:00:00,999.0,991.42505
2018-05-01 04:00:00,1060.0,1027.3379
2018-05-01 05:00:00,1200.0,1151.4331
2018-05-01 06:00:00,1376.0,1344.9242
2018-05-01 07:00:00,1360.0,1390.1973
2018-05-01 08:00:00,1318.0,1299.1826
2018-05-01 09:00:00,1250.0,1269.7881
2018-05-01 10:00:00,1219.0,1208.7521
2018-05-01 11:00:00,1194.0,1179.2393
2018-05-01 12:00:00,1194.0,1183.0405
2018-05-01 13:00:00,1192.0,1187.5629
2018-05-01 14:00:00,1236.0,1182.5507
2018-05-01 15:00:00,1233.0,1246.6504
2018-05-01 16:00:00,1300.0,1281.2201
2018-05-01 17:00:00,1335.0,1351.5514
2018-05-01 18:00:00,1379.0,1378.4908
2018-05-01 19:00:00,1401.0,1403.8707
2018-05-01 20:00:00,1426.0,1413.7125
2018-05-01 21:00:00,1446.0,1405.6971
2018-05-01 22:00:00,1319.0,1338.1765
2018-05-01 23:00:00,1177.0,1199.9866
2018-05-02 00:00:00,1056.0,1086.3677
2018-05-02 01:00:00,990.0,1008.9205
2018-05-02 02:00:00,908.0,956.4194
2018-05-02 03:00:00,848.0,915.2199
2018-05-02 04:00:00,870.0,872.7722
2018-05-02 05:00:00,981.0,946.41
2018-05-02 06:00:00,1206.0,1118.5425
2018-05-02 07:00:00,1258.0,1213.0391
2018-05-02 08:00:00,1198.0,1238.2072
2018-05-02 09:00:00,1156.0,1184.029
2018-05-02 10:00:00,1204.0,1163.681
2018-05-02 11:00:00,1239.0,1199.311
2018-05-02 12:00:00,1265.0,1262.2457
2018-05-02 13:00:00,1307.0,1303.3407
2018-05-02 14:00:00,1345.0,1335.9166
2018-05-02 15:00:00,1389.0,1378.6077
2018-05-02 16:00:00,1445.0,1449.994
2018-05-02 17:00:00,1466.0,1499.3767
2018-05-02 18:00:00,1520.0,1483.3019
2018-05-02 19:00:00,1520.0,1496.4905
2018-05-02 20:00:00,1550.0,1507.0509
2018-05-02 21:00:00,1559.0,1527.7844
2018-05-02 22:00:00,1422.0,1451.8597
2018-05-02 23:00:00,1276.0,1249.8009
2018-05-03 00:00:00,1121.0,1125.5535
2018-05-03 01:00:00,1049.0,1047.6448
2018-05-03 02:00:00,1011.0,993.03827
2018-05-03 03:00:00,986.0,966.209
2018-05-03 04:00:00,997.0,990.5245
2018-05-03 05:00:00,1065.0,1042.234
2018-05-03 06:00:00,1222.0,1185.593
2018-05-03 07:00:00,1247.0,1253.8647
2018-05-03 08:00:00,1249.0,1241.7966
2018-05-03 09:00:00,1278.0,1274.2096
2018-05-03 10:00:00,1299.0,1325.3226
2018-05-03 11:00:00,1323.0,1344.5701
2018-05-03 12:00:00,1367.0,1352.6136
2018-05-03 13:00:00,1408.0,1414.4261
2018-05-03 14:00:00,1425.0,1437.2428
2018-05-03 15:00:00,1472.0,1458.0385
2018-05-03 16:00:00,1536.0,1515.8322
2018-05-03 17:00:00,1559.0,1568.0994
2018-05-03 18:00:00,1559.0,1574.2109
2018-05-03 19:00:00,1542.0,1544.595
2018-05-03 20:00:00,1564.0,1525.3887
2018-05-03 21:00:00,1542.0,1533.2192
2018-05-03 22:00:00,1447.0,1427.6046
2018-05-03 23:00:00,1297.0,1297.9651
2018-05-04 00:00:00,1172.0,1149.9442
2018-05-04 01:00:00,1077.0,1082.8704
2018-05-04 02:00:00,1042.0,1016.30206
2018-05-04 03:00:00,1002.0,1003.4306
2018-05-04 04:00:00,1000.0,992.98596
2018-05-04 05:00:00,1082.0,1040.9232
2018-05-04 06:00:00,1221.0,1189.8976
2018-05-04 07:00:00,1230.0,1262.5769
2018-05-04 08:00:00,1223.0,1241.5621
2018-05-04 09:00:00,1239.0,1251.4034
2018-05-04 10:00:00,1267.0,1269.9879
2018-05-04 11:00:00,1291.0,1303.2858
2018-05-04 12:00:00,1320.0,1330.044
2018-05-04 13:00:00,1310.0,1358.8506
2018-05-04 14:00:00,1337.0,1332.4155
2018-05-04 15:00:00,1327.0,1348.3977
2018-05-04 16:00:00,1356.0,1343.1614
2018-05-04 17:00:00,1371.0,1376.5709
2018-05-04 18:00:00,1344.0,1351.572
2018-05-04 19:00:00,1323.0,1326.554
2018-05-04 20:00:00,1370.0,1317.6671
2018-05-04 21:00:00,1361.0,1378.5
2018-05-04 22:00:00,1274.0,1280.2723
2018-05-04 23:00:00,1184.0,1167.9485
2018-05-05 00:00:00,1084.0,1098.6388
2018-05-05 01:00:00,1006.0,1042.0143
2018-05-05 02:00:00,945.0,974.9574
2018-05-05 03:00:00,899.0,923.51
2018-05-05 04:00:00,939.0,899.09784
2018-05-05 05:00:00,929.0,947.2927
2018-05-05 06:00:00,970.0,963.81854
2018-05-05 07:00:00,1014.0,1022.86163
2018-05-05 08:00:00,1094.0,1104.127
2018-05-05 09:00:00,1178.0,1175.8395
2018-05-05 10:00:00,1230.0,1224.2046
2018-05-05 11:00:00,1247.0,1268.9751
2018-05-05 12:00:00,1207.0,1276.9725
2018-05-05 13:00:00,1190.0,1215.3248
2018-05-05 14:00:00,1222.0,1174.1193
2018-05-05 15:00:00,1212.0,1212.7391
2018-05-05 16:00:00,1220.0,1226.9816
2018-05-05 17:00:00,1218.0,1229.8254
2018-05-05 18:00:00,1188.0,1211.5869
2018-05-05 19:00:00,1192.0,1201.0239
2018-05-05 20:00:00,1221.0,1218.3533
2018-05-05 21:00:00,1229.0,1244.0381
2018-05-05 22:00:00,1144.0,1165.4591
2018-05-05 23:00:00,1069.0,1068.2786
2018-05-06 00:00:00,984.0,977.20557
2018-05-06 01:00:00,933.0,930.88513
2018-05-06 02:00:00,909.0,912.9813
2018-05-06 03:00:00,872.0,890.939
2018-05-06 04:00:00,893.0,874.5034
2018-05-06 05:00:00,885.0,900.246
2018-05-06 06:00:00,916.0,906.9025
2018-05-06 07:00:00,982.0,968.7005
2018-05-06 08:00:00,1069.0,1079.7874
2018-05-06 09:00:00,1143.0,1155.6501
2018-05-06 10:00:00,1155.0,1167.031
2018-05-06 11:00:00,1154.0,1160.3485
2018-05-06 12:00:00,1208.0,1166.6353
2018-05-06 13:00:00,1222.0,1209.1215
2018-05-06 14:00:00,1259.0,1230.4844
2018-05-06 15:00:00,1298.0,1281.3116
2018-05-06 16:00:00,1362.0,1325.8835
2018-05-06 17:00:00,1396.0,1411.0245
2018-05-06 18:00:00,1383.0,1394.1445
2018-05-06 19:00:00,1365.0,1383.5294
2018-05-06 20:00:00,1315.0,1367.1941
2018-05-06 21:00:00,1313.0,1318.6315
2018-05-06 22:00:00,1212.0,1230.8542
2018-05-06 23:00:00,1064.0,1097.6295
2018-05-07 00:00:00,976.0,949.66174
2018-05-07 01:00:00,932.0,911.8253
2018-05-07 02:00:00,894.0,902.9252
2018-05-07 03:00:00,892.0,882.57513
2018-05-07 04:00:00,914.0,892.8596
2018-05-07 05:00:00,988.0,984.88635
2018-05-07 06:00:00,1121.0,1125.3722
2018-05-07 07:00:00,1183.0,1173.0305
2018-05-07 08:00:00,1181.0,1182.2825
2018-05-07 09:00:00,1178.0,1192.0875
2018-05-07 10:00:00,1166.0,1201.55
2018-05-07 11:00:00,1226.0,1185.4756
2018-05-07 12:00:00,1268.0,1243.1923
2018-05-07 13:00:00,1278.0,1299.2737
2018-05-07 14:00:00,1312.0,1301.4938
2018-05-07 15:00:00,1324.0,1337.6925
2018-05-07 16:00:00,1355.0,1355.1298
2018-05-07 17:00:00,1401.0,1385.8135
2018-05-07 18:00:00,1417.0,1418.8835
2018-05-07 19:00:00,1421.0,1434.7389
2018-05-07 20:00:00,1402.0,1434.546
2018-05-07 21:00:00,1426.0,1389.0651
2018-05-07 22:00:00,1294.0,1312.9406
2018-05-07 23:00:00,1131.0,1170.8407
2018-05-08 00:00:00,1017.0,1021.7111
2018-05-08 01:00:00,982.0,960.95886
2018-05-08 02:00:00,954.0,943.07623
2018-05-08 03:00:00,937.0,933.1396
2018-05-08 04:00:00,962.0,947.421
2018-05-08 05:00:00,1019.0,1029.5627
2018-05-08 06:00:00,1182.0,1163.6393
2018-05-08 07:00:00,1220.0,1204.7571
2018-05-08 08:00:00,1192.0,1193.6509
2018-05-08 09:00:00,1140.0,1209.6887
2018-05-08 10:00:00,1173.0,1171.1423
2018-05-08 11:00:00,1197.0,1183.1306
2018-05-08 12:00:00,1228.0,1213.4857
2018-05-08 13:00:00,1277.0,1263.8586
2018-05-08 14:00:00,1292.0,1310.831
2018-05-08 15:00:00,1352.0,1322.751
2018-05-08 16:00:00,1434.0,1418.4485
2018-05-08 17:00:00,1449.0,1478.5582
2018-05-08 18:00:00,1494.0,1464.1361
2018-05-08 19:00:00,1491.0,1479.7745
2018-05-08 20:00:00,1489.0,1480.4866
2018-05-08 21:00:00,1475.0,1477.402
2018-05-08 22:00:00,1336.0,1360.6757
2018-05-08 23:00:00,1152.0,1181.8076
2018-05-09 00:00:00,1047.0,1034.4951
2018-05-09 01:00:00,975.0,972.92487
2018-05-09 02:00:00,936.0,937.6205
2018-05-09 03:00:00,937.0,922.9803
2018-05-09 04:00:00,917.0,933.33215
2018-05-09 05:00:00,926.0,983.8385
2018-05-09 06:00:00,1088.0,1045.3512
2018-05-09 07:00:00,1123.0,1134.3248
2018-05-09 08:00:00,1090.0,1115.3678
2018-05-09 09:00:00,1094.0,1090.1025
2018-05-09 10:00:00,1117.0,1128.1677
2018-05-09 11:00:00,1134.0,1144.6655
2018-05-09 12:00:00,1158.0,1174.1921
2018-05-09 13:00:00,1256.0,1188.7599
2018-05-09 14:00:00,1342.0,1300.9878
2018-05-09 15:00:00,1406.0,1399.2911
2018-05-09 16:00:00,1442.0,1455.8403
2018-05-09 17:00:00,1518.0,1491.3442
2018-05-09 18:00:00,1498.0,1520.2761
2018-05-09 19:00:00,1500.0,1471.9983
2018-05-09 20:00:00,1495.0,1467.8997
2018-05-09 21:00:00,1532.0,1473.5361
2018-05-09 22:00:00,1402.0,1419.9509
2018-05-09 23:00:00,1247.0,1226.1332
2018-05-10 00:00:00,1118.0,1120.0198
2018-05-10 01:00:00,1042.0,1037.7096
2018-05-10 02:00:00,1010.0,992.6145
2018-05-10 03:00:00,993.0,971.08203
2018-05-10 04:00:00,1010.0,988.57294
2018-05-10 05:00:00,1040.0,1049.7146
2018-05-10 06:00:00,1218.0,1163.8257
2018-05-10 07:00:00,1270.0,1243.2667
2018-05-10 08:00:00,1246.0,1268.1814
2018-05-10 09:00:00,1314.0,1275.4658
2018-05-10 10:00:00,1311.0,1367.8716
2018-05-10 11:00:00,1388.0,1346.2612
2018-05-10 12:00:00,1448.0,1445.248
2018-05-10 13:00:00,1518.0,1492.6852
2018-05-10 14:00:00,1510.0,1564.0673
2018-05-10 15:00:00,1597.0,1532.0537
2018-05-10 16:00:00,1646.0,1638.3542
2018-05-10 17:00:00,1698.0,1681.661
2018-05-10 18:00:00,1658.0,1719.0339
2018-05-10 19:00:00,1642.0,1629.6327
2018-05-10 20:00:00,1629.0,1593.2256
2018-05-10 21:00:00,1627.0,1591.63
2018-05-10 22:00:00,1469.0,1487.2839
2018-05-10 23:00:00,1312.0,1283.1339
2018-05-11 00:00:00,1166.0,1159.9603
2018-05-11 01:00:00,1086.0,1072.1255
2018-05-11 02:00:00,1031.0,1026.9077
2018-05-11 03:00:00,999.0,1002.2015
2018-05-11 04:00:00,1010.0,996.73303
2018-05-11 05:00:00,1062.0,1043.8286
2018-05-11 06:00:00,1140.0,1169.7058
2018-05-11 07:00:00,1215.0,1196.2991
2018-05-11 08:00:00,1213.0,1248.7225
2018-05-11 09:00:00,1267.0,1270.4357
2018-05-11 10:00:00,1355.0,1320.2169
2018-05-11 11:00:00,1422.0,1428.6807
2018-05-11 12:00:00,1516.0,1496.6115
2018-05-11 13:00:00,1576.0,1567.072
2018-05-11 14:00:00,1628.0,1616.7738
2018-05-11 15:00:00,1703.0,1652.3816
2018-05-11 16:00:00,1750.0,1740.1351
2018-05-11 17:00:00,1769.0,1765.8442
2018-05-11 18:00:00,1755.0,1752.0449
2018-05-11 19:00:00,1699.0,1680.0995
2018-05-11 20:00:00,1626.0,1637.9294
2018-05-11 21:00:00,1624.0,1610.5132
2018-05-11 22:00:00,1503.0,1511.9021
2018-05-11 23:00:00,1338.0,1352.1213
2018-05-12 00:00:00,1198.0,1200.0933
2018-05-12 01:00:00,1084.0,1107.2714
2018-05-12 02:00:00,1012.0,1028.5852
2018-05-12 03:00:00,1012.0,985.474
2018-05-12 04:00:00,976.0,978.12463
2018-05-12 05:00:00,991.0,990.97833
2018-05-12 06:00:00,1017.0,1026.6622
2018-05-12 07:00:00,1062.0,1094.2788
2018-05-12 08:00:00,1187.0,1175.0803
2018-05-12 09:00:00,1321.0,1279.6548
2018-05-12 10:00:00,1403.0,1420.8109
2018-05-12 11:00:00,1484.0,1482.9138
2018-05-12 12:00:00,1554.0,1565.4624
2018-05-12 13:00:00,1636.0,1619.4033
2018-05-12 14:00:00,1646.0,1687.7152
2018-05-12 15:00:00,1689.0,1673.1968
2018-05-12 16:00:00,1763.0,1701.9236
2018-05-12 17:00:00,1776.0,1778.1931
2018-05-12 18:00:00,1745.0,1754.429
2018-05-12 19:00:00,1683.0,1670.3757
2018-05-12 20:00:00,1627.0,1632.9966
2018-05-12 21:00:00,1594.0,1595.4487
2018-05-12 22:00:00,1485.0,1495.9193
2018-05-12 23:00:00,1330.0,1338.6302
2018-05-13 00:00:00,1176.0,1192.7207
2018-05-13 01:00:00,1079.0,1084.3412
2018-05-13 02:00:00,1027.0,1028.1757
2018-05-13 03:00:00,972.0,986.21094
2018-05-13 04:00:00,950.0,952.2937
2018-05-13 05:00:00,954.0,954.1486
2018-05-13 06:00:00,958.0,975.31195
2018-05-13 07:00:00,1017.0,1020.7204
2018-05-13 08:00:00,1183.0,1141.9109
2018-05-13 09:00:00,1337.0,1299.1382
2018-05-13 10:00:00,1413.0,1450.1128
2018-05-13 11:00:00,1506.0,1503.4342
2018-05-13 12:00:00,1585.0,1611.4503
2018-05-13 13:00:00,1638.0,1672.3513
2018-05-13 14:00:00,1706.0,1697.3044
2018-05-13 15:00:00,1752.0,1742.9224
2018-05-13 16:00:00,1821.0,1794.1696
2018-05-13 17:00:00,1836.0,1856.2305
2018-05-13 18:00:00,1855.0,1828.9371
2018-05-13 19:00:00,1815.0,1818.2401
2018-05-13 20:00:00,1784.0,1754.1685
2018-05-13 21:00:00,1750.0,1742.9736
2018-05-13 22:00:00,1589.0,1627.2708
2018-05-13 23:00:00,1333.0,1403.6194
2018-05-14 00:00:00,1200.0,1206.8358
2018-05-14 01:00:00,1123.0,1113.2906
2018-05-14 02:00:00,1071.0,1043.0981
2018-05-14 03:00:00,1052.0,1034.0884
2018-05-14 04:00:00,1043.0,1052.6495
2018-05-14 05:00:00,1101.0,1091.7944
2018-05-14 06:00:00,1231.0,1201.9513
2018-05-14 07:00:00,1283.0,1293.1898
2018-05-14 08:00:00,1311.0,1322.8923
2018-05-14 09:00:00,1392.0,1380.788
2018-05-14 10:00:00,1473.0,1480.6443
2018-05-14 11:00:00,1648.0,1564.6373
2018-05-14 12:00:00,1731.0,1737.3069
2018-05-14 13:00:00,1812.0,1807.8928
2018-05-14 14:00:00,1870.0,1886.1155
2018-05-14 15:00:00,1947.0,1916.2612
2018-05-14 16:00:00,2018.0,1953.949
2018-05-14 17:00:00,2054.0,2027.0784
2018-05-14 18:00:00,2072.0,2043.1034
2018-05-14 19:00:00,2010.0,2044.1715
2018-05-14 20:00:00,1953.0,1942.3884
2018-05-14 21:00:00,1886.0,1897.5695
2018-05-14 22:00:00,1706.0,1734.938
2018-05-14 23:00:00,1477.0,1512.9948
2018-05-15 00:00:00,1336.0,1344.1499
2018-05-15 01:00:00,1213.0,1232.5466
2018-05-15 02:00:00,1164.0,1153.9232
2018-05-15 03:00:00,1119.0,1112.9106
2018-05-15 04:00:00,1109.0,1113.6271
2018-05-15 05:00:00,1170.0,1160.0797
2018-05-15 06:00:00,1302.0,1245.171
2018-05-15 07:00:00,1362.0,1352.4205
2018-05-15 08:00:00,1405.0,1425.4652
2018-05-15 09:00:00,1455.0,1496.1649
2018-05-15 10:00:00,1586.0,1561.2113
2018-05-15 11:00:00,1688.0,1710.5769
2018-05-15 12:00:00,1796.0,1805.093
2018-05-15 13:00:00,1874.0,1892.4282
2018-05-15 14:00:00,1936.0,1928.8782
2018-05-15 15:00:00,1951.0,1983.027
2018-05-15 16:00:00,2009.0,1942.6158
2018-05-15 17:00:00,1966.0,2010.3193
2018-05-15 18:00:00,1937.0,1927.7405
2018-05-15 19:00:00,1907.0,1861.0201
2018-05-15 20:00:00,1859.0,1819.8892
2018-05-15 21:00:00,1820.0,1785.4764
2018-05-15 22:00:00,1637.0,1682.8538
2018-05-15 23:00:00,1437.0,1449.2488
2018-05-16 00:00:00,1177.0,1299.5026
2018-05-16 01:00:00,1062.0,1106.8425
2018-05-16 02:00:00,1002.0,1009.9926
2018-05-16 03:00:00,975.0,1007.3661
2018-05-16 04:00:00,948.0,972.3544
2018-05-16 05:00:00,1086.0,1028.3364
2018-05-16 06:00:00,1212.0,1195.8004
2018-05-16 07:00:00,1229.0,1242.6366
2018-05-16 08:00:00,1222.0,1258.1559
2018-05-16 09:00:00,1357.0,1309.2845
2018-05-16 10:00:00,1358.0,1464.3099
2018-05-16 11:00:00,1472.0,1443.1613
2018-05-16 12:00:00,1475.0,1548.7566
2018-05-16 13:00:00,1597.0,1554.7609
2018-05-16 14:00:00,1672.0,1655.0782
2018-05-16 15:00:00,1699.0,1731.8163
2018-05-16 16:00:00,1736.0,1755.367
2018-05-16 17:00:00,1714.0,1748.6937
2018-05-16 18:00:00,1695.0,1680.3054
2018-05-16 19:00:00,1633.0,1632.9508
2018-05-16 20:00:00,1611.0,1590.263
2018-05-16 21:00:00,1591.0,1575.0486
2018-05-16 22:00:00,1440.0,1470.2012
2018-05-16 23:00:00,1249.0,1276.0863
2018-05-17 00:00:00,1149.0,1139.3651
2018-05-17 01:00:00,1089.0,1053.2986
2018-05-17 02:00:00,1046.0,1035.0895
2018-05-17 03:00:00,1006.0,1010.39435
2018-05-17 04:00:00,1040.0,999.7395
2018-05-17 05:00:00,1067.0,1076.8047
2018-05-17 06:00:00,1229.0,1163.8651
2018-05-17 07:00:00,1265.0,1267.0153
2018-05-17 08:00:00,1283.0,1284.6595
2018-05-17 09:00:00,1302.0,1333.437
2018-05-17 10:00:00,1338.0,1360.3071
2018-05-17 11:00:00,1429.0,1395.7981
2018-05-17 12:00:00,1484.0,1493.0015
2018-05-17 13:00:00,1588.0,1537.5347
2018-05-17 14:00:00,1544.0,1652.6356
2018-05-17 15:00:00,1569.0,1583.7916
2018-05-17 16:00:00,1695.0,1587.9088
2018-05-17 17:00:00,1709.0,1728.5554
2018-05-17 18:00:00,1666.0,1718.8271
2018-05-17 19:00:00,1647.0,1638.01
2018-05-17 20:00:00,1610.0,1605.4581
2018-05-17 21:00:00,1592.0,1579.1783
2018-05-17 22:00:00,1469.0,1476.106
2018-05-17 23:00:00,1319.0,1297.216
2018-05-18 00:00:00,1191.0,1187.4303
2018-05-18 01:00:00,1098.0,1092.2417
2018-05-18 02:00:00,1056.0,1042.3456
2018-05-18 03:00:00,1044.0,1021.2348
2018-05-18 04:00:00,1035.0,1027.1003
2018-05-18 05:00:00,1100.0,1079.673
2018-05-18 06:00:00,1233.0,1187.6996
2018-05-18 07:00:00,1255.0,1282.7666
2018-05-18 08:00:00,1286.0,1267.183
2018-05-18 09:00:00,1301.0,1338.0033
2018-05-18 10:00:00,1336.0,1364.3273
2018-05-18 11:00:00,1357.0,1393.577
2018-05-18 12:00:00,1415.0,1416.9838
2018-05-18 13:00:00,1465.0,1483.183
2018-05-18 14:00:00,1551.0,1485.6438
2018-05-18 15:00:00,1574.0,1597.4558
2018-05-18 16:00:00,1570.0,1633.0742
2018-05-18 17:00:00,1564.0,1591.1995
2018-05-18 18:00:00,1521.0,1536.4788
2018-05-18 19:00:00,1490.0,1478.1798
2018-05-18 20:00:00,1464.0,1457.7108
2018-05-18 21:00:00,1451.0,1450.0121
2018-05-18 22:00:00,1363.0,1370.2234
2018-05-18 23:00:00,1246.0,1244.5627
2018-05-19 00:00:00,1140.0,1151.3444
2018-05-19 01:00:00,1058.0,1069.7468
2018-05-19 02:00:00,1030.0,1008.28094
2018-05-19 03:00:00,986.0,978.85077
2018-05-19 04:00:00,980.0,981.9525
2018-05-19 05:00:00,1005.0,984.332
2018-05-19 06:00:00,1033.0,1033.3934
2018-05-19 07:00:00,1070.0,1097.8911
2018-05-19 08:00:00,1164.0,1147.7496
2018-05-19 09:00:00,1250.0,1248.3616
2018-05-19 10:00:00,1289.0,1316.4196
2018-05-19 11:00:00,1374.0,1344.8674
2018-05-19 12:00:00,1408.0,1429.6128
2018-05-19 13:00:00,1460.0,1434.9321
2018-05-19 14:00:00,1495.0,1490.8113
2018-05-19 15:00:00,1522.0,1514.9152
2018-05-19 16:00:00,1539.0,1566.2494
2018-05-19 17:00:00,1557.0,1554.8765
2018-05-19 18:00:00,1559.0,1539.3951
2018-05-19 19:00:00,1547.0,1526.1283
2018-05-19 20:00:00,1480.0,1520.7081
2018-05-19 21:00:00,1498.0,1473.0277
2018-05-19 22:00:00,1375.0,1406.8076
2018-05-19 23:00:00,1246.0,1247.3838
2018-05-20 00:00:00,1149.0,1128.6705
2018-05-20 01:00:00,1049.0,1061.8816
2018-05-20 02:00:00,974.0,997.4692
2018-05-20 03:00:00,966.0,945.097
2018-05-20 04:00:00,938.0,937.25507
2018-05-20 05:00:00,941.0,939.09686
2018-05-20 06:00:00,927.0,957.76166
2018-05-20 07:00:00,1004.0,976.32916
2018-05-20 08:00:00,1163.0,1110.5009
2018-05-20 09:00:00,1308.0,1236.8761
2018-05-20 10:00:00,1394.0,1384.6069
2018-05-20 11:00:00,1496.0,1476.274
2018-05-20 12:00:00,1598.0,1567.4957
2018-05-20 13:00:00,1690.0,1671.9106
2018-05-20 14:00:00,1757.0,1741.584
2018-05-20 15:00:00,1818.0,1810.1979
2018-05-20 16:00:00,1874.0,1873.6458
2018-05-20 17:00:00,1951.0,1913.6427
2018-05-20 18:00:00,1925.0,1907.6786
2018-05-20 19:00:00,1869.0,1877.4634
2018-05-20 20:00:00,1801.0,1797.974
2018-05-20 21:00:00,1768.0,1749.2705
2018-05-20 22:00:00,1591.0,1631.2563
2018-05-20 23:00:00,1383.0,1415.3328
2018-05-21 00:00:00,1241.0,1246.3264
2018-05-21 01:00:00,1153.0,1149.4814
2018-05-21 02:00:00,1075.0,1089.4977
2018-05-21 03:00:00,1039.0,1037.9713
2018-05-21 04:00:00,1048.0,1034.1157
2018-05-21 05:00:00,1092.0,1103.5416
2018-05-21 06:00:00,1236.0,1197.4135
2018-05-21 07:00:00,1271.0,1281.921
2018-05-21 08:00:00,1335.0,1311.5669
2018-05-21 09:00:00,1370.0,1415.2855
2018-05-21 10:00:00,1493.0,1462.0498
2018-05-21 11:00:00,1588.0,1604.8153
2018-05-21 12:00:00,1706.0,1706.1876
2018-05-21 13:00:00,1799.0,1810.7593
2018-05-21 14:00:00,1858.0,1867.7025
2018-05-21 15:00:00,1883.0,1912.8566
2018-05-21 16:00:00,1904.0,1936.7391
2018-05-21 17:00:00,1920.0,1930.1984
2018-05-21 18:00:00,1888.0,1903.169
2018-05-21 19:00:00,1850.0,1824.9233
2018-05-21 20:00:00,1773.0,1780.6385
2018-05-21 21:00:00,1733.0,1746.7999
2018-05-21 22:00:00,1567.0,1604.8953
2018-05-21 23:00:00,1379.0,1380.5074
2018-05-22 00:00:00,1253.0,1233.1622
2018-05-22 01:00:00,1155.0,1170.0929
2018-05-22 02:00:00,1100.0,1107.3208
2018-05-22 03:00:00,1035.0,1070.758
2018-05-22 04:00:00,1035.0,1037.5406
2018-05-22 05:00:00,1126.0,1087.7432
2018-05-22 06:00:00,1186.0,1221.6317
2018-05-22 07:00:00,1242.0,1236.1666
2018-05-22 08:00:00,1293.0,1286.0779
2018-05-22 09:00:00,1361.0,1377.4951
2018-05-22 10:00:00,1402.0,1456.529
2018-05-22 11:00:00,1478.0,1484.5349
2018-05-22 12:00:00,1554.0,1577.7837
2018-05-22 13:00:00,1611.0,1643.3972
2018-05-22 14:00:00,1636.0,1668.6099
2018-05-22 15:00:00,1661.0,1684.7777
2018-05-22 16:00:00,1662.0,1710.7924
2018-05-22 17:00:00,1733.0,1692.5925
2018-05-22 18:00:00,1720.0,1720.0829
2018-05-22 19:00:00,1714.0,1684.0037
2018-05-22 20:00:00,1661.0,1681.1989
2018-05-22 21:00:00,1648.0,1637.0508
2018-05-22 22:00:00,1486.0,1523.5356
2018-05-22 23:00:00,1289.0,1314.9
2018-05-23 00:00:00,1191.0,1168.4412
2018-05-23 01:00:00,1109.0,1099.2188
2018-05-23 02:00:00,1053.0,1054.2024
2018-05-23 03:00:00,1028.0,1029.4272
2018-05-23 04:00:00,1038.0,1020.2507
2018-05-23 05:00:00,1074.0,1075.9747
2018-05-23 06:00:00,1215.0,1162.6478
2018-05-23 07:00:00,1231.0,1253.7471
2018-05-23 08:00:00,1289.0,1259.1965
2018-05-23 09:00:00,1364.0,1343.7896
2018-05-23 10:00:00,1382.0,1450.3794
2018-05-23 11:00:00,1503.0,1445.8064
2018-05-23 12:00:00,1539.0,1595.6371
2018-05-23 13:00:00,1635.0,1614.1847
2018-05-23 14:00:00,1717.0,1702.7491
2018-05-23 15:00:00,1774.0,1779.0358
2018-05-23 16:00:00,1851.0,1829.1229
2018-05-23 17:00:00,1867.0,1876.1718
2018-05-23 18:00:00,1877.0,1872.3314
2018-05-23 19:00:00,1838.0,1804.7322
2018-05-23 20:00:00,1726.0,1767.6661
2018-05-23 21:00:00,1723.0,1687.0851
2018-05-23 22:00:00,1557.0,1590.2982
2018-05-23 23:00:00,1361.0,1356.4044
2018-05-24 00:00:00,1175.0,1222.4152
2018-05-24 01:00:00,1091.0,1096.6859
2018-05-24 02:00:00,1037.0,1059.7537
2018-05-24 03:00:00,997.0,1009.7312
2018-05-24 04:00:00,993.0,994.84106
2018-05-24 05:00:00,1054.0,1039.5153
2018-05-24 06:00:00,1079.0,1160.2219
2018-05-24 07:00:00,1135.0,1140.9678
2018-05-24 08:00:00,1147.0,1184.7124
2018-05-24 09:00:00,1199.0,1230.0691
2018-05-24 10:00:00,1273.0,1281.3231
2018-05-24 11:00:00,1356.0,1365.9939
2018-05-24 12:00:00,1417.0,1439.4727
2018-05-24 13:00:00,1524.0,1518.3541
2018-05-24 14:00:00,1603.0,1609.866
2018-05-24 15:00:00,1764.0,1673.8518
2018-05-24 16:00:00,1783.0,1829.0339
2018-05-24 17:00:00,1856.0,1822.2411
2018-05-24 18:00:00,1853.0,1852.9021
2018-05-24 19:00:00,1830.0,1790.0134
2018-05-24 20:00:00,1757.0,1752.1189
2018-05-24 21:00:00,1723.0,1699.0332
2018-05-24 22:00:00,1585.0,1589.0746
2018-05-24 23:00:00,1362.0,1388.0184
2018-05-25 00:00:00,1223.0,1229.0547
2018-05-25 01:00:00,1130.0,1127.9382
2018-05-25 02:00:00,1074.0,1040.3478
2018-05-25 03:00:00,1017.0,1031.6033
2018-05-25 04:00:00,1027.0,1007.17413
2018-05-25 05:00:00,1090.0,1064.0823
2018-05-25 06:00:00,1173.0,1187.5399
2018-05-25 07:00:00,1231.0,1226.189
2018-05-25 08:00:00,1293.0,1269.1141
2018-05-25 09:00:00,1355.0,1384.0444
2018-05-25 10:00:00,1460.0,1453.3044
2018-05-25 11:00:00,1575.0,1561.8702
2018-05-25 12:00:00,1694.0,1678.6017
2018-05-25 13:00:00,1763.0,1776.0427
2018-05-25 14:00:00,1819.0,1822.9049
2018-05-25 15:00:00,1906.0,1875.7781
2018-05-25 16:00:00,1935.0,1955.4407
2018-05-25 17:00:00,1958.0,1961.2737
2018-05-25 18:00:00,1967.0,1907.6245
2018-05-25 19:00:00,1875.0,1875.7126
2018-05-25 20:00:00,1691.0,1796.74
2018-05-25 21:00:00,1639.0,1638.2955
2018-05-25 22:00:00,1531.0,1520.1688
2018-05-25 23:00:00,1431.0,1374.2811
2018-05-26 00:00:00,1304.0,1280.8035
2018-05-26 01:00:00,1199.0,1189.9165
2018-05-26 02:00:00,1111.0,1132.7728
2018-05-26 03:00:00,1077.0,1067.111
2018-05-26 04:00:00,1026.0,1061.696
2018-05-26 05:00:00,1008.0,1021.4821
2018-05-26 06:00:00,1047.0,1022.39014
2018-05-26 07:00:00,1106.0,1099.4191
2018-05-26 08:00:00,1241.0,1212.1707
2018-05-26 09:00:00,1370.0,1365.5474
2018-05-26 10:00:00,1489.0,1478.6477
2018-05-26 11:00:00,1574.0,1601.6002
2018-05-26 12:00:00,1654.0,1684.4598
2018-05-26 13:00:00,1728.0,1740.1469
2018-05-26 14:00:00,1753.0,1786.7849
2018-05-26 15:00:00,1812.0,1789.4972
2018-05-26 16:00:00,1812.0,1867.7992
2018-05-26 17:00:00,1804.0,1846.5985
2018-05-26 18:00:00,1785.0,1759.5089
2018-05-26 19:00:00,1705.0,1706.6696
2018-05-26 20:00:00,1663.0,1651.127
2018-05-26 21:00:00,1607.0,1630.4595
2018-05-26 22:00:00,1526.0,1513.3026
2018-05-26 23:00:00,1380.0,1362.3744
2018-05-27 00:00:00,1242.0,1238.1097
2018-05-27 01:00:00,1157.0,1149.7338
2018-05-27 02:00:00,1067.0,1087.6165
2018-05-27 03:00:00,1023.0,1014.9003
2018-05-27 04:00:00,1015.0,1006.7582
2018-05-27 05:00:00,1010.0,1006.98663
2018-05-27 06:00:00,1010.0,1015.45667
2018-05-27 07:00:00,1079.0,1054.6312
2018-05-27 08:00:00,1236.0,1208.7856
2018-05-27 09:00:00,1397.0,1345.3608
2018-05-27 10:00:00,1472.0,1516.8184
2018-05-27 11:00:00,1592.0,1571.3649
2018-05-27 12:00:00,1691.0,1694.7683
2018-05-27 13:00:00,1778.0,1775.6698
2018-05-27 14:00:00,1814.0,1838.0222
2018-05-27 15:00:00,1834.0,1857.1752
2018-05-27 16:00:00,1794.0,1877.8925
2018-05-27 17:00:00,1767.0,1808.6718
2018-05-27 18:00:00,1705.0,1730.3619
2018-05-27 19:00:00,1648.0,1650.8334
2018-05-27 20:00:00,1603.0,1604.2253
2018-05-27 21:00:00,1575.0,1567.0544
2018-05-27 22:00:00,1479.0,1459.5638
2018-05-27 23:00:00,1352.0,1316.9253
2018-05-28 00:00:00,1204.0,1218.6781
2018-05-28 01:00:00,1129.0,1117.3328
2018-05-28 02:00:00,1062.0,1072.1526
2018-05-28 03:00:00,1036.0,1030.8226
2018-05-28 04:00:00,972.0,1040.3538
2018-05-28 05:00:00,1010.0,1044.1743
2018-05-28 06:00:00,1010.0,1059.7344
2018-05-28 07:00:00,1067.0,1075.4807
2018-05-28 08:00:00,1190.0,1167.4844
2018-05-28 09:00:00,1362.0,1282.6769
2018-05-28 10:00:00,1519.0,1472.7689
2018-05-28 11:00:00,1607.0,1624.252
2018-05-28 12:00:00,1713.0,1707.3619
2018-05-28 13:00:00,1785.0,1782.992
2018-05-28 14:00:00,1793.0,1836.7328
2018-05-28 15:00:00,1829.0,1831.3523
2018-05-28 16:00:00,1782.0,1844.0975
2018-05-28 17:00:00,1770.0,1787.6511
2018-05-28 18:00:00,1704.0,1713.0767
2018-05-28 19:00:00,1675.0,1653.7219
2018-05-28 20:00:00,1625.0,1619.3584
2018-05-28 21:00:00,1598.0,1578.1274
2018-05-28 22:00:00,1485.0,1451.679
2018-05-28 23:00:00,1322.0,1303.731
2018-05-29 00:00:00,1189.0,1192.9016
2018-05-29 01:00:00,1116.0,1096.7059
2018-05-29 02:00:00,1063.0,1064.2728
2018-05-29 03:00:00,1035.0,1037.624
2018-05-29 04:00:00,1045.0,1037.3452
2018-05-29 05:00:00,1121.0,1100.5065
2018-05-29 06:00:00,1244.0,1218.5924
2018-05-29 07:00:00,1289.0,1299.2634
2018-05-29 08:00:00,1361.0,1317.9396
2018-05-29 09:00:00,1445.0,1454.52
2018-05-29 10:00:00,1532.0,1534.1228
2018-05-29 11:00:00,1654.0,1623.6283
2018-05-29 12:00:00,1730.0,1737.4829
2018-05-29 13:00:00,1736.0,1779.3375
2018-05-29 14:00:00,1865.0,1753.8859
2018-05-29 15:00:00,1802.0,1907.6218
2018-05-29 16:00:00,1876.0,1837.8718
2018-05-29 17:00:00,1896.0,1867.462
2018-05-29 18:00:00,1885.0,1881.8992
2018-05-29 19:00:00,1781.0,1817.9934
2018-05-29 20:00:00,1792.0,1736.7607
2018-05-29 21:00:00,1772.0,1724.1003
2018-05-29 22:00:00,1630.0,1657.9254
2018-05-29 23:00:00,1505.0,1433.918
2018-05-30 00:00:00,1353.0,1351.07
2018-05-30 01:00:00,1300.0,1241.7845
2018-05-30 02:00:00,1224.0,1206.9303
2018-05-30 03:00:00,1170.0,1193.2979
2018-05-30 04:00:00,1189.0,1152.2959
2018-05-30 05:00:00,1240.0,1212.632
2018-05-30 06:00:00,1311.0,1329.8761
2018-05-30 07:00:00,1329.0,1369.1758
2018-05-30 08:00:00,1420.0,1383.5453
2018-05-30 09:00:00,1505.0,1499.1786
2018-05-30 10:00:00,1586.0,1614.7268
2018-05-30 11:00:00,1654.0,1670.8896
2018-05-30 12:00:00,1672.0,1725.5969
2018-05-30 13:00:00,1699.0,1713.7384
2018-05-30 14:00:00,1724.0,1723.5696
2018-05-30 15:00:00,1757.0,1764.7706
2018-05-30 16:00:00,1777.0,1791.6462
2018-05-30 17:00:00,1830.0,1799.6804
2018-05-30 18:00:00,1849.0,1831.7316
2018-05-30 19:00:00,1829.0,1816.6478
2018-05-30 20:00:00,1794.0,1787.1666
2018-05-30 21:00:00,1750.0,1762.5045
2018-05-30 22:00:00,1635.0,1638.2996
2018-05-30 23:00:00,1467.0,1469.8036
2018-05-31 00:00:00,1332.0,1379.3997
2018-05-31 01:00:00,1242.0,1255.7903
2018-05-31 02:00:00,1168.0,1165.8799
2018-05-31 03:00:00,1126.0,1134.1455
2018-05-31 04:00:00,1134.0,1115.9579
2018-05-31 05:00:00,1200.0,1159.5813
2018-05-31 06:00:00,1262.0,1311.2859
2018-05-31 07:00:00,1306.0,1322.9242
2018-05-31 08:00:00,1434.0,1352.2981
2018-05-31 09:00:00,1499.0,1520.4213
2018-05-31 10:00:00,1597.0,1578.7592
2018-05-31 11:00:00,1713.0,1684.2026
2018-05-31 12:00:00,1788.0,1783.3214
2018-05-31 13:00:00,1892.0,1848.4297
2018-05-31 14:00:00,1813.0,1927.8759
2018-05-31 15:00:00,1732.0,1822.0315
2018-05-31 16:00:00,1613.0,1738.4166
2018-05-31 17:00:00,1572.0,1605.4873
2018-05-31 18:00:00,1542.0,1529.8447
2018-05-31 19:00:00,1505.0,1526.2312
2018-05-31 20:00:00,1501.0,1500.7828
2018-05-31 21:00:00,1501.0,1496.3846
2018-05-31 22:00:00,1400.0,1420.6665
2018-05-31 23:00:00,1289.0,1285.928
2018-06-01 00:00:00,1172.0,1143.0847
2018-06-01 01:00:00,1101.0,1087.0613
2018-06-01 02:00:00,1054.0,1052.067
2018-06-01 03:00:00,1042.0,1029.706
2018-06-01 04:00:00,1049.0,1026.141
2018-06-01 05:00:00,1103.0,1089.2123
2018-06-01 06:00:00,1173.0,1190.7705
2018-06-01 07:00:00,1242.0,1226.041
2018-06-01 08:00:00,1239.0,1282.4297
2018-06-01 09:00:00,1301.0,1311.3214
2018-06-01 10:00:00,1364.0,1366.564
2018-06-01 11:00:00,1409.0,1425.5364
2018-06-01 12:00:00,1482.0,1469.617
2018-06-01 13:00:00,1523.0,1510.2391
2018-06-01 14:00:00,1570.0,1532.9032
2018-06-01 15:00:00,1642.0,1573.7225
2018-06-01 16:00:00,1703.0,1672.4673
2018-06-01 17:00:00,1766.0,1737.2783
2018-06-01 18:00:00,1760.0,1764.5521
2018-06-01 19:00:00,1673.0,1714.2117
2018-06-01 20:00:00,1638.0,1623.0748
2018-06-01 21:00:00,1639.0,1612.4354
2018-06-01 22:00:00,1528.0,1536.6722
2018-06-01 23:00:00,1396.0,1396.875
2018-06-02 00:00:00,1258.0,1263.9196
2018-06-02 01:00:00,1160.0,1164.65
2018-06-02 02:00:00,1105.0,1078.7651
2018-06-02 03:00:00,1039.0,1043.6328
2018-06-02 04:00:00,1034.0,1032.544
2018-06-02 05:00:00,1021.0,1018.818
2018-06-02 06:00:00,1031.0,1037.6713
2018-06-02 07:00:00,1139.0,1078.0033
2018-06-02 08:00:00,1217.0,1234.1454
2018-06-02 09:00:00,1357.0,1324.6995
2018-06-02 10:00:00,1487.0,1449.1306
2018-06-02 11:00:00,1597.0,1589.464
2018-06-02 12:00:00,1688.0,1692.3806
2018-06-02 13:00:00,1769.0,1757.8613
2018-06-02 14:00:00,1835.0,1813.7802
2018-06-02 15:00:00,1894.0,1863.6937
2018-06-02 16:00:00,1911.0,1933.1493
2018-06-02 17:00:00,1943.0,1928.1648
2018-06-02 18:00:00,1932.0,1892.6509
2018-06-02 19:00:00,1877.0,1863.4882
2018-06-02 20:00:00,1799.0,1814.2018
2018-06-02 21:00:00,1725.0,1766.0005
2018-06-02 22:00:00,1628.0,1612.8215
2018-06-02 23:00:00,1451.0,1456.7032
2018-06-03 00:00:00,1298.0,1307.2756
2018-06-03 01:00:00,1198.0,1188.9908
2018-06-03 02:00:00,1115.0,1119.3734
2018-06-03 03:00:00,1074.0,1070.6307
2018-06-03 04:00:00,1029.0,1044.0348
2018-06-03 05:00:00,1012.0,1013.5888
2018-06-03 06:00:00,1028.0,1015.7895
2018-06-03 07:00:00,1086.0,1065.2008
2018-06-03 08:00:00,1244.0,1218.8088
2018-06-03 09:00:00,1389.0,1367.0421
2018-06-03 10:00:00,1446.0,1516.9744
2018-06-03 11:00:00,1535.0,1556.6707
2018-06-03 12:00:00,1591.0,1634.6075
2018-06-03 13:00:00,1667.0,1653.5283
2018-06-03 14:00:00,1724.0,1726.3881
2018-06-03 15:00:00,1747.0,1765.3007
2018-06-03 16:00:00,1789.0,1796.2241
2018-06-03 17:00:00,1817.0,1837.3398
2018-06-03 18:00:00,1783.0,1801.7236
2018-06-03 19:00:00,1726.0,1746.624
2018-06-03 20:00:00,1629.0,1668.1619
2018-06-03 21:00:00,1580.0,1599.0582
2018-06-03 22:00:00,1446.0,1490.1475
2018-06-03 23:00:00,1281.0,1299.5765
2018-06-04 00:00:00,1123.0,1154.8291
2018-06-04 01:00:00,1046.0,1051.1991
2018-06-04 02:00:00,972.0,1009.3865
2018-06-04 03:00:00,964.0,955.66406
2018-06-04 04:00:00,967.0,971.07776
2018-06-04 05:00:00,998.0,1009.6482
2018-06-04 06:00:00,1092.0,1071.3298
2018-06-04 07:00:00,1157.0,1148.9924
2018-06-04 08:00:00,1217.0,1224.8269
2018-06-04 09:00:00,1263.0,1288.4036
2018-06-04 10:00:00,1331.0,1363.2229
2018-06-04 11:00:00,1393.0,1412.2467
2018-06-04 12:00:00,1417.0,1475.7117
2018-06-04 13:00:00,1447.0,1484.3994
2018-06-04 14:00:00,1528.0,1475.8212
2018-06-04 15:00:00,1609.0,1569.2335
2018-06-04 16:00:00,1639.0,1672.749
2018-06-04 17:00:00,1708.0,1675.7532
2018-06-04 18:00:00,1688.0,1698.5531
2018-06-04 19:00:00,1633.0,1650.656
2018-06-04 20:00:00,1544.0,1576.2426
2018-06-04 21:00:00,1534.0,1525.9796
2018-06-04 22:00:00,1428.0,1426.3965
2018-06-04 23:00:00,1239.0,1247.5891
2018-06-05 00:00:00,1134.0,1118.5662
2018-06-05 01:00:00,1064.0,1049.0822
2018-06-05 02:00:00,1014.0,1006.8915
2018-06-05 03:00:00,987.0,982.3214
2018-06-05 04:00:00,959.0,982.9801
2018-06-05 05:00:00,1026.0,1011.6574
2018-06-05 06:00:00,1084.0,1091.4114
2018-06-05 07:00:00,1172.0,1140.702
2018-06-05 08:00:00,1193.0,1207.492
2018-06-05 09:00:00,1239.0,1245.1312
2018-06-05 10:00:00,1265.0,1310.5093
2018-06-05 11:00:00,1350.0,1336.1843
2018-06-05 12:00:00,1423.0,1421.1786
2018-06-05 13:00:00,1528.0,1495.5818
2018-06-05 14:00:00,1596.0,1592.4778
2018-06-05 15:00:00,1648.0,1657.7725
2018-06-05 16:00:00,1710.0,1707.3743
2018-06-05 17:00:00,1795.0,1744.1467
2018-06-05 18:00:00,1803.0,1786.1028
2018-06-05 19:00:00,1756.0,1756.4435
2018-06-05 20:00:00,1678.0,1691.7848
2018-06-05 21:00:00,1626.0,1634.281
2018-06-05 22:00:00,1511.0,1492.1973
2018-06-05 23:00:00,1313.0,1340.22
2018-06-06 00:00:00,1181.0,1182.5529
2018-06-06 01:00:00,1103.0,1084.9913
2018-06-06 02:00:00,1033.0,1048.3916
2018-06-06 03:00:00,973.0,1003.86224
2018-06-06 04:00:00,1008.0,976.74426
2018-06-06 05:00:00,966.0,1037.6743
2018-06-06 06:00:00,1026.0,1031.3429
2018-06-06 07:00:00,1093.0,1083.8815
2018-06-06 08:00:00,1126.0,1149.0178
2018-06-06 09:00:00,1189.0,1186.3207
2018-06-06 10:00:00,1254.0,1259.4232
2018-06-06 11:00:00,1311.0,1344.3932
2018-06-06 12:00:00,1387.0,1394.6028
2018-06-06 13:00:00,1442.0,1451.466
2018-06-06 14:00:00,1585.0,1509.7137
2018-06-06 15:00:00,1601.0,1662.4441
2018-06-06 16:00:00,1652.0,1651.0819
2018-06-06 17:00:00,1691.0,1690.0803
2018-06-06 18:00:00,1722.0,1662.4043
2018-06-06 19:00:00,1654.0,1672.1301
2018-06-06 20:00:00,1531.0,1615.3367
2018-06-06 21:00:00,1571.0,1503.5498
2018-06-06 22:00:00,1457.0,1451.1664
2018-06-06 23:00:00,1282.0,1278.8079
2018-06-07 00:00:00,1143.0,1155.2012
2018-06-07 01:00:00,1054.0,1054.8898
2018-06-07 02:00:00,1016.0,1010.5808
2018-06-07 03:00:00,988.0,984.2289
2018-06-07 04:00:00,984.0,985.98956
2018-06-07 05:00:00,1079.0,1022.6496
2018-06-07 06:00:00,1119.0,1152.186
2018-06-07 07:00:00,1205.0,1168.637
2018-06-07 08:00:00,1227.0,1233.8607
2018-06-07 09:00:00,1301.0,1283.5397
2018-06-07 10:00:00,1376.0,1366.9496
2018-06-07 11:00:00,1434.0,1489.0623
2018-06-07 12:00:00,1532.0,1518.123
2018-06-07 13:00:00,1625.0,1602.5946
2018-06-07 14:00:00,1696.0,1713.1777
2018-06-07 15:00:00,1821.0,1736.8955
2018-06-07 16:00:00,1877.0,1863.8016
2018-06-07 17:00:00,1850.0,1915.3245
2018-06-07 18:00:00,1849.0,1821.6774
2018-06-07 19:00:00,1880.0,1773.5336
2018-06-07 20:00:00,1707.0,1806.8049
2018-06-07 21:00:00,1696.0,1667.0994
2018-06-07 22:00:00,1538.0,1561.6361
2018-06-07 23:00:00,1375.0,1337.7037
2018-06-08 00:00:00,1247.0,1221.0566
2018-06-08 01:00:00,1166.0,1161.342
2018-06-08 02:00:00,1111.0,1105.2145
2018-06-08 03:00:00,1075.0,1079.1224
2018-06-08 04:00:00,1075.0,1059.9142
2018-06-08 05:00:00,1106.0,1099.6671
2018-06-08 06:00:00,1181.0,1165.1115
2018-06-08 07:00:00,1248.0,1228.7749
2018-06-08 08:00:00,1301.0,1298.6229
2018-06-08 09:00:00,1422.0,1381.7087
2018-06-08 10:00:00,1486.0,1513.6548
2018-06-08 11:00:00,1561.0,1564.3291
2018-06-08 12:00:00,1727.0,1653.0063
2018-06-08 13:00:00,1875.0,1804.1316
2018-06-08 14:00:00,1945.0,1934.4707
2018-06-08 15:00:00,2024.0,1958.4865
2018-06-08 16:00:00,2060.0,2041.5453
2018-06-08 17:00:00,2066.0,2063.8606
2018-06-08 18:00:00,2031.0,2051.124
2018-06-08 19:00:00,1915.0,1968.3083
2018-06-08 20:00:00,1816.0,1830.1587
2018-06-08 21:00:00,1789.0,1760.4021
2018-06-08 22:00:00,1684.0,1663.4503
2018-06-08 23:00:00,1497.0,1510.4005
2018-06-09 00:00:00,1353.0,1344.1321
2018-06-09 01:00:00,1230.0,1243.584
2018-06-09 02:00:00,1151.0,1161.195
2018-06-09 03:00:00,1108.0,1093.8315
2018-06-09 04:00:00,1070.0,1080.3429
2018-06-09 05:00:00,1078.0,1075.9691
2018-06-09 06:00:00,1027.0,1100.0753
2018-06-09 07:00:00,1163.0,1081.8112
2018-06-09 08:00:00,1270.0,1280.3922
2018-06-09 09:00:00,1422.0,1414.6819
2018-06-09 10:00:00,1610.0,1553.7767
2018-06-09 11:00:00,1736.0,1719.5608
2018-06-09 12:00:00,1813.0,1843.0392
2018-06-09 13:00:00,1819.0,1917.1324
2018-06-09 14:00:00,1870.0,1874.3112
2018-06-09 15:00:00,1919.0,1922.4448
2018-06-09 16:00:00,1955.0,1959.5842
2018-06-09 17:00:00,1956.0,1932.987
2018-06-09 18:00:00,1921.0,1917.0624
2018-06-09 19:00:00,1874.0,1839.7236
2018-06-09 20:00:00,1781.0,1787.4568
2018-06-09 21:00:00,1737.0,1749.7533
2018-06-09 22:00:00,1609.0,1626.7965
2018-06-09 23:00:00,1443.0,1459.4233
2018-06-10 00:00:00,1328.0,1294.0646
2018-06-10 01:00:00,1195.0,1208.0935
2018-06-10 02:00:00,1138.0,1111.9081
2018-06-10 03:00:00,1076.0,1085.764
2018-06-10 04:00:00,1027.0,1060.7649
2018-06-10 05:00:00,994.0,1021.73016
2018-06-10 06:00:00,986.0,999.5513
2018-06-10 07:00:00,1113.0,1036.4294
2018-06-10 08:00:00,1269.0,1250.6783
2018-06-10 09:00:00,1430.0,1419.223
2018-06-10 10:00:00,1534.0,1560.7347
2018-06-10 11:00:00,1631.0,1636.4014
2018-06-10 12:00:00,1713.0,1737.2905
2018-06-10 13:00:00,1819.0,1793.8314
2018-06-10 14:00:00,1824.0,1882.0177
2018-06-10 15:00:00,1831.0,1882.6339
2018-06-10 16:00:00,1830.0,1870.6075
2018-06-10 17:00:00,1816.0,1835.8702
2018-06-10 18:00:00,1793.0,1780.187
2018-06-10 19:00:00,1729.0,1757.5686
2018-06-10 20:00:00,1671.0,1676.8303
2018-06-10 21:00:00,1636.0,1640.1083
2018-06-10 22:00:00,1521.0,1522.3713
2018-06-10 23:00:00,1354.0,1345.9578
2018-06-11 00:00:00,1243.0,1213.3853
2018-06-11 01:00:00,1146.0,1158.635
2018-06-11 02:00:00,1112.0,1099.6443
2018-06-11 03:00:00,1062.0,1068.6791
2018-06-11 04:00:00,1050.0,1062.1438
2018-06-11 05:00:00,1095.0,1088.9491
2018-06-11 06:00:00,1180.0,1160.6335
2018-06-11 07:00:00,1263.0,1237.9305
2018-06-11 08:00:00,1345.0,1313.0945
2018-06-11 09:00:00,1408.0,1447.2389
2018-06-11 10:00:00,1496.0,1490.4286
2018-06-11 11:00:00,1550.0,1582.683
2018-06-11 12:00:00,1612.0,1622.319
2018-06-11 13:00:00,1698.0,1651.876
2018-06-11 14:00:00,1755.0,1746.2721
2018-06-11 15:00:00,1775.0,1791.774
2018-06-11 16:00:00,1764.0,1821.2097
2018-06-11 17:00:00,1780.0,1773.3699
2018-06-11 18:00:00,1798.0,1740.0106
2018-06-11 19:00:00,1734.0,1730.1703
2018-06-11 20:00:00,1642.0,1684.9235
2018-06-11 21:00:00,1573.0,1607.2024
2018-06-11 22:00:00,1558.0,1468.0804
2018-06-11 23:00:00,1383.0,1379.3314
2018-06-12 00:00:00,1234.0,1242.8981
2018-06-12 01:00:00,1159.0,1147.4885
2018-06-12 02:00:00,1128.0,1093.262
2018-06-12 03:00:00,1106.0,1087.9592
2018-06-12 04:00:00,1116.0,1108.7654
2018-06-12 05:00:00,1160.0,1154.9899
2018-06-12 06:00:00,1208.0,1233.1212
2018-06-12 07:00:00,1300.0,1260.0542
2018-06-12 08:00:00,1329.0,1353.3137
2018-06-12 09:00:00,1384.0,1400.005
2018-06-12 10:00:00,1467.0,1458.4347
2018-06-12 11:00:00,1563.0,1542.3453
2018-06-12 12:00:00,1666.0,1634.8276
2018-06-12 13:00:00,1729.0,1740.9403
2018-06-12 14:00:00,1794.0,1772.0321
2018-06-12 15:00:00,1808.0,1842.7651
2018-06-12 16:00:00,1847.0,1854.759
2018-06-12 17:00:00,1895.0,1871.0613
2018-06-12 18:00:00,1857.0,1896.4846
2018-06-12 19:00:00,1832.0,1806.0928
2018-06-12 20:00:00,1751.0,1775.0872
2018-06-12 21:00:00,1730.0,1722.1082
2018-06-12 22:00:00,1492.0,1602.3658
2018-06-12 23:00:00,1393.0,1335.7874
2018-06-13 00:00:00,1298.0,1250.541
2018-06-13 01:00:00,1180.0,1192.3574
2018-06-13 02:00:00,1132.0,1113.4259
2018-06-13 03:00:00,1109.0,1091.053
2018-06-13 04:00:00,1127.0,1098.3347
2018-06-13 05:00:00,1169.0,1149.9636
2018-06-13 06:00:00,1225.0,1248.0336
2018-06-13 07:00:00,1283.0,1279.6136
2018-06-13 08:00:00,1357.0,1336.1185
2018-06-13 09:00:00,1447.0,1444.4403
2018-06-13 10:00:00,1513.0,1548.5377
2018-06-13 11:00:00,1619.0,1613.4852
2018-06-13 12:00:00,1681.0,1702.3082
2018-06-13 13:00:00,1764.0,1739.9774
2018-06-13 14:00:00,1825.0,1823.5302
2018-06-13 15:00:00,1921.0,1886.1066
2018-06-13 16:00:00,1981.0,1975.205
2018-06-13 17:00:00,2021.0,1978.8038
2018-06-13 18:00:00,2018.0,1986.4115
2018-06-13 19:00:00,1977.0,1949.684
2018-06-13 20:00:00,1873.0,1890.5603
2018-06-13 21:00:00,1852.0,1818.0974
2018-06-13 22:00:00,1725.0,1711.8427
2018-06-13 23:00:00,1450.0,1551.1644
2018-06-14 00:00:00,1393.0,1326.2625
2018-06-14 01:00:00,1251.0,1271.8265
2018-06-14 02:00:00,1197.0,1200.4205
2018-06-14 03:00:00,1143.0,1144.7274
2018-06-14 04:00:00,1114.0,1127.4672
2018-06-14 05:00:00,1200.0,1143.1094
2018-06-14 06:00:00,1198.0,1277.8185
2018-06-14 07:00:00,1315.0,1264.7245
2018-06-14 08:00:00,1374.0,1399.623
2018-06-14 09:00:00,1506.0,1463.7911
2018-06-14 10:00:00,1547.0,1636.4932
2018-06-14 11:00:00,1710.0,1682.1273
2018-06-14 12:00:00,1787.0,1827.4015
2018-06-14 13:00:00,1880.0,1890.1094
2018-06-14 14:00:00,1933.0,1938.3691
2018-06-14 15:00:00,1976.0,1965.6559
2018-06-14 16:00:00,2036.0,1983.0635
2018-06-14 17:00:00,2054.0,2067.595
2018-06-14 18:00:00,2041.0,2043.3523
2018-06-14 19:00:00,1983.0,1987.8871
2018-06-14 20:00:00,1867.0,1920.4099
2018-06-14 21:00:00,1770.0,1812.3345
2018-06-14 22:00:00,1599.0,1656.2467
2018-06-14 23:00:00,1389.0,1413.0476
2018-06-15 00:00:00,1223.0,1264.7524
2018-06-15 01:00:00,1202.0,1147.8766
2018-06-15 02:00:00,1097.0,1130.6002
2018-06-15 03:00:00,1101.0,1089.5548
2018-06-15 04:00:00,1085.0,1110.6798
2018-06-15 05:00:00,1097.0,1129.9352
2018-06-15 06:00:00,1082.0,1149.078
2018-06-15 07:00:00,1184.0,1140.8055
2018-06-15 08:00:00,1291.0,1254.8191
2018-06-15 09:00:00,1370.0,1404.2047
2018-06-15 10:00:00,1476.0,1484.066
2018-06-15 11:00:00,1604.0,1583.3792
2018-06-15 12:00:00,1627.0,1724.3336
2018-06-15 13:00:00,1775.0,1694.5449
2018-06-15 14:00:00,1879.0,1814.3734
2018-06-15 15:00:00,1950.0,1911.0927
2018-06-15 16:00:00,2000.0,1955.2684
2018-06-15 17:00:00,2035.0,2016.3452
2018-06-15 18:00:00,2039.0,2014.2178
2018-06-15 19:00:00,1948.0,1983.7649
2018-06-15 20:00:00,1875.0,1864.9619
2018-06-15 21:00:00,1825.0,1816.6217
2018-06-15 22:00:00,1705.0,1701.9171
2018-06-15 23:00:00,1471.0,1542.9196
2018-06-16 00:00:00,1329.0,1330.7783
2018-06-16 01:00:00,1232.0,1228.6123
2018-06-16 02:00:00,1161.0,1144.726
2018-06-16 03:00:00,1068.0,1101.0027
2018-06-16 04:00:00,1078.0,1044.1044
2018-06-16 05:00:00,1061.0,1062.192
2018-06-16 06:00:00,1082.0,1078.425
2018-06-16 07:00:00,1152.0,1150.4187
2018-06-16 08:00:00,1284.0,1264.4833
2018-06-16 09:00:00,1438.0,1427.9202
2018-06-16 10:00:00,1582.0,1565.4343
2018-06-16 11:00:00,1607.0,1703.6937
2018-06-16 12:00:00,1744.0,1683.5743
2018-06-16 13:00:00,1824.0,1814.2776
2018-06-16 14:00:00,1907.0,1894.3634
2018-06-16 15:00:00,1972.0,1946.3431
2018-06-16 16:00:00,2069.0,1978.056
2018-06-16 17:00:00,2110.0,2088.1191
2018-06-16 18:00:00,2091.0,2079.2788
2018-06-16 19:00:00,2034.0,2017.0675
2018-06-16 20:00:00,1960.0,1939.9658
2018-06-16 21:00:00,1906.0,1893.5948
2018-06-16 22:00:00,1761.0,1791.158
2018-06-16 23:00:00,1606.0,1600.0304
2018-06-17 00:00:00,1449.0,1444.6084
2018-06-17 01:00:00,1284.0,1341.9752
2018-06-17 02:00:00,1222.0,1233.5016
2018-06-17 03:00:00,1155.0,1158.5961
2018-06-17 04:00:00,1125.0,1130.5333
2018-06-17 05:00:00,1106.0,1102.1517
2018-06-17 06:00:00,1074.0,1129.5098
2018-06-17 07:00:00,1141.0,1130.7078
2018-06-17 08:00:00,1340.0,1264.4485
2018-06-17 09:00:00,1506.0,1465.7239
2018-06-17 10:00:00,1668.0,1650.664
2018-06-17 11:00:00,1759.0,1786.1642
2018-06-17 12:00:00,1953.0,1895.9777
2018-06-17 13:00:00,2076.0,1987.9395
2018-06-17 14:00:00,2115.0,2120.459
2018-06-17 15:00:00,2180.0,2143.7034
2018-06-17 16:00:00,2228.0,2192.451
2018-06-17 17:00:00,2242.0,2224.233
2018-06-17 18:00:00,2205.0,2187.957
2018-06-17 19:00:00,2183.0,2139.0369
2018-06-17 20:00:00,2124.0,2108.4077
2018-06-17 21:00:00,1989.0,2047.4535
2018-06-17 22:00:00,1930.0,1858.712
2018-06-17 23:00:00,1674.0,1725.0044
2018-06-18 00:00:00,1495.0,1506.9127
2018-06-18 01:00:00,1410.0,1367.1152
2018-06-18 02:00:00,1331.0,1305.3297
2018-06-18 03:00:00,1315.0,1273.0906
2018-06-18 04:00:00,1281.0,1280.916
2018-06-18 05:00:00,1312.0,1300.9689
2018-06-18 06:00:00,1354.0,1359.0347
2018-06-18 07:00:00,1452.0,1395.3174
2018-06-18 08:00:00,1548.0,1549.832
2018-06-18 09:00:00,1701.0,1687.3464
2018-06-18 10:00:00,1843.0,1850.2878
2018-06-18 11:00:00,2004.0,1974.498
2018-06-18 12:00:00,2095.0,2037.3496
2018-06-18 13:00:00,2224.0,2120.9573
2018-06-18 14:00:00,2254.0,2233.7053
2018-06-18 15:00:00,2338.0,2257.3164
2018-06-18 16:00:00,2332.0,2265.6057
2018-06-18 17:00:00,2351.0,2319.0017
2018-06-18 18:00:00,2326.0,2290.443
2018-06-18 19:00:00,2301.0,2277.7957
2018-06-18 20:00:00,2209.0,2230.9856
2018-06-18 21:00:00,2137.0,2125.072
2018-06-18 22:00:00,1998.0,2021.9769
2018-06-18 23:00:00,1780.0,1826.54
2018-06-19 00:00:00,1617.0,1619.8424
2018-06-19 01:00:00,1500.0,1487.8102
2018-06-19 02:00:00,1412.0,1404.8723
2018-06-19 03:00:00,1366.0,1383.4918
2018-06-19 04:00:00,1338.0,1329.2484
2018-06-19 05:00:00,1357.0,1352.7393
2018-06-19 06:00:00,1314.0,1389.6946
2018-06-19 07:00:00,1405.0,1353.8055
2018-06-19 08:00:00,1553.0,1472.8313
2018-06-19 09:00:00,1715.0,1688.1104
2018-06-19 10:00:00,1879.0,1841.3921
2018-06-19 11:00:00,1991.0,1983.515
2018-06-19 12:00:00,2079.0,2020.7224
2018-06-19 13:00:00,2126.0,2118.4148
2018-06-19 14:00:00,2184.0,2126.3916
2018-06-19 15:00:00,2198.0,2193.3228
2018-06-19 16:00:00,2228.0,2220.0178
2018-06-19 17:00:00,2238.0,2229.308
2018-06-19 18:00:00,2247.0,2212.0515
2018-06-19 19:00:00,2155.0,2183.5874
2018-06-19 20:00:00,2098.0,2102.7205
2018-06-19 21:00:00,2040.0,2027.4352
2018-06-19 22:00:00,1925.0,1927.55
2018-06-19 23:00:00,1708.0,1730.8407
2018-06-20 00:00:00,1546.0,1569.0863
2018-06-20 01:00:00,1428.0,1422.5525
2018-06-20 02:00:00,1286.0,1354.9095
2018-06-20 03:00:00,1242.0,1273.4054
2018-06-20 04:00:00,1235.0,1229.2268
2018-06-20 05:00:00,1260.0,1260.2448
2018-06-20 06:00:00,1345.0,1337.3428
2018-06-20 07:00:00,1444.0,1413.7687
2018-06-20 08:00:00,1490.0,1542.8193
2018-06-20 09:00:00,1634.0,1631.4983
2018-06-20 10:00:00,1765.0,1781.6956
2018-06-20 11:00:00,1906.0,1903.037
2018-06-20 12:00:00,2004.0,1993.3898
2018-06-20 13:00:00,2046.0,2033.3323
2018-06-20 14:00:00,2070.0,2070.737
2018-06-20 15:00:00,2095.0,2089.4893
2018-06-20 16:00:00,2115.0,2108.0366
2018-06-20 17:00:00,2089.0,2128.7898
2018-06-20 18:00:00,2090.0,2070.3704
2018-06-20 19:00:00,2006.0,1992.5442
2018-06-20 20:00:00,1934.0,1918.5394
2018-06-20 21:00:00,1905.0,1893.6909
2018-06-20 22:00:00,1796.0,1766.2561
2018-06-20 23:00:00,1610.0,1599.9564
2018-06-21 00:00:00,1464.0,1481.67
2018-06-21 01:00:00,1348.0,1350.4823
2018-06-21 02:00:00,1263.0,1268.7668
2018-06-21 03:00:00,1262.0,1219.354
2018-06-21 04:00:00,1258.0,1245.4049
2018-06-21 05:00:00,1290.0,1301.6617
2018-06-21 06:00:00,1370.0,1362.1635
2018-06-21 07:00:00,1419.0,1427.2778
2018-06-21 08:00:00,1464.0,1495.2726
2018-06-21 09:00:00,1514.0,1572.2643
2018-06-21 10:00:00,1545.0,1611.2772
2018-06-21 11:00:00,1590.0,1635.2915
2018-06-21 12:00:00,1599.0,1649.0857
2018-06-21 13:00:00,1629.0,1641.6276
2018-06-21 14:00:00,1675.0,1644.7258
2018-06-21 15:00:00,1693.0,1705.4302
2018-06-21 16:00:00,1740.0,1746.3132
2018-06-21 17:00:00,1801.0,1797.3138
2018-06-21 18:00:00,1818.0,1814.7273
2018-06-21 19:00:00,1805.0,1784.1028
2018-06-21 20:00:00,1759.0,1746.1381
2018-06-21 21:00:00,1744.0,1720.615
2018-06-21 22:00:00,1632.0,1642.6965
2018-06-21 23:00:00,1486.0,1487.7561
2018-06-22 00:00:00,1380.0,1394.796
2018-06-22 01:00:00,1284.0,1309.527
2018-06-22 02:00:00,1205.0,1238.4178
2018-06-22 03:00:00,1170.0,1159.7135
2018-06-22 04:00:00,1172.0,1157.6069
2018-06-22 05:00:00,1208.0,1202.011
2018-06-22 06:00:00,1280.0,1295.6349
2018-06-22 07:00:00,1345.0,1352.7355
2018-06-22 08:00:00,1419.0,1392.1691
2018-06-22 09:00:00,1505.0,1505.4397
2018-06-22 10:00:00,1577.0,1593.8057
2018-06-22 11:00:00,1650.0,1632.8762
2018-06-22 12:00:00,1702.0,1700.8458
2018-06-22 13:00:00,1752.0,1749.1157
2018-06-22 14:00:00,1752.0,1794.1466
2018-06-22 15:00:00,1743.0,1779.3923
2018-06-22 16:00:00,1659.0,1750.1251
2018-06-22 17:00:00,1640.0,1675.5675
2018-06-22 18:00:00,1679.0,1610.3425
2018-06-22 19:00:00,1650.0,1627.7335
2018-06-22 20:00:00,1597.0,1614.281
2018-06-22 21:00:00,1563.0,1583.249
2018-06-22 22:00:00,1502.0,1494.9045
2018-06-22 23:00:00,1369.0,1411.1478
2018-06-23 00:00:00,1264.0,1271.5696
2018-06-23 01:00:00,1155.0,1183.593
2018-06-23 02:00:00,1099.0,1093.141
2018-06-23 03:00:00,1059.0,1062.7799
2018-06-23 04:00:00,1061.0,1037.5054
2018-06-23 05:00:00,1064.0,1055.4655
2018-06-23 06:00:00,1068.0,1099.4714
2018-06-23 07:00:00,1106.0,1139.1746
2018-06-23 08:00:00,1210.0,1194.2339
2018-06-23 09:00:00,1308.0,1327.707
2018-06-23 10:00:00,1427.0,1403.7391
2018-06-23 11:00:00,1514.0,1506.8455
2018-06-23 12:00:00,1577.0,1598.3524
2018-06-23 13:00:00,1628.0,1624.105
2018-06-23 14:00:00,1678.0,1646.9104
2018-06-23 15:00:00,1746.0,1691.5106
2018-06-23 16:00:00,1792.0,1776.5273
2018-06-23 17:00:00,1784.0,1826.1306
2018-06-23 18:00:00,1787.0,1765.1559
2018-06-23 19:00:00,1771.0,1713.6643
2018-06-23 20:00:00,1699.0,1696.4117
2018-06-23 21:00:00,1676.0,1666.8644
2018-06-23 22:00:00,1572.0,1578.0967
2018-06-23 23:00:00,1436.0,1436.5078
2018-06-24 00:00:00,1270.0,1283.3553
2018-06-24 01:00:00,1198.0,1179.4097
2018-06-24 02:00:00,1150.0,1118.0048
2018-06-24 03:00:00,1091.0,1104.7621
2018-06-24 04:00:00,1065.0,1082.785
2018-06-24 05:00:00,1059.0,1060.558
2018-06-24 06:00:00,1098.0,1061.9767
2018-06-24 07:00:00,1076.0,1154.9786
2018-06-24 08:00:00,1167.0,1194.2836
2018-06-24 09:00:00,1393.0,1279.638
2018-06-24 10:00:00,1537.0,1485.6635
2018-06-24 11:00:00,1624.0,1643.4955
2018-06-24 12:00:00,1717.0,1700.4065
2018-06-24 13:00:00,1824.0,1780.9625
2018-06-24 14:00:00,1889.0,1875.4961
2018-06-24 15:00:00,1956.0,1949.72
2018-06-24 16:00:00,1981.0,1959.299
2018-06-24 17:00:00,1976.0,1992.8584
2018-06-24 18:00:00,1936.0,1943.9952
2018-06-24 19:00:00,1927.0,1856.7361
2018-06-24 20:00:00,1819.0,1819.3652
2018-06-24 21:00:00,1778.0,1772.5483
2018-06-24 22:00:00,1692.0,1652.0667
2018-06-24 23:00:00,1528.0,1531.7928
2018-06-25 00:00:00,1381.0,1367.0154
2018-06-25 01:00:00,1292.0,1258.3727
2018-06-25 02:00:00,1213.0,1214.8284
2018-06-25 03:00:00,1170.0,1153.5521
2018-06-25 04:00:00,1103.0,1157.081
2018-06-25 05:00:00,1155.0,1152.3461
2018-06-25 06:00:00,1290.0,1203.1702
2018-06-25 07:00:00,1345.0,1339.1975
2018-06-25 08:00:00,1384.0,1413.7301
2018-06-25 09:00:00,1404.0,1475.6902
2018-06-25 10:00:00,1506.0,1485.628
2018-06-25 11:00:00,1546.0,1617.3369
2018-06-25 12:00:00,1600.0,1659.4354
2018-06-25 13:00:00,1547.0,1667.2714
2018-06-25 14:00:00,1550.0,1568.587
2018-06-25 15:00:00,1612.0,1543.578
2018-06-25 16:00:00,1616.0,1654.9296
2018-06-25 17:00:00,1683.0,1654.2372
2018-06-25 18:00:00,1766.0,1677.0546
2018-06-25 19:00:00,1770.0,1747.7506
2018-06-25 20:00:00,1707.0,1739.1636
2018-06-25 21:00:00,1623.0,1665.0918
2018-06-25 22:00:00,1564.0,1518.9315
2018-06-25 23:00:00,1411.0,1425.136
2018-06-26 00:00:00,1295.0,1319.9937
2018-06-26 01:00:00,1236.0,1214.0834
2018-06-26 02:00:00,1179.0,1162.7771
2018-06-26 03:00:00,1180.0,1142.9639
2018-06-26 04:00:00,1196.0,1174.7505
2018-06-26 05:00:00,1225.0,1248.1897
2018-06-26 06:00:00,1298.0,1328.0883
2018-06-26 07:00:00,1364.0,1347.725
2018-06-26 08:00:00,1411.0,1405.085
2018-06-26 09:00:00,1462.0,1462.3197
2018-06-26 10:00:00,1518.0,1521.8226
2018-06-26 11:00:00,1603.0,1548.9836
2018-06-26 12:00:00,1716.0,1643.3574
2018-06-26 13:00:00,1690.0,1768.8148
2018-06-26 14:00:00,1616.0,1700.8624
2018-06-26 15:00:00,1547.0,1604.4122
2018-06-26 16:00:00,1543.0,1547.692
2018-06-26 17:00:00,1531.0,1555.2413
2018-06-26 18:00:00,1578.0,1538.452
2018-06-26 19:00:00,1581.0,1556.1515
2018-06-26 20:00:00,1558.0,1560.4414
2018-06-26 21:00:00,1564.0,1541.584
2018-06-26 22:00:00,1484.0,1479.6
2018-06-26 23:00:00,1271.0,1367.5785
2018-06-27 00:00:00,1219.0,1176.7096
2018-06-27 01:00:00,1175.0,1128.6434
2018-06-27 02:00:00,1113.0,1161.2809
2018-06-27 03:00:00,1015.0,1109.9642
2018-06-27 04:00:00,1086.0,1029.6342
2018-06-27 05:00:00,1178.0,1113.1273
2018-06-27 06:00:00,1255.0,1276.3007
2018-06-27 07:00:00,1290.0,1290.999
2018-06-27 08:00:00,1334.0,1319.0593
2018-06-27 09:00:00,1394.0,1381.5754
2018-06-27 10:00:00,1493.0,1450.5544
2018-06-27 11:00:00,1571.0,1553.6702
2018-06-27 12:00:00,1656.0,1611.8699
2018-06-27 13:00:00,1671.0,1681.4705
2018-06-27 14:00:00,1655.0,1699.6075
2018-06-27 15:00:00,1662.0,1656.666
2018-06-27 16:00:00,1732.0,1675.9819
2018-06-27 17:00:00,1749.0,1753.7833
2018-06-27 18:00:00,1766.0,1746.7566
2018-06-27 19:00:00,1768.0,1731.7509
2018-06-27 20:00:00,1724.0,1725.4779
2018-06-27 21:00:00,1711.0,1695.1622
2018-06-27 22:00:00,1602.0,1601.2178
2018-06-27 23:00:00,1438.0,1425.0884
2018-06-28 00:00:00,1318.0,1313.5482
2018-06-28 01:00:00,1229.0,1195.6711
2018-06-28 02:00:00,1190.0,1152.7131
2018-06-28 03:00:00,1140.0,1136.8036
2018-06-28 04:00:00,1143.0,1131.4435
2018-06-28 05:00:00,1191.0,1185.8762
2018-06-28 06:00:00,1191.0,1277.7411
2018-06-28 07:00:00,1260.0,1262.5463
2018-06-28 08:00:00,1314.0,1322.8828
2018-06-28 09:00:00,1415.0,1398.4504
2018-06-28 10:00:00,1545.0,1507.711
2018-06-28 11:00:00,1633.0,1632.8976
2018-06-28 12:00:00,1756.0,1697.5945
2018-06-28 13:00:00,1818.0,1809.7042
2018-06-28 14:00:00,1974.0,1878.0806
2018-06-28 15:00:00,1998.0,1994.7229
2018-06-28 16:00:00,2044.0,1993.9048
2018-06-28 17:00:00,2114.0,2071.8396
2018-06-28 18:00:00,2137.0,2093.395
2018-06-28 19:00:00,2065.0,2094.7178
2018-06-28 20:00:00,1954.0,1984.201
2018-06-28 21:00:00,1873.0,1906.6089
2018-06-28 22:00:00,1743.0,1741.3907
2018-06-28 23:00:00,1545.0,1551.3046
2018-06-29 00:00:00,1444.0,1393.1688
2018-06-29 01:00:00,1322.0,1315.1996
2018-06-29 02:00:00,1197.0,1256.1199
2018-06-29 03:00:00,1182.0,1145.7161
2018-06-29 04:00:00,1213.0,1141.696
2018-06-29 05:00:00,1275.0,1258.1517
2018-06-29 06:00:00,1316.0,1347.367
2018-06-29 07:00:00,1392.0,1373.7255
2018-06-29 08:00:00,1484.0,1471.4668
2018-06-29 09:00:00,1567.0,1599.4213
2018-06-29 10:00:00,1701.0,1687.807
2018-06-29 11:00:00,1802.0,1827.2365
2018-06-29 12:00:00,1912.0,1909.2278
2018-06-29 13:00:00,2043.0,1983.7633
2018-06-29 14:00:00,2074.0,2080.198
2018-06-29 15:00:00,2056.0,2103.898
2018-06-29 16:00:00,2107.0,2082.9033
2018-06-29 17:00:00,2247.0,2112.2217
2018-06-29 18:00:00,2217.0,2219.6914
2018-06-29 19:00:00,2186.0,2164.2415
2018-06-29 20:00:00,2080.0,2101.0144
2018-06-29 21:00:00,2007.0,2018.8055
2018-06-29 22:00:00,1854.0,1880.3945
2018-06-29 23:00:00,1672.0,1646.9502
2018-06-30 00:00:00,1499.0,1506.9042
2018-06-30 01:00:00,1357.0,1380.7217
2018-06-30 02:00:00,1239.0,1270.4937
2018-06-30 03:00:00,1171.0,1191.2285
2018-06-30 04:00:00,1129.0,1133.514
2018-06-30 05:00:00,1073.0,1121.3148
2018-06-30 06:00:00,1104.0,1102.3176
2018-06-30 07:00:00,1195.0,1136.6661
2018-06-30 08:00:00,1342.0,1311.2327
2018-06-30 09:00:00,1543.0,1504.1707
2018-06-30 10:00:00,1741.0,1688.508
2018-06-30 11:00:00,1896.0,1869.9564
2018-06-30 12:00:00,2043.0,1999.6466
2018-06-30 13:00:00,2099.0,2107.4333
2018-06-30 14:00:00,2168.0,2135.2693
2018-06-30 15:00:00,2188.0,2178.2322
2018-06-30 16:00:00,2208.0,2191.3494
2018-06-30 17:00:00,2211.0,2203.3037
2018-06-30 18:00:00,2158.0,2163.4346
2018-06-30 19:00:00,2153.0,2085.2488
2018-06-30 20:00:00,2073.0,2063.553
2018-06-30 21:00:00,2025.0,2014.1794
2018-06-30 22:00:00,1903.0,1904.8313
2018-06-30 23:00:00,1729.0,1711.889
2018-07-01 00:00:00,1548.0,1547.2167
2018-07-01 01:00:00,1436.0,1417.9915
2018-07-01 02:00:00,1343.0,1342.283
2018-07-01 03:00:00,1286.0,1279.9727
2018-07-01 04:00:00,1211.0,1233.0371
2018-07-01 05:00:00,1192.0,1193.7692
2018-07-01 06:00:00,1181.0,1186.2534
2018-07-01 07:00:00,1262.0,1197.626
2018-07-01 08:00:00,1460.0,1374.398
2018-07-01 09:00:00,1642.0,1612.9932
2018-07-01 10:00:00,1790.0,1787.4407
2018-07-01 11:00:00,1928.0,1888.7678
2018-07-01 12:00:00,2041.0,1985.8801
2018-07-01 13:00:00,2111.0,2076.9558
2018-07-01 14:00:00,2132.0,2096.8694
2018-07-01 15:00:00,2046.0,2142.6782
2018-07-01 16:00:00,2044.0,2042.2327
2018-07-01 17:00:00,2040.0,2043.8195
2018-07-01 18:00:00,1976.0,2013.6661
2018-07-01 19:00:00,1983.0,1905.3735
2018-07-01 20:00:00,1916.0,1899.249
2018-07-01 21:00:00,1862.0,1838.0013
2018-07-01 22:00:00,1788.0,1746.89
2018-07-01 23:00:00,1596.0,1620.6154
2018-07-02 00:00:00,1442.0,1476.8882
2018-07-02 01:00:00,1366.0,1332.122
2018-07-02 02:00:00,1268.0,1276.8276
2018-07-02 03:00:00,1233.0,1229.386
2018-07-02 04:00:00,1207.0,1204.3147
2018-07-02 05:00:00,1253.0,1231.6471
2018-07-02 06:00:00,1270.0,1301.3157
2018-07-02 07:00:00,1394.0,1324.406
2018-07-02 08:00:00,1495.0,1452.0476
2018-07-02 09:00:00,1636.0,1617.591
2018-07-02 10:00:00,1782.0,1761.6981
2018-07-02 11:00:00,1931.0,1883.1277
2018-07-02 12:00:00,2002.0,1985.8486
2018-07-02 13:00:00,2082.0,2015.1665
2018-07-02 14:00:00,2099.0,2087.8718
2018-07-02 15:00:00,2155.0,2117.0618
2018-07-02 16:00:00,2149.0,2161.5103
2018-07-02 17:00:00,2117.0,2157.8113
2018-07-02 18:00:00,2113.0,2063.469
2018-07-02 19:00:00,2009.0,2039.4875
2018-07-02 20:00:00,1957.0,1948.5697
2018-07-02 21:00:00,1893.0,1908.7777
2018-07-02 22:00:00,1781.0,1741.1923
2018-07-02 23:00:00,1615.0,1594.8247
2018-07-03 00:00:00,1453.0,1461.357
2018-07-03 01:00:00,1338.0,1332.7717
2018-07-03 02:00:00,1270.0,1251.791
2018-07-03 03:00:00,1226.0,1214.4508
2018-07-03 04:00:00,1202.0,1209.2599
2018-07-03 05:00:00,1252.0,1232.9034
2018-07-03 06:00:00,1285.0,1320.3586
2018-07-03 07:00:00,1284.0,1343.7039
2018-07-03 08:00:00,1331.0,1352.5675
2018-07-03 09:00:00,1534.0,1424.2777
2018-07-03 10:00:00,1681.0,1647.6675
2018-07-03 11:00:00,1827.0,1793.9984
2018-07-03 12:00:00,1946.0,1935.5677
2018-07-03 13:00:00,2046.0,1980.2671
2018-07-03 14:00:00,2096.0,2092.2214
2018-07-03 15:00:00,2085.0,2136.971
2018-07-03 16:00:00,2090.0,2105.9915
2018-07-03 17:00:00,2084.0,2078.1633
2018-07-03 18:00:00,2105.0,2039.5251
2018-07-03 19:00:00,2048.0,2017.9495
2018-07-03 20:00:00,1988.0,1956.7158
2018-07-03 21:00:00,1927.0,1943.316
2018-07-03 22:00:00,1839.0,1776.0338
2018-07-03 23:00:00,1677.0,1648.7048
2018-07-04 00:00:00,1545.0,1535.0413
2018-07-04 01:00:00,1439.0,1415.3937
2018-07-04 02:00:00,1327.0,1334.0076
2018-07-04 03:00:00,1264.0,1279.1187
2018-07-04 04:00:00,1233.0,1236.8484
2018-07-04 05:00:00,1187.0,1256.2115
2018-07-04 06:00:00,1121.0,1238.7866
2018-07-04 07:00:00,1246.0,1150.4287
2018-07-04 08:00:00,1436.0,1302.3672
2018-07-04 09:00:00,1664.0,1559.2006
2018-07-04 10:00:00,1901.0,1790.1807
2018-07-04 11:00:00,2093.0,1982.2297
2018-07-04 12:00:00,2201.0,2144.4944
2018-07-04 13:00:00,2253.0,2223.8167
2018-07-04 14:00:00,2332.0,2260.2783
2018-07-04 15:00:00,2349.0,2325.8633
2018-07-04 16:00:00,2359.0,2348.5945
2018-07-04 17:00:00,2291.0,2383.692
2018-07-04 18:00:00,2363.0,2299.541
2018-07-04 19:00:00,2240.0,2300.5972
2018-07-04 20:00:00,2170.0,2192.9482
2018-07-04 21:00:00,2051.0,2051.0647
2018-07-04 22:00:00,1993.0,1914.3536
2018-07-04 23:00:00,1825.0,1814.0051
2018-07-05 00:00:00,1641.0,1717.4298
2018-07-05 01:00:00,1547.0,1537.2604
2018-07-05 02:00:00,1430.0,1464.0309
2018-07-05 03:00:00,1397.0,1393.8444
2018-07-05 04:00:00,1355.0,1363.0873
2018-07-05 05:00:00,1347.0,1357.2134
2018-07-05 06:00:00,1406.0,1370.4448
2018-07-05 07:00:00,1437.0,1446.7921
2018-07-05 08:00:00,1616.0,1521.7747
2018-07-05 09:00:00,1749.0,1740.0323
2018-07-05 10:00:00,1896.0,1880.8712
2018-07-05 11:00:00,2058.0,1988.2843
2018-07-05 12:00:00,2227.0,2095.9255
2018-07-05 13:00:00,2285.0,2235.3748
2018-07-05 14:00:00,2330.0,2276.547
2018-07-05 15:00:00,2336.0,2344.8599
2018-07-05 16:00:00,2347.0,2360.546
2018-07-05 17:00:00,2345.0,2375.9395
2018-07-05 18:00:00,2307.0,2364.7961
2018-07-05 19:00:00,2101.0,2258.2869
2018-07-05 20:00:00,2087.0,2022.3125
2018-07-05 21:00:00,2024.0,1983.8234
2018-07-05 22:00:00,1882.0,1903.0509
2018-07-05 23:00:00,1722.0,1718.425
2018-07-06 00:00:00,1563.0,1580.0677
2018-07-06 01:00:00,1432.0,1453.695
2018-07-06 02:00:00,1368.0,1395.1582
2018-07-06 03:00:00,1316.0,1326.2646
2018-07-06 04:00:00,1267.0,1301.7943
2018-07-06 05:00:00,1307.0,1306.1819
2018-07-06 06:00:00,1365.0,1338.0837
2018-07-06 07:00:00,1354.0,1415.6278
2018-07-06 08:00:00,1419.0,1447.8734
2018-07-06 09:00:00,1515.0,1532.1327
2018-07-06 10:00:00,1607.0,1643.5424
2018-07-06 11:00:00,1727.0,1726.7489
2018-07-06 12:00:00,1843.0,1848.3069
2018-07-06 13:00:00,1946.0,1921.3059
2018-07-06 14:00:00,1875.0,1937.1818
2018-07-06 15:00:00,1868.0,1877.7543
2018-07-06 16:00:00,1805.0,1853.5715
2018-07-06 17:00:00,1789.0,1784.3295
2018-07-06 18:00:00,1829.0,1734.4349
2018-07-06 19:00:00,1755.0,1767.6427
2018-07-06 20:00:00,1667.0,1708.1882
2018-07-06 21:00:00,1645.0,1635.5067
2018-07-06 22:00:00,1582.0,1550.8071
2018-07-06 23:00:00,1444.0,1489.0728
2018-07-07 00:00:00,1310.0,1334.3284
2018-07-07 01:00:00,1194.0,1241.5594
2018-07-07 02:00:00,1135.0,1138.0276
2018-07-07 03:00:00,1082.0,1092.2957
2018-07-07 04:00:00,1072.0,1091.3813
2018-07-07 05:00:00,1005.0,1067.2036
2018-07-07 06:00:00,1032.0,1041.3419
2018-07-07 07:00:00,1095.0,1061.0282
2018-07-07 08:00:00,1197.0,1214.864
2018-07-07 09:00:00,1294.0,1334.0698
2018-07-07 10:00:00,1381.0,1423.9744
2018-07-07 11:00:00,1499.0,1465.8658
2018-07-07 12:00:00,1555.0,1578.6003
2018-07-07 13:00:00,1555.0,1629.1302
2018-07-07 14:00:00,1616.0,1570.5918
2018-07-07 15:00:00,1723.0,1637.3322
2018-07-07 16:00:00,1772.0,1763.6572
2018-07-07 17:00:00,1804.0,1816.5537
2018-07-07 18:00:00,1796.0,1798.0391
2018-07-07 19:00:00,1742.0,1729.4847
2018-07-07 20:00:00,1641.0,1682.0442
2018-07-07 21:00:00,1576.0,1605.134
2018-07-07 22:00:00,1473.0,1498.2524
2018-07-07 23:00:00,1344.0,1348.6366
2018-07-08 00:00:00,1192.0,1235.7711
2018-07-08 01:00:00,1072.0,1090.8672
2018-07-08 02:00:00,1007.0,1019.6556
2018-07-08 03:00:00,963.0,972.91766
2018-07-08 04:00:00,919.0,949.51764
2018-07-08 05:00:00,941.0,936.97736
2018-07-08 06:00:00,982.0,942.60486
2018-07-08 07:00:00,1057.0,1028.7351
2018-07-08 08:00:00,1186.0,1182.4703
2018-07-08 09:00:00,1369.0,1312.421
2018-07-08 10:00:00,1507.0,1490.6475
2018-07-08 11:00:00,1652.0,1635.6284
2018-07-08 12:00:00,1766.0,1766.2134
2018-07-08 13:00:00,1853.0,1862.8008
2018-07-08 14:00:00,1940.0,1897.843
2018-07-08 15:00:00,2005.0,1983.1812
2018-07-08 16:00:00,2082.0,2036.3799
2018-07-08 17:00:00,2118.0,2117.1533
2018-07-08 18:00:00,2032.0,2119.8755
2018-07-08 19:00:00,1975.0,1973.7069
2018-07-08 20:00:00,1949.0,1906.4336
2018-07-08 21:00:00,1927.0,1900.8217
2018-07-08 22:00:00,1764.0,1801.3673
2018-07-08 23:00:00,1564.0,1598.9794
2018-07-09 00:00:00,1404.0,1412.3394
2018-07-09 01:00:00,1281.0,1287.7976
2018-07-09 02:00:00,1180.0,1207.5466
2018-07-09 03:00:00,1123.0,1132.6287
2018-07-09 04:00:00,1148.0,1118.8322
2018-07-09 05:00:00,1161.0,1186.3458
2018-07-09 06:00:00,1221.0,1234.945
2018-07-09 07:00:00,1284.0,1288.4119
2018-07-09 08:00:00,1393.0,1359.0144
2018-07-09 09:00:00,1521.0,1513.0112
2018-07-09 10:00:00,1669.0,1646.5356
2018-07-09 11:00:00,1842.0,1794.8507
2018-07-09 12:00:00,1933.0,1953.4441
2018-07-09 13:00:00,2052.0,2028.1451
2018-07-09 14:00:00,2051.0,2097.1838
2018-07-09 15:00:00,2191.0,2090.1897
2018-07-09 16:00:00,2253.0,2210.7712
2018-07-09 17:00:00,2297.0,2254.48
2018-07-09 18:00:00,2289.0,2277.8557
2018-07-09 19:00:00,2262.0,2270.5269
2018-07-09 20:00:00,2142.0,2235.5874
2018-07-09 21:00:00,2053.0,2078.443
2018-07-09 22:00:00,1903.0,1943.3821
2018-07-09 23:00:00,1694.0,1744.6874
2018-07-10 00:00:00,1528.0,1500.3298
2018-07-10 01:00:00,1375.0,1399.3518
2018-07-10 02:00:00,1286.0,1289.7938
2018-07-10 03:00:00,1179.0,1239.8052
2018-07-10 04:00:00,1221.0,1166.1206
2018-07-10 05:00:00,1169.0,1223.8857
2018-07-10 06:00:00,1213.0,1227.5634
2018-07-10 07:00:00,1350.0,1267.2086
2018-07-10 08:00:00,1422.0,1421.1395
2018-07-10 09:00:00,1588.0,1536.7677
2018-07-10 10:00:00,1690.0,1724.1588
2018-07-10 11:00:00,1863.0,1805.6394
2018-07-10 12:00:00,1952.0,1983.3082
2018-07-10 13:00:00,2034.0,1997.0546
2018-07-10 14:00:00,2080.0,2106.182
2018-07-10 15:00:00,2156.0,2119.3508
2018-07-10 16:00:00,2264.0,2177.449
2018-07-10 17:00:00,2312.0,2249.7383
2018-07-10 18:00:00,2309.0,2292.1145
2018-07-10 19:00:00,2252.0,2262.2012
2018-07-10 20:00:00,2151.0,2207.098
2018-07-10 21:00:00,2098.0,2098.8477
2018-07-10 22:00:00,1942.0,1980.7666
2018-07-10 23:00:00,1744.0,1758.1995
2018-07-11 00:00:00,1580.0,1560.5193
2018-07-11 01:00:00,1446.0,1441.0739
2018-07-11 02:00:00,1369.0,1356.5066
2018-07-11 03:00:00,1297.0,1310.2733
2018-07-11 04:00:00,1288.0,1259.9015
2018-07-11 05:00:00,1327.0,1294.4415
2018-07-11 06:00:00,1404.0,1353.514
2018-07-11 07:00:00,1424.0,1464.394
2018-07-11 08:00:00,1527.0,1503.7356
2018-07-11 09:00:00,1624.0,1663.5739
2018-07-11 10:00:00,1749.0,1776.0331
2018-07-11 11:00:00,1920.0,1875.4976
2018-07-11 12:00:00,1991.0,2009.2909
2018-07-11 13:00:00,2076.0,2022.0166
2018-07-11 14:00:00,2094.0,2129.9216
2018-07-11 15:00:00,2119.0,2122.9473
2018-07-11 16:00:00,2161.0,2131.5945
2018-07-11 17:00:00,2187.0,2143.7854
2018-07-11 18:00:00,2154.0,2174.1228
2018-07-11 19:00:00,2086.0,2093.4011
2018-07-11 20:00:00,1985.0,1968.025
2018-07-11 21:00:00,1884.0,1908.7803
2018-07-11 22:00:00,1758.0,1744.9974
2018-07-11 23:00:00,1578.0,1561.6875
2018-07-12 00:00:00,1437.0,1442.3855
2018-07-12 01:00:00,1304.0,1329.416
2018-07-12 02:00:00,1216.0,1269.6061
2018-07-12 03:00:00,1154.0,1174.2429
2018-07-12 04:00:00,1124.0,1123.0055
2018-07-12 05:00:00,1155.0,1136.7612
2018-07-12 06:00:00,1251.0,1197.5583
2018-07-12 07:00:00,1320.0,1295.2211
2018-07-12 08:00:00,1369.0,1398.8278
2018-07-12 09:00:00,1468.0,1492.3138
2018-07-12 10:00:00,1602.0,1580.6528
2018-07-12 11:00:00,1708.0,1718.3308
2018-07-12 12:00:00,1824.0,1823.4215
2018-07-12 13:00:00,1896.0,1915.4846
2018-07-12 14:00:00,1979.0,1948.4827
2018-07-12 15:00:00,2026.0,1985.8945
2018-07-12 16:00:00,2082.0,2042.6965
2018-07-12 17:00:00,2115.0,2100.376
2018-07-12 18:00:00,2073.0,2075.0327
2018-07-12 19:00:00,2041.0,1994.3663
2018-07-12 20:00:00,1925.0,1946.8488
2018-07-12 21:00:00,1862.0,1868.222
2018-07-12 22:00:00,1689.0,1723.525
2018-07-12 23:00:00,1536.0,1517.2125
2018-07-13 00:00:00,1354.0,1363.9222
2018-07-13 01:00:00,1245.0,1262.5203
2018-07-13 02:00:00,1140.0,1194.5759
2018-07-13 03:00:00,1111.0,1117.7554
2018-07-13 04:00:00,1083.0,1094.1814
2018-07-13 05:00:00,1151.0,1125.2806
2018-07-13 06:00:00,1205.0,1237.8932
2018-07-13 07:00:00,1275.0,1272.7078
2018-07-13 08:00:00,1360.0,1349.7191
2018-07-13 09:00:00,1451.0,1464.5051
2018-07-13 10:00:00,1576.0,1572.917
2018-07-13 11:00:00,1728.0,1710.6478
2018-07-13 12:00:00,1856.0,1851.9867
2018-07-13 13:00:00,1975.0,1967.3741
2018-07-13 14:00:00,2078.0,2014.0131
2018-07-13 15:00:00,2110.0,2126.254
2018-07-13 16:00:00,2184.0,2149.9883
2018-07-13 17:00:00,2221.0,2181.6704
2018-07-13 18:00:00,2207.0,2188.0
2018-07-13 19:00:00,2113.0,2146.3022
2018-07-13 20:00:00,2013.0,2016.3202
2018-07-13 21:00:00,1942.0,1938.8278
2018-07-13 22:00:00,1776.0,1811.4193
2018-07-13 23:00:00,1606.0,1602.3069
2018-07-14 00:00:00,1466.0,1438.6959
2018-07-14 01:00:00,1337.0,1324.6598
2018-07-14 02:00:00,1249.0,1273.5248
2018-07-14 03:00:00,1177.0,1187.5253
2018-07-14 04:00:00,1136.0,1152.447
2018-07-14 05:00:00,1129.0,1116.7123
2018-07-14 06:00:00,1139.0,1131.5479
2018-07-14 07:00:00,1224.0,1187.6981
2018-07-14 08:00:00,1355.0,1354.6385
2018-07-14 09:00:00,1517.0,1495.0675
2018-07-14 10:00:00,1700.0,1659.9397
2018-07-14 11:00:00,1838.0,1831.9255
2018-07-14 12:00:00,1949.0,1956.6829
2018-07-14 13:00:00,2026.0,2006.6636
2018-07-14 14:00:00,2083.0,2052.918
2018-07-14 15:00:00,2090.0,2124.9392
2018-07-14 16:00:00,2200.0,2107.6812
2018-07-14 17:00:00,2271.0,2222.1235
2018-07-14 18:00:00,2238.0,2251.4514
2018-07-14 19:00:00,2159.0,2172.3376
2018-07-14 20:00:00,2032.0,2090.1526
2018-07-14 21:00:00,1940.0,1945.8745
2018-07-14 22:00:00,1814.0,1809.1816
2018-07-14 23:00:00,1679.0,1610.0444
2018-07-15 00:00:00,1530.0,1502.6653
2018-07-15 01:00:00,1425.0,1390.493
2018-07-15 02:00:00,1354.0,1322.6967
2018-07-15 03:00:00,1300.0,1305.0023
2018-07-15 04:00:00,1251.0,1248.0701
2018-07-15 05:00:00,1250.0,1227.7684
2018-07-15 06:00:00,1255.0,1248.231
2018-07-15 07:00:00,1305.0,1307.9193
2018-07-15 08:00:00,1426.0,1417.3735
2018-07-15 09:00:00,1603.0,1565.4271
2018-07-15 10:00:00,1696.0,1760.518
2018-07-15 11:00:00,1799.0,1796.0881
2018-07-15 12:00:00,1867.0,1901.3484
2018-07-15 13:00:00,1911.0,1946.8538
2018-07-15 14:00:00,1873.0,1982.0817
2018-07-15 15:00:00,1861.0,1903.7406
2018-07-15 16:00:00,1913.0,1855.605
2018-07-15 17:00:00,1917.0,1931.3837
2018-07-15 18:00:00,1912.0,1902.2745
2018-07-15 19:00:00,1841.0,1858.9092
2018-07-15 20:00:00,1822.0,1794.9917
2018-07-15 21:00:00,1765.0,1761.9943
2018-07-15 22:00:00,1690.0,1662.1085
2018-07-15 23:00:00,1562.0,1534.3226
2018-07-16 00:00:00,1400.0,1460.3301
2018-07-16 01:00:00,1341.0,1307.5981
2018-07-16 02:00:00,1266.0,1275.1013
2018-07-16 03:00:00,1257.0,1226.547
2018-07-16 04:00:00,1241.0,1239.5417
2018-07-16 05:00:00,1297.0,1284.3389
2018-07-16 06:00:00,1386.0,1375.3193
2018-07-16 07:00:00,1441.0,1457.6526
2018-07-16 08:00:00,1535.0,1508.6475
2018-07-16 09:00:00,1599.0,1629.1215
2018-07-16 10:00:00,1713.0,1654.0941
2018-07-16 11:00:00,1815.0,1782.7648
2018-07-16 12:00:00,1855.0,1884.6351
2018-07-16 13:00:00,1887.0,1930.9949
2018-07-16 14:00:00,1950.0,1937.6012
2018-07-16 15:00:00,1981.0,1945.8473
2018-07-16 16:00:00,2041.0,2005.3745
2018-07-16 17:00:00,2050.0,2081.4277
2018-07-16 18:00:00,2085.0,2050.9263
2018-07-16 19:00:00,2070.0,2057.1216
2018-07-16 20:00:00,1981.0,2018.1523
2018-07-16 21:00:00,1929.0,1920.9108
2018-07-16 22:00:00,1791.0,1784.4973
2018-07-16 23:00:00,1631.0,1624.9714
2018-07-17 00:00:00,1471.0,1497.5203
2018-07-17 01:00:00,1395.0,1350.675
2018-07-17 02:00:00,1333.0,1287.9187
2018-07-17 03:00:00,1278.0,1304.0659
2018-07-17 04:00:00,1291.0,1255.4628
2018-07-17 05:00:00,1313.0,1315.843
2018-07-17 06:00:00,1386.0,1380.7823
2018-07-17 07:00:00,1466.0,1432.6075
2018-07-17 08:00:00,1519.0,1537.3618
2018-07-17 09:00:00,1632.0,1602.173
2018-07-17 10:00:00,1797.0,1729.0557
2018-07-17 11:00:00,1930.0,1863.1918
2018-07-17 12:00:00,2027.0,1992.0438
2018-07-17 13:00:00,2075.0,2032.6099
2018-07-17 14:00:00,2119.0,2096.9663
2018-07-17 15:00:00,2186.0,2142.0342
2018-07-17 16:00:00,2205.0,2199.7761
2018-07-17 17:00:00,2205.0,2226.2852
2018-07-17 18:00:00,2204.0,2189.1265
2018-07-17 19:00:00,2110.0,2152.6008
2018-07-17 20:00:00,1990.0,2007.8756
2018-07-17 21:00:00,1911.0,1916.9413
2018-07-17 22:00:00,1781.0,1762.6017
2018-07-17 23:00:00,1569.0,1601.3737
2018-07-18 00:00:00,1393.0,1441.6482
2018-07-18 01:00:00,1301.0,1300.8696
2018-07-18 02:00:00,1233.0,1233.695
2018-07-18 03:00:00,1160.0,1195.7826
2018-07-18 04:00:00,1127.0,1151.9371
2018-07-18 05:00:00,1169.0,1139.3441
2018-07-18 06:00:00,1237.0,1226.3439
2018-07-18 07:00:00,1319.0,1294.3762
2018-07-18 08:00:00,1395.0,1408.2062
2018-07-18 09:00:00,1490.0,1520.2568
2018-07-18 10:00:00,1621.0,1634.4312
2018-07-18 11:00:00,1736.0,1722.3755
2018-07-18 12:00:00,1808.0,1838.2671
2018-07-18 13:00:00,1882.0,1900.2943
2018-07-18 14:00:00,1916.0,1946.5996
2018-07-18 15:00:00,2000.0,1953.9515
2018-07-18 16:00:00,2045.0,2000.7808
2018-07-18 17:00:00,2076.0,2068.291
2018-07-18 18:00:00,2092.0,2077.219
2018-07-18 19:00:00,2000.0,2029.689
2018-07-18 20:00:00,1915.0,1928.9766
2018-07-18 21:00:00,1837.0,1878.5365
2018-07-18 22:00:00,1685.0,1678.9891
2018-07-18 23:00:00,1494.0,1506.0154
2018-07-19 00:00:00,1381.0,1342.5758
2018-07-19 01:00:00,1257.0,1260.7103
2018-07-19 02:00:00,1175.0,1213.467
2018-07-19 03:00:00,1101.0,1131.6718
2018-07-19 04:00:00,1088.0,1098.7177
2018-07-19 05:00:00,1124.0,1125.5139
2018-07-19 06:00:00,1222.0,1169.1537
2018-07-19 07:00:00,1288.0,1287.2667
2018-07-19 08:00:00,1347.0,1345.533
2018-07-19 09:00:00,1414.0,1439.3396
2018-07-19 10:00:00,1548.0,1533.8229
2018-07-19 11:00:00,1650.0,1655.6228
2018-07-19 12:00:00,1782.0,1768.2333
2018-07-19 13:00:00,1857.0,1880.2659
2018-07-19 14:00:00,1945.0,1936.3976
2018-07-19 15:00:00,2010.0,1976.5933
2018-07-19 16:00:00,2104.0,2054.139
2018-07-19 17:00:00,2149.0,2127.2485
2018-07-19 18:00:00,2146.0,2124.1804
2018-07-19 19:00:00,2086.0,2050.0986
2018-07-19 20:00:00,1926.0,2010.2302
2018-07-19 21:00:00,1798.0,1869.4303
2018-07-19 22:00:00,1738.0,1655.9514
2018-07-19 23:00:00,1633.0,1555.4348
2018-07-20 00:00:00,1466.0,1474.9746
2018-07-20 01:00:00,1360.0,1338.444
2018-07-20 02:00:00,1274.0,1279.4055
2018-07-20 03:00:00,1196.0,1219.8407
2018-07-20 04:00:00,1217.0,1191.001
2018-07-20 05:00:00,1227.0,1234.4586
2018-07-20 06:00:00,1285.0,1276.5223
2018-07-20 07:00:00,1361.0,1343.4856
2018-07-20 08:00:00,1435.0,1415.029
2018-07-20 09:00:00,1558.0,1540.335
2018-07-20 10:00:00,1636.0,1673.8468
2018-07-20 11:00:00,1729.0,1754.8376
2018-07-20 12:00:00,1746.0,1837.258
2018-07-20 13:00:00,1820.0,1838.4196
2018-07-20 14:00:00,1895.0,1900.2736
2018-07-20 15:00:00,1894.0,1958.8701
2018-07-20 16:00:00,1887.0,1939.6635
2018-07-20 17:00:00,1846.0,1869.7117
2018-07-20 18:00:00,1794.0,1790.0469
2018-07-20 19:00:00,1740.0,1723.3359
2018-07-20 20:00:00,1640.0,1673.1924
2018-07-20 21:00:00,1587.0,1610.0964
2018-07-20 22:00:00,1484.0,1505.8969
2018-07-20 23:00:00,1352.0,1370.7959
2018-07-21 00:00:00,1239.0,1235.7021
2018-07-21 01:00:00,1155.0,1151.8953
2018-07-21 02:00:00,1104.0,1087.4844
2018-07-21 03:00:00,1031.0,1076.7847
2018-07-21 04:00:00,1040.0,1004.42847
2018-07-21 05:00:00,1044.0,1029.6497
2018-07-21 06:00:00,1001.0,1046.7532
2018-07-21 07:00:00,1063.0,1101.8678
2018-07-21 08:00:00,1193.0,1171.7019
2018-07-21 09:00:00,1324.0,1321.6731
2018-07-21 10:00:00,1456.0,1446.8079
2018-07-21 11:00:00,1572.0,1580.0151
2018-07-21 12:00:00,1631.0,1649.9056
2018-07-21 13:00:00,1700.0,1703.2513
2018-07-21 14:00:00,1733.0,1738.7484
2018-07-21 15:00:00,1755.0,1757.7424
2018-07-21 16:00:00,1730.0,1780.9884
2018-07-21 17:00:00,1714.0,1704.0918
2018-07-21 18:00:00,1675.0,1656.6283
2018-07-21 19:00:00,1668.0,1623.8676
2018-07-21 20:00:00,1581.0,1609.6462
2018-07-21 21:00:00,1573.0,1548.7952
2018-07-21 22:00:00,1493.0,1478.4233
2018-07-21 23:00:00,1365.0,1368.9061
2018-07-22 00:00:00,1249.0,1235.5946
2018-07-22 01:00:00,1140.0,1151.3079
2018-07-22 02:00:00,1094.0,1074.1409
2018-07-22 03:00:00,1050.0,1047.8351
2018-07-22 04:00:00,1047.0,1027.7218
2018-07-22 05:00:00,1056.0,1039.954
2018-07-22 06:00:00,1069.0,1082.4956
2018-07-22 07:00:00,1106.0,1132.2897
2018-07-22 08:00:00,1196.0,1217.5391
2018-07-22 09:00:00,1278.0,1311.9097
2018-07-22 10:00:00,1321.0,1372.2511
2018-07-22 11:00:00,1393.0,1373.9976
2018-07-22 12:00:00,1461.0,1479.73
2018-07-22 13:00:00,1496.0,1525.1454
2018-07-22 14:00:00,1529.0,1508.6514
2018-07-22 15:00:00,1522.0,1563.3383
2018-07-22 16:00:00,1537.0,1548.019
2018-07-22 17:00:00,1618.0,1546.2458
2018-07-22 18:00:00,1591.0,1633.0216
2018-07-22 19:00:00,1584.0,1565.3455
2018-07-22 20:00:00,1557.0,1547.2971
2018-07-22 21:00:00,1545.0,1537.4397
2018-07-22 22:00:00,1442.0,1470.7733
2018-07-22 23:00:00,1235.0,1330.6395
2018-07-23 00:00:00,1161.0,1123.9945
2018-07-23 01:00:00,1137.0,1081.7502
2018-07-23 02:00:00,1100.0,1068.0134
2018-07-23 03:00:00,1047.0,1077.0668
2018-07-23 04:00:00,1061.0,1048.573
2018-07-23 05:00:00,1133.0,1093.9712
2018-07-23 06:00:00,1161.0,1225.8092
2018-07-23 07:00:00,1175.0,1222.376
2018-07-23 08:00:00,1275.0,1223.9836
2018-07-23 09:00:00,1335.0,1336.8113
2018-07-23 10:00:00,1430.0,1415.5302
2018-07-23 11:00:00,1474.0,1518.9965
2018-07-23 12:00:00,1522.0,1511.0735
2018-07-23 13:00:00,1581.0,1565.8636
2018-07-23 14:00:00,1671.0,1599.8469
2018-07-23 15:00:00,1690.0,1716.6298
2018-07-23 16:00:00,1712.0,1720.7429
2018-07-23 17:00:00,1746.0,1731.9436
2018-07-23 18:00:00,1741.0,1732.6652
2018-07-23 19:00:00,1724.0,1696.4216
2018-07-23 20:00:00,1677.0,1664.2152
2018-07-23 21:00:00,1657.0,1647.8881
2018-07-23 22:00:00,1527.0,1528.3204
2018-07-23 23:00:00,1365.0,1360.81
2018-07-24 00:00:00,1261.0,1226.2324
2018-07-24 01:00:00,1144.0,1161.9375
2018-07-24 02:00:00,1120.0,1085.1893
2018-07-24 03:00:00,1080.0,1069.0466
2018-07-24 04:00:00,1070.0,1082.9563
2018-07-24 05:00:00,1105.0,1116.9363
2018-07-24 06:00:00,1201.0,1165.5853
2018-07-24 07:00:00,1254.0,1249.342
2018-07-24 08:00:00,1281.0,1291.01
2018-07-24 09:00:00,1394.0,1336.3201
2018-07-24 10:00:00,1470.0,1499.4332
2018-07-24 11:00:00,1576.0,1547.8813
2018-07-24 12:00:00,1633.0,1642.7312
2018-07-24 13:00:00,1690.0,1670.6736
2018-07-24 14:00:00,1714.0,1710.7592
2018-07-24 15:00:00,1794.0,1740.294
2018-07-24 16:00:00,1860.0,1846.8787
2018-07-24 17:00:00,1918.0,1889.841
2018-07-24 18:00:00,1906.0,1925.355
2018-07-24 19:00:00,1895.0,1871.6394
2018-07-24 20:00:00,1821.0,1822.603
2018-07-24 21:00:00,1766.0,1770.1215
2018-07-24 22:00:00,1651.0,1641.5425
2018-07-24 23:00:00,1480.0,1457.0671
2018-07-25 00:00:00,1340.0,1330.9164
2018-07-25 01:00:00,1241.0,1230.213
2018-07-25 02:00:00,1175.0,1149.5988
2018-07-25 03:00:00,1124.0,1134.1431
2018-07-25 04:00:00,1107.0,1108.2593
2018-07-25 05:00:00,1107.0,1132.057
2018-07-25 06:00:00,1217.0,1152.0167
2018-07-25 07:00:00,1240.0,1266.1648
2018-07-25 08:00:00,1339.0,1289.2711
2018-07-25 09:00:00,1429.0,1426.9194
2018-07-25 10:00:00,1557.0,1518.1962
2018-07-25 11:00:00,1684.0,1662.3248
2018-07-25 12:00:00,1772.0,1763.2726
2018-07-25 13:00:00,1889.0,1843.8846
2018-07-25 14:00:00,1914.0,1936.2218
2018-07-25 15:00:00,1971.0,1955.3503
2018-07-25 16:00:00,2033.0,1992.0024
2018-07-25 17:00:00,2053.0,2071.1582
2018-07-25 18:00:00,2036.0,2049.7825
2018-07-25 19:00:00,1964.0,1986.6456
2018-07-25 20:00:00,1867.0,1897.3567
2018-07-25 21:00:00,1775.0,1816.8674
2018-07-25 22:00:00,1649.0,1660.4276
2018-07-25 23:00:00,1439.0,1452.6274
2018-07-26 00:00:00,1311.0,1297.9738
2018-07-26 01:00:00,1211.0,1205.6436
2018-07-26 02:00:00,1123.0,1144.3105
2018-07-26 03:00:00,1087.0,1083.1024
2018-07-26 04:00:00,1062.0,1083.8773
2018-07-26 05:00:00,1040.0,1104.0363
2018-07-26 06:00:00,1123.0,1094.1788
2018-07-26 07:00:00,1153.0,1183.2246
2018-07-26 08:00:00,1225.0,1216.956
2018-07-26 09:00:00,1327.0,1316.5756
2018-07-26 10:00:00,1456.0,1426.3749
2018-07-26 11:00:00,1582.0,1588.0029
2018-07-26 12:00:00,1695.0,1710.5752
2018-07-26 13:00:00,1782.0,1799.5018
2018-07-26 14:00:00,1910.0,1850.3087
2018-07-26 15:00:00,1937.0,1967.5255
2018-07-26 16:00:00,2051.0,1993.2406
2018-07-26 17:00:00,2087.0,2078.74
2018-07-26 18:00:00,2060.0,2068.2856
2018-07-26 19:00:00,1978.0,2006.7515
2018-07-26 20:00:00,1847.0,1906.923
2018-07-26 21:00:00,1831.0,1781.2727
2018-07-26 22:00:00,1692.0,1691.5986
2018-07-26 23:00:00,1527.0,1495.6935
2018-07-27 00:00:00,1384.0,1374.4432
2018-07-27 01:00:00,1279.0,1252.4008
2018-07-27 02:00:00,1201.0,1211.7174
2018-07-27 03:00:00,1137.0,1145.2284
2018-07-27 04:00:00,1147.0,1121.3389
2018-07-27 05:00:00,1155.0,1181.3884
2018-07-27 06:00:00,1216.0,1212.9807
2018-07-27 07:00:00,1293.0,1281.9781
2018-07-27 08:00:00,1346.0,1360.2632
2018-07-27 09:00:00,1419.0,1448.2145
2018-07-27 10:00:00,1525.0,1531.7964
2018-07-27 11:00:00,1616.0,1646.9603
2018-07-27 12:00:00,1647.0,1722.3811
2018-07-27 13:00:00,1735.0,1727.7109
2018-07-27 14:00:00,1811.0,1804.7976
2018-07-27 15:00:00,1853.0,1898.2893
2018-07-27 16:00:00,1862.0,1909.6475
2018-07-27 17:00:00,1864.0,1907.9036
2018-07-27 18:00:00,1854.0,1832.5583
2018-07-27 19:00:00,1794.0,1788.1199
2018-07-27 20:00:00,1687.0,1747.3773
2018-07-27 21:00:00,1604.0,1654.4429
2018-07-27 22:00:00,1507.0,1513.2783
2018-07-27 23:00:00,1352.0,1379.8431
2018-07-28 00:00:00,1215.0,1221.9424
2018-07-28 01:00:00,1132.0,1119.4174
2018-07-28 02:00:00,1054.0,1076.9761
2018-07-28 03:00:00,990.0,1012.9161
2018-07-28 04:00:00,951.0,976.57086
2018-07-28 05:00:00,966.0,957.6797
2018-07-28 06:00:00,984.0,969.93427
2018-07-28 07:00:00,1001.0,1036.2952
2018-07-28 08:00:00,1123.0,1098.802
2018-07-28 09:00:00,1235.0,1219.6359
2018-07-28 10:00:00,1371.0,1347.663
2018-07-28 11:00:00,1465.0,1463.28
2018-07-28 12:00:00,1540.0,1558.6282
2018-07-28 13:00:00,1596.0,1622.1107
2018-07-28 14:00:00,1674.0,1657.5142
2018-07-28 15:00:00,1729.0,1733.2686
2018-07-28 16:00:00,1781.0,1773.5602
2018-07-28 17:00:00,1795.0,1817.7999
2018-07-28 18:00:00,1738.0,1763.0461
2018-07-28 19:00:00,1679.0,1663.3966
2018-07-28 20:00:00,1606.0,1610.952
2018-07-28 21:00:00,1579.0,1560.5593
2018-07-28 22:00:00,1470.0,1469.8638
2018-07-28 23:00:00,1332.0,1309.6831
2018-07-29 00:00:00,1205.0,1199.407
2018-07-29 01:00:00,1076.0,1101.6028
2018-07-29 02:00:00,1050.0,1006.63654
2018-07-29 03:00:00,982.0,993.36066
2018-07-29 04:00:00,982.0,962.83075
2018-07-29 05:00:00,938.0,983.90125
2018-07-29 06:00:00,991.0,952.3101
2018-07-29 07:00:00,1021.0,1015.3808
2018-07-29 08:00:00,1142.0,1124.219
2018-07-29 09:00:00,1291.0,1267.9381
2018-07-29 10:00:00,1406.0,1401.198
2018-07-29 11:00:00,1483.0,1484.8456
2018-07-29 12:00:00,1578.0,1578.5956
2018-07-29 13:00:00,1692.0,1671.3472
2018-07-29 14:00:00,1768.0,1777.6309
2018-07-29 15:00:00,1830.0,1834.4274
2018-07-29 16:00:00,1876.0,1867.6798
2018-07-29 17:00:00,1925.0,1897.114
2018-07-29 18:00:00,1888.0,1889.3108
2018-07-29 19:00:00,1819.0,1823.5928
2018-07-29 20:00:00,1758.0,1753.0918
2018-07-29 21:00:00,1706.0,1684.9559
2018-07-29 22:00:00,1583.0,1576.7046
2018-07-29 23:00:00,1401.0,1399.8735
2018-07-30 00:00:00,1275.0,1255.4165
2018-07-30 01:00:00,1180.0,1171.3961
2018-07-30 02:00:00,1146.0,1110.46
2018-07-30 03:00:00,1115.0,1101.8834
2018-07-30 04:00:00,1043.0,1105.3293
2018-07-30 05:00:00,1077.0,1091.3921
2018-07-30 06:00:00,1177.0,1122.5961
2018-07-30 07:00:00,1275.0,1221.4359
2018-07-30 08:00:00,1339.0,1328.8468
2018-07-30 09:00:00,1410.0,1415.0078
2018-07-30 10:00:00,1533.0,1513.4346
2018-07-30 11:00:00,1639.0,1638.4402
2018-07-30 12:00:00,1750.0,1722.4388
2018-07-30 13:00:00,1874.0,1825.3169
2018-07-30 14:00:00,1888.0,1936.5326
2018-07-30 15:00:00,1958.0,1935.1476
2018-07-30 16:00:00,1948.0,1954.9274
2018-07-30 17:00:00,1930.0,1947.6273
2018-07-30 18:00:00,1865.0,1875.7136
2018-07-30 19:00:00,1804.0,1791.674
2018-07-30 20:00:00,1764.0,1735.5164
2018-07-30 21:00:00,1699.0,1707.2228
2018-07-30 22:00:00,1571.0,1580.1748
2018-07-30 23:00:00,1404.0,1385.1965
2018-07-31 00:00:00,1284.0,1260.131
2018-07-31 01:00:00,1138.0,1193.2122
2018-07-31 02:00:00,1140.0,1108.1976
2018-07-31 03:00:00,1075.0,1104.3213
2018-07-31 04:00:00,1125.0,1081.2815
2018-07-31 05:00:00,1167.0,1173.0159
2018-07-31 06:00:00,1268.0,1256.4241
2018-07-31 07:00:00,1284.0,1319.9385
2018-07-31 08:00:00,1346.0,1335.0919
2018-07-31 09:00:00,1384.0,1439.6759
2018-07-31 10:00:00,1442.0,1468.2076
2018-07-31 11:00:00,1537.0,1543.0798
2018-07-31 12:00:00,1637.0,1631.88
2018-07-31 13:00:00,1707.0,1719.1576
2018-07-31 14:00:00,1816.0,1763.3285
2018-07-31 15:00:00,1820.0,1864.5613
2018-07-31 16:00:00,1907.0,1870.3895
2018-07-31 17:00:00,1935.0,1930.362
2018-07-31 18:00:00,1951.0,1922.2821
2018-07-31 19:00:00,1884.0,1870.985
2018-07-31 20:00:00,1792.0,1813.6527
2018-07-31 21:00:00,1765.0,1745.7339
2018-07-31 22:00:00,1614.0,1632.584
2018-07-31 23:00:00,1451.0,1440.2101
2018-08-01 00:00:00,1321.0,1297.9581
2018-08-01 01:00:00,1220.0,1220.0636
2018-08-01 02:00:00,1133.0,1148.7081
2018-08-01 03:00:00,1136.0,1092.109
2018-08-01 04:00:00,1117.0,1121.0615
2018-08-01 05:00:00,1177.0,1163.8989
2018-08-01 06:00:00,1255.0,1292.385
2018-08-01 07:00:00,1310.0,1294.2869
2018-08-01 08:00:00,1341.0,1354.99
2018-08-01 09:00:00,1392.0,1399.679
2018-08-01 10:00:00,1400.0,1473.0725
2018-08-01 11:00:00,1472.0,1467.5317
2018-08-01 12:00:00,1545.0,1537.2869
2018-08-01 13:00:00,1580.0,1619.3258
2018-08-01 14:00:00,1619.0,1629.367
2018-08-01 15:00:00,1659.0,1663.1322
2018-08-01 16:00:00,1696.0,1710.5266
2018-08-01 17:00:00,1717.0,1723.8486
2018-08-01 18:00:00,1730.0,1707.8314
2018-08-01 19:00:00,1680.0,1693.1177
2018-08-01 20:00:00,1670.0,1649.2452
2018-08-01 21:00:00,1665.0,1635.87
2018-08-01 22:00:00,1518.0,1554.313
2018-08-01 23:00:00,1418.0,1382.1893
2018-08-02 00:00:00,1303.0,1315.6799
2018-08-02 01:00:00,1191.0,1202.4226
2018-08-02 02:00:00,1107.0,1130.8142
2018-08-02 03:00:00,1020.0,1079.3384
2018-08-02 04:00:00,1070.0,1026.383
2018-08-02 05:00:00,1156.0,1081.9595
2018-08-02 06:00:00,1204.0,1249.5172
2018-08-02 07:00:00,1276.0,1237.7874
2018-08-02 08:00:00,1319.0,1337.1632
2018-08-02 09:00:00,1356.0,1388.8258
2018-08-02 10:00:00,1463.0,1436.2021
2018-08-02 11:00:00,1520.0,1551.985
2018-08-02 12:00:00,1635.0,1578.7899
2018-08-02 13:00:00,1727.0,1698.8339
2018-08-02 14:00:00,1790.0,1787.7874
2018-08-02 15:00:00,1813.0,1852.2427
2018-08-02 16:00:00,1837.0,1860.5887
2018-08-02 17:00:00,1856.0,1859.3748
2018-08-02 18:00:00,1818.0,1866.9423
2018-08-02 19:00:00,1815.0,1778.8635
2018-08-02 20:00:00,1769.0,1771.8468
2018-08-02 21:00:00,1756.0,1743.6355
2018-08-02 22:00:00,1619.0,1601.037
2018-08-02 23:00:00,1448.0,1435.2745
