Datetime,Actual,Predicted
2010-01-01 14:00:00,11121.0,11081.224
2010-01-01 15:00:00,11241.0,11200.813
2010-01-01 16:00:00,11421.0,11464.002
2010-01-01 17:00:00,12240.0,11922.931
2010-01-01 18:00:00,13182.0,12932.718
2010-01-01 19:00:00,13239.0,13081.209
2010-01-01 20:00:00,13156.0,13051.4375
2010-01-01 21:00:00,12978.0,12856.858
2010-01-01 22:00:00,12743.0,12528.976
2010-01-01 23:00:00,12223.0,12093.852
2010-01-02 00:00:00,11621.0,11543.707
2010-01-02 01:00:00,11144.0,10982.899
2010-01-02 02:00:00,10789.0,10815.11
2010-01-02 03:00:00,10705.0,10525.595
2010-01-02 04:00:00,10580.0,10564.887
2010-01-02 05:00:00,10677.0,10564.281
2010-01-02 06:00:00,10949.0,10895.642
2010-01-02 07:00:00,11398.0,11344.289
2010-01-02 08:00:00,11581.0,11624.636
2010-01-02 09:00:00,11819.0,11848.628
2010-01-02 10:00:00,12002.0,11848.075
2010-01-02 11:00:00,12099.0,12046.254
2010-01-02 12:00:00,12114.0,12062.596
2010-01-02 13:00:00,12026.0,12064.288
2010-01-02 14:00:00,11840.0,11930.364
2010-01-02 15:00:00,11803.0,11715.895
2010-01-02 16:00:00,11939.0,11785.376
2010-01-02 17:00:00,12805.0,12461.004
2010-01-02 18:00:00,13867.0,13524.293
2010-01-02 19:00:00,14004.0,13890.905
2010-01-02 20:00:00,13894.0,13881.667
2010-01-02 21:00:00,13788.0,13605.681
2010-01-02 22:00:00,13441.0,13419.728
2010-01-02 23:00:00,12892.0,12780.867
2010-01-03 00:00:00,12195.0,12188.79
2010-01-03 01:00:00,11719.0,11640.775
2010-01-03 02:00:00,11368.0,11368.34
2010-01-03 03:00:00,11154.0,11205.917
2010-01-03 04:00:00,11059.0,11024.748
2010-01-03 05:00:00,11078.0,11036.876
2010-01-03 06:00:00,11213.0,11253.455
2010-01-03 07:00:00,11497.0,11657.055
2010-01-03 08:00:00,11515.0,11708.523
2010-01-03 09:00:00,11655.0,11691.149
2010-01-03 10:00:00,11759.0,11823.056
2010-01-03 11:00:00,11810.0,11904.071
2010-01-03 12:00:00,11812.0,11824.048
2010-01-03 13:00:00,11795.0,11768.176
2010-01-03 14:00:00,11718.0,11722.471
2010-01-03 15:00:00,11686.0,11643.276
2010-01-03 16:00:00,11780.0,11728.857
2010-01-03 17:00:00,12625.0,12321.174
2010-01-03 18:00:00,13727.0,13358.16
2010-01-03 19:00:00,13865.0,13776.197
2010-01-03 20:00:00,13814.0,13728.587
2010-01-03 21:00:00,13605.0,13590.217
2010-01-03 22:00:00,13144.0,13163.873
2010-01-03 23:00:00,12450.0,12483.918
2010-01-04 00:00:00,11744.0,11597.011
2010-01-04 01:00:00,11352.0,11170.78
2010-01-04 02:00:00,11116.0,11074.187
2010-01-04 03:00:00,11069.0,10969.176
2010-01-04 04:00:00,11058.0,11057.418
2010-01-04 05:00:00,11361.0,11217.46
2010-01-04 06:00:00,12029.0,12028.724
2010-01-04 07:00:00,13252.0,13011.972
2010-01-04 08:00:00,13843.0,13837.843
2010-01-04 09:00:00,13968.0,14063.655
2010-01-04 10:00:00,14072.0,14000.833
2010-01-04 11:00:00,14056.0,14090.416
2010-01-04 12:00:00,13891.0,13970.33
2010-01-04 13:00:00,13802.0,13725.921
2010-01-04 14:00:00,13834.0,13686.893
2010-01-04 15:00:00,13788.0,13856.173
2010-01-04 16:00:00,13788.0,13843.112
2010-01-04 17:00:00,14441.0,14309.312
2010-01-04 18:00:00,15174.0,15283.771
2010-01-04 19:00:00,15077.0,15192.769
2010-01-04 20:00:00,14846.0,14825.628
2010-01-04 21:00:00,14498.0,14537.578
2010-01-04 22:00:00,13876.0,13935.333
2010-01-04 23:00:00,12914.0,12944.082
2010-01-05 00:00:00,12012.0,12057.168
2010-01-05 01:00:00,11467.0,11483.072
2010-01-05 02:00:00,11161.0,11189.09
2010-01-05 03:00:00,11013.0,10997.008
2010-01-05 04:00:00,10984.0,11009.377
2010-01-05 05:00:00,11190.0,11196.903
2010-01-05 06:00:00,11867.0,11770.6875
2010-01-05 07:00:00,13054.0,12948.8
2010-01-05 08:00:00,13697.0,13653.614
2010-01-05 09:00:00,13772.0,13774.805
2010-01-05 10:00:00,13825.0,13798.193
2010-01-05 11:00:00,13852.0,13938.459
2010-01-05 12:00:00,13746.0,13863.582
2010-01-05 13:00:00,13589.0,13721.431
2010-01-05 14:00:00,13483.0,13543.902
2010-01-05 15:00:00,13329.0,13422.949
2010-01-05 16:00:00,13316.0,13290.1045
2010-01-05 17:00:00,13944.0,13713.4795
2010-01-05 18:00:00,14856.0,14808.174
2010-01-05 19:00:00,14787.0,14947.036
2010-01-05 20:00:00,14587.0,14527.576
2010-01-05 21:00:00,14297.0,14244.369
2010-01-05 22:00:00,13699.0,13724.748
2010-01-05 23:00:00,12781.0,12748.192
2010-01-06 00:00:00,11956.0,11953.299
2010-01-06 01:00:00,11441.0,11405.529
2010-01-06 02:00:00,11169.0,11126.764
2010-01-06 03:00:00,11041.0,11013.913
2010-01-06 04:00:00,11053.0,11060.098
2010-01-06 05:00:00,11332.0,11297.645
2010-01-06 06:00:00,11996.0,12068.875
2010-01-06 07:00:00,13205.0,13131.473
2010-01-06 08:00:00,13810.0,13782.402
2010-01-06 09:00:00,13847.0,13929.499
2010-01-06 10:00:00,13827.0,13872.422
2010-01-06 11:00:00,13867.0,13904.232
2010-01-06 12:00:00,13776.0,13845.815
2010-01-06 13:00:00,13695.0,13762.054
2010-01-06 14:00:00,13664.0,13694.75
2010-01-06 15:00:00,13582.0,13580.614
2010-01-06 16:00:00,13636.0,13558.793
2010-01-06 17:00:00,14261.0,14188.139
2010-01-06 18:00:00,14937.0,15011.989
2010-01-06 19:00:00,14795.0,14980.758
2010-01-06 20:00:00,14535.0,14562.865
2010-01-06 21:00:00,14189.0,14282.105
2010-01-06 22:00:00,13636.0,13641.757
2010-01-06 23:00:00,12711.0,12759.745
2010-01-07 00:00:00,11887.0,11940.272
2010-01-07 01:00:00,11372.0,11389.538
2010-01-07 02:00:00,11099.0,11076.75
2010-01-07 03:00:00,10900.0,10947.293
2010-01-07 04:00:00,10889.0,10887.6045
2010-01-07 05:00:00,11161.0,11107.3125
2010-01-07 06:00:00,11813.0,11776.683
2010-01-07 07:00:00,12928.0,12985.426
2010-01-07 08:00:00,13591.0,13540.705
2010-01-07 09:00:00,13692.0,13756.002
2010-01-07 10:00:00,13770.0,13669.201
2010-01-07 11:00:00,13854.0,13891.932
2010-01-07 12:00:00,13746.0,13897.104
2010-01-07 13:00:00,13682.0,13704.452
2010-01-07 14:00:00,13622.0,13620.391
2010-01-07 15:00:00,13566.0,13527.803
2010-01-07 16:00:00,13576.0,13565.158
2010-01-07 17:00:00,14127.0,14055.805
2010-01-07 18:00:00,14899.0,14823.599
2010-01-07 19:00:00,14758.0,14927.453
2010-01-07 20:00:00,14487.0,14558.783
2010-01-07 21:00:00,14149.0,14192.957
2010-01-07 22:00:00,13519.0,13543.827
2010-01-07 23:00:00,12600.0,12648.219
2010-01-08 00:00:00,11742.0,11821.075
2010-01-08 01:00:00,11168.0,11217.407
2010-01-08 02:00:00,10831.0,10920.214
2010-01-08 03:00:00,10645.0,10620.561
2010-01-08 04:00:00,10624.0,10521.463
2010-01-08 05:00:00,10876.0,10807.283
2010-01-08 06:00:00,11563.0,11484.514
2010-01-08 07:00:00,12653.0,12585.845
2010-01-08 08:00:00,13246.0,13289.546
2010-01-08 09:00:00,13384.0,13400.323
2010-01-08 10:00:00,13508.0,13434.997
2010-01-08 11:00:00,13561.0,13599.432
2010-01-08 12:00:00,13473.0,13547.298
2010-01-08 13:00:00,13299.0,13359.066
2010-01-08 14:00:00,13214.0,13312.632
2010-01-08 15:00:00,13145.0,13090.879
2010-01-08 16:00:00,13183.0,13151.871
2010-01-08 17:00:00,13778.0,13665.831
2010-01-08 18:00:00,14525.0,14604.944
2010-01-08 19:00:00,14407.0,14418.59
2010-01-08 20:00:00,14159.0,14218.158
2010-01-08 21:00:00,13839.0,13797.49
2010-01-08 22:00:00,13411.0,13357.912
2010-01-08 23:00:00,12648.0,12613.221
2010-01-09 00:00:00,11941.0,11968.948
2010-01-09 01:00:00,11469.0,11384.407
2010-01-09 02:00:00,11143.0,11181.364
2010-01-09 03:00:00,10983.0,10992.147
2010-01-09 04:00:00,10908.0,10874.291
2010-01-09 05:00:00,11020.0,10952.126
2010-01-09 06:00:00,11236.0,11246.205
2010-01-09 07:00:00,11758.0,11782.152
2010-01-09 08:00:00,11999.0,12182.451
2010-01-09 09:00:00,12281.0,12330.085
2010-01-09 10:00:00,12473.0,12427.291
2010-01-09 11:00:00,12478.0,12548.558
2010-01-09 12:00:00,12303.0,12340.904
2010-01-09 13:00:00,12137.0,12063.277
2010-01-09 14:00:00,11962.0,11940.69
2010-01-09 15:00:00,11899.0,11831.05
2010-01-09 16:00:00,11970.0,11900.388
2010-01-09 17:00:00,12549.0,12480.154
2010-01-09 18:00:00,13463.0,13278.049
2010-01-09 19:00:00,13459.0,13483.609
2010-01-09 20:00:00,13386.0,13255.022
2010-01-09 21:00:00,13181.0,13128.305
2010-01-09 22:00:00,12916.0,12759.025
2010-01-09 23:00:00,12384.0,12281.717
2010-01-10 00:00:00,11855.0,11699.037
2010-01-10 01:00:00,11396.0,11275.679
2010-01-10 02:00:00,11133.0,11057.071
2010-01-10 03:00:00,10963.0,10931.108
2010-01-10 04:00:00,10897.0,10889.31
2010-01-10 05:00:00,10916.0,10870.911
2010-01-10 06:00:00,11182.0,11067.592
2010-01-10 07:00:00,11450.0,11477.772
2010-01-10 08:00:00,11491.0,11551.093
2010-01-10 09:00:00,11725.0,11621.077
2010-01-10 10:00:00,11748.0,11901.416
2010-01-10 11:00:00,11912.0,11767.605
2010-01-10 12:00:00,11946.0,11895.802
2010-01-10 13:00:00,11831.0,11882.239
2010-01-10 14:00:00,11930.0,11727.045
2010-01-10 15:00:00,11878.0,11934.245
2010-01-10 16:00:00,12046.0,11860.734
2010-01-10 17:00:00,12798.0,12529.047
2010-01-10 18:00:00,13817.0,13580.236
2010-01-10 19:00:00,13847.0,13905.122
2010-01-10 20:00:00,13755.0,13698.409
2010-01-10 21:00:00,13456.0,13527.558
2010-01-10 22:00:00,13023.0,13016.525
2010-01-10 23:00:00,12288.0,12357.161
2010-01-11 00:00:00,11561.0,11448.764
2010-01-11 01:00:00,11134.0,10978.541
2010-01-11 02:00:00,10849.0,10819.591
2010-01-11 03:00:00,10736.0,10652.847
2010-01-11 04:00:00,10730.0,10683.502
2010-01-11 05:00:00,11044.0,10878.442
2010-01-11 06:00:00,11719.0,11682.359
2010-01-11 07:00:00,12988.0,12808.732
2010-01-11 08:00:00,13674.0,13730.258
2010-01-11 09:00:00,13711.0,13861.297
2010-01-11 10:00:00,13629.0,13676.351
2010-01-11 11:00:00,13605.0,13584.046
2010-01-11 12:00:00,13599.0,13519.347
2010-01-11 13:00:00,13616.0,13525.573
2010-01-11 14:00:00,13564.0,13640.345
2010-01-11 15:00:00,13507.0,13525.907
2010-01-11 16:00:00,13578.0,13518.796
2010-01-11 17:00:00,14050.0,14102.396
2010-01-11 18:00:00,14673.0,14790.131
2010-01-11 19:00:00,14515.0,14818.256
2010-01-11 20:00:00,14260.0,14289.598
2010-01-11 21:00:00,13905.0,13923.658
2010-01-11 22:00:00,13269.0,13310.506
2010-01-11 23:00:00,12341.0,12306.145
2010-01-12 00:00:00,11487.0,11506.767
2010-01-12 01:00:00,10965.0,10946.077
2010-01-12 02:00:00,10685.0,10649.734
2010-01-12 03:00:00,10536.0,10533.184
2010-01-12 04:00:00,10512.0,10443.347
2010-01-12 05:00:00,10764.0,10679.386
2010-01-12 06:00:00,11413.0,11500.314
2010-01-12 07:00:00,12603.0,12574.873
2010-01-12 08:00:00,13255.0,13248.072
2010-01-12 09:00:00,13289.0,13392.72
2010-01-12 10:00:00,13319.0,13260.039
2010-01-12 11:00:00,13348.0,13355.258
2010-01-12 12:00:00,13232.0,13282.51
2010-01-12 13:00:00,13097.0,13102.822
2010-01-12 14:00:00,13016.0,13062.292
2010-01-12 15:00:00,12880.0,12999.007
2010-01-12 16:00:00,12920.0,12901.027
2010-01-12 17:00:00,13414.0,13374.847
2010-01-12 18:00:00,14289.0,14218.934
2010-01-12 19:00:00,14235.0,14336.444
2010-01-12 20:00:00,14022.0,14008.609
2010-01-12 21:00:00,13749.0,13687.762
2010-01-12 22:00:00,13225.0,13142.193
2010-01-12 23:00:00,12341.0,12244.618
2010-01-13 00:00:00,11560.0,11505.677
2010-01-13 01:00:00,11065.0,11005.58
2010-01-13 02:00:00,10775.0,10796.626
2010-01-13 03:00:00,10599.0,10583.431
2010-01-13 04:00:00,10627.0,10518.806
2010-01-13 05:00:00,10895.0,10831.797
2010-01-13 06:00:00,11609.0,11592.158
2010-01-13 07:00:00,12868.0,12666.237
2010-01-13 08:00:00,13501.0,13399.058
2010-01-13 09:00:00,13461.0,13559.815
2010-01-13 10:00:00,13375.0,13397.813
2010-01-13 11:00:00,13324.0,13361.994
2010-01-13 12:00:00,13161.0,13201.328
2010-01-13 13:00:00,12999.0,12956.48
2010-01-13 14:00:00,12861.0,12898.995
2010-01-13 15:00:00,12751.0,12747.347
2010-01-13 16:00:00,12726.0,12723.09
2010-01-13 17:00:00,13178.0,13159.667
2010-01-13 18:00:00,14108.0,14043.889
2010-01-13 19:00:00,14005.0,14175.521
2010-01-13 20:00:00,13798.0,13811.889
2010-01-13 21:00:00,13481.0,13484.484
2010-01-13 22:00:00,12901.0,12979.402
2010-01-13 23:00:00,11956.0,12048.162
2010-01-14 00:00:00,11185.0,11126.971
2010-01-14 01:00:00,10609.0,10656.345
2010-01-14 02:00:00,10274.0,10284.379
2010-01-14 03:00:00,10100.0,10080.436
2010-01-14 04:00:00,10138.0,9956.295
2010-01-14 05:00:00,10383.0,10324.758
2010-01-14 06:00:00,11044.0,10955.331
2010-01-14 07:00:00,12240.0,12141.241
2010-01-14 08:00:00,12847.0,12927.627
2010-01-14 09:00:00,12868.0,12981.909
2010-01-14 10:00:00,12862.0,12827.638
2010-01-14 11:00:00,12907.0,12850.821
2010-01-14 12:00:00,12812.0,12813.769
2010-01-14 13:00:00,12745.0,12662.5205
2010-01-14 14:00:00,12732.0,12685.319
2010-01-14 15:00:00,12677.0,12627.236
2010-01-14 16:00:00,12693.0,12694.199
2010-01-14 17:00:00,13126.0,13150.241
2010-01-14 18:00:00,13741.0,13940.734
2010-01-14 19:00:00,13573.0,13724.912
2010-01-14 20:00:00,13325.0,13340.309
2010-01-14 21:00:00,12953.0,13023.296
2010-01-14 22:00:00,12410.0,12409.572
2010-01-14 23:00:00,11552.0,11510.964
2010-01-15 00:00:00,10822.0,10745.5625
2010-01-15 01:00:00,10240.0,10278.838
2010-01-15 02:00:00,9918.0,9902.895
2010-01-15 03:00:00,9794.0,9726.606
2010-01-15 04:00:00,9795.0,9762.5
2010-01-15 05:00:00,10067.0,9962.727
2010-01-15 06:00:00,10795.0,10656.449
2010-01-15 07:00:00,11924.0,11933.149
2010-01-15 08:00:00,12697.0,12589.362
2010-01-15 09:00:00,12840.0,12843.895
2010-01-15 10:00:00,12940.0,12823.351
2010-01-15 11:00:00,12981.0,12971.814
2010-01-15 12:00:00,12926.0,12894.631
2010-01-15 13:00:00,12821.0,12816.896
2010-01-15 14:00:00,12868.0,12808.045
2010-01-15 15:00:00,12794.0,12863.746
2010-01-15 16:00:00,12787.0,12752.56
2010-01-15 17:00:00,13216.0,13051.886
2010-01-15 18:00:00,13623.0,13895.676
2010-01-15 19:00:00,13431.0,13678.04
2010-01-15 20:00:00,13185.0,13158.733
2010-01-15 21:00:00,12861.0,12880.053
2010-01-15 22:00:00,12453.0,12501.793
2010-01-15 23:00:00,11736.0,11645.476
2010-01-16 00:00:00,11042.0,10957.185
2010-01-16 01:00:00,10477.0,10501.1
2010-01-16 02:00:00,10196.0,10074.132
2010-01-16 03:00:00,9963.0,9941.924
2010-01-16 04:00:00,9911.0,9803.28
2010-01-16 05:00:00,9948.0,9879.311
2010-01-16 06:00:00,10223.0,10107.536
2010-01-16 07:00:00,10755.0,10509.622
2010-01-16 08:00:00,11071.0,10990.44
2010-01-16 09:00:00,11470.0,11316.275
2010-01-16 10:00:00,11766.0,11589.08
2010-01-16 11:00:00,11950.0,11858.535
2010-01-16 12:00:00,11905.0,11972.316
2010-01-16 13:00:00,11751.0,11769.382
2010-01-16 14:00:00,11537.0,11549.895
2010-01-16 15:00:00,11443.0,11385.061
2010-01-16 16:00:00,11478.0,11412.336
2010-01-16 17:00:00,11932.0,11890.6455
2010-01-16 18:00:00,12628.0,12559.121
2010-01-16 19:00:00,12532.0,12599.905
2010-01-16 20:00:00,12364.0,12396.199
2010-01-16 21:00:00,12149.0,12155.71
2010-01-16 22:00:00,11871.0,11908.641
2010-01-16 23:00:00,11285.0,11299.396
2010-01-17 00:00:00,10699.0,10683.882
2010-01-17 01:00:00,10240.0,10179.51
2010-01-17 02:00:00,9928.0,9942.445
2010-01-17 03:00:00,9700.0,9665.244
2010-01-17 04:00:00,9673.0,9595.031
2010-01-17 05:00:00,9689.0,9588.227
2010-01-17 06:00:00,9845.0,9786.614
2010-01-17 07:00:00,10096.0,10033.522
2010-01-17 08:00:00,10323.0,10207.47
2010-01-17 09:00:00,10583.0,10477.559
2010-01-17 10:00:00,10822.0,10758.099
2010-01-17 11:00:00,10890.0,10943.697
2010-01-17 12:00:00,10836.0,10875.51
2010-01-17 13:00:00,10736.0,10812.901
2010-01-17 14:00:00,10640.0,10688.832
2010-01-17 15:00:00,10539.0,10564.347
2010-01-17 16:00:00,10604.0,10521.071
2010-01-17 17:00:00,11163.0,11046.755
2010-01-17 18:00:00,12143.0,12016.471
2010-01-17 19:00:00,12215.0,12302.998
2010-01-17 20:00:00,12150.0,12250.632
2010-01-17 21:00:00,11895.0,11959.398
2010-01-17 22:00:00,11537.0,11578.149
2010-01-17 23:00:00,11004.0,10975.148
2010-01-18 00:00:00,10473.0,10456.714
2010-01-18 01:00:00,10059.0,10039.72
2010-01-18 02:00:00,9840.0,9785.645
2010-01-18 03:00:00,9672.0,9753.356
2010-01-18 04:00:00,9736.0,9613.54
2010-01-18 05:00:00,9907.0,9950.853
2010-01-18 06:00:00,10635.0,10481.158
2010-01-18 07:00:00,11553.0,11791.978
2010-01-18 08:00:00,12120.0,12344.294
2010-01-18 09:00:00,12366.0,12435.59
2010-01-18 10:00:00,12624.0,12565.178
2010-01-18 11:00:00,12765.0,12766.859
2010-01-18 12:00:00,12743.0,12794.31
2010-01-18 13:00:00,12673.0,12695.876
2010-01-18 14:00:00,12630.0,12699.227
2010-01-18 15:00:00,12532.0,12542.5205
2010-01-18 16:00:00,12526.0,12520.742
2010-01-18 17:00:00,12888.0,12897.068
2010-01-18 18:00:00,13623.0,13583.537
2010-01-18 19:00:00,13486.0,13722.588
2010-01-18 20:00:00,13240.0,13312.135
2010-01-18 21:00:00,12916.0,12967.702
2010-01-18 22:00:00,12352.0,12415.343
2010-01-18 23:00:00,11534.0,11446.217
2010-01-19 00:00:00,10734.0,10768.851
2010-01-19 01:00:00,10260.0,10135.223
2010-01-19 02:00:00,9982.0,9922.725
2010-01-19 03:00:00,9804.0,9796.874
2010-01-19 04:00:00,9819.0,9763.978
2010-01-19 05:00:00,10105.0,9985.147
2010-01-19 06:00:00,10847.0,10765.29
2010-01-19 07:00:00,12084.0,12003.634
2010-01-19 08:00:00,12714.0,12797.927
2010-01-19 09:00:00,12786.0,12875.8955
2010-01-19 10:00:00,12756.0,12781.121
2010-01-19 11:00:00,12688.0,12762.299
2010-01-19 12:00:00,12522.0,12607.361
2010-01-19 13:00:00,12423.0,12381.967
2010-01-19 14:00:00,12329.0,12404.897
2010-01-19 15:00:00,12166.0,12177.634
2010-01-19 16:00:00,12135.0,12087.944
2010-01-19 17:00:00,12542.0,12454.187
2010-01-19 18:00:00,13499.0,13451.893
2010-01-19 19:00:00,13466.0,13526.879
2010-01-19 20:00:00,13278.0,13218.688
2010-01-19 21:00:00,12985.0,12978.298
2010-01-19 22:00:00,12428.0,12405.803
2010-01-19 23:00:00,11568.0,11519.658
2010-01-20 00:00:00,10766.0,10763.877
2010-01-20 01:00:00,10280.0,10181.313
2010-01-20 02:00:00,9993.0,9962.923
2010-01-20 03:00:00,9858.0,9809.838
2010-01-20 04:00:00,9845.0,9830.093
2010-01-20 05:00:00,10111.0,10002.123
2010-01-20 06:00:00,10876.0,10759.664
2010-01-20 07:00:00,12140.0,11974.755
2010-01-20 08:00:00,12858.0,12656.278
2010-01-20 09:00:00,12933.0,12958.298
2010-01-20 10:00:00,13016.0,12870.4795
2010-01-20 11:00:00,13104.0,13100.293
2010-01-20 12:00:00,13038.0,13036.617
2010-01-20 13:00:00,13002.0,12963.693
2010-01-20 14:00:00,13052.0,12957.327
2010-01-20 15:00:00,13059.0,13047.115
2010-01-20 16:00:00,13046.0,13116.705
2010-01-20 17:00:00,13365.0,13449.869
2010-01-20 18:00:00,14058.0,13890.872
2010-01-20 19:00:00,13924.0,14055.858
2010-01-20 20:00:00,13651.0,13703.633
2010-01-20 21:00:00,13316.0,13318.191
2010-01-20 22:00:00,12733.0,12773.699
2010-01-20 23:00:00,11854.0,11757.917
2010-01-21 00:00:00,11023.0,11024.793
2010-01-21 01:00:00,10494.0,10467.466
2010-01-21 02:00:00,10189.0,10143.608
2010-01-21 03:00:00,10005.0,9920.032
2010-01-21 04:00:00,9990.0,9913.614
2010-01-21 05:00:00,10221.0,10064.055
2010-01-21 06:00:00,10933.0,10760.817
2010-01-21 07:00:00,12191.0,12114.036
2010-01-21 08:00:00,12902.0,12890.273
2010-01-21 09:00:00,13025.0,13054.635
2010-01-21 10:00:00,13099.0,13060.44
2010-01-21 11:00:00,13185.0,13107.092
2010-01-21 12:00:00,13145.0,13186.225
2010-01-21 13:00:00,13140.0,13092.006
2010-01-21 14:00:00,13204.0,13163.825
2010-01-21 15:00:00,13118.0,13184.675
2010-01-21 16:00:00,13144.0,13159.447
2010-01-21 17:00:00,13467.0,13547.303
2010-01-21 18:00:00,13991.0,14075.383
2010-01-21 19:00:00,13780.0,13979.975
2010-01-21 20:00:00,13513.0,13556.072
2010-01-21 21:00:00,13132.0,13216.466
2010-01-21 22:00:00,12553.0,12599.429
2010-01-21 23:00:00,11674.0,11643.27
2010-01-22 00:00:00,10827.0,10810.521
2010-01-22 01:00:00,10274.0,10266.572
2010-01-22 02:00:00,9949.0,9928.784
2010-01-22 03:00:00,9749.0,9726.8545
2010-01-22 04:00:00,9740.0,9716.014
2010-01-22 05:00:00,9969.0,9906.5625
2010-01-22 06:00:00,10673.0,10587.971
2010-01-22 07:00:00,11840.0,11762.863
2010-01-22 08:00:00,12516.0,12677.704
2010-01-22 09:00:00,12648.0,12730.184
2010-01-22 10:00:00,12744.0,12705.591
2010-01-22 11:00:00,12826.0,12904.147
2010-01-22 12:00:00,12777.0,12812.891
2010-01-22 13:00:00,12699.0,12672.951
2010-01-22 14:00:00,12699.0,12676.408
2010-01-22 15:00:00,12614.0,12610.843
2010-01-22 16:00:00,12594.0,12557.33
2010-01-22 17:00:00,13013.0,12998.079
2010-01-22 18:00:00,13452.0,13594.329
2010-01-22 19:00:00,13300.0,13432.4795
2010-01-22 20:00:00,12989.0,13144.318
2010-01-22 21:00:00,12629.0,12620.219
2010-01-22 22:00:00,12204.0,12139.677
2010-01-22 23:00:00,11453.0,11352.925
2010-01-23 00:00:00,10755.0,10646.198
2010-01-23 01:00:00,10169.0,10141.431
2010-01-23 02:00:00,9847.0,9819.14
2010-01-23 03:00:00,9581.0,9604.639
2010-01-23 04:00:00,9506.0,9449.103
2010-01-23 05:00:00,9570.0,9464.311
2010-01-23 06:00:00,9825.0,9745.636
2010-01-23 07:00:00,10326.0,10188.67
2010-01-23 08:00:00,10693.0,10551.87
2010-01-23 09:00:00,11060.0,10873.372
2010-01-23 10:00:00,11355.0,11300.569
2010-01-23 11:00:00,11483.0,11513.87
2010-01-23 12:00:00,11467.0,11431.632
2010-01-23 13:00:00,11429.0,11362.543
2010-01-23 14:00:00,11239.0,11347.38
2010-01-23 15:00:00,11142.0,11128.181
2010-01-23 16:00:00,11085.0,11206.569
2010-01-23 17:00:00,11466.0,11499.985
2010-01-23 18:00:00,12006.0,11988.067
2010-01-23 19:00:00,11920.0,12073.3955
2010-01-23 20:00:00,11666.0,11788.118
2010-01-23 21:00:00,11476.0,11540.144
2010-01-23 22:00:00,11079.0,11176.707
2010-01-23 23:00:00,10606.0,10594.428
2010-01-24 00:00:00,9958.0,9992.3545
2010-01-24 01:00:00,9481.0,9455.438
2010-01-24 02:00:00,9125.0,9205.917
2010-01-24 03:00:00,9034.0,8929.176
2010-01-24 04:00:00,8910.0,8953.63
2010-01-24 05:00:00,8868.0,8945.626
2010-01-24 06:00:00,9100.0,9009.596
2010-01-24 07:00:00,9331.0,9340.672
2010-01-24 08:00:00,9592.0,9468.847
2010-01-24 09:00:00,9822.0,9811.251
2010-01-24 10:00:00,10043.0,10060.571
2010-01-24 11:00:00,10170.0,10093.893
2010-01-24 12:00:00,10271.0,10095.709
2010-01-24 13:00:00,10421.0,10122.44
2010-01-24 14:00:00,10550.0,10330.472
2010-01-24 15:00:00,10652.0,10555.573
2010-01-24 16:00:00,10898.0,10715.71
2010-01-24 17:00:00,11418.0,11374.228
2010-01-24 18:00:00,12004.0,11875.278
2010-01-24 19:00:00,11974.0,12118.622
2010-01-24 20:00:00,11874.0,11883.272
2010-01-24 21:00:00,11650.0,11663.778
2010-01-24 22:00:00,11338.0,11365.552
2010-01-24 23:00:00,10744.0,10755.354
2010-01-25 00:00:00,10137.0,10103.461
2010-01-25 01:00:00,9762.0,9670.223
2010-01-25 02:00:00,9540.0,9545.395
2010-01-25 03:00:00,9438.0,9377.515
2010-01-25 04:00:00,9517.0,9435.074
2010-01-25 05:00:00,9813.0,9834.547
2010-01-25 06:00:00,10582.0,10482.726
2010-01-25 07:00:00,11832.0,11761.887
2010-01-25 08:00:00,12668.0,12651.04
2010-01-25 09:00:00,12837.0,12906.121
2010-01-25 10:00:00,12893.0,12926.755
2010-01-25 11:00:00,12970.0,12976.305
2010-01-25 12:00:00,13006.0,12963.77
2010-01-25 13:00:00,13013.0,12941.427
2010-01-25 14:00:00,13097.0,12984.283
2010-01-25 15:00:00,13085.0,13008.906
2010-01-25 16:00:00,13135.0,13059.699
2010-01-25 17:00:00,13468.0,13463.847
2010-01-25 18:00:00,14084.0,14056.62
2010-01-25 19:00:00,13991.0,14021.918
2010-01-25 20:00:00,13848.0,13809.049
2010-01-25 21:00:00,13579.0,13504.671
2010-01-25 22:00:00,13049.0,12987.229
2010-01-25 23:00:00,12205.0,12120.456
2010-01-26 00:00:00,11434.0,11320.414
2010-01-26 01:00:00,10933.0,10849.495
2010-01-26 02:00:00,10671.0,10592.093
2010-01-26 03:00:00,10527.0,10476.246
2010-01-26 04:00:00,10555.0,10447.534
2010-01-26 05:00:00,10800.0,10689.64
2010-01-26 06:00:00,11496.0,11433.727
2010-01-26 07:00:00,12741.0,12726.544
2010-01-26 08:00:00,13388.0,13396.541
2010-01-26 09:00:00,13507.0,13506.037
2010-01-26 10:00:00,13580.0,13530.409
2010-01-26 11:00:00,13603.0,13628.142
2010-01-26 12:00:00,13611.0,13558.497
2010-01-26 13:00:00,13566.0,13529.6455
2010-01-26 14:00:00,13564.0,13548.983
2010-01-26 15:00:00,13548.0,13487.707
2010-01-26 16:00:00,13490.0,13549.758
2010-01-26 17:00:00,13866.0,13923.306
2010-01-26 18:00:00,14592.0,14617.816
2010-01-26 19:00:00,14561.0,14656.522
2010-01-26 20:00:00,14392.0,14410.361
2010-01-26 21:00:00,14135.0,14117.606
2010-01-26 22:00:00,13625.0,13615.107
2010-01-26 23:00:00,12756.0,12691.448
2010-01-27 00:00:00,11951.0,11882.677
2010-01-27 01:00:00,11460.0,11415.459
2010-01-27 02:00:00,11225.0,11181.448
2010-01-27 03:00:00,11084.0,11117.044
2010-01-27 04:00:00,11091.0,11067.205
2010-01-27 05:00:00,11328.0,11349.273
2010-01-27 06:00:00,12077.0,12006.833
2010-01-27 07:00:00,13258.0,13222.021
2010-01-27 08:00:00,13836.0,13812.11
2010-01-27 09:00:00,13855.0,14006.704
2010-01-27 10:00:00,13865.0,13833.966
2010-01-27 11:00:00,13972.0,13902.274
2010-01-27 12:00:00,13946.0,14022.785
2010-01-27 13:00:00,13866.0,13916.589
2010-01-27 14:00:00,13860.0,13840.189
2010-01-27 15:00:00,13705.0,13844.807
2010-01-27 16:00:00,13642.0,13666.202
2010-01-27 17:00:00,13944.0,14058.716
2010-01-27 18:00:00,14615.0,14779.398
2010-01-27 19:00:00,14550.0,14876.632
2010-01-27 20:00:00,14333.0,14388.948
2010-01-27 21:00:00,14044.0,14008.049
2010-01-27 22:00:00,13496.0,13539.369
2010-01-27 23:00:00,12654.0,12637.64
2010-01-28 00:00:00,11891.0,11908.008
2010-01-28 01:00:00,11464.0,11421.724
2010-01-28 02:00:00,11243.0,11188.511
2010-01-28 03:00:00,11135.0,11105.177
2010-01-28 04:00:00,11154.0,11186.403
2010-01-28 05:00:00,11443.0,11445.739
2010-01-28 06:00:00,12148.0,12034.279
2010-01-28 07:00:00,13376.0,13236.317
2010-01-28 08:00:00,13940.0,13970.049
2010-01-28 09:00:00,13954.0,14041.074
2010-01-28 10:00:00,13986.0,13881.841
2010-01-28 11:00:00,13964.0,13912.992
2010-01-28 12:00:00,13883.0,13825.299
2010-01-28 13:00:00,13756.0,13785.432
2010-01-28 14:00:00,13718.0,13735.842
2010-01-28 15:00:00,13614.0,13610.678
2010-01-28 16:00:00,13578.0,13563.448
2010-01-28 17:00:00,13901.0,13962.922
2010-01-28 18:00:00,14791.0,14710.975
2010-01-28 19:00:00,14892.0,14948.767
2010-01-28 20:00:00,14740.0,14736.022
2010-01-28 21:00:00,14480.0,14375.77
2010-01-28 22:00:00,13910.0,13918.911
2010-01-28 23:00:00,13062.0,12966.0205
2010-01-29 00:00:00,12286.0,12234.592
2010-01-29 01:00:00,11828.0,11731.416
2010-01-29 02:00:00,11551.0,11550.117
2010-01-29 03:00:00,11381.0,11445.19
2010-01-29 04:00:00,11386.0,11402.698
2010-01-29 05:00:00,11621.0,11676.24
2010-01-29 06:00:00,12248.0,12292.002
2010-01-29 07:00:00,13404.0,13262.743
2010-01-29 08:00:00,13925.0,13918.449
2010-01-29 09:00:00,14005.0,14014.985
2010-01-29 10:00:00,13914.0,13917.276
2010-01-29 11:00:00,13861.0,13848.993
2010-01-29 12:00:00,13677.0,13739.908
2010-01-29 13:00:00,13482.0,13563.589
2010-01-29 14:00:00,13357.0,13486.015
2010-01-29 15:00:00,13176.0,13261.285
2010-01-29 16:00:00,13099.0,13091.578
2010-01-29 17:00:00,13396.0,13401.146
2010-01-29 18:00:00,14213.0,14148.176
2010-01-29 19:00:00,14254.0,14289.342
2010-01-29 20:00:00,13991.0,14014.509
2010-01-29 21:00:00,13698.0,13702.427
2010-01-29 22:00:00,13274.0,13225.355
2010-01-29 23:00:00,12559.0,12506.628
2010-01-30 00:00:00,11835.0,11803.542
2010-01-30 01:00:00,11261.0,11249.412
2010-01-30 02:00:00,10943.0,10921.237
2010-01-30 03:00:00,10755.0,10687.764
2010-01-30 04:00:00,10648.0,10607.744
2010-01-30 05:00:00,10694.0,10609.617
2010-01-30 06:00:00,10948.0,10815.777
2010-01-30 07:00:00,11442.0,11359.015
2010-01-30 08:00:00,11635.0,11741.013
2010-01-30 09:00:00,11922.0,11906.311
2010-01-30 10:00:00,12107.0,11952.29
2010-01-30 11:00:00,12087.0,12141.131
2010-01-30 12:00:00,11991.0,11927.628
2010-01-30 13:00:00,11819.0,11798.474
2010-01-30 14:00:00,11555.0,11578.66
2010-01-30 15:00:00,11303.0,11403.775
2010-01-30 16:00:00,11444.0,11277.482
2010-01-30 17:00:00,11793.0,11913.269
2010-01-30 18:00:00,12533.0,12574.616
2010-01-30 19:00:00,12786.0,12765.97
2010-01-30 20:00:00,12664.0,12670.778
2010-01-30 21:00:00,12487.0,12501.623
2010-01-30 22:00:00,12151.0,12153.002
2010-01-30 23:00:00,11607.0,11642.539
2010-01-31 00:00:00,11066.0,11044.132
2010-01-31 01:00:00,10648.0,10572.316
2010-01-31 02:00:00,10396.0,10348.125
2010-01-31 03:00:00,10245.0,10213.021
2010-01-31 04:00:00,10183.0,10144.717
2010-01-31 05:00:00,10248.0,10187.188
2010-01-31 06:00:00,10404.0,10345.926
2010-01-31 07:00:00,10726.0,10468.573
2010-01-31 08:00:00,10756.0,10786.797
2010-01-31 09:00:00,10942.0,10804.724
2010-01-31 10:00:00,11033.0,11075.678
2010-01-31 11:00:00,11114.0,11167.289
2010-01-31 12:00:00,11071.0,11142.042
2010-01-31 13:00:00,11019.0,10999.854
2010-01-31 14:00:00,10882.0,10982.231
2010-01-31 15:00:00,10832.0,10815.81
2010-01-31 16:00:00,10873.0,10870.791
2010-01-31 17:00:00,11264.0,11233.469
2010-01-31 18:00:00,12298.0,12065.355
2010-01-31 19:00:00,12673.0,12653.179
2010-01-31 20:00:00,12587.0,12664.913
2010-01-31 21:00:00,12414.0,12428.64
2010-01-31 22:00:00,12041.0,12029.263
2010-01-31 23:00:00,11487.0,11479.893
2010-02-01 00:00:00,10854.0,10960.209
2010-02-01 01:00:00,10567.0,10445.846
2010-02-01 02:00:00,10358.0,10396.494
2010-02-01 03:00:00,10332.0,10219.725
2010-02-01 04:00:00,10338.0,10247.952
2010-02-01 05:00:00,10655.0,10622.649
2010-02-01 06:00:00,11389.0,11360.523
2010-02-01 07:00:00,12602.0,12516.866
2010-02-01 08:00:00,13257.0,13159.687
2010-02-01 09:00:00,13328.0,13456.601
2010-02-01 10:00:00,13391.0,13380.003
2010-02-01 11:00:00,13371.0,13428.187
2010-02-01 12:00:00,13225.0,13322.943
2010-02-01 13:00:00,13049.0,13126.714
2010-02-01 14:00:00,12935.0,13028.148
2010-02-01 15:00:00,12850.0,12814.801
2010-02-01 16:00:00,12795.0,12841.124
2010-02-01 17:00:00,13046.0,13020.862
2010-02-01 18:00:00,13772.0,13807.473
2010-02-01 19:00:00,13800.0,14034.498
2010-02-01 20:00:00,13592.0,13652.114
2010-02-01 21:00:00,13240.0,13346.614
2010-02-01 22:00:00,12664.0,12784.306
2010-02-01 23:00:00,11733.0,11811.468
2010-02-02 00:00:00,10931.0,10980.635
2010-02-02 01:00:00,10406.0,10399.386
2010-02-02 02:00:00,10170.0,10078.091
2010-02-02 03:00:00,10010.0,9939.82
2010-02-02 04:00:00,9982.0,9916.901
2010-02-02 05:00:00,10290.0,10017.006
2010-02-02 06:00:00,11005.0,10835.422
2010-02-02 07:00:00,12189.0,12202.488
2010-02-02 08:00:00,12717.0,12887.516
2010-02-02 09:00:00,12897.0,12919.484
2010-02-02 10:00:00,12978.0,12900.228
2010-02-02 11:00:00,13001.0,12965.455
2010-02-02 12:00:00,12936.0,12905.665
2010-02-02 13:00:00,12903.0,12821.845
2010-02-02 14:00:00,12893.0,12909.014
2010-02-02 15:00:00,12841.0,12805.938
2010-02-02 16:00:00,12883.0,12802.667
2010-02-02 17:00:00,13093.0,13192.93
2010-02-02 18:00:00,13721.0,13648.638
2010-02-02 19:00:00,13728.0,13873.105
2010-02-02 20:00:00,13499.0,13528.677
2010-02-02 21:00:00,13224.0,13213.093
2010-02-02 22:00:00,12667.0,12692.326
2010-02-02 23:00:00,11817.0,11804.3955
2010-02-03 00:00:00,11056.0,11006.171
2010-02-03 01:00:00,10540.0,10481.143
2010-02-03 02:00:00,10258.0,10203.444
2010-02-03 03:00:00,10109.0,10025.254
2010-02-03 04:00:00,10114.0,10012.129
2010-02-03 05:00:00,10364.0,10282.692
2010-02-03 06:00:00,11126.0,10966.481
2010-02-03 07:00:00,12366.0,12214.532
2010-02-03 08:00:00,13051.0,13044.955
2010-02-03 09:00:00,13212.0,13307.625
2010-02-03 10:00:00,13266.0,13206.95
2010-02-03 11:00:00,13270.0,13295.265
2010-02-03 12:00:00,13040.0,13204.901
2010-02-03 13:00:00,12838.0,12936.184
2010-02-03 14:00:00,12811.0,12760.357
2010-02-03 15:00:00,12704.0,12651.156
2010-02-03 16:00:00,12654.0,12621.798
2010-02-03 17:00:00,12942.0,12941.165
2010-02-03 18:00:00,13690.0,13603.947
2010-02-03 19:00:00,13761.0,13945.972
2010-02-03 20:00:00,13549.0,13597.576
2010-02-03 21:00:00,13250.0,13237.7295
2010-02-03 22:00:00,12696.0,12709.504
2010-02-03 23:00:00,11836.0,11783.348
2010-02-04 00:00:00,11057.0,10984.234
2010-02-04 01:00:00,10596.0,10467.624
2010-02-04 02:00:00,10323.0,10306.091
2010-02-04 03:00:00,10172.0,10126.221
2010-02-04 04:00:00,10166.0,10072.984
2010-02-04 05:00:00,10345.0,10354.658
2010-02-04 06:00:00,11080.0,10889.336
2010-02-04 07:00:00,12334.0,12178.434
2010-02-04 08:00:00,12905.0,12985.806
2010-02-04 09:00:00,13046.0,13079.2
2010-02-04 10:00:00,13097.0,13086.255
2010-02-04 11:00:00,13149.0,13072.202
2010-02-04 12:00:00,13094.0,13094.049
2010-02-04 13:00:00,12996.0,12973.478
2010-02-04 14:00:00,12917.0,12925.395
2010-02-04 15:00:00,12815.0,12739.033
2010-02-04 16:00:00,12774.0,12695.653
2010-02-04 17:00:00,12973.0,12991.893
2010-02-04 18:00:00,13665.0,13562.567
2010-02-04 19:00:00,13709.0,13959.853
2010-02-04 20:00:00,13505.0,13560.288
2010-02-04 21:00:00,13159.0,13223.934
2010-02-04 22:00:00,12619.0,12628.028
2010-02-04 23:00:00,11722.0,11682.02
2010-02-05 00:00:00,10936.0,10895.144
2010-02-05 01:00:00,10386.0,10362.757
2010-02-05 02:00:00,10107.0,10059.625
2010-02-05 03:00:00,9908.0,9854.968
2010-02-05 04:00:00,9922.0,9830.819
2010-02-05 05:00:00,10126.0,10048.935
2010-02-05 06:00:00,10824.0,10679.626
2010-02-05 07:00:00,12007.0,11909.021
2010-02-05 08:00:00,12616.0,12717.201
2010-02-05 09:00:00,12808.0,12754.622
2010-02-05 10:00:00,12832.0,12843.127
2010-02-05 11:00:00,12909.0,12894.691
2010-02-05 12:00:00,12856.0,12861.892
2010-02-05 13:00:00,12770.0,12774.427
2010-02-05 14:00:00,12781.0,12712.761
2010-02-05 15:00:00,12719.0,12630.542
2010-02-05 16:00:00,12807.0,12614.657
2010-02-05 17:00:00,13055.0,13017.354
2010-02-05 18:00:00,13605.0,13653.877
2010-02-05 19:00:00,13588.0,13737.103
2010-02-05 20:00:00,13292.0,13321.064
2010-02-05 21:00:00,12944.0,12912.212
2010-02-05 22:00:00,12548.0,12523.413
2010-02-05 23:00:00,11805.0,11838.573
2010-02-06 00:00:00,11124.0,11022.13
2010-02-06 01:00:00,10556.0,10508.036
2010-02-06 02:00:00,10265.0,10154.13
2010-02-06 03:00:00,10049.0,10004.934
2010-02-06 04:00:00,10008.0,9900.406
2010-02-06 05:00:00,10113.0,9959.735
2010-02-06 06:00:00,10390.0,10256.4
2010-02-06 07:00:00,10933.0,10576.9795
2010-02-06 08:00:00,11160.0,11192.44
2010-02-06 09:00:00,11549.0,11400.101
2010-02-06 10:00:00,11778.0,11737.442
2010-02-06 11:00:00,11894.0,11826.806
2010-02-06 12:00:00,11760.0,11858.939
2010-02-06 13:00:00,11577.0,11587.641
2010-02-06 14:00:00,11310.0,11371.728
2010-02-06 15:00:00,11268.0,11135.481
2010-02-06 16:00:00,11319.0,11245.333
2010-02-06 17:00:00,11661.0,11714.764
2010-02-06 18:00:00,12363.0,12241.065
2010-02-06 19:00:00,12509.0,12651.321
2010-02-06 20:00:00,12352.0,12428.554
2010-02-06 21:00:00,12170.0,12114.626
2010-02-06 22:00:00,11833.0,11882.181
2010-02-06 23:00:00,11262.0,11319.984
2010-02-07 00:00:00,10692.0,10677.344
2010-02-07 01:00:00,10223.0,10197.604
2010-02-07 02:00:00,9949.0,9939.576
2010-02-07 03:00:00,9764.0,9686.641
2010-02-07 04:00:00,9701.0,9634.9795
2010-02-07 05:00:00,9715.0,9661.158
2010-02-07 06:00:00,9882.0,9793.644
2010-02-07 07:00:00,10124.0,10019.805
2010-02-07 08:00:00,10120.0,10209.775
2010-02-07 09:00:00,10375.0,10145.07
2010-02-07 10:00:00,10507.0,10430.277
2010-02-07 11:00:00,10635.0,10477.251
2010-02-07 12:00:00,10646.0,10595.303
2010-02-07 13:00:00,10609.0,10530.641
2010-02-07 14:00:00,10604.0,10521.967
2010-02-07 15:00:00,10553.0,10536.149
2010-02-07 16:00:00,10631.0,10539.195
2010-02-07 17:00:00,10881.0,10960.337
2010-02-07 18:00:00,11778.0,11497.141
2010-02-07 19:00:00,12083.0,12226.891
2010-02-07 20:00:00,11932.0,12037.415
2010-02-07 21:00:00,11737.0,11740.554
2010-02-07 22:00:00,11523.0,11447.916
2010-02-07 23:00:00,11023.0,10916.186
2010-02-08 00:00:00,10463.0,10477.72
2010-02-08 01:00:00,10087.0,10022.024
2010-02-08 02:00:00,9915.0,9817.159
2010-02-08 03:00:00,9852.0,9843.864
2010-02-08 04:00:00,9944.0,9812.447
2010-02-08 05:00:00,10246.0,10178.636
2010-02-08 06:00:00,11068.0,10941.402
2010-02-08 07:00:00,12287.0,12175.852
2010-02-08 08:00:00,12869.0,12855.746
2010-02-08 09:00:00,12987.0,13109.371
2010-02-08 10:00:00,12970.0,13011.192
2010-02-08 11:00:00,12937.0,12972.116
2010-02-08 12:00:00,12811.0,12829.191
2010-02-08 13:00:00,12705.0,12658.673
2010-02-08 14:00:00,12639.0,12664.926
2010-02-08 15:00:00,12554.0,12488.954
2010-02-08 16:00:00,12570.0,12511.001
2010-02-08 17:00:00,12812.0,12895.831
2010-02-08 18:00:00,13567.0,13381.132
2010-02-08 19:00:00,13686.0,13852.283
2010-02-08 20:00:00,13488.0,13542.631
2010-02-08 21:00:00,13179.0,13191.697
2010-02-08 22:00:00,12622.0,12663.335
2010-02-08 23:00:00,11743.0,11680.542
2010-02-09 00:00:00,10980.0,10925.454
2010-02-09 01:00:00,10494.0,10454.514
2010-02-09 02:00:00,10257.0,10185.446
2010-02-09 03:00:00,10136.0,10076.794
2010-02-09 04:00:00,10176.0,10073.653
2010-02-09 05:00:00,10462.0,10361.582
2010-02-09 06:00:00,11210.0,11062.116
2010-02-09 07:00:00,12380.0,12313.467
2010-02-09 08:00:00,12903.0,12881.899
2010-02-09 09:00:00,13119.0,13097.661
2010-02-09 10:00:00,13208.0,13180.613
2010-02-09 11:00:00,13284.0,13240.694
2010-02-09 12:00:00,13246.0,13203.702
2010-02-09 13:00:00,13170.0,13160.003
2010-02-09 14:00:00,13127.0,13203.087
2010-02-09 15:00:00,13026.0,13033.392
2010-02-09 16:00:00,12949.0,12975.75
2010-02-09 17:00:00,13173.0,13100.007
2010-02-09 18:00:00,13871.0,13767.967
2010-02-09 19:00:00,14000.0,14201.158
2010-02-09 20:00:00,13782.0,13824.039
2010-02-09 21:00:00,13437.0,13493.009
2010-02-09 22:00:00,12844.0,12827.386
2010-02-09 23:00:00,11961.0,11862.552
2010-02-10 00:00:00,11224.0,11126.74
2010-02-10 01:00:00,10758.0,10699.968
2010-02-10 02:00:00,10441.0,10484.371
2010-02-10 03:00:00,10327.0,10269.836
2010-02-10 04:00:00,10408.0,10259.616
2010-02-10 05:00:00,10653.0,10694.763
2010-02-10 06:00:00,11381.0,11395.523
2010-02-10 07:00:00,12545.0,12584.095
2010-02-10 08:00:00,12938.0,13166.117
2010-02-10 09:00:00,13013.0,13022.773
2010-02-10 10:00:00,13084.0,12990.94
2010-02-10 11:00:00,13094.0,13091.841
2010-02-10 12:00:00,13132.0,13007.82
2010-02-10 13:00:00,13129.0,13090.64
2010-02-10 14:00:00,13106.0,13161.307
2010-02-10 15:00:00,13040.0,12997.999
2010-02-10 16:00:00,13006.0,13002.682
2010-02-10 17:00:00,13185.0,13209.485
2010-02-10 18:00:00,13847.0,13760.32
2010-02-10 19:00:00,14014.0,14130.134
2010-02-10 20:00:00,13809.0,13832.504
2010-02-10 21:00:00,13513.0,13509.914
2010-02-10 22:00:00,12956.0,12963.135
2010-02-10 23:00:00,12112.0,12081.236
2010-02-11 00:00:00,11354.0,11293.2295
2010-02-11 01:00:00,10907.0,10824.835
2010-02-11 02:00:00,10660.0,10600.557
2010-02-11 03:00:00,10585.0,10476.709
2010-02-11 04:00:00,10580.0,10550.982
2010-02-11 05:00:00,10887.0,10818.067
2010-02-11 06:00:00,11634.0,11654.529
2010-02-11 07:00:00,12789.0,12658.494
2010-02-11 08:00:00,13232.0,13275.788
2010-02-11 09:00:00,13252.0,13300.347
2010-02-11 10:00:00,13181.0,13255.021
2010-02-11 11:00:00,13112.0,13210.393
2010-02-11 12:00:00,12993.0,13026.636
2010-02-11 13:00:00,12890.0,12883.448
2010-02-11 14:00:00,12770.0,12826.959
2010-02-11 15:00:00,12593.0,12644.234
2010-02-11 16:00:00,12472.0,12487.607
2010-02-11 17:00:00,12602.0,12781.443
2010-02-11 18:00:00,13387.0,13129.933
2010-02-11 19:00:00,13829.0,13783.503
2010-02-11 20:00:00,13700.0,13730.236
2010-02-11 21:00:00,13468.0,13416.839
2010-02-11 22:00:00,13000.0,12871.973
2010-02-11 23:00:00,12179.0,12117.567
2010-02-12 00:00:00,11475.0,11349.766
2010-02-12 01:00:00,10989.0,10904.165
2010-02-12 02:00:00,10725.0,10713.78
2010-02-12 03:00:00,10557.0,10565.933
2010-02-12 04:00:00,10608.0,10480.153
2010-02-12 05:00:00,10834.0,10798.52
2010-02-12 06:00:00,11515.0,11492.754
2010-02-12 07:00:00,12532.0,12409.234
2010-02-12 08:00:00,12909.0,13052.69
2010-02-12 09:00:00,13001.0,12946.745
2010-02-12 10:00:00,13030.0,12984.57
2010-02-12 11:00:00,12897.0,13021.305
2010-02-12 12:00:00,12737.0,12771.358
2010-02-12 13:00:00,12555.0,12550.786
2010-02-12 14:00:00,12458.0,12414.585
2010-02-12 15:00:00,12276.0,12340.454
2010-02-12 16:00:00,12174.0,12188.109
2010-02-12 17:00:00,12297.0,12411.424
2010-02-12 18:00:00,12993.0,12929.639
2010-02-12 19:00:00,13390.0,13543.838
2010-02-12 20:00:00,13220.0,13316.278
2010-02-12 21:00:00,12960.0,12934.796
2010-02-12 22:00:00,12650.0,12479.289
2010-02-12 23:00:00,11950.0,11963.836
2010-02-13 00:00:00,11330.0,11223.378
2010-02-13 01:00:00,10817.0,10813.004
2010-02-13 02:00:00,10523.0,10508.247
2010-02-13 03:00:00,10355.0,10239.98
2010-02-13 04:00:00,10311.0,10195.825
2010-02-13 05:00:00,10422.0,10285.532
2010-02-13 06:00:00,10735.0,10565.926
2010-02-13 07:00:00,11183.0,10999.797
2010-02-13 08:00:00,11324.0,11353.207
2010-02-13 09:00:00,11570.0,11467.205
2010-02-13 10:00:00,11615.0,11625.75
2010-02-13 11:00:00,11619.0,11564.778
2010-02-13 12:00:00,11480.0,11482.383
2010-02-13 13:00:00,11269.0,11272.804
2010-02-13 14:00:00,11044.0,11029.379
2010-02-13 15:00:00,10844.0,10929.017
2010-02-13 16:00:00,10852.0,10768.186
2010-02-13 17:00:00,11032.0,11191.6455
2010-02-13 18:00:00,11813.0,11674.24
2010-02-13 19:00:00,12299.0,12362.245
2010-02-13 20:00:00,12308.0,12303.689
2010-02-13 21:00:00,12134.0,12029.837
2010-02-13 22:00:00,11859.0,11849.369
2010-02-13 23:00:00,11421.0,11291.546
2010-02-14 00:00:00,10866.0,10862.618
2010-02-14 01:00:00,10525.0,10409.416
2010-02-14 02:00:00,10270.0,10193.273
2010-02-14 03:00:00,10164.0,10029.013
2010-02-14 04:00:00,10107.0,10038.503
2010-02-14 05:00:00,10173.0,10065.346
2010-02-14 06:00:00,10352.0,10287.408
2010-02-14 07:00:00,10587.0,10436.445
2010-02-14 08:00:00,10578.0,10625.709
2010-02-14 09:00:00,10718.0,10721.755
2010-02-14 10:00:00,10753.0,10821.057
2010-02-14 11:00:00,10765.0,10766.001
2010-02-14 12:00:00,10695.0,10725.638
2010-02-14 13:00:00,10591.0,10601.341
2010-02-14 14:00:00,10482.0,10484.511
2010-02-14 15:00:00,10332.0,10367.123
2010-02-14 16:00:00,10341.0,10260.033
2010-02-14 17:00:00,10673.0,10633.748
2010-02-14 18:00:00,11573.0,11356.93
2010-02-14 19:00:00,12183.0,12172.125
2010-02-14 20:00:00,12159.0,12233.229
2010-02-14 21:00:00,12037.0,12014.981
2010-02-14 22:00:00,11782.0,11721.495
2010-02-14 23:00:00,11288.0,11247.845
2010-02-15 00:00:00,10755.0,10720.3955
2010-02-15 01:00:00,10459.0,10345.031
2010-02-15 02:00:00,10257.0,10230.6045
2010-02-15 03:00:00,10192.0,10108.045
2010-02-15 04:00:00,10211.0,10168.564
2010-02-15 05:00:00,10454.0,10459.718
2010-02-15 06:00:00,11093.0,11037.27
2010-02-15 07:00:00,12045.0,12089.069
2010-02-15 08:00:00,12399.0,12667.275
2010-02-15 09:00:00,12716.0,12629.284
2010-02-15 10:00:00,12861.0,12860.213
2010-02-15 11:00:00,12912.0,13021.688
2010-02-15 12:00:00,12844.0,12838.493
2010-02-15 13:00:00,12750.0,12750.121
2010-02-15 14:00:00,12757.0,12703.155
2010-02-15 15:00:00,12679.0,12673.514
2010-02-15 16:00:00,12593.0,12652.695
2010-02-15 17:00:00,12768.0,12854.073
2010-02-15 18:00:00,13477.0,13342.026
2010-02-15 19:00:00,13739.0,13864.839
2010-02-15 20:00:00,13568.0,13669.714
2010-02-15 21:00:00,13260.0,13304.177
2010-02-15 22:00:00,12732.0,12680.017
2010-02-15 23:00:00,11877.0,11790.74
2010-02-16 00:00:00,11109.0,11075.848
2010-02-16 01:00:00,10600.0,10519.956
2010-02-16 02:00:00,10327.0,10283.895
2010-02-16 03:00:00,10160.0,10143.54
2010-02-16 04:00:00,10158.0,10090.656
2010-02-16 05:00:00,10449.0,10362.551
2010-02-16 06:00:00,11146.0,11043.863
2010-02-16 07:00:00,12310.0,12241.794
2010-02-16 08:00:00,12738.0,12870.635
2010-02-16 09:00:00,12827.0,12995.937
2010-02-16 10:00:00,12803.0,12834.896
2010-02-16 11:00:00,12789.0,12773.39
2010-02-16 12:00:00,12753.0,12642.177
2010-02-16 13:00:00,12713.0,12634.567
2010-02-16 14:00:00,12726.0,12694.097
2010-02-16 15:00:00,12643.0,12632.288
2010-02-16 16:00:00,12661.0,12620.672
2010-02-16 17:00:00,12869.0,12985.751
2010-02-16 18:00:00,13433.0,13520.188
2010-02-16 19:00:00,13664.0,13700.129
2010-02-16 20:00:00,13461.0,13548.848
2010-02-16 21:00:00,13118.0,13159.336
2010-02-16 22:00:00,12532.0,12564.851
2010-02-16 23:00:00,11672.0,11588.566
2010-02-17 00:00:00,10836.0,10844.265
2010-02-17 01:00:00,10315.0,10287.434
2010-02-17 02:00:00,10019.0,9985.573
2010-02-17 03:00:00,9853.0,9802.594
2010-02-17 04:00:00,9860.0,9824.043
2010-02-17 05:00:00,10150.0,10007.149
2010-02-17 06:00:00,10876.0,10810.376
2010-02-17 07:00:00,12010.0,11958.741
2010-02-17 08:00:00,12551.0,12631.512
2010-02-17 09:00:00,12729.0,12722.796
2010-02-17 10:00:00,12737.0,12733.578
2010-02-17 11:00:00,12733.0,12736.002
2010-02-17 12:00:00,12697.0,12616.985
2010-02-17 13:00:00,12655.0,12607.604
2010-02-17 14:00:00,12671.0,12630.545
2010-02-17 15:00:00,12631.0,12621.593
2010-02-17 16:00:00,12620.0,12534.308
2010-02-17 17:00:00,12791.0,12812.945
2010-02-17 18:00:00,13366.0,13279.072
2010-02-17 19:00:00,13557.0,13644.15
2010-02-17 20:00:00,13333.0,13461.486
2010-02-17 21:00:00,13006.0,13020.237
2010-02-17 22:00:00,12472.0,12390.687
2010-02-17 23:00:00,11595.0,11580.851
2010-02-18 00:00:00,10761.0,10783.004
2010-02-18 01:00:00,10222.0,10201.294
2010-02-18 02:00:00,9926.0,9914.958
2010-02-18 03:00:00,9759.0,9757.146
2010-02-18 04:00:00,9748.0,9738.133
2010-02-18 05:00:00,9977.0,9902.1
2010-02-18 06:00:00,10738.0,10570.014
2010-02-18 07:00:00,11884.0,11844.009
2010-02-18 08:00:00,12342.0,12560.555
2010-02-18 09:00:00,12434.0,12532.523
2010-02-18 10:00:00,12404.0,12444.765
2010-02-18 11:00:00,12372.0,12482.065
2010-02-18 12:00:00,12264.0,12260.04
2010-02-18 13:00:00,12152.0,12158.697
2010-02-18 14:00:00,12075.0,12094.082
2010-02-18 15:00:00,11933.0,11926.253
2010-02-18 16:00:00,11827.0,11873.719
2010-02-18 17:00:00,11919.0,11989.251
2010-02-18 18:00:00,12561.0,12453.788
2010-02-18 19:00:00,13150.0,12914.111
2010-02-18 20:00:00,13037.0,12976.246
2010-02-18 21:00:00,12794.0,12703.567
2010-02-18 22:00:00,12369.0,12313.622
2010-02-18 23:00:00,11563.0,11526.503
2010-02-19 00:00:00,10822.0,10788.183
2010-02-19 01:00:00,10382.0,10245.996
2010-02-19 02:00:00,10099.0,10064.162
2010-02-19 03:00:00,10009.0,9852.349
2010-02-19 04:00:00,9991.0,9917.087
2010-02-19 05:00:00,10309.0,10022.705
2010-02-19 06:00:00,10981.0,10876.52
2010-02-19 07:00:00,12085.0,11986.022
2010-02-19 08:00:00,12491.0,12536.11
2010-02-19 09:00:00,12489.0,12605.66
2010-02-19 10:00:00,12456.0,12460.261
2010-02-19 11:00:00,12405.0,12458.677
2010-02-19 12:00:00,12263.0,12309.474
2010-02-19 13:00:00,12102.0,12141.336
2010-02-19 14:00:00,11967.0,12042.98
2010-02-19 15:00:00,11795.0,11866.081
2010-02-19 16:00:00,11698.0,11655.751
2010-02-19 17:00:00,11848.0,11859.108
2010-02-19 18:00:00,12450.0,12430.433
2010-02-19 19:00:00,12815.0,12796.961
2010-02-19 20:00:00,12577.0,12782.438
2010-02-19 21:00:00,12318.0,12304.226
2010-02-19 22:00:00,11915.0,11914.363
2010-02-19 23:00:00,11173.0,11274.208
2010-02-20 00:00:00,10487.0,10513.001
2010-02-20 01:00:00,9961.0,9947.231
2010-02-20 02:00:00,9663.0,9570.42
2010-02-20 03:00:00,9498.0,9455.958
2010-02-20 04:00:00,9439.0,9399.602
2010-02-20 05:00:00,9507.0,9494.486
2010-02-20 06:00:00,9809.0,9646.284
2010-02-20 07:00:00,10278.0,10079.183
2010-02-20 08:00:00,10520.0,10490.408
2010-02-20 09:00:00,11001.0,10609.332
2010-02-20 10:00:00,11228.0,11173.009
2010-02-20 11:00:00,11428.0,11410.14
2010-02-20 12:00:00,11283.0,11381.957
2010-02-20 13:00:00,11042.0,11100.297
2010-02-20 14:00:00,10788.0,10876.556
2010-02-20 15:00:00,10714.0,10573.877
2010-02-20 16:00:00,10684.0,10655.498
2010-02-20 17:00:00,10880.0,10907.801
2010-02-20 18:00:00,11422.0,11390.204
2010-02-20 19:00:00,11781.0,11783.268
2010-02-20 20:00:00,11631.0,11887.781
2010-02-20 21:00:00,11435.0,11429.388
2010-02-20 22:00:00,11076.0,11115.737
2010-02-20 23:00:00,10595.0,10626.588
2010-02-21 00:00:00,10002.0,10027.725
2010-02-21 01:00:00,9609.0,9507.852
2010-02-21 02:00:00,9264.0,9295.49
2010-02-21 03:00:00,9136.0,9083.402
2010-02-21 04:00:00,9015.0,9046.45
2010-02-21 05:00:00,9121.0,9054.929
2010-02-21 06:00:00,9202.0,9289.411
2010-02-21 07:00:00,9452.0,9354.74
2010-02-21 08:00:00,9562.0,9624.692
2010-02-21 09:00:00,9906.0,9773.309
2010-02-21 10:00:00,10180.0,10144.835
2010-02-21 11:00:00,10315.0,10275.502
2010-02-21 12:00:00,10425.0,10171.958
2010-02-21 13:00:00,10441.0,10268.866
2010-02-21 14:00:00,10493.0,10352.138
2010-02-21 15:00:00,10484.0,10412.079
2010-02-21 16:00:00,10585.0,10479.641
2010-02-21 17:00:00,10936.0,10868.778
2010-02-21 18:00:00,11721.0,11491.7705
2010-02-21 19:00:00,12119.0,12041.048
2010-02-21 20:00:00,12060.0,12129.184
2010-02-21 21:00:00,11856.0,11808.564
2010-02-21 22:00:00,11474.0,11432.538
2010-02-21 23:00:00,10862.0,10858.482
2010-02-22 00:00:00,10236.0,10258.711
2010-02-22 01:00:00,9877.0,9778.935
2010-02-22 02:00:00,9645.0,9648.011
2010-02-22 03:00:00,9548.0,9540.433
2010-02-22 04:00:00,9579.0,9467.637
2010-02-22 05:00:00,9896.0,9778.014
2010-02-22 06:00:00,10624.0,10561.005
2010-02-22 07:00:00,11760.0,11776.71
2010-02-22 08:00:00,12218.0,12467.174
2010-02-22 09:00:00,12503.0,12483.143
2010-02-22 10:00:00,12636.0,12579.1455
2010-02-22 11:00:00,12770.0,12678.298
2010-02-22 12:00:00,12780.0,12779.876
2010-02-22 13:00:00,12748.0,12701.481
2010-02-22 14:00:00,12740.0,12728.222
2010-02-22 15:00:00,12649.0,12674.244
2010-02-22 16:00:00,12570.0,12622.618
2010-02-22 17:00:00,12708.0,12762.717
2010-02-22 18:00:00,13221.0,13168.937
2010-02-22 19:00:00,13418.0,13574.912
2010-02-22 20:00:00,13203.0,13339.316
2010-02-22 21:00:00,12851.0,12933.067
2010-02-22 22:00:00,12274.0,12308.092
2010-02-22 23:00:00,11430.0,11393.041
2010-02-23 00:00:00,10613.0,10607.39
2010-02-23 01:00:00,10114.0,10040.058
2010-02-23 02:00:00,9819.0,9767.187
2010-02-23 03:00:00,9681.0,9665.605
2010-02-23 04:00:00,9722.0,9612.03
2010-02-23 05:00:00,9956.0,9915.619
2010-02-23 06:00:00,10696.0,10612.549
2010-02-23 07:00:00,11790.0,11756.259
2010-02-23 08:00:00,12297.0,12420.136
2010-02-23 09:00:00,12479.0,12525.466
2010-02-23 10:00:00,12499.0,12507.806
2010-02-23 11:00:00,12512.0,12559.917
2010-02-23 12:00:00,12525.0,12412.799
2010-02-23 13:00:00,12491.0,12417.869
2010-02-23 14:00:00,12451.0,12468.8545
2010-02-23 15:00:00,12305.0,12314.009
2010-02-23 16:00:00,12188.0,12180.067
2010-02-23 17:00:00,12325.0,12302.364
2010-02-23 18:00:00,12945.0,12834.719
2010-02-23 19:00:00,13441.0,13346.54
2010-02-23 20:00:00,13287.0,13335.509
2010-02-23 21:00:00,13024.0,12999.548
2010-02-23 22:00:00,12503.0,12421.433
2010-02-23 23:00:00,11674.0,11651.296
2010-02-24 00:00:00,10941.0,10874.097
2010-02-24 01:00:00,10461.0,10334.729
2010-02-24 02:00:00,10193.0,10126.708
2010-02-24 03:00:00,10065.0,9967.957
2010-02-24 04:00:00,10095.0,9998.941
2010-02-24 05:00:00,10371.0,10189.777
2010-02-24 06:00:00,11085.0,10997.77
2010-02-24 07:00:00,12196.0,12132.851
2010-02-24 08:00:00,12689.0,12660.783
2010-02-24 09:00:00,12883.0,12811.326
2010-02-24 10:00:00,12900.0,12883.72
2010-02-24 11:00:00,12920.0,12910.164
2010-02-24 12:00:00,12912.0,12838.721
2010-02-24 13:00:00,12847.0,12832.619
2010-02-24 14:00:00,12839.0,12871.324
2010-02-24 15:00:00,12830.0,12733.398
2010-02-24 16:00:00,12838.0,12839.218
2010-02-24 17:00:00,12977.0,13071.554
2010-02-24 18:00:00,13440.0,13467.748
2010-02-24 19:00:00,13841.0,13660.99
2010-02-24 20:00:00,13664.0,13749.521
2010-02-24 21:00:00,13356.0,13382.677
2010-02-24 22:00:00,12778.0,12786.622
2010-02-24 23:00:00,11865.0,11873.15
2010-02-25 00:00:00,11069.0,11085.169
2010-02-25 01:00:00,10562.0,10524.609
2010-02-25 02:00:00,10292.0,10188.351
2010-02-25 03:00:00,10136.0,10069.643
2010-02-25 04:00:00,10155.0,10032.397
2010-02-25 05:00:00,10432.0,10360.542
2010-02-25 06:00:00,11138.0,11043.526
2010-02-25 07:00:00,12169.0,12144.647
2010-02-25 08:00:00,12595.0,12766.459
2010-02-25 09:00:00,12703.0,12711.219
2010-02-25 10:00:00,12672.0,12738.982
2010-02-25 11:00:00,12718.0,12741.724
2010-02-25 12:00:00,12646.0,12648.453
2010-02-25 13:00:00,12543.0,12582.057
2010-02-25 14:00:00,12487.0,12509.235
2010-02-25 15:00:00,12368.0,12427.361
2010-02-25 16:00:00,12280.0,12295.238
2010-02-25 17:00:00,12403.0,12517.282
2010-02-25 18:00:00,12936.0,12982.563
2010-02-25 19:00:00,13652.0,13371.917
2010-02-25 20:00:00,13573.0,13543.312
2010-02-25 21:00:00,13273.0,13266.42
2010-02-25 22:00:00,12797.0,12671.875
2010-02-25 23:00:00,11985.0,11902.181
2010-02-26 00:00:00,11287.0,11160.443
2010-02-26 01:00:00,10767.0,10709.755
2010-02-26 02:00:00,10557.0,10436.861
2010-02-26 03:00:00,10397.0,10319.911
2010-02-26 04:00:00,10453.0,10343.044
2010-02-26 05:00:00,10706.0,10619.934
2010-02-26 06:00:00,11387.0,11301.073
2010-02-26 07:00:00,12351.0,12393.706
2010-02-26 08:00:00,12779.0,12701.439
2010-02-26 09:00:00,12900.0,12900.61
2010-02-26 10:00:00,12845.0,12888.732
2010-02-26 11:00:00,12816.0,12852.252
2010-02-26 12:00:00,12662.0,12675.955
2010-02-26 13:00:00,12530.0,12536.697
2010-02-26 14:00:00,12478.0,12457.509
2010-02-26 15:00:00,12342.0,12412.062
2010-02-26 16:00:00,12213.0,12265.346
2010-02-26 17:00:00,12277.0,12404.347
2010-02-26 18:00:00,12685.0,12785.423
2010-02-26 19:00:00,13296.0,13304.328
2010-02-26 20:00:00,13045.0,13259.865
2010-02-26 21:00:00,12791.0,12724.973
2010-02-26 22:00:00,12344.0,12395.688
2010-02-26 23:00:00,11683.0,11629.683
2010-02-27 00:00:00,10940.0,10952.211
2010-02-27 01:00:00,10431.0,10355.097
2010-02-27 02:00:00,10067.0,10014.978
2010-02-27 03:00:00,9863.0,9769.908
2010-02-27 04:00:00,9776.0,9718.778
2010-02-27 05:00:00,9834.0,9750.944
2010-02-27 06:00:00,10098.0,9948.237
2010-02-27 07:00:00,10451.0,10293.637
2010-02-27 08:00:00,10684.0,10496.679
2010-02-27 09:00:00,11098.0,10768.689
2010-02-27 10:00:00,11291.0,11280.916
2010-02-27 11:00:00,11332.0,11258.81
2010-02-27 12:00:00,11226.0,11228.118
2010-02-27 13:00:00,11115.0,11114.175
2010-02-27 14:00:00,10947.0,10933.578
2010-02-27 15:00:00,10919.0,10710.695
2010-02-27 16:00:00,10916.0,10937.507
2010-02-27 17:00:00,11141.0,11205.721
2010-02-27 18:00:00,11555.0,11563.507
2010-02-27 19:00:00,12027.0,11848.295
2010-02-27 20:00:00,11853.0,11971.127
2010-02-27 21:00:00,11676.0,11685.385
2010-02-27 22:00:00,11280.0,11372.299
2010-02-27 23:00:00,10742.0,10812.045
2010-02-28 00:00:00,10188.0,10103.828
2010-02-28 01:00:00,9749.0,9693.203
2010-02-28 02:00:00,9439.0,9452.696
2010-02-28 03:00:00,9245.0,9216.889
2010-02-28 04:00:00,9149.0,9146.085
2010-02-28 05:00:00,9169.0,9169.261
2010-02-28 06:00:00,9332.0,9221.355
2010-02-28 07:00:00,9472.0,9488.419
2010-02-28 08:00:00,9550.0,9631.219
2010-02-28 09:00:00,9851.0,9709.288
2010-02-28 10:00:00,9967.0,10046.37
2010-02-28 11:00:00,10047.0,9947.413
2010-02-28 12:00:00,10087.0,9910.68
2010-02-28 13:00:00,10078.0,9936.588
2010-02-28 14:00:00,10096.0,9860.296
2010-02-28 15:00:00,10109.0,9904.732
2010-02-28 16:00:00,10190.0,10041.474
2010-02-28 17:00:00,10501.0,10379.674
2010-02-28 18:00:00,11194.0,11037.278
2010-02-28 19:00:00,11732.0,11587.501
2010-02-28 20:00:00,11644.0,11785.024
2010-02-28 21:00:00,11423.0,11384.757
2010-02-28 22:00:00,11098.0,11027.795
2010-02-28 23:00:00,10478.0,10554.665
2010-03-01 00:00:00,9977.0,9895.096
2010-03-01 01:00:00,9498.0,9444.781
2010-03-01 02:00:00,9347.0,9275.91
2010-03-01 03:00:00,9268.0,9209.42
2010-03-01 04:00:00,9355.0,9248.717
2010-03-01 05:00:00,9657.0,9646.559
2010-03-01 06:00:00,10465.0,10317.854
2010-03-01 07:00:00,11486.0,11579.509
2010-03-01 08:00:00,11950.0,12162.704
2010-03-01 09:00:00,12292.0,12232.661
2010-03-01 10:00:00,12437.0,12401.304
2010-03-01 11:00:00,12503.0,12523.896
2010-03-01 12:00:00,12457.0,12500.523
2010-03-01 13:00:00,12348.0,12414.713
2010-03-01 14:00:00,12303.0,12328.558
2010-03-01 15:00:00,12178.0,12236.273
2010-03-01 16:00:00,12116.0,12172.618
2010-03-01 17:00:00,12200.0,12255.533
2010-03-01 18:00:00,12582.0,12566.851
2010-03-01 19:00:00,13126.0,13002.407
2010-03-01 20:00:00,12990.0,13150.373
2010-03-01 21:00:00,12687.0,12732.171
2010-03-01 22:00:00,12148.0,12168.447
2010-03-01 23:00:00,11315.0,11294.722
2010-03-02 00:00:00,10532.0,10519.406
2010-03-02 01:00:00,10054.0,10018.714
2010-03-02 02:00:00,9801.0,9694.306
2010-03-02 03:00:00,9642.0,9642.046
2010-03-02 04:00:00,9633.0,9586.612
2010-03-02 05:00:00,9897.0,9748.565
2010-03-02 06:00:00,10609.0,10522.593
2010-03-02 07:00:00,11693.0,11616.587
2010-03-02 08:00:00,12262.0,12361.757
2010-03-02 09:00:00,12505.0,12498.027
2010-03-02 10:00:00,12550.0,12561.768
2010-03-02 11:00:00,12595.0,12609.737
2010-03-02 12:00:00,12580.0,12531.058
2010-03-02 13:00:00,12532.0,12473.852
2010-03-02 14:00:00,12524.0,12506.201
2010-03-02 15:00:00,12414.0,12425.542
2010-03-02 16:00:00,12426.0,12355.072
2010-03-02 17:00:00,12625.0,12581.992
2010-03-02 18:00:00,13062.0,12891.0625
2010-03-02 19:00:00,13374.0,13373.925
2010-03-02 20:00:00,13186.0,13348.663
2010-03-02 21:00:00,12898.0,12968.108
2010-03-02 22:00:00,12354.0,12309.227
2010-03-02 23:00:00,11492.0,11467.285
2010-03-03 00:00:00,10727.0,10694.34
2010-03-03 01:00:00,10272.0,10134.882
2010-03-03 02:00:00,10012.0,9987.345
2010-03-03 03:00:00,9864.0,9818.628
2010-03-03 04:00:00,9857.0,9837.685
2010-03-03 05:00:00,10123.0,10004.833
2010-03-03 06:00:00,10854.0,10707.738
2010-03-03 07:00:00,11832.0,11898.47
2010-03-03 08:00:00,12326.0,12518.463
2010-03-03 09:00:00,12366.0,12533.136
2010-03-03 10:00:00,12358.0,12345.113
2010-03-03 11:00:00,12355.0,12410.683
2010-03-03 12:00:00,12264.0,12243.706
2010-03-03 13:00:00,12140.0,12172.57
2010-03-03 14:00:00,12087.0,12102.804
2010-03-03 15:00:00,11922.0,11932.095
2010-03-03 16:00:00,11820.0,11816.943
2010-03-03 17:00:00,11858.0,11899.065
2010-03-03 18:00:00,12260.0,12172.679
2010-03-03 19:00:00,12953.0,12783.845
2010-03-03 20:00:00,12875.0,12953.505
2010-03-03 21:00:00,12637.0,12637.876
2010-03-03 22:00:00,12139.0,12091.557
2010-03-03 23:00:00,11308.0,11321.042
2010-03-04 00:00:00,10558.0,10506.139
2010-03-04 01:00:00,10100.0,9983.27
2010-03-04 02:00:00,9896.0,9681.909
2010-03-04 03:00:00,9766.0,9751.277
2010-03-04 04:00:00,9772.0,9722.812
2010-03-04 05:00:00,10034.0,9893.015
2010-03-04 06:00:00,10782.0,10642.134
2010-03-04 07:00:00,11737.0,11762.469
2010-03-04 08:00:00,12127.0,12263.391
2010-03-04 09:00:00,12200.0,12324.964
2010-03-04 10:00:00,12209.0,12207.668
2010-03-04 11:00:00,12219.0,12224.365
2010-03-04 12:00:00,12131.0,12149.766
2010-03-04 13:00:00,12016.0,12033.432
2010-03-04 14:00:00,11947.0,11937.071
2010-03-04 15:00:00,11784.0,11811.567
2010-03-04 16:00:00,11670.0,11653.408
2010-03-04 17:00:00,11730.0,11696.151
2010-03-04 18:00:00,12099.0,11952.661
2010-03-04 19:00:00,12856.0,12577.636
2010-03-04 20:00:00,12791.0,12876.275
2010-03-04 21:00:00,12547.0,12515.086
2010-03-04 22:00:00,12067.0,12024.337
2010-03-04 23:00:00,11294.0,11250.883
2010-03-05 00:00:00,10528.0,10507.631
2010-03-05 01:00:00,10036.0,9951.617
2010-03-05 02:00:00,9800.0,9646.189
2010-03-05 03:00:00,9681.0,9616.976
2010-03-05 04:00:00,9686.0,9535.887
2010-03-05 05:00:00,9978.0,9888.083
2010-03-05 06:00:00,10694.0,10494.04
2010-03-05 07:00:00,11618.0,11592.696
2010-03-05 08:00:00,12052.0,12163.068
2010-03-05 09:00:00,12163.0,12215.349
2010-03-05 10:00:00,12151.0,12193.956
2010-03-05 11:00:00,12156.0,12160.645
2010-03-05 12:00:00,12054.0,12105.278
2010-03-05 13:00:00,11934.0,11950.952
2010-03-05 14:00:00,11884.0,11848.359
2010-03-05 15:00:00,11715.0,11757.391
2010-03-05 16:00:00,11564.0,11550.64
2010-03-05 17:00:00,11620.0,11507.042
2010-03-05 18:00:00,11911.0,11807.512
2010-03-05 19:00:00,12630.0,12251.062
2010-03-05 20:00:00,12566.0,12633.685
2010-03-05 21:00:00,12293.0,12292.425
2010-03-05 22:00:00,11923.0,11803.457
2010-03-05 23:00:00,11284.0,11193.486
2010-03-06 00:00:00,10602.0,10505.87
2010-03-06 01:00:00,10119.0,10035.449
2010-03-06 02:00:00,9754.0,9709.57
2010-03-06 03:00:00,9674.0,9537.842
2010-03-06 04:00:00,9633.0,9478.574
2010-03-06 05:00:00,9732.0,9639.699
2010-03-06 06:00:00,10017.0,9866.136
2010-03-06 07:00:00,10248.0,10165.545
2010-03-06 08:00:00,10447.0,10227.331
2010-03-06 09:00:00,10673.0,10429.606
2010-03-06 10:00:00,10744.0,10702.952
2010-03-06 11:00:00,10727.0,10684.892
2010-03-06 12:00:00,10605.0,10535.694
2010-03-06 13:00:00,10401.0,10428.143
2010-03-06 14:00:00,10123.0,10142.612
2010-03-06 15:00:00,9960.0,9863.365
2010-03-06 16:00:00,9820.0,9801.17
2010-03-06 17:00:00,9893.0,9835.444
2010-03-06 18:00:00,10303.0,10045.202
2010-03-06 19:00:00,11120.0,10781.267
2010-03-06 20:00:00,11182.0,11415.302
2010-03-06 21:00:00,11048.0,11096.719
2010-03-06 22:00:00,10803.0,10763.005
2010-03-06 23:00:00,10349.0,10314.501
2010-03-07 00:00:00,9827.0,9709.624
2010-03-07 01:00:00,9407.0,9372.895
2010-03-07 02:00:00,9160.0,9159.66
2010-03-07 03:00:00,9025.0,9006.914
2010-03-07 04:00:00,8958.0,8955.584
2010-03-07 05:00:00,8988.0,8979.602
2010-03-07 06:00:00,9168.0,9081.38
2010-03-07 07:00:00,9226.0,9299.954
2010-03-07 08:00:00,9342.0,9231.189
2010-03-07 09:00:00,9630.0,9451.687
2010-03-07 10:00:00,9759.0,9740.52
2010-03-07 11:00:00,9885.0,9769.569
2010-03-07 12:00:00,9921.0,9809.668
2010-03-07 13:00:00,10134.0,9812.975
2010-03-07 14:00:00,10219.0,10109.673
2010-03-07 15:00:00,10272.0,10113.138
2010-03-07 16:00:00,10337.0,10158.752
2010-03-07 17:00:00,10517.0,10450.645
2010-03-07 18:00:00,11072.0,10793.602
2010-03-07 19:00:00,11502.0,11431.787
2010-03-07 20:00:00,11407.0,11665.2705
2010-03-07 21:00:00,11162.0,11271.206
2010-03-07 22:00:00,10797.0,10805.262
2010-03-07 23:00:00,10238.0,10185.995
2010-03-08 00:00:00,9715.0,9648.152
2010-03-08 01:00:00,9264.0,9299.291
2010-03-08 02:00:00,9079.0,9090.727
2010-03-08 03:00:00,8981.0,9004.794
2010-03-08 04:00:00,9020.0,9015.463
2010-03-08 05:00:00,9345.0,9271.203
2010-03-08 06:00:00,10097.0,10085.922
2010-03-08 07:00:00,11152.0,11186.882
2010-03-08 08:00:00,11794.0,11809.586
2010-03-08 09:00:00,12063.0,12088.688
2010-03-08 10:00:00,12150.0,12146.62
2010-03-08 11:00:00,12196.0,12230.92
2010-03-08 12:00:00,12130.0,12211.589
2010-03-08 13:00:00,12064.0,12057.824
2010-03-08 14:00:00,12029.0,12062.869
2010-03-08 15:00:00,11925.0,11922.531
2010-03-08 16:00:00,11838.0,11812.86
2010-03-08 17:00:00,11894.0,11906.19
2010-03-08 18:00:00,12160.0,12156.161
2010-03-08 19:00:00,12709.0,12427.368
2010-03-08 20:00:00,12572.0,12859.883
2010-03-08 21:00:00,12294.0,12365.951
2010-03-08 22:00:00,11766.0,11753.126
2010-03-08 23:00:00,10936.0,10902.544
2010-03-09 00:00:00,10172.0,10121.73
2010-03-09 01:00:00,9714.0,9612.64
2010-03-09 02:00:00,9448.0,9439.817
2010-03-09 03:00:00,9311.0,9267.831
2010-03-09 04:00:00,9292.0,9270.274
2010-03-09 05:00:00,9577.0,9529.905
2010-03-09 06:00:00,10323.0,10249.609
2010-03-09 07:00:00,11297.0,11342.28
2010-03-09 08:00:00,11835.0,11933.831
2010-03-09 09:00:00,11955.0,12127.25
2010-03-09 10:00:00,11907.0,12003.666
2010-03-09 11:00:00,11899.0,11956.557
2010-03-09 12:00:00,11878.0,11869.899
2010-03-09 13:00:00,11861.0,11823.267
2010-03-09 14:00:00,11861.0,11853.022
2010-03-09 15:00:00,11794.0,11774.497
2010-03-09 16:00:00,11777.0,11698.137
2010-03-09 17:00:00,11771.0,11835.195
2010-03-09 18:00:00,11947.0,11894.243
2010-03-09 19:00:00,12538.0,12320.261
2010-03-09 20:00:00,12416.0,12702.545
2010-03-09 21:00:00,12113.0,12221.178
2010-03-09 22:00:00,11546.0,11650.903
2010-03-09 23:00:00,10683.0,10682.799
2010-03-10 00:00:00,9878.0,9920.642
2010-03-10 01:00:00,9346.0,9345.967
2010-03-10 02:00:00,9062.0,9031.46
2010-03-10 03:00:00,8865.0,8889.672
2010-03-10 04:00:00,8830.0,8820.89
2010-03-10 05:00:00,9063.0,9009.17
2010-03-10 06:00:00,9784.0,9598.695
2010-03-10 07:00:00,10892.0,10760.118
2010-03-10 08:00:00,11554.0,11522.726
2010-03-10 09:00:00,11820.0,11772.8
2010-03-10 10:00:00,11885.0,11921.545
2010-03-10 11:00:00,11998.0,11968.167
2010-03-10 12:00:00,11952.0,11984.447
2010-03-10 13:00:00,11879.0,11887.975
2010-03-10 14:00:00,11822.0,11869.249
2010-03-10 15:00:00,11617.0,11685.364
2010-03-10 16:00:00,11449.0,11464.482
2010-03-10 17:00:00,11372.0,11363.61
2010-03-10 18:00:00,11465.0,11494.01
2010-03-10 19:00:00,12138.0,11829.08
2010-03-10 20:00:00,12052.0,12335.846
2010-03-10 21:00:00,11789.0,11951.867
2010-03-10 22:00:00,11265.0,11329.007
2010-03-10 23:00:00,10438.0,10433.338
2010-03-11 00:00:00,9640.0,9698.312
2010-03-11 01:00:00,9084.0,9147.676
2010-03-11 02:00:00,8790.0,8807.006
2010-03-11 03:00:00,8647.0,8622.892
2010-03-11 04:00:00,8630.0,8592.972
2010-03-11 05:00:00,8859.0,8798.565
2010-03-11 06:00:00,9568.0,9457.335
2010-03-11 07:00:00,10569.0,10541.147
2010-03-11 08:00:00,11403.0,11219.557
2010-03-11 09:00:00,11833.0,11672.812
2010-03-11 10:00:00,12060.0,11969.1455
2010-03-11 11:00:00,12210.0,12155.795
2010-03-11 12:00:00,12112.0,12211.55
2010-03-11 13:00:00,11989.0,12024.922
2010-03-11 14:00:00,11921.0,11919.745
2010-03-11 15:00:00,11790.0,11729.324
2010-03-11 16:00:00,11605.0,11622.906
2010-03-11 17:00:00,11523.0,11499.225
2010-03-11 18:00:00,11701.0,11480.363
2010-03-11 19:00:00,12297.0,12023.569
2010-03-11 20:00:00,12162.0,12461.432
2010-03-11 21:00:00,11853.0,12012.276
2010-03-11 22:00:00,11288.0,11405.094
2010-03-11 23:00:00,10443.0,10446.876
2010-03-12 00:00:00,9654.0,9678.193
2010-03-12 01:00:00,9091.0,9128.74
2010-03-12 02:00:00,8768.0,8790.549
2010-03-12 03:00:00,8637.0,8559.149
2010-03-12 04:00:00,8638.0,8531.004
2010-03-12 05:00:00,8872.0,8882.752
2010-03-12 06:00:00,9597.0,9569.267
2010-03-12 07:00:00,10451.0,10651.344
2010-03-12 08:00:00,11033.0,11112.201
2010-03-12 09:00:00,11293.0,11410.7295
2010-03-12 10:00:00,11400.0,11439.877
2010-03-12 11:00:00,11488.0,11489.971
2010-03-12 12:00:00,11471.0,11462.078
2010-03-12 13:00:00,11413.0,11423.398
2010-03-12 14:00:00,11403.0,11386.038
2010-03-12 15:00:00,11321.0,11353.434
2010-03-12 16:00:00,11304.0,11311.4375
2010-03-12 17:00:00,11477.0,11328.92
2010-03-12 18:00:00,11851.0,11549.797
2010-03-12 19:00:00,12149.0,11895.473
2010-03-12 20:00:00,11932.0,12190.184
2010-03-12 21:00:00,11632.0,11779.926
2010-03-12 22:00:00,11231.0,11213.921
2010-03-12 23:00:00,10600.0,10497.031
2010-03-13 00:00:00,9890.0,9850.529
2010-03-13 01:00:00,9374.0,9323.024
2010-03-13 02:00:00,9037.0,9011.537
2010-03-13 03:00:00,8794.0,8822.922
2010-03-13 04:00:00,8707.0,8663.329
2010-03-13 05:00:00,8744.0,8735.633
2010-03-13 06:00:00,9025.0,8955.676
2010-03-13 07:00:00,9406.0,9249.493
2010-03-13 08:00:00,9803.0,9640.221
2010-03-13 09:00:00,10276.0,10064.706
2010-03-13 10:00:00,10605.0,10481.564
2010-03-13 11:00:00,10791.0,10577.823
2010-03-13 12:00:00,10854.0,10734.312
2010-03-13 13:00:00,10759.0,10759.563
2010-03-13 14:00:00,10690.0,10667.554
2010-03-13 15:00:00,10655.0,10613.933
2010-03-13 16:00:00,10644.0,10653.313
2010-03-13 17:00:00,10767.0,10705.735
2010-03-13 18:00:00,11047.0,10973.202
2010-03-13 19:00:00,11430.0,11155.116
2010-03-13 20:00:00,11303.0,11506.036
2010-03-13 21:00:00,11090.0,11154.926
2010-03-13 22:00:00,10749.0,10800.046
2010-03-13 23:00:00,10216.0,10175.419
2010-03-14 00:00:00,9699.0,9588.45
2010-03-14 01:00:00,9309.0,9175.379
2010-03-14 02:00:00,9022.0,8973.985
2010-03-14 04:00:00,8868.0,8924.88
2010-03-14 05:00:00,8740.0,8837.875
2010-03-14 06:00:00,8828.0,8831.347
2010-03-14 07:00:00,9034.0,8859.395
2010-03-14 08:00:00,9231.0,9103.557
2010-03-14 09:00:00,9258.0,9436.943
2010-03-14 10:00:00,9648.0,9415.273
2010-03-14 11:00:00,9845.0,9795.712
2010-03-14 12:00:00,9899.0,9869.643
2010-03-14 13:00:00,9913.0,9816.436
2010-03-14 14:00:00,9823.0,9830.301
2010-03-14 15:00:00,9711.0,9794.598
2010-03-14 16:00:00,9618.0,9610.001
2010-03-14 17:00:00,9551.0,9653.098
2010-03-14 18:00:00,9809.0,9709.453
2010-03-14 19:00:00,10243.0,10281.228
2010-03-14 20:00:00,10910.0,10640.587
2010-03-14 21:00:00,10797.0,10903.418
2010-03-14 22:00:00,10613.0,10439.554
2010-03-14 23:00:00,10095.0,10137.363
2010-03-15 00:00:00,9503.0,9474.5
2010-03-15 01:00:00,9062.0,9106.957
2010-03-15 02:00:00,8787.0,8815.584
2010-03-15 03:00:00,8645.0,8649.665
2010-03-15 04:00:00,8624.0,8655.549
2010-03-15 05:00:00,8885.0,8849.119
2010-03-15 06:00:00,9584.0,9510.6045
2010-03-15 07:00:00,10900.0,10574.313
2010-03-15 08:00:00,11637.0,11579.934
2010-03-15 09:00:00,11893.0,11849.968
2010-03-15 10:00:00,12012.0,12004.957
2010-03-15 11:00:00,12089.0,12088.117
2010-03-15 12:00:00,12074.0,12053.781
2010-03-15 13:00:00,11986.0,12021.068
2010-03-15 14:00:00,11941.0,11956.215
2010-03-15 15:00:00,11807.0,11770.772
2010-03-15 16:00:00,11702.0,11629.731
2010-03-15 17:00:00,11635.0,11682.61
2010-03-15 18:00:00,11661.0,11672.757
2010-03-15 19:00:00,11730.0,11906.642
2010-03-15 20:00:00,12240.0,12152.593
2010-03-15 21:00:00,12092.0,12209.242
2010-03-15 22:00:00,11616.0,11540.626
2010-03-15 23:00:00,10876.0,10722.901
2010-03-16 00:00:00,10076.0,10052.089
2010-03-16 01:00:00,9499.0,9487.464
2010-03-16 02:00:00,9159.0,9178.9375
2010-03-16 03:00:00,8983.0,9017.91
2010-03-16 04:00:00,8956.0,8949.477
2010-03-16 05:00:00,9199.0,9151.683
2010-03-16 06:00:00,9851.0,9800.663
2010-03-16 07:00:00,11110.0,10882.586
2010-03-16 08:00:00,11666.0,11705.922
2010-03-16 09:00:00,11703.0,11852.9795
2010-03-16 10:00:00,11646.0,11765.14
2010-03-16 11:00:00,11667.0,11707.395
2010-03-16 12:00:00,11628.0,11713.107
2010-03-16 13:00:00,11534.0,11630.427
2010-03-16 14:00:00,11487.0,11514.689
2010-03-16 15:00:00,11358.0,11353.509
2010-03-16 16:00:00,11183.0,11236.642
2010-03-16 17:00:00,11023.0,11187.1
2010-03-16 18:00:00,10891.0,11141.981
2010-03-16 19:00:00,10957.0,11106.426
2010-03-16 20:00:00,11659.0,11483.351
2010-03-16 21:00:00,11643.0,11801.868
2010-03-16 22:00:00,11236.0,11285.923
2010-03-16 23:00:00,10484.0,10456.01
2010-03-17 00:00:00,9730.0,9763.449
2010-03-17 01:00:00,9182.0,9185.796
2010-03-17 02:00:00,8889.0,8914.052
2010-03-17 03:00:00,8747.0,8711.634
2010-03-17 04:00:00,8743.0,8696.156
2010-03-17 05:00:00,8989.0,9021.079
2010-03-17 06:00:00,9704.0,9609.434
2010-03-17 07:00:00,10953.0,10709.275
2010-03-17 08:00:00,11543.0,11563.542
2010-03-17 09:00:00,11620.0,11694.326
2010-03-17 10:00:00,11591.0,11659.259
2010-03-17 11:00:00,11608.0,11610.3
2010-03-17 12:00:00,11587.0,11585.114
2010-03-17 13:00:00,11528.0,11494.11
2010-03-17 14:00:00,11520.0,11549.48
2010-03-17 15:00:00,11411.0,11409.133
2010-03-17 16:00:00,11246.0,11283.445
2010-03-17 17:00:00,11079.0,11158.173
2010-03-17 18:00:00,10902.0,11076.711
2010-03-17 19:00:00,10854.0,10983.315
2010-03-17 20:00:00,11582.0,11318.728
2010-03-17 21:00:00,11567.0,11760.454
2010-03-17 22:00:00,11121.0,11168.843
2010-03-17 23:00:00,10406.0,10391.841
2010-03-18 00:00:00,9645.0,9671.167
2010-03-18 01:00:00,9106.0,9132.318
2010-03-18 02:00:00,8815.0,8832.086
2010-03-18 03:00:00,8630.0,8636.0205
2010-03-18 04:00:00,8630.0,8562.873
2010-03-18 05:00:00,8835.0,8802.675
2010-03-18 06:00:00,9502.0,9428.535
2010-03-18 07:00:00,10722.0,10469.381
2010-03-18 08:00:00,11310.0,11296.158
2010-03-18 09:00:00,11438.0,11519.018
2010-03-18 10:00:00,11456.0,11500.238
2010-03-18 11:00:00,11522.0,11545.984
2010-03-18 12:00:00,11494.0,11526.687
2010-03-18 13:00:00,11473.0,11447.733
2010-03-18 14:00:00,11465.0,11477.245
2010-03-18 15:00:00,11350.0,11387.74
2010-03-18 16:00:00,11222.0,11234.78
2010-03-18 17:00:00,11051.0,11206.313
2010-03-18 18:00:00,10915.0,11046.456
2010-03-18 19:00:00,10850.0,11044.733
2010-03-18 20:00:00,11586.0,11217.2705
2010-03-18 21:00:00,11578.0,11771.245
2010-03-18 22:00:00,11135.0,11185.671
2010-03-18 23:00:00,10357.0,10437.267
2010-03-19 00:00:00,9589.0,9588.319
2010-03-19 01:00:00,9024.0,9070.32
2010-03-19 02:00:00,8679.0,8759.311
2010-03-19 03:00:00,8483.0,8477.901
2010-03-19 04:00:00,8448.0,8429.317
2010-03-19 05:00:00,8617.0,8609.733
2010-03-19 06:00:00,9275.0,9183.693
2010-03-19 07:00:00,10431.0,10231.23
2010-03-19 08:00:00,11011.0,10971.134
2010-03-19 09:00:00,11206.0,11317.597
2010-03-19 10:00:00,11292.0,11300.433
2010-03-19 11:00:00,11396.0,11430.511
2010-03-19 12:00:00,11425.0,11361.772
2010-03-19 13:00:00,11385.0,11380.804
2010-03-19 14:00:00,11369.0,11367.494
2010-03-19 15:00:00,11226.0,11287.336
2010-03-19 16:00:00,11032.0,11113.415
2010-03-19 17:00:00,10843.0,10943.702
2010-03-19 18:00:00,10697.0,10829.747
2010-03-19 19:00:00,10744.0,10906.063
2010-03-19 20:00:00,11328.0,11121.819
2010-03-19 21:00:00,11280.0,11542.307
2010-03-19 22:00:00,10963.0,10921.124
2010-03-19 23:00:00,10349.0,10327.608
2010-03-20 00:00:00,9704.0,9540.427
2010-03-20 01:00:00,9161.0,9126.0205
2010-03-20 02:00:00,8782.0,8814.82
2010-03-20 03:00:00,8592.0,8548.767
2010-03-20 04:00:00,8591.0,8421.235
2010-03-20 05:00:00,8706.0,8612.115
2010-03-20 06:00:00,9007.0,8953.634
2010-03-20 07:00:00,9592.0,9145.352
2010-03-20 08:00:00,10012.0,9766.037
2010-03-20 09:00:00,10537.0,10242.514
2010-03-20 10:00:00,10903.0,10589.687
2010-03-20 11:00:00,11118.0,10854.929
2010-03-20 12:00:00,11127.0,11058.602
2010-03-20 13:00:00,10999.0,11012.83
2010-03-20 14:00:00,10824.0,10809.855
2010-03-20 15:00:00,10756.0,10653.915
2010-03-20 16:00:00,10726.0,10686.916
2010-03-20 17:00:00,10710.0,10754.468
2010-03-20 18:00:00,10832.0,10771.078
2010-03-20 19:00:00,11013.0,10973.265
2010-03-20 20:00:00,11517.0,11310.248
2010-03-20 21:00:00,11434.0,11505.386
2010-03-20 22:00:00,11170.0,11028.966
2010-03-20 23:00:00,10632.0,10498.523
2010-03-21 00:00:00,10069.0,9911.384
2010-03-21 01:00:00,9535.0,9499.08
2010-03-21 02:00:00,9184.0,9205.228
2010-03-21 03:00:00,8959.0,8966.012
2010-03-21 04:00:00,8871.0,8826.817
2010-03-21 05:00:00,8874.0,8865.978
2010-03-21 06:00:00,8997.0,9026.609
2010-03-21 07:00:00,9257.0,9116.673
2010-03-21 08:00:00,9329.0,9455.548
2010-03-21 09:00:00,9633.0,9595.022
2010-03-21 10:00:00,9835.0,9762.144
2010-03-21 11:00:00,9984.0,9943.838
2010-03-21 12:00:00,9938.0,9844.827
2010-03-21 13:00:00,9842.0,9783.619
2010-03-21 14:00:00,9732.0,9687.843
2010-03-21 15:00:00,9650.0,9551.002
2010-03-21 16:00:00,9543.0,9505.379
2010-03-21 17:00:00,9599.0,9628.336
2010-03-21 18:00:00,9744.0,9762.316
2010-03-21 19:00:00,10079.0,10147.633
2010-03-21 20:00:00,10886.0,10554.391
2010-03-21 21:00:00,10993.0,10882.838
2010-03-21 22:00:00,10680.0,10625.439
2010-03-21 23:00:00,10185.0,10159.093
2010-03-22 00:00:00,9583.0,9572.499
2010-03-22 01:00:00,9205.0,9148.668
2010-03-22 02:00:00,8945.0,8947.766
2010-03-22 03:00:00,8872.0,8857.532
2010-03-22 04:00:00,8889.0,8817.138
2010-03-22 05:00:00,9185.0,9241.332
2010-03-22 06:00:00,9942.0,10018.635
2010-03-22 07:00:00,11187.0,11054.724
2010-03-22 08:00:00,11724.0,11765.019
2010-03-22 09:00:00,11822.0,11983.78
2010-03-22 10:00:00,11809.0,11838.39
2010-03-22 11:00:00,11849.0,11819.304
2010-03-22 12:00:00,11818.0,11806.983
2010-03-22 13:00:00,11714.0,11766.47
2010-03-22 14:00:00,11668.0,11680.78
2010-03-22 15:00:00,11487.0,11556.57
2010-03-22 16:00:00,11312.0,11361.319
2010-03-22 17:00:00,11152.0,11241.634
2010-03-22 18:00:00,11056.0,11167.5
2010-03-22 19:00:00,11166.0,11222.095
2010-03-22 20:00:00,11879.0,11672.234
2010-03-22 21:00:00,11934.0,11880.505
2010-03-22 22:00:00,11489.0,11484.132
2010-03-22 23:00:00,10737.0,10654.461
2010-03-23 00:00:00,9932.0,9889.938
2010-03-23 01:00:00,9414.0,9390.208
2010-03-23 02:00:00,9121.0,9089.145
2010-03-23 03:00:00,8961.0,8964.792
2010-03-23 04:00:00,8963.0,8946.752
2010-03-23 05:00:00,9227.0,9167.195
2010-03-23 06:00:00,9904.0,9802.122
2010-03-23 07:00:00,11115.0,10907.542
2010-03-23 08:00:00,11639.0,11667.857
2010-03-23 09:00:00,11778.0,11772.23
2010-03-23 10:00:00,11749.0,11829.613
2010-03-23 11:00:00,11745.0,11770.165
2010-03-23 12:00:00,11695.0,11671.907
2010-03-23 13:00:00,11581.0,11560.313
2010-03-23 14:00:00,11558.0,11475.696
2010-03-23 15:00:00,11412.0,11399.449
2010-03-23 16:00:00,11247.0,11266.528
2010-03-23 17:00:00,11056.0,11187.809
2010-03-23 18:00:00,10930.0,11055.406
2010-03-23 19:00:00,10882.0,11143.339
2010-03-23 20:00:00,11563.0,11342.579
2010-03-23 21:00:00,11662.0,11812.72
2010-03-23 22:00:00,11254.0,11327.468
2010-03-23 23:00:00,10529.0,10493.681
2010-03-24 00:00:00,9756.0,9756.584
2010-03-24 01:00:00,9204.0,9204.368
2010-03-24 02:00:00,8905.0,8870.028
2010-03-24 03:00:00,8732.0,8742.196
2010-03-24 04:00:00,8721.0,8680.326
2010-03-24 05:00:00,8933.0,8964.138
2010-03-24 06:00:00,9640.0,9577.2
2010-03-24 07:00:00,10797.0,10637.563
2010-03-24 08:00:00,11347.0,11305.122
2010-03-24 09:00:00,11616.0,11524.877
2010-03-24 10:00:00,11721.0,11716.141
2010-03-24 11:00:00,11780.0,11833.429
2010-03-24 12:00:00,11733.0,11719.911
2010-03-24 13:00:00,11618.0,11631.507
2010-03-24 14:00:00,11607.0,11549.0
2010-03-24 15:00:00,11541.0,11515.975
2010-03-24 16:00:00,11406.0,11442.278
2010-03-24 17:00:00,11315.0,11288.707
2010-03-24 18:00:00,11321.0,11279.326
2010-03-24 19:00:00,11335.0,11526.779
2010-03-24 20:00:00,11841.0,11769.403
2010-03-24 21:00:00,11741.0,11896.619
2010-03-24 22:00:00,11260.0,11284.991
2010-03-24 23:00:00,10501.0,10465.935
2010-03-25 00:00:00,9726.0,9716.874
2010-03-25 01:00:00,9160.0,9186.036
2010-03-25 02:00:00,8848.0,8863.041
2010-03-25 03:00:00,8654.0,8669.014
2010-03-25 04:00:00,8631.0,8585.1045
2010-03-25 05:00:00,8833.0,8799.415
2010-03-25 06:00:00,9482.0,9442.278
2010-03-25 07:00:00,10673.0,10464.779
2010-03-25 08:00:00,11390.0,11261.708
2010-03-25 09:00:00,11682.0,11626.564
2010-03-25 10:00:00,11824.0,11774.04
2010-03-25 11:00:00,11976.0,11897.227
2010-03-25 12:00:00,11990.0,11964.394
2010-03-25 13:00:00,12040.0,11909.802
2010-03-25 14:00:00,12056.0,12054.131
2010-03-25 15:00:00,11968.0,11938.069
2010-03-25 16:00:00,11918.0,11863.197
2010-03-25 17:00:00,11911.0,11841.303
2010-03-25 18:00:00,11873.0,11911.709
2010-03-25 19:00:00,11869.0,11966.381
2010-03-25 20:00:00,12516.0,12172.632
2010-03-25 21:00:00,12580.0,12403.067
2010-03-25 22:00:00,12141.0,12001.456
2010-03-25 23:00:00,11378.0,11327.356
2010-03-26 00:00:00,10616.0,10482.425
2010-03-26 01:00:00,10038.0,9973.1455
2010-03-26 02:00:00,9740.0,9611.065
2010-03-26 03:00:00,9517.0,9549.91
2010-03-26 04:00:00,9520.0,9367.479
2010-03-26 05:00:00,9762.0,9699.536
2010-03-26 06:00:00,10416.0,10319.501
2010-03-26 07:00:00,11483.0,11408.62
2010-03-26 08:00:00,11997.0,12117.982
2010-03-26 09:00:00,12151.0,12225.944
2010-03-26 10:00:00,12190.0,12189.69
2010-03-26 11:00:00,12197.0,12220.064
2010-03-26 12:00:00,12069.0,12137.984
2010-03-26 13:00:00,11914.0,11941.256
2010-03-26 14:00:00,11859.0,11802.199
2010-03-26 15:00:00,11606.0,11672.507
2010-03-26 16:00:00,11349.0,11417.608
2010-03-26 17:00:00,11174.0,11252.079
2010-03-26 18:00:00,11036.0,11207.009
2010-03-26 19:00:00,11070.0,11265.634
2010-03-26 20:00:00,11748.0,11593.505
2010-03-26 21:00:00,11876.0,11810.603
2010-03-26 22:00:00,11630.0,11484.531
2010-03-26 23:00:00,11026.0,11000.193
2010-03-27 00:00:00,10317.0,10295.285
2010-03-27 01:00:00,9690.0,9729.86
2010-03-27 02:00:00,9375.0,9362.472
2010-03-27 03:00:00,9143.0,9192.581
2010-03-27 04:00:00,9059.0,9044.511
2010-03-27 05:00:00,9117.0,9099.672
2010-03-27 06:00:00,9353.0,9303.257
2010-03-27 07:00:00,9842.0,9629.882
2010-03-27 08:00:00,10051.0,10128.632
2010-03-27 09:00:00,10363.0,10223.03
2010-03-27 10:00:00,10456.0,10420.134
2010-03-27 11:00:00,10492.0,10245.761
2010-03-27 12:00:00,10373.0,10280.281
2010-03-27 13:00:00,10225.0,10120.909
2010-03-27 14:00:00,9960.0,9946.668
2010-03-27 15:00:00,9797.0,9763.41
2010-03-27 16:00:00,9682.0,9678.894
2010-03-27 17:00:00,9715.0,9698.122
2010-03-27 18:00:00,9797.0,9981.33
2010-03-27 19:00:00,9972.0,10135.823
2010-03-27 20:00:00,10648.0,10453.27
2010-03-27 21:00:00,10644.0,10729.995
2010-03-27 22:00:00,10410.0,10263.182
2010-03-27 23:00:00,9920.0,9922.851
2010-03-28 00:00:00,9367.0,9331.053
2010-03-28 01:00:00,8913.0,8891.623
2010-03-28 02:00:00,8566.0,8545.775
2010-03-28 03:00:00,8401.0,8340.726
2010-03-28 04:00:00,8344.0,8300.17
2010-03-28 05:00:00,8298.0,8344.987
2010-03-28 06:00:00,8480.0,8404.549
2010-03-28 07:00:00,8738.0,8594.635
2010-03-28 08:00:00,8854.0,8766.7
2010-03-28 09:00:00,9196.0,9036.475
2010-03-28 10:00:00,9480.0,9412.551
2010-03-28 11:00:00,9623.0,9575.037
2010-03-28 12:00:00,9625.0,9562.562
2010-03-28 13:00:00,9532.0,9509.197
2010-03-28 14:00:00,9427.0,9407.791
2010-03-28 15:00:00,9306.0,9340.216
2010-03-28 16:00:00,9198.0,9242.62
2010-03-28 17:00:00,9210.0,9288.283
2010-03-28 18:00:00,9339.0,9370.688
2010-03-28 19:00:00,9551.0,9709.019
2010-03-28 20:00:00,10324.0,10285.225
2010-03-28 21:00:00,10559.0,10431.063
2010-03-28 22:00:00,10295.0,10130.532
2010-03-28 23:00:00,9860.0,9685.303
2010-03-29 00:00:00,9324.0,9309.058
2010-03-29 01:00:00,8966.0,8901.453
2010-03-29 02:00:00,8767.0,8698.175
2010-03-29 03:00:00,8693.0,8578.897
2010-03-29 04:00:00,8753.0,8662.131
2010-03-29 05:00:00,9018.0,9016.286
2010-03-29 06:00:00,9808.0,9691.811
2010-03-29 07:00:00,10904.0,10903.51
2010-03-29 08:00:00,11448.0,11428.788
2010-03-29 09:00:00,11778.0,11667.111
2010-03-29 10:00:00,11856.0,11950.394
2010-03-29 11:00:00,11899.0,11947.01
2010-03-29 12:00:00,11794.0,11874.112
2010-03-29 13:00:00,11697.0,11709.372
2010-03-29 14:00:00,11632.0,11664.394
2010-03-29 15:00:00,11417.0,11515.413
2010-03-29 16:00:00,11165.0,11269.441
2010-03-29 17:00:00,10984.0,11058.81
2010-03-29 18:00:00,10895.0,10976.601
2010-03-29 19:00:00,10833.0,11131.856
2010-03-29 20:00:00,11508.0,11389.994
2010-03-29 21:00:00,11685.0,11809.872
2010-03-29 22:00:00,11336.0,11325.179
2010-03-29 23:00:00,10644.0,10520.835
2010-03-30 00:00:00,9909.0,9831.396
2010-03-30 01:00:00,9388.0,9358.699
2010-03-30 02:00:00,9088.0,9100.363
2010-03-30 03:00:00,8955.0,8930.271
2010-03-30 04:00:00,8915.0,8936.525
2010-03-30 05:00:00,9161.0,9144.9375
2010-03-30 06:00:00,9858.0,9743.957
2010-03-30 07:00:00,10821.0,10768.638
2010-03-30 08:00:00,11342.0,11322.777
2010-03-30 09:00:00,11538.0,11534.095
2010-03-30 10:00:00,11561.0,11642.025
2010-03-30 11:00:00,11606.0,11624.903
2010-03-30 12:00:00,11536.0,11596.479
2010-03-30 13:00:00,11456.0,11448.835
2010-03-30 14:00:00,11438.0,11400.654
2010-03-30 15:00:00,11283.0,11315.886
2010-03-30 16:00:00,11088.0,11153.008
2010-03-30 17:00:00,10914.0,11005.923
2010-03-30 18:00:00,10770.0,10965.461
2010-03-30 19:00:00,10679.0,10971.913
2010-03-30 20:00:00,11300.0,11172.843
2010-03-30 21:00:00,11395.0,11665.448
2010-03-30 22:00:00,10963.0,11068.843
2010-03-30 23:00:00,10202.0,10305.997
2010-03-31 00:00:00,9428.0,9539.03
2010-03-31 01:00:00,8884.0,8977.1045
2010-03-31 02:00:00,8538.0,8618.328
2010-03-31 03:00:00,8333.0,8362.496
2010-03-31 04:00:00,8287.0,8249.113
2010-03-31 05:00:00,8475.0,8481.209
2010-03-31 06:00:00,9097.0,9112.47
2010-03-31 07:00:00,10101.0,9914.71
2010-03-31 08:00:00,10584.0,10665.079
2010-03-31 09:00:00,10926.0,11029.217
2010-03-31 10:00:00,11096.0,11177.254
2010-03-31 11:00:00,11304.0,11302.125
2010-03-31 12:00:00,11359.0,11332.64
2010-03-31 13:00:00,11367.0,11337.505
2010-03-31 14:00:00,11468.0,11394.383
2010-03-31 15:00:00,11438.0,11400.3955
2010-03-31 16:00:00,11307.0,11366.298
2010-03-31 17:00:00,11183.0,11183.491
2010-03-31 18:00:00,10978.0,11103.029
2010-03-31 19:00:00,10831.0,11005.349
2010-03-31 20:00:00,11377.0,11154.535
2010-03-31 21:00:00,11428.0,11637.585
2010-03-31 22:00:00,10966.0,11063.381
2010-03-31 23:00:00,10181.0,10244.632
2010-04-01 00:00:00,9377.0,9427.99
2010-04-01 01:00:00,8764.0,8893.947
2010-04-01 02:00:00,8404.0,8433.944
2010-04-01 03:00:00,8146.0,8220.68
2010-04-01 04:00:00,8068.0,8122.411
2010-04-01 05:00:00,8210.0,8245.837
2010-04-01 06:00:00,8756.0,8684.314
2010-04-01 07:00:00,9660.0,9470.294
2010-04-01 08:00:00,10264.0,10378.732
2010-04-01 09:00:00,10752.0,10826.693
2010-04-01 10:00:00,11126.0,11013.337
2010-04-01 11:00:00,11445.0,11339.978
2010-04-01 12:00:00,11625.0,11524.018
2010-04-01 13:00:00,11764.0,11685.607
2010-04-01 14:00:00,11920.0,11790.542
2010-04-01 15:00:00,11946.0,11828.573
2010-04-01 16:00:00,11819.0,11841.748
2010-04-01 17:00:00,11654.0,11655.117
2010-04-01 18:00:00,11476.0,11429.479
2010-04-01 19:00:00,11231.0,11302.171
2010-04-01 20:00:00,11669.0,11405.192
2010-04-01 21:00:00,11748.0,12006.963
2010-04-01 22:00:00,11271.0,11343.2705
2010-04-01 23:00:00,10425.0,10435.455
2010-04-02 00:00:00,9521.0,9545.661
2010-04-02 01:00:00,8865.0,8974.587
2010-04-02 02:00:00,8433.0,8544.783
2010-04-02 03:00:00,8139.0,8237.611
2010-04-02 04:00:00,8012.0,8109.303
2010-04-02 05:00:00,8065.0,8140.915
2010-04-02 06:00:00,8454.0,8315.613
2010-04-02 07:00:00,9030.0,9159.267
2010-04-02 08:00:00,9368.0,9568.702
2010-04-02 09:00:00,9893.0,9854.454
2010-04-02 10:00:00,10254.0,10197.702
2010-04-02 11:00:00,10517.0,10505.867
2010-04-02 12:00:00,10668.0,10580.079
2010-04-02 13:00:00,10732.0,10686.207
2010-04-02 14:00:00,10834.0,10733.16
2010-04-02 15:00:00,10847.0,10827.421
2010-04-02 16:00:00,10764.0,10852.615
2010-04-02 17:00:00,10693.0,10817.99
2010-04-02 18:00:00,10597.0,10717.218
2010-04-02 19:00:00,10429.0,10682.367
2010-04-02 20:00:00,10817.0,10625.298
2010-04-02 21:00:00,10785.0,10994.925
2010-04-02 22:00:00,10416.0,10500.105
2010-04-02 23:00:00,9706.0,9882.116
2010-04-03 00:00:00,8970.0,9015.351
2010-04-03 01:00:00,8334.0,8477.188
2010-04-03 02:00:00,8009.0,8035.417
2010-04-03 03:00:00,7705.0,7854.8228
2010-04-03 04:00:00,7630.0,7697.963
2010-04-03 05:00:00,7566.0,7593.718
2010-04-03 06:00:00,7745.0,7612.463
2010-04-03 07:00:00,8050.0,7834.0645
2010-04-03 08:00:00,8370.0,8259.75
2010-04-03 09:00:00,8806.0,8816.041
2010-04-03 10:00:00,9293.0,9215.636
2010-04-03 11:00:00,9544.0,9551.678
2010-04-03 12:00:00,9584.0,9646.008
2010-04-03 13:00:00,9526.0,9568.567
2010-04-03 14:00:00,9274.0,9417.934
2010-04-03 15:00:00,9134.0,9129.807
2010-04-03 16:00:00,9032.0,8994.277
2010-04-03 17:00:00,8951.0,8964.202
2010-04-03 18:00:00,8951.0,8964.556
2010-04-03 19:00:00,8970.0,9007.599
2010-04-03 20:00:00,9563.0,9355.047
2010-04-03 21:00:00,9857.0,9967.481
2010-04-03 22:00:00,9690.0,9696.7295
2010-04-03 23:00:00,9216.0,9123.495
2010-04-04 00:00:00,8660.0,8587.531
2010-04-04 01:00:00,8109.0,8180.703
2010-04-04 02:00:00,7809.0,7824.754
2010-04-04 03:00:00,7568.0,7604.7075
2010-04-04 04:00:00,7467.0,7397.069
2010-04-04 05:00:00,7442.0,7381.683
2010-04-04 06:00:00,7558.0,7405.081
2010-04-04 07:00:00,7660.0,7373.9443
2010-04-04 08:00:00,7727.0,7888.0835
2010-04-04 09:00:00,8029.0,8135.3115
2010-04-04 10:00:00,8309.0,8399.973
2010-04-04 11:00:00,8426.0,8541.8955
2010-04-04 12:00:00,8520.0,8596.752
2010-04-04 13:00:00,8511.0,8652.3545
2010-04-04 14:00:00,8509.0,8580.305
2010-04-04 15:00:00,8414.0,8517.985
2010-04-04 16:00:00,8402.0,8455.829
2010-04-04 17:00:00,8389.0,8470.923
2010-04-04 18:00:00,8762.0,8508.487
2010-04-04 19:00:00,9014.0,8900.862
2010-04-04 20:00:00,9504.0,9526.482
2010-04-04 21:00:00,9601.0,9943.3545
2010-04-04 22:00:00,9395.0,9436.734
2010-04-04 23:00:00,8886.0,9043.826
2010-04-05 00:00:00,8367.0,8408.485
2010-04-05 01:00:00,7968.0,8013.5854
2010-04-05 02:00:00,7756.0,7760.973
2010-04-05 03:00:00,7616.0,7677.397
2010-04-05 04:00:00,7634.0,7524.2554
2010-04-05 05:00:00,7816.0,7539.8594
2010-04-05 06:00:00,8504.0,8210.73
2010-04-05 07:00:00,9514.0,9383.515
2010-04-05 08:00:00,10196.0,10460.1
2010-04-05 09:00:00,10626.0,10938.936
2010-04-05 10:00:00,10946.0,10931.71
2010-04-05 11:00:00,11247.0,11196.35
2010-04-05 12:00:00,11427.0,11406.053
2010-04-05 13:00:00,11489.0,11506.407
2010-04-05 14:00:00,11572.0,11580.302
2010-04-05 15:00:00,11520.0,11517.077
2010-04-05 16:00:00,11358.0,11389.767
2010-04-05 17:00:00,11163.0,11148.046
2010-04-05 18:00:00,10993.0,10993.442
2010-04-05 19:00:00,10962.0,10914.208
2010-04-05 20:00:00,11443.0,11330.523
2010-04-05 21:00:00,11333.0,11865.8545
2010-04-05 22:00:00,10821.0,11035.502
2010-04-05 23:00:00,10031.0,10255.696
2010-04-06 00:00:00,9213.0,9280.535
2010-04-06 01:00:00,8601.0,8680.258
2010-04-06 02:00:00,8239.0,8318.474
2010-04-06 03:00:00,8042.0,8049.034
2010-04-06 04:00:00,7972.0,7908.852
2010-04-06 05:00:00,8165.0,8009.392
2010-04-06 06:00:00,8788.0,8760.106
2010-04-06 07:00:00,9922.0,9834.756
2010-04-06 08:00:00,10778.0,10729.4
2010-04-06 09:00:00,11177.0,11229.503
2010-04-06 10:00:00,11427.0,11444.573
2010-04-06 11:00:00,11566.0,11645.888
2010-04-06 12:00:00,11562.0,11646.889
2010-04-06 13:00:00,11556.0,11534.062
2010-04-06 14:00:00,11622.0,11575.031
2010-04-06 15:00:00,11678.0,11519.997
2010-04-06 16:00:00,11664.0,11618.63
2010-04-06 17:00:00,11601.0,11636.859
2010-04-06 18:00:00,11469.0,11431.639
2010-04-06 19:00:00,11292.0,11297.706
2010-04-06 20:00:00,11714.0,11490.614
2010-04-06 21:00:00,11731.0,12054.943
2010-04-06 22:00:00,11172.0,11362.902
2010-04-06 23:00:00,10337.0,10286.107
2010-04-07 00:00:00,9471.0,9481.719
2010-04-07 01:00:00,8851.0,8906.693
2010-04-07 02:00:00,8448.0,8509.674
2010-04-07 03:00:00,8205.0,8284.872
2010-04-07 04:00:00,8106.0,8166.5864
2010-04-07 05:00:00,8288.0,8264.525
2010-04-07 06:00:00,8942.0,8847.034
2010-04-07 07:00:00,10052.0,9957.096
2010-04-07 08:00:00,10899.0,10817.436
2010-04-07 09:00:00,11272.0,11222.824
2010-04-07 10:00:00,11421.0,11462.033
2010-04-07 11:00:00,11642.0,11609.228
2010-04-07 12:00:00,11735.0,11726.997
2010-04-07 13:00:00,11755.0,11779.731
2010-04-07 14:00:00,11720.0,11774.355
2010-04-07 15:00:00,11655.0,11597.959
2010-04-07 16:00:00,11609.0,11507.242
2010-04-07 17:00:00,11607.0,11577.602
2010-04-07 18:00:00,11534.0,11553.87
2010-04-07 19:00:00,11498.0,11409.239
2010-04-07 20:00:00,11835.0,11663.194
2010-04-07 21:00:00,11775.0,11955.334
2010-04-07 22:00:00,11324.0,11328.663
2010-04-07 23:00:00,10485.0,10452.065
2010-04-08 00:00:00,9668.0,9566.149
2010-04-08 01:00:00,9130.0,9045.153
2010-04-08 02:00:00,8835.0,8765.951
2010-04-08 03:00:00,8662.0,8610.382
2010-04-08 04:00:00,8631.0,8567.745
2010-04-08 05:00:00,8854.0,8784.09
2010-04-08 06:00:00,9541.0,9468.952
2010-04-08 07:00:00,10678.0,10554.1
2010-04-08 08:00:00,11336.0,11369.04
2010-04-08 09:00:00,11726.0,11676.902
2010-04-08 10:00:00,11903.0,11921.406
2010-04-08 11:00:00,12049.0,12017.627
2010-04-08 12:00:00,12090.0,12041.131
2010-04-08 13:00:00,11978.0,12039.972
2010-04-08 14:00:00,12003.0,11940.31
2010-04-08 15:00:00,11866.0,11899.279
2010-04-08 16:00:00,11790.0,11735.183
2010-04-08 17:00:00,11722.0,11702.683
2010-04-08 18:00:00,11627.0,11621.497
2010-04-08 19:00:00,11630.0,11536.662
2010-04-08 20:00:00,12011.0,11910.822
2010-04-08 21:00:00,11986.0,12156.584
2010-04-08 22:00:00,11520.0,11481.069
2010-04-08 23:00:00,10762.0,10593.721
2010-04-09 00:00:00,9962.0,9828.856
2010-04-09 01:00:00,9430.0,9299.843
2010-04-09 02:00:00,9155.0,9028.441
2010-04-09 03:00:00,9003.0,8943.445
2010-04-09 04:00:00,8987.0,8917.287
2010-04-09 05:00:00,9226.0,9160.897
2010-04-09 06:00:00,9890.0,9800.317
2010-04-09 07:00:00,10813.0,10832.756
2010-04-09 08:00:00,11305.0,11507.707
2010-04-09 09:00:00,11519.0,11531.965
2010-04-09 10:00:00,11544.0,11601.782
2010-04-09 11:00:00,11576.0,11604.995
2010-04-09 12:00:00,11458.0,11542.214
2010-04-09 13:00:00,11376.0,11354.101
2010-04-09 14:00:00,11331.0,11303.128
2010-04-09 15:00:00,11153.0,11322.575
2010-04-09 16:00:00,10912.0,11046.162
2010-04-09 17:00:00,10722.0,10892.43
2010-04-09 18:00:00,10533.0,10657.255
2010-04-09 19:00:00,10439.0,10587.603
2010-04-09 20:00:00,10841.0,10673.612
2010-04-09 21:00:00,11174.0,11155.549
2010-04-09 22:00:00,10891.0,10992.589
2010-04-09 23:00:00,10307.0,10297.077
2010-04-10 00:00:00,9643.0,9545.927
2010-04-10 01:00:00,9085.0,9048.363
2010-04-10 02:00:00,8773.0,8706.042
2010-04-10 03:00:00,8540.0,8481.978
2010-04-10 04:00:00,8490.0,8399.38
2010-04-10 05:00:00,8486.0,8513.538
2010-04-10 06:00:00,8731.0,8650.668
2010-04-10 07:00:00,8932.0,8987.032
2010-04-10 08:00:00,9209.0,9195.966
2010-04-10 09:00:00,9529.0,9580.659
2010-04-10 10:00:00,9807.0,9726.791
2010-04-10 11:00:00,9920.0,9872.925
2010-04-10 12:00:00,9918.0,9780.612
2010-04-10 13:00:00,9854.0,9775.748
2010-04-10 14:00:00,9746.0,9683.425
2010-04-10 15:00:00,9587.0,9530.014
2010-04-10 16:00:00,9566.0,9385.022
2010-04-10 17:00:00,9497.0,9519.056
2010-04-10 18:00:00,9479.0,9455.324
2010-04-10 19:00:00,9494.0,9511.37
2010-04-10 20:00:00,10007.0,9802.064
2010-04-10 21:00:00,10198.0,10412.372
2010-04-10 22:00:00,9922.0,9865.781
2010-04-10 23:00:00,9331.0,9391.926
2010-04-11 00:00:00,8813.0,8752.852
2010-04-11 01:00:00,8341.0,8316.869
2010-04-11 02:00:00,8034.0,8020.6987
2010-04-11 03:00:00,7835.0,7827.1885
2010-04-11 04:00:00,7735.0,7649.9395
2010-04-11 05:00:00,7729.0,7692.458
2010-04-11 06:00:00,7814.0,7740.0005
2010-04-11 07:00:00,7850.0,7810.529
2010-04-11 08:00:00,7965.0,8077.4243
2010-04-11 09:00:00,8406.0,8343.917
2010-04-11 10:00:00,8705.0,8706.253
2010-04-11 11:00:00,8914.0,8904.588
2010-04-11 12:00:00,8975.0,8981.99
2010-04-11 13:00:00,9058.0,8991.802
2010-04-11 14:00:00,9005.0,8991.488
2010-04-11 15:00:00,8997.0,8941.865
2010-04-11 16:00:00,8954.0,8927.507
2010-04-11 17:00:00,8983.0,8948.281
2010-04-11 18:00:00,8995.0,8987.068
2010-04-11 19:00:00,9138.0,9055.433
2010-04-11 20:00:00,9651.0,9501.8545
2010-04-11 21:00:00,10122.0,9992.837
2010-04-11 22:00:00,9809.0,9848.803
2010-04-11 23:00:00,9304.0,9202.246
2010-04-12 00:00:00,8705.0,8679.5205
2010-04-12 01:00:00,8327.0,8280.215
2010-04-12 02:00:00,8160.0,8090.475
2010-04-12 03:00:00,8023.0,8017.477
2010-04-12 04:00:00,8036.0,8017.879
2010-04-12 05:00:00,8283.0,8212.4
2010-04-12 06:00:00,9008.0,8940.199
2010-04-12 07:00:00,10027.0,10014.597
2010-04-12 08:00:00,10728.0,10775.592
2010-04-12 09:00:00,11059.0,11181.388
2010-04-12 10:00:00,11179.0,11266.818
2010-04-12 11:00:00,11365.0,11351.304
2010-04-12 12:00:00,11419.0,11417.652
2010-04-12 13:00:00,11414.0,11440.164
2010-04-12 14:00:00,11440.0,11436.38
2010-04-12 15:00:00,11383.0,11369.07
2010-04-12 16:00:00,11270.0,11281.971
2010-04-12 17:00:00,11127.0,11175.981
2010-04-12 18:00:00,11003.0,10939.223
2010-04-12 19:00:00,10916.0,10897.9
2010-04-12 20:00:00,11393.0,11279.145
2010-04-12 21:00:00,11485.0,11766.469
2010-04-12 22:00:00,10917.0,11106.538
2010-04-12 23:00:00,10034.0,10196.359
2010-04-13 00:00:00,9223.0,9295.234
2010-04-13 01:00:00,8655.0,8696.687
2010-04-13 02:00:00,8333.0,8354.89
2010-04-13 03:00:00,8121.0,8143.823
2010-04-13 04:00:00,8071.0,8038.4014
2010-04-13 05:00:00,8259.0,8276.765
2010-04-13 06:00:00,8917.0,8828.053
2010-04-13 07:00:00,9861.0,9921.878
2010-04-13 08:00:00,10567.0,10663.994
2010-04-13 09:00:00,10918.0,11057.602
2010-04-13 10:00:00,11055.0,11212.499
2010-04-13 11:00:00,11228.0,11301.159
2010-04-13 12:00:00,11301.0,11361.846
2010-04-13 13:00:00,11328.0,11278.474
2010-04-13 14:00:00,11400.0,11352.949
2010-04-13 15:00:00,11335.0,11300.788
2010-04-13 16:00:00,11210.0,11245.9795
2010-04-13 17:00:00,11087.0,11064.461
2010-04-13 18:00:00,10875.0,10934.801
2010-04-13 19:00:00,10659.0,10744.5205
2010-04-13 20:00:00,11098.0,10937.883
2010-04-13 21:00:00,11414.0,11518.244
2010-04-13 22:00:00,10929.0,11045.811
2010-04-13 23:00:00,10108.0,10172.6875
2010-04-14 00:00:00,9246.0,9302.927
2010-04-14 01:00:00,8717.0,8730.167
2010-04-14 02:00:00,8361.0,8401.94
2010-04-14 03:00:00,8153.0,8177.7476
2010-04-14 04:00:00,8123.0,8125.656
2010-04-14 05:00:00,8295.0,8251.316
2010-04-14 06:00:00,8930.0,8874.364
2010-04-14 07:00:00,9825.0,9923.478
2010-04-14 08:00:00,10514.0,10649.82
2010-04-14 09:00:00,10933.0,11010.682
2010-04-14 10:00:00,11150.0,11154.128
2010-04-14 11:00:00,11435.0,11381.363
2010-04-14 12:00:00,11609.0,11477.223
2010-04-14 13:00:00,11772.0,11636.985
2010-04-14 14:00:00,11963.0,11807.559
2010-04-14 15:00:00,12047.0,11884.576
2010-04-14 16:00:00,12016.0,11983.795
2010-04-14 17:00:00,11897.0,11930.483
2010-04-14 18:00:00,11676.0,11682.161
2010-04-14 19:00:00,11331.0,11423.287
2010-04-14 20:00:00,11558.0,11424.04
2010-04-14 21:00:00,11863.0,11899.732
2010-04-14 22:00:00,11422.0,11450.043
2010-04-14 23:00:00,10520.0,10500.736
2010-04-15 00:00:00,9626.0,9572.535
2010-04-15 01:00:00,9008.0,9002.819
2010-04-15 02:00:00,8616.0,8615.557
2010-04-15 03:00:00,8370.0,8393.231
2010-04-15 04:00:00,8262.0,8282.793
2010-04-15 05:00:00,8422.0,8381.226
2010-04-15 06:00:00,9041.0,9024.033
2010-04-15 07:00:00,9941.0,9960.556
2010-04-15 08:00:00,10825.0,10777.291
2010-04-15 09:00:00,11403.0,11252.767
2010-04-15 10:00:00,11816.0,11654.304
2010-04-15 11:00:00,12217.0,12069.946
2010-04-15 12:00:00,12425.0,12371.618
2010-04-15 13:00:00,12541.0,12436.824
2010-04-15 14:00:00,12642.0,12626.158
2010-04-15 15:00:00,12671.0,12609.508
2010-04-15 16:00:00,12570.0,12649.872
2010-04-15 17:00:00,12454.0,12431.546
2010-04-15 18:00:00,12183.0,12220.667
2010-04-15 19:00:00,11813.0,12004.151
2010-04-15 20:00:00,11904.0,11860.061
2010-04-15 21:00:00,12248.0,12090.181
2010-04-15 22:00:00,11755.0,11845.491
2010-04-15 23:00:00,10817.0,10829.605
2010-04-16 00:00:00,9945.0,9866.309
2010-04-16 01:00:00,9294.0,9267.249
2010-04-16 02:00:00,8873.0,8894.201
2010-04-16 03:00:00,8614.0,8608.776
2010-04-16 04:00:00,8524.0,8499.482
2010-04-16 05:00:00,8667.0,8659.309
2010-04-16 06:00:00,9258.0,9216.344
2010-04-16 07:00:00,10154.0,10194.701
2010-04-16 08:00:00,10964.0,11028.958
2010-04-16 09:00:00,11324.0,11415.415
2010-04-16 10:00:00,11432.0,11518.313
2010-04-16 11:00:00,11581.0,11613.775
2010-04-16 12:00:00,11633.0,11654.922
2010-04-16 13:00:00,11601.0,11581.372
2010-04-16 14:00:00,11670.0,11557.996
2010-04-16 15:00:00,11573.0,11597.578
2010-04-16 16:00:00,11409.0,11386.661
2010-04-16 17:00:00,11216.0,11197.388
2010-04-16 18:00:00,10945.0,10982.305
2010-04-16 19:00:00,10612.0,10829.873
2010-04-16 20:00:00,10752.0,10791.193
2010-04-16 21:00:00,11058.0,11006.618
2010-04-16 22:00:00,10697.0,10979.996
2010-04-16 23:00:00,9954.0,10136.766
2010-04-17 00:00:00,9257.0,9241.1
2010-04-17 01:00:00,8645.0,8697.43
2010-04-17 02:00:00,8303.0,8327.19
2010-04-17 03:00:00,8051.0,8058.941
2010-04-17 04:00:00,7993.0,7930.8086
2010-04-17 05:00:00,7979.0,8037.5376
2010-04-17 06:00:00,8255.0,8214.18
2010-04-17 07:00:00,8371.0,8474.352
2010-04-17 08:00:00,8801.0,8751.324
2010-04-17 09:00:00,9243.0,9273.761
2010-04-17 10:00:00,9553.0,9563.227
2010-04-17 11:00:00,9648.0,9688.615
2010-04-17 12:00:00,9595.0,9602.238
2010-04-17 13:00:00,9485.0,9479.191
2010-04-17 14:00:00,9395.0,9325.6
2010-04-17 15:00:00,9250.0,9189.084
2010-04-17 16:00:00,9172.0,9120.7
2010-04-17 17:00:00,9133.0,9120.015
2010-04-17 18:00:00,9138.0,9033.022
2010-04-17 19:00:00,9079.0,9054.74
2010-04-17 20:00:00,9470.0,9296.781
2010-04-17 21:00:00,9975.0,9940.698
2010-04-17 22:00:00,9767.0,9820.302
2010-04-17 23:00:00,9290.0,9206.406
2010-04-18 00:00:00,8713.0,8640.279
2010-04-18 01:00:00,8280.0,8240.09
2010-04-18 02:00:00,8036.0,7945.651
2010-04-18 03:00:00,7832.0,7811.567
2010-04-18 04:00:00,7821.0,7638.491
2010-04-18 05:00:00,7802.0,7721.853
2010-04-18 06:00:00,7946.0,7759.1997
2010-04-18 07:00:00,7902.0,7945.8784
2010-04-18 08:00:00,8079.0,8069.5503
2010-04-18 09:00:00,8395.0,8477.986
2010-04-18 10:00:00,8684.0,8636.158
2010-04-18 11:00:00,8832.0,8914.508
2010-04-18 12:00:00,8841.0,8886.226
2010-04-18 13:00:00,8880.0,8845.13
2010-04-18 14:00:00,8853.0,8856.844
2010-04-18 15:00:00,8807.0,8806.848
2010-04-18 16:00:00,8776.0,8780.949
2010-04-18 17:00:00,8815.0,8812.146
2010-04-18 18:00:00,8882.0,8818.389
2010-04-18 19:00:00,8974.0,8939.999
2010-04-18 20:00:00,9512.0,9371.972
2010-04-18 21:00:00,9992.0,9973.343
2010-04-18 22:00:00,9827.0,9770.925
2010-04-18 23:00:00,9256.0,9251.233
2010-04-19 00:00:00,8685.0,8647.379
2010-04-19 01:00:00,8312.0,8238.038
2010-04-19 02:00:00,8102.0,8103.923
2010-04-19 03:00:00,8021.0,7981.487
2010-04-19 04:00:00,8051.0,7994.825
2010-04-19 05:00:00,8369.0,8223.534
2010-04-19 06:00:00,9062.0,9028.383
2010-04-19 07:00:00,9999.0,10033.91
2010-04-19 08:00:00,10737.0,10748.852
2010-04-19 09:00:00,10997.0,11189.163
2010-04-19 10:00:00,11096.0,11229.547
2010-04-19 11:00:00,11215.0,11327.58
2010-04-19 12:00:00,11237.0,11237.003
2010-04-19 13:00:00,11194.0,11267.049
2010-04-19 14:00:00,11207.0,11202.291
2010-04-19 15:00:00,11097.0,11170.767
2010-04-19 16:00:00,10913.0,11021.254
2010-04-19 17:00:00,10765.0,10822.364
2010-04-19 18:00:00,10594.0,10710.664
2010-04-19 19:00:00,10481.0,10724.879
2010-04-19 20:00:00,10880.0,10767.075
2010-04-19 21:00:00,11245.0,11218.972
2010-04-19 22:00:00,10801.0,11039.504
2010-04-19 23:00:00,9958.0,10164.033
2010-04-20 00:00:00,9167.0,9200.932
2010-04-20 01:00:00,8663.0,8670.148
2010-04-20 02:00:00,8384.0,8373.006
2010-04-20 03:00:00,8205.0,8182.5186
2010-04-20 04:00:00,8206.0,8192.414
2010-04-20 05:00:00,8430.0,8492.138
2010-04-20 06:00:00,9130.0,9077.643
2010-04-20 07:00:00,10070.0,10041.999
2010-04-20 08:00:00,10756.0,10800.306
2010-04-20 09:00:00,10996.0,11154.334
2010-04-20 10:00:00,11120.0,11237.867
2010-04-20 11:00:00,11254.0,11321.219
2010-04-20 12:00:00,11326.0,11275.392
2010-04-20 13:00:00,11315.0,11328.58
2010-04-20 14:00:00,11381.0,11271.334
2010-04-20 15:00:00,11302.0,11296.805
2010-04-20 16:00:00,11162.0,11164.518
2010-04-20 17:00:00,10962.0,11017.895
2010-04-20 18:00:00,10762.0,10760.394
2010-04-20 19:00:00,10540.0,10683.281
2010-04-20 20:00:00,10846.0,10827.185
2010-04-20 21:00:00,11276.0,11222.753
2010-04-20 22:00:00,10827.0,11074.8545
2010-04-20 23:00:00,9997.0,10216.738
2010-04-21 00:00:00,9164.0,9250.414
2010-04-21 01:00:00,8656.0,8682.722
2010-04-21 02:00:00,8372.0,8367.06
2010-04-21 03:00:00,8182.0,8186.2217
2010-04-21 04:00:00,8152.0,8142.5513
2010-04-21 05:00:00,8337.0,8402.216
2010-04-21 06:00:00,9020.0,8939.094
2010-04-21 07:00:00,9863.0,9975.217
2010-04-21 08:00:00,10583.0,10644.823
2010-04-21 09:00:00,10937.0,11093.349
2010-04-21 10:00:00,11141.0,11244.929
2010-04-21 11:00:00,11394.0,11325.945
2010-04-21 12:00:00,11424.0,11424.808
2010-04-21 13:00:00,11411.0,11410.324
2010-04-21 14:00:00,11414.0,11414.555
2010-04-21 15:00:00,11257.0,11312.59
2010-04-21 16:00:00,11069.0,11077.332
2010-04-21 17:00:00,10898.0,10930.694
2010-04-21 18:00:00,10711.0,10765.716
2010-04-21 19:00:00,10573.0,10752.653
2010-04-21 20:00:00,10986.0,10951.831
2010-04-21 21:00:00,11415.0,11375.408
2010-04-21 22:00:00,10984.0,11158.765
2010-04-21 23:00:00,10134.0,10238.098
2010-04-22 00:00:00,9332.0,9327.6455
2010-04-22 01:00:00,8829.0,8803.769
2010-04-22 02:00:00,8538.0,8497.907
2010-04-22 03:00:00,8365.0,8347.5
2010-04-22 04:00:00,8341.0,8294.529
2010-04-22 05:00:00,8560.0,8498.722
2010-04-22 06:00:00,9247.0,9172.14
2010-04-22 07:00:00,10096.0,10169.453
2010-04-22 08:00:00,10788.0,10840.8125
2010-04-22 09:00:00,11065.0,11201.85
2010-04-22 10:00:00,11187.0,11301.188
2010-04-22 11:00:00,11287.0,11370.942
2010-04-22 12:00:00,11299.0,11312.863
2010-04-22 13:00:00,11285.0,11261.104
2010-04-22 14:00:00,11328.0,11246.966
2010-04-22 15:00:00,11267.0,11256.354
2010-04-22 16:00:00,11144.0,11125.728
2010-04-22 17:00:00,10978.0,11030.99
2010-04-22 18:00:00,10710.0,10861.904
2010-04-22 19:00:00,10526.0,10630.834
2010-04-22 20:00:00,10860.0,10870.091
2010-04-22 21:00:00,11298.0,11284.437
2010-04-22 22:00:00,10887.0,11108.271
2010-04-22 23:00:00,10066.0,10210.628
2010-04-23 00:00:00,9298.0,9299.068
2010-04-23 01:00:00,8743.0,8768.854
2010-04-23 02:00:00,8462.0,8402.127
2010-04-23 03:00:00,8273.0,8269.332
2010-04-23 04:00:00,8237.0,8228.727
2010-04-23 05:00:00,8446.0,8373.736
2010-04-23 06:00:00,9076.0,9101.782
2010-04-23 07:00:00,9890.0,10042.612
2010-04-23 08:00:00,10607.0,10662.039
2010-04-23 09:00:00,10977.0,11096.56
2010-04-23 10:00:00,11179.0,11239.05
2010-04-23 11:00:00,11357.0,11325.512
2010-04-23 12:00:00,11370.0,11352.071
2010-04-23 13:00:00,11326.0,11346.738
2010-04-23 14:00:00,11340.0,11343.572
2010-04-23 15:00:00,11217.0,11274.531
2010-04-23 16:00:00,11081.0,11064.348
2010-04-23 17:00:00,10974.0,10983.074
2010-04-23 18:00:00,10799.0,10862.936
2010-04-23 19:00:00,10827.0,10709.906
2010-04-23 20:00:00,11073.0,11093.144
2010-04-23 21:00:00,11179.0,11385.713
2010-04-23 22:00:00,10800.0,10935.717
2010-04-23 23:00:00,10116.0,10181.009
2010-04-24 00:00:00,9410.0,9342.402
2010-04-24 01:00:00,8815.0,8834.184
2010-04-24 02:00:00,8454.0,8417.755
2010-04-24 03:00:00,8117.0,8217.853
2010-04-24 04:00:00,8001.0,8013.4917
2010-04-24 05:00:00,8089.0,8032.364
2010-04-24 06:00:00,8283.0,8274.607
2010-04-24 07:00:00,8498.0,8540.828
2010-04-24 08:00:00,8890.0,8811.545
2010-04-24 09:00:00,9456.0,9333.793
2010-04-24 10:00:00,9801.0,9806.113
2010-04-24 11:00:00,9945.0,9986.917
2010-04-24 12:00:00,9983.0,9879.052
2010-04-24 13:00:00,9898.0,9831.387
2010-04-24 14:00:00,9727.0,9722.569
2010-04-24 15:00:00,9585.0,9609.752
2010-04-24 16:00:00,9545.0,9445.402
2010-04-24 17:00:00,9548.0,9535.733
2010-04-24 18:00:00,9574.0,9547.583
2010-04-24 19:00:00,9697.0,9636.623
2010-04-24 20:00:00,10039.0,10030.519
2010-04-24 21:00:00,10208.0,10368.307
2010-04-24 22:00:00,9859.0,9880.481
2010-04-24 23:00:00,9349.0,9277.536
2010-04-25 00:00:00,8772.0,8717.751
2010-04-25 01:00:00,8296.0,8268.7295
2010-04-25 02:00:00,7933.0,7974.5977
2010-04-25 03:00:00,7719.0,7735.731
2010-04-25 04:00:00,7637.0,7613.205
2010-04-25 05:00:00,7598.0,7460.9854
2010-04-25 06:00:00,7709.0,7504.373
2010-04-25 07:00:00,7656.0,7724.7285
2010-04-25 08:00:00,7886.0,7703.0957
2010-04-25 09:00:00,8278.0,8341.397
2010-04-25 10:00:00,8662.0,8631.993
2010-04-25 11:00:00,8940.0,8947.029
2010-04-25 12:00:00,9092.0,9044.29
2010-04-25 13:00:00,9146.0,9166.13
2010-04-25 14:00:00,9159.0,9116.079
2010-04-25 15:00:00,9208.0,9167.552
2010-04-25 16:00:00,9205.0,9211.832
2010-04-25 17:00:00,9293.0,9260.504
2010-04-25 18:00:00,9473.0,9399.546
2010-04-25 19:00:00,9729.0,9716.2705
2010-04-25 20:00:00,10036.0,10077.013
2010-04-25 21:00:00,10208.0,10265.033
2010-04-25 22:00:00,9851.0,9827.46
2010-04-25 23:00:00,9271.0,9214.517
2010-04-26 00:00:00,8659.0,8714.976
2010-04-26 01:00:00,8275.0,8258.483
2010-04-26 02:00:00,8064.0,8032.104
2010-04-26 03:00:00,7915.0,7907.518
2010-04-26 04:00:00,7922.0,7884.997
2010-04-26 05:00:00,8173.0,8095.754
2010-04-26 06:00:00,8912.0,8733.933
2010-04-26 07:00:00,9839.0,9969.66
2010-04-26 08:00:00,10614.0,10648.978
2010-04-26 09:00:00,10973.0,11132.703
2010-04-26 10:00:00,11100.0,11331.783
2010-04-26 11:00:00,11248.0,11359.328
2010-04-26 12:00:00,11307.0,11324.056
2010-04-26 13:00:00,11318.0,11267.425
2010-04-26 14:00:00,11329.0,11380.9375
2010-04-26 15:00:00,11203.0,11279.119
2010-04-26 16:00:00,11053.0,11098.6
2010-04-26 17:00:00,10879.0,10991.482
2010-04-26 18:00:00,10703.0,10828.697
2010-04-26 19:00:00,10477.0,10824.958
2010-04-26 20:00:00,10732.0,10830.011
2010-04-26 21:00:00,11256.0,11135.78
2010-04-26 22:00:00,10842.0,11088.691
2010-04-26 23:00:00,10034.0,10210.437
2010-04-27 00:00:00,9221.0,9313.21
2010-04-27 01:00:00,8691.0,8707.506
2010-04-27 02:00:00,8379.0,8355.3955
2010-04-27 03:00:00,8216.0,8175.576
2010-04-27 04:00:00,8182.0,8169.658
2010-04-27 05:00:00,8412.0,8324.067
2010-04-27 06:00:00,9061.0,9059.729
2010-04-27 07:00:00,9945.0,9953.487
2010-04-27 08:00:00,10734.0,10737.986
2010-04-27 09:00:00,10961.0,11145.6455
2010-04-27 10:00:00,11003.0,11173.434
2010-04-27 11:00:00,11249.0,11204.624
2010-04-27 12:00:00,11226.0,11381.405
2010-04-27 13:00:00,11207.0,11203.234
2010-04-27 14:00:00,11141.0,11214.473
2010-04-27 15:00:00,11047.0,11088.823
2010-04-27 16:00:00,10889.0,10989.185
2010-04-27 17:00:00,10718.0,10840.902
2010-04-27 18:00:00,10552.0,10777.406
2010-04-27 19:00:00,10347.0,10632.942
2010-04-27 20:00:00,10605.0,10621.0205
2010-04-27 21:00:00,11155.0,11128.423
2010-04-27 22:00:00,10810.0,11053.545
2010-04-27 23:00:00,10012.0,10204.278
2010-04-28 00:00:00,9364.0,9337.881
2010-04-28 01:00:00,8853.0,8806.885
2010-04-28 02:00:00,8571.0,8498.054
2010-04-28 03:00:00,8413.0,8372.295
2010-04-28 04:00:00,8389.0,8378.385
2010-04-28 05:00:00,8622.0,8544.725
2010-04-28 06:00:00,9266.0,9236.88
2010-04-28 07:00:00,10101.0,10206.259
2010-04-28 08:00:00,10805.0,10840.844
2010-04-28 09:00:00,11069.0,11195.94
2010-04-28 10:00:00,11180.0,11276.201
2010-04-28 11:00:00,11341.0,11360.038
2010-04-28 12:00:00,11371.0,11368.649
2010-04-28 13:00:00,11326.0,11342.712
2010-04-28 14:00:00,11428.0,11341.175
2010-04-28 15:00:00,11335.0,11356.942
2010-04-28 16:00:00,11175.0,11211.673
2010-04-28 17:00:00,10988.0,11047.182
2010-04-28 18:00:00,10825.0,10855.883
2010-04-28 19:00:00,10575.0,10746.82
2010-04-28 20:00:00,10725.0,10903.198
2010-04-28 21:00:00,11275.0,11114.3545
2010-04-28 22:00:00,10873.0,11184.251
2010-04-28 23:00:00,10018.0,10227.647
2010-04-29 00:00:00,9166.0,9356.192
2010-04-29 01:00:00,8677.0,8679.363
2010-04-29 02:00:00,8357.0,8371.227
2010-04-29 03:00:00,8166.0,8190.991
2010-04-29 04:00:00,8142.0,8136.8657
2010-04-29 05:00:00,8340.0,8316.307
2010-04-29 06:00:00,8932.0,8921.692
2010-04-29 07:00:00,9768.0,9837.825
2010-04-29 08:00:00,10547.0,10617.859
2010-04-29 09:00:00,11011.0,11020.736
2010-04-29 10:00:00,11331.0,11234.754
2010-04-29 11:00:00,11528.0,11577.717
2010-04-29 12:00:00,11575.0,11651.464
2010-04-29 13:00:00,11627.0,11527.191
2010-04-29 14:00:00,11773.0,11635.655
2010-04-29 15:00:00,11795.0,11696.687
2010-04-29 16:00:00,11709.0,11640.042
2010-04-29 17:00:00,11527.0,11552.558
2010-04-29 18:00:00,11415.0,11285.933
2010-04-29 19:00:00,11153.0,11168.572
2010-04-29 20:00:00,11217.0,11287.115
2010-04-29 21:00:00,11603.0,11521.144
2010-04-29 22:00:00,11285.0,11405.875
2010-04-29 23:00:00,10374.0,10401.885
2010-04-30 00:00:00,9496.0,9510.392
2010-04-30 01:00:00,8913.0,8929.017
2010-04-30 02:00:00,8506.0,8552.657
2010-04-30 03:00:00,8275.0,8297.376
2010-04-30 04:00:00,8178.0,8200.402
2010-04-30 05:00:00,8348.0,8293.803
2010-04-30 06:00:00,8925.0,8868.278
2010-04-30 07:00:00,9709.0,9890.485
2010-04-30 08:00:00,10675.0,10578.978
2010-04-30 09:00:00,11263.0,11121.715
2010-04-30 10:00:00,11655.0,11460.39
2010-04-30 11:00:00,12064.0,11888.953
2010-04-30 12:00:00,12337.0,12192.148
2010-04-30 13:00:00,12526.0,12383.632
2010-04-30 14:00:00,12633.0,12564.803
2010-04-30 15:00:00,12559.0,12534.629
2010-04-30 16:00:00,12450.0,12403.711
2010-04-30 17:00:00,12227.0,12302.06
2010-04-30 18:00:00,12026.0,11946.171
2010-04-30 19:00:00,12031.0,11762.855
2010-04-30 20:00:00,12149.0,12082.867
2010-04-30 21:00:00,12145.0,12291.435
2010-04-30 22:00:00,11741.0,11825.49
2010-04-30 23:00:00,11038.0,10995.961
2010-05-01 00:00:00,10148.0,10117.862
2010-05-01 01:00:00,9452.0,9407.444
2010-05-01 02:00:00,8879.0,8951.157
2010-05-01 03:00:00,8530.0,8521.257
2010-05-01 04:00:00,8356.0,8302.3
2010-05-01 05:00:00,8336.0,8313.513
2010-05-01 06:00:00,8451.0,8357.711
2010-05-01 07:00:00,8588.0,8669.2
2010-05-01 08:00:00,9090.0,9009.311
2010-05-01 09:00:00,9730.0,9595.676
2010-05-01 10:00:00,10184.0,10070.373
2010-05-01 11:00:00,10449.0,10331.069
2010-05-01 12:00:00,10437.0,10389.476
2010-05-01 13:00:00,10418.0,10278.804
2010-05-01 14:00:00,10233.0,10250.378
2010-05-01 15:00:00,10054.0,10029.042
2010-05-01 16:00:00,9938.0,9862.868
2010-05-01 17:00:00,9870.0,9825.576
2010-05-01 18:00:00,9791.0,9675.845
2010-05-01 19:00:00,9711.0,9644.095
2010-05-01 20:00:00,9829.0,9744.555
2010-05-01 21:00:00,10332.0,10172.253
2010-05-01 22:00:00,10111.0,10052.094
2010-05-01 23:00:00,9556.0,9427.168
2010-05-02 00:00:00,8905.0,8888.512
2010-05-02 01:00:00,8493.0,8398.29
2010-05-02 02:00:00,8090.0,8168.22
2010-05-02 03:00:00,7872.0,7900.35
2010-05-02 04:00:00,7738.0,7777.517
2010-05-02 05:00:00,7728.0,7669.273
2010-05-02 06:00:00,7721.0,7719.8574
2010-05-02 07:00:00,7618.0,7718.381
2010-05-02 08:00:00,7828.0,7767.4404
2010-05-02 09:00:00,8302.0,8197.59
2010-05-02 10:00:00,8647.0,8633.988
2010-05-02 11:00:00,8997.0,8940.951
2010-05-02 12:00:00,9188.0,9112.701
2010-05-02 13:00:00,9336.0,9255.385
2010-05-02 14:00:00,9310.0,9312.799
2010-05-02 15:00:00,9346.0,9261.323
2010-05-02 16:00:00,9281.0,9235.103
2010-05-02 17:00:00,9366.0,9296.942
2010-05-02 18:00:00,9421.0,9449.319
2010-05-02 19:00:00,9480.0,9546.563
2010-05-02 20:00:00,9667.0,9754.151
2010-05-02 21:00:00,10319.0,10002.883
2010-05-02 22:00:00,10022.0,10019.147
2010-05-02 23:00:00,9396.0,9325.248
2010-05-03 00:00:00,8302.0,8732.3
2010-05-03 01:00:00,7908.0,8077.7837
2010-05-03 02:00:00,7559.0,7790.359
2010-05-03 03:00:00,7446.0,7527.509
2010-05-03 04:00:00,7487.0,7533.21
2010-05-03 05:00:00,7639.0,7566.6157
2010-05-03 06:00:00,8200.0,7695.331
2010-05-03 07:00:00,9092.0,8974.739
2010-05-03 08:00:00,10045.0,9822.108
2010-05-03 09:00:00,10513.0,10631.144
2010-05-03 10:00:00,10950.0,10936.57
2010-05-03 11:00:00,11279.0,11213.634
2010-05-03 12:00:00,11424.0,11519.701
2010-05-03 13:00:00,11511.0,11508.71
2010-05-03 14:00:00,11623.0,11625.648
2010-05-03 15:00:00,11651.0,11575.617
2010-05-03 16:00:00,11525.0,11611.611
2010-05-03 17:00:00,11355.0,11426.875
2010-05-03 18:00:00,11094.0,11115.387
2010-05-03 19:00:00,10727.0,10994.468
2010-05-03 20:00:00,10661.0,10845.384
2010-05-03 21:00:00,11129.0,11035.457
2010-05-03 22:00:00,10740.0,11141.971
2010-05-03 23:00:00,9889.0,10113.6045
2010-05-04 00:00:00,8971.0,9262.501
2010-05-04 01:00:00,8384.0,8513.598
2010-05-04 02:00:00,8133.0,8103.6875
2010-05-04 03:00:00,8005.0,7917.148
2010-05-04 04:00:00,7893.0,7935.9917
2010-05-04 05:00:00,8017.0,8089.715
2010-05-04 06:00:00,8443.0,8444.271
2010-05-04 07:00:00,9222.0,9268.871
2010-05-04 08:00:00,10109.0,9995.808
2010-05-04 09:00:00,10572.0,10850.919
2010-05-04 10:00:00,10912.0,10947.488
2010-05-04 11:00:00,11151.0,11272.571
2010-05-04 12:00:00,11390.0,11336.677
2010-05-04 13:00:00,11549.0,11477.1
2010-05-04 14:00:00,11786.0,11701.585
2010-05-04 15:00:00,11856.0,11743.722
2010-05-04 16:00:00,11820.0,11768.694
2010-05-04 17:00:00,11766.0,11696.508
2010-05-04 18:00:00,11512.0,11555.361
2010-05-04 19:00:00,11128.0,11258.171
2010-05-04 20:00:00,11062.0,11158.076
2010-05-04 21:00:00,11553.0,11348.883
2010-05-04 22:00:00,11173.0,11387.701
2010-05-04 23:00:00,10195.0,10307.718
2010-05-05 00:00:00,9694.0,9397.021
2010-05-05 01:00:00,9064.0,9034.851
2010-05-05 02:00:00,8630.0,8660.808
2010-05-05 03:00:00,8398.0,8406.113
2010-05-05 04:00:00,8293.0,8328.362
2010-05-05 05:00:00,8441.0,8438.622
2010-05-05 06:00:00,8984.0,9048.451
2010-05-05 07:00:00,9790.0,9881.516
2010-05-05 08:00:00,10704.0,10701.929
2010-05-05 09:00:00,11256.0,11255.934
2010-05-05 10:00:00,11492.0,11531.291
2010-05-05 11:00:00,11679.0,11719.747
2010-05-05 12:00:00,11776.0,11733.771
2010-05-05 13:00:00,11844.0,11808.2
2010-05-05 14:00:00,11973.0,11890.096
2010-05-05 15:00:00,12003.0,11907.123
2010-05-05 16:00:00,11946.0,11928.841
2010-05-05 17:00:00,11831.0,11822.485
2010-05-05 18:00:00,11572.0,11658.7295
2010-05-05 19:00:00,11191.0,11285.696
2010-05-05 20:00:00,11083.0,11185.969
2010-05-05 21:00:00,11502.0,11397.531
2010-05-05 22:00:00,11148.0,11352.226
2010-05-05 23:00:00,10227.0,10318.712
2010-05-06 00:00:00,9399.0,9389.804
2010-05-06 01:00:00,8771.0,8816.459
2010-05-06 02:00:00,8355.0,8424.258
2010-05-06 03:00:00,8132.0,8157.5312
2010-05-06 04:00:00,8065.0,8026.402
2010-05-06 05:00:00,8196.0,8144.4507
2010-05-06 06:00:00,8694.0,8678.959
2010-05-06 07:00:00,9506.0,9638.602
2010-05-06 08:00:00,10379.0,10454.093
2010-05-06 09:00:00,10846.0,11013.086
2010-05-06 10:00:00,11155.0,11082.168
2010-05-06 11:00:00,11389.0,11430.487
2010-05-06 12:00:00,11540.0,11482.578
2010-05-06 13:00:00,11540.0,11639.765
2010-05-06 14:00:00,11580.0,11579.445
2010-05-06 15:00:00,11481.0,11464.736
2010-05-06 16:00:00,11342.0,11314.039
2010-05-06 17:00:00,11129.0,11183.54
2010-05-06 18:00:00,10859.0,10978.489
2010-05-06 19:00:00,10633.0,10711.604
2010-05-06 20:00:00,10677.0,10824.75
2010-05-06 21:00:00,11205.0,11122.041
2010-05-06 22:00:00,10899.0,11074.007
2010-05-06 23:00:00,10056.0,10228.156
2010-05-07 00:00:00,9225.0,9330.042
2010-05-07 01:00:00,8669.0,8670.496
2010-05-07 02:00:00,8360.0,8343.963
2010-05-07 03:00:00,8137.0,8165.816
2010-05-07 04:00:00,8143.0,8109.138
2010-05-07 05:00:00,8340.0,8366.97
2010-05-07 06:00:00,8982.0,8867.322
2010-05-07 07:00:00,9941.0,9878.331
2010-05-07 08:00:00,10725.0,10787.642
2010-05-07 09:00:00,11163.0,11143.336
2010-05-07 10:00:00,11204.0,11341.651
2010-05-07 11:00:00,11372.0,11361.221
2010-05-07 12:00:00,11454.0,11379.443
2010-05-07 13:00:00,11435.0,11437.597
2010-05-07 14:00:00,11422.0,11416.207
2010-05-07 15:00:00,11252.0,11257.684
2010-05-07 16:00:00,11055.0,11061.622
2010-05-07 17:00:00,10931.0,10883.201
2010-05-07 18:00:00,10811.0,10771.825
2010-05-07 19:00:00,10811.0,10730.71
2010-05-07 20:00:00,10942.0,11041.947
2010-05-07 21:00:00,11072.0,11266.631
2010-05-07 22:00:00,10803.0,10915.942
2010-05-07 23:00:00,10143.0,10176.877
2010-05-08 00:00:00,9401.0,9347.833
2010-05-08 01:00:00,8827.0,8804.783
2010-05-08 02:00:00,8491.0,8411.85
2010-05-08 03:00:00,8223.0,8214.162
2010-05-08 04:00:00,8027.0,8079.0728
2010-05-08 05:00:00,8193.0,8034.3286
2010-05-08 06:00:00,8381.0,8262.925
2010-05-08 07:00:00,8561.0,8602.16
2010-05-08 08:00:00,9002.0,8950.214
2010-05-08 09:00:00,9527.0,9383.011
2010-05-08 10:00:00,9851.0,9843.144
2010-05-08 11:00:00,10011.0,9994.826
2010-05-08 12:00:00,9967.0,9866.603
2010-05-08 13:00:00,9878.0,9795.58
2010-05-08 14:00:00,9666.0,9670.146
2010-05-08 15:00:00,9552.0,9434.632
2010-05-08 16:00:00,9410.0,9367.53
2010-05-08 17:00:00,9391.0,9336.206
2010-05-08 18:00:00,9430.0,9327.1045
2010-05-08 19:00:00,9437.0,9529.503
2010-05-08 20:00:00,9679.0,9668.525
2010-05-08 21:00:00,10167.0,10085.838
2010-05-08 22:00:00,10058.0,9982.023
2010-05-08 23:00:00,9560.0,9386.68
2010-05-09 00:00:00,8992.0,8864.699
2010-05-09 01:00:00,8439.0,8426.582
2010-05-09 02:00:00,8162.0,8046.115
2010-05-09 03:00:00,8041.0,7918.808
2010-05-09 04:00:00,7925.0,7816.246
2010-05-09 05:00:00,7967.0,7851.2114
2010-05-09 06:00:00,7921.0,7923.7314
2010-05-09 07:00:00,7924.0,7914.0796
2010-05-09 08:00:00,8126.0,8113.4033
2010-05-09 09:00:00,8423.0,8524.713
2010-05-09 10:00:00,8767.0,8738.226
2010-05-09 11:00:00,8894.0,8972.32
2010-05-09 12:00:00,8920.0,9003.587
2010-05-09 13:00:00,8873.0,8969.347
2010-05-09 14:00:00,8856.0,8866.219
2010-05-09 15:00:00,8782.0,8863.502
2010-05-09 16:00:00,8730.0,8785.584
2010-05-09 17:00:00,8731.0,8724.381
2010-05-09 18:00:00,8749.0,8732.591
2010-05-09 19:00:00,8796.0,8866.567
2010-05-09 20:00:00,9061.0,9107.744
2010-05-09 21:00:00,9787.0,9637.171
2010-05-09 22:00:00,9716.0,9785.946
2010-05-09 23:00:00,9218.0,9212.577
2010-05-10 00:00:00,8591.0,8592.27
2010-05-10 01:00:00,8259.0,8216.931
2010-05-10 02:00:00,8014.0,8018.417
2010-05-10 03:00:00,7877.0,7945.645
2010-05-10 04:00:00,8005.0,7942.4233
2010-05-10 05:00:00,8236.0,8302.099
2010-05-10 06:00:00,8921.0,8854.733
2010-05-10 07:00:00,9791.0,10007.906
2010-05-10 08:00:00,10652.0,10699.373
2010-05-10 09:00:00,10995.0,11164.648
2010-05-10 10:00:00,11233.0,11349.188
2010-05-10 11:00:00,11442.0,11506.892
2010-05-10 12:00:00,11461.0,11529.487
2010-05-10 13:00:00,11448.0,11480.562
2010-05-10 14:00:00,11455.0,11486.428
2010-05-10 15:00:00,11340.0,11414.673
2010-05-10 16:00:00,11200.0,11219.566
2010-05-10 17:00:00,11078.0,11101.297
2010-05-10 18:00:00,10970.0,10947.6
2010-05-10 19:00:00,10807.0,10887.147
2010-05-10 20:00:00,11064.0,11063.938
2010-05-10 21:00:00,11498.0,11549.318
2010-05-10 22:00:00,11074.0,11297.158
2010-05-10 23:00:00,10180.0,10269.905
2010-05-11 00:00:00,9347.0,9358.917
2010-05-11 01:00:00,8867.0,8798.465
2010-05-11 02:00:00,8650.0,8483.19
2010-05-11 03:00:00,8519.0,8428.524
2010-05-11 04:00:00,8461.0,8507.806
2010-05-11 05:00:00,8663.0,8600.952
2010-05-11 06:00:00,9291.0,9204.995
2010-05-11 07:00:00,10373.0,10293.392
2010-05-11 08:00:00,11260.0,11128.361
2010-05-11 09:00:00,11681.0,11616.417
2010-05-11 10:00:00,11848.0,11882.632
2010-05-11 11:00:00,11917.0,12010.157
2010-05-11 12:00:00,11884.0,11935.578
2010-05-11 13:00:00,11814.0,11860.947
2010-05-11 14:00:00,11781.0,11825.755
2010-05-11 15:00:00,11661.0,11659.152
2010-05-11 16:00:00,11544.0,11471.22
2010-05-11 17:00:00,11502.0,11412.715
2010-05-11 18:00:00,11434.0,11360.397
2010-05-11 19:00:00,11297.0,11334.681
2010-05-11 20:00:00,11387.0,11338.424
2010-05-11 21:00:00,11623.0,11752.206
2010-05-11 22:00:00,11175.0,11384.516
2010-05-11 23:00:00,10344.0,10297.391
2010-05-12 00:00:00,9504.0,9432.999
2010-05-12 01:00:00,8942.0,8904.067
2010-05-12 02:00:00,8647.0,8579.968
2010-05-12 03:00:00,8434.0,8442.823
2010-05-12 04:00:00,8382.0,8352.423
2010-05-12 05:00:00,8598.0,8536.299
2010-05-12 06:00:00,9207.0,9191.581
2010-05-12 07:00:00,10172.0,10127.53
2010-05-12 08:00:00,11040.0,10948.255
2010-05-12 09:00:00,11450.0,11413.008
2010-05-12 10:00:00,11628.0,11572.378
2010-05-12 11:00:00,11791.0,11825.706
2010-05-12 12:00:00,11739.0,11828.536
2010-05-12 13:00:00,11734.0,11703.75
2010-05-12 14:00:00,11743.0,11724.888
2010-05-12 15:00:00,11661.0,11592.611
2010-05-12 16:00:00,11497.0,11483.494
2010-05-12 17:00:00,11411.0,11334.693
2010-05-12 18:00:00,11298.0,11225.112
2010-05-12 19:00:00,11207.0,11131.837
2010-05-12 20:00:00,11483.0,11266.825
2010-05-12 21:00:00,11675.0,11793.168
2010-05-12 22:00:00,11203.0,11314.314
2010-05-12 23:00:00,10319.0,10318.789
2010-05-13 00:00:00,9520.0,9446.149
2010-05-13 01:00:00,8989.0,8931.681
2010-05-13 02:00:00,8697.0,8614.421
2010-05-13 03:00:00,8503.0,8445.395
2010-05-13 04:00:00,8462.0,8392.534
2010-05-13 05:00:00,8717.0,8586.758
2010-05-13 06:00:00,9395.0,9248.139
2010-05-13 07:00:00,10476.0,10314.981
2010-05-13 08:00:00,11213.0,11181.748
2010-05-13 09:00:00,11506.0,11542.845
2010-05-13 10:00:00,11781.0,11632.561
2010-05-13 11:00:00,11921.0,11936.208
2010-05-13 12:00:00,12067.0,11934.924
2010-05-13 13:00:00,12196.0,12068.77
2010-05-13 14:00:00,12350.0,12308.251
2010-05-13 15:00:00,12341.0,12282.935
2010-05-13 16:00:00,12299.0,12225.124
2010-05-13 17:00:00,12142.0,12179.924
2010-05-13 18:00:00,11894.0,11937.5205
2010-05-13 19:00:00,11707.0,11693.651
2010-05-13 20:00:00,11829.0,11694.928
2010-05-13 21:00:00,12005.0,12173.757
2010-05-13 22:00:00,11544.0,11622.36
2010-05-13 23:00:00,10579.0,10647.139
2010-05-14 00:00:00,9695.0,9648.174
2010-05-14 01:00:00,9054.0,9066.06
2010-05-14 02:00:00,8720.0,8676.328
2010-05-14 03:00:00,8494.0,8491.549
2010-05-14 04:00:00,8397.0,8383.935
2010-05-14 05:00:00,8570.0,8540.943
2010-05-14 06:00:00,8983.0,9102.239
2010-05-14 07:00:00,9861.0,9842.324
2010-05-14 08:00:00,10694.0,10750.0205
2010-05-14 09:00:00,11188.0,11237.078
2010-05-14 10:00:00,11397.0,11396.654
2010-05-14 11:00:00,11629.0,11574.689
2010-05-14 12:00:00,11697.0,11737.46
2010-05-14 13:00:00,11712.0,11680.806
2010-05-14 14:00:00,11736.0,11749.791
2010-05-14 15:00:00,11648.0,11637.311
2010-05-14 16:00:00,11449.0,11479.348
2010-05-14 17:00:00,11282.0,11246.86
2010-05-14 18:00:00,10980.0,11053.192
2010-05-14 19:00:00,10695.0,10789.538
2010-05-14 20:00:00,10729.0,10757.674
2010-05-14 21:00:00,11132.0,11003.481
2010-05-14 22:00:00,10887.0,11095.132
2010-05-14 23:00:00,10161.0,10283.63
2010-05-15 00:00:00,9422.0,9391.911
2010-05-15 01:00:00,8807.0,8823.88
2010-05-15 02:00:00,8467.0,8401.1455
2010-05-15 03:00:00,8215.0,8211.544
2010-05-15 04:00:00,8096.0,8073.5522
2010-05-15 05:00:00,8128.0,8103.48
2010-05-15 06:00:00,8134.0,8176.579
2010-05-15 07:00:00,8309.0,8352.726
2010-05-15 08:00:00,8812.0,8690.87
2010-05-15 09:00:00,9317.0,9301.139
2010-05-15 10:00:00,9650.0,9600.069
2010-05-15 11:00:00,9859.0,9798.4795
2010-05-15 12:00:00,9859.0,9833.704
2010-05-15 13:00:00,9806.0,9672.908
2010-05-15 14:00:00,9635.0,9575.114
2010-05-15 15:00:00,9525.0,9395.465
2010-05-15 16:00:00,9423.0,9368.115
2010-05-15 17:00:00,9413.0,9310.546
2010-05-15 18:00:00,9298.0,9328.619
2010-05-15 19:00:00,9279.0,9193.267
2010-05-15 20:00:00,9296.0,9383.933
2010-05-15 21:00:00,9875.0,9762.214
2010-05-15 22:00:00,9828.0,9820.262
2010-05-15 23:00:00,9376.0,9319.441
2010-05-16 00:00:00,8773.0,8757.978
2010-05-16 01:00:00,8370.0,8249.208
2010-05-16 02:00:00,8054.0,7979.723
2010-05-16 03:00:00,7847.0,7792.6597
2010-05-16 04:00:00,7750.0,7750.8345
2010-05-16 05:00:00,7716.0,7667.463
2010-05-16 06:00:00,7691.0,7690.7285
2010-05-16 07:00:00,7684.0,7717.9277
2010-05-16 08:00:00,7952.0,7889.6304
2010-05-16 09:00:00,8327.0,8354.013
2010-05-16 10:00:00,8717.0,8642.507
2010-05-16 11:00:00,8930.0,8974.902
2010-05-16 12:00:00,9105.0,9025.529
2010-05-16 13:00:00,9129.0,9153.234
2010-05-16 14:00:00,9142.0,9089.068
2010-05-16 15:00:00,9146.0,9076.29
2010-05-16 16:00:00,9158.0,9082.431
2010-05-16 17:00:00,9164.0,9154.259
2010-05-16 18:00:00,9205.0,9172.656
2010-05-16 19:00:00,9205.0,9192.763
2010-05-16 20:00:00,9365.0,9446.806
2010-05-16 21:00:00,9925.0,9843.336
2010-05-16 22:00:00,9832.0,9918.214
2010-05-16 23:00:00,9228.0,9257.8125
2010-05-17 00:00:00,8632.0,8652.299
2010-05-17 01:00:00,8216.0,8210.119
2010-05-17 02:00:00,8023.0,8005.0273
2010-05-17 03:00:00,7875.0,7898.9717
2010-05-17 04:00:00,7911.0,7890.0635
2010-05-17 05:00:00,8120.0,8133.731
2010-05-17 06:00:00,8802.0,8642.869
2010-05-17 07:00:00,9860.0,9817.226
2010-05-17 08:00:00,10791.0,10696.875
2010-05-17 09:00:00,11181.0,11194.987
2010-05-17 10:00:00,11431.0,11382.155
2010-05-17 11:00:00,11593.0,11634.192
2010-05-17 12:00:00,11614.0,11692.884
2010-05-17 13:00:00,11632.0,11622.672
2010-05-17 14:00:00,11641.0,11694.196
2010-05-17 15:00:00,11524.0,11563.667
2010-05-17 16:00:00,11418.0,11400.25
2010-05-17 17:00:00,11305.0,11219.975
2010-05-17 18:00:00,11189.0,11141.661
2010-05-17 19:00:00,11059.0,11007.3125
2010-05-17 20:00:00,11139.0,11174.16
2010-05-17 21:00:00,11451.0,11618.485
2010-05-17 22:00:00,11068.0,11181.947
2010-05-17 23:00:00,10214.0,10266.369
2010-05-18 00:00:00,9320.0,9353.284
2010-05-18 01:00:00,8775.0,8764.007
2010-05-18 02:00:00,8454.0,8399.159
2010-05-18 03:00:00,8266.0,8240.02
2010-05-18 04:00:00,8189.0,8204.964
2010-05-18 05:00:00,8401.0,8303.057
2010-05-18 06:00:00,8865.0,8991.807
2010-05-18 07:00:00,9789.0,9676.028
2010-05-18 08:00:00,10700.0,10685.859
2010-05-18 09:00:00,11150.0,11161.368
2010-05-18 10:00:00,11418.0,11401.986
2010-05-18 11:00:00,11636.0,11593.386
2010-05-18 12:00:00,11718.0,11702.543
2010-05-18 13:00:00,11668.0,11709.386
2010-05-18 14:00:00,11677.0,11674.33
2010-05-18 15:00:00,11580.0,11574.047
2010-05-18 16:00:00,11431.0,11437.082
2010-05-18 17:00:00,11344.0,11256.749
2010-05-18 18:00:00,11234.0,11206.713
2010-05-18 19:00:00,11053.0,11089.763
2010-05-18 20:00:00,11096.0,11165.105
2010-05-18 21:00:00,11441.0,11549.067
2010-05-18 22:00:00,11136.0,11188.684
2010-05-18 23:00:00,10291.0,10317.796
2010-05-19 00:00:00,9420.0,9393.613
2010-05-19 01:00:00,8833.0,8824.852
2010-05-19 02:00:00,8491.0,8487.322
2010-05-19 03:00:00,8308.0,8291.963
2010-05-19 04:00:00,8250.0,8208.823
2010-05-19 05:00:00,8452.0,8376.244
2010-05-19 06:00:00,8947.0,9066.74
2010-05-19 07:00:00,9814.0,9871.472
2010-05-19 08:00:00,10729.0,10730.892
2010-05-19 09:00:00,11202.0,11173.607
2010-05-19 10:00:00,11486.0,11405.144
2010-05-19 11:00:00,11768.0,11646.682
2010-05-19 12:00:00,11895.0,11843.128
2010-05-19 13:00:00,12012.0,11908.177
2010-05-19 14:00:00,12085.0,12063.969
2010-05-19 15:00:00,12061.0,11993.141
2010-05-19 16:00:00,11988.0,11938.829
2010-05-19 17:00:00,11861.0,11845.043
2010-05-19 18:00:00,11627.0,11607.74
2010-05-19 19:00:00,11271.0,11342.09
2010-05-19 20:00:00,11157.0,11298.85
2010-05-19 21:00:00,11565.0,11385.134
2010-05-19 22:00:00,11274.0,11373.694
2010-05-19 23:00:00,10383.0,10408.431
2010-05-20 00:00:00,9463.0,9490.496
2010-05-20 01:00:00,8848.0,8897.206
2010-05-20 02:00:00,8499.0,8495.339
2010-05-20 03:00:00,8286.0,8278.511
2010-05-20 04:00:00,8185.0,8196.611
2010-05-20 05:00:00,8347.0,8290.172
2010-05-20 06:00:00,8759.0,8851.583
2010-05-20 07:00:00,9689.0,9573.37
2010-05-20 08:00:00,10664.0,10566.379
2010-05-20 09:00:00,11233.0,11170.27
2010-05-20 10:00:00,11653.0,11475.967
2010-05-20 11:00:00,11988.0,11933.792
2010-05-20 12:00:00,12166.0,12162.765
2010-05-20 13:00:00,12258.0,12211.412
2010-05-20 14:00:00,12375.0,12388.999
2010-05-20 15:00:00,12317.0,12325.413
2010-05-20 16:00:00,12166.0,12219.382
2010-05-20 17:00:00,11909.0,11988.511
2010-05-20 18:00:00,11699.0,11704.12
2010-05-20 19:00:00,11511.0,11378.012
2010-05-20 20:00:00,11484.0,11468.344
2010-05-20 21:00:00,11762.0,11700.828
2010-05-20 22:00:00,11367.0,11474.979
2010-05-20 23:00:00,10470.0,10441.166
2010-05-21 00:00:00,9623.0,9500.46
2010-05-21 01:00:00,9023.0,8983.306
2010-05-21 02:00:00,8713.0,8647.8545
2010-05-21 03:00:00,8431.0,8484.566
2010-05-21 04:00:00,8367.0,8338.333
2010-05-21 05:00:00,8482.0,8512.544
2010-05-21 06:00:00,9056.0,8914.134
2010-05-21 07:00:00,9999.0,9964.06
2010-05-21 08:00:00,10862.0,10887.535
2010-05-21 09:00:00,11328.0,11353.181
2010-05-21 10:00:00,11647.0,11564.515
2010-05-21 11:00:00,11903.0,11905.374
2010-05-21 12:00:00,12037.0,11963.594
2010-05-21 13:00:00,12110.0,12044.967
2010-05-21 14:00:00,12174.0,12141.157
2010-05-21 15:00:00,12150.0,12094.989
2010-05-21 16:00:00,12051.0,12043.232
2010-05-21 17:00:00,11885.0,11926.509
2010-05-21 18:00:00,11663.0,11669.218
2010-05-21 19:00:00,11350.0,11424.912
2010-05-21 20:00:00,11206.0,11352.272
2010-05-21 21:00:00,11483.0,11425.19
2010-05-21 22:00:00,11298.0,11279.673
2010-05-21 23:00:00,10564.0,10536.1045
2010-05-22 00:00:00,9767.0,9611.743
2010-05-22 01:00:00,9100.0,9069.921
2010-05-22 02:00:00,8718.0,8686.609
2010-05-22 03:00:00,8407.0,8433.892
2010-05-22 04:00:00,8289.0,8248.798
2010-05-22 05:00:00,8265.0,8300.313
2010-05-22 06:00:00,8387.0,8357.614
2010-05-22 07:00:00,8617.0,8586.953
2010-05-22 08:00:00,9191.0,9092.11
2010-05-22 09:00:00,9813.0,9682.469
2010-05-22 10:00:00,10228.0,10163.863
2010-05-22 11:00:00,10536.0,10329.045
2010-05-22 12:00:00,10657.0,10441.917
2010-05-22 13:00:00,10725.0,10616.632
2010-05-22 14:00:00,10688.0,10624.626
2010-05-22 15:00:00,10696.0,10588.039
2010-05-22 16:00:00,10705.0,10628.295
2010-05-22 17:00:00,10763.0,10682.665
2010-05-22 18:00:00,10696.0,10761.958
2010-05-22 19:00:00,10625.0,10605.578
2010-05-22 20:00:00,10534.0,10688.467
2010-05-22 21:00:00,10909.0,10670.3125
2010-05-22 22:00:00,10882.0,10797.779
2010-05-22 23:00:00,10332.0,10343.513
2010-05-23 00:00:00,9650.0,9645.432
2010-05-23 01:00:00,9049.0,9018.3125
2010-05-23 02:00:00,8618.0,8628.983
2010-05-23 03:00:00,8308.0,8325.734
2010-05-23 04:00:00,8224.0,8084.8945
2010-05-23 05:00:00,8135.0,8113.3267
2010-05-23 06:00:00,8033.0,8182.1626
2010-05-23 07:00:00,8092.0,8052.682
2010-05-23 08:00:00,8613.0,8343.202
2010-05-23 09:00:00,9397.0,8954.628
2010-05-23 10:00:00,10271.0,9741.165
2010-05-23 11:00:00,11121.0,10564.99
2010-05-23 12:00:00,11914.0,11412.404
2010-05-23 13:00:00,12560.0,12174.319
2010-05-23 14:00:00,12979.0,12846.672
2010-05-23 15:00:00,13394.0,13169.965
2010-05-23 16:00:00,13732.0,13642.575
2010-05-23 17:00:00,14051.0,14013.112
2010-05-23 18:00:00,14244.0,14158.408
2010-05-23 19:00:00,14309.0,13947.363
2010-05-23 20:00:00,14315.0,14135.98
2010-05-23 21:00:00,14679.0,14328.833
2010-05-23 22:00:00,14655.0,14580.654
2010-05-23 23:00:00,13868.0,14069.481
2010-05-24 00:00:00,12857.0,12874.433
2010-05-24 01:00:00,12045.0,12007.259
2010-05-24 02:00:00,11352.0,11436.617
2010-05-24 03:00:00,10977.0,10876.108
2010-05-24 04:00:00,10709.0,10714.063
2010-05-24 05:00:00,10753.0,10722.775
2010-05-24 06:00:00,11187.0,11130.7
2010-05-24 07:00:00,12432.0,11964.249
2010-05-24 08:00:00,13951.0,13558.691
2010-05-24 09:00:00,15166.0,15079.286
2010-05-24 10:00:00,16272.0,16103.006
2010-05-24 11:00:00,17348.0,17038.492
2010-05-24 12:00:00,18061.0,18082.64
2010-05-24 13:00:00,18604.0,18697.38
2010-05-24 14:00:00,19015.0,19137.623
2010-05-24 15:00:00,19318.0,19132.744
2010-05-24 16:00:00,19542.0,19468.883
2010-05-24 17:00:00,19657.0,19405.572
2010-05-24 18:00:00,19437.0,19586.883
2010-05-24 19:00:00,18829.0,18427.385
2010-05-24 20:00:00,18120.0,18220.125
2010-05-24 21:00:00,17827.0,17797.615
2010-05-24 22:00:00,17145.0,17278.096
2010-05-24 23:00:00,15652.0,15723.161
2010-05-25 00:00:00,14102.0,14277.437
2010-05-25 01:00:00,12917.0,12903.905
2010-05-25 02:00:00,12098.0,12078.285
2010-05-25 03:00:00,11491.0,11582.157
2010-05-25 04:00:00,11070.0,11162.443
2010-05-25 05:00:00,11024.0,11090.272
2010-05-25 06:00:00,11341.0,11442.583
2010-05-25 07:00:00,12434.0,12276.164
2010-05-25 08:00:00,13780.0,13613.186
2010-05-25 09:00:00,14869.0,14783.472
2010-05-25 10:00:00,15784.0,15884.748
2010-05-25 11:00:00,16719.0,16693.314
2010-05-25 12:00:00,17354.0,17247.67
2010-05-25 13:00:00,17845.0,17663.652
2010-05-25 14:00:00,18187.0,18132.252
2010-05-25 15:00:00,18364.0,18459.867
2010-05-25 16:00:00,18592.0,18349.537
2010-05-25 17:00:00,18604.0,18335.438
2010-05-25 18:00:00,18087.0,17980.5
2010-05-25 19:00:00,17139.0,17436.201
2010-05-25 20:00:00,16438.0,16492.473
2010-05-25 21:00:00,16164.0,16160.243
2010-05-25 22:00:00,15496.0,15519.414
2010-05-25 23:00:00,14079.0,14329.762
2010-05-26 00:00:00,12633.0,12755.974
2010-05-26 01:00:00,11570.0,11605.087
2010-05-26 02:00:00,10873.0,10870.635
2010-05-26 03:00:00,10442.0,10340.474
2010-05-26 04:00:00,10213.0,10094.1
2010-05-26 05:00:00,10302.0,10063.058
2010-05-26 06:00:00,10735.0,10674.093
2010-05-26 07:00:00,11915.0,11580.258
2010-05-26 08:00:00,13218.0,13040.311
2010-05-26 09:00:00,14289.0,14226.955
2010-05-26 10:00:00,15236.0,15221.6455
2010-05-26 11:00:00,16201.0,15934.283
2010-05-26 12:00:00,16870.0,16958.318
2010-05-26 13:00:00,17466.0,17369.06
2010-05-26 14:00:00,17991.0,17645.902
2010-05-26 15:00:00,18143.0,18048.932
2010-05-26 16:00:00,17982.0,18322.254
2010-05-26 17:00:00,17292.0,17762.19
2010-05-26 18:00:00,16517.0,16905.062
2010-05-26 19:00:00,15892.0,15928.3125
2010-05-26 20:00:00,15492.0,15470.699
2010-05-26 21:00:00,15559.0,15453.659
2010-05-26 22:00:00,15128.0,15019.066
2010-05-26 23:00:00,13871.0,13939.35
2010-05-27 00:00:00,12464.0,12548.889
2010-05-27 01:00:00,11384.0,11424.587
2010-05-27 02:00:00,10625.0,10722.014
2010-05-27 03:00:00,10094.0,10087.48
2010-05-27 04:00:00,9854.0,9675.215
2010-05-27 05:00:00,9952.0,9774.712
2010-05-27 06:00:00,10325.0,10283.053
2010-05-27 07:00:00,11361.0,11005.395
2010-05-27 08:00:00,12455.0,12466.506
2010-05-27 09:00:00,13077.0,13378.122
2010-05-27 10:00:00,13500.0,13664.61
2010-05-27 11:00:00,13852.0,14021.1875
2010-05-27 12:00:00,14129.0,14204.701
2010-05-27 13:00:00,14327.0,14308.006
2010-05-27 14:00:00,14572.0,14398.971
2010-05-27 15:00:00,14695.0,14628.649
2010-05-27 16:00:00,14829.0,14664.06
2010-05-27 17:00:00,14879.0,14670.535
2010-05-27 18:00:00,14587.0,14593.456
2010-05-27 19:00:00,13941.0,14029.828
2010-05-27 20:00:00,13260.0,13489.233
2010-05-27 21:00:00,13126.0,13215.201
2010-05-27 22:00:00,12821.0,12754.044
2010-05-27 23:00:00,11699.0,11834.714
2010-05-28 00:00:00,10627.0,10839.122
2010-05-28 01:00:00,9816.0,9841.054
2010-05-28 02:00:00,9334.0,9288.857
2010-05-28 03:00:00,9000.0,9013.905
2010-05-28 04:00:00,8839.0,8823.258
2010-05-28 05:00:00,8928.0,8876.139
2010-05-28 06:00:00,9244.0,9355.099
2010-05-28 07:00:00,10169.0,10129.06
2010-05-28 08:00:00,11229.0,11107.135
2010-05-28 09:00:00,11989.0,11883.1
2010-05-28 10:00:00,12495.0,12640.821
2010-05-28 11:00:00,12915.0,12846.999
2010-05-28 12:00:00,13159.0,13104.326
2010-05-28 13:00:00,13334.0,13294.961
2010-05-28 14:00:00,13600.0,13451.371
2010-05-28 15:00:00,13778.0,13759.353
2010-05-28 16:00:00,13941.0,13842.284
2010-05-28 17:00:00,14031.0,14004.522
2010-05-28 18:00:00,13875.0,13874.486
2010-05-28 19:00:00,13414.0,13498.421
2010-05-28 20:00:00,12808.0,12981.447
2010-05-28 21:00:00,12725.0,12653.166
2010-05-28 22:00:00,12405.0,12384.5625
2010-05-28 23:00:00,11517.0,11582.08
2010-05-29 00:00:00,10481.0,10613.667
2010-05-29 01:00:00,9721.0,9689.669
2010-05-29 02:00:00,9197.0,9237.916
2010-05-29 03:00:00,8848.0,8904.786
2010-05-29 04:00:00,8626.0,8574.864
2010-05-29 05:00:00,8642.0,8475.3125
2010-05-29 06:00:00,8503.0,8655.759
2010-05-29 07:00:00,8734.0,8590.1875
2010-05-29 08:00:00,9434.0,9182.746
2010-05-29 09:00:00,10279.0,10156.914
2010-05-29 10:00:00,11176.0,10851.931
2010-05-29 11:00:00,11985.0,11647.013
2010-05-29 12:00:00,12698.0,12485.592
2010-05-29 13:00:00,13249.0,13096.233
2010-05-29 14:00:00,13542.0,13580.811
2010-05-29 15:00:00,13846.0,13769.236
2010-05-29 16:00:00,14063.0,14048.908
2010-05-29 17:00:00,14262.0,14183.74
2010-05-29 18:00:00,14090.0,14179.095
2010-05-29 19:00:00,13772.0,13663.755
2010-05-29 20:00:00,13153.0,13441.947
2010-05-29 21:00:00,12919.0,13033.288
2010-05-29 22:00:00,12628.0,12839.526
2010-05-29 23:00:00,11783.0,11851.03
2010-05-30 00:00:00,10885.0,10902.487
2010-05-30 01:00:00,10045.0,10115.423
2010-05-30 02:00:00,9405.0,9522.994
2010-05-30 03:00:00,9047.0,9066.017
2010-05-30 04:00:00,8725.0,8750.545
2010-05-30 05:00:00,8646.0,8589.594
2010-05-30 06:00:00,8363.0,8496.558
2010-05-30 07:00:00,8449.0,8305.451
2010-05-30 08:00:00,9140.0,8766.132
2010-05-30 09:00:00,10120.0,9859.623
2010-05-30 10:00:00,11231.0,10856.029
2010-05-30 11:00:00,12369.0,11968.618
2010-05-30 12:00:00,13406.0,13089.015
2010-05-30 13:00:00,14089.0,14117.924
2010-05-30 14:00:00,14642.0,14560.799
2010-05-30 15:00:00,14988.0,15033.427
2010-05-30 16:00:00,15278.0,15279.273
2010-05-30 17:00:00,15456.0,15488.819
2010-05-30 18:00:00,15354.0,15344.27
2010-05-30 19:00:00,14986.0,14838.32
2010-05-30 20:00:00,14434.0,14571.335
2010-05-30 21:00:00,14384.0,14334.988
2010-05-30 22:00:00,14155.0,14175.9
2010-05-30 23:00:00,13404.0,13339.973
2010-05-31 00:00:00,12445.0,12350.771
2010-05-31 01:00:00,11583.0,11573.215
2010-05-31 02:00:00,10836.0,10907.763
2010-05-31 03:00:00,10333.0,10369.441
2010-05-31 04:00:00,10045.0,10029.314
2010-05-31 05:00:00,9918.0,10052.945
2010-05-31 06:00:00,9808.0,10268.559
2010-05-31 07:00:00,9942.0,10337.95
2010-05-31 08:00:00,10669.0,10599.747
2010-05-31 09:00:00,11547.0,11548.89
2010-05-31 10:00:00,12629.0,12457.548
2010-05-31 11:00:00,13126.0,13539.169
2010-05-31 12:00:00,12881.0,13629.754
2010-05-31 13:00:00,12454.0,13025.599
2010-05-31 14:00:00,12094.0,12410.779
2010-05-31 15:00:00,11807.0,11906.831
2010-05-31 16:00:00,11742.0,11728.016
2010-05-31 17:00:00,11918.0,11792.056
2010-05-31 18:00:00,12183.0,12078.88
2010-05-31 19:00:00,12267.0,12197.162
2010-05-31 20:00:00,12125.0,12204.813
2010-05-31 21:00:00,12303.0,12151.219
2010-05-31 22:00:00,12265.0,12095.2
2010-05-31 23:00:00,11441.0,11403.755
2010-06-01 00:00:00,10525.0,10524.341
2010-06-01 01:00:00,9804.0,9795.597
2010-06-01 02:00:00,9360.0,9224.976
2010-06-01 03:00:00,9088.0,9002.537
2010-06-01 04:00:00,8993.0,8910.951
2010-06-01 05:00:00,9183.0,9087.337
2010-06-01 06:00:00,9638.0,9609.7705
2010-06-01 07:00:00,10764.0,10511.931
2010-06-01 08:00:00,11977.0,11792.059
2010-06-01 09:00:00,12927.0,12780.495
2010-06-01 10:00:00,13796.0,13568.834
2010-06-01 11:00:00,14683.0,14318.77
2010-06-01 12:00:00,15330.0,15268.601
2010-06-01 13:00:00,15881.0,15759.166
2010-06-01 14:00:00,16419.0,16268.308
2010-06-01 15:00:00,16860.0,16749.445
2010-06-01 16:00:00,17220.0,17053.44
2010-06-01 17:00:00,17398.0,17508.854
2010-06-01 18:00:00,17298.0,17153.195
2010-06-01 19:00:00,16753.0,16848.654
2010-06-01 20:00:00,16052.0,16371.128
2010-06-01 21:00:00,15873.0,15804.539
2010-06-01 22:00:00,15447.0,15296.913
2010-06-01 23:00:00,14197.0,14129.128
2010-06-02 00:00:00,12881.0,12813.898
2010-06-02 01:00:00,11904.0,11738.288
2010-06-02 02:00:00,11174.0,11188.84
2010-06-02 03:00:00,10615.0,10685.82
2010-06-02 04:00:00,10243.0,10320.058
2010-06-02 05:00:00,10260.0,10209.362
2010-06-02 06:00:00,10753.0,10573.795
2010-06-02 07:00:00,11617.0,11640.485
2010-06-02 08:00:00,12581.0,12880.035
2010-06-02 09:00:00,13422.0,13511.767
2010-06-02 10:00:00,14096.0,14175.51
2010-06-02 11:00:00,14669.0,14815.434
2010-06-02 12:00:00,15015.0,15195.881
2010-06-02 13:00:00,15116.0,15359.413
2010-06-02 14:00:00,15395.0,15449.17
2010-06-02 15:00:00,15395.0,15549.22
2010-06-02 16:00:00,15460.0,15386.489
2010-06-02 17:00:00,15448.0,15157.855
2010-06-02 18:00:00,15121.0,15103.369
2010-06-02 19:00:00,14404.0,14584.604
2010-06-02 20:00:00,13766.0,14066.521
2010-06-02 21:00:00,13531.0,13677.97
2010-06-02 22:00:00,12858.0,13345.742
2010-06-02 23:00:00,11696.0,11866.173
2010-06-03 00:00:00,10564.0,10675.415
2010-06-03 01:00:00,9800.0,9778.026
2010-06-03 02:00:00,9308.0,9255.455
2010-06-03 03:00:00,8979.0,8961.307
2010-06-03 04:00:00,8838.0,8728.163
2010-06-03 05:00:00,8960.0,8911.206
2010-06-03 06:00:00,9318.0,9385.274
2010-06-03 07:00:00,10169.0,10153.262
2010-06-03 08:00:00,11160.0,11122.578
2010-06-03 09:00:00,11862.0,11880.858
2010-06-03 10:00:00,12362.0,12391.472
2010-06-03 11:00:00,12825.0,12771.073
2010-06-03 12:00:00,13117.0,13083.12
2010-06-03 13:00:00,13283.0,13307.483
2010-06-03 14:00:00,13477.0,13405.806
2010-06-03 15:00:00,13575.0,13545.975
2010-06-03 16:00:00,13587.0,13608.837
2010-06-03 17:00:00,13569.0,13458.319
2010-06-03 18:00:00,13334.0,13321.841
2010-06-03 19:00:00,12825.0,12962.743
2010-06-03 20:00:00,12354.0,12483.58
2010-06-03 21:00:00,12339.0,12225.023
2010-06-03 22:00:00,12176.0,12025.402
2010-06-03 23:00:00,11233.0,11354.626
2010-06-04 00:00:00,10223.0,10275.013
2010-06-04 01:00:00,9517.0,9532.285
2010-06-04 02:00:00,9076.0,9102.088
2010-06-04 03:00:00,8803.0,8818.722
2010-06-04 04:00:00,8710.0,8642.173
2010-06-04 05:00:00,8864.0,8797.962
2010-06-04 06:00:00,9303.0,9353.49
2010-06-04 07:00:00,10158.0,10241.195
2010-06-04 08:00:00,11166.0,11074.432
2010-06-04 09:00:00,11816.0,11901.934
2010-06-04 10:00:00,12297.0,12253.57
2010-06-04 11:00:00,12727.0,12683.652
2010-06-04 12:00:00,13254.0,12935.126
2010-06-04 13:00:00,13847.0,13470.239
2010-06-04 14:00:00,14367.0,14200.143
2010-06-04 15:00:00,14609.0,14699.351
2010-06-04 16:00:00,14669.0,14799.964
2010-06-04 17:00:00,14830.0,14596.528
2010-06-04 18:00:00,14863.0,14641.165
2010-06-04 19:00:00,14634.0,14493.251
2010-06-04 20:00:00,14287.0,14278.963
2010-06-04 21:00:00,14255.0,14083.56
2010-06-04 22:00:00,14146.0,13951.651
2010-06-04 23:00:00,13330.0,13219.074
2010-06-05 00:00:00,12271.0,12202.538
2010-06-05 01:00:00,11257.0,11304.232
2010-06-05 02:00:00,10681.0,10536.74
2010-06-05 03:00:00,10185.0,10130.546
2010-06-05 04:00:00,9875.0,9800.883
2010-06-05 05:00:00,9736.0,9679.61
2010-06-05 06:00:00,9746.0,9693.952
2010-06-05 07:00:00,10022.0,9868.363
2010-06-05 08:00:00,10655.0,10497.801
2010-06-05 09:00:00,11366.0,11331.232
2010-06-05 10:00:00,11937.0,12086.254
2010-06-05 11:00:00,12251.0,12627.144
2010-06-05 12:00:00,12578.0,12431.246
2010-06-05 13:00:00,12980.0,12746.471
2010-06-05 14:00:00,13329.0,13094.346
2010-06-05 15:00:00,13378.0,13513.53
2010-06-05 16:00:00,13286.0,13521.271
2010-06-05 17:00:00,13379.0,13289.289
2010-06-05 18:00:00,13211.0,13345.971
2010-06-05 19:00:00,12952.0,12950.247
2010-06-05 20:00:00,12815.0,12756.828
2010-06-05 21:00:00,13011.0,12643.974
2010-06-05 22:00:00,12846.0,12795.368
2010-06-05 23:00:00,11883.0,12134.334
2010-06-06 00:00:00,10584.0,11051.452
2010-06-06 01:00:00,9624.0,9878.603
2010-06-06 02:00:00,9088.0,9182.777
2010-06-06 03:00:00,8687.0,8711.587
2010-06-06 04:00:00,8499.0,8421.967
2010-06-06 05:00:00,8344.0,8397.251
2010-06-06 06:00:00,8147.0,8325.087
2010-06-06 07:00:00,8190.0,8227.029
2010-06-06 08:00:00,8651.0,8589.907
2010-06-06 09:00:00,9371.0,9350.031
2010-06-06 10:00:00,9920.0,10019.97
2010-06-06 11:00:00,10394.0,10539.401
2010-06-06 12:00:00,10677.0,10946.065
2010-06-06 13:00:00,10961.0,11075.904
2010-06-06 14:00:00,11065.0,11172.924
2010-06-06 15:00:00,11112.0,11193.092
2010-06-06 16:00:00,11099.0,11165.969
2010-06-06 17:00:00,11129.0,11061.934
2010-06-06 18:00:00,10897.0,11027.098
2010-06-06 19:00:00,10699.0,10734.244
2010-06-06 20:00:00,10543.0,10642.237
2010-06-06 21:00:00,10707.0,10644.722
2010-06-06 22:00:00,10751.0,10635.143
2010-06-06 23:00:00,10137.0,10166.181
2010-06-07 00:00:00,9369.0,9430.766
2010-06-07 01:00:00,8830.0,8856.228
2010-06-07 02:00:00,8468.0,8514.525
2010-06-07 03:00:00,8307.0,8275.409
2010-06-07 04:00:00,8227.0,8209.803
2010-06-07 05:00:00,8449.0,8335.422
2010-06-07 06:00:00,8822.0,8994.821
2010-06-07 07:00:00,9782.0,9548.021
2010-06-07 08:00:00,10781.0,10858.675
2010-06-07 09:00:00,11560.0,11607.217
2010-06-07 10:00:00,12022.0,12106.719
2010-06-07 11:00:00,12452.0,12354.289
2010-06-07 12:00:00,12674.0,12649.347
2010-06-07 13:00:00,12804.0,12841.185
2010-06-07 14:00:00,12976.0,12917.279
2010-06-07 15:00:00,13022.0,12952.391
2010-06-07 16:00:00,12983.0,12987.859
2010-06-07 17:00:00,12913.0,12855.136
2010-06-07 18:00:00,12718.0,12688.629
2010-06-07 19:00:00,12219.0,12477.84
2010-06-07 20:00:00,11791.0,12076.231
2010-06-07 21:00:00,11802.0,11885.7705
2010-06-07 22:00:00,11661.0,11662.102
2010-06-07 23:00:00,10760.0,10790.979
2010-06-08 00:00:00,9865.0,9863.165
2010-06-08 01:00:00,9205.0,9248.321
2010-06-08 02:00:00,8831.0,8823.806
2010-06-08 03:00:00,8567.0,8586.585
2010-06-08 04:00:00,8496.0,8455.515
2010-06-08 05:00:00,8671.0,8572.344
2010-06-08 06:00:00,9182.0,9140.431
2010-06-08 07:00:00,10038.0,10176.17
2010-06-08 08:00:00,10881.0,11052.014
2010-06-08 09:00:00,11468.0,11606.648
2010-06-08 10:00:00,11800.0,11868.06
2010-06-08 11:00:00,12111.0,12165.91
2010-06-08 12:00:00,12208.0,12239.926
2010-06-08 13:00:00,12287.0,12274.778
2010-06-08 14:00:00,12330.0,12413.921
2010-06-08 15:00:00,12229.0,12297.18
2010-06-08 16:00:00,12100.0,12127.601
2010-06-08 17:00:00,11997.0,11962.369
2010-06-08 18:00:00,11892.0,11809.637
2010-06-08 19:00:00,11696.0,11771.24
2010-06-08 20:00:00,11730.0,11644.345
2010-06-08 21:00:00,11821.0,11966.711
2010-06-08 22:00:00,11589.0,11519.433
2010-06-08 23:00:00,10822.0,10686.912
2010-06-09 00:00:00,9999.0,9935.172
2010-06-09 01:00:00,9443.0,9363.194
2010-06-09 02:00:00,9103.0,9010.233
2010-06-09 03:00:00,8921.0,8859.253
2010-06-09 04:00:00,8919.0,8855.614
2010-06-09 05:00:00,9144.0,9124.806
2010-06-09 06:00:00,9630.0,9662.888
2010-06-09 07:00:00,10503.0,10443.3545
2010-06-09 08:00:00,11559.0,11390.702
2010-06-09 09:00:00,12338.0,12192.977
2010-06-09 10:00:00,12961.0,12687.163
2010-06-09 11:00:00,13566.0,13359.319
2010-06-09 12:00:00,13997.0,13862.759
2010-06-09 13:00:00,14358.0,14245.32
2010-06-09 14:00:00,14653.0,14667.312
2010-06-09 15:00:00,14845.0,14793.781
2010-06-09 16:00:00,14951.0,14831.932
2010-06-09 17:00:00,15005.0,14917.864
2010-06-09 18:00:00,14808.0,14786.712
2010-06-09 19:00:00,14368.0,14435.868
2010-06-09 20:00:00,13912.0,14188.495
2010-06-09 21:00:00,13654.0,13808.862
2010-06-09 22:00:00,13370.0,13285.971
2010-06-09 23:00:00,12411.0,12299.406
2010-06-10 00:00:00,11352.0,11346.809
2010-06-10 01:00:00,10368.0,10506.971
2010-06-10 02:00:00,9760.0,9891.973
2010-06-10 03:00:00,9336.0,9431.436
2010-06-10 04:00:00,9124.0,9149.507
2010-06-10 05:00:00,9199.0,9151.108
2010-06-10 06:00:00,9459.0,9571.744
2010-06-10 07:00:00,10540.0,10297.716
2010-06-10 08:00:00,11555.0,11515.281
2010-06-10 09:00:00,12425.0,12344.001
2010-06-10 10:00:00,13084.0,13087.533
2010-06-10 11:00:00,13613.0,13653.565
2010-06-10 12:00:00,13971.0,14055.612
2010-06-10 13:00:00,14202.0,14188.181
2010-06-10 14:00:00,14356.0,14405.313
2010-06-10 15:00:00,14537.0,14483.204
2010-06-10 16:00:00,14459.0,14661.031
2010-06-10 17:00:00,14072.0,14265.537
2010-06-10 18:00:00,13551.0,13772.623
2010-06-10 19:00:00,12950.0,13123.245
2010-06-10 20:00:00,12617.0,12693.5
2010-06-10 21:00:00,12662.0,12565.709
2010-06-10 22:00:00,12521.0,12463.693
2010-06-10 23:00:00,11728.0,11706.445
2010-06-11 00:00:00,10743.0,10834.317
2010-06-11 01:00:00,9993.0,9987.997
2010-06-11 02:00:00,9508.0,9459.527
2010-06-11 03:00:00,9189.0,9203.257
2010-06-11 04:00:00,9080.0,9022.146
2010-06-11 05:00:00,9174.0,9121.165
2010-06-11 06:00:00,9766.0,9598.586
2010-06-11 07:00:00,10654.0,10694.955
2010-06-11 08:00:00,11808.0,11686.059
2010-06-11 09:00:00,13037.0,12561.149
2010-06-11 10:00:00,14247.0,13622.773
2010-06-11 11:00:00,15506.0,15144.499
2010-06-11 12:00:00,16346.0,16353.4795
2010-06-11 13:00:00,16666.0,16887.535
2010-06-11 14:00:00,16990.0,17113.418
2010-06-11 15:00:00,17460.0,17268.318
2010-06-11 16:00:00,17923.0,17386.771
2010-06-11 17:00:00,18157.0,17852.193
2010-06-11 18:00:00,18081.0,17899.934
2010-06-11 19:00:00,17668.0,17577.838
2010-06-11 20:00:00,17166.0,16993.307
2010-06-11 21:00:00,16846.0,16641.562
2010-06-11 22:00:00,16584.0,16404.836
2010-06-11 23:00:00,15409.0,15347.561
2010-06-12 00:00:00,14091.0,14095.973
2010-06-12 01:00:00,12954.0,12873.072
2010-06-12 02:00:00,12155.0,12120.509
2010-06-12 03:00:00,11660.0,11570.865
2010-06-12 04:00:00,11285.0,11240.701
2010-06-12 05:00:00,11214.0,11132.805
2010-06-12 06:00:00,11263.0,11287.246
2010-06-12 07:00:00,11546.0,11798.456
2010-06-12 08:00:00,12116.0,12234.197
2010-06-12 09:00:00,12721.0,13033.835
2010-06-12 10:00:00,13100.0,13643.954
2010-06-12 11:00:00,13212.0,13744.732
2010-06-12 12:00:00,13086.0,13638.349
2010-06-12 13:00:00,12931.0,13099.847
2010-06-12 14:00:00,13058.0,12950.015
2010-06-12 15:00:00,13222.0,13265.763
2010-06-12 16:00:00,13149.0,13407.553
2010-06-12 17:00:00,12664.0,13066.555
2010-06-12 18:00:00,12192.0,12540.78
2010-06-12 19:00:00,11679.0,11763.634
2010-06-12 20:00:00,11421.0,11570.192
2010-06-12 21:00:00,11435.0,11623.595
2010-06-12 22:00:00,11445.0,11452.404
2010-06-12 23:00:00,10838.0,11040.024
2010-06-13 00:00:00,10120.0,9999.723
2010-06-13 01:00:00,9488.0,9466.315
2010-06-13 02:00:00,8982.0,9026.525
2010-06-13 03:00:00,8709.0,8627.556
2010-06-13 04:00:00,8508.0,8482.752
2010-06-13 05:00:00,8470.0,8351.104
2010-06-13 06:00:00,8357.0,8465.5205
2010-06-13 07:00:00,8344.0,8457.396
2010-06-13 08:00:00,8625.0,8766.322
2010-06-13 09:00:00,9179.0,9285.898
2010-06-13 10:00:00,9662.0,9809.178
2010-06-13 11:00:00,10156.0,10145.5
2010-06-13 12:00:00,10441.0,10451.351
2010-06-13 13:00:00,10707.0,10634.126
2010-06-13 14:00:00,10909.0,10854.331
2010-06-13 15:00:00,11013.0,10969.571
2010-06-13 16:00:00,10998.0,11068.427
2010-06-13 17:00:00,11028.0,10958.855
2010-06-13 18:00:00,11124.0,10974.767
2010-06-13 19:00:00,11084.0,11157.759
2010-06-13 20:00:00,11124.0,11060.313
2010-06-13 21:00:00,11457.0,11321.206
2010-06-13 22:00:00,11591.0,11274.816
2010-06-13 23:00:00,11025.0,10976.801
2010-06-14 00:00:00,10270.0,10304.8545
2010-06-14 01:00:00,9628.0,9611.093
2010-06-14 02:00:00,9256.0,9264.473
2010-06-14 03:00:00,8984.0,9026.777
2010-06-14 04:00:00,8953.0,8939.234
2010-06-14 05:00:00,9164.0,9125.394
2010-06-14 06:00:00,9817.0,9708.487
2010-06-14 07:00:00,10659.0,10761.464
2010-06-14 08:00:00,11836.0,11667.599
2010-06-14 09:00:00,12416.0,12706.979
2010-06-14 10:00:00,12970.0,12765.597
2010-06-14 11:00:00,13300.0,13356.899
2010-06-14 12:00:00,13348.0,13477.332
2010-06-14 13:00:00,13411.0,13355.115
2010-06-14 14:00:00,13513.0,13388.502
2010-06-14 15:00:00,13496.0,13455.631
2010-06-14 16:00:00,13360.0,13411.296
2010-06-14 17:00:00,13236.0,13279.965
2010-06-14 18:00:00,12961.0,13096.684
2010-06-14 19:00:00,12527.0,12794.589
2010-06-14 20:00:00,12193.0,12319.7
2010-06-14 21:00:00,12185.0,12218.692
2010-06-14 22:00:00,12144.0,12006.669
2010-06-14 23:00:00,11266.0,11342.067
2010-06-15 00:00:00,10303.0,10343.98
2010-06-15 01:00:00,9609.0,9632.064
2010-06-15 02:00:00,9149.0,9204.063
2010-06-15 03:00:00,8864.0,8883.109
2010-06-15 04:00:00,8759.0,8732.579
2010-06-15 05:00:00,8954.0,8792.153
2010-06-15 06:00:00,9390.0,9520.899
2010-06-15 07:00:00,10303.0,10360.174
2010-06-15 08:00:00,11325.0,11208.111
2010-06-15 09:00:00,12147.0,12043.179
2010-06-15 10:00:00,12768.0,12560.542
2010-06-15 11:00:00,13380.0,13269.257
2010-06-15 12:00:00,13876.0,13802.531
2010-06-15 13:00:00,14296.0,14198.691
2010-06-15 14:00:00,14500.0,14686.811
2010-06-15 15:00:00,14528.0,14672.961
2010-06-15 16:00:00,14572.0,14567.638
2010-06-15 17:00:00,14523.0,14466.529
2010-06-15 18:00:00,14323.0,14212.168
2010-06-15 19:00:00,14018.0,13865.673
2010-06-15 20:00:00,13817.0,13709.2705
2010-06-15 21:00:00,13715.0,13674.362
2010-06-15 22:00:00,13585.0,13263.21
2010-06-15 23:00:00,12666.0,12555.7
2010-06-16 00:00:00,11547.0,11641.98
2010-06-16 01:00:00,10706.0,10717.962
2010-06-16 02:00:00,10065.0,10128.909
2010-06-16 03:00:00,9704.0,9654.029
2010-06-16 04:00:00,9468.0,9455.366
2010-06-16 05:00:00,9534.0,9475.056
2010-06-16 06:00:00,9846.0,9958.215
2010-06-16 07:00:00,10924.0,10664.056
2010-06-16 08:00:00,12105.0,11977.59
2010-06-16 09:00:00,13056.0,13131.513
2010-06-16 10:00:00,13749.0,13766.783
2010-06-16 11:00:00,14312.0,14318.72
2010-06-16 12:00:00,14744.0,14744.137
2010-06-16 13:00:00,15091.0,15116.119
2010-06-16 14:00:00,15454.0,15491.331
2010-06-16 15:00:00,15756.0,15644.389
2010-06-16 16:00:00,15953.0,15882.721
2010-06-16 17:00:00,16016.0,16051.3
2010-06-16 18:00:00,15699.0,15752.894
2010-06-16 19:00:00,15143.0,15159.068
2010-06-16 20:00:00,14638.0,14733.414
2010-06-16 21:00:00,14342.0,14553.034
2010-06-16 22:00:00,14132.0,14086.104
2010-06-16 23:00:00,13098.0,13074.253
2010-06-17 00:00:00,11887.0,11878.685
2010-06-17 01:00:00,10944.0,10982.93
2010-06-17 02:00:00,10305.0,10313.43
2010-06-17 03:00:00,9840.0,9929.766
2010-06-17 04:00:00,9636.0,9617.679
2010-06-17 05:00:00,9703.0,9729.879
2010-06-17 06:00:00,10065.0,10033.751
2010-06-17 07:00:00,11131.0,10890.911
2010-06-17 08:00:00,12447.0,12220.826
2010-06-17 09:00:00,13501.0,13411.811
2010-06-17 10:00:00,14345.0,14254.484
2010-06-17 11:00:00,15141.0,15132.17
2010-06-17 12:00:00,15758.0,15743.677
2010-06-17 13:00:00,16212.0,16142.026
2010-06-17 14:00:00,16718.0,16698.375
2010-06-17 15:00:00,17020.0,16783.936
2010-06-17 16:00:00,17258.0,17145.371
2010-06-17 17:00:00,17283.0,17287.062
2010-06-17 18:00:00,17175.0,17013.01
2010-06-17 19:00:00,16707.0,16502.492
2010-06-17 20:00:00,16072.0,16056.964
2010-06-17 21:00:00,15679.0,15742.336
2010-06-17 22:00:00,15391.0,15289.809
2010-06-17 23:00:00,14271.0,14181.459
2010-06-18 00:00:00,13011.0,12998.596
2010-06-18 01:00:00,11975.0,11933.927
2010-06-18 02:00:00,11240.0,11283.025
2010-06-18 03:00:00,10802.0,10733.2295
2010-06-18 04:00:00,10558.0,10538.734
2010-06-18 05:00:00,10676.0,10507.668
2010-06-18 06:00:00,11116.0,11074.08
2010-06-18 07:00:00,11967.0,12189.339
2010-06-18 08:00:00,13290.0,13190.274
2010-06-18 09:00:00,14557.0,14199.146
2010-06-18 10:00:00,15722.0,15632.035
2010-06-18 11:00:00,16901.0,16645.963
2010-06-18 12:00:00,17757.0,17493.09
2010-06-18 13:00:00,18483.0,18485.152
2010-06-18 14:00:00,19151.0,19062.139
2010-06-18 15:00:00,19593.0,19708.303
2010-06-18 16:00:00,19055.0,19498.797
2010-06-18 17:00:00,15947.0,18686.809
2010-06-18 18:00:00,14826.0,15857.983
2010-06-18 19:00:00,14159.0,14187.867
2010-06-18 20:00:00,13718.0,13695.525
2010-06-18 21:00:00,13606.0,13539.197
2010-06-18 22:00:00,13452.0,13362.463
2010-06-18 23:00:00,12386.0,12525.174
2010-06-19 00:00:00,11428.0,11355.945
2010-06-19 01:00:00,10589.0,10517.774
2010-06-19 02:00:00,10010.0,9928.704
2010-06-19 03:00:00,9589.0,9504.243
2010-06-19 04:00:00,9399.0,9209.696
2010-06-19 05:00:00,9317.0,9165.589
2010-06-19 06:00:00,9311.0,9249.219
2010-06-19 07:00:00,9685.0,9369.288
2010-06-19 08:00:00,10590.0,10235.791
2010-06-19 09:00:00,11654.0,11346.791
2010-06-19 10:00:00,12698.0,12241.746
2010-06-19 11:00:00,13539.0,13622.781
2010-06-19 12:00:00,14153.0,13984.245
2010-06-19 13:00:00,14442.0,14402.111
2010-06-19 14:00:00,14657.0,14571.94
2010-06-19 15:00:00,14874.0,14736.47
2010-06-19 16:00:00,15130.0,15000.371
2010-06-19 17:00:00,15309.0,15070.565
2010-06-19 18:00:00,15282.0,15145.806
2010-06-19 19:00:00,14818.0,14845.204
2010-06-19 20:00:00,14235.0,14390.451
2010-06-19 21:00:00,13758.0,14049.583
2010-06-19 22:00:00,13630.0,13450.098
2010-06-19 23:00:00,12816.0,12741.451
2010-06-20 00:00:00,11863.0,11819.062
2010-06-20 01:00:00,10907.0,10956.001
2010-06-20 02:00:00,10243.0,10247.663
2010-06-20 03:00:00,9673.0,9781.449
2010-06-20 04:00:00,9331.0,9323.571
2010-06-20 05:00:00,9140.0,9135.513
2010-06-20 06:00:00,8955.0,9021.271
2010-06-20 07:00:00,9130.0,8910.007
2010-06-20 08:00:00,9722.0,9539.44
2010-06-20 09:00:00,10246.0,10470.183
2010-06-20 10:00:00,10707.0,11087.189
2010-06-20 11:00:00,11435.0,11359.811
2010-06-20 12:00:00,12074.0,12055.099
2010-06-20 13:00:00,12435.0,12566.116
2010-06-20 14:00:00,12796.0,12684.903
2010-06-20 15:00:00,13202.0,13024.221
2010-06-20 16:00:00,13753.0,13457.756
2010-06-20 17:00:00,14082.0,14039.873
2010-06-20 18:00:00,13949.0,14244.221
2010-06-20 19:00:00,13669.0,13676.111
2010-06-20 20:00:00,13246.0,13363.848
2010-06-20 21:00:00,12924.0,13226.23
2010-06-20 22:00:00,12919.0,12812.13
2010-06-20 23:00:00,12123.0,12216.149
2010-06-21 00:00:00,11180.0,11315.402
2010-06-21 01:00:00,10420.0,10429.953
2010-06-21 02:00:00,9961.0,9852.899
2010-06-21 03:00:00,9623.0,9538.687
2010-06-21 04:00:00,9521.0,9401.354
2010-06-21 05:00:00,9715.0,9553.631
2010-06-21 06:00:00,10087.0,10122.991
2010-06-21 07:00:00,11240.0,10916.983
2010-06-21 08:00:00,12366.0,12265.284
2010-06-21 09:00:00,13111.0,13197.355
2010-06-21 10:00:00,13533.0,13750.995
2010-06-21 11:00:00,14020.0,14045.859
2010-06-21 12:00:00,14444.0,14218.739
2010-06-21 13:00:00,14782.0,14627.401
2010-06-21 14:00:00,15597.0,15105.636
2010-06-21 15:00:00,16430.0,15821.826
2010-06-21 16:00:00,16937.0,16971.852
2010-06-21 17:00:00,17066.0,17091.963
2010-06-21 18:00:00,17020.0,16920.898
2010-06-21 19:00:00,16791.0,16635.625
2010-06-21 20:00:00,16410.0,16350.49
2010-06-21 21:00:00,16533.0,16182.748
2010-06-21 22:00:00,16368.0,16048.189
2010-06-21 23:00:00,15079.0,15203.733
2010-06-22 00:00:00,13370.0,13872.029
2010-06-22 01:00:00,12251.0,12438.65
2010-06-22 02:00:00,11520.0,11561.507
2010-06-22 03:00:00,10965.0,11032.481
2010-06-22 04:00:00,10659.0,10673.745
2010-06-22 05:00:00,10679.0,10677.373
2010-06-22 06:00:00,10972.0,11097.6455
2010-06-22 07:00:00,12171.0,11820.317
2010-06-22 08:00:00,13586.0,13453.868
2010-06-22 09:00:00,14714.0,14609.086
2010-06-22 10:00:00,15659.0,15709.628
2010-06-22 11:00:00,16679.0,16721.531
2010-06-22 12:00:00,17256.0,17387.031
2010-06-22 13:00:00,17893.0,17933.572
2010-06-22 14:00:00,18656.0,18369.28
2010-06-22 15:00:00,19025.0,18879.719
2010-06-22 16:00:00,19294.0,19037.168
2010-06-22 17:00:00,19469.0,19404.566
2010-06-22 18:00:00,19365.0,19039.475
2010-06-22 19:00:00,18887.0,18727.143
2010-06-22 20:00:00,18226.0,18260.094
2010-06-22 21:00:00,17584.0,17766.777
2010-06-22 22:00:00,17152.0,17091.117
2010-06-22 23:00:00,15786.0,15690.307
2010-06-23 00:00:00,14273.0,14354.689
2010-06-23 01:00:00,13129.0,13210.5205
2010-06-23 02:00:00,12364.0,12348.338
2010-06-23 03:00:00,11892.0,11810.913
2010-06-23 04:00:00,11683.0,11532.879
2010-06-23 05:00:00,11915.0,11693.978
2010-06-23 06:00:00,12599.0,12486.844
2010-06-23 07:00:00,13720.0,13477.275
2010-06-23 08:00:00,14339.0,14674.782
2010-06-23 09:00:00,14709.0,15063.877
2010-06-23 10:00:00,15047.0,15075.846
2010-06-23 11:00:00,15229.0,15382.847
2010-06-23 12:00:00,15362.0,15500.555
2010-06-23 13:00:00,15720.0,15424.903
2010-06-23 14:00:00,16441.0,15804.432
2010-06-23 15:00:00,17491.0,16797.186
2010-06-23 16:00:00,18412.0,18083.17
2010-06-23 17:00:00,18690.0,18771.312
2010-06-23 18:00:00,18137.0,18920.916
2010-06-23 19:00:00,16495.0,17747.57
2010-06-23 20:00:00,15602.0,15989.737
2010-06-23 21:00:00,14881.0,15395.801
2010-06-23 22:00:00,14310.0,14520.628
2010-06-23 23:00:00,13282.0,13286.817
2010-06-24 00:00:00,12167.0,12064.023
2010-06-24 01:00:00,11318.0,11218.608
2010-06-24 02:00:00,10701.0,10685.704
2010-06-24 03:00:00,10203.0,10161.596
2010-06-24 04:00:00,9895.0,9882.916
2010-06-24 05:00:00,9896.0,9884.761
2010-06-24 06:00:00,10181.0,10292.51
2010-06-24 07:00:00,11183.0,10919.308
2010-06-24 08:00:00,12421.0,12068.289
2010-06-24 09:00:00,13395.0,13228.827
2010-06-24 10:00:00,14143.0,14075.831
2010-06-24 11:00:00,14839.0,14763.4
2010-06-24 12:00:00,15366.0,15338.502
2010-06-24 13:00:00,15808.0,15715.421
2010-06-24 14:00:00,16228.0,16209.864
2010-06-24 15:00:00,16588.0,16487.182
2010-06-24 16:00:00,16818.0,16754.209
2010-06-24 17:00:00,16918.0,16905.492
2010-06-24 18:00:00,16791.0,16450.277
2010-06-24 19:00:00,16261.0,16298.65
2010-06-24 20:00:00,15558.0,15827.278
2010-06-24 21:00:00,15084.0,15417.155
2010-06-24 22:00:00,14777.0,14802.67
2010-06-24 23:00:00,13581.0,13756.896
2010-06-25 00:00:00,12280.0,12354.901
2010-06-25 01:00:00,11221.0,11307.64
2010-06-25 02:00:00,10518.0,10519.704
2010-06-25 03:00:00,10038.0,10027.117
2010-06-25 04:00:00,9803.0,9685.072
2010-06-25 05:00:00,9842.0,9802.313
2010-06-25 06:00:00,10183.0,10138.429
2010-06-25 07:00:00,11139.0,10906.161
2010-06-25 08:00:00,12307.0,12209.225
2010-06-25 09:00:00,13354.0,13248.352
2010-06-25 10:00:00,14280.0,14137.722
2010-06-25 11:00:00,15174.0,15133.606
2010-06-25 12:00:00,15791.0,15890.251
2010-06-25 13:00:00,16338.0,16306.104
2010-06-25 14:00:00,16828.0,16745.63
2010-06-25 15:00:00,17135.0,17066.33
2010-06-25 16:00:00,17388.0,17237.072
2010-06-25 17:00:00,17543.0,17294.47
2010-06-25 18:00:00,17433.0,17328.979
2010-06-25 19:00:00,16955.0,16825.594
2010-06-25 20:00:00,16320.0,16585.668
2010-06-25 21:00:00,15795.0,16103.75
2010-06-25 22:00:00,15501.0,15523.225
2010-06-25 23:00:00,14454.0,14456.799
2010-06-26 00:00:00,13252.0,13232.389
2010-06-26 01:00:00,12254.0,12125.42
2010-06-26 02:00:00,11525.0,11483.75
2010-06-26 03:00:00,10993.0,10971.168
2010-06-26 04:00:00,10667.0,10657.952
2010-06-26 05:00:00,10439.0,10534.318
2010-06-26 06:00:00,10393.0,10452.219
2010-06-26 07:00:00,10568.0,10523.391
2010-06-26 08:00:00,11299.0,11076.662
2010-06-26 09:00:00,12290.0,12170.988
2010-06-26 10:00:00,13568.0,13181.085
2010-06-26 11:00:00,14621.0,14369.374
2010-06-26 12:00:00,15453.0,15503.246
2010-06-26 13:00:00,15996.0,16013.402
2010-06-26 14:00:00,16344.0,16330.499
2010-06-26 15:00:00,16786.0,16551.537
2010-06-26 16:00:00,16983.0,16991.455
2010-06-26 17:00:00,17076.0,17156.463
2010-06-26 18:00:00,16908.0,16682.385
2010-06-26 19:00:00,16556.0,16274.838
2010-06-26 20:00:00,15824.0,16042.594
2010-06-26 21:00:00,15441.0,15531.964
2010-06-26 22:00:00,15148.0,15088.339
2010-06-26 23:00:00,14272.0,14187.801
2010-06-27 00:00:00,13184.0,13238.613
2010-06-27 01:00:00,12246.0,12156.216
2010-06-27 02:00:00,11504.0,11530.232
2010-06-27 03:00:00,11030.0,10945.194
2010-06-27 04:00:00,10671.0,10661.869
2010-06-27 05:00:00,10631.0,10462.558
2010-06-27 06:00:00,10507.0,10473.077
2010-06-27 07:00:00,10725.0,10654.8
2010-06-27 08:00:00,11413.0,11181.729
2010-06-27 09:00:00,12276.0,12421.579
2010-06-27 10:00:00,12725.0,13428.178
2010-06-27 11:00:00,13105.0,13577.848
2010-06-27 12:00:00,13741.0,13443.849
2010-06-27 13:00:00,14565.0,14155.225
2010-06-27 14:00:00,15488.0,14989.805
2010-06-27 15:00:00,15871.0,16147.58
2010-06-27 16:00:00,16068.0,16171.872
2010-06-27 17:00:00,16291.0,16219.893
2010-06-27 18:00:00,16359.0,16110.673
2010-06-27 19:00:00,16220.0,16035.449
2010-06-27 20:00:00,15674.0,15815.723
2010-06-27 21:00:00,15266.0,15537.31
2010-06-27 22:00:00,15283.0,15044.824
2010-06-27 23:00:00,14400.0,14287.1875
2010-06-28 00:00:00,13316.0,13243.749
2010-06-28 01:00:00,12412.0,12366.444
2010-06-28 02:00:00,11700.0,11777.032
2010-06-28 03:00:00,11215.0,11210.981
2010-06-28 04:00:00,10933.0,10902.085
2010-06-28 05:00:00,10940.0,10995.16
2010-06-28 06:00:00,11238.0,11396.552
2010-06-28 07:00:00,12321.0,12149.699
2010-06-28 08:00:00,13692.0,13645.542
2010-06-28 09:00:00,14709.0,14899.91
2010-06-28 10:00:00,15521.0,15621.697
2010-06-28 11:00:00,16129.0,16530.39
2010-06-28 12:00:00,16443.0,16858.484
2010-06-28 13:00:00,16672.0,16962.209
2010-06-28 14:00:00,16974.0,16932.111
2010-06-28 15:00:00,17103.0,17213.49
2010-06-28 16:00:00,17095.0,17013.658
2010-06-28 17:00:00,16821.0,16917.19
2010-06-28 18:00:00,16297.0,16339.396
2010-06-28 19:00:00,15484.0,15718.22
2010-06-28 20:00:00,14869.0,15025.261
2010-06-28 21:00:00,14499.0,14576.917
2010-06-28 22:00:00,14057.0,14086.569
2010-06-28 23:00:00,12831.0,13024.653
2010-06-29 00:00:00,11546.0,11630.029
2010-06-29 01:00:00,10627.0,10694.197
2010-06-29 02:00:00,10021.0,10016.696
2010-06-29 03:00:00,9610.0,9611.615
2010-06-29 04:00:00,9426.0,9335.947
2010-06-29 05:00:00,9486.0,9361.935
2010-06-29 06:00:00,9788.0,9848.973
2010-06-29 07:00:00,10729.0,10487.0625
2010-06-29 08:00:00,11855.0,11642.936
2010-06-29 09:00:00,12726.0,12610.962
2010-06-29 10:00:00,13347.0,13382.521
2010-06-29 11:00:00,13818.0,14062.954
2010-06-29 12:00:00,14031.0,14052.199
2010-06-29 13:00:00,14159.0,14190.421
2010-06-29 14:00:00,14298.0,14346.139
2010-06-29 15:00:00,14335.0,14344.708
2010-06-29 16:00:00,14317.0,14284.899
2010-06-29 17:00:00,14214.0,14114.339
2010-06-29 18:00:00,13929.0,13891.658
2010-06-29 19:00:00,13330.0,13348.696
2010-06-29 20:00:00,12764.0,12950.816
2010-06-29 21:00:00,12468.0,12620.966
2010-06-29 22:00:00,12355.0,12151.607
2010-06-29 23:00:00,11455.0,11564.524
2010-06-30 00:00:00,10463.0,10510.987
2010-06-30 01:00:00,9702.0,9714.903
2010-06-30 02:00:00,9201.0,9204.372
2010-06-30 03:00:00,8902.0,8936.846
2010-06-30 04:00:00,8776.0,8748.946
2010-06-30 05:00:00,8887.0,8858.102
2010-06-30 06:00:00,9156.0,9328.929
2010-06-30 07:00:00,10063.0,9933.522
2010-06-30 08:00:00,11124.0,10920.057
2010-06-30 09:00:00,11935.0,11752.047
2010-06-30 10:00:00,12515.0,12392.704
2010-06-30 11:00:00,12980.0,12812.527
2010-06-30 12:00:00,13284.0,13165.718
2010-06-30 13:00:00,13488.0,13392.745
2010-06-30 14:00:00,13741.0,13735.939
2010-06-30 15:00:00,13835.0,13896.824
2010-06-30 16:00:00,13859.0,13918.041
2010-06-30 17:00:00,13806.0,13773.77
2010-06-30 18:00:00,13554.0,13631.024
2010-06-30 19:00:00,12980.0,13188.949
2010-06-30 20:00:00,12456.0,12704.328
2010-06-30 21:00:00,12273.0,12368.602
2010-06-30 22:00:00,12188.0,12055.694
2010-06-30 23:00:00,11333.0,11395.335
2010-07-01 00:00:00,10304.0,10340.605
2010-07-01 01:00:00,9622.0,9573.248
2010-07-01 02:00:00,9154.0,9173.595
2010-07-01 03:00:00,8820.0,8848.878
2010-07-01 04:00:00,8688.0,8623.619
2010-07-01 05:00:00,8811.0,8647.958
2010-07-01 06:00:00,9068.0,9182.893
2010-07-01 07:00:00,9958.0,9635.136
2010-07-01 08:00:00,11078.0,10871.43
2010-07-01 09:00:00,11873.0,11837.764
2010-07-01 10:00:00,12417.0,12355.378
2010-07-01 11:00:00,12882.0,12822.531
2010-07-01 12:00:00,13163.0,13246.783
2010-07-01 13:00:00,13346.0,13381.187
2010-07-01 14:00:00,13619.0,13564.107
2010-07-01 15:00:00,13771.0,13739.967
2010-07-01 16:00:00,13853.0,13877.067
2010-07-01 17:00:00,13895.0,13834.628
2010-07-01 18:00:00,13789.0,13795.866
2010-07-01 19:00:00,13393.0,13441.818
2010-07-01 20:00:00,12965.0,13084.864
2010-07-01 21:00:00,12703.0,12858.776
2010-07-01 22:00:00,12613.0,12417.607
2010-07-01 23:00:00,11750.0,11826.796
2010-07-02 00:00:00,10731.0,10814.995
2010-07-02 01:00:00,9945.0,9942.223
2010-07-02 02:00:00,9439.0,9405.403
2010-07-02 03:00:00,9072.0,9134.28
2010-07-02 04:00:00,8909.0,8885.144
2010-07-02 05:00:00,8995.0,8951.214
2010-07-02 06:00:00,9243.0,9316.639
2010-07-02 07:00:00,10062.0,9972.768
2010-07-02 08:00:00,11155.0,11029.6875
2010-07-02 09:00:00,12073.0,11910.137
2010-07-02 10:00:00,12816.0,12647.549
2010-07-02 11:00:00,13449.0,13343.752
2010-07-02 12:00:00,13823.0,13999.638
2010-07-02 13:00:00,14115.0,14035.339
2010-07-02 14:00:00,14496.0,14466.671
2010-07-02 15:00:00,14764.0,14701.317
2010-07-02 16:00:00,15028.0,14965.593
2010-07-02 17:00:00,15243.0,14903.456
2010-07-02 18:00:00,15221.0,14981.83
2010-07-02 19:00:00,14842.0,14695.443
2010-07-02 20:00:00,14312.0,14445.172
2010-07-02 21:00:00,13825.0,14210.31
2010-07-02 22:00:00,13600.0,13638.6455
2010-07-02 23:00:00,12725.0,12766.576
2010-07-03 00:00:00,11613.0,11679.328
2010-07-03 01:00:00,10596.0,10693.522
2010-07-03 02:00:00,9932.0,10015.82
2010-07-03 03:00:00,9436.0,9499.983
2010-07-03 04:00:00,9165.0,9115.35
2010-07-03 05:00:00,9023.0,8953.003
2010-07-03 06:00:00,8789.0,8973.697
2010-07-03 07:00:00,9058.0,8781.546
2010-07-03 08:00:00,9792.0,9355.933
2010-07-03 09:00:00,10766.0,10456.992
2010-07-03 10:00:00,11678.0,11380.5625
2010-07-03 11:00:00,12504.0,12356.209
2010-07-03 12:00:00,13143.0,13068.301
2010-07-03 13:00:00,13667.0,13511.674
2010-07-03 14:00:00,14080.0,14024.913
2010-07-03 15:00:00,14496.0,14413.289
2010-07-03 16:00:00,14917.0,14816.595
2010-07-03 17:00:00,15216.0,15095.205
2010-07-03 18:00:00,15258.0,15106.303
2010-07-03 19:00:00,15038.0,14943.579
2010-07-03 20:00:00,14574.0,14670.849
2010-07-03 21:00:00,14056.0,14474.327
2010-07-03 22:00:00,13812.0,13889.152
2010-07-03 23:00:00,13001.0,13005.115
2010-07-04 00:00:00,12097.0,11967.853
2010-07-04 01:00:00,11142.0,11181.213
2010-07-04 02:00:00,10444.0,10505.823
2010-07-04 03:00:00,9929.0,9872.848
2010-07-04 04:00:00,9614.0,9492.585
2010-07-04 05:00:00,9414.0,9394.605
2010-07-04 06:00:00,9187.0,9223.845
2010-07-04 07:00:00,9289.0,9146.702
2010-07-04 08:00:00,10107.0,9500.839
2010-07-04 09:00:00,11259.0,10913.78
2010-07-04 10:00:00,12686.0,12013.427
2010-07-04 11:00:00,14049.0,13784.709
2010-07-04 12:00:00,15040.0,15056.762
2010-07-04 13:00:00,15744.0,16060.397
2010-07-04 14:00:00,16113.0,16323.635
2010-07-04 15:00:00,16363.0,16444.0
2010-07-04 16:00:00,16482.0,16682.047
2010-07-04 17:00:00,16457.0,16471.035
2010-07-04 18:00:00,15924.0,16175.54
2010-07-04 19:00:00,15407.0,15568.761
2010-07-04 20:00:00,14909.0,15010.333
2010-07-04 21:00:00,14713.0,14717.429
2010-07-04 22:00:00,14466.0,14463.347
2010-07-04 23:00:00,14129.0,13639.11
2010-07-05 00:00:00,13676.0,12905.318
2010-07-05 01:00:00,12816.0,12578.415
2010-07-05 02:00:00,12251.0,12008.001
2010-07-05 03:00:00,11713.0,11708.418
2010-07-05 04:00:00,11436.0,11379.116
2010-07-05 05:00:00,11344.0,11354.855
2010-07-05 06:00:00,11363.0,11640.961
2010-07-05 07:00:00,11531.0,11978.455
2010-07-05 08:00:00,12098.0,12273.199
2010-07-05 09:00:00,13092.0,12929.113
2010-07-05 10:00:00,14274.0,14163.851
2010-07-05 11:00:00,15476.0,15402.107
2010-07-05 12:00:00,16283.0,16390.703
2010-07-05 13:00:00,16803.0,16997.838
2010-07-05 14:00:00,17145.0,17381.99
2010-07-05 15:00:00,17382.0,17455.02
2010-07-05 16:00:00,17616.0,17389.521
2010-07-05 17:00:00,17770.0,17681.195
2010-07-05 18:00:00,17670.0,17595.193
2010-07-05 19:00:00,17373.0,17072.857
2010-07-05 20:00:00,16799.0,16614.76
2010-07-05 21:00:00,16402.0,16426.775
2010-07-05 22:00:00,16136.0,15971.985
2010-07-05 23:00:00,15082.0,14875.406
2010-07-06 00:00:00,13640.0,13807.519
2010-07-06 01:00:00,12857.0,12639.018
2010-07-06 02:00:00,12170.0,12022.627
2010-07-06 03:00:00,11667.0,11595.446
2010-07-06 04:00:00,11437.0,11356.211
2010-07-06 05:00:00,11522.0,11373.603
2010-07-06 06:00:00,11927.0,11972.922
2010-07-06 07:00:00,13030.0,12697.159
2010-07-06 08:00:00,14308.0,14182.36
2010-07-06 09:00:00,15498.0,15438.697
2010-07-06 10:00:00,16845.0,16683.686
2010-07-06 11:00:00,18015.0,17881.424
2010-07-06 12:00:00,18917.0,18963.795
2010-07-06 13:00:00,19668.0,19466.855
2010-07-06 14:00:00,20217.0,20253.045
2010-07-06 15:00:00,20578.0,20113.158
2010-07-06 16:00:00,20725.0,20532.979
2010-07-06 17:00:00,20795.0,20661.53
2010-07-06 18:00:00,20541.0,20586.73
2010-07-06 19:00:00,19703.0,20237.924
2010-07-06 20:00:00,18650.0,19212.643
2010-07-06 21:00:00,17984.0,17926.416
2010-07-06 22:00:00,17184.0,17143.914
2010-07-06 23:00:00,15799.0,15577.547
2010-07-07 00:00:00,14377.0,14266.47
2010-07-07 01:00:00,13251.0,13271.432
2010-07-07 02:00:00,12436.0,12510.769
2010-07-07 03:00:00,11863.0,11907.328
2010-07-07 04:00:00,11547.0,11627.323
2010-07-07 05:00:00,11567.0,11577.043
2010-07-07 06:00:00,11953.0,11966.9795
2010-07-07 07:00:00,13002.0,12764.544
2010-07-07 08:00:00,14398.0,14245.384
2010-07-07 09:00:00,15792.0,15689.745
2010-07-07 10:00:00,17093.0,16933.248
2010-07-07 11:00:00,18397.0,18094.564
2010-07-07 12:00:00,19453.0,19200.268
2010-07-07 13:00:00,20217.0,19927.71
2010-07-07 14:00:00,20836.0,20450.729
2010-07-07 15:00:00,21098.0,20666.928
2010-07-07 16:00:00,21158.0,20539.965
2010-07-07 17:00:00,20636.0,20621.656
2010-07-07 18:00:00,19637.0,20310.695
2010-07-07 19:00:00,18615.0,19463.752
2010-07-07 20:00:00,17795.0,17793.576
2010-07-07 21:00:00,17507.0,17303.309
2010-07-07 22:00:00,17024.0,16977.566
2010-07-07 23:00:00,15810.0,15680.928
2010-07-08 00:00:00,14512.0,14303.647
2010-07-08 01:00:00,13515.0,13317.299
2010-07-08 02:00:00,12661.0,12651.932
2010-07-08 03:00:00,12035.0,12169.586
2010-07-08 04:00:00,11745.0,11710.039
2010-07-08 05:00:00,11798.0,11792.945
2010-07-08 06:00:00,12292.0,12286.216
2010-07-08 07:00:00,13211.0,13331.437
2010-07-08 08:00:00,14220.0,14567.811
2010-07-08 09:00:00,14997.0,15376.882
2010-07-08 10:00:00,15700.0,15726.481
2010-07-08 11:00:00,16579.0,16448.66
2010-07-08 12:00:00,17331.0,17364.926
2010-07-08 13:00:00,17991.0,17968.89
2010-07-08 14:00:00,18736.0,18353.582
2010-07-08 15:00:00,19169.0,19062.984
2010-07-08 16:00:00,19454.0,19537.273
2010-07-08 17:00:00,19528.0,19354.543
2010-07-08 18:00:00,19266.0,18906.832
2010-07-08 19:00:00,18566.0,18557.4
2010-07-08 20:00:00,17776.0,17834.062
2010-07-08 21:00:00,17411.0,17462.562
2010-07-08 22:00:00,16973.0,16931.53
2010-07-08 23:00:00,15759.0,15809.258
2010-07-09 00:00:00,14403.0,14483.797
2010-07-09 01:00:00,13350.0,13368.038
2010-07-09 02:00:00,12545.0,12608.184
2010-07-09 03:00:00,12002.0,12000.95
2010-07-09 04:00:00,11661.0,11656.805
2010-07-09 05:00:00,11680.0,11644.22
2010-07-09 06:00:00,12054.0,12175.833
2010-07-09 07:00:00,12757.0,13016.701
2010-07-09 08:00:00,13739.0,13858.428
2010-07-09 09:00:00,14887.0,14682.479
2010-07-09 10:00:00,15946.0,15791.124
2010-07-09 11:00:00,16883.0,16947.541
2010-07-09 12:00:00,17570.0,17707.537
2010-07-09 13:00:00,17965.0,18198.412
2010-07-09 14:00:00,18346.0,18314.072
2010-07-09 15:00:00,18574.0,18818.51
2010-07-09 16:00:00,18648.0,18656.26
2010-07-09 17:00:00,18653.0,18540.357
2010-07-09 18:00:00,18329.0,18221.643
2010-07-09 19:00:00,17681.0,17952.668
2010-07-09 20:00:00,16853.0,16912.008
2010-07-09 21:00:00,16140.0,16567.877
2010-07-09 22:00:00,15684.0,15717.057
2010-07-09 23:00:00,14457.0,14662.596
2010-07-10 00:00:00,13232.0,13149.717
2010-07-10 01:00:00,12079.0,12137.092
2010-07-10 02:00:00,11296.0,11368.663
2010-07-10 03:00:00,10726.0,10743.854
2010-07-10 04:00:00,10377.0,10347.578
2010-07-10 05:00:00,10232.0,10155.527
2010-07-10 06:00:00,10143.0,10140.614
2010-07-10 07:00:00,10454.0,10233.968
2010-07-10 08:00:00,11554.0,11107.214
2010-07-10 09:00:00,12807.0,12505.172
2010-07-10 10:00:00,14107.0,13823.6
2010-07-10 11:00:00,15207.0,15087.871
2010-07-10 12:00:00,16031.0,16111.036
2010-07-10 13:00:00,16477.0,16568.906
2010-07-10 14:00:00,16759.0,16842.646
2010-07-10 15:00:00,16958.0,17094.148
2010-07-10 16:00:00,17092.0,17193.56
2010-07-10 17:00:00,17118.0,17045.922
2010-07-10 18:00:00,16747.0,16614.049
2010-07-10 19:00:00,16177.0,16242.583
2010-07-10 20:00:00,15533.0,15741.665
2010-07-10 21:00:00,15023.0,15351.513
2010-07-10 22:00:00,14712.0,14555.858
2010-07-10 23:00:00,13814.0,13740.386
2010-07-11 00:00:00,12719.0,12756.326
2010-07-11 01:00:00,11791.0,11840.977
2010-07-11 02:00:00,11093.0,11127.357
2010-07-11 03:00:00,10540.0,10569.812
2010-07-11 04:00:00,10165.0,10160.422
2010-07-11 05:00:00,10000.0,9906.182
2010-07-11 06:00:00,9638.0,9877.545
2010-07-11 07:00:00,9814.0,9601.644
2010-07-11 08:00:00,10584.0,10181.1875
2010-07-11 09:00:00,11759.0,11559.609
2010-07-11 10:00:00,12834.0,12696.791
2010-07-11 11:00:00,13969.0,13862.517
2010-07-11 12:00:00,14712.0,14887.899
2010-07-11 13:00:00,15086.0,15283.344
2010-07-11 14:00:00,15231.0,15499.725
2010-07-11 15:00:00,15286.0,15419.251
2010-07-11 16:00:00,15456.0,15408.386
2010-07-11 17:00:00,15411.0,15395.015
2010-07-11 18:00:00,15057.0,15169.562
2010-07-11 19:00:00,14485.0,14598.983
2010-07-11 20:00:00,14058.0,14072.011
2010-07-11 21:00:00,13929.0,13916.021
2010-07-11 22:00:00,13398.0,13733.014
2010-07-11 23:00:00,12606.0,12669.8955
2010-07-12 00:00:00,11707.0,11601.857
2010-07-12 01:00:00,10970.0,10851.075
2010-07-12 02:00:00,10410.0,10387.56
2010-07-12 03:00:00,10086.0,10025.164
2010-07-12 04:00:00,9989.0,9813.912
2010-07-12 05:00:00,10099.0,10041.822
2010-07-12 06:00:00,10552.0,10418.184
2010-07-12 07:00:00,11465.0,11246.298
2010-07-12 08:00:00,12744.0,12603.295
2010-07-12 09:00:00,13779.0,13845.044
2010-07-12 10:00:00,14650.0,14562.042
2010-07-12 11:00:00,15511.0,15367.576
2010-07-12 12:00:00,16230.0,16288.194
2010-07-12 13:00:00,16836.0,16988.375
2010-07-12 14:00:00,17417.0,17421.912
2010-07-12 15:00:00,17756.0,17597.414
2010-07-12 16:00:00,17954.0,18005.79
2010-07-12 17:00:00,17854.0,18004.121
2010-07-12 18:00:00,17484.0,17560.861
2010-07-12 19:00:00,16759.0,16963.504
2010-07-12 20:00:00,16212.0,16272.849
2010-07-12 21:00:00,16059.0,16064.811
2010-07-12 22:00:00,15622.0,15634.542
2010-07-12 23:00:00,14455.0,14440.834
2010-07-13 00:00:00,13196.0,13105.556
2010-07-13 01:00:00,12211.0,12127.883
2010-07-13 02:00:00,11535.0,11504.722
2010-07-13 03:00:00,11077.0,11024.405
2010-07-13 04:00:00,10823.0,10780.0205
2010-07-13 05:00:00,10913.0,10892.979
2010-07-13 06:00:00,11400.0,11416.8125
2010-07-13 07:00:00,12278.0,12202.004
2010-07-13 08:00:00,13397.0,13449.356
2010-07-13 09:00:00,14547.0,14376.887
2010-07-13 10:00:00,15469.0,15583.7
2010-07-13 11:00:00,16322.0,16247.099
2010-07-13 12:00:00,16977.0,17092.0
2010-07-13 13:00:00,17558.0,17784.787
2010-07-13 14:00:00,17961.0,18099.07
2010-07-13 15:00:00,18224.0,18123.898
2010-07-13 16:00:00,18329.0,18229.932
2010-07-13 17:00:00,18355.0,18415.52
2010-07-13 18:00:00,18120.0,18165.21
2010-07-13 19:00:00,17510.0,17473.834
2010-07-13 20:00:00,16816.0,16892.807
2010-07-13 21:00:00,16321.0,16482.016
2010-07-13 22:00:00,15972.0,15846.613
2010-07-13 23:00:00,14794.0,14820.306
2010-07-14 00:00:00,13399.0,13448.384
2010-07-14 01:00:00,12327.0,12402.613
2010-07-14 02:00:00,11611.0,11661.112
2010-07-14 03:00:00,11089.0,11095.176
2010-07-14 04:00:00,10841.0,10760.006
2010-07-14 05:00:00,10904.0,10869.211
2010-07-14 06:00:00,11373.0,11385.699
2010-07-14 07:00:00,12471.0,12188.184
2010-07-14 08:00:00,13920.0,13620.655
2010-07-14 09:00:00,15297.0,14904.595
2010-07-14 10:00:00,16547.0,16333.146
2010-07-14 11:00:00,17755.0,17759.91
2010-07-14 12:00:00,18659.0,18596.879
2010-07-14 13:00:00,19393.0,19067.623
2010-07-14 14:00:00,20033.0,19744.28
2010-07-14 15:00:00,20502.0,20094.809
2010-07-14 16:00:00,20886.0,20693.557
2010-07-14 17:00:00,21081.0,20789.078
2010-07-14 18:00:00,21009.0,20560.562
2010-07-14 19:00:00,20561.0,20004.254
2010-07-14 20:00:00,19887.0,19753.604
2010-07-14 21:00:00,19618.0,19367.578
2010-07-14 22:00:00,19161.0,18614.873
2010-07-14 23:00:00,17785.0,17617.283
2010-07-15 00:00:00,16322.0,16250.574
2010-07-15 01:00:00,15137.0,14885.965
2010-07-15 02:00:00,14350.0,14202.847
2010-07-15 03:00:00,13782.0,13708.539
2010-07-15 04:00:00,13431.0,13366.973
2010-07-15 05:00:00,13328.0,13354.152
2010-07-15 06:00:00,13689.0,13563.647
2010-07-15 07:00:00,14590.0,14294.985
2010-07-15 08:00:00,15735.0,15615.669
2010-07-15 09:00:00,16750.0,16711.512
2010-07-15 10:00:00,17617.0,17928.436
2010-07-15 11:00:00,18750.0,18543.672
2010-07-15 12:00:00,19843.0,19374.424
2010-07-15 13:00:00,20615.0,20226.395
2010-07-15 14:00:00,21122.0,21361.99
2010-07-15 15:00:00,21345.0,21715.834
2010-07-15 16:00:00,21401.0,21673.682
2010-07-15 17:00:00,21305.0,21527.598
2010-07-15 18:00:00,20895.0,21361.297
2010-07-15 19:00:00,20102.0,20791.926
2010-07-15 20:00:00,19064.0,19258.006
2010-07-15 21:00:00,18155.0,18161.428
2010-07-15 22:00:00,17467.0,17576.754
2010-07-15 23:00:00,15952.0,16045.454
2010-07-16 00:00:00,14380.0,14523.8
2010-07-16 01:00:00,13088.0,13245.299
2010-07-16 02:00:00,12137.0,12290.913
2010-07-16 03:00:00,11486.0,11583.147
2010-07-16 04:00:00,11117.0,11090.014
2010-07-16 05:00:00,11075.0,11015.025
2010-07-16 06:00:00,11356.0,11429.294
2010-07-16 07:00:00,12173.0,12085.713
2010-07-16 08:00:00,13474.0,13204.414
2010-07-16 09:00:00,14757.0,14449.424
2010-07-16 10:00:00,15910.0,15814.287
2010-07-16 11:00:00,17024.0,16990.572
2010-07-16 12:00:00,17866.0,17755.414
2010-07-16 13:00:00,18568.0,18358.344
2010-07-16 14:00:00,19238.0,18822.066
2010-07-16 15:00:00,19698.0,19360.97
2010-07-16 16:00:00,19984.0,19606.73
2010-07-16 17:00:00,20142.0,19997.91
2010-07-16 18:00:00,19906.0,19624.018
2010-07-16 19:00:00,19255.0,19284.633
2010-07-16 20:00:00,18428.0,18503.693
2010-07-16 21:00:00,17885.0,18130.225
2010-07-16 22:00:00,17362.0,17438.69
2010-07-16 23:00:00,16104.0,16016.239
2010-07-17 00:00:00,14777.0,14587.595
2010-07-17 01:00:00,13559.0,13575.207
2010-07-17 02:00:00,12662.0,12696.196
2010-07-17 03:00:00,11936.0,12064.459
2010-07-17 04:00:00,11455.0,11507.429
2010-07-17 05:00:00,11242.0,11253.816
2010-07-17 06:00:00,11146.0,11201.146
2010-07-17 07:00:00,11474.0,11401.908
2010-07-17 08:00:00,12547.0,12218.585
2010-07-17 09:00:00,13973.0,13788.223
2010-07-17 10:00:00,15369.0,15083.507
2010-07-17 11:00:00,16554.0,16566.006
2010-07-17 12:00:00,17408.0,17676.74
2010-07-17 13:00:00,18004.0,18143.697
2010-07-17 14:00:00,18309.0,18301.86
2010-07-17 15:00:00,18531.0,18909.691
2010-07-17 16:00:00,18747.0,18757.07
2010-07-17 17:00:00,18814.0,18943.988
2010-07-17 18:00:00,18766.0,18792.566
2010-07-17 19:00:00,18343.0,18541.799
2010-07-17 20:00:00,17710.0,18023.535
2010-07-17 21:00:00,17120.0,17476.6
2010-07-17 22:00:00,16606.0,16628.049
2010-07-17 23:00:00,15504.0,15450.334
2010-07-18 00:00:00,14344.0,14271.374
2010-07-18 01:00:00,13238.0,13289.713
2010-07-18 02:00:00,12435.0,12465.62
2010-07-18 03:00:00,11711.0,11820.256
2010-07-18 04:00:00,11280.0,11294.17
2010-07-18 05:00:00,11041.0,11038.751
2010-07-18 06:00:00,10872.0,10958.312
2010-07-18 07:00:00,10937.0,10995.346
2010-07-18 08:00:00,11396.0,11483.008
2010-07-18 09:00:00,12148.0,12158.433
2010-07-18 10:00:00,13439.0,13108.189
2010-07-18 11:00:00,15205.0,14586.023
2010-07-18 12:00:00,16502.0,16207.891
2010-07-18 13:00:00,17110.0,17243.9
2010-07-18 14:00:00,17792.0,17525.473
2010-07-18 15:00:00,18207.0,18300.023
2010-07-18 16:00:00,18471.0,18504.963
2010-07-18 17:00:00,18547.0,18697.648
2010-07-18 18:00:00,18477.0,18357.053
2010-07-18 19:00:00,18149.0,18080.781
2010-07-18 20:00:00,17576.0,17700.777
2010-07-18 21:00:00,17101.0,17336.965
2010-07-18 22:00:00,16855.0,16640.234
2010-07-18 23:00:00,15698.0,15713.591
2010-07-19 00:00:00,14334.0,14362.724
2010-07-19 01:00:00,13244.0,13259.79
2010-07-19 02:00:00,12446.0,12524.194
2010-07-19 03:00:00,11840.0,11923.519
2010-07-19 04:00:00,11505.0,11560.964
2010-07-19 05:00:00,11527.0,11559.1875
2010-07-19 06:00:00,11898.0,11901.291
2010-07-19 07:00:00,12858.0,12617.091
2010-07-19 08:00:00,14290.0,14076.561
2010-07-19 09:00:00,15482.0,15481.356
2010-07-19 10:00:00,16459.0,16486.11
2010-07-19 11:00:00,17356.0,17662.723
2010-07-19 12:00:00,17985.0,18278.178
2010-07-19 13:00:00,18432.0,18405.176
2010-07-19 14:00:00,18682.0,18979.56
2010-07-19 15:00:00,18532.0,18832.133
2010-07-19 16:00:00,18022.0,18577.16
2010-07-19 17:00:00,17522.0,18111.283
2010-07-19 18:00:00,17211.0,17272.213
2010-07-19 19:00:00,16674.0,16714.996
2010-07-19 20:00:00,16353.0,16176.395
2010-07-19 21:00:00,16187.0,16041.694
2010-07-19 22:00:00,15993.0,15850.891
2010-07-19 23:00:00,14827.0,14844.402
2010-07-20 00:00:00,13489.0,13488.165
2010-07-20 01:00:00,12455.0,12491.242
2010-07-20 02:00:00,11677.0,11718.317
2010-07-20 03:00:00,11138.0,11218.322
2010-07-20 04:00:00,10868.0,10812.254
2010-07-20 05:00:00,10973.0,10904.547
2010-07-20 06:00:00,11376.0,11473.359
2010-07-20 07:00:00,12307.0,12215.115
2010-07-20 08:00:00,13334.0,13475.009
2010-07-20 09:00:00,13952.0,14225.103
2010-07-20 10:00:00,14341.0,14634.537
2010-07-20 11:00:00,14704.0,14803.71
2010-07-20 12:00:00,15160.0,14873.687
2010-07-20 13:00:00,15830.0,15264.616
2010-07-20 14:00:00,16602.0,16155.692
2010-07-20 15:00:00,17422.0,16948.15
2010-07-20 16:00:00,17991.0,17567.959
2010-07-20 17:00:00,18282.0,17973.861
2010-07-20 18:00:00,18251.0,17958.887
2010-07-20 19:00:00,17804.0,17594.873
2010-07-20 20:00:00,17216.0,17278.768
2010-07-20 21:00:00,16950.0,16948.178
2010-07-20 22:00:00,16495.0,16554.232
2010-07-20 23:00:00,15265.0,15242.075
2010-07-21 00:00:00,13969.0,13906.862
2010-07-21 01:00:00,12906.0,12867.038
2010-07-21 02:00:00,12138.0,12171.441
2010-07-21 03:00:00,11622.0,11640.658
2010-07-21 04:00:00,11353.0,11310.341
2010-07-21 05:00:00,11431.0,11331.191
2010-07-21 06:00:00,11821.0,11926.512
2010-07-21 07:00:00,12831.0,12710.932
2010-07-21 08:00:00,14334.0,13924.504
2010-07-21 09:00:00,15723.0,15380.111
2010-07-21 10:00:00,16887.0,16785.787
2010-07-21 11:00:00,17893.0,17937.385
2010-07-21 12:00:00,18681.0,18534.092
2010-07-21 13:00:00,19222.0,19124.084
2010-07-21 14:00:00,19763.0,19834.412
2010-07-21 15:00:00,20077.0,20189.55
2010-07-21 16:00:00,20200.0,19984.303
2010-07-21 17:00:00,20253.0,19609.201
2010-07-21 18:00:00,20076.0,19423.363
2010-07-21 19:00:00,19576.0,19149.395
2010-07-21 20:00:00,18825.0,18618.98
2010-07-21 21:00:00,18206.0,18459.854
2010-07-21 22:00:00,17523.0,17663.688
2010-07-21 23:00:00,16035.0,16242.496
2010-07-22 00:00:00,14470.0,14593.282
2010-07-22 01:00:00,13210.0,13342.897
2010-07-22 02:00:00,12373.0,12456.8125
2010-07-22 03:00:00,11771.0,11868.866
2010-07-22 04:00:00,11420.0,11505.936
2010-07-22 05:00:00,11459.0,11402.669
2010-07-22 06:00:00,11927.0,11863.781
2010-07-22 07:00:00,12898.0,12715.577
2010-07-22 08:00:00,13985.0,13987.875
2010-07-22 09:00:00,14846.0,14892.485
2010-07-22 10:00:00,15397.0,15459.395
2010-07-22 11:00:00,16060.0,15920.6
2010-07-22 12:00:00,16496.0,16660.656
2010-07-22 13:00:00,17118.0,17112.68
2010-07-22 14:00:00,17966.0,17569.404
2010-07-22 15:00:00,18812.0,18204.879
2010-07-22 16:00:00,19352.0,19058.328
2010-07-22 17:00:00,19852.0,19516.277
2010-07-22 18:00:00,20074.0,19858.857
2010-07-22 19:00:00,19776.0,19487.516
2010-07-22 20:00:00,19275.0,19194.078
2010-07-22 21:00:00,19170.0,18649.568
2010-07-22 22:00:00,18759.0,18404.217
2010-07-22 23:00:00,17510.0,17445.676
2010-07-23 00:00:00,16112.0,16086.898
2010-07-23 01:00:00,15051.0,14776.108
2010-07-23 02:00:00,14286.0,14229.04
2010-07-23 03:00:00,13602.0,13706.255
2010-07-23 04:00:00,13055.0,13217.681
2010-07-23 05:00:00,12829.0,12919.383
2010-07-23 06:00:00,13218.0,12965.357
2010-07-23 07:00:00,13876.0,14017.14
2010-07-23 08:00:00,14829.0,14925.066
2010-07-23 09:00:00,15839.0,15505.033
2010-07-23 10:00:00,16905.0,16658.457
2010-07-23 11:00:00,17948.0,17853.785
2010-07-23 12:00:00,18728.0,18456.69
2010-07-23 13:00:00,19621.0,19323.102
2010-07-23 14:00:00,20480.0,19830.988
2010-07-23 15:00:00,21145.0,20903.814
2010-07-23 16:00:00,21639.0,21237.229
2010-07-23 17:00:00,21657.0,21139.193
2010-07-23 18:00:00,20960.0,20825.43
2010-07-23 19:00:00,19535.0,20345.426
2010-07-23 20:00:00,18150.0,18723.508
2010-07-23 21:00:00,17474.0,17866.38
2010-07-23 22:00:00,16743.0,17095.352
2010-07-23 23:00:00,15538.0,15653.147
2010-07-24 00:00:00,14243.0,14137.369
2010-07-24 01:00:00,13157.0,13027.569
2010-07-24 02:00:00,12400.0,12319.5
2010-07-24 03:00:00,11847.0,11800.506
2010-07-24 04:00:00,11492.0,11487.949
2010-07-24 05:00:00,11278.0,11302.21
2010-07-24 06:00:00,11295.0,11305.081
2010-07-24 07:00:00,11686.0,11611.535
2010-07-24 08:00:00,12136.0,12505.061
2010-07-24 09:00:00,12453.0,13151.975
2010-07-24 10:00:00,12956.0,13033.714
2010-07-24 11:00:00,13792.0,13621.236
2010-07-24 12:00:00,14328.0,14333.608
2010-07-24 13:00:00,15008.0,14737.67
2010-07-24 14:00:00,15833.0,15115.381
2010-07-24 15:00:00,16571.0,16178.659
2010-07-24 16:00:00,17000.0,17213.957
2010-07-24 17:00:00,16716.0,17304.457
2010-07-24 18:00:00,16251.0,16456.096
2010-07-24 19:00:00,16223.0,15847.896
2010-07-24 20:00:00,15794.0,15822.307
2010-07-24 21:00:00,15875.0,15614.797
2010-07-24 22:00:00,15675.0,15487.882
2010-07-24 23:00:00,14812.0,14656.989
2010-07-25 00:00:00,13807.0,13639.5205
2010-07-25 01:00:00,12837.0,12836.603
2010-07-25 02:00:00,12054.0,12071.136
2010-07-25 03:00:00,11415.0,11539.108
2010-07-25 04:00:00,10977.0,11093.169
2010-07-25 05:00:00,10598.0,10799.354
2010-07-25 06:00:00,10437.0,10529.712
2010-07-25 07:00:00,10275.0,10511.63
2010-07-25 08:00:00,10856.0,10565.062
2010-07-25 09:00:00,11747.0,11664.548
2010-07-25 10:00:00,12639.0,12681.601
2010-07-25 11:00:00,13349.0,13610.737
2010-07-25 12:00:00,13880.0,14062.088
2010-07-25 13:00:00,14231.0,14545.96
2010-07-25 14:00:00,14421.0,14666.621
2010-07-25 15:00:00,14633.0,14683.223
2010-07-25 16:00:00,14822.0,14767.476
2010-07-25 17:00:00,14986.0,14814.29
2010-07-25 18:00:00,14948.0,14869.197
2010-07-25 19:00:00,14647.0,14727.323
2010-07-25 20:00:00,14014.0,14366.731
2010-07-25 21:00:00,13649.0,13990.61
2010-07-25 22:00:00,13346.0,13468.86
2010-07-25 23:00:00,12499.0,12677.474
2010-07-26 00:00:00,11486.0,11466.996
2010-07-26 01:00:00,10716.0,10696.851
2010-07-26 02:00:00,10177.0,10168.396
2010-07-26 03:00:00,9831.0,9809.181
2010-07-26 04:00:00,9696.0,9581.366
2010-07-26 05:00:00,9883.0,9707.524
2010-07-26 06:00:00,10300.0,10221.65
2010-07-26 07:00:00,11147.0,11091.259
2010-07-26 08:00:00,12418.0,12326.357
2010-07-26 09:00:00,13523.0,13470.411
2010-07-26 10:00:00,14400.0,14354.237
2010-07-26 11:00:00,15233.0,15259.442
2010-07-26 12:00:00,15876.0,15780.954
2010-07-26 13:00:00,16453.0,16178.638
2010-07-26 14:00:00,16924.0,16932.463
2010-07-26 15:00:00,17320.0,17163.508
2010-07-26 16:00:00,17655.0,17494.537
2010-07-26 17:00:00,17795.0,17731.758
2010-07-26 18:00:00,17703.0,17577.445
2010-07-26 19:00:00,17205.0,17090.428
2010-07-26 20:00:00,16569.0,16619.775
2010-07-26 21:00:00,16282.0,16401.709
2010-07-26 22:00:00,15883.0,15865.955
2010-07-26 23:00:00,14686.0,14676.238
2010-07-27 00:00:00,13372.0,13361.432
2010-07-27 01:00:00,12287.0,12458.757
2010-07-27 02:00:00,11522.0,11625.264
2010-07-27 03:00:00,10985.0,11015.798
2010-07-27 04:00:00,10708.0,10671.885
2010-07-27 05:00:00,10753.0,10728.122
2010-07-27 06:00:00,11237.0,11152.982
2010-07-27 07:00:00,12106.0,12152.116
2010-07-27 08:00:00,13444.0,13270.621
2010-07-27 09:00:00,14713.0,14479.026
2010-07-27 10:00:00,16083.0,15712.068
2010-07-27 11:00:00,17032.0,17129.21
2010-07-27 12:00:00,17880.0,17992.475
2010-07-27 13:00:00,18551.0,18472.2
2010-07-27 14:00:00,19292.0,19023.17
2010-07-27 15:00:00,19699.0,19750.307
2010-07-27 16:00:00,19922.0,20266.184
2010-07-27 17:00:00,20007.0,20080.422
2010-07-27 18:00:00,19923.0,19621.098
2010-07-27 19:00:00,19513.0,19239.18
2010-07-27 20:00:00,18936.0,18652.879
2010-07-27 21:00:00,18708.0,18438.248
2010-07-27 22:00:00,18217.0,18056.375
2010-07-27 23:00:00,16887.0,16743.402
2010-07-28 00:00:00,15489.0,15445.581
2010-07-28 01:00:00,14370.0,14247.604
2010-07-28 02:00:00,13622.0,13461.959
2010-07-28 03:00:00,13052.0,12960.748
2010-07-28 04:00:00,12744.0,12687.1875
2010-07-28 05:00:00,12834.0,12771.5625
2010-07-28 06:00:00,13331.0,13311.735
2010-07-28 07:00:00,14222.0,14443.267
2010-07-28 08:00:00,15397.0,15397.621
2010-07-28 09:00:00,16459.0,16384.908
2010-07-28 10:00:00,17591.0,17542.223
2010-07-28 11:00:00,18808.0,18512.764
2010-07-28 12:00:00,19675.0,19373.76
2010-07-28 13:00:00,20108.0,20350.773
2010-07-28 14:00:00,20293.0,20293.729
2010-07-28 15:00:00,20365.0,19961.006
2010-07-28 16:00:00,19898.0,19715.54
2010-07-28 17:00:00,19489.0,19629.838
2010-07-28 18:00:00,19248.0,18780.934
2010-07-28 19:00:00,18669.0,18502.805
2010-07-28 20:00:00,18012.0,17843.152
2010-07-28 21:00:00,17705.0,17629.99
2010-07-28 22:00:00,17112.0,17017.322
2010-07-28 23:00:00,15733.0,15735.712
2010-07-29 00:00:00,14264.0,14326.867
2010-07-29 01:00:00,13049.0,13115.697
2010-07-29 02:00:00,12176.0,12304.31
2010-07-29 03:00:00,11491.0,11655.563
2010-07-29 04:00:00,11047.0,11179.358
2010-07-29 05:00:00,11021.0,11049.645
2010-07-29 06:00:00,11419.0,11369.739
2010-07-29 07:00:00,12219.0,12192.724
2010-07-29 08:00:00,13457.0,13303.775
2010-07-29 09:00:00,14643.0,14459.051
2010-07-29 10:00:00,15511.0,15741.966
2010-07-29 11:00:00,16305.0,16536.906
2010-07-29 12:00:00,16811.0,17063.688
2010-07-29 13:00:00,17191.0,17422.291
2010-07-29 14:00:00,17565.0,17578.08
2010-07-29 15:00:00,17776.0,17852.008
2010-07-29 16:00:00,17858.0,17926.883
2010-07-29 17:00:00,17776.0,17848.086
2010-07-29 18:00:00,17261.0,17528.871
2010-07-29 19:00:00,16209.0,16754.443
2010-07-29 20:00:00,15380.0,15771.936
2010-07-29 21:00:00,15242.0,15190.083
2010-07-29 22:00:00,14700.0,14699.756
2010-07-29 23:00:00,13592.0,13563.8125
2010-07-30 00:00:00,12448.0,12331.025
2010-07-30 01:00:00,11541.0,11437.429
2010-07-30 02:00:00,10926.0,10878.657
2010-07-30 03:00:00,10526.0,10387.976
2010-07-30 04:00:00,10332.0,10280.704
2010-07-30 05:00:00,10448.0,10323.885
2010-07-30 06:00:00,10965.0,10879.655
2010-07-30 07:00:00,11700.0,11864.225
2010-07-30 08:00:00,12519.0,12696.047
2010-07-30 09:00:00,13125.0,13392.568
2010-07-30 10:00:00,13575.0,13784.292
2010-07-30 11:00:00,14153.0,14156.607
2010-07-30 12:00:00,14802.0,14505.682
2010-07-30 13:00:00,15417.0,15099.637
2010-07-30 14:00:00,15612.0,15777.794
2010-07-30 15:00:00,15498.0,15790.221
2010-07-30 16:00:00,15221.0,15480.649
2010-07-30 17:00:00,14899.0,14936.03
2010-07-30 18:00:00,14569.0,14396.892
2010-07-30 19:00:00,14200.0,14021.147
2010-07-30 20:00:00,14008.0,13663.591
2010-07-30 21:00:00,14101.0,13656.692
2010-07-30 22:00:00,13838.0,13849.733
2010-07-30 23:00:00,13011.0,12986.342
2010-07-31 00:00:00,12086.0,11982.447
2010-07-31 01:00:00,11306.0,11197.69
2010-07-31 02:00:00,10730.0,10722.367
2010-07-31 03:00:00,10291.0,10211.576
2010-07-31 04:00:00,10008.0,9950.046
2010-07-31 05:00:00,10035.0,9860.535
2010-07-31 06:00:00,10129.0,10102.449
2010-07-31 07:00:00,10387.0,10258.933
2010-07-31 08:00:00,10608.0,10771.0205
2010-07-31 09:00:00,11195.0,11194.869
2010-07-31 10:00:00,11934.0,11841.582
2010-07-31 11:00:00,12511.0,12554.993
2010-07-31 12:00:00,12707.0,12857.918
2010-07-31 13:00:00,12807.0,12905.545
2010-07-31 14:00:00,12874.0,12835.008
2010-07-31 15:00:00,13027.0,12987.455
2010-07-31 16:00:00,13225.0,13176.074
2010-07-31 17:00:00,13466.0,13365.136
2010-07-31 18:00:00,13569.0,13660.144
2010-07-31 19:00:00,13364.0,13456.31
2010-07-31 20:00:00,12990.0,13054.952
2010-07-31 21:00:00,13060.0,12771.467
2010-07-31 22:00:00,12853.0,12856.622
2010-07-31 23:00:00,12108.0,12285.291
2010-08-01 00:00:00,11321.0,11333.513
2010-08-01 01:00:00,10548.0,10582.993
2010-08-01 02:00:00,10055.0,10074.672
2010-08-01 03:00:00,9622.0,9621.448
2010-08-01 04:00:00,9325.0,9304.549
2010-08-01 05:00:00,9164.0,9164.28
2010-08-01 06:00:00,9156.0,9127.57
2010-08-01 07:00:00,9092.0,9094.634
2010-08-01 08:00:00,9538.0,9241.514
2010-08-01 09:00:00,10357.0,10021.349
2010-08-01 10:00:00,11268.0,10882.44
2010-08-01 11:00:00,12309.0,11805.632
2010-08-01 12:00:00,13104.0,13065.101
2010-08-01 13:00:00,13825.0,13757.438
2010-08-01 14:00:00,14376.0,14451.411
2010-08-01 15:00:00,14854.0,14877.609
2010-08-01 16:00:00,15208.0,15144.923
2010-08-01 17:00:00,15545.0,15355.138
2010-08-01 18:00:00,15611.0,15529.23
2010-08-01 19:00:00,15413.0,15276.794
2010-08-01 20:00:00,14941.0,15092.853
2010-08-01 21:00:00,14859.0,14932.379
2010-08-01 22:00:00,14591.0,14513.162
2010-08-01 23:00:00,13678.0,13726.603
2010-08-02 00:00:00,12572.0,12561.28
2010-08-02 01:00:00,11668.0,11731.495
2010-08-02 02:00:00,11052.0,11024.439
2010-08-02 03:00:00,10654.0,10581.202
2010-08-02 04:00:00,10435.0,10453.109
2010-08-02 05:00:00,10545.0,10480.102
2010-08-02 06:00:00,11036.0,10943.296
2010-08-02 07:00:00,11909.0,11809.546
2010-08-02 08:00:00,13188.0,13115.075
2010-08-02 09:00:00,14436.0,14360.463
2010-08-02 10:00:00,15474.0,15461.897
2010-08-02 11:00:00,16378.0,16509.43
2010-08-02 12:00:00,17048.0,17389.498
2010-08-02 13:00:00,17677.0,17902.387
2010-08-02 14:00:00,18283.0,18276.645
2010-08-02 15:00:00,18477.0,18574.12
2010-08-02 16:00:00,18260.0,18826.621
2010-08-02 17:00:00,17700.0,18219.629
2010-08-02 18:00:00,17240.0,17293.465
2010-08-02 19:00:00,16707.0,16573.49
2010-08-02 20:00:00,16468.0,16175.998
2010-08-02 21:00:00,16519.0,16196.642
2010-08-02 22:00:00,16012.0,15751.361
2010-08-02 23:00:00,14895.0,14743.918
2010-08-03 00:00:00,13655.0,13449.873
2010-08-03 01:00:00,12606.0,12622.191
2010-08-03 02:00:00,11707.0,11836.939
2010-08-03 03:00:00,11063.0,11205.924
2010-08-03 04:00:00,10751.0,10727.259
2010-08-03 05:00:00,10824.0,10759.892
2010-08-03 06:00:00,11505.0,11281.121
2010-08-03 07:00:00,12615.0,12420.654
2010-08-03 08:00:00,13486.0,13653.83
2010-08-03 09:00:00,14031.0,14240.404
2010-08-03 10:00:00,14587.0,14575.166
2010-08-03 11:00:00,15338.0,15174.565
2010-08-03 12:00:00,16005.0,15744.223
2010-08-03 13:00:00,16796.0,16439.059
2010-08-03 14:00:00,17516.0,17448.322
2010-08-03 15:00:00,18179.0,18068.43
2010-08-03 16:00:00,18699.0,18379.65
2010-08-03 17:00:00,19072.0,18889.666
2010-08-03 18:00:00,19000.0,18752.494
2010-08-03 19:00:00,18625.0,18292.162
2010-08-03 20:00:00,18174.0,17841.52
2010-08-03 21:00:00,17990.0,17692.943
2010-08-03 22:00:00,17382.0,17015.986
2010-08-03 23:00:00,16071.0,15813.166
2010-08-04 00:00:00,14643.0,14505.055
2010-08-04 01:00:00,13527.0,13465.57
2010-08-04 02:00:00,12777.0,12622.413
2010-08-04 03:00:00,12252.0,12134.199
2010-08-04 04:00:00,11987.0,11849.572
2010-08-04 05:00:00,12033.0,11931.06
2010-08-04 06:00:00,12597.0,12475.501
2010-08-04 07:00:00,13628.0,13438.276
2010-08-04 08:00:00,14212.0,14422.258
2010-08-04 09:00:00,14600.0,14861.456
2010-08-04 10:00:00,14949.0,14947.57
2010-08-04 11:00:00,15805.0,15250.492
2010-08-04 12:00:00,16783.0,16473.014
2010-08-04 13:00:00,17415.0,17514.832
2010-08-04 14:00:00,17590.0,17980.066
2010-08-04 15:00:00,17376.0,17925.217
2010-08-04 16:00:00,17107.0,17294.85
2010-08-04 17:00:00,16873.0,17035.68
2010-08-04 18:00:00,16659.0,16491.494
2010-08-04 19:00:00,16447.0,16094.1875
2010-08-04 20:00:00,16043.0,16015.178
2010-08-04 21:00:00,16122.0,15902.967
2010-08-04 22:00:00,15700.0,15508.603
2010-08-04 23:00:00,14549.0,14574.623
2010-08-05 00:00:00,13279.0,13278.962
2010-08-05 01:00:00,12283.0,12268.471
2010-08-05 02:00:00,11589.0,11554.748
2010-08-05 03:00:00,11072.0,11113.5205
2010-08-05 04:00:00,10840.0,10753.139
2010-08-05 05:00:00,10890.0,10828.148
2010-08-05 06:00:00,11396.0,11423.319
2010-08-05 07:00:00,12167.0,12210.451
2010-08-05 08:00:00,13404.0,13092.075
2010-08-05 09:00:00,14594.0,14364.9795
2010-08-05 10:00:00,15710.0,15582.814
2010-08-05 11:00:00,16705.0,16686.584
2010-08-05 12:00:00,17367.0,17362.154
2010-08-05 13:00:00,17771.0,17905.98
2010-08-05 14:00:00,17992.0,18299.715
2010-08-05 15:00:00,18074.0,18182.598
2010-08-05 16:00:00,18021.0,18133.84
2010-08-05 17:00:00,17889.0,18034.494
2010-08-05 18:00:00,17441.0,17494.793
2010-08-05 19:00:00,16534.0,16701.803
2010-08-05 20:00:00,15575.0,16001.296
2010-08-05 21:00:00,15365.0,15485.818
2010-08-05 22:00:00,14773.0,14752.964
2010-08-05 23:00:00,13572.0,13608.421
2010-08-06 00:00:00,12338.0,12353.877
2010-08-06 01:00:00,11349.0,11358.424
2010-08-06 02:00:00,10678.0,10663.608
2010-08-06 03:00:00,10194.0,10155.386
2010-08-06 04:00:00,9949.0,9824.102
2010-08-06 05:00:00,10011.0,9917.913
2010-08-06 06:00:00,10466.0,10361.597
2010-08-06 07:00:00,11088.0,10986.458
2010-08-06 08:00:00,12071.0,11918.174
2010-08-06 09:00:00,13012.0,12788.467
2010-08-06 10:00:00,13862.0,13800.442
2010-08-06 11:00:00,14650.0,14590.445
2010-08-06 12:00:00,15264.0,15265.191
2010-08-06 13:00:00,15688.0,15637.6875
2010-08-06 14:00:00,16096.0,16069.303
2010-08-06 15:00:00,16387.0,16288.939
2010-08-06 16:00:00,16548.0,16626.637
2010-08-06 17:00:00,16623.0,16734.248
2010-08-06 18:00:00,16386.0,16322.895
2010-08-06 19:00:00,15791.0,15892.767
2010-08-06 20:00:00,15008.0,15341.317
2010-08-06 21:00:00,14846.0,14771.453
2010-08-06 22:00:00,14359.0,14316.81
2010-08-06 23:00:00,13287.0,13357.912
2010-08-07 00:00:00,12259.0,12102.064
2010-08-07 01:00:00,11296.0,11297.258
2010-08-07 02:00:00,10657.0,10602.155
2010-08-07 03:00:00,10106.0,10107.133
2010-08-07 04:00:00,9865.0,9684.204
2010-08-07 05:00:00,9674.0,9737.79
2010-08-07 06:00:00,9774.0,9651.697
2010-08-07 07:00:00,9864.0,9916.914
2010-08-07 08:00:00,10581.0,10201.032
2010-08-07 09:00:00,11484.0,11326.422
2010-08-07 10:00:00,12390.0,12162.446
2010-08-07 11:00:00,13185.0,13233.679
2010-08-07 12:00:00,13816.0,13708.379
2010-08-07 13:00:00,14339.0,14192.177
2010-08-07 14:00:00,14715.0,14727.751
2010-08-07 15:00:00,15094.0,14989.026
2010-08-07 16:00:00,15416.0,15267.061
2010-08-07 17:00:00,15692.0,15544.564
2010-08-07 18:00:00,15604.0,15621.057
2010-08-07 19:00:00,15161.0,15178.476
2010-08-07 20:00:00,14637.0,14789.14
2010-08-07 21:00:00,14681.0,14517.398
2010-08-07 22:00:00,14393.0,14261.906
2010-08-07 23:00:00,13577.0,13458.1875
2010-08-08 00:00:00,12650.0,12493.605
2010-08-08 01:00:00,11827.0,11806.994
2010-08-08 02:00:00,11093.0,11159.641
2010-08-08 03:00:00,10629.0,10574.89
2010-08-08 04:00:00,10275.0,10284.662
2010-08-08 05:00:00,10046.0,10161.096
2010-08-08 06:00:00,9931.0,10033.601
2010-08-08 07:00:00,9806.0,9976.321
2010-08-08 08:00:00,10163.0,9967.53
2010-08-08 09:00:00,10672.0,10764.244
2010-08-08 10:00:00,11154.0,11328.4
2010-08-08 11:00:00,11592.0,11854.497
2010-08-08 12:00:00,11795.0,12024.756
2010-08-08 13:00:00,11965.0,11994.896
2010-08-08 14:00:00,12441.0,12135.261
2010-08-08 15:00:00,13506.0,12706.46
2010-08-08 16:00:00,14603.0,14229.201
2010-08-08 17:00:00,15508.0,15245.425
2010-08-08 18:00:00,15858.0,15968.899
2010-08-08 19:00:00,15829.0,15761.549
2010-08-08 20:00:00,15714.0,15646.589
2010-08-08 21:00:00,16089.0,15657.636
2010-08-08 22:00:00,15826.0,15654.8545
2010-08-08 23:00:00,15033.0,14906.915
2010-08-09 00:00:00,14000.0,13844.799
2010-08-09 01:00:00,13148.0,13094.738
2010-08-09 02:00:00,12532.0,12399.606
2010-08-09 03:00:00,12049.0,12014.545
2010-08-09 04:00:00,11822.0,11754.064
2010-08-09 05:00:00,11890.0,11845.477
2010-08-09 06:00:00,12433.0,12422.275
2010-08-09 07:00:00,13186.0,13234.169
2010-08-09 08:00:00,14103.0,14037.608
2010-08-09 09:00:00,14751.0,14850.492
2010-08-09 10:00:00,15341.0,15178.832
2010-08-09 11:00:00,16106.0,15853.592
2010-08-09 12:00:00,17139.0,16727.162
2010-08-09 13:00:00,18084.0,17812.363
2010-08-09 14:00:00,19026.0,18908.453
2010-08-09 15:00:00,19622.0,19305.865
2010-08-09 16:00:00,20047.0,19672.773
2010-08-09 17:00:00,20234.0,20054.562
2010-08-09 18:00:00,20181.0,19751.486
2010-08-09 19:00:00,19633.0,19235.574
2010-08-09 20:00:00,19034.0,19082.318
2010-08-09 21:00:00,18969.0,18518.658
2010-08-09 22:00:00,18230.0,17902.922
2010-08-09 23:00:00,16772.0,16702.041
2010-08-10 00:00:00,15279.0,15443.878
2010-08-10 01:00:00,14063.0,14039.784
2010-08-10 02:00:00,13203.0,13207.138
2010-08-10 03:00:00,12593.0,12644.724
2010-08-10 04:00:00,12301.0,12303.931
2010-08-10 05:00:00,12365.0,12285.442
2010-08-10 06:00:00,12904.0,12792.853
2010-08-10 07:00:00,13758.0,14058.744
2010-08-10 08:00:00,14800.0,14742.876
2010-08-10 09:00:00,15583.0,15696.802
2010-08-10 10:00:00,16300.0,16409.947
2010-08-10 11:00:00,17055.0,17455.059
2010-08-10 12:00:00,17891.0,18071.805
2010-08-10 13:00:00,18744.0,18505.154
2010-08-10 14:00:00,19577.0,19490.736
2010-08-10 15:00:00,20136.0,19814.502
2010-08-10 16:00:00,20540.0,20270.95
2010-08-10 17:00:00,20655.0,20685.92
2010-08-10 18:00:00,20408.0,20630.898
2010-08-10 19:00:00,19701.0,20168.08
2010-08-10 20:00:00,18950.0,19256.92
2010-08-10 21:00:00,18816.0,18488.678
2010-08-10 22:00:00,17981.0,17929.293
2010-08-10 23:00:00,16619.0,16170.824
2010-08-11 00:00:00,15213.0,15196.814
2010-08-11 01:00:00,14156.0,14015.682
2010-08-11 02:00:00,13389.0,13238.014
2010-08-11 03:00:00,12882.0,12843.745
2010-08-11 04:00:00,12608.0,12584.724
2010-08-11 05:00:00,12697.0,12620.186
2010-08-11 06:00:00,13290.0,13107.384
2010-08-11 07:00:00,14077.0,14290.093
2010-08-11 08:00:00,15326.0,15042.089
2010-08-11 09:00:00,16662.0,16274.575
2010-08-11 10:00:00,17521.0,17726.008
2010-08-11 11:00:00,18382.0,18635.717
2010-08-11 12:00:00,19080.0,19201.05
2010-08-11 13:00:00,19571.0,19464.977
2010-08-11 14:00:00,20127.0,19725.604
2010-08-11 15:00:00,20743.0,20059.004
2010-08-11 16:00:00,21146.0,20778.02
2010-08-11 17:00:00,21201.0,20880.73
2010-08-11 18:00:00,20991.0,20623.73
2010-08-11 19:00:00,20429.0,20053.283
2010-08-11 20:00:00,19711.0,19755.55
2010-08-11 21:00:00,19412.0,19443.857
2010-08-11 22:00:00,18622.0,18362.59
2010-08-11 23:00:00,17177.0,16982.145
2010-08-12 00:00:00,15707.0,15676.392
2010-08-12 01:00:00,14514.0,14525.258
2010-08-12 02:00:00,13644.0,13596.186
2010-08-12 03:00:00,12973.0,12969.571
2010-08-12 04:00:00,12622.0,12632.823
2010-08-12 05:00:00,12572.0,12563.618
2010-08-12 06:00:00,13077.0,12891.38
2010-08-12 07:00:00,13892.0,13847.488
2010-08-12 08:00:00,15350.0,14997.418
2010-08-12 09:00:00,16829.0,16467.914
2010-08-12 10:00:00,18142.0,17890.209
2010-08-12 11:00:00,19348.0,19079.133
2010-08-12 12:00:00,20232.0,19893.977
2010-08-12 13:00:00,20897.0,20276.916
2010-08-12 14:00:00,21440.0,21143.434
2010-08-12 15:00:00,21776.0,21429.654
2010-08-12 16:00:00,21902.0,21402.209
2010-08-12 17:00:00,21868.0,21750.67
2010-08-12 18:00:00,21515.0,21528.434
2010-08-12 19:00:00,20856.0,20963.527
2010-08-12 20:00:00,20049.0,20368.475
2010-08-12 21:00:00,19728.0,19726.402
2010-08-12 22:00:00,18861.0,19216.316
2010-08-12 23:00:00,17314.0,17524.682
2010-08-13 00:00:00,15772.0,15914.555
2010-08-13 01:00:00,14485.0,14608.633
2010-08-13 02:00:00,13581.0,13616.522
2010-08-13 03:00:00,12919.0,12832.5205
2010-08-13 04:00:00,12553.0,12493.066
2010-08-13 05:00:00,12497.0,12511.55
2010-08-13 06:00:00,12939.0,12819.155
2010-08-13 07:00:00,13678.0,13797.646
2010-08-13 08:00:00,15012.0,14739.923
2010-08-13 09:00:00,16475.0,16027.018
2010-08-13 10:00:00,17847.0,17524.115
2010-08-13 11:00:00,18998.0,18699.467
2010-08-13 12:00:00,19835.0,19457.637
2010-08-13 13:00:00,20543.0,20215.06
2010-08-13 14:00:00,20956.0,21262.69
2010-08-13 15:00:00,21138.0,21650.67
2010-08-13 16:00:00,21281.0,21776.73
2010-08-13 17:00:00,21190.0,21751.71
2010-08-13 18:00:00,20571.0,21006.754
2010-08-13 19:00:00,19647.0,20481.1
2010-08-13 20:00:00,19216.0,19412.006
2010-08-13 21:00:00,18367.0,18803.965
2010-08-13 22:00:00,17174.0,17920.844
2010-08-13 23:00:00,15950.0,15814.882
2010-08-14 00:00:00,14682.0,14454.321
2010-08-14 01:00:00,13626.0,13484.432
2010-08-14 02:00:00,12833.0,12670.038
2010-08-14 03:00:00,12187.0,12182.942
2010-08-14 04:00:00,11799.0,11727.122
2010-08-14 05:00:00,11645.0,11626.063
2010-08-14 06:00:00,11728.0,11728.349
2010-08-14 07:00:00,11888.0,12292.606
2010-08-14 08:00:00,12392.0,12672.613
2010-08-14 09:00:00,13153.0,13178.523
2010-08-14 10:00:00,14203.0,14065.836
2010-08-14 11:00:00,15371.0,15027.689
2010-08-14 12:00:00,16337.0,16280.411
2010-08-14 13:00:00,17125.0,16872.266
2010-08-14 14:00:00,17572.0,17551.404
2010-08-14 15:00:00,17905.0,18052.121
2010-08-14 16:00:00,18094.0,18094.139
2010-08-14 17:00:00,18155.0,18255.104
2010-08-14 18:00:00,18105.0,17807.07
2010-08-14 19:00:00,17640.0,17500.738
2010-08-14 20:00:00,17145.0,16917.352
2010-08-14 21:00:00,17050.0,16738.295
2010-08-14 22:00:00,16473.0,16311.419
2010-08-14 23:00:00,15419.0,15215.64
2010-08-15 00:00:00,14370.0,14106.805
2010-08-15 01:00:00,13388.0,13219.925
2010-08-15 02:00:00,12564.0,12621.74
2010-08-15 03:00:00,11965.0,12011.118
2010-08-15 04:00:00,11543.0,11563.181
2010-08-15 05:00:00,11349.0,11299.703
2010-08-15 06:00:00,11286.0,11281.785
2010-08-15 07:00:00,11207.0,11532.49
2010-08-15 08:00:00,11784.0,11740.797
2010-08-15 09:00:00,12870.0,12827.074
2010-08-15 10:00:00,14023.0,14150.563
2010-08-15 11:00:00,15008.0,15115.828
2010-08-15 12:00:00,15532.0,15815.934
2010-08-15 13:00:00,15855.0,16114.655
2010-08-15 14:00:00,16074.0,16141.776
2010-08-15 15:00:00,16293.0,16266.443
2010-08-15 16:00:00,16501.0,16344.407
2010-08-15 17:00:00,16527.0,16417.23
2010-08-15 18:00:00,16371.0,16220.066
2010-08-15 19:00:00,15764.0,16021.499
2010-08-15 20:00:00,14900.0,15387.425
2010-08-15 21:00:00,14586.0,14776.339
2010-08-15 22:00:00,13945.0,14197.505
2010-08-15 23:00:00,12891.0,13067.566
2010-08-16 00:00:00,11812.0,11826.894
2010-08-16 01:00:00,11000.0,10915.792
2010-08-16 02:00:00,10373.0,10460.284
2010-08-16 03:00:00,9901.0,9987.896
2010-08-16 04:00:00,9767.0,9718.191
2010-08-16 05:00:00,9951.0,9860.7
2010-08-16 06:00:00,10564.0,10442.609
2010-08-16 07:00:00,11265.0,11294.918
2010-08-16 08:00:00,12383.0,12159.493
2010-08-16 09:00:00,13279.0,13388.616
2010-08-16 10:00:00,14009.0,14053.553
2010-08-16 11:00:00,14595.0,14679.035
2010-08-16 12:00:00,14852.0,15002.906
2010-08-16 13:00:00,15203.0,15174.313
2010-08-16 14:00:00,15613.0,15433.342
2010-08-16 15:00:00,15905.0,15762.965
2010-08-16 16:00:00,16102.0,16085.39
2010-08-16 17:00:00,16140.0,16220.208
2010-08-16 18:00:00,15890.0,15817.331
2010-08-16 19:00:00,15236.0,15471.3545
2010-08-16 20:00:00,14677.0,14785.504
2010-08-16 21:00:00,14727.0,14610.581
2010-08-16 22:00:00,14139.0,14106.408
2010-08-16 23:00:00,13070.0,13022.994
2010-08-17 00:00:00,11897.0,11923.016
2010-08-17 01:00:00,11055.0,11041.211
2010-08-17 02:00:00,10492.0,10476.938
2010-08-17 03:00:00,10083.0,10062.882
2010-08-17 04:00:00,9889.0,9872.904
2010-08-17 05:00:00,9987.0,9902.75
2010-08-17 06:00:00,10547.0,10464.595
2010-08-17 07:00:00,11270.0,11286.457
2010-08-17 08:00:00,12307.0,12214.294
2010-08-17 09:00:00,13062.0,13183.429
2010-08-17 10:00:00,13628.0,13798.677
2010-08-17 11:00:00,14292.0,14184.582
2010-08-17 12:00:00,14628.0,14851.803
2010-08-17 13:00:00,14716.0,15104.83
2010-08-17 14:00:00,14829.0,14990.226
2010-08-17 15:00:00,14751.0,14904.664
2010-08-17 16:00:00,14598.0,14719.806
2010-08-17 17:00:00,14332.0,14380.679
2010-08-17 18:00:00,13953.0,13920.086
2010-08-17 19:00:00,13535.0,13380.468
2010-08-17 20:00:00,13535.0,13335.659
2010-08-17 21:00:00,13682.0,13609.6
2010-08-17 22:00:00,13215.0,13107.586
2010-08-17 23:00:00,12269.0,12179.771
2010-08-18 00:00:00,11293.0,11270.789
2010-08-18 01:00:00,10515.0,10548.079
2010-08-18 02:00:00,10026.0,9996.917
2010-08-18 03:00:00,9670.0,9614.958
2010-08-18 04:00:00,9514.0,9438.419
2010-08-18 05:00:00,9667.0,9587.603
2010-08-18 06:00:00,10313.0,10210.676
2010-08-18 07:00:00,11129.0,11207.567
2010-08-18 08:00:00,12012.0,11993.654
2010-08-18 09:00:00,12765.0,12847.637
2010-08-18 10:00:00,13454.0,13317.537
2010-08-18 11:00:00,14131.0,14024.42
2010-08-18 12:00:00,14745.0,14503.039
2010-08-18 13:00:00,15290.0,15091.892
2010-08-18 14:00:00,15744.0,15777.803
2010-08-18 15:00:00,16030.0,15962.253
2010-08-18 16:00:00,16404.0,16304.126
2010-08-18 17:00:00,16668.0,16634.234
2010-08-18 18:00:00,16580.0,16521.334
2010-08-18 19:00:00,16077.0,16246.699
2010-08-18 20:00:00,15662.0,15730.565
2010-08-18 21:00:00,15748.0,15558.864
2010-08-18 22:00:00,15118.0,14962.996
2010-08-18 23:00:00,13959.0,13883.071
2010-08-19 00:00:00,12683.0,12678.896
2010-08-19 01:00:00,11774.0,11800.689
2010-08-19 02:00:00,11066.0,11142.088
2010-08-19 03:00:00,10562.0,10610.928
2010-08-19 04:00:00,10348.0,10293.913
2010-08-19 05:00:00,10456.0,10315.624
2010-08-19 06:00:00,11050.0,10909.361
2010-08-19 07:00:00,11815.0,11967.552
2010-08-19 08:00:00,12914.0,12867.388
2010-08-19 09:00:00,13945.0,13954.323
2010-08-19 10:00:00,14962.0,14805.51
2010-08-19 11:00:00,15996.0,15966.224
2010-08-19 12:00:00,17012.0,16831.414
2010-08-19 13:00:00,17447.0,17714.102
2010-08-19 14:00:00,18178.0,17872.258
2010-08-19 15:00:00,18864.0,18440.418
2010-08-19 16:00:00,19266.0,18940.96
2010-08-19 17:00:00,19415.0,19432.156
2010-08-19 18:00:00,19275.0,19108.475
2010-08-19 19:00:00,18694.0,18792.158
2010-08-19 20:00:00,18145.0,18248.518
2010-08-19 21:00:00,18050.0,17871.383
2010-08-19 22:00:00,17149.0,17371.75
2010-08-19 23:00:00,15784.0,15764.121
2010-08-20 00:00:00,14373.0,14330.688
2010-08-20 01:00:00,13307.0,13267.204
2010-08-20 02:00:00,12540.0,12469.215
2010-08-20 03:00:00,11933.0,11982.041
2010-08-20 04:00:00,11634.0,11624.945
2010-08-20 05:00:00,11687.0,11591.721
2010-08-20 06:00:00,12266.0,12214.17
2010-08-20 07:00:00,13200.0,13227.27
2010-08-20 08:00:00,14172.0,14294.964
2010-08-20 09:00:00,15310.0,15086.305
2010-08-20 10:00:00,16534.0,16265.728
2010-08-20 11:00:00,17796.0,17527.217
2010-08-20 12:00:00,18892.0,18713.035
2010-08-20 13:00:00,19887.0,19513.428
2010-08-20 14:00:00,20726.0,20293.613
2010-08-20 15:00:00,21082.0,20740.006
2010-08-20 16:00:00,20399.0,20917.434
2010-08-20 17:00:00,19801.0,20886.703
2010-08-20 18:00:00,19161.0,19833.986
2010-08-20 19:00:00,18297.0,18695.559
2010-08-20 20:00:00,17933.0,17560.924
2010-08-20 21:00:00,17672.0,17416.07
2010-08-20 22:00:00,16944.0,16866.014
2010-08-20 23:00:00,15741.0,15573.939
2010-08-21 00:00:00,14474.0,14287.366
2010-08-21 01:00:00,13350.0,13275.311
2010-08-21 02:00:00,12499.0,12557.957
2010-08-21 03:00:00,11790.0,11859.535
2010-08-21 04:00:00,11445.0,11416.073
2010-08-21 05:00:00,11237.0,11224.988
2010-08-21 06:00:00,11324.0,11286.526
2010-08-21 07:00:00,11504.0,11701.391
2010-08-21 08:00:00,12074.0,12127.902
2010-08-21 09:00:00,12904.0,12784.798
2010-08-21 10:00:00,13647.0,13896.991
2010-08-21 11:00:00,14406.0,14322.008
2010-08-21 12:00:00,15224.0,14933.752
2010-08-21 13:00:00,15790.0,15458.677
2010-08-21 14:00:00,16156.0,16053.299
2010-08-21 15:00:00,16601.0,16328.219
2010-08-21 16:00:00,16933.0,16858.191
2010-08-21 17:00:00,17048.0,17017.213
2010-08-21 18:00:00,16902.0,16613.555
2010-08-21 19:00:00,16404.0,16302.273
2010-08-21 20:00:00,15889.0,15975.888
2010-08-21 21:00:00,15833.0,15862.772
2010-08-21 22:00:00,15222.0,15303.88
2010-08-21 23:00:00,14235.0,14054.275
2010-08-22 00:00:00,13154.0,13054.823
2010-08-22 01:00:00,12296.0,12152.055
2010-08-22 02:00:00,11517.0,11529.502
2010-08-22 03:00:00,11013.0,10955.201
2010-08-22 04:00:00,10506.0,10644.409
2010-08-22 05:00:00,10256.0,10324.696
2010-08-22 06:00:00,10136.0,10135.258
2010-08-22 07:00:00,9954.0,10011.292
2010-08-22 08:00:00,10426.0,10259.597
2010-08-22 09:00:00,11304.0,11043.079
2010-08-22 10:00:00,12241.0,12130.994
2010-08-22 11:00:00,13132.0,13228.553
2010-08-22 12:00:00,13898.0,13872.999
2010-08-22 13:00:00,14401.0,14662.404
2010-08-22 14:00:00,14801.0,14878.255
2010-08-22 15:00:00,15251.0,15091.38
2010-08-22 16:00:00,15576.0,15491.5
2010-08-22 17:00:00,15701.0,15711.219
2010-08-22 18:00:00,15550.0,15560.758
2010-08-22 19:00:00,15005.0,15075.914
2010-08-22 20:00:00,14437.0,14473.942
2010-08-22 21:00:00,14406.0,14287.241
2010-08-22 22:00:00,13799.0,13916.444
2010-08-22 23:00:00,12777.0,12840.207
2010-08-23 00:00:00,11724.0,11767.33
2010-08-23 01:00:00,10905.0,10928.554
2010-08-23 02:00:00,10400.0,10315.867
2010-08-23 03:00:00,10038.0,10006.081
2010-08-23 04:00:00,9962.0,9795.972
2010-08-23 05:00:00,10095.0,10035.813
2010-08-23 06:00:00,10794.0,10510.483
2010-08-23 07:00:00,11667.0,11810.219
2010-08-23 08:00:00,12780.0,12865.414
2010-08-23 09:00:00,13709.0,13780.504
2010-08-23 10:00:00,14501.0,14420.088
2010-08-23 11:00:00,15196.0,15231.603
2010-08-23 12:00:00,15728.0,15808.989
2010-08-23 13:00:00,16203.0,16101.963
2010-08-23 14:00:00,16686.0,16735.797
2010-08-23 15:00:00,16991.0,16875.555
2010-08-23 16:00:00,17171.0,17246.951
2010-08-23 17:00:00,17102.0,17077.379
2010-08-23 18:00:00,16775.0,16682.973
2010-08-23 19:00:00,15992.0,16271.956
2010-08-23 20:00:00,15316.0,15502.521
2010-08-23 21:00:00,15260.0,15224.062
2010-08-23 22:00:00,14472.0,14629.481
2010-08-23 23:00:00,13267.0,13299.279
2010-08-24 00:00:00,12017.0,12051.454
2010-08-24 01:00:00,11170.0,11158.268
2010-08-24 02:00:00,10579.0,10565.037
2010-08-24 03:00:00,10181.0,10161.794
2010-08-24 04:00:00,9984.0,9896.767
2010-08-24 05:00:00,10144.0,10032.751
2010-08-24 06:00:00,10790.0,10640.9
2010-08-24 07:00:00,11716.0,11694.872
2010-08-24 08:00:00,12670.0,12729.632
2010-08-24 09:00:00,13542.0,13683.644
2010-08-24 10:00:00,14365.0,14325.702
2010-08-24 11:00:00,15103.0,15113.302
2010-08-24 12:00:00,15698.0,15742.495
2010-08-24 13:00:00,16283.0,16118.922
2010-08-24 14:00:00,16912.0,16791.55
2010-08-24 15:00:00,17332.0,17135.945
2010-08-24 16:00:00,17519.0,17444.451
2010-08-24 17:00:00,17548.0,17662.89
2010-08-24 18:00:00,17262.0,17263.912
2010-08-24 19:00:00,16468.0,16744.516
2010-08-24 20:00:00,16044.0,16031.76
2010-08-24 21:00:00,15957.0,15941.291
2010-08-24 22:00:00,15094.0,15224.296
2010-08-24 23:00:00,13794.0,13903.222
2010-08-25 00:00:00,12466.0,12625.736
2010-08-25 01:00:00,11401.0,11510.561
2010-08-25 02:00:00,10642.0,10780.785
2010-08-25 03:00:00,10064.0,10147.948
2010-08-25 04:00:00,9793.0,9760.785
2010-08-25 05:00:00,9810.0,9850.065
2010-08-25 06:00:00,10335.0,10209.438
2010-08-25 07:00:00,11141.0,11031.173
2010-08-25 08:00:00,11992.0,12058.359
2010-08-25 09:00:00,12753.0,12834.773
2010-08-25 10:00:00,13390.0,13503.602
2010-08-25 11:00:00,13967.0,14106.017
2010-08-25 12:00:00,14348.0,14454.253
2010-08-25 13:00:00,14650.0,14689.141
2010-08-25 14:00:00,14990.0,14916.506
2010-08-25 15:00:00,15192.0,15129.396
2010-08-25 16:00:00,15286.0,15322.777
2010-08-25 17:00:00,15187.0,15335.279
2010-08-25 18:00:00,14796.0,14974.164
2010-08-25 19:00:00,14122.0,14254.487
2010-08-25 20:00:00,13714.0,13856.607
2010-08-25 21:00:00,13742.0,13684.337
2010-08-25 22:00:00,13038.0,13239.581
2010-08-25 23:00:00,11930.0,11971.275
2010-08-26 00:00:00,10843.0,10933.935
2010-08-26 01:00:00,10102.0,10087.591
2010-08-26 02:00:00,9595.0,9559.196
2010-08-26 03:00:00,9294.0,9250.638
2010-08-26 04:00:00,9146.0,9145.775
2010-08-26 05:00:00,9288.0,9190.699
2010-08-26 06:00:00,9880.0,9793.986
2010-08-26 07:00:00,10755.0,10668.749
2010-08-26 08:00:00,11614.0,11590.928
2010-08-26 09:00:00,12327.0,12435.139
2010-08-26 10:00:00,12870.0,12917.429
2010-08-26 11:00:00,13385.0,13334.281
2010-08-26 12:00:00,13700.0,13725.295
2010-08-26 13:00:00,13942.0,13866.026
2010-08-26 14:00:00,14255.0,14170.171
2010-08-26 15:00:00,14511.0,14377.61
2010-08-26 16:00:00,14663.0,14558.74
2010-08-26 17:00:00,14743.0,14584.761
2010-08-26 18:00:00,14511.0,14414.9
2010-08-26 19:00:00,13961.0,13993.205
2010-08-26 20:00:00,13627.0,13562.469
2010-08-26 21:00:00,13712.0,13606.318
2010-08-26 22:00:00,13046.0,13144.436
2010-08-26 23:00:00,11957.0,12060.843
2010-08-27 00:00:00,10873.0,10939.889
2010-08-27 01:00:00,10098.0,10124.09
2010-08-27 02:00:00,9594.0,9582.982
2010-08-27 03:00:00,9247.0,9299.666
2010-08-27 04:00:00,9101.0,9073.647
2010-08-27 05:00:00,9196.0,9176.48
2010-08-27 06:00:00,9801.0,9643.779
2010-08-27 07:00:00,10643.0,10693.341
2010-08-27 08:00:00,11540.0,11497.953
2010-08-27 09:00:00,12307.0,12304.238
2010-08-27 10:00:00,12936.0,12996.24
2010-08-27 11:00:00,13526.0,13516.991
2010-08-27 12:00:00,14058.0,13894.613
2010-08-27 13:00:00,14481.0,14399.362
2010-08-27 14:00:00,15056.0,14894.188
2010-08-27 15:00:00,15516.0,15369.045
2010-08-27 16:00:00,15902.0,15750.499
2010-08-27 17:00:00,16194.0,16064.944
2010-08-27 18:00:00,16034.0,16133.526
2010-08-27 19:00:00,15516.0,15680.286
2010-08-27 20:00:00,15031.0,15194.945
2010-08-27 21:00:00,14920.0,14948.982
2010-08-27 22:00:00,14303.0,14258.076
2010-08-27 23:00:00,13246.0,13255.611
2010-08-28 00:00:00,12134.0,12113.692
2010-08-28 01:00:00,11138.0,11205.611
2010-08-28 02:00:00,10423.0,10476.177
2010-08-28 03:00:00,9945.0,9926.371
2010-08-28 04:00:00,9600.0,9568.449
2010-08-28 05:00:00,9504.0,9470.839
2010-08-28 06:00:00,9613.0,9483.184
2010-08-28 07:00:00,9634.0,9749.915
2010-08-28 08:00:00,10257.0,9936.52
2010-08-28 09:00:00,11229.0,10844.28
2010-08-28 10:00:00,12144.0,11940.904
2010-08-28 11:00:00,13012.0,12793.556
2010-08-28 12:00:00,13681.0,13760.107
2010-08-28 13:00:00,14196.0,14177.779
2010-08-28 14:00:00,14597.0,14595.28
2010-08-28 15:00:00,14996.0,14985.175
2010-08-28 16:00:00,15434.0,15261.024
2010-08-28 17:00:00,15608.0,15641.639
2010-08-28 18:00:00,15528.0,15548.974
2010-08-28 19:00:00,15084.0,15133.803
2010-08-28 20:00:00,14628.0,14790.947
2010-08-28 21:00:00,14471.0,14608.428
2010-08-28 22:00:00,13768.0,13940.893
2010-08-28 23:00:00,12861.0,12790.145
2010-08-29 00:00:00,11840.0,11792.167
2010-08-29 01:00:00,11039.0,10970.28
2010-08-29 02:00:00,10446.0,10398.302
2010-08-29 03:00:00,9984.0,9944.517
2010-08-29 04:00:00,9733.0,9660.507
2010-08-29 05:00:00,9532.0,9590.947
2010-08-29 06:00:00,9611.0,9466.847
2010-08-29 07:00:00,9561.0,9712.119
2010-08-29 08:00:00,10034.0,9872.881
2010-08-29 09:00:00,11077.0,10648.968
2010-08-29 10:00:00,12474.0,11950.935
2010-08-29 11:00:00,14007.0,13513.426
2010-08-29 12:00:00,15508.0,14851.796
2010-08-29 13:00:00,16550.0,16389.125
2010-08-29 14:00:00,17334.0,17480.686
2010-08-29 15:00:00,17774.0,17844.38
2010-08-29 16:00:00,18061.0,18085.854
2010-08-29 17:00:00,18193.0,18287.768
2010-08-29 18:00:00,18195.0,17888.664
2010-08-29 19:00:00,17768.0,17601.467
2010-08-29 20:00:00,17504.0,17315.713
2010-08-29 21:00:00,17470.0,17295.12
2010-08-29 22:00:00,16665.0,16831.67
2010-08-29 23:00:00,15358.0,15281.166
2010-08-30 00:00:00,14087.0,13910.303
2010-08-30 01:00:00,13060.0,12899.967
2010-08-30 02:00:00,12348.0,12305.287
2010-08-30 03:00:00,11832.0,11811.046
2010-08-30 04:00:00,11609.0,11665.778
2010-08-30 05:00:00,11639.0,11717.769
2010-08-30 06:00:00,12322.0,12151.768
2010-08-30 07:00:00,13256.0,13473.617
2010-08-30 08:00:00,14294.0,14471.246
2010-08-30 09:00:00,15474.0,15394.154
2010-08-30 10:00:00,16582.0,16438.094
2010-08-30 11:00:00,17640.0,17727.762
2010-08-30 12:00:00,18396.0,18546.225
2010-08-30 13:00:00,18971.0,19144.377
2010-08-30 14:00:00,19269.0,19541.566
2010-08-30 15:00:00,19385.0,19641.629
2010-08-30 16:00:00,19545.0,19469.637
2010-08-30 17:00:00,19413.0,19168.555
2010-08-30 18:00:00,18970.0,18797.598
2010-08-30 19:00:00,18363.0,18165.707
2010-08-30 20:00:00,18143.0,17883.715
2010-08-30 21:00:00,18028.0,17801.107
2010-08-30 22:00:00,17078.0,17267.402
2010-08-30 23:00:00,15624.0,15657.934
2010-08-31 00:00:00,14287.0,14344.573
2010-08-31 01:00:00,13257.0,13241.863
2010-08-31 02:00:00,12535.0,12519.278
2010-08-31 03:00:00,12023.0,12010.641
2010-08-31 04:00:00,11760.0,11761.634
2010-08-31 05:00:00,11912.0,11791.681
2010-08-31 06:00:00,12602.0,12550.5625
2010-08-31 07:00:00,13754.0,13470.471
2010-08-31 08:00:00,14825.0,14710.466
2010-08-31 09:00:00,15980.0,15860.075
2010-08-31 10:00:00,17081.0,17057.533
2010-08-31 11:00:00,18242.0,18151.14
2010-08-31 12:00:00,19144.0,18960.604
2010-08-31 13:00:00,19877.0,19959.83
2010-08-31 14:00:00,20580.0,20421.754
2010-08-31 15:00:00,20946.0,20816.404
2010-08-31 16:00:00,21172.0,20944.223
2010-08-31 17:00:00,21208.0,20784.877
2010-08-31 18:00:00,20865.0,20561.8
2010-08-31 19:00:00,20118.0,20028.83
2010-08-31 20:00:00,19760.0,19211.889
2010-08-31 21:00:00,19573.0,19189.6
2010-08-31 22:00:00,18538.0,18198.615
2010-08-31 23:00:00,16954.0,16711.793
2010-09-01 00:00:00,15474.0,15490.783
2010-09-01 01:00:00,14424.0,14163.058
2010-09-01 02:00:00,13618.0,13518.566
2010-09-01 03:00:00,13067.0,12930.229
2010-09-01 04:00:00,12785.0,12681.854
2010-09-01 05:00:00,12774.0,12793.921
2010-09-01 06:00:00,13257.0,13160.538
2010-09-01 07:00:00,14310.0,14295.442
2010-09-01 08:00:00,14968.0,15369.798
2010-09-01 09:00:00,15099.0,15760.683
2010-09-01 10:00:00,15440.0,15593.389
2010-09-01 11:00:00,16127.0,15754.6045
2010-09-01 12:00:00,16412.0,16548.129
2010-09-01 13:00:00,16581.0,17167.887
2010-09-01 14:00:00,17058.0,17253.271
2010-09-01 15:00:00,17430.0,17401.758
2010-09-01 16:00:00,17483.0,17533.424
2010-09-01 17:00:00,17285.0,17770.705
2010-09-01 18:00:00,16954.0,17052.31
2010-09-01 19:00:00,16448.0,16627.06
2010-09-01 20:00:00,16512.0,16172.176
2010-09-01 21:00:00,16459.0,16130.812
2010-09-01 22:00:00,15674.0,15804.718
2010-09-01 23:00:00,14384.0,14473.746
2010-09-02 00:00:00,13067.0,13199.6045
2010-09-02 01:00:00,12105.0,12183.648
2010-09-02 02:00:00,11481.0,11387.722
2010-09-02 03:00:00,11141.0,11083.087
2010-09-02 04:00:00,10970.0,10788.321
2010-09-02 05:00:00,11144.0,11088.448
2010-09-02 06:00:00,11844.0,11827.26
2010-09-02 07:00:00,13053.0,13000.959
2010-09-02 08:00:00,13948.0,14015.281
2010-09-02 09:00:00,14437.0,14715.204
2010-09-02 10:00:00,14698.0,14829.976
2010-09-02 11:00:00,14917.0,15039.076
2010-09-02 12:00:00,15044.0,15003.561
2010-09-02 13:00:00,15353.0,15318.408
2010-09-02 14:00:00,15944.0,15569.534
2010-09-02 15:00:00,16603.0,16101.049
2010-09-02 16:00:00,17101.0,16903.727
2010-09-02 17:00:00,17480.0,17214.46
2010-09-02 18:00:00,17299.0,17291.621
2010-09-02 19:00:00,16664.0,16664.422
2010-09-02 20:00:00,16687.0,16372.6875
2010-09-02 21:00:00,16446.0,16128.916
2010-09-02 22:00:00,15267.0,15499.601
2010-09-02 23:00:00,13601.0,13986.595
2010-09-03 00:00:00,12195.0,12373.177
2010-09-03 01:00:00,11226.0,11304.853
2010-09-03 02:00:00,10566.0,10567.966
2010-09-03 03:00:00,10067.0,10075.556
2010-09-03 04:00:00,9775.0,9679.671
2010-09-03 05:00:00,9804.0,9737.51
2010-09-03 06:00:00,10269.0,10134.372
2010-09-03 07:00:00,10975.0,10986.838
2010-09-03 08:00:00,11605.0,11962.302
2010-09-03 09:00:00,12067.0,12202.653
2010-09-03 10:00:00,12418.0,12590.104
2010-09-03 11:00:00,12742.0,12829.584
2010-09-03 12:00:00,12856.0,13025.565
2010-09-03 13:00:00,12914.0,13136.927
2010-09-03 14:00:00,12977.0,13082.758
2010-09-03 15:00:00,12863.0,13069.04
2010-09-03 16:00:00,12559.0,12893.137
2010-09-03 17:00:00,12177.0,12350.199
2010-09-03 18:00:00,11734.0,11914.094
2010-09-03 19:00:00,11402.0,11678.43
2010-09-03 20:00:00,11560.0,11578.621
2010-09-03 21:00:00,11528.0,11822.15
2010-09-03 22:00:00,11142.0,11207.054
2010-09-03 23:00:00,10427.0,10459.718
2010-09-04 00:00:00,9619.0,9627.514
2010-09-04 01:00:00,9000.0,8974.699
2010-09-04 02:00:00,8614.0,8542.576
2010-09-04 03:00:00,8342.0,8263.81
2010-09-04 04:00:00,8202.0,8168.22
2010-09-04 05:00:00,8163.0,8176.0483
2010-09-04 06:00:00,8269.0,8253.86
2010-09-04 07:00:00,8385.0,8501.178
2010-09-04 08:00:00,8664.0,8783.14
2010-09-04 09:00:00,9179.0,9177.367
2010-09-04 10:00:00,9585.0,9736.789
2010-09-04 11:00:00,9877.0,10015.783
2010-09-04 12:00:00,10015.0,10064.433
2010-09-04 13:00:00,10031.0,9922.331
2010-09-04 14:00:00,9975.0,9958.968
2010-09-04 15:00:00,9970.0,9913.001
2010-09-04 16:00:00,9953.0,9931.262
2010-09-04 17:00:00,9961.0,9881.422
2010-09-04 18:00:00,9862.0,9854.314
2010-09-04 19:00:00,9777.0,9876.529
2010-09-04 20:00:00,10070.0,9985.982
2010-09-04 21:00:00,10314.0,10250.798
2010-09-04 22:00:00,10018.0,10126.855
2010-09-04 23:00:00,9504.0,9528.3125
2010-09-05 00:00:00,8901.0,8912.43
2010-09-05 01:00:00,8380.0,8393.599
2010-09-05 02:00:00,8021.0,8053.355
2010-09-05 03:00:00,7866.0,7831.678
2010-09-05 04:00:00,7714.0,7739.4736
2010-09-05 05:00:00,7702.0,7673.517
2010-09-05 06:00:00,7718.0,7703.0474
2010-09-05 07:00:00,7716.0,7765.8896
2010-09-05 08:00:00,7826.0,7925.2554
2010-09-05 09:00:00,8365.0,8271.683
2010-09-05 10:00:00,8765.0,8752.432
2010-09-05 11:00:00,9163.0,9115.955
2010-09-05 12:00:00,9387.0,9499.2705
2010-09-05 13:00:00,9581.0,9603.897
2010-09-05 14:00:00,9690.0,9736.414
2010-09-05 15:00:00,9814.0,9790.132
2010-09-05 16:00:00,9910.0,9877.325
2010-09-05 17:00:00,9995.0,10002.195
2010-09-05 18:00:00,9956.0,10021.478
2010-09-05 19:00:00,10065.0,10038.998
2010-09-05 20:00:00,10433.0,10266.743
2010-09-05 21:00:00,10548.0,10595.992
2010-09-05 22:00:00,10305.0,10185.558
2010-09-05 23:00:00,9888.0,9719.889
2010-09-06 00:00:00,9288.0,9217.029
2010-09-06 01:00:00,8776.0,8774.405
2010-09-06 02:00:00,8458.0,8451.402
2010-09-06 03:00:00,8265.0,8198.613
2010-09-06 04:00:00,8137.0,8175.3286
2010-09-06 05:00:00,8172.0,8269.985
2010-09-06 06:00:00,8295.0,8594.182
2010-09-06 07:00:00,8367.0,8846.875
2010-09-06 08:00:00,8511.0,8973.226
2010-09-06 09:00:00,8945.0,9126.454
2010-09-06 10:00:00,9541.0,9572.5625
2010-09-06 11:00:00,10038.0,10200.831
2010-09-06 12:00:00,10320.0,10576.035
2010-09-06 13:00:00,10444.0,10745.486
2010-09-06 14:00:00,10458.0,10691.478
2010-09-06 15:00:00,10464.0,10648.531
2010-09-06 16:00:00,10641.0,10670.588
2010-09-06 17:00:00,10908.0,11015.44
2010-09-06 18:00:00,11087.0,11304.67
2010-09-06 19:00:00,11125.0,11390.942
2010-09-06 20:00:00,11695.0,11555.713
2010-09-06 21:00:00,11944.0,11892.972
2010-09-06 22:00:00,11625.0,11613.151
2010-09-06 23:00:00,10931.0,10839.369
2010-09-07 00:00:00,10217.0,9993.93
2010-09-07 01:00:00,9648.0,9568.967
2010-09-07 02:00:00,9315.0,9232.893
2010-09-07 03:00:00,9102.0,9030.515
2010-09-07 04:00:00,9082.0,9004.991
2010-09-07 05:00:00,9297.0,9240.159
2010-09-07 06:00:00,9967.0,9998.533
2010-09-07 07:00:00,10837.0,11056.51
2010-09-07 08:00:00,11525.0,11691.147
2010-09-07 09:00:00,12145.0,12086.099
2010-09-07 10:00:00,12615.0,12638.455
2010-09-07 11:00:00,13014.0,12956.445
2010-09-07 12:00:00,13263.0,13110.4795
2010-09-07 13:00:00,13381.0,13435.376
2010-09-07 14:00:00,13642.0,13417.544
2010-09-07 15:00:00,13758.0,13487.708
2010-09-07 16:00:00,13678.0,13492.227
2010-09-07 17:00:00,13541.0,13504.894
2010-09-07 18:00:00,13154.0,13295.599
2010-09-07 19:00:00,12595.0,12787.178
2010-09-07 20:00:00,12699.0,12632.686
2010-09-07 21:00:00,12684.0,12683.505
2010-09-07 22:00:00,11993.0,12181.236
2010-09-07 23:00:00,10977.0,11090.993
2010-09-08 00:00:00,9966.0,10064.942
2010-09-08 01:00:00,9277.0,9298.091
2010-09-08 02:00:00,8844.0,8925.138
2010-09-08 03:00:00,8562.0,8602.326
2010-09-08 04:00:00,8450.0,8433.784
2010-09-08 05:00:00,8571.0,8529.798
2010-09-08 06:00:00,9189.0,9057.629
2010-09-08 07:00:00,10065.0,10118.985
2010-09-08 08:00:00,10754.0,10854.597
2010-09-08 09:00:00,11301.0,11353.875
2010-09-08 10:00:00,11686.0,11672.715
2010-09-08 11:00:00,12033.0,12020.968
2010-09-08 12:00:00,12219.0,12224.647
2010-09-08 13:00:00,12396.0,12317.576
2010-09-08 14:00:00,12572.0,12500.551
2010-09-08 15:00:00,12656.0,12654.118
2010-09-08 16:00:00,12654.0,12687.635
2010-09-08 17:00:00,12585.0,12491.863
2010-09-08 18:00:00,12349.0,12271.851
2010-09-08 19:00:00,11908.0,12193.896
2010-09-08 20:00:00,12111.0,12015.281
2010-09-08 21:00:00,12081.0,12108.632
2010-09-08 22:00:00,11437.0,11500.063
2010-09-08 23:00:00,10543.0,10487.949
2010-09-09 00:00:00,9642.0,9665.854
2010-09-09 01:00:00,8993.0,9023.126
2010-09-09 02:00:00,8610.0,8621.937
2010-09-09 03:00:00,8389.0,8388.667
2010-09-09 04:00:00,8270.0,8257.913
2010-09-09 05:00:00,8464.0,8440.321
2010-09-09 06:00:00,9048.0,9055.492
2010-09-09 07:00:00,9980.0,9900.172
2010-09-09 08:00:00,10685.0,10728.22
2010-09-09 09:00:00,11267.0,11250.338
2010-09-09 10:00:00,11718.0,11477.911
2010-09-09 11:00:00,12057.0,11999.418
2010-09-09 12:00:00,12217.0,12279.025
2010-09-09 13:00:00,12262.0,12325.584
2010-09-09 14:00:00,12276.0,12368.727
2010-09-09 15:00:00,12174.0,12233.276
2010-09-09 16:00:00,12057.0,12094.342
2010-09-09 17:00:00,11954.0,11959.539
2010-09-09 18:00:00,11721.0,11832.648
2010-09-09 19:00:00,11476.0,11738.878
2010-09-09 20:00:00,11872.0,11647.439
2010-09-09 21:00:00,11873.0,11979.92
2010-09-09 22:00:00,11311.0,11391.092
2010-09-09 23:00:00,10422.0,10452.849
2010-09-10 00:00:00,9545.0,9516.82
2010-09-10 01:00:00,8953.0,8944.816
2010-09-10 02:00:00,8600.0,8594.963
2010-09-10 03:00:00,8388.0,8384.5
2010-09-10 04:00:00,8310.0,8296.951
2010-09-10 05:00:00,8488.0,8446.463
2010-09-10 06:00:00,9113.0,9150.509
2010-09-10 07:00:00,10058.0,10189.185
2010-09-10 08:00:00,10855.0,10799.689
2010-09-10 09:00:00,11404.0,11262.1455
2010-09-10 10:00:00,11766.0,11617.537
2010-09-10 11:00:00,12112.0,11992.658
2010-09-10 12:00:00,12286.0,12247.513
2010-09-10 13:00:00,12413.0,12332.376
2010-09-10 14:00:00,12568.0,12492.043
2010-09-10 15:00:00,12584.0,12528.133
2010-09-10 16:00:00,12574.0,12477.055
2010-09-10 17:00:00,12442.0,12451.182
2010-09-10 18:00:00,12083.0,12245.717
2010-09-10 19:00:00,11761.0,11952.703
2010-09-10 20:00:00,12110.0,11921.285
2010-09-10 21:00:00,11990.0,12215.704
2010-09-10 22:00:00,11627.0,11472.885
2010-09-10 23:00:00,10892.0,10827.767
2010-09-11 00:00:00,10107.0,9977.942
2010-09-11 01:00:00,9449.0,9423.318
2010-09-11 02:00:00,9011.0,8979.932
2010-09-11 03:00:00,8672.0,8730.948
2010-09-11 04:00:00,8515.0,8475.851
2010-09-11 05:00:00,8474.0,8425.146
2010-09-11 06:00:00,8710.0,8546.883
2010-09-11 07:00:00,9063.0,9018.798
2010-09-11 08:00:00,9483.0,9479.697
2010-09-11 09:00:00,9909.0,9940.427
2010-09-11 10:00:00,10307.0,10319.576
2010-09-11 11:00:00,10619.0,10462.407
2010-09-11 12:00:00,10682.0,10589.201
2010-09-11 13:00:00,10632.0,10614.505
2010-09-11 14:00:00,10595.0,10497.715
2010-09-11 15:00:00,10597.0,10511.879
2010-09-11 16:00:00,10656.0,10554.851
2010-09-11 17:00:00,10787.0,10702.739
2010-09-11 18:00:00,10777.0,10802.135
2010-09-11 19:00:00,10614.0,10871.739
2010-09-11 20:00:00,10977.0,10794.187
2010-09-11 21:00:00,10956.0,11077.889
2010-09-11 22:00:00,10574.0,10645.659
2010-09-11 23:00:00,9937.0,10073.599
2010-09-12 00:00:00,9272.0,9311.802
2010-09-12 01:00:00,8696.0,8761.875
2010-09-12 02:00:00,8252.0,8315.574
2010-09-12 03:00:00,7980.0,8019.3584
2010-09-12 04:00:00,7782.0,7877.8667
2010-09-12 05:00:00,7736.0,7723.145
2010-09-12 06:00:00,7860.0,7799.8726
2010-09-12 07:00:00,7847.0,8039.326
2010-09-12 08:00:00,7978.0,8114.831
2010-09-12 09:00:00,8575.0,8500.557
2010-09-12 10:00:00,9150.0,8993.614
2010-09-12 11:00:00,9648.0,9535.545
2010-09-12 12:00:00,10108.0,9853.23
2010-09-12 13:00:00,10402.0,10266.569
2010-09-12 14:00:00,10665.0,10470.233
2010-09-12 15:00:00,10890.0,10709.167
2010-09-12 16:00:00,11177.0,10989.649
2010-09-12 17:00:00,11400.0,11249.982
2010-09-12 18:00:00,11533.0,11430.105
2010-09-12 19:00:00,11492.0,11667.7
2010-09-12 20:00:00,11908.0,11658.822
2010-09-12 21:00:00,11963.0,11827.558
2010-09-12 22:00:00,11519.0,11548.896
2010-09-12 23:00:00,10834.0,10855.388
2010-09-13 00:00:00,10053.0,10040.445
2010-09-13 01:00:00,9483.0,9508.792
2010-09-13 02:00:00,9116.0,9145.873
2010-09-13 03:00:00,8866.0,8932.248
2010-09-13 04:00:00,8744.0,8807.024
2010-09-13 05:00:00,8976.0,8896.5
2010-09-13 06:00:00,9625.0,9654.476
2010-09-13 07:00:00,10636.0,10686.799
2010-09-13 08:00:00,11442.0,11563.89
2010-09-13 09:00:00,12184.0,12050.427
2010-09-13 10:00:00,12695.0,12739.584
2010-09-13 11:00:00,13222.0,13190.315
2010-09-13 12:00:00,13550.0,13505.325
2010-09-13 13:00:00,13846.0,13762.756
2010-09-13 14:00:00,14178.0,14083.282
2010-09-13 15:00:00,14394.0,14403.341
2010-09-13 16:00:00,14473.0,14533.793
2010-09-13 17:00:00,14452.0,14571.068
2010-09-13 18:00:00,14113.0,14206.776
2010-09-13 19:00:00,13493.0,13779.85
2010-09-13 20:00:00,13590.0,13632.281
2010-09-13 21:00:00,13292.0,13522.843
2010-09-13 22:00:00,12513.0,12704.442
2010-09-13 23:00:00,11401.0,11439.51
2010-09-14 00:00:00,10376.0,10410.916
2010-09-14 01:00:00,9650.0,9724.199
2010-09-14 02:00:00,9176.0,9248.407
2010-09-14 03:00:00,8859.0,8941.126
2010-09-14 04:00:00,8701.0,8741.15
2010-09-14 05:00:00,8839.0,8822.915
2010-09-14 06:00:00,9447.0,9427.887
2010-09-14 07:00:00,10385.0,10568.444
2010-09-14 08:00:00,11115.0,11122.092
2010-09-14 09:00:00,11773.0,11641.916
2010-09-14 10:00:00,12302.0,12152.362
2010-09-14 11:00:00,12753.0,12771.102
2010-09-14 12:00:00,13034.0,13022.858
2010-09-14 13:00:00,13265.0,13238.196
2010-09-14 14:00:00,13523.0,13435.531
2010-09-14 15:00:00,13677.0,13644.3545
2010-09-14 16:00:00,13717.0,13752.548
2010-09-14 17:00:00,13641.0,13610.315
2010-09-14 18:00:00,13262.0,13460.26
2010-09-14 19:00:00,12689.0,12912.474
2010-09-14 20:00:00,12904.0,12799.135
2010-09-14 21:00:00,12716.0,12853.636
2010-09-14 22:00:00,12041.0,12092.196
2010-09-14 23:00:00,11041.0,11019.903
2010-09-15 00:00:00,10102.0,10098.652
2010-09-15 01:00:00,9427.0,9439.036
2010-09-15 02:00:00,9028.0,9041.179
2010-09-15 03:00:00,8737.0,8796.172
2010-09-15 04:00:00,8623.0,8641.689
2010-09-15 05:00:00,8800.0,8714.25
2010-09-15 06:00:00,9452.0,9413.894
2010-09-15 07:00:00,10464.0,10559.316
2010-09-15 08:00:00,11184.0,11205.616
2010-09-15 09:00:00,11736.0,11665.649
2010-09-15 10:00:00,12127.0,12091.975
2010-09-15 11:00:00,12473.0,12479.893
2010-09-15 12:00:00,12653.0,12689.842
2010-09-15 13:00:00,12790.0,12870.298
2010-09-15 14:00:00,13059.0,12963.435
2010-09-15 15:00:00,13186.0,13169.973
2010-09-15 16:00:00,13165.0,13231.467
2010-09-15 17:00:00,13051.0,13045.403
2010-09-15 18:00:00,12784.0,12830.526
2010-09-15 19:00:00,12526.0,12544.628
2010-09-15 20:00:00,13037.0,12596.935
2010-09-15 21:00:00,12977.0,12891.1875
2010-09-15 22:00:00,12415.0,12344.571
2010-09-15 23:00:00,11495.0,11388.671
2010-09-16 00:00:00,10568.0,10550.951
2010-09-16 01:00:00,9923.0,9871.418
2010-09-16 02:00:00,9511.0,9429.87
2010-09-16 03:00:00,9232.0,9244.315
2010-09-16 04:00:00,9191.0,9037.664
2010-09-16 05:00:00,9369.0,9306.497
2010-09-16 06:00:00,10113.0,10056.765
2010-09-16 07:00:00,11382.0,11247.043
2010-09-16 08:00:00,12258.0,12215.05
2010-09-16 09:00:00,12759.0,12774.3955
2010-09-16 10:00:00,12945.0,13094.912
2010-09-16 11:00:00,13036.0,13150.996
2010-09-16 12:00:00,12886.0,13094.897
2010-09-16 13:00:00,12733.0,12872.286
2010-09-16 14:00:00,12784.0,12719.292
2010-09-16 15:00:00,12648.0,12723.366
2010-09-16 16:00:00,12448.0,12616.28
2010-09-16 17:00:00,12173.0,12487.943
2010-09-16 18:00:00,11914.0,12163.914
2010-09-16 19:00:00,11851.0,12054.469
2010-09-16 20:00:00,12184.0,12310.918
2010-09-16 21:00:00,11992.0,12289.292
2010-09-16 22:00:00,11442.0,11486.894
2010-09-16 23:00:00,10547.0,10612.908
2010-09-17 00:00:00,9647.0,9699.902
2010-09-17 01:00:00,9037.0,9070.31
2010-09-17 02:00:00,8624.0,8683.065
2010-09-17 03:00:00,8370.0,8387.024
2010-09-17 04:00:00,8297.0,8271.901
2010-09-17 05:00:00,8444.0,8436.148
2010-09-17 06:00:00,9032.0,9135.824
2010-09-17 07:00:00,9980.0,10064.734
2010-09-17 08:00:00,10518.0,10815.351
2010-09-17 09:00:00,11224.0,11020.942
2010-09-17 10:00:00,11622.0,11427.457
2010-09-17 11:00:00,11980.0,11822.191
2010-09-17 12:00:00,12185.0,12148.277
2010-09-17 13:00:00,12325.0,12205.254
2010-09-17 14:00:00,12482.0,12405.805
2010-09-17 15:00:00,12501.0,12466.571
2010-09-17 16:00:00,12535.0,12422.11
2010-09-17 17:00:00,12464.0,12437.975
2010-09-17 18:00:00,12232.0,12291.77
2010-09-17 19:00:00,11911.0,12126.517
2010-09-17 20:00:00,12220.0,12039.636
2010-09-17 21:00:00,12006.0,12141.576
2010-09-17 22:00:00,11524.0,11480.893
2010-09-17 23:00:00,10752.0,10679.281
2010-09-18 00:00:00,9940.0,9828.222
2010-09-18 01:00:00,9312.0,9276.938
2010-09-18 02:00:00,8806.0,8879.416
2010-09-18 03:00:00,8551.0,8511.97
2010-09-18 04:00:00,8412.0,8342.626
2010-09-18 05:00:00,8460.0,8390.884
2010-09-18 06:00:00,8660.0,8568.938
2010-09-18 07:00:00,9063.0,8947.615
2010-09-18 08:00:00,9385.0,9477.967
2010-09-18 09:00:00,9989.0,9821.024
2010-09-18 10:00:00,10473.0,10437.927
2010-09-18 11:00:00,10915.0,10610.173
2010-09-18 12:00:00,10906.0,10980.459
2010-09-18 13:00:00,10831.0,10828.867
2010-09-18 14:00:00,10547.0,10716.571
2010-09-18 15:00:00,10385.0,10405.219
2010-09-18 16:00:00,10233.0,10274.062
2010-09-18 17:00:00,10202.0,10241.46
2010-09-18 18:00:00,10121.0,10153.752
2010-09-18 19:00:00,10276.0,10216.081
2010-09-18 20:00:00,10615.0,10636.376
2010-09-18 21:00:00,10525.0,10579.17
2010-09-18 22:00:00,10196.0,10141.794
2010-09-18 23:00:00,9660.0,9616.394
2010-09-19 00:00:00,9039.0,9042.419
2010-09-19 01:00:00,8559.0,8550.684
2010-09-19 02:00:00,8109.0,8255.275
2010-09-19 03:00:00,7958.0,7914.1787
2010-09-19 04:00:00,7786.0,7800.4146
2010-09-19 05:00:00,7769.0,7711.638
2010-09-19 06:00:00,7787.0,7786.5356
2010-09-19 07:00:00,7956.0,7826.6733
2010-09-19 08:00:00,7966.0,8098.1943
2010-09-19 09:00:00,8488.0,8422.212
2010-09-19 10:00:00,8902.0,8901.774
2010-09-19 11:00:00,9214.0,9180.764
2010-09-19 12:00:00,9471.0,9359.232
2010-09-19 13:00:00,9589.0,9538.106
2010-09-19 14:00:00,9647.0,9603.71
2010-09-19 15:00:00,9568.0,9637.184
2010-09-19 16:00:00,9533.0,9499.447
2010-09-19 17:00:00,9566.0,9589.567
2010-09-19 18:00:00,9592.0,9640.688
2010-09-19 19:00:00,9881.0,9818.344
2010-09-19 20:00:00,10423.0,10366.785
2010-09-19 21:00:00,10346.0,10368.63
2010-09-19 22:00:00,9908.0,9840.665
2010-09-19 23:00:00,9358.0,9398.149
2010-09-20 00:00:00,8728.0,8799.911
2010-09-20 01:00:00,8337.0,8347.502
2010-09-20 02:00:00,8105.0,8082.9165
2010-09-20 03:00:00,7996.0,7968.189
2010-09-20 04:00:00,7995.0,8014.405
2010-09-20 05:00:00,8277.0,8215.732
2010-09-20 06:00:00,9080.0,8916.856
2010-09-20 07:00:00,10321.0,10285.503
2010-09-20 08:00:00,11171.0,11059.554
2010-09-20 09:00:00,11611.0,11574.203
2010-09-20 10:00:00,11953.0,11895.367
2010-09-20 11:00:00,12294.0,12247.372
2010-09-20 12:00:00,12453.0,12444.425
2010-09-20 13:00:00,12628.0,12524.749
2010-09-20 14:00:00,12768.0,12750.036
2010-09-20 15:00:00,12780.0,12791.346
2010-09-20 16:00:00,12768.0,12725.376
2010-09-20 17:00:00,12866.0,12680.483
2010-09-20 18:00:00,12871.0,12874.748
2010-09-20 19:00:00,12779.0,12866.622
2010-09-20 20:00:00,13388.0,12884.884
2010-09-20 21:00:00,13275.0,13321.966
2010-09-20 22:00:00,12729.0,12600.46
2010-09-20 23:00:00,11818.0,11650.302
2010-09-21 00:00:00,10829.0,10827.322
2010-09-21 01:00:00,10099.0,10110.047
2010-09-21 02:00:00,9639.0,9633.662
2010-09-21 03:00:00,9347.0,9391.749
2010-09-21 04:00:00,9216.0,9130.5
2010-09-21 05:00:00,9362.0,9306.498
2010-09-21 06:00:00,10095.0,9989.163
2010-09-21 07:00:00,11305.0,11218.611
2010-09-21 08:00:00,12134.0,12153.075
2010-09-21 09:00:00,12867.0,12608.746
2010-09-21 10:00:00,13598.0,13309.677
2010-09-21 11:00:00,14366.0,14171.7
2010-09-21 12:00:00,14996.0,14821.106
2010-09-21 13:00:00,15619.0,15465.399
2010-09-21 14:00:00,16200.0,16264.358
2010-09-21 15:00:00,16404.0,16735.426
2010-09-21 16:00:00,16462.0,16729.607
2010-09-21 17:00:00,16320.0,16458.45
2010-09-21 18:00:00,15834.0,16021.987
2010-09-21 19:00:00,15397.0,15447.127
2010-09-21 20:00:00,15018.0,15474.028
2010-09-21 21:00:00,14441.0,14786.769
2010-09-21 22:00:00,13558.0,13609.604
2010-09-21 23:00:00,12428.0,12358.541
2010-09-22 00:00:00,11286.0,11269.193
2010-09-22 01:00:00,10464.0,10493.66
2010-09-22 02:00:00,9931.0,9970.285
2010-09-22 03:00:00,9511.0,9570.741
2010-09-22 04:00:00,9347.0,9336.81
2010-09-22 05:00:00,9480.0,9404.105
2010-09-22 06:00:00,10123.0,10026.083
2010-09-22 07:00:00,11373.0,11137.75
2010-09-22 08:00:00,12100.0,12158.691
2010-09-22 09:00:00,12491.0,12738.708
2010-09-22 10:00:00,12745.0,12983.158
2010-09-22 11:00:00,12953.0,13170.072
2010-09-22 12:00:00,13114.0,13200.624
2010-09-22 13:00:00,13291.0,13345.644
2010-09-22 14:00:00,13463.0,13432.518
2010-09-22 15:00:00,13579.0,13521.945
2010-09-22 16:00:00,13572.0,13578.175
2010-09-22 17:00:00,13462.0,13471.709
2010-09-22 18:00:00,13267.0,13163.675
2010-09-22 19:00:00,13125.0,12996.502
2010-09-22 20:00:00,13537.0,13121.917
2010-09-22 21:00:00,13159.0,13367.547
2010-09-22 22:00:00,12441.0,12416.942
2010-09-22 23:00:00,11403.0,11407.471
2010-09-23 00:00:00,10451.0,10453.625
2010-09-23 01:00:00,9795.0,9745.436
2010-09-23 02:00:00,9437.0,9332.545
2010-09-23 03:00:00,9160.0,9173.051
2010-09-23 04:00:00,9071.0,9027.073
2010-09-23 05:00:00,9292.0,9141.336
2010-09-23 06:00:00,10001.0,9937.557
2010-09-23 07:00:00,11315.0,11024.247
2010-09-23 08:00:00,12137.0,12008.645
2010-09-23 09:00:00,12852.0,12470.943
2010-09-23 10:00:00,13523.0,13222.359
2010-09-23 11:00:00,14327.0,14022.04
2010-09-23 12:00:00,15076.0,14841.5
2010-09-23 13:00:00,15834.0,15686.882
2010-09-23 14:00:00,16369.0,16319.322
2010-09-23 15:00:00,16608.0,16816.586
2010-09-23 16:00:00,16708.0,16846.201
2010-09-23 17:00:00,16639.0,16650.27
2010-09-23 18:00:00,16175.0,16273.55
2010-09-23 19:00:00,15879.0,15877.84
2010-09-23 20:00:00,16139.0,15756.144
2010-09-23 21:00:00,15857.0,15724.017
2010-09-23 22:00:00,15097.0,14930.614
2010-09-23 23:00:00,13930.0,13778.822
2010-09-24 00:00:00,12722.0,12732.6045
2010-09-24 01:00:00,11799.0,11816.197
2010-09-24 02:00:00,11213.0,11144.702
2010-09-24 03:00:00,10838.0,10737.779
2010-09-24 04:00:00,10632.0,10558.808
2010-09-24 05:00:00,10683.0,10656.267
2010-09-24 06:00:00,11210.0,11222.945
2010-09-24 07:00:00,12341.0,12309.91
2010-09-24 08:00:00,13005.0,13440.708
2010-09-24 09:00:00,13232.0,13850.627
2010-09-24 10:00:00,13047.0,13838.471
2010-09-24 11:00:00,12809.0,13459.352
2010-09-24 12:00:00,12561.0,12918.965
2010-09-24 13:00:00,12456.0,12519.828
2010-09-24 14:00:00,12595.0,12371.046
2010-09-24 15:00:00,12658.0,12547.0625
2010-09-24 16:00:00,12591.0,12638.391
2010-09-24 17:00:00,12406.0,12441.561
2010-09-24 18:00:00,12037.0,12206.531
2010-09-24 19:00:00,11713.0,11892.97
2010-09-24 20:00:00,12063.0,11877.947
2010-09-24 21:00:00,11783.0,12188.877
2010-09-24 22:00:00,11288.0,11391.66
2010-09-24 23:00:00,10496.0,10728.229
2010-09-25 00:00:00,9776.0,9659.349
2010-09-25 01:00:00,9055.0,9107.428
2010-09-25 02:00:00,8633.0,8608.535
2010-09-25 03:00:00,8307.0,8321.31
2010-09-25 04:00:00,8152.0,8048.175
2010-09-25 05:00:00,8117.0,8095.1704
2010-09-25 06:00:00,8341.0,8208.559
2010-09-25 07:00:00,8678.0,8635.642
2010-09-25 08:00:00,8896.0,9088.882
2010-09-25 09:00:00,9345.0,9416.48
2010-09-25 10:00:00,9703.0,9748.255
2010-09-25 11:00:00,9933.0,10047.639
2010-09-25 12:00:00,9997.0,9995.267
2010-09-25 13:00:00,9942.0,9907.359
2010-09-25 14:00:00,9784.0,9893.453
2010-09-25 15:00:00,9672.0,9739.385
2010-09-25 16:00:00,9569.0,9599.08
2010-09-25 17:00:00,9506.0,9556.512
2010-09-25 18:00:00,9595.0,9459.935
2010-09-25 19:00:00,9872.0,9801.264
2010-09-25 20:00:00,10246.0,10293.867
2010-09-25 21:00:00,10089.0,10166.342
2010-09-25 22:00:00,9778.0,9732.944
2010-09-25 23:00:00,9268.0,9349.505
2010-09-26 00:00:00,8734.0,8647.628
2010-09-26 01:00:00,8220.0,8269.883
2010-09-26 02:00:00,7928.0,7926.7603
2010-09-26 03:00:00,7663.0,7762.4487
2010-09-26 04:00:00,7596.0,7660.9844
2010-09-26 05:00:00,7520.0,7669.576
2010-09-26 06:00:00,7654.0,7634.6733
2010-09-26 07:00:00,7827.0,7679.97
2010-09-26 08:00:00,7842.0,7867.3955
2010-09-26 09:00:00,8314.0,8187.2104
2010-09-26 10:00:00,8646.0,8721.206
2010-09-26 11:00:00,8954.0,8912.251
2010-09-26 12:00:00,9076.0,9095.561
2010-09-26 13:00:00,9153.0,9097.453
2010-09-26 14:00:00,9159.0,9078.932
2010-09-26 15:00:00,9094.0,9134.8955
2010-09-26 16:00:00,9124.0,9043.858
2010-09-26 17:00:00,9154.0,9195.086
2010-09-26 18:00:00,9312.0,9229.738
2010-09-26 19:00:00,9616.0,9667.888
2010-09-26 20:00:00,10176.0,10131.444
2010-09-26 21:00:00,10095.0,10199.81
2010-09-26 22:00:00,9684.0,9689.893
2010-09-26 23:00:00,9145.0,9188.157
2010-09-27 00:00:00,8521.0,8600.124
2010-09-27 01:00:00,8115.0,8194.412
2010-09-27 02:00:00,7895.0,7878.2773
2010-09-27 03:00:00,7758.0,7799.4067
2010-09-27 04:00:00,7837.0,7712.5845
2010-09-27 05:00:00,7985.0,7838.4263
2010-09-27 06:00:00,8628.0,8498.561
2010-09-27 07:00:00,9910.0,9519.308
2010-09-27 08:00:00,10636.0,10646.365
2010-09-27 09:00:00,10972.0,11115.483
2010-09-27 10:00:00,11190.0,11297.485
2010-09-27 11:00:00,11362.0,11452.334
2010-09-27 12:00:00,11434.0,11486.448
2010-09-27 13:00:00,11482.0,11565.144
2010-09-27 14:00:00,11503.0,11599.7705
2010-09-27 15:00:00,11477.0,11523.955
2010-09-27 16:00:00,11409.0,11463.131
2010-09-27 17:00:00,11286.0,11453.409
2010-09-27 18:00:00,11142.0,11277.178
2010-09-27 19:00:00,11287.0,11273.044
2010-09-27 20:00:00,11701.0,11770.836
2010-09-27 21:00:00,11413.0,11736.261
2010-09-27 22:00:00,10872.0,10917.616
2010-09-27 23:00:00,10065.0,10170.376
2010-09-28 00:00:00,9269.0,9325.516
2010-09-28 01:00:00,8673.0,8806.7295
2010-09-28 02:00:00,8313.0,8408.127
2010-09-28 03:00:00,8104.0,8141.6587
2010-09-28 04:00:00,8033.0,8035.5547
2010-09-28 05:00:00,8213.0,8162.905
2010-09-28 06:00:00,8828.0,8860.678
2010-09-28 07:00:00,9993.0,9843.036
2010-09-28 08:00:00,10590.0,10712.732
2010-09-28 09:00:00,10957.0,11100.799
2010-09-28 10:00:00,11264.0,11261.752
2010-09-28 11:00:00,11533.0,11531.456
2010-09-28 12:00:00,11658.0,11735.175
2010-09-28 13:00:00,11764.0,11734.572
2010-09-28 14:00:00,11869.0,11862.034
2010-09-28 15:00:00,11862.0,11849.679
2010-09-28 16:00:00,11784.0,11824.325
2010-09-28 17:00:00,11672.0,11759.387
2010-09-28 18:00:00,11478.0,11575.764
2010-09-28 19:00:00,11441.0,11496.486
2010-09-28 20:00:00,11889.0,11833.828
2010-09-28 21:00:00,11621.0,11860.345
2010-09-28 22:00:00,11017.0,11079.74
2010-09-28 23:00:00,10147.0,10204.697
2010-09-29 00:00:00,9294.0,9392.207
2010-09-29 01:00:00,8724.0,8780.987
2010-09-29 02:00:00,8352.0,8422.482
2010-09-29 03:00:00,8135.0,8131.632
2010-09-29 04:00:00,8089.0,8088.034
2010-09-29 05:00:00,8235.0,8289.473
2010-09-29 06:00:00,8908.0,8841.695
2010-09-29 07:00:00,10029.0,10036.325
2010-09-29 08:00:00,10592.0,10681.45
2010-09-29 09:00:00,11016.0,11041.392
2010-09-29 10:00:00,11392.0,11335.687
2010-09-29 11:00:00,11766.0,11676.329
2010-09-29 12:00:00,11990.0,11950.822
2010-09-29 13:00:00,12127.0,12101.889
2010-09-29 14:00:00,12289.0,12204.328
2010-09-29 15:00:00,12355.0,12314.521
2010-09-29 16:00:00,12339.0,12308.068
2010-09-29 17:00:00,12253.0,12275.771
2010-09-29 18:00:00,12040.0,12100.058
2010-09-29 19:00:00,11934.0,12018.229
2010-09-29 20:00:00,12351.0,12096.002
2010-09-29 21:00:00,12021.0,12260.883
2010-09-29 22:00:00,11381.0,11414.328
2010-09-29 23:00:00,10449.0,10441.135
2010-09-30 00:00:00,9586.0,9553.542
2010-09-30 01:00:00,8979.0,8998.261
2010-09-30 02:00:00,8639.0,8612.713
2010-09-30 03:00:00,8394.0,8426.731
2010-09-30 04:00:00,8349.0,8284.88
2010-09-30 05:00:00,8505.0,8499.021
2010-09-30 06:00:00,9143.0,9145.915
2010-09-30 07:00:00,10256.0,10286.721
2010-09-30 08:00:00,10879.0,10964.36
2010-09-30 09:00:00,11347.0,11262.05
2010-09-30 10:00:00,11742.0,11631.779
2010-09-30 11:00:00,12109.0,12043.848
2010-09-30 12:00:00,12283.0,12314.185
2010-09-30 13:00:00,12489.0,12366.337
2010-09-30 14:00:00,12507.0,12656.808
2010-09-30 15:00:00,12457.0,12481.025
2010-09-30 16:00:00,12386.0,12388.31
2010-09-30 17:00:00,12213.0,12259.234
2010-09-30 18:00:00,11877.0,12047.296
2010-09-30 19:00:00,11731.0,11863.055
2010-09-30 20:00:00,12110.0,11951.029
2010-09-30 21:00:00,11764.0,12157.344
2010-09-30 22:00:00,11127.0,11165.677
2010-09-30 23:00:00,10235.0,10224.834
2010-10-01 00:00:00,9351.0,9403.706
2010-10-01 01:00:00,8775.0,8765.3125
2010-10-01 02:00:00,8428.0,8394.491
2010-10-01 03:00:00,8170.0,8134.9463
2010-10-01 04:00:00,8097.0,8078.625
2010-10-01 05:00:00,8260.0,8186.998
2010-10-01 06:00:00,8844.0,8651.115
2010-10-01 07:00:00,9924.0,9746.503
2010-10-01 08:00:00,10472.0,10610.411
2010-10-01 09:00:00,10885.0,10932.204
2010-10-01 10:00:00,11294.0,11108.755
2010-10-01 11:00:00,11644.0,11488.99
2010-10-01 12:00:00,11825.0,11743.084
2010-10-01 13:00:00,11909.0,11830.719
2010-10-01 14:00:00,11999.0,11930.575
2010-10-01 15:00:00,11905.0,11866.716
2010-10-01 16:00:00,11776.0,11736.624
2010-10-01 17:00:00,11588.0,11700.78
2010-10-01 18:00:00,11378.0,11391.816
2010-10-01 19:00:00,11426.0,11439.752
2010-10-01 20:00:00,11721.0,11697.457
2010-10-01 21:00:00,11424.0,11691.942
2010-10-01 22:00:00,10982.0,10975.306
2010-10-01 23:00:00,10202.0,10220.12
2010-10-02 00:00:00,9434.0,9389.612
2010-10-02 01:00:00,8804.0,8820.805
2010-10-02 02:00:00,8417.0,8408.045
2010-10-02 03:00:00,8152.0,8169.666
2010-10-02 04:00:00,8026.0,8049.675
2010-10-02 05:00:00,8035.0,8055.7095
2010-10-02 06:00:00,8188.0,8188.736
2010-10-02 07:00:00,8609.0,8499.402
2010-10-02 08:00:00,8843.0,8987.946
2010-10-02 09:00:00,9269.0,9260.672
2010-10-02 10:00:00,9580.0,9615.555
2010-10-02 11:00:00,9762.0,9792.922
2010-10-02 12:00:00,9793.0,9717.534
2010-10-02 13:00:00,9721.0,9718.769
2010-10-02 14:00:00,9596.0,9558.873
2010-10-02 15:00:00,9488.0,9403.1455
2010-10-02 16:00:00,9438.0,9367.594
2010-10-02 17:00:00,9410.0,9403.879
2010-10-02 18:00:00,9488.0,9459.039
2010-10-02 19:00:00,9828.0,9894.394
2010-10-02 20:00:00,10301.0,10224.342
2010-10-02 21:00:00,10151.0,10141.114
2010-10-02 22:00:00,9858.0,9707.448
2010-10-02 23:00:00,9385.0,9252.418
2010-10-03 00:00:00,8799.0,8766.948
2010-10-03 01:00:00,8360.0,8285.359
2010-10-03 02:00:00,7959.0,7977.0977
2010-10-03 03:00:00,7806.0,7735.2935
2010-10-03 04:00:00,7683.0,7615.547
2010-10-03 05:00:00,7663.0,7717.342
2010-10-03 06:00:00,7774.0,7824.745
2010-10-03 07:00:00,8019.0,7845.78
2010-10-03 08:00:00,8081.0,8131.497
2010-10-03 09:00:00,8495.0,8442.592
2010-10-03 10:00:00,8740.0,8735.234
2010-10-03 11:00:00,8956.0,8932.161
2010-10-03 12:00:00,9069.0,9030.878
2010-10-03 13:00:00,9095.0,9029.888
2010-10-03 14:00:00,9106.0,9034.385
2010-10-03 15:00:00,9065.0,9074.838
2010-10-03 16:00:00,9071.0,9020.036
2010-10-03 17:00:00,9084.0,9130.931
2010-10-03 18:00:00,9252.0,9227.213
2010-10-03 19:00:00,9746.0,9857.534
2010-10-03 20:00:00,10328.0,10167.661
2010-10-03 21:00:00,10208.0,10190.078
2010-10-03 22:00:00,9884.0,9717.064
2010-10-03 23:00:00,9329.0,9177.71
2010-10-04 00:00:00,8685.0,8754.257
2010-10-04 01:00:00,8308.0,8272.175
2010-10-04 02:00:00,8113.0,8045.3613
2010-10-04 03:00:00,7985.0,7967.1084
2010-10-04 04:00:00,7997.0,8005.5166
2010-10-04 05:00:00,8239.0,8290.866
2010-10-04 06:00:00,8904.0,8905.617
2010-10-04 07:00:00,10106.0,10119.676
2010-10-04 08:00:00,10753.0,10840.325
2010-10-04 09:00:00,10981.0,11127.489
2010-10-04 10:00:00,11129.0,11226.252
2010-10-04 11:00:00,11294.0,11319.035
2010-10-04 12:00:00,11321.0,11359.495
2010-10-04 13:00:00,11318.0,11335.71
2010-10-04 14:00:00,11319.0,11384.864
2010-10-04 15:00:00,11243.0,11293.232
2010-10-04 16:00:00,11131.0,11167.528
2010-10-04 17:00:00,11026.0,11124.324
2010-10-04 18:00:00,10931.0,11040.572
2010-10-04 19:00:00,11233.0,11278.29
2010-10-04 20:00:00,11685.0,11674.318
2010-10-04 21:00:00,11437.0,11530.319
2010-10-04 22:00:00,10895.0,10893.209
2010-10-04 23:00:00,10046.0,10121.637
2010-10-05 00:00:00,9282.0,9303.617
2010-10-05 01:00:00,8799.0,8762.461
2010-10-05 02:00:00,8469.0,8442.683
2010-10-05 03:00:00,8302.0,8272.605
2010-10-05 04:00:00,8266.0,8228.598
2010-10-05 05:00:00,8507.0,8451.909
2010-10-05 06:00:00,9166.0,9192.95
2010-10-05 07:00:00,10336.0,10381.581
2010-10-05 08:00:00,10905.0,10999.991
2010-10-05 09:00:00,11141.0,11172.521
2010-10-05 10:00:00,11262.0,11280.87
2010-10-05 11:00:00,11423.0,11395.736
2010-10-05 12:00:00,11514.0,11411.803
2010-10-05 13:00:00,11554.0,11541.966
2010-10-05 14:00:00,11605.0,11576.378
2010-10-05 15:00:00,11550.0,11527.797
2010-10-05 16:00:00,11441.0,11460.792
2010-10-05 17:00:00,11314.0,11372.392
2010-10-05 18:00:00,11172.0,11260.043
2010-10-05 19:00:00,11371.0,11405.247
2010-10-05 20:00:00,11750.0,11682.317
2010-10-05 21:00:00,11486.0,11668.639
2010-10-05 22:00:00,10898.0,10958.094
2010-10-05 23:00:00,10038.0,10084.418
2010-10-06 00:00:00,9228.0,9304.367
2010-10-06 01:00:00,8698.0,8702.369
2010-10-06 02:00:00,8378.0,8369.356
2010-10-06 03:00:00,8178.0,8185.207
2010-10-06 04:00:00,8133.0,8128.496
2010-10-06 05:00:00,8333.0,8259.255
2010-10-06 06:00:00,8989.0,9014.324
2010-10-06 07:00:00,10184.0,10172.891
2010-10-06 08:00:00,10753.0,10843.116
2010-10-06 09:00:00,11066.0,11087.369
2010-10-06 10:00:00,11280.0,11259.078
2010-10-06 11:00:00,11592.0,11485.689
2010-10-06 12:00:00,11755.0,11677.375
2010-10-06 13:00:00,11863.0,11776.387
2010-10-06 14:00:00,12012.0,11933.503
2010-10-06 15:00:00,12033.0,11922.237
2010-10-06 16:00:00,11996.0,11945.679
2010-10-06 17:00:00,11910.0,11955.39
2010-10-06 18:00:00,11702.0,11835.773
2010-10-06 19:00:00,11901.0,11856.009
2010-10-06 20:00:00,12225.0,12206.279
2010-10-06 21:00:00,11925.0,11947.704
2010-10-06 22:00:00,11298.0,11270.662
2010-10-06 23:00:00,10374.0,10361.665
2010-10-07 00:00:00,9505.0,9509.318
2010-10-07 01:00:00,8879.0,8919.3
2010-10-07 02:00:00,8512.0,8522.328
2010-10-07 03:00:00,8245.0,8286.265
2010-10-07 04:00:00,8151.0,8148.0596
2010-10-07 05:00:00,8286.0,8304.721
2010-10-07 06:00:00,8912.0,8905.598
2010-10-07 07:00:00,10035.0,10043.2705
2010-10-07 08:00:00,10635.0,10790.283
2010-10-07 09:00:00,10994.0,11102.6455
2010-10-07 10:00:00,11313.0,11272.189
2010-10-07 11:00:00,11649.0,11527.033
2010-10-07 12:00:00,11888.0,11755.882
2010-10-07 13:00:00,11974.0,11927.608
2010-10-07 14:00:00,12129.0,12050.436
2010-10-07 15:00:00,12136.0,12055.7705
2010-10-07 16:00:00,12047.0,12044.171
2010-10-07 17:00:00,11921.0,12009.54
2010-10-07 18:00:00,11694.0,11814.78
2010-10-07 19:00:00,11777.0,11817.923
2010-10-07 20:00:00,12070.0,11965.201
2010-10-07 21:00:00,11695.0,11985.533
2010-10-07 22:00:00,11102.0,11146.507
2010-10-07 23:00:00,10214.0,10242.253
2010-10-08 00:00:00,9383.0,9392.988
2010-10-08 01:00:00,8801.0,8836.281
2010-10-08 02:00:00,8416.0,8477.792
2010-10-08 03:00:00,8177.0,8238.364
2010-10-08 04:00:00,8094.0,8129.3228
2010-10-08 05:00:00,8281.0,8239.165
2010-10-08 06:00:00,8865.0,8905.556
2010-10-08 07:00:00,9961.0,9983.856
2010-10-08 08:00:00,10518.0,10791.342
2010-10-08 09:00:00,10941.0,10959.443
2010-10-08 10:00:00,11318.0,11190.845
2010-10-08 11:00:00,11661.0,11562.677
2010-10-08 12:00:00,11882.0,11790.011
2010-10-08 13:00:00,11967.0,11930.905
2010-10-08 14:00:00,12131.0,12047.652
2010-10-08 15:00:00,12161.0,12052.811
2010-10-08 16:00:00,12078.0,12057.672
2010-10-08 17:00:00,11945.0,11991.139
2010-10-08 18:00:00,11673.0,11839.207
2010-10-08 19:00:00,11787.0,11746.925
2010-10-08 20:00:00,11938.0,11931.172
2010-10-08 21:00:00,11592.0,11812.213
2010-10-08 22:00:00,11109.0,11146.521
2010-10-08 23:00:00,10333.0,10335.05
2010-10-09 00:00:00,9572.0,9438.627
2010-10-09 01:00:00,8921.0,8930.498
2010-10-09 02:00:00,8509.0,8532.025
2010-10-09 03:00:00,8209.0,8220.307
2010-10-09 04:00:00,8048.0,8074.256
2010-10-09 05:00:00,8039.0,8028.483
2010-10-09 06:00:00,8265.0,8159.686
2010-10-09 07:00:00,8673.0,8674.988
2010-10-09 08:00:00,8864.0,9048.775
2010-10-09 09:00:00,9506.0,9330.574
2010-10-09 10:00:00,9990.0,9940.503
2010-10-09 11:00:00,10406.0,10216.999
2010-10-09 12:00:00,10715.0,10411.574
2010-10-09 13:00:00,10966.0,10650.226
2010-10-09 14:00:00,11092.0,10920.031
2010-10-09 15:00:00,11327.0,11043.883
2010-10-09 16:00:00,11464.0,11306.911
2010-10-09 17:00:00,11546.0,11499.329
2010-10-09 18:00:00,11441.0,11614.763
2010-10-09 19:00:00,11648.0,11574.743
2010-10-09 20:00:00,11730.0,11885.203
2010-10-09 21:00:00,11467.0,11637.559
2010-10-09 22:00:00,10965.0,11092.973
2010-10-09 23:00:00,10295.0,10274.251
2010-10-10 00:00:00,9519.0,9477.82
2010-10-10 01:00:00,8922.0,8927.909
2010-10-10 02:00:00,8393.0,8497.545
2010-10-10 03:00:00,8154.0,8113.929
2010-10-10 04:00:00,7948.0,7959.012
2010-10-10 05:00:00,7913.0,7873.8774
2010-10-10 06:00:00,7924.0,8029.6143
2010-10-10 07:00:00,8119.0,8115.656
2010-10-10 08:00:00,8090.0,8342.165
2010-10-10 09:00:00,8548.0,8613.067
2010-10-10 10:00:00,9152.0,9020.157
2010-10-10 11:00:00,9681.0,9585.834
2010-10-10 12:00:00,10194.0,9884.793
2010-10-10 13:00:00,10608.0,10322.316
2010-10-10 14:00:00,10928.0,10674.723
2010-10-10 15:00:00,11106.0,11021.158
2010-10-10 16:00:00,11205.0,11188.109
2010-10-10 17:00:00,11144.0,11242.882
2010-10-10 18:00:00,11061.0,11189.081
2010-10-10 19:00:00,11447.0,11222.105
2010-10-10 20:00:00,11640.0,11520.851
2010-10-10 21:00:00,11248.0,11541.371
2010-10-10 22:00:00,10832.0,10872.285
2010-10-10 23:00:00,10123.0,10236.625
2010-10-11 00:00:00,9448.0,9410.184
2010-10-11 01:00:00,8865.0,8911.584
2010-10-11 02:00:00,8546.0,8556.425
2010-10-11 03:00:00,8338.0,8366.611
2010-10-11 04:00:00,8292.0,8255.2295
2010-10-11 05:00:00,8434.0,8446.5205
2010-10-11 06:00:00,9021.0,9124.468
2010-10-11 07:00:00,9980.0,10193.306
2010-10-11 08:00:00,10535.0,10959.664
2010-10-11 09:00:00,11014.0,11154.749
2010-10-11 10:00:00,11531.0,11385.144
2010-10-11 11:00:00,12087.0,11852.436
2010-10-11 12:00:00,12424.0,12225.357
2010-10-11 13:00:00,12702.0,12535.232
2010-10-11 14:00:00,13016.0,12852.219
2010-10-11 15:00:00,13165.0,13108.972
2010-10-11 16:00:00,13101.0,13152.46
2010-10-11 17:00:00,12889.0,13005.662
2010-10-11 18:00:00,12541.0,12708.691
2010-10-11 19:00:00,12611.0,12469.73
2010-10-11 20:00:00,12637.0,12620.723
2010-10-11 21:00:00,12164.0,12388.866
2010-10-11 22:00:00,11474.0,11465.289
2010-10-11 23:00:00,10506.0,10534.311
2010-10-12 00:00:00,9628.0,9607.569
2010-10-12 01:00:00,8985.0,9017.403
2010-10-12 02:00:00,8595.0,8626.037
2010-10-12 03:00:00,8383.0,8368.062
2010-10-12 04:00:00,8296.0,8283.429
2010-10-12 05:00:00,8443.0,8450.995
2010-10-12 06:00:00,9073.0,9183.843
2010-10-12 07:00:00,10273.0,10309.862
2010-10-12 08:00:00,10905.0,11018.076
2010-10-12 09:00:00,11341.0,11283.893
2010-10-12 10:00:00,11759.0,11598.012
2010-10-12 11:00:00,12180.0,12044.184
2010-10-12 12:00:00,12427.0,12364.283
2010-10-12 13:00:00,12589.0,12516.952
2010-10-12 14:00:00,12819.0,12730.082
2010-10-12 15:00:00,12923.0,12881.655
2010-10-12 16:00:00,12911.0,12933.648
2010-10-12 17:00:00,12717.0,12790.971
2010-10-12 18:00:00,12388.0,12545.666
2010-10-12 19:00:00,12555.0,12345.581
2010-10-12 20:00:00,12622.0,12719.691
2010-10-12 21:00:00,12206.0,12411.175
2010-10-12 22:00:00,11534.0,11516.272
2010-10-12 23:00:00,10565.0,10605.109
2010-10-13 00:00:00,9642.0,9648.397
2010-10-13 01:00:00,9013.0,9035.238
2010-10-13 02:00:00,8648.0,8682.681
2010-10-13 03:00:00,8429.0,8445.126
2010-10-13 04:00:00,8359.0,8356.316
2010-10-13 05:00:00,8543.0,8548.324
2010-10-13 06:00:00,9188.0,9236.639
2010-10-13 07:00:00,10404.0,10421.254
2010-10-13 08:00:00,11123.0,11111.518
2010-10-13 09:00:00,11453.0,11466.476
2010-10-13 10:00:00,11688.0,11633.816
2010-10-13 11:00:00,11776.0,11933.136
2010-10-13 12:00:00,11733.0,11858.205
2010-10-13 13:00:00,11762.0,11706.2
2010-10-13 14:00:00,11808.0,11764.089
2010-10-13 15:00:00,11751.0,11706.999
2010-10-13 16:00:00,11633.0,11644.539
2010-10-13 17:00:00,11519.0,11535.662
2010-10-13 18:00:00,11344.0,11453.5205
2010-10-13 19:00:00,11699.0,11608.068
2010-10-13 20:00:00,11861.0,12028.231
2010-10-13 21:00:00,11535.0,11665.31
2010-10-13 22:00:00,10938.0,11074.7295
2010-10-13 23:00:00,10023.0,10202.518
2010-10-14 00:00:00,9192.0,9329.575
2010-10-14 01:00:00,8620.0,8737.438
2010-10-14 02:00:00,8278.0,8361.933
2010-10-14 03:00:00,8060.0,8128.8086
2010-10-14 04:00:00,8037.0,8000.9995
2010-10-14 05:00:00,8211.0,8195.315
2010-10-14 06:00:00,8857.0,8905.769
2010-10-14 07:00:00,10076.0,9945.748
2010-10-14 08:00:00,10701.0,10736.161
2010-10-14 09:00:00,10943.0,11095.761
2010-10-14 10:00:00,11142.0,11221.26
2010-10-14 11:00:00,11384.0,11388.626
2010-10-14 12:00:00,11432.0,11461.887
2010-10-14 13:00:00,11438.0,11481.37
2010-10-14 14:00:00,11509.0,11490.971
2010-10-14 15:00:00,11431.0,11505.15
2010-10-14 16:00:00,11344.0,11348.489
2010-10-14 17:00:00,11221.0,11350.5625
2010-10-14 18:00:00,11173.0,11292.015
2010-10-14 19:00:00,11698.0,11460.686
2010-10-14 20:00:00,11835.0,11837.046
2010-10-14 21:00:00,11532.0,11650.471
2010-10-14 22:00:00,10991.0,11053.002
2010-10-14 23:00:00,10084.0,10300.922
2010-10-15 00:00:00,9304.0,9399.601
2010-10-15 01:00:00,8759.0,8804.968
2010-10-15 02:00:00,8404.0,8425.385
2010-10-15 03:00:00,8196.0,8246.087
2010-10-15 04:00:00,8121.0,8149.655
2010-10-15 05:00:00,8274.0,8256.473
2010-10-15 06:00:00,8881.0,8899.246
2010-10-15 07:00:00,10030.0,9969.052
2010-10-15 08:00:00,10611.0,10756.614
2010-10-15 09:00:00,10845.0,11022.943
2010-10-15 10:00:00,11014.0,11092.026
2010-10-15 11:00:00,11167.0,11230.415
2010-10-15 12:00:00,11234.0,11249.396
2010-10-15 13:00:00,11262.0,11271.256
2010-10-15 14:00:00,11291.0,11259.627
2010-10-15 15:00:00,11204.0,11183.8
2010-10-15 16:00:00,11054.0,11116.923
2010-10-15 17:00:00,10918.0,11069.719
2010-10-15 18:00:00,10772.0,10974.319
2010-10-15 19:00:00,11205.0,11106.099
2010-10-15 20:00:00,11315.0,11490.083
2010-10-15 21:00:00,11008.0,11255.967
2010-10-15 22:00:00,10614.0,10595.348
2010-10-15 23:00:00,9941.0,10033.116
2010-10-16 00:00:00,9201.0,9239.598
2010-10-16 01:00:00,8670.0,8688.9
2010-10-16 02:00:00,8300.0,8323.031
2010-10-16 03:00:00,8081.0,8092.2803
2010-10-16 04:00:00,7988.0,7997.852
2010-10-16 05:00:00,8018.0,8071.6616
2010-10-16 06:00:00,8258.0,8263.97
2010-10-16 07:00:00,8763.0,8545.762
2010-10-16 08:00:00,8976.0,9078.209
2010-10-16 09:00:00,9333.0,9362.239
2010-10-16 10:00:00,9586.0,9609.172
2010-10-16 11:00:00,9780.0,9766.596
2010-10-16 12:00:00,9832.0,9779.773
2010-10-16 13:00:00,9790.0,9782.917
2010-10-16 14:00:00,9680.0,9617.741
2010-10-16 15:00:00,9600.0,9476.283
2010-10-16 16:00:00,9561.0,9487.058
2010-10-16 17:00:00,9533.0,9659.761
2010-10-16 18:00:00,9592.0,9673.542
2010-10-16 19:00:00,10179.0,9992.216
2010-10-16 20:00:00,10369.0,10423.879
2010-10-16 21:00:00,10181.0,10111.633
2010-10-16 22:00:00,9865.0,9771.373
2010-10-16 23:00:00,9313.0,9216.677
2010-10-17 00:00:00,8704.0,8687.602
2010-10-17 01:00:00,8255.0,8243.127
2010-10-17 02:00:00,7918.0,7936.131
2010-10-17 03:00:00,7719.0,7748.529
2010-10-17 04:00:00,7577.0,7659.5806
2010-10-17 05:00:00,7546.0,7539.7896
2010-10-17 06:00:00,7636.0,7608.894
2010-10-17 07:00:00,7890.0,7626.579
2010-10-17 08:00:00,7928.0,8030.907
2010-10-17 09:00:00,8266.0,8305.619
2010-10-17 10:00:00,8573.0,8587.857
2010-10-17 11:00:00,8807.0,8785.023
2010-10-17 12:00:00,8955.0,8885.226
2010-10-17 13:00:00,9052.0,8993.951
2010-10-17 14:00:00,9069.0,9013.944
2010-10-17 15:00:00,9052.0,9018.107
2010-10-17 16:00:00,9022.0,9009.394
2010-10-17 17:00:00,9054.0,9095.233
2010-10-17 18:00:00,9188.0,9188.529
2010-10-17 19:00:00,9938.0,9716.717
2010-10-17 20:00:00,10168.0,10271.436
2010-10-17 21:00:00,9990.0,10009.956
2010-10-17 22:00:00,9625.0,9641.112
2010-10-17 23:00:00,9029.0,8972.848
2010-10-18 00:00:00,8440.0,8445.353
2010-10-18 01:00:00,8062.0,8059.367
2010-10-18 02:00:00,7825.0,7865.574
2010-10-18 03:00:00,7730.0,7691.5967
2010-10-18 04:00:00,7739.0,7755.704
2010-10-18 05:00:00,7946.0,7968.341
2010-10-18 06:00:00,8639.0,8572.766
2010-10-18 07:00:00,9925.0,9763.052
2010-10-18 08:00:00,10714.0,10701.218
2010-10-18 09:00:00,10982.0,11104.767
2010-10-18 10:00:00,11154.0,11222.317
2010-10-18 11:00:00,11304.0,11369.548
2010-10-18 12:00:00,11324.0,11367.606
2010-10-18 13:00:00,11343.0,11350.872
2010-10-18 14:00:00,11388.0,11405.963
2010-10-18 15:00:00,11271.0,11337.906
2010-10-18 16:00:00,11139.0,11173.963
2010-10-18 17:00:00,11036.0,11082.402
2010-10-18 18:00:00,11041.0,11023.744
2010-10-18 19:00:00,11596.0,11459.708
2010-10-18 20:00:00,11700.0,11828.2295
2010-10-18 21:00:00,11381.0,11519.639
2010-10-18 22:00:00,10820.0,10866.099
2010-10-18 23:00:00,9964.0,10114.516
2010-10-19 00:00:00,9171.0,9223.389
2010-10-19 01:00:00,8665.0,8665.459
2010-10-19 02:00:00,8345.0,8357.82
2010-10-19 03:00:00,8186.0,8141.424
2010-10-19 04:00:00,8150.0,8099.396
2010-10-19 05:00:00,8331.0,8413.64
2010-10-19 06:00:00,9025.0,9040.738
2010-10-19 07:00:00,10296.0,10209.532
2010-10-19 08:00:00,10892.0,10993.908
2010-10-19 09:00:00,11032.0,11127.896
2010-10-19 10:00:00,11194.0,11247.268
2010-10-19 11:00:00,11294.0,11436.201
2010-10-19 12:00:00,11294.0,11336.642
2010-10-19 13:00:00,11302.0,11236.608
2010-10-19 14:00:00,11342.0,11261.014
2010-10-19 15:00:00,11251.0,11248.861
2010-10-19 16:00:00,11118.0,11144.699
2010-10-19 17:00:00,11045.0,11103.266
2010-10-19 18:00:00,11031.0,11090.53
2010-10-19 19:00:00,11646.0,11410.89
2010-10-19 20:00:00,11738.0,11887.083
2010-10-19 21:00:00,11442.0,11591.278
2010-10-19 22:00:00,10888.0,10919.444
2010-10-19 23:00:00,10063.0,10063.456
2010-10-20 00:00:00,9268.0,9299.753
2010-10-20 01:00:00,8750.0,8766.941
2010-10-20 02:00:00,8436.0,8407.455
2010-10-20 03:00:00,8240.0,8240.073
2010-10-20 04:00:00,8190.0,8162.278
2010-10-20 05:00:00,8370.0,8311.117
2010-10-20 06:00:00,9064.0,9032.555
2010-10-20 07:00:00,10329.0,10232.547
2010-10-20 08:00:00,10906.0,11019.324
2010-10-20 09:00:00,11063.0,11188.807
2010-10-20 10:00:00,11139.0,11267.409
2010-10-20 11:00:00,11274.0,11390.369
2010-10-20 12:00:00,11317.0,11359.847
2010-10-20 13:00:00,11450.0,11350.442
2010-10-20 14:00:00,11581.0,11514.536
2010-10-20 15:00:00,11555.0,11547.746
2010-10-20 16:00:00,11459.0,11460.218
2010-10-20 17:00:00,11347.0,11434.667
2010-10-20 18:00:00,11298.0,11337.165
2010-10-20 19:00:00,11859.0,11603.805
2010-10-20 20:00:00,11943.0,12018.053
2010-10-20 21:00:00,11601.0,11730.185
2010-10-20 22:00:00,11019.0,11113.935
2010-10-20 23:00:00,10125.0,10249.036
2010-10-21 00:00:00,9239.0,9358.644
2010-10-21 01:00:00,8677.0,8731.64
2010-10-21 02:00:00,8367.0,8371.738
2010-10-21 03:00:00,8174.0,8181.967
2010-10-21 04:00:00,8144.0,8122.843
2010-10-21 05:00:00,8334.0,8324.732
2010-10-21 06:00:00,9027.0,9016.927
2010-10-21 07:00:00,10301.0,10228.0205
2010-10-21 08:00:00,10936.0,11057.651
2010-10-21 09:00:00,11105.0,11181.538
2010-10-21 10:00:00,11203.0,11328.165
2010-10-21 11:00:00,11348.0,11420.473
2010-10-21 12:00:00,11384.0,11430.719
2010-10-21 13:00:00,11340.0,11435.998
2010-10-21 14:00:00,11339.0,11406.602
2010-10-21 15:00:00,11222.0,11310.653
2010-10-21 16:00:00,11081.0,11208.739
2010-10-21 17:00:00,10953.0,11116.142
2010-10-21 18:00:00,11000.0,11017.703
2010-10-21 19:00:00,11606.0,11440.979
2010-10-21 20:00:00,11718.0,11827.676
2010-10-21 21:00:00,11467.0,11568.702
2010-10-21 22:00:00,10958.0,11003.174
2010-10-21 23:00:00,10186.0,10176.142
2010-10-22 00:00:00,9396.0,9390.555
2010-10-22 01:00:00,8899.0,8865.287
2010-10-22 02:00:00,8595.0,8544.655
2010-10-22 03:00:00,8411.0,8387.266
2010-10-22 04:00:00,8412.0,8389.147
2010-10-22 05:00:00,8598.0,8584.366
2010-10-22 06:00:00,9272.0,9323.794
2010-10-22 07:00:00,10472.0,10460.777
2010-10-22 08:00:00,11096.0,11077.837
2010-10-22 09:00:00,11235.0,11385.483
2010-10-22 10:00:00,11299.0,11369.968
2010-10-22 11:00:00,11390.0,11406.157
2010-10-22 12:00:00,11368.0,11388.449
2010-10-22 13:00:00,11339.0,11352.382
2010-10-22 14:00:00,11359.0,11352.031
2010-10-22 15:00:00,11253.0,11311.16
2010-10-22 16:00:00,11122.0,11181.77
2010-10-22 17:00:00,10990.0,11105.748
2010-10-22 18:00:00,10935.0,11065.996
2010-10-22 19:00:00,11451.0,11243.82
2010-10-22 20:00:00,11384.0,11677.705
2010-10-22 21:00:00,11120.0,11283.85
2010-10-22 22:00:00,10710.0,10787.889
2010-10-22 23:00:00,9970.0,10123.33
2010-10-23 00:00:00,9265.0,9272.845
2010-10-23 01:00:00,8699.0,8734.96
2010-10-23 02:00:00,8312.0,8334.51
2010-10-23 03:00:00,8114.0,8116.9707
2010-10-23 04:00:00,7998.0,7983.692
2010-10-23 05:00:00,7971.0,8057.989
2010-10-23 06:00:00,8156.0,8139.932
2010-10-23 07:00:00,8639.0,8506.4375
2010-10-23 08:00:00,9046.0,9001.874
2010-10-23 09:00:00,9448.0,9511.957
2010-10-23 10:00:00,9887.0,9797.841
2010-10-23 11:00:00,10186.0,10074.678
2010-10-23 12:00:00,10136.0,10144.608
2010-10-23 13:00:00,10007.0,9930.142
2010-10-23 14:00:00,9787.0,9722.056
2010-10-23 15:00:00,9639.0,9626.963
2010-10-23 16:00:00,9569.0,9519.084
2010-10-23 17:00:00,9606.0,9620.414
2010-10-23 18:00:00,9870.0,9790.788
2010-10-23 19:00:00,10419.0,10487.804
2010-10-23 20:00:00,10397.0,10603.706
2010-10-23 21:00:00,10214.0,10189.554
2010-10-23 22:00:00,9889.0,9860.293
2010-10-23 23:00:00,9384.0,9253.777
2010-10-24 00:00:00,8781.0,8806.782
2010-10-24 01:00:00,8298.0,8298.198
2010-10-24 02:00:00,7953.0,7973.859
2010-10-24 03:00:00,7713.0,7741.5625
2010-10-24 04:00:00,7612.0,7631.362
2010-10-24 05:00:00,7581.0,7527.3755
2010-10-24 06:00:00,7686.0,7540.04
2010-10-24 07:00:00,7932.0,7875.0273
2010-10-24 08:00:00,8072.0,8024.713
2010-10-24 09:00:00,8404.0,8462.783
2010-10-24 10:00:00,8753.0,8723.599
2010-10-24 11:00:00,8993.0,8971.498
2010-10-24 12:00:00,9186.0,9115.265
2010-10-24 13:00:00,9319.0,9271.87
2010-10-24 14:00:00,9384.0,9391.488
2010-10-24 15:00:00,9337.0,9375.025
2010-10-24 16:00:00,9390.0,9318.212
2010-10-24 17:00:00,9454.0,9554.916
2010-10-24 18:00:00,9776.0,9786.5625
2010-10-24 19:00:00,10449.0,10306.82
2010-10-24 20:00:00,10543.0,10583.843
2010-10-24 21:00:00,10304.0,10313.749
2010-10-24 22:00:00,9924.0,9960.276
2010-10-24 23:00:00,9291.0,9321.796
2010-10-25 00:00:00,8680.0,8723.6455
2010-10-25 01:00:00,8262.0,8297.207
2010-10-25 02:00:00,8016.0,8022.015
2010-10-25 03:00:00,7894.0,7937.0884
2010-10-25 04:00:00,7884.0,7905.043
2010-10-25 05:00:00,8059.0,8115.458
2010-10-25 06:00:00,8804.0,8522.86
2010-10-25 07:00:00,10054.0,9976.691
2010-10-25 08:00:00,10848.0,10866.321
2010-10-25 09:00:00,11094.0,11242.984
2010-10-25 10:00:00,11420.0,11340.453
2010-10-25 11:00:00,11735.0,11607.035
2010-10-25 12:00:00,11890.0,11850.584
2010-10-25 13:00:00,11982.0,11931.958
2010-10-25 14:00:00,12094.0,12041.222
2010-10-25 15:00:00,12025.0,11993.376
2010-10-25 16:00:00,11873.0,11928.585
2010-10-25 17:00:00,11814.0,11839.961
2010-10-25 18:00:00,11989.0,11843.93
2010-10-25 19:00:00,12483.0,12427.487
2010-10-25 20:00:00,12393.0,12472.6
2010-10-25 21:00:00,12040.0,12054.945
2010-10-25 22:00:00,11450.0,11395.445
2010-10-25 23:00:00,10540.0,10514.543
2010-10-26 00:00:00,9672.0,9581.839
2010-10-26 01:00:00,9133.0,9056.37
2010-10-26 02:00:00,8769.0,8748.922
2010-10-26 03:00:00,8565.0,8519.172
2010-10-26 04:00:00,8470.0,8460.594
2010-10-26 05:00:00,8678.0,8616.33
2010-10-26 06:00:00,9396.0,9369.232
2010-10-26 07:00:00,10756.0,10605.441
2010-10-26 08:00:00,11675.0,11451.212
2010-10-26 09:00:00,11765.0,11995.461
2010-10-26 10:00:00,11641.0,11859.081
2010-10-26 11:00:00,11655.0,11667.572
2010-10-26 12:00:00,11601.0,11718.074
2010-10-26 13:00:00,11497.0,11619.528
2010-10-26 14:00:00,11493.0,11504.017
2010-10-26 15:00:00,11416.0,11480.099
2010-10-26 16:00:00,11323.0,11399.318
2010-10-26 17:00:00,11388.0,11513.18
2010-10-26 18:00:00,11567.0,11627.812
2010-10-26 19:00:00,11944.0,12072.28
2010-10-26 20:00:00,11836.0,12050.574
2010-10-26 21:00:00,11497.0,11636.225
2010-10-26 22:00:00,10953.0,10973.727
2010-10-26 23:00:00,10122.0,10175.005
2010-10-27 00:00:00,9325.0,9303.662
2010-10-27 01:00:00,8802.0,8810.385
2010-10-27 02:00:00,8457.0,8480.753
2010-10-27 03:00:00,8250.0,8276.365
2010-10-27 04:00:00,8187.0,8176.549
2010-10-27 05:00:00,8383.0,8320.475
2010-10-27 06:00:00,9035.0,9029.521
2010-10-27 07:00:00,10312.0,10234.857
2010-10-27 08:00:00,10975.0,11007.165
2010-10-27 09:00:00,11139.0,11257.664
2010-10-27 10:00:00,11259.0,11262.058
2010-10-27 11:00:00,11400.0,11425.449
2010-10-27 12:00:00,11440.0,11383.195
2010-10-27 13:00:00,11425.0,11418.885
2010-10-27 14:00:00,11482.0,11416.43
2010-10-27 15:00:00,11337.0,11414.949
2010-10-27 16:00:00,11147.0,11220.573
2010-10-27 17:00:00,11062.0,11148.618
2010-10-27 18:00:00,11158.0,11112.002
2010-10-27 19:00:00,11784.0,11584.516
2010-10-27 20:00:00,11741.0,11862.704
2010-10-27 21:00:00,11514.0,11493.123
2010-10-27 22:00:00,11019.0,10992.824
2010-10-27 23:00:00,10243.0,10250.746
2010-10-28 00:00:00,9427.0,9413.707
2010-10-28 01:00:00,8894.0,8872.076
2010-10-28 02:00:00,8580.0,8556.587
2010-10-28 03:00:00,8413.0,8381.484
2010-10-28 04:00:00,8358.0,8367.798
2010-10-28 05:00:00,8584.0,8549.387
2010-10-28 06:00:00,9262.0,9226.552
2010-10-28 07:00:00,10516.0,10413.849
2010-10-28 08:00:00,11279.0,11047.391
2010-10-28 09:00:00,11478.0,11511.522
2010-10-28 10:00:00,11561.0,11589.202
2010-10-28 11:00:00,11668.0,11709.1045
2010-10-28 12:00:00,11644.0,11689.466
2010-10-28 13:00:00,11639.0,11601.872
2010-10-28 14:00:00,11646.0,11661.587
2010-10-28 15:00:00,11587.0,11614.6
2010-10-28 16:00:00,11567.0,11495.721
2010-10-28 17:00:00,11588.0,11575.5625
2010-10-28 18:00:00,11728.0,11634.525
2010-10-28 19:00:00,12227.0,12131.309
2010-10-28 20:00:00,12165.0,12283.935
2010-10-28 21:00:00,11879.0,11901.042
2010-10-28 22:00:00,11394.0,11322.293
2010-10-28 23:00:00,10564.0,10503.04
2010-10-29 00:00:00,9753.0,9600.009
2010-10-29 01:00:00,9221.0,9117.783
2010-10-29 02:00:00,8878.0,8827.168
2010-10-29 03:00:00,8663.0,8653.654
2010-10-29 04:00:00,8629.0,8573.462
2010-10-29 05:00:00,8855.0,8773.255
2010-10-29 06:00:00,9550.0,9560.879
2010-10-29 07:00:00,10805.0,10697.826
2010-10-29 08:00:00,11507.0,11397.977
2010-10-29 09:00:00,11514.0,11639.498
2010-10-29 10:00:00,11500.0,11576.681
2010-10-29 11:00:00,11485.0,11533.65
2010-10-29 12:00:00,11447.0,11452.837
2010-10-29 13:00:00,11318.0,11422.089
2010-10-29 14:00:00,11238.0,11323.954
2010-10-29 15:00:00,11079.0,11188.379
2010-10-29 16:00:00,10905.0,11026.255
2010-10-29 17:00:00,10830.0,10928.222
2010-10-29 18:00:00,10958.0,11018.254
2010-10-29 19:00:00,11644.0,11374.519
2010-10-29 20:00:00,11588.0,11772.091
2010-10-29 21:00:00,11412.0,11372.168
2010-10-29 22:00:00,11030.0,10990.993
2010-10-29 23:00:00,10411.0,10391.307
2010-10-30 00:00:00,9702.0,9597.119
2010-10-30 01:00:00,9122.0,9095.393
2010-10-30 02:00:00,8753.0,8728.128
2010-10-30 03:00:00,8604.0,8472.849
2010-10-30 04:00:00,8491.0,8443.579
2010-10-30 05:00:00,8505.0,8533.508
2010-10-30 06:00:00,8799.0,8654.064
2010-10-30 07:00:00,9243.0,9165.364
2010-10-30 08:00:00,9650.0,9468.742
2010-10-30 09:00:00,9820.0,9903.736
2010-10-30 10:00:00,10011.0,10020.714
2010-10-30 11:00:00,10102.0,9964.33
2010-10-30 12:00:00,10039.0,9885.457
2010-10-30 13:00:00,9897.0,9786.881
2010-10-30 14:00:00,9757.0,9703.886
2010-10-30 15:00:00,9619.0,9594.602
2010-10-30 16:00:00,9522.0,9489.306
2010-10-30 17:00:00,9486.0,9624.106
2010-10-30 18:00:00,9711.0,9630.739
2010-10-30 19:00:00,10478.0,10185.768
2010-10-30 20:00:00,10438.0,10576.254
2010-10-30 21:00:00,10249.0,10231.064
2010-10-30 22:00:00,10006.0,9892.321
2010-10-30 23:00:00,9464.0,9463.177
2010-10-31 00:00:00,8955.0,8900.913
2010-10-31 01:00:00,8498.0,8336.245
2010-10-31 02:00:00,8214.0,8061.7017
2010-10-31 03:00:00,8045.0,7958.3228
2010-10-31 04:00:00,7967.0,7855.4473
2010-10-31 05:00:00,7991.0,7860.885
2010-10-31 06:00:00,8046.0,8105.8154
2010-10-31 07:00:00,8399.0,8195.059
2010-10-31 08:00:00,8537.0,8500.701
2010-10-31 09:00:00,8699.0,8815.611
2010-10-31 10:00:00,8943.0,8863.72
2010-10-31 11:00:00,9061.0,9053.054
2010-10-31 12:00:00,9164.0,9095.387
2010-10-31 13:00:00,9119.0,9187.6875
2010-10-31 14:00:00,9094.0,9084.521
2010-10-31 15:00:00,8996.0,9037.552
2010-10-31 16:00:00,8943.0,8963.849
2010-10-31 17:00:00,8981.0,9056.7
2010-10-31 18:00:00,9363.0,9232.26
2010-10-31 19:00:00,10256.0,10088.053
2010-10-31 20:00:00,10365.0,10371.699
2010-10-31 21:00:00,10270.0,10049.758
2010-10-31 22:00:00,9967.0,9818.627
2010-10-31 23:00:00,9489.0,9352.94
2010-11-01 00:00:00,8909.0,8905.348
2010-11-01 01:00:00,8557.0,8443.102
2010-11-01 02:00:00,8355.0,8294.37
2010-11-01 03:00:00,8274.0,8153.97
2010-11-01 04:00:00,8269.0,8236.611
2010-11-01 05:00:00,8594.0,8578.4795
2010-11-01 06:00:00,9321.0,9268.863
2010-11-01 07:00:00,10685.0,10471.917
2010-11-01 08:00:00,11466.0,11262.384
2010-11-01 09:00:00,11525.0,11660.601
2010-11-01 10:00:00,11460.0,11630.581
2010-11-01 11:00:00,11517.0,11527.428
2010-11-01 12:00:00,11434.0,11637.171
2010-11-01 13:00:00,11393.0,11399.033
2010-11-01 14:00:00,11376.0,11445.599
2010-11-01 15:00:00,11247.0,11388.807
2010-11-01 16:00:00,11115.0,11227.414
2010-11-01 17:00:00,11055.0,11219.571
2010-11-01 18:00:00,11295.0,11225.436
2010-11-01 19:00:00,12010.0,11629.232
2010-11-01 20:00:00,11989.0,12030.964
2010-11-01 21:00:00,11714.0,11744.374
2010-11-01 22:00:00,11239.0,11133.028
2010-11-01 23:00:00,10436.0,10352.81
2010-11-02 00:00:00,9630.0,9581.259
2010-11-02 01:00:00,9096.0,9059.266
2010-11-02 02:00:00,8792.0,8756.872
2010-11-02 03:00:00,8645.0,8602.656
2010-11-02 04:00:00,8634.0,8596.713
2010-11-02 05:00:00,8885.0,8809.801
2010-11-02 06:00:00,9613.0,9589.082
2010-11-02 07:00:00,10840.0,10690.952
2010-11-02 08:00:00,11591.0,11300.364
2010-11-02 09:00:00,11630.0,11735.528
2010-11-02 10:00:00,11595.0,11659.144
2010-11-02 11:00:00,11625.0,11643.467
2010-11-02 12:00:00,11558.0,11656.738
2010-11-02 13:00:00,11473.0,11534.122
2010-11-02 14:00:00,11456.0,11435.724
2010-11-02 15:00:00,11330.0,11482.806
2010-11-02 16:00:00,11176.0,11318.233
2010-11-02 17:00:00,11105.0,11316.041
2010-11-02 18:00:00,11312.0,11382.582
2010-11-02 19:00:00,12009.0,11625.406
2010-11-02 20:00:00,12009.0,12021.663
2010-11-02 21:00:00,11787.0,11756.9375
2010-11-02 22:00:00,11300.0,11236.454
2010-11-02 23:00:00,10538.0,10429.494
2010-11-03 00:00:00,9767.0,9661.976
2010-11-03 01:00:00,9229.0,9178.139
2010-11-03 02:00:00,8936.0,8863.047
2010-11-03 03:00:00,8746.0,8756.889
2010-11-03 04:00:00,8731.0,8714.691
2010-11-03 05:00:00,8951.0,8942.534
2010-11-03 06:00:00,9649.0,9679.127
2010-11-03 07:00:00,10928.0,10756.725
2010-11-03 08:00:00,11799.0,11468.149
2010-11-03 09:00:00,11971.0,11876.844
2010-11-03 10:00:00,12044.0,11983.783
2010-11-03 11:00:00,12180.0,12111.697
2010-11-03 12:00:00,12044.0,12160.815
2010-11-03 13:00:00,11882.0,11974.17
2010-11-03 14:00:00,11768.0,11834.371
2010-11-03 15:00:00,11569.0,11636.336
2010-11-03 16:00:00,11400.0,11490.449
2010-11-03 17:00:00,11374.0,11560.828
2010-11-03 18:00:00,11648.0,11764.972
2010-11-03 19:00:00,12243.0,12135.576
2010-11-03 20:00:00,12161.0,12282.577
2010-11-03 21:00:00,11901.0,11886.958
2010-11-03 22:00:00,11387.0,11352.113
2010-11-03 23:00:00,10574.0,10507.093
2010-11-04 00:00:00,9744.0,9739.613
2010-11-04 01:00:00,9187.0,9204.126
2010-11-04 02:00:00,8852.0,8849.19
2010-11-04 03:00:00,8643.0,8610.3
2010-11-04 04:00:00,8622.0,8580.3545
2010-11-04 05:00:00,8793.0,8804.34
2010-11-04 06:00:00,9516.0,9509.12
2010-11-04 07:00:00,10817.0,10652.664
2010-11-04 08:00:00,11627.0,11324.025
2010-11-04 09:00:00,11634.0,11792.596
2010-11-04 10:00:00,11675.0,11708.767
2010-11-04 11:00:00,11721.0,11758.855
2010-11-04 12:00:00,11666.0,11789.246
2010-11-04 13:00:00,11636.0,11615.009
2010-11-04 14:00:00,11667.0,11655.647
2010-11-04 15:00:00,11605.0,11661.313
2010-11-04 16:00:00,11534.0,11618.455
2010-11-04 17:00:00,11604.0,11773.734
2010-11-04 18:00:00,11997.0,12018.3
2010-11-04 19:00:00,12438.0,12297.466
2010-11-04 20:00:00,12298.0,12337.061
2010-11-04 21:00:00,12021.0,11989.66
2010-11-04 22:00:00,11513.0,11442.557
2010-11-04 23:00:00,10734.0,10622.048
2010-11-05 00:00:00,9953.0,9846.263
2010-11-05 01:00:00,9412.0,9378.595
2010-11-05 02:00:00,9074.0,9049.221
2010-11-05 03:00:00,8896.0,8894.005
2010-11-05 04:00:00,8889.0,8839.4795
2010-11-05 05:00:00,9137.0,9143.139
2010-11-05 06:00:00,9866.0,9805.309
2010-11-05 07:00:00,11128.0,10968.009
2010-11-05 08:00:00,11921.0,11708.41
2010-11-05 09:00:00,11948.0,12059.739
2010-11-05 10:00:00,11905.0,11947.006
2010-11-05 11:00:00,11928.0,11917.656
2010-11-05 12:00:00,11857.0,11900.73
2010-11-05 13:00:00,11756.0,11760.484
2010-11-05 14:00:00,11720.0,11686.21
2010-11-05 15:00:00,11558.0,11618.229
2010-11-05 16:00:00,11428.0,11459.642
2010-11-05 17:00:00,11472.0,11659.345
2010-11-05 18:00:00,11871.0,11944.781
2010-11-05 19:00:00,12382.0,12291.204
2010-11-05 20:00:00,12214.0,12268.68
2010-11-05 21:00:00,11907.0,11924.182
2010-11-05 22:00:00,11555.0,11347.577
2010-11-05 23:00:00,10928.0,10824.137
2010-11-06 00:00:00,10194.0,10125.173
2010-11-06 01:00:00,9695.0,9573.993
2010-11-06 02:00:00,9374.0,9294.362
2010-11-06 03:00:00,9186.0,9108.603
2010-11-06 04:00:00,9106.0,9088.8545
2010-11-06 05:00:00,9202.0,9168.908
2010-11-06 06:00:00,9449.0,9403.42
2010-11-06 07:00:00,10048.0,9807.553
2010-11-06 08:00:00,10393.0,10333.76
2010-11-06 09:00:00,10522.0,10531.949
2010-11-06 10:00:00,10664.0,10489.072
2010-11-06 11:00:00,10610.0,10672.759
2010-11-06 12:00:00,10491.0,10491.199
2010-11-06 13:00:00,10336.0,10283.633
2010-11-06 14:00:00,10073.0,10077.088
2010-11-06 15:00:00,9865.0,9836.3955
2010-11-06 16:00:00,9782.0,9829.022
2010-11-06 17:00:00,9798.0,10100.987
2010-11-06 18:00:00,10225.0,10265.647
2010-11-06 19:00:00,10994.0,10639.062
2010-11-06 20:00:00,10997.0,11035.482
2010-11-06 21:00:00,10882.0,10806.336
2010-11-06 22:00:00,10620.0,10596.155
2010-11-06 23:00:00,10160.0,10173.204
2010-11-07 00:00:00,9590.0,9591.61
2010-11-07 01:00:00,8698.0,9104.164
2010-11-07 03:00:00,8473.0,8489.296
2010-11-07 04:00:00,8449.0,8310.003
2010-11-07 05:00:00,8565.0,8419.348
2010-11-07 06:00:00,8737.0,8706.36
2010-11-07 07:00:00,8901.0,8871.88
2010-11-07 08:00:00,9103.0,9022.009
2010-11-07 09:00:00,9325.0,9351.87
2010-11-07 10:00:00,9433.0,9478.193
2010-11-07 11:00:00,9440.0,9515.063
2010-11-07 12:00:00,9440.0,9388.862
2010-11-07 13:00:00,9373.0,9378.716
2010-11-07 14:00:00,9273.0,9247.793
2010-11-07 15:00:00,9245.0,9195.301
2010-11-07 16:00:00,9274.0,9240.456
2010-11-07 17:00:00,9810.0,9779.533
2010-11-07 18:00:00,10705.0,10577.3125
2010-11-07 19:00:00,10756.0,10860.008
2010-11-07 20:00:00,10671.0,10674.9795
2010-11-07 21:00:00,10399.0,10554.812
2010-11-07 22:00:00,10008.0,10016.98
2010-11-07 23:00:00,9391.0,9418.572
2010-11-08 00:00:00,8864.0,8845.738
2010-11-08 01:00:00,8541.0,8495.179
2010-11-08 02:00:00,8351.0,8344.743
2010-11-08 03:00:00,8290.0,8262.891
2010-11-08 04:00:00,8358.0,8323.301
2010-11-08 05:00:00,8688.0,8757.756
2010-11-08 06:00:00,9531.0,9430.402
2010-11-08 07:00:00,10568.0,10705.802
2010-11-08 08:00:00,11129.0,11270.607
2010-11-08 09:00:00,11279.0,11353.6045
2010-11-08 10:00:00,11395.0,11455.253
2010-11-08 11:00:00,11543.0,11535.371
2010-11-08 12:00:00,11578.0,11652.512
2010-11-08 13:00:00,11561.0,11556.203
2010-11-08 14:00:00,11556.0,11575.269
2010-11-08 15:00:00,11490.0,11506.585
2010-11-08 16:00:00,11380.0,11497.915
2010-11-08 17:00:00,11620.0,11633.061
2010-11-08 18:00:00,12367.0,12197.104
2010-11-08 19:00:00,12210.0,12562.166
2010-11-08 20:00:00,11973.0,12138.693
2010-11-08 21:00:00,11573.0,11816.057
2010-11-08 22:00:00,10943.0,11041.812
2010-11-08 23:00:00,10075.0,10187.335
2010-11-09 00:00:00,9311.0,9408.421
2010-11-09 01:00:00,8796.0,8834.609
2010-11-09 02:00:00,8540.0,8505.278
2010-11-09 03:00:00,8366.0,8362.008
2010-11-09 04:00:00,8329.0,8314.164
2010-11-09 05:00:00,8586.0,8525.937
2010-11-09 06:00:00,9327.0,9279.078
2010-11-09 07:00:00,10428.0,10450.072
2010-11-09 08:00:00,10942.0,11000.333
2010-11-09 09:00:00,11155.0,11291.863
2010-11-09 10:00:00,11355.0,11391.734
2010-11-09 11:00:00,11521.0,11556.989
2010-11-09 12:00:00,11576.0,11606.411
2010-11-09 13:00:00,11611.0,11558.038
2010-11-09 14:00:00,11655.0,11644.038
2010-11-09 15:00:00,11564.0,11634.897
2010-11-09 16:00:00,11468.0,11561.007
2010-11-09 17:00:00,11763.0,11678.262
2010-11-09 18:00:00,12407.0,12339.64
2010-11-09 19:00:00,12223.0,12416.792
2010-11-09 20:00:00,11917.0,12117.73
2010-11-09 21:00:00,11588.0,11656.953
2010-11-09 22:00:00,10982.0,11025.541
2010-11-09 23:00:00,10139.0,10227.4795
2010-11-10 00:00:00,9321.0,9432.385
2010-11-10 01:00:00,8801.0,8867.482
2010-11-10 02:00:00,8516.0,8503.719
2010-11-10 03:00:00,8338.0,8355.357
2010-11-10 04:00:00,8324.0,8282.98
2010-11-10 05:00:00,8545.0,8493.498
2010-11-10 06:00:00,9277.0,9253.13
2010-11-10 07:00:00,10336.0,10418.867
2010-11-10 08:00:00,10860.0,10968.959
2010-11-10 09:00:00,11130.0,11210.89
2010-11-10 10:00:00,11311.0,11343.47
2010-11-10 11:00:00,11488.0,11515.204
2010-11-10 12:00:00,11525.0,11504.971
2010-11-10 13:00:00,11591.0,11540.264
2010-11-10 14:00:00,11631.0,11631.089
2010-11-10 15:00:00,11533.0,11568.232
2010-11-10 16:00:00,11460.0,11526.53
2010-11-10 17:00:00,11752.0,11669.347
2010-11-10 18:00:00,12426.0,12291.656
2010-11-10 19:00:00,12237.0,12439.747
2010-11-10 20:00:00,11974.0,12097.065
2010-11-10 21:00:00,11583.0,11759.271
2010-11-10 22:00:00,11011.0,11016.55
2010-11-10 23:00:00,10160.0,10277.282
2010-11-11 00:00:00,9387.0,9461.49
2010-11-11 01:00:00,8829.0,8912.511
2010-11-11 02:00:00,8530.0,8530.645
2010-11-11 03:00:00,8344.0,8367.527
2010-11-11 04:00:00,8304.0,8271.625
2010-11-11 05:00:00,8484.0,8446.102
2010-11-11 06:00:00,9125.0,9171.814
2010-11-11 07:00:00,10044.0,10259.682
2010-11-11 08:00:00,10561.0,10735.112
2010-11-11 09:00:00,10967.0,11050.177
2010-11-11 10:00:00,11190.0,11139.657
2010-11-11 11:00:00,11419.0,11443.339
2010-11-11 12:00:00,11496.0,11512.985
2010-11-11 13:00:00,11481.0,11538.001
2010-11-11 14:00:00,11568.0,11466.465
2010-11-11 15:00:00,11473.0,11630.794
2010-11-11 16:00:00,11405.0,11431.664
2010-11-11 17:00:00,11796.0,11688.638
2010-11-11 18:00:00,12342.0,12360.392
2010-11-11 19:00:00,12118.0,12331.262
2010-11-11 20:00:00,11875.0,11954.271
2010-11-11 21:00:00,11537.0,11686.497
2010-11-11 22:00:00,10932.0,11058.293
2010-11-11 23:00:00,10163.0,10260.813
2010-11-12 00:00:00,9410.0,9464.265
2010-11-12 01:00:00,8903.0,8923.187
2010-11-12 02:00:00,8561.0,8572.6
2010-11-12 03:00:00,8391.0,8381.091
2010-11-12 04:00:00,8354.0,8315.654
2010-11-12 05:00:00,8575.0,8509.157
2010-11-12 06:00:00,9167.0,9257.43
2010-11-12 07:00:00,10283.0,10294.058
2010-11-12 08:00:00,10829.0,10988.8
2010-11-12 09:00:00,11216.0,11188.307
2010-11-12 10:00:00,11332.0,11396.621
2010-11-12 11:00:00,11434.0,11525.422
2010-11-12 12:00:00,11385.0,11456.572
2010-11-12 13:00:00,11371.0,11329.721
2010-11-12 14:00:00,11366.0,11373.741
2010-11-12 15:00:00,11253.0,11348.833
2010-11-12 16:00:00,11120.0,11238.486
2010-11-12 17:00:00,11566.0,11334.699
2010-11-12 18:00:00,12113.0,11913.477
2010-11-12 19:00:00,11922.0,12204.11
2010-11-12 20:00:00,11664.0,11764.083
2010-11-12 21:00:00,11302.0,11457.948
2010-11-12 22:00:00,10889.0,10917.914
2010-11-12 23:00:00,10170.0,10239.269
2010-11-13 00:00:00,9483.0,9492.455
2010-11-13 01:00:00,8917.0,8958.088
2010-11-13 02:00:00,8572.0,8524.905
2010-11-13 03:00:00,8327.0,8319.558
2010-11-13 04:00:00,8238.0,8205.644
2010-11-13 05:00:00,8262.0,8260.634
2010-11-13 06:00:00,8537.0,8436.7705
2010-11-13 07:00:00,8948.0,8861.496
2010-11-13 08:00:00,9259.0,9237.8125
2010-11-13 09:00:00,9700.0,9606.862
2010-11-13 10:00:00,10077.0,9990.288
2010-11-13 11:00:00,10224.0,10166.224
2010-11-13 12:00:00,10393.0,10082.643
2010-11-13 13:00:00,10307.0,10237.942
2010-11-13 14:00:00,10183.0,10069.3
2010-11-13 15:00:00,10040.0,9990.954
2010-11-13 16:00:00,10159.0,9969.632
2010-11-13 17:00:00,10727.0,10575.326
2010-11-13 18:00:00,11126.0,11041.361
2010-11-13 19:00:00,11037.0,11012.0
2010-11-13 20:00:00,10878.0,10876.861
2010-11-13 21:00:00,10619.0,10665.577
2010-11-13 22:00:00,10321.0,10242.88
2010-11-13 23:00:00,9798.0,9669.791
2010-11-14 00:00:00,9253.0,9163.051
2010-11-14 01:00:00,8789.0,8702.798
2010-11-14 02:00:00,8529.0,8407.995
2010-11-14 03:00:00,8325.0,8293.6
2010-11-14 04:00:00,8219.0,8168.47
2010-11-14 05:00:00,8297.0,8191.2417
2010-11-14 06:00:00,8443.0,8419.776
2010-11-14 07:00:00,8749.0,8630.881
2010-11-14 08:00:00,8956.0,8833.033
2010-11-14 09:00:00,9282.0,9167.989
2010-11-14 10:00:00,9552.0,9528.437
2010-11-14 11:00:00,9607.0,9700.8125
2010-11-14 12:00:00,9598.0,9587.737
2010-11-14 13:00:00,9510.0,9556.005
2010-11-14 14:00:00,9446.0,9456.445
2010-11-14 15:00:00,9420.0,9362.616
2010-11-14 16:00:00,9580.0,9441.297
2010-11-14 17:00:00,10305.0,10067.051
2010-11-14 18:00:00,10982.0,10878.777
2010-11-14 19:00:00,11026.0,10920.265
2010-11-14 20:00:00,10895.0,10946.769
2010-11-14 21:00:00,10687.0,10680.46
2010-11-14 22:00:00,10266.0,10301.78
2010-11-14 23:00:00,9678.0,9638.046
2010-11-15 00:00:00,9144.0,9082.549
2010-11-15 01:00:00,8815.0,8675.381
2010-11-15 02:00:00,8653.0,8536.144
2010-11-15 03:00:00,8601.0,8516.406
2010-11-15 04:00:00,8639.0,8648.893
2010-11-15 05:00:00,8946.0,8969.322
2010-11-15 06:00:00,9753.0,9683.806
2010-11-15 07:00:00,10905.0,10962.3955
2010-11-15 08:00:00,11471.0,11435.293
2010-11-15 09:00:00,11590.0,11663.252
2010-11-15 10:00:00,11619.0,11724.131
2010-11-15 11:00:00,11639.0,11688.657
2010-11-15 12:00:00,11588.0,11659.265
2010-11-15 13:00:00,11550.0,11550.433
2010-11-15 14:00:00,11551.0,11589.011
2010-11-15 15:00:00,11409.0,11515.001
2010-11-15 16:00:00,11357.0,11398.492
2010-11-15 17:00:00,11917.0,11822.2
2010-11-15 18:00:00,12590.0,12577.786
2010-11-15 19:00:00,12404.0,12619.49
2010-11-15 20:00:00,12202.0,12270.636
2010-11-15 21:00:00,11881.0,11969.509
2010-11-15 22:00:00,11308.0,11317.947
2010-11-15 23:00:00,10454.0,10456.776
2010-11-16 00:00:00,9703.0,9648.545
2010-11-16 01:00:00,9195.0,9134.124
2010-11-16 02:00:00,8887.0,8875.719
2010-11-16 03:00:00,8720.0,8704.277
2010-11-16 04:00:00,8733.0,8700.081
2010-11-16 05:00:00,9003.0,8953.156
2010-11-16 06:00:00,9791.0,9746.654
2010-11-16 07:00:00,10953.0,10895.313
2010-11-16 08:00:00,11444.0,11480.93
2010-11-16 09:00:00,11570.0,11627.144
2010-11-16 10:00:00,11588.0,11666.295
2010-11-16 11:00:00,11610.0,11591.458
2010-11-16 12:00:00,11541.0,11606.855
2010-11-16 13:00:00,11494.0,11495.891
2010-11-16 14:00:00,11490.0,11512.521
2010-11-16 15:00:00,11437.0,11520.276
2010-11-16 16:00:00,11456.0,11528.238
2010-11-16 17:00:00,11971.0,12030.264
2010-11-16 18:00:00,12601.0,12622.823
2010-11-16 19:00:00,12415.0,12518.396
2010-11-16 20:00:00,12207.0,12239.412
2010-11-16 21:00:00,11896.0,11962.175
2010-11-16 22:00:00,11358.0,11322.634
2010-11-16 23:00:00,10546.0,10508.489
2010-11-17 00:00:00,9793.0,9702.038
2010-11-17 01:00:00,9285.0,9218.559
2010-11-17 02:00:00,9024.0,8997.276
2010-11-17 03:00:00,8831.0,8876.102
2010-11-17 04:00:00,8822.0,8785.703
2010-11-17 05:00:00,9060.0,8985.851
2010-11-17 06:00:00,9734.0,9727.943
2010-11-17 07:00:00,10875.0,10829.099
2010-11-17 08:00:00,11402.0,11428.998
2010-11-17 09:00:00,11605.0,11574.395
2010-11-17 10:00:00,11726.0,11734.621
2010-11-17 11:00:00,11880.0,11829.69
2010-11-17 12:00:00,11921.0,11889.696
2010-11-17 13:00:00,11866.0,11901.644
2010-11-17 14:00:00,11868.0,11884.035
2010-11-17 15:00:00,11874.0,11834.814
2010-11-17 16:00:00,12030.0,11915.109
2010-11-17 17:00:00,12592.0,12520.734
2010-11-17 18:00:00,12818.0,12954.938
2010-11-17 19:00:00,12604.0,12686.231
2010-11-17 20:00:00,12350.0,12405.293
2010-11-17 21:00:00,12008.0,12066.503
2010-11-17 22:00:00,11490.0,11433.359
2010-11-17 23:00:00,10667.0,10617.268
2010-11-18 00:00:00,9995.0,9785.46
2010-11-18 01:00:00,9484.0,9409.75
2010-11-18 02:00:00,9200.0,9174.864
2010-11-18 03:00:00,9038.0,9045.732
2010-11-18 04:00:00,9053.0,9003.636
2010-11-18 05:00:00,9334.0,9276.729
2010-11-18 06:00:00,10066.0,10063.2295
2010-11-18 07:00:00,11248.0,11183.794
2010-11-18 08:00:00,11827.0,11835.931
2010-11-18 09:00:00,12050.0,12074.706
2010-11-18 10:00:00,12128.0,12101.896
2010-11-18 11:00:00,12236.0,12212.671
2010-11-18 12:00:00,12256.0,12238.008
2010-11-18 13:00:00,12216.0,12251.03
2010-11-18 14:00:00,12224.0,12231.294
2010-11-18 15:00:00,12113.0,12158.029
2010-11-18 16:00:00,12118.0,12102.268
2010-11-18 17:00:00,12674.0,12526.126
2010-11-18 18:00:00,13206.0,13342.358
2010-11-18 19:00:00,13138.0,13131.519
2010-11-18 20:00:00,12919.0,12893.96
2010-11-18 21:00:00,12600.0,12583.369
2010-11-18 22:00:00,12128.0,12022.302
2010-11-18 23:00:00,11302.0,11278.405
2010-11-19 00:00:00,10470.0,10434.322
2010-11-19 01:00:00,9923.0,9826.442
2010-11-19 02:00:00,9669.0,9503.48
2010-11-19 03:00:00,9491.0,9463.967
2010-11-19 04:00:00,9486.0,9422.675
2010-11-19 05:00:00,9777.0,9626.715
2010-11-19 06:00:00,10464.0,10381.588
2010-11-19 07:00:00,11582.0,11508.293
2010-11-19 08:00:00,12074.0,12069.368
2010-11-19 09:00:00,12192.0,12222.763
2010-11-19 10:00:00,12130.0,12243.862
2010-11-19 11:00:00,12260.0,12135.056
2010-11-19 12:00:00,12073.0,12352.08
2010-11-19 13:00:00,11903.0,11962.315
2010-11-19 14:00:00,11834.0,11859.481
2010-11-19 15:00:00,11592.0,11766.677
2010-11-19 16:00:00,11606.0,11532.443
2010-11-19 17:00:00,12116.0,12093.748
2010-11-19 18:00:00,12678.0,12707.836
2010-11-19 19:00:00,12427.0,12754.735
2010-11-19 20:00:00,12148.0,12324.98
2010-11-19 21:00:00,11824.0,11955.741
2010-11-19 22:00:00,11357.0,11467.142
2010-11-19 23:00:00,10780.0,10720.935
2010-11-20 00:00:00,10101.0,9987.58
2010-11-20 01:00:00,9539.0,9520.184
2010-11-20 02:00:00,9220.0,9201.053
2010-11-20 03:00:00,9008.0,8979.495
2010-11-20 04:00:00,8944.0,8904.965
2010-11-20 05:00:00,9022.0,9058.027
2010-11-20 06:00:00,9349.0,9289.184
2010-11-20 07:00:00,9822.0,9740.655
2010-11-20 08:00:00,10076.0,10091.825
2010-11-20 09:00:00,10308.0,10264.791
2010-11-20 10:00:00,10513.0,10421.472
2010-11-20 11:00:00,10583.0,10438.684
2010-11-20 12:00:00,10512.0,10497.861
2010-11-20 13:00:00,10384.0,10370.436
2010-11-20 14:00:00,10166.0,10205.974
2010-11-20 15:00:00,10091.0,9978.225
2010-11-20 16:00:00,10297.0,10052.688
2010-11-20 17:00:00,11107.0,10805.705
2010-11-20 18:00:00,11495.0,11731.256
2010-11-20 19:00:00,11405.0,11418.823
2010-11-20 20:00:00,11277.0,11265.08
2010-11-20 21:00:00,11058.0,11122.828
2010-11-20 22:00:00,10704.0,10752.802
2010-11-20 23:00:00,10140.0,10197.44
2010-11-21 00:00:00,9559.0,9575.685
2010-11-21 01:00:00,9031.0,9054.828
2010-11-21 02:00:00,8668.0,8725.492
2010-11-21 03:00:00,8467.0,8461.293
2010-11-21 04:00:00,8421.0,8345.667
2010-11-21 05:00:00,8398.0,8407.231
2010-11-21 06:00:00,8541.0,8549.096
2010-11-21 07:00:00,8769.0,8733.526
2010-11-21 08:00:00,8881.0,8818.74
2010-11-21 09:00:00,9238.0,9103.329
2010-11-21 10:00:00,9568.0,9509.536
2010-11-21 11:00:00,9649.0,9739.077
2010-11-21 12:00:00,9728.0,9668.162
2010-11-21 13:00:00,9744.0,9740.318
2010-11-21 14:00:00,9805.0,9692.7
2010-11-21 15:00:00,9845.0,9798.134
2010-11-21 16:00:00,10069.0,9917.492
2010-11-21 17:00:00,10729.0,10655.729
2010-11-21 18:00:00,11162.0,11201.623
2010-11-21 19:00:00,11052.0,11130.89
2010-11-21 20:00:00,10917.0,10838.295
2010-11-21 21:00:00,10652.0,10739.444
2010-11-21 22:00:00,10310.0,10312.178
2010-11-21 23:00:00,9684.0,9721.857
2010-11-22 00:00:00,9036.0,9142.441
2010-11-22 01:00:00,8622.0,8667.418
2010-11-22 02:00:00,8387.0,8423.27
2010-11-22 03:00:00,8228.0,8275.156
2010-11-22 04:00:00,8247.0,8253.309
2010-11-22 05:00:00,8490.0,8522.882
2010-11-22 06:00:00,9166.0,9201.889
2010-11-22 07:00:00,10422.0,10396.893
2010-11-22 08:00:00,11228.0,11069.779
2010-11-22 09:00:00,11685.0,11543.638
2010-11-22 10:00:00,11626.0,11822.783
2010-11-22 11:00:00,11871.0,11723.466
2010-11-22 12:00:00,11934.0,11899.707
2010-11-22 13:00:00,11942.0,11950.4
2010-11-22 14:00:00,11929.0,11957.76
2010-11-22 15:00:00,11898.0,11882.025
2010-11-22 16:00:00,12050.0,11944.832
2010-11-22 17:00:00,12630.0,12569.011
2010-11-22 18:00:00,12827.0,12989.394
2010-11-22 19:00:00,12554.0,12725.151
2010-11-22 20:00:00,12237.0,12361.479
2010-11-22 21:00:00,11814.0,11992.17
2010-11-22 22:00:00,11266.0,11285.61
2010-11-22 23:00:00,10434.0,10422.763
2010-11-23 00:00:00,9647.0,9638.401
2010-11-23 01:00:00,9176.0,9123.295
2010-11-23 02:00:00,8928.0,8853.408
2010-11-23 03:00:00,8801.0,8748.889
2010-11-23 04:00:00,8855.0,8751.02
2010-11-23 05:00:00,9190.0,9145.432
2010-11-23 06:00:00,9997.0,10057.113
2010-11-23 07:00:00,11262.0,11217.705
2010-11-23 08:00:00,11800.0,11891.28
2010-11-23 09:00:00,12046.0,12020.706
2010-11-23 10:00:00,12174.0,12105.201
2010-11-23 11:00:00,12233.0,12304.356
2010-11-23 12:00:00,12148.0,12259.424
2010-11-23 13:00:00,12067.0,12091.127
2010-11-23 14:00:00,12060.0,12056.081
2010-11-23 15:00:00,11948.0,12037.238
2010-11-23 16:00:00,11947.0,11946.818
2010-11-23 17:00:00,12652.0,12387.763
2010-11-23 18:00:00,13320.0,13220.276
2010-11-23 19:00:00,13145.0,13230.912
2010-11-23 20:00:00,12959.0,12899.427
2010-11-23 21:00:00,12700.0,12637.819
2010-11-23 22:00:00,12241.0,12160.425
2010-11-23 23:00:00,11503.0,11318.276
2010-11-24 00:00:00,10724.0,10626.953
2010-11-24 01:00:00,10189.0,10080.618
2010-11-24 02:00:00,9850.0,9772.893
2010-11-24 03:00:00,9634.0,9644.775
2010-11-24 04:00:00,9592.0,9481.502
2010-11-24 05:00:00,9823.0,9695.195
2010-11-24 06:00:00,10458.0,10420.625
2010-11-24 07:00:00,11492.0,11476.8545
2010-11-24 08:00:00,11956.0,12019.907
2010-11-24 09:00:00,12356.0,12162.137
2010-11-24 10:00:00,12631.0,12421.081
2010-11-24 11:00:00,12802.0,12703.829
2010-11-24 12:00:00,12848.0,12784.84
2010-11-24 13:00:00,12805.0,12857.179
2010-11-24 14:00:00,12782.0,12745.842
2010-11-24 15:00:00,12701.0,12665.749
2010-11-24 16:00:00,12707.0,12709.617
2010-11-24 17:00:00,13194.0,13220.847
2010-11-24 18:00:00,13338.0,13726.193
2010-11-24 19:00:00,12985.0,13315.352
2010-11-24 20:00:00,12691.0,12856.535
2010-11-24 21:00:00,12335.0,12352.572
2010-11-24 22:00:00,11845.0,11810.871
2010-11-24 23:00:00,11056.0,11040.091
2010-11-25 00:00:00,10224.0,10245.077
2010-11-25 01:00:00,9517.0,9629.3125
2010-11-25 02:00:00,9095.0,9205.675
2010-11-25 03:00:00,8791.0,8901.84
2010-11-25 04:00:00,8613.0,8696.694
2010-11-25 05:00:00,8614.0,8643.984
2010-11-25 06:00:00,8753.0,8917.978
2010-11-25 07:00:00,8998.0,9269.618
2010-11-25 08:00:00,9117.0,9077.021
2010-11-25 09:00:00,9430.0,9157.93
2010-11-25 10:00:00,9733.0,9572.766
2010-11-25 11:00:00,9986.0,9771.171
2010-11-25 12:00:00,10109.0,10028.742
2010-11-25 13:00:00,10238.0,10032.508
2010-11-25 14:00:00,10203.0,10071.363
2010-11-25 15:00:00,10089.0,9970.871
2010-11-25 16:00:00,10014.0,10020.559
2010-11-25 17:00:00,10353.0,10226.157
2010-11-25 18:00:00,10619.0,10616.648
2010-11-25 19:00:00,10567.0,10587.955
2010-11-25 20:00:00,10573.0,10544.116
2010-11-25 21:00:00,10579.0,10605.042
2010-11-25 22:00:00,10522.0,10296.193
2010-11-25 23:00:00,10232.0,10134.453
2010-11-26 00:00:00,9823.0,9638.307
2010-11-26 01:00:00,9538.0,9383.434
2010-11-26 02:00:00,9352.0,9255.795
2010-11-26 03:00:00,9254.0,9205.598
2010-11-26 04:00:00,9311.0,9253.28
2010-11-26 05:00:00,9523.0,9475.41
2010-11-26 06:00:00,9905.0,10210.211
2010-11-26 07:00:00,10413.0,10602.72
2010-11-26 08:00:00,10512.0,10740.687
2010-11-26 09:00:00,10673.0,10786.699
2010-11-26 10:00:00,10827.0,10860.047
2010-11-26 11:00:00,10988.0,11014.409
2010-11-26 12:00:00,11044.0,11035.073
2010-11-26 13:00:00,10941.0,11086.5
2010-11-26 14:00:00,10797.0,10842.323
2010-11-26 15:00:00,10736.0,10755.036
2010-11-26 16:00:00,11012.0,10791.675
2010-11-26 17:00:00,11849.0,11522.374
2010-11-26 18:00:00,12350.0,12257.925
2010-11-26 19:00:00,12216.0,12347.027
2010-11-26 20:00:00,11996.0,12066.493
2010-11-26 21:00:00,11745.0,11738.329
2010-11-26 22:00:00,11437.0,11316.315
2010-11-26 23:00:00,10868.0,10750.064
2010-11-27 00:00:00,10244.0,10186.369
2010-11-27 01:00:00,9706.0,9705.427
2010-11-27 02:00:00,9541.0,9337.547
2010-11-27 03:00:00,9340.0,9280.311
2010-11-27 04:00:00,9314.0,9228.129
2010-11-27 05:00:00,9370.0,9319.636
2010-11-27 06:00:00,9680.0,9583.36
2010-11-27 07:00:00,10078.0,9990.671
2010-11-27 08:00:00,10239.0,10240.498
2010-11-27 09:00:00,10480.0,10286.746
2010-11-27 10:00:00,10655.0,10480.863
2010-11-27 11:00:00,10746.0,10691.272
2010-11-27 12:00:00,10712.0,10681.731
2010-11-27 13:00:00,10565.0,10647.821
2010-11-27 14:00:00,10343.0,10385.598
2010-11-27 15:00:00,10208.0,10152.905
2010-11-27 16:00:00,10305.0,10167.543
2010-11-27 17:00:00,11116.0,10888.125
2010-11-27 18:00:00,11858.0,11808.011
2010-11-27 19:00:00,11855.0,11892.65
2010-11-27 20:00:00,11763.0,11803.115
2010-11-27 21:00:00,11651.0,11582.504
2010-11-27 22:00:00,11321.0,11320.283
2010-11-27 23:00:00,10862.0,10760.001
2010-11-28 00:00:00,10270.0,10179.476
2010-11-28 01:00:00,9792.0,9713.439
2010-11-28 02:00:00,9430.0,9414.046
2010-11-28 03:00:00,9292.0,9208.591
2010-11-28 04:00:00,9171.0,9182.317
2010-11-28 05:00:00,9254.0,9173.423
2010-11-28 06:00:00,9372.0,9356.213
2010-11-28 07:00:00,9639.0,9650.13
2010-11-28 08:00:00,9608.0,9807.397
2010-11-28 09:00:00,9763.0,9802.659
2010-11-28 10:00:00,9904.0,9909.811
2010-11-28 11:00:00,9962.0,10039.2295
2010-11-28 12:00:00,9950.0,9937.113
2010-11-28 13:00:00,9891.0,9875.317
2010-11-28 14:00:00,9815.0,9785.689
2010-11-28 15:00:00,9772.0,9750.02
2010-11-28 16:00:00,9923.0,9843.294
2010-11-28 17:00:00,10914.0,10650.342
2010-11-28 18:00:00,11778.0,11490.647
2010-11-28 19:00:00,11952.0,11698.028
2010-11-28 20:00:00,11869.0,11890.033
2010-11-28 21:00:00,11628.0,11682.639
2010-11-28 22:00:00,11216.0,11236.545
2010-11-28 23:00:00,10465.0,10522.259
2010-11-29 00:00:00,9804.0,9818.649
2010-11-29 01:00:00,9337.0,9320.94
2010-11-29 02:00:00,9129.0,9081.389
2010-11-29 03:00:00,9025.0,9003.557
2010-11-29 04:00:00,9059.0,9049.354
2010-11-29 05:00:00,9404.0,9307.753
2010-11-29 06:00:00,10165.0,10209.455
2010-11-29 07:00:00,11390.0,11293.383
2010-11-29 08:00:00,11992.0,12007.137
2010-11-29 09:00:00,12187.0,12217.027
2010-11-29 10:00:00,12254.0,12287.747
2010-11-29 11:00:00,12321.0,12340.648
2010-11-29 12:00:00,12362.0,12341.634
2010-11-29 13:00:00,12428.0,12327.211
2010-11-29 14:00:00,12450.0,12484.14
2010-11-29 15:00:00,12370.0,12391.398
2010-11-29 16:00:00,12480.0,12420.409
2010-11-29 17:00:00,13178.0,13091.27
2010-11-29 18:00:00,13498.0,13669.635
2010-11-29 19:00:00,13325.0,13476.982
2010-11-29 20:00:00,13122.0,13095.436
2010-11-29 21:00:00,12750.0,12775.899
2010-11-29 22:00:00,12144.0,12199.26
2010-11-29 23:00:00,11121.0,11285.881
2010-11-30 00:00:00,10162.0,10298.549
2010-11-30 01:00:00,9543.0,9664.6045
2010-11-30 02:00:00,9192.0,9214.836
2010-11-30 03:00:00,8979.0,9041.87
2010-11-30 04:00:00,8913.0,8908.654
2010-11-30 05:00:00,9112.0,9098.648
2010-11-30 06:00:00,9893.0,9748.462
2010-11-30 07:00:00,11219.0,10939.562
2010-11-30 08:00:00,12132.0,11878.01
2010-11-30 09:00:00,12399.0,12327.965
2010-11-30 10:00:00,12602.0,12496.547
2010-11-30 11:00:00,12760.0,12742.205
2010-11-30 12:00:00,12940.0,12767.575
2010-11-30 13:00:00,12971.0,12937.214
2010-11-30 14:00:00,13077.0,13033.919
2010-11-30 15:00:00,13086.0,13071.326
2010-11-30 16:00:00,13312.0,13228.082
2010-11-30 17:00:00,14000.0,13892.04
2010-11-30 18:00:00,14285.0,14322.226
2010-11-30 19:00:00,14096.0,14060.14
2010-11-30 20:00:00,13902.0,13882.948
2010-11-30 21:00:00,13601.0,13533.713
2010-11-30 22:00:00,13021.0,13005.956
2010-11-30 23:00:00,12046.0,12036.305
2010-12-01 00:00:00,11108.0,11082.246
2010-12-01 01:00:00,10555.0,10463.024
2010-12-01 02:00:00,10280.0,10137.042
2010-12-01 03:00:00,10103.0,10060.664
2010-12-01 04:00:00,10112.0,10009.895
2010-12-01 05:00:00,10394.0,10241.933
2010-12-01 06:00:00,11137.0,10936.277
2010-12-01 07:00:00,12404.0,12168.247
2010-12-01 08:00:00,13151.0,13090.444
2010-12-01 09:00:00,13328.0,13309.511
2010-12-01 10:00:00,13375.0,13391.921
2010-12-01 11:00:00,13437.0,13420.356
2010-12-01 12:00:00,13417.0,13333.704
2010-12-01 13:00:00,13412.0,13332.018
2010-12-01 14:00:00,13472.0,13411.161
2010-12-01 15:00:00,13421.0,13431.377
2010-12-01 16:00:00,13490.0,13485.241
2010-12-01 17:00:00,14235.0,14241.894
2010-12-01 18:00:00,14669.0,14758.791
2010-12-01 19:00:00,14438.0,14585.671
2010-12-01 20:00:00,14196.0,14141.121
2010-12-01 21:00:00,13836.0,13867.342
2010-12-01 22:00:00,13278.0,13194.857
2010-12-01 23:00:00,12324.0,12228.215
2010-12-02 00:00:00,11388.0,11349.324
2010-12-02 01:00:00,10780.0,10782.803
2010-12-02 02:00:00,10398.0,10407.278
2010-12-02 03:00:00,10220.0,10249.435
2010-12-02 04:00:00,10218.0,10232.8
2010-12-02 05:00:00,10482.0,10381.591
2010-12-02 06:00:00,11179.0,11163.73
2010-12-02 07:00:00,12387.0,12329.774
2010-12-02 08:00:00,12989.0,13016.234
2010-12-02 09:00:00,13133.0,13119.625
2010-12-02 10:00:00,13074.0,13152.03
2010-12-02 11:00:00,13005.0,13106.422
2010-12-02 12:00:00,12870.0,12900.093
2010-12-02 13:00:00,12775.0,12788.973
2010-12-02 14:00:00,12788.0,12754.989
2010-12-02 15:00:00,12823.0,12724.36
2010-12-02 16:00:00,12954.0,13002.227
2010-12-02 17:00:00,13764.0,13842.277
2010-12-02 18:00:00,14278.0,14263.969
2010-12-02 19:00:00,14142.0,14156.215
2010-12-02 20:00:00,13908.0,13833.767
2010-12-02 21:00:00,13583.0,13609.849
2010-12-02 22:00:00,13037.0,12996.584
2010-12-02 23:00:00,12094.0,12128.897
2010-12-03 00:00:00,11240.0,11241.384
2010-12-03 01:00:00,10653.0,10677.864
2010-12-03 02:00:00,10387.0,10325.041
2010-12-03 03:00:00,10188.0,10231.634
2010-12-03 04:00:00,10249.0,10096.84
2010-12-03 05:00:00,10516.0,10488.642
2010-12-03 06:00:00,11274.0,11114.844
2010-12-03 07:00:00,12462.0,12454.709
2010-12-03 08:00:00,12923.0,13049.649
2010-12-03 09:00:00,12963.0,12984.048
2010-12-03 10:00:00,12891.0,12992.449
2010-12-03 11:00:00,12834.0,12901.861
2010-12-03 12:00:00,12785.0,12755.473
2010-12-03 13:00:00,12742.0,12674.13
2010-12-03 14:00:00,12719.0,12715.485
2010-12-03 15:00:00,12625.0,12648.759
2010-12-03 16:00:00,12750.0,12683.115
2010-12-03 17:00:00,13627.0,13615.257
2010-12-03 18:00:00,14019.0,14219.7
2010-12-03 19:00:00,13806.0,13884.68
2010-12-03 20:00:00,13528.0,13502.211
2010-12-03 21:00:00,13223.0,13265.8955
2010-12-03 22:00:00,12748.0,12741.175
2010-12-03 23:00:00,11994.0,11953.107
2010-12-04 00:00:00,11218.0,11149.457
2010-12-04 01:00:00,10598.0,10606.424
2010-12-04 02:00:00,10262.0,10272.995
2010-12-04 03:00:00,9989.0,9985.35
2010-12-04 04:00:00,9917.0,9872.918
2010-12-04 05:00:00,9973.0,9890.298
2010-12-04 06:00:00,10245.0,10188.42
2010-12-04 07:00:00,10695.0,10441.356
2010-12-04 08:00:00,10990.0,10926.252
2010-12-04 09:00:00,11275.0,11286.367
2010-12-04 10:00:00,11587.0,11450.286
2010-12-04 11:00:00,11690.0,11650.224
2010-12-04 12:00:00,11626.0,11612.237
2010-12-04 13:00:00,11540.0,11529.938
2010-12-04 14:00:00,11339.0,11401.0
2010-12-04 15:00:00,11262.0,11248.19
2010-12-04 16:00:00,11416.0,11374.656
2010-12-04 17:00:00,12251.0,12227.22
2010-12-04 18:00:00,12847.0,12962.1875
2010-12-04 19:00:00,12805.0,12848.348
2010-12-04 20:00:00,12657.0,12631.14
2010-12-04 21:00:00,12485.0,12431.604
2010-12-04 22:00:00,12129.0,12032.089
2010-12-04 23:00:00,11564.0,11515.925
2010-12-05 00:00:00,10886.0,10834.574
2010-12-05 01:00:00,10315.0,10320.139
2010-12-05 02:00:00,9918.0,9871.863
2010-12-05 03:00:00,9731.0,9681.557
2010-12-05 04:00:00,9596.0,9654.927
2010-12-05 05:00:00,9685.0,9549.209
2010-12-05 06:00:00,9890.0,9788.665
2010-12-05 07:00:00,10165.0,10055.361
2010-12-05 08:00:00,10293.0,10222.457
2010-12-05 09:00:00,10639.0,10372.261
2010-12-05 10:00:00,10873.0,10754.337
2010-12-05 11:00:00,10948.0,10964.995
2010-12-05 12:00:00,10895.0,10880.687
2010-12-05 13:00:00,10902.0,10797.851
2010-12-05 14:00:00,10956.0,10861.166
2010-12-05 15:00:00,11077.0,10984.488
2010-12-05 16:00:00,11247.0,11330.212
2010-12-05 17:00:00,12220.0,12035.796
2010-12-05 18:00:00,13118.0,13047.048
2010-12-05 19:00:00,13222.0,13218.4795
2010-12-05 20:00:00,13226.0,13156.445
2010-12-05 21:00:00,13034.0,13017.608
2010-12-05 22:00:00,12637.0,12595.525
2010-12-05 23:00:00,11958.0,11875.671
2010-12-06 00:00:00,11259.0,11216.325
2010-12-06 01:00:00,10818.0,10814.858
2010-12-06 02:00:00,10620.0,10558.159
2010-12-06 03:00:00,10526.0,10544.512
2010-12-06 04:00:00,10594.0,10498.92
2010-12-06 05:00:00,10929.0,10928.723
2010-12-06 06:00:00,11761.0,11807.39
2010-12-06 07:00:00,13018.0,12983.112
2010-12-06 08:00:00,13479.0,13731.184
2010-12-06 09:00:00,13631.0,13646.421
2010-12-06 10:00:00,13644.0,13655.68
2010-12-06 11:00:00,13699.0,13681.905
2010-12-06 12:00:00,13566.0,13641.013
2010-12-06 13:00:00,13448.0,13496.117
2010-12-06 14:00:00,13494.0,13418.049
2010-12-06 15:00:00,13551.0,13481.545
2010-12-06 16:00:00,13771.0,13690.714
2010-12-06 17:00:00,14661.0,14722.582
2010-12-06 18:00:00,15255.0,15249.377
2010-12-06 19:00:00,15096.0,15190.663
2010-12-06 20:00:00,14924.0,14861.479
2010-12-06 21:00:00,14605.0,14574.293
2010-12-06 22:00:00,13960.0,14046.467
2010-12-06 23:00:00,12927.0,12883.291
2010-12-07 00:00:00,11940.0,11989.174
2010-12-07 01:00:00,11352.0,11301.549
2010-12-07 02:00:00,11021.0,10973.806
2010-12-07 03:00:00,10887.0,10883.713
2010-12-07 04:00:00,10917.0,10910.242
2010-12-07 05:00:00,11180.0,11163.828
2010-12-07 06:00:00,11925.0,11829.068
2010-12-07 07:00:00,13149.0,13099.37
2010-12-07 08:00:00,13621.0,13720.061
2010-12-07 09:00:00,13640.0,13741.287
2010-12-07 10:00:00,13610.0,13606.218
2010-12-07 11:00:00,13579.0,13636.004
2010-12-07 12:00:00,13483.0,13519.197
2010-12-07 13:00:00,13384.0,13441.318
2010-12-07 14:00:00,13325.0,13381.073
2010-12-07 15:00:00,13257.0,13205.525
2010-12-07 16:00:00,13333.0,13283.374
2010-12-07 17:00:00,14304.0,14171.819
2010-12-07 18:00:00,15089.0,15055.727
2010-12-07 19:00:00,15042.0,15025.888
2010-12-07 20:00:00,14898.0,14897.727
2010-12-07 21:00:00,14599.0,14564.442
2010-12-07 22:00:00,14031.0,13965.524
2010-12-07 23:00:00,13043.0,12984.798
2010-12-08 00:00:00,12084.0,12033.342
2010-12-08 01:00:00,11505.0,11430.557
2010-12-08 02:00:00,11193.0,11158.874
2010-12-08 03:00:00,11039.0,10998.834
2010-12-08 04:00:00,11006.0,11063.895
2010-12-08 05:00:00,11258.0,11244.432
2010-12-08 06:00:00,11947.0,12005.024
2010-12-08 07:00:00,13133.0,13120.904
2010-12-08 08:00:00,13644.0,13645.375
2010-12-08 09:00:00,13622.0,13815.773
2010-12-08 10:00:00,13555.0,13552.084
2010-12-08 11:00:00,13526.0,13564.204
2010-12-08 12:00:00,13386.0,13493.216
2010-12-08 13:00:00,13243.0,13281.127
2010-12-08 14:00:00,13183.0,13148.143
2010-12-08 15:00:00,13059.0,13097.171
2010-12-08 16:00:00,13198.0,13101.97
2010-12-08 17:00:00,14101.0,14085.004
2010-12-08 18:00:00,14946.0,14855.062
2010-12-08 19:00:00,14838.0,14933.767
2010-12-08 20:00:00,14682.0,14558.551
2010-12-08 21:00:00,14448.0,14417.451
2010-12-08 22:00:00,13900.0,13836.669
2010-12-08 23:00:00,12897.0,12906.802
2010-12-09 00:00:00,11984.0,11903.811
2010-12-09 01:00:00,11434.0,11327.935
2010-12-09 02:00:00,11125.0,11068.545
2010-12-09 03:00:00,10954.0,10929.502
2010-12-09 04:00:00,10979.0,10930.574
2010-12-09 05:00:00,11221.0,11201.664
2010-12-09 06:00:00,11924.0,11967.187
2010-12-09 07:00:00,13058.0,12998.427
2010-12-09 08:00:00,13598.0,13562.803
2010-12-09 09:00:00,13649.0,13714.322
2010-12-09 10:00:00,13705.0,13602.838
2010-12-09 11:00:00,13750.0,13715.915
2010-12-09 12:00:00,13653.0,13752.504
2010-12-09 13:00:00,13628.0,13605.219
2010-12-09 14:00:00,13649.0,13610.276
2010-12-09 15:00:00,13655.0,13624.83
2010-12-09 16:00:00,13753.0,13755.105
2010-12-09 17:00:00,14617.0,14550.842
2010-12-09 18:00:00,15149.0,15357.928
2010-12-09 19:00:00,14959.0,15038.566
2010-12-09 20:00:00,14775.0,14711.227
2010-12-09 21:00:00,14489.0,14510.546
2010-12-09 22:00:00,13879.0,13951.042
2010-12-09 23:00:00,11814.0,12886.238
2010-12-10 01:00:00,11133.0,11221.077
2010-12-10 02:00:00,10714.0,10617.932
2010-12-10 03:00:00,10458.0,10479.864
2010-12-10 04:00:00,10434.0,10389.361
2010-12-10 05:00:00,10670.0,10562.554
2010-12-10 06:00:00,11405.0,11299.523
2010-12-10 07:00:00,12514.0,12659.794
2010-12-10 08:00:00,12945.0,13282.669
2010-12-10 09:00:00,12902.0,13184.1
2010-12-10 10:00:00,12852.0,12941.361
2010-12-10 11:00:00,12805.0,12897.175
2010-12-10 12:00:00,12671.0,12698.444
2010-12-10 13:00:00,12447.0,12596.376
2010-12-10 14:00:00,12417.0,12362.816
2010-12-10 15:00:00,12286.0,12325.687
2010-12-10 16:00:00,12373.0,12270.85
2010-12-10 17:00:00,13344.0,13182.496
2010-12-10 18:00:00,14075.0,14118.837
2010-12-10 19:00:00,13934.0,14041.955
2010-12-10 20:00:00,13699.0,13682.081
2010-12-10 21:00:00,13409.0,13428.868
2010-12-10 22:00:00,13025.0,12939.101
2010-12-10 23:00:00,12219.0,12239.291
2010-12-11 00:00:00,11361.0,11286.094
2010-12-11 01:00:00,10654.0,10690.512
2010-12-11 02:00:00,10229.0,10239.172
2010-12-11 03:00:00,9998.0,9971.437
2010-12-11 04:00:00,9900.0,9799.675
2010-12-11 05:00:00,9982.0,9876.986
2010-12-11 06:00:00,10195.0,10179.652
2010-12-11 07:00:00,10755.0,10386.084
2010-12-11 08:00:00,11019.0,10996.433
2010-12-11 09:00:00,11379.0,11271.33
2010-12-11 10:00:00,11636.0,11540.259
2010-12-11 11:00:00,11721.0,11712.405
2010-12-11 12:00:00,11713.0,11697.855
2010-12-11 13:00:00,11720.0,11619.336
2010-12-11 14:00:00,11693.0,11681.664
2010-12-11 15:00:00,11789.0,11664.844
2010-12-11 16:00:00,12037.0,11950.466
2010-12-11 17:00:00,12753.0,13002.37
2010-12-11 18:00:00,13050.0,13300.232
2010-12-11 19:00:00,12957.0,13090.299
2010-12-11 20:00:00,12728.0,12820.153
2010-12-11 21:00:00,12502.0,12517.319
2010-12-11 22:00:00,12224.0,12127.864
2010-12-11 23:00:00,11693.0,11540.99
2010-12-12 00:00:00,11035.0,10956.725
2010-12-12 01:00:00,10476.0,10363.797
2010-12-12 02:00:00,10146.0,10024.667
2010-12-12 03:00:00,9865.0,9824.3955
2010-12-12 04:00:00,9851.0,9750.765
2010-12-12 05:00:00,9839.0,9793.255
2010-12-12 06:00:00,10009.0,9939.217
2010-12-12 07:00:00,10432.0,10157.752
2010-12-12 08:00:00,10683.0,10495.151
2010-12-12 09:00:00,11004.0,10801.299
2010-12-12 10:00:00,11328.0,11231.105
2010-12-12 11:00:00,11569.0,11520.985
2010-12-12 12:00:00,11770.0,11653.238
2010-12-12 13:00:00,11861.0,11773.46
2010-12-12 14:00:00,11938.0,11853.618
2010-12-12 15:00:00,11987.0,11935.118
2010-12-12 16:00:00,12238.0,12071.984
2010-12-12 17:00:00,13204.0,13015.194
2010-12-12 18:00:00,14000.0,13799.553
2010-12-12 19:00:00,14035.0,14106.224
2010-12-12 20:00:00,13981.0,13918.15
2010-12-12 21:00:00,13724.0,13665.416
2010-12-12 22:00:00,13327.0,13211.393
2010-12-12 23:00:00,12608.0,12554.588
2010-12-13 00:00:00,11863.0,11635.214
2010-12-13 01:00:00,11435.0,11189.163
2010-12-13 02:00:00,11239.0,11094.605
2010-12-13 03:00:00,11162.0,11061.069
2010-12-13 04:00:00,11158.0,11188.414
2010-12-13 05:00:00,11499.0,11438.577
2010-12-13 06:00:00,12220.0,12227.961
2010-12-13 07:00:00,13484.0,13299.39
2010-12-13 08:00:00,14005.0,14144.9
2010-12-13 09:00:00,14150.0,14107.008
2010-12-13 10:00:00,14168.0,14091.617
2010-12-13 11:00:00,14152.0,14199.306
2010-12-13 12:00:00,14011.0,14034.025
2010-12-13 13:00:00,13858.0,13898.617
2010-12-13 14:00:00,13813.0,13753.669
2010-12-13 15:00:00,13683.0,13658.718
2010-12-13 16:00:00,13826.0,13684.871
2010-12-13 17:00:00,14821.0,14798.929
2010-12-13 18:00:00,15656.0,15494.904
2010-12-13 19:00:00,15599.0,15665.271
2010-12-13 20:00:00,15478.0,15354.961
2010-12-13 21:00:00,15217.0,15066.144
2010-12-13 22:00:00,14655.0,14563.939
2010-12-13 23:00:00,13673.0,13549.39
2010-12-14 00:00:00,12724.0,12576.062
2010-12-14 01:00:00,12102.0,11975.084
2010-12-14 02:00:00,11776.0,11657.056
2010-12-14 03:00:00,11614.0,11587.859
2010-12-14 04:00:00,11600.0,11548.411
2010-12-14 05:00:00,11835.0,11709.942
2010-12-14 06:00:00,12523.0,12512.135
2010-12-14 07:00:00,13638.0,13513.724
2010-12-14 08:00:00,14162.0,14161.058
2010-12-14 09:00:00,14155.0,14297.261
2010-12-14 10:00:00,14085.0,14166.8955
2010-12-14 11:00:00,13943.0,14006.768
2010-12-14 12:00:00,13803.0,13775.224
2010-12-14 13:00:00,13678.0,13641.447
2010-12-14 14:00:00,13566.0,13682.209
2010-12-14 15:00:00,13474.0,13552.822
2010-12-14 16:00:00,13573.0,13554.861
2010-12-14 17:00:00,14526.0,14509.141
2010-12-14 18:00:00,15398.0,15353.719
2010-12-14 19:00:00,15349.0,15306.428
2010-12-14 20:00:00,15207.0,15118.988
2010-12-14 21:00:00,14982.0,14864.0205
2010-12-14 22:00:00,14443.0,14393.619
2010-12-14 23:00:00,13495.0,13377.4
2010-12-15 00:00:00,12570.0,12379.86
2010-12-15 01:00:00,12014.0,11839.65
2010-12-15 02:00:00,11703.0,11550.11
2010-12-15 03:00:00,11554.0,11507.2295
2010-12-15 04:00:00,11603.0,11489.164
2010-12-15 05:00:00,11835.0,11730.176
2010-12-15 06:00:00,12533.0,12498.93
2010-12-15 07:00:00,13672.0,13428.48
2010-12-15 08:00:00,14125.0,14146.684
2010-12-15 09:00:00,14121.0,14158.454
2010-12-15 10:00:00,13961.0,14016.393
2010-12-15 11:00:00,13828.0,13829.284
2010-12-15 12:00:00,13711.0,13689.103
2010-12-15 13:00:00,13541.0,13566.832
2010-12-15 14:00:00,13484.0,13552.797
2010-12-15 15:00:00,13453.0,13456.149
2010-12-15 16:00:00,13587.0,13564.88
2010-12-15 17:00:00,14158.0,14488.996
2010-12-15 18:00:00,15165.0,14871.066
2010-12-15 19:00:00,14960.0,15268.483
2010-12-15 20:00:00,14842.0,14823.047
2010-12-15 21:00:00,14590.0,14549.691
2010-12-15 22:00:00,14029.0,14075.368
2010-12-15 23:00:00,13094.0,13051.526
2010-12-16 00:00:00,12075.0,12054.284
2010-12-16 01:00:00,11383.0,11401.912
2010-12-16 02:00:00,11037.0,10995.841
2010-12-16 03:00:00,10789.0,10774.918
2010-12-16 04:00:00,10801.0,10704.656
2010-12-16 05:00:00,11017.0,10966.21
2010-12-16 06:00:00,11640.0,11657.859
2010-12-16 07:00:00,12806.0,12565.462
2010-12-16 08:00:00,13430.0,13367.001
2010-12-16 09:00:00,13503.0,13455.736
2010-12-16 10:00:00,13561.0,13436.364
2010-12-16 11:00:00,13576.0,13581.693
2010-12-16 12:00:00,13497.0,13501.168
2010-12-16 13:00:00,13625.0,13405.802
2010-12-16 14:00:00,13468.0,13693.262
2010-12-16 15:00:00,13443.0,13397.628
2010-12-16 16:00:00,13544.0,13557.585
2010-12-16 17:00:00,14370.0,14407.695
2010-12-16 18:00:00,14964.0,15034.775
2010-12-16 19:00:00,14869.0,14879.698
2010-12-16 20:00:00,14719.0,14679.901
2010-12-16 21:00:00,14419.0,14391.48
2010-12-16 22:00:00,13941.0,13842.97
2010-12-16 23:00:00,12982.0,12920.705
2010-12-17 00:00:00,12051.0,11976.537
2010-12-17 01:00:00,11378.0,11367.969
2010-12-17 02:00:00,11084.0,10987.736
2010-12-17 03:00:00,10911.0,10876.91
2010-12-17 04:00:00,10955.0,10903.399
2010-12-17 05:00:00,11247.0,11156.433
2010-12-17 06:00:00,11926.0,11976.864
2010-12-17 07:00:00,13111.0,13099.073
2010-12-17 08:00:00,13591.0,13647.64
2010-12-17 09:00:00,13617.0,13680.001
2010-12-17 10:00:00,13511.0,13550.8
2010-12-17 11:00:00,13496.0,13499.802
2010-12-17 12:00:00,13340.0,13437.056
2010-12-17 13:00:00,13200.0,13240.105
2010-12-17 14:00:00,13138.0,13115.994
2010-12-17 15:00:00,13059.0,13033.741
2010-12-17 16:00:00,13171.0,13154.715
2010-12-17 17:00:00,14165.0,14112.125
2010-12-17 18:00:00,15019.0,14926.235
2010-12-17 19:00:00,14961.0,14908.1875
2010-12-17 20:00:00,14780.0,14776.713
2010-12-17 21:00:00,14512.0,14517.054
2010-12-17 22:00:00,14144.0,13984.691
2010-12-17 23:00:00,13361.0,13181.96
2010-12-18 00:00:00,12498.0,12416.638
2010-12-18 01:00:00,11826.0,11779.216
2010-12-18 02:00:00,11383.0,11376.414
2010-12-18 03:00:00,11172.0,11044.765
2010-12-18 04:00:00,11060.0,11083.76
2010-12-18 05:00:00,11166.0,11143.747
2010-12-18 06:00:00,11483.0,11479.168
2010-12-18 07:00:00,11980.0,11981.5625
2010-12-18 08:00:00,12251.0,12342.779
2010-12-18 09:00:00,12454.0,12509.76
2010-12-18 10:00:00,12571.0,12530.453
2010-12-18 11:00:00,12522.0,12669.333
2010-12-18 12:00:00,12410.0,12410.899
2010-12-18 13:00:00,12197.0,12238.082
2010-12-18 14:00:00,11998.0,12018.871
2010-12-18 15:00:00,11893.0,11880.369
2010-12-18 16:00:00,11993.0,11950.904
2010-12-18 17:00:00,12993.0,12867.09
2010-12-18 18:00:00,13860.0,13736.963
2010-12-18 19:00:00,13896.0,13823.259
2010-12-18 20:00:00,13758.0,13776.187
2010-12-18 21:00:00,13568.0,13571.503
2010-12-18 22:00:00,13216.0,13136.161
2010-12-18 23:00:00,12604.0,12538.968
2010-12-19 00:00:00,11906.0,11749.841
2010-12-19 01:00:00,11244.0,11261.133
2010-12-19 02:00:00,10876.0,10836.683
2010-12-19 03:00:00,10614.0,10643.482
2010-12-19 04:00:00,10529.0,10412.994
2010-12-19 05:00:00,10550.0,10411.901
2010-12-19 06:00:00,10710.0,10537.899
2010-12-19 07:00:00,11045.0,10863.232
2010-12-19 08:00:00,11109.0,11225.194
2010-12-19 09:00:00,11449.0,11236.462
2010-12-19 10:00:00,11609.0,11487.356
2010-12-19 11:00:00,11584.0,11660.998
2010-12-19 12:00:00,11472.0,11394.099
2010-12-19 13:00:00,11394.0,11332.773
2010-12-19 14:00:00,11320.0,11347.01
2010-12-19 15:00:00,11286.0,11423.607
2010-12-19 16:00:00,11515.0,11479.086
2010-12-19 17:00:00,12536.0,12514.497
2010-12-19 18:00:00,13567.0,13572.764
2010-12-19 19:00:00,13685.0,13558.665
2010-12-19 20:00:00,13702.0,13528.133
2010-12-19 21:00:00,13534.0,13520.577
2010-12-19 22:00:00,13282.0,13145.876
2010-12-19 23:00:00,12583.0,12586.8
2010-12-20 00:00:00,11861.0,11692.617
2010-12-20 01:00:00,11328.0,11183.517
2010-12-20 02:00:00,11080.0,10996.901
2010-12-20 03:00:00,10954.0,10974.57
2010-12-20 04:00:00,10999.0,10906.259
2010-12-20 05:00:00,11274.0,11212.676
2010-12-20 06:00:00,11895.0,11973.086
2010-12-20 07:00:00,12975.0,12817.62
2010-12-20 08:00:00,13428.0,13579.205
2010-12-20 09:00:00,13693.0,13513.521
2010-12-20 10:00:00,13796.0,13728.08
2010-12-20 11:00:00,13757.0,13869.218
2010-12-20 12:00:00,13748.0,13716.734
2010-12-20 13:00:00,13603.0,13707.933
2010-12-20 14:00:00,13616.0,13553.749
2010-12-20 15:00:00,13582.0,13550.273
2010-12-20 16:00:00,13730.0,13652.781
2010-12-20 17:00:00,14640.0,14707.608
2010-12-20 18:00:00,15116.0,15373.666
2010-12-20 19:00:00,14965.0,15032.692
2010-12-20 20:00:00,14775.0,14747.202
2010-12-20 21:00:00,14436.0,14529.782
2010-12-20 22:00:00,13931.0,13848.44
2010-12-20 23:00:00,13035.0,12926.765
2010-12-21 00:00:00,12012.0,12052.244
2010-12-21 01:00:00,11263.0,11383.893
2010-12-21 02:00:00,10817.0,10864.715
2010-12-21 03:00:00,10569.0,10583.857
2010-12-21 04:00:00,10528.0,10520.656
2010-12-21 05:00:00,10782.0,10663.747
2010-12-21 06:00:00,11383.0,11408.588
2010-12-21 07:00:00,12337.0,12484.075
2010-12-21 08:00:00,12885.0,13032.1455
2010-12-21 09:00:00,13117.0,13136.279
2010-12-21 10:00:00,13310.0,13240.562
2010-12-21 11:00:00,13414.0,13455.944
2010-12-21 12:00:00,13412.0,13339.012
2010-12-21 13:00:00,13346.0,13312.483
2010-12-21 14:00:00,13304.0,13357.294
2010-12-21 15:00:00,13258.0,13272.171
2010-12-21 16:00:00,13297.0,13334.589
2010-12-21 17:00:00,14042.0,14129.447
2010-12-21 18:00:00,14481.0,14738.639
2010-12-21 19:00:00,14268.0,14452.332
2010-12-21 20:00:00,14034.0,14008.258
2010-12-21 21:00:00,13747.0,13705.889
2010-12-21 22:00:00,13261.0,13185.656
2010-12-21 23:00:00,12412.0,12319.448
2010-12-22 00:00:00,11509.0,11487.779
2010-12-22 01:00:00,10870.0,10880.504
2010-12-22 02:00:00,10581.0,10467.957
2010-12-22 03:00:00,10473.0,10407.507
2010-12-22 04:00:00,10498.0,10393.61
2010-12-22 05:00:00,10747.0,10672.879
2010-12-22 06:00:00,11397.0,11374.549
2010-12-22 07:00:00,12385.0,12462.375
2010-12-22 08:00:00,12955.0,12972.39
2010-12-22 09:00:00,13220.0,13192.718
2010-12-22 10:00:00,13313.0,13211.318
2010-12-22 11:00:00,13451.0,13398.001
2010-12-22 12:00:00,13276.0,13425.478
2010-12-22 13:00:00,13080.0,13156.633
2010-12-22 14:00:00,12926.0,12980.351
2010-12-22 15:00:00,12748.0,12822.211
2010-12-22 16:00:00,12734.0,12735.666
2010-12-22 17:00:00,13505.0,13545.53
2010-12-22 18:00:00,14196.0,14245.6455
2010-12-22 19:00:00,14051.0,14110.431
2010-12-22 20:00:00,13840.0,13886.168
2010-12-22 21:00:00,13634.0,13580.634
2010-12-22 22:00:00,13213.0,13071.885
2010-12-22 23:00:00,12457.0,12317.917
2010-12-23 00:00:00,11569.0,11499.134
2010-12-23 01:00:00,10879.0,10940.035
2010-12-23 02:00:00,10515.0,10515.709
2010-12-23 03:00:00,10307.0,10298.657
2010-12-23 04:00:00,10299.0,10239.991
2010-12-23 05:00:00,10478.0,10457.416
2010-12-23 06:00:00,10990.0,10975.078
2010-12-23 07:00:00,11825.0,11988.234
2010-12-23 08:00:00,12252.0,12560.914
2010-12-23 09:00:00,12492.0,12612.569
2010-12-23 10:00:00,12704.0,12596.892
2010-12-23 11:00:00,12751.0,12845.01
2010-12-23 12:00:00,12655.0,12665.237
2010-12-23 13:00:00,12538.0,12531.119
2010-12-23 14:00:00,12454.0,12489.236
2010-12-23 15:00:00,12308.0,12378.414
2010-12-23 16:00:00,12425.0,12336.711
2010-12-23 17:00:00,13261.0,13367.1
2010-12-23 18:00:00,13841.0,13871.925
2010-12-23 19:00:00,13666.0,13831.808
2010-12-23 20:00:00,13451.0,13451.169
2010-12-23 21:00:00,13156.0,13131.914
2010-12-23 22:00:00,12765.0,12636.613
2010-12-23 23:00:00,12015.0,11939.242
2010-12-24 00:00:00,11220.0,11194.646
2010-12-24 01:00:00,10507.0,10602.374
2010-12-24 02:00:00,10038.0,10179.032
2010-12-24 03:00:00,9778.0,9679.883
2010-12-24 04:00:00,9626.0,9620.061
2010-12-24 05:00:00,9736.0,9653.75
2010-12-24 06:00:00,9998.0,10132.128
2010-12-24 07:00:00,10446.0,10572.154
2010-12-24 08:00:00,10686.0,10881.26
2010-12-24 09:00:00,10930.0,11039.651
2010-12-24 10:00:00,11146.0,11258.013
2010-12-24 11:00:00,11236.0,11333.829
2010-12-24 12:00:00,11190.0,11248.782
2010-12-24 13:00:00,11133.0,11034.902
2010-12-24 14:00:00,11145.0,11050.298
2010-12-24 15:00:00,11196.0,11124.609
2010-12-24 16:00:00,11216.0,11370.266
2010-12-24 17:00:00,11959.0,11908.94
2010-12-24 18:00:00,12471.0,12556.785
2010-12-24 19:00:00,12159.0,12404.888
2010-12-24 20:00:00,11906.0,11951.059
2010-12-24 21:00:00,11662.0,11704.442
2010-12-24 22:00:00,11457.0,11336.073
2010-12-24 23:00:00,11071.0,10878.587
2010-12-25 00:00:00,10538.0,10442.717
2010-12-25 01:00:00,10036.0,9965.042
2010-12-25 02:00:00,9643.0,9680.446
2010-12-25 03:00:00,9382.0,9338.051
2010-12-25 04:00:00,9257.0,9220.857
2010-12-25 05:00:00,9240.0,9277.853
2010-12-25 06:00:00,9387.0,9384.549
2010-12-25 07:00:00,9672.0,9587.277
2010-12-25 08:00:00,9791.0,9760.154
2010-12-25 09:00:00,9956.0,9887.7705
2010-12-25 10:00:00,10138.0,10085.795
2010-12-25 11:00:00,10215.0,10175.257
2010-12-25 12:00:00,10368.0,10031.717
2010-12-25 13:00:00,10345.0,10237.229
2010-12-25 14:00:00,10190.0,10165.075
2010-12-25 15:00:00,10159.0,10041.127
2010-12-25 16:00:00,10275.0,10208.258
2010-12-25 17:00:00,10899.0,10939.288
2010-12-25 18:00:00,11518.0,11338.202
2010-12-25 19:00:00,11464.0,11576.381
2010-12-25 20:00:00,11470.0,11330.494
2010-12-25 21:00:00,11395.0,11382.951
2010-12-25 22:00:00,11289.0,11202.12
2010-12-25 23:00:00,10864.0,10777.044
2010-12-26 00:00:00,10381.0,10229.737
2010-12-26 01:00:00,9892.0,9861.61
2010-12-26 02:00:00,9555.0,9566.55
2010-12-26 03:00:00,9376.0,9298.849
2010-12-26 04:00:00,9284.0,9246.536
2010-12-26 05:00:00,9362.0,9296.477
2010-12-26 06:00:00,9555.0,9515.862
2010-12-26 07:00:00,9887.0,9758.493
2010-12-26 08:00:00,9984.0,9919.252
2010-12-26 09:00:00,10186.0,10082.046
2010-12-26 10:00:00,10354.0,10264.285
2010-12-26 11:00:00,10513.0,10301.343
2010-12-26 12:00:00,10549.0,10469.1045
2010-12-26 13:00:00,10547.0,10518.191
2010-12-26 14:00:00,10610.0,10441.789
2010-12-26 15:00:00,10708.0,10572.858
2010-12-26 16:00:00,10845.0,10933.839
2010-12-26 17:00:00,11722.0,11562.148
2010-12-26 18:00:00,12552.0,12492.647
2010-12-26 19:00:00,12588.0,12617.5205
2010-12-26 20:00:00,12587.0,12462.974
2010-12-26 21:00:00,12415.0,12293.195
2010-12-26 22:00:00,12098.0,11978.865
2010-12-26 23:00:00,11508.0,11482.141
2010-12-27 00:00:00,10860.0,10841.273
2010-12-27 01:00:00,10355.0,10319.185
2010-12-27 02:00:00,10130.0,10026.614
2010-12-27 03:00:00,9977.0,9888.616
2010-12-27 04:00:00,10096.0,9927.596
2010-12-27 05:00:00,10312.0,10197.986
2010-12-27 06:00:00,10892.0,10853.689
2010-12-27 07:00:00,11701.0,11738.234
2010-12-27 08:00:00,12150.0,12377.979
2010-12-27 09:00:00,12245.0,12408.26
2010-12-27 10:00:00,12398.0,12397.211
2010-12-27 11:00:00,12484.0,12462.383
2010-12-27 12:00:00,12511.0,12525.941
2010-12-27 13:00:00,12471.0,12484.629
2010-12-27 14:00:00,12447.0,12482.651
2010-12-27 15:00:00,12402.0,12358.729
2010-12-27 16:00:00,12475.0,12481.857
2010-12-27 17:00:00,13299.0,13321.132
2010-12-27 18:00:00,14270.0,13974.484
2010-12-27 19:00:00,14187.0,14261.167
2010-12-27 20:00:00,14024.0,13983.19
2010-12-27 21:00:00,13770.0,13718.549
2010-12-27 22:00:00,13345.0,13200.51
2010-12-27 23:00:00,12581.0,12396.917
2010-12-28 00:00:00,11782.0,11623.86
2010-12-28 01:00:00,11216.0,11028.499
2010-12-28 02:00:00,10888.0,10825.479
2010-12-28 03:00:00,10700.0,10674.254
2010-12-28 04:00:00,10660.0,10613.728
2010-12-28 05:00:00,10839.0,10820.563
2010-12-28 06:00:00,11377.0,11389.9
2010-12-28 07:00:00,12236.0,12128.419
2010-12-28 08:00:00,12704.0,12865.287
2010-12-28 09:00:00,12934.0,12917.588
2010-12-28 10:00:00,13001.0,12983.551
2010-12-28 11:00:00,12944.0,13033.836
2010-12-28 12:00:00,12862.0,12840.64
2010-12-28 13:00:00,12710.0,12797.007
2010-12-28 14:00:00,12598.0,12668.954
2010-12-28 15:00:00,12478.0,12501.647
2010-12-28 16:00:00,12526.0,12574.557
2010-12-28 17:00:00,13337.0,13390.109
2010-12-28 18:00:00,14228.0,14105.13
2010-12-28 19:00:00,14120.0,14282.97
2010-12-28 20:00:00,13915.0,13910.447
2010-12-28 21:00:00,13677.0,13617.299
2010-12-28 22:00:00,13216.0,13102.889
2010-12-28 23:00:00,12370.0,12291.944
2010-12-29 00:00:00,11543.0,11439.564
2010-12-29 01:00:00,10946.0,10918.888
2010-12-29 02:00:00,10598.0,10571.195
2010-12-29 03:00:00,10406.0,10423.326
2010-12-29 04:00:00,10392.0,10340.597
2010-12-29 05:00:00,10635.0,10546.169
2010-12-29 06:00:00,11201.0,11295.023
2010-12-29 07:00:00,12085.0,12221.659
2010-12-29 08:00:00,12519.0,12594.043
2010-12-29 09:00:00,12660.0,12736.597
2010-12-29 10:00:00,12666.0,12680.368
2010-12-29 11:00:00,12598.0,12761.992
2010-12-29 12:00:00,12483.0,12494.62
2010-12-29 13:00:00,12328.0,12394.847
2010-12-29 14:00:00,12263.0,12252.053
2010-12-29 15:00:00,12206.0,12194.845
2010-12-29 16:00:00,12370.0,12289.651
2010-12-29 17:00:00,13254.0,13325.344
2010-12-29 18:00:00,13866.0,13961.203
2010-12-29 19:00:00,13631.0,13801.227
2010-12-29 20:00:00,13402.0,13403.011
2010-12-29 21:00:00,13105.0,13106.076
2010-12-29 22:00:00,12570.0,12566.755
2010-12-29 23:00:00,11753.0,11719.093
2010-12-30 00:00:00,10891.0,10953.93
2010-12-30 01:00:00,10220.0,10274.532
2010-12-30 02:00:00,9834.0,9836.509
2010-12-30 03:00:00,9567.0,9625.567
2010-12-30 04:00:00,9509.0,9464.56
2010-12-30 05:00:00,9667.0,9597.801
2010-12-30 06:00:00,10181.0,10158.987
2010-12-30 07:00:00,10953.0,10928.415
2010-12-30 08:00:00,11457.0,11642.988
2010-12-30 09:00:00,11725.0,11696.523
2010-12-30 10:00:00,11955.0,11942.319
2010-12-30 11:00:00,12138.0,12107.329
2010-12-30 12:00:00,12141.0,12137.724
2010-12-30 13:00:00,12050.0,12087.577
2010-12-30 14:00:00,12006.0,12035.488
2010-12-30 15:00:00,11917.0,11995.003
2010-12-30 16:00:00,11982.0,11952.745
2010-12-30 17:00:00,12635.0,12812.28
2010-12-30 18:00:00,13069.0,13236.183
2010-12-30 19:00:00,12816.0,12948.581
2010-12-30 20:00:00,12547.0,12562.701
2010-12-30 21:00:00,12202.0,12303.258
2010-12-30 22:00:00,11709.0,11756.854
2010-12-30 23:00:00,10929.0,10994.582
2010-12-31 00:00:00,10113.0,10113.166
2010-12-31 01:00:00,9446.0,9509.803
2010-12-31 02:00:00,9031.0,9076.809
2010-12-31 03:00:00,8763.0,8813.513
2010-12-31 04:00:00,8634.0,8661.557
2010-12-31 05:00:00,8713.0,8688.541
2010-12-31 06:00:00,9046.0,9043.574
2010-12-31 07:00:00,9548.0,9771.927
2010-12-31 08:00:00,9921.0,10193.212
2010-12-31 09:00:00,10004.0,10456.709
2010-12-31 10:00:00,10182.0,10253.984
2010-12-31 11:00:00,10236.0,10266.385
2010-12-31 12:00:00,10283.0,10161.95
2010-12-31 13:00:00,10371.0,10074.149
2010-12-31 14:00:00,10564.0,10176.24
2010-12-31 15:00:00,10587.0,10510.587
2010-12-31 16:00:00,10514.0,10671.766
2010-12-31 17:00:00,10990.0,11021.175
2010-12-31 18:00:00,11735.0,11452.837
2010-12-31 19:00:00,11585.0,11807.694
2010-12-31 20:00:00,11243.0,11304.823
2010-12-31 21:00:00,10825.0,11013.052
2010-12-31 22:00:00,10511.0,10614.571
2010-12-31 23:00:00,10042.0,10138.323
